GCIN,season,their_label,n,r2_lin,label_seq,group
3494,dormant,intermediate,156.0,0.6022695418152805,intermediate,EMDNA-like inputs (491)
3495,dormant,complex,310.0,0.3719669639587583,complex,EMDNA-like inputs (491)
3496,dormant,intermediate,300.0,0.5637345068078884,intermediate,EMDNA-like inputs (491)
3497,dormant,intermediate,150.0,0.4622903673919242,complex,EMDNA-like inputs (491)
3498,dormant,intermediate,297.0,0.5224862466267043,intermediate,EMDNA-like inputs (491)
3499,dormant,intermediate,138.0,0.5366308681495959,intermediate,EMDNA-like inputs (491)
3500,dormant,intermediate,198.0,0.5528082302516125,intermediate,EMDNA-like inputs (491)
3501,dormant,intermediate,141.0,0.601633730835545,intermediate,EMDNA-like inputs (491)
3502,dormant,intermediate,389.0,0.6214360462150105,intermediate,EMDNA-like inputs (491)
3503,dormant,intermediate,379.0,0.5704518080396728,intermediate,EMDNA-like inputs (491)
3504,dormant,intermediate,389.0,0.5494056847178284,intermediate,EMDNA-like inputs (491)
3505,dormant,complex,34.0,0.21401021806615406,complex,EMDNA-like inputs (491)
3506,dormant,intermediate,16.0,0.20801824871597624,complex,EMDNA-like inputs (491)
3507,dormant,complex,238.0,0.34055351087125413,complex,EMDNA-like inputs (491)
3508,dormant,complex,59.0,0.29433365482958884,intermediate,EMDNA-like inputs (491)
3509,dormant,intermediate,73.0,0.6863427511743496,intermediate,EMDNA-like inputs (491)
3510,dormant,complex,32.0,0.007535889539994389,complex,EMDNA-like inputs (491)
3511,dormant,intermediate,124.0,0.3725253142658881,complex,EMDNA-like inputs (491)
3512,dormant,complex,30.0,0.0947344278489587,complex,EMDNA-like inputs (491)
3513,dormant,complex,142.0,0.4126486834220492,intermediate,EMDNA-like inputs (491)
3514,dormant,complex,209.0,0.36451303020724,complex,EMDNA-like inputs (491)
3515,dormant,intermediate,91.0,0.4866258295222217,complex,EMDNA-like inputs (491)
3516,dormant,complex,15.0,0.1172524278856438,complex,EMDNA-like inputs (491)
3517,dormant,intermediate,86.0,0.6949730284479347,intermediate,EMDNA-like inputs (491)
3518,dormant,intermediate,20.0,0.49531172167052423,intermediate,EMDNA-like inputs (491)
3519,dormant,complex,168.0,0.35724497014518247,complex,EMDNA-like inputs (491)
3520,dormant,complex,91.0,0.34129449873221646,complex,EMDNA-like inputs (491)
3521,dormant,complex,141.0,0.25405487049799996,complex,EMDNA-like inputs (491)
3522,dormant,intermediate,23.0,0.20376386556908518,complex,EMDNA-like inputs (491)
3523,dormant,intermediate,81.0,0.6220841060014047,intermediate,EMDNA-like inputs (491)
3524,dormant,intermediate,56.0,0.49980274719321466,complex,EMDNA-like inputs (491)
3525,dormant,intermediate,181.0,0.6932233797253429,intermediate,EMDNA-like inputs (491)
3526,dormant,intermediate,370.0,0.7170512350833512,intermediate,EMDNA-like inputs (491)
3527,dormant,intermediate,426.0,0.6149664279379898,intermediate,EMDNA-like inputs (491)
3528,dormant,intermediate,313.0,0.5883950179754965,intermediate,EMDNA-like inputs (491)
3529,dormant,intermediate,89.0,0.6805130107946057,intermediate,EMDNA-like inputs (491)
3530,dormant,intermediate,373.0,0.6486763803441465,intermediate,EMDNA-like inputs (491)
3531,dormant,complex,331.0,0.4321496096818739,complex,EMDNA-like inputs (491)
3532,dormant,intermediate,148.0,0.48754102775374347,complex,EMDNA-like inputs (491)
3533,dormant,intermediate,403.0,0.6418924520947081,intermediate,EMDNA-like inputs (491)
3534,dormant,complex,141.0,0.5964505310280553,intermediate,EMDNA-like inputs (491)
3535,dormant,intermediate,47.0,0.755518976863452,simple,EMDNA-like inputs (491)
3536,dormant,intermediate,481.0,0.6352272542768422,intermediate,EMDNA-like inputs (491)
3537,dormant,intermediate,458.0,0.5276546282783867,intermediate,EMDNA-like inputs (491)
3538,dormant,intermediate,101.0,0.819352905953893,simple,EMDNA-like inputs (491)
3539,dormant,intermediate,160.0,0.6867511101356795,intermediate,EMDNA-like inputs (491)
3540,dormant,intermediate,307.0,0.5277902010500658,intermediate,EMDNA-like inputs (491)
3541,dormant,intermediate,232.0,0.6053569429561084,intermediate,EMDNA-like inputs (491)
3542,dormant,complex,23.0,0.3952039268291586,complex,EMDNA-like inputs (491)
3543,dormant,complex,296.0,0.42922586537213164,complex,EMDNA-like inputs (491)
3544,dormant,intermediate,158.0,0.6128294858112704,intermediate,EMDNA-like inputs (491)
3545,dormant,intermediate,171.0,0.6172189089259162,intermediate,EMDNA-like inputs (491)
3546,dormant,intermediate,434.0,0.6371816016529157,intermediate,EMDNA-like inputs (491)
3547,dormant,intermediate,408.0,0.5417866322179747,intermediate,EMDNA-like inputs (491)
3548,dormant,intermediate,111.0,0.5393114616464902,intermediate,EMDNA-like inputs (491)
3549,dormant,intermediate,225.0,0.6086288487553688,intermediate,EMDNA-like inputs (491)
3550,dormant,intermediate,227.0,0.4325585137933553,complex,EMDNA-like inputs (491)
3551,dormant,intermediate,151.0,0.6380026756695887,intermediate,EMDNA-like inputs (491)
3552,dormant,intermediate,409.0,0.6161793038170182,intermediate,EMDNA-like inputs (491)
3553,dormant,intermediate,337.0,0.6963177265699325,intermediate,EMDNA-like inputs (491)
3554,dormant,intermediate,138.0,0.41559040269408704,complex,EMDNA-like inputs (491)
3555,dormant,intermediate,320.0,0.6143150771021245,intermediate,EMDNA-like inputs (491)
3556,dormant,intermediate,361.0,0.6569044439419578,intermediate,EMDNA-like inputs (491)
3557,dormant,simple,412.0,0.7282938228657337,intermediate,EMDNA-like inputs (491)
3558,dormant,intermediate,136.0,0.5392340088012183,intermediate,EMDNA-like inputs (491)
3559,dormant,intermediate,401.0,0.6525611127538795,intermediate,EMDNA-like inputs (491)
3560,dormant,intermediate,432.0,0.7059127747902968,intermediate,EMDNA-like inputs (491)
3561,dormant,intermediate,86.0,0.5405417172528593,intermediate,EMDNA-like inputs (491)
3562,dormant,intermediate,158.0,0.5792427184988193,intermediate,EMDNA-like inputs (491)
3563,dormant,intermediate,109.0,0.4923938079405302,complex,EMDNA-like inputs (491)
3564,dormant,intermediate,374.0,0.5723786657354478,intermediate,EMDNA-like inputs (491)
3565,dormant,intermediate,312.0,0.5863681779779456,intermediate,EMDNA-like inputs (491)
3566,dormant,intermediate,144.0,0.6040666936366367,intermediate,EMDNA-like inputs (491)
3567,dormant,intermediate,395.0,0.6555358497879894,intermediate,EMDNA-like inputs (491)
3568,dormant,intermediate,401.0,0.6317645005868358,intermediate,EMDNA-like inputs (491)
3569,dormant,intermediate,125.0,0.5420301117906309,intermediate,EMDNA-like inputs (491)
3570,dormant,intermediate,318.0,0.6085410153586127,intermediate,EMDNA-like inputs (491)
3571,dormant,intermediate,394.0,0.6429790787883777,intermediate,EMDNA-like inputs (491)
3572,dormant,intermediate,138.0,0.5974469257894675,intermediate,EMDNA-like inputs (491)
3573,dormant,intermediate,314.0,0.6535112173681344,intermediate,EMDNA-like inputs (491)
3574,dormant,intermediate,326.0,0.6356305542006626,intermediate,EMDNA-like inputs (491)
3575,dormant,simple,123.0,0.6704141605413729,intermediate,EMDNA-like inputs (491)
3576,dormant,simple,68.0,0.7538951371283283,simple,EMDNA-like inputs (491)
3577,dormant,intermediate,55.0,0.6208222881639709,intermediate,EMDNA-like inputs (491)
3578,dormant,intermediate,193.0,0.5541641031219193,intermediate,EMDNA-like inputs (491)
3579,dormant,intermediate,413.0,0.5909409571317054,intermediate,EMDNA-like inputs (491)
3580,dormant,intermediate,102.0,0.5441045180349925,intermediate,EMDNA-like inputs (491)
3581,dormant,intermediate,207.0,0.6575627876721475,intermediate,EMDNA-like inputs (491)
3582,dormant,intermediate,465.0,0.49169229008246423,complex,EMDNA-like inputs (491)
3583,dormant,intermediate,443.0,0.6093631001206036,intermediate,EMDNA-like inputs (491)
3584,dormant,intermediate,356.0,0.6619298895628353,intermediate,EMDNA-like inputs (491)
3585,dormant,intermediate,37.0,0.7106941013939166,intermediate,EMDNA-like inputs (491)
3586,dormant,intermediate,187.0,0.5438266572437628,intermediate,EMDNA-like inputs (491)
3587,dormant,intermediate,237.0,0.6738751313911687,intermediate,EMDNA-like inputs (491)
3588,dormant,intermediate,196.0,0.6252301818143051,intermediate,EMDNA-like inputs (491)
3589,dormant,intermediate,354.0,0.7451589710796197,intermediate,EMDNA-like inputs (491)
3590,dormant,intermediate,334.0,0.6229921761291252,intermediate,EMDNA-like inputs (491)
3591,dormant,complex,134.0,0.49438421690936546,complex,EMDNA-like inputs (491)
3592,dormant,simple,66.0,0.8142621008554192,simple,EMDNA-like inputs (491)
3593,dormant,simple,290.0,0.728586193029195,intermediate,EMDNA-like inputs (491)
3594,dormant,simple,406.0,0.7505747117824697,simple,EMDNA-like inputs (491)
3595,dormant,intermediate,248.0,0.5530738146253497,intermediate,EMDNA-like inputs (491)
3596,dormant,intermediate,108.0,0.7031106498000517,intermediate,EMDNA-like inputs (491)
3597,dormant,intermediate,417.0,0.5567675790847022,intermediate,EMDNA-like inputs (491)
3598,dormant,complex,394.0,0.3314746338261455,complex,EMDNA-like inputs (491)
3599,dormant,intermediate,297.0,0.5526645520491225,intermediate,EMDNA-like inputs (491)
3600,dormant,intermediate,203.0,0.45748262805492373,complex,EMDNA-like inputs (491)
3601,dormant,intermediate,287.0,0.6689107157448531,intermediate,EMDNA-like inputs (491)
3602,dormant,intermediate,188.0,0.6104822976740283,intermediate,EMDNA-like inputs (491)
3603,dormant,intermediate,295.0,0.5667464951939474,intermediate,EMDNA-like inputs (491)
3604,dormant,intermediate,331.0,0.6044767721322204,intermediate,EMDNA-like inputs (491)
3605,dormant,intermediate,117.0,0.5009268961367215,intermediate,EMDNA-like inputs (491)
3606,dormant,simple,51.0,0.6296921760193978,intermediate,EMDNA-like inputs (491)
3607,dormant,intermediate,91.0,0.7030932882777807,intermediate,EMDNA-like inputs (491)
3608,dormant,intermediate,96.0,0.7164178624692985,intermediate,EMDNA-like inputs (491)
3609,dormant,intermediate,394.0,0.6254675328793088,intermediate,EMDNA-like inputs (491)
3610,dormant,intermediate,102.0,0.6643868370533916,intermediate,EMDNA-like inputs (491)
3611,dormant,intermediate,187.0,0.49665332971662746,complex,EMDNA-like inputs (491)
3612,dormant,intermediate,433.0,0.6335550921234627,intermediate,EMDNA-like inputs (491)
3613,dormant,intermediate,149.0,0.7486165124167065,intermediate,EMDNA-like inputs (491)
3614,dormant,intermediate,224.0,0.6233643769588455,intermediate,EMDNA-like inputs (491)
3615,dormant,intermediate,275.0,0.5976033145703507,intermediate,EMDNA-like inputs (491)
3616,dormant,complex,234.0,0.4155065866178755,complex,EMDNA-like inputs (491)
3617,dormant,complex,42.0,0.4454537359490824,complex,EMDNA-like inputs (491)
3618,dormant,intermediate,182.0,0.654902859550839,intermediate,EMDNA-like inputs (491)
3619,dormant,intermediate,41.0,0.7022627158567517,intermediate,EMDNA-like inputs (491)
3620,dormant,intermediate,219.0,0.6329045559659443,intermediate,EMDNA-like inputs (491)
3621,dormant,intermediate,435.0,0.5800786349075095,intermediate,EMDNA-like inputs (491)
3622,dormant,complex,408.0,0.5363111817877563,intermediate,EMDNA-like inputs (491)
3623,dormant,simple,34.0,0.8267153132969999,simple,EMDNA-like inputs (491)
3624,dormant,intermediate,408.0,0.6062888185841162,intermediate,EMDNA-like inputs (491)
3625,dormant,intermediate,381.0,0.6742648224041468,intermediate,EMDNA-like inputs (491)
3626,dormant,intermediate,203.0,0.7079297134674934,intermediate,EMDNA-like inputs (491)
3627,dormant,intermediate,327.0,0.6231540606149771,intermediate,EMDNA-like inputs (491)
3628,dormant,intermediate,340.0,0.434273953837766,complex,EMDNA-like inputs (491)
3629,dormant,intermediate,80.0,0.5740397683888714,intermediate,EMDNA-like inputs (491)
3630,dormant,intermediate,27.0,0.31534568558369214,complex,EMDNA-like inputs (491)
3631,dormant,intermediate,413.0,0.5332537712714555,intermediate,EMDNA-like inputs (491)
3632,dormant,complex,110.0,0.5046587588238347,intermediate,EMDNA-like inputs (491)
3633,dormant,intermediate,444.0,0.614137233825885,intermediate,EMDNA-like inputs (491)
3634,dormant,intermediate,83.0,0.6218416380491812,intermediate,EMDNA-like inputs (491)
3635,dormant,intermediate,272.0,0.5351241998268925,intermediate,EMDNA-like inputs (491)
3636,dormant,intermediate,261.0,0.5389673336257638,intermediate,EMDNA-like inputs (491)
3637,dormant,intermediate,373.0,0.6071520261057899,intermediate,EMDNA-like inputs (491)
3638,dormant,intermediate,220.0,0.5697983040956418,intermediate,EMDNA-like inputs (491)
3639,dormant,intermediate,202.0,0.49464685320481355,complex,EMDNA-like inputs (491)
3640,dormant,intermediate,422.0,0.5863224755523254,intermediate,EMDNA-like inputs (491)
3641,dormant,intermediate,,,,EMDNA-like inputs (491)
3642,dormant,intermediate,225.0,0.4845521728537484,complex,EMDNA-like inputs (491)
3643,dormant,intermediate,414.0,0.5495518085104153,intermediate,EMDNA-like inputs (491)
3644,dormant,intermediate,424.0,0.5671209377825874,intermediate,EMDNA-like inputs (491)
3645,dormant,complex,61.0,0.6784876788084556,intermediate,EMDNA-like inputs (491)
3646,dormant,complex,34.0,0.08332482686948438,complex,EMDNA-like inputs (491)
3647,dormant,intermediate,397.0,0.5093875772512584,intermediate,EMDNA-like inputs (491)
3648,dormant,complex,269.0,0.4193923849391017,complex,EMDNA-like inputs (491)
3649,dormant,intermediate,478.0,0.49276054995007673,complex,EMDNA-like inputs (491)
3650,dormant,intermediate,78.0,0.4015209825680746,complex,EMDNA-like inputs (491)
3651,dormant,intermediate,381.0,0.5202310731694582,intermediate,EMDNA-like inputs (491)
3652,dormant,intermediate,272.0,0.5518858642201268,intermediate,EMDNA-like inputs (491)
3653,dormant,intermediate,274.0,0.6050465440494943,intermediate,EMDNA-like inputs (491)
3654,dormant,intermediate,162.0,0.5761619735620971,intermediate,EMDNA-like inputs (491)
3655,dormant,intermediate,324.0,0.6556921669254495,intermediate,EMDNA-like inputs (491)
3656,dormant,intermediate,433.0,0.5913014765789693,intermediate,EMDNA-like inputs (491)
3657,dormant,intermediate,398.0,0.6417764564803139,intermediate,EMDNA-like inputs (491)
3658,dormant,intermediate,188.0,0.6444510378917301,intermediate,EMDNA-like inputs (491)
3659,dormant,intermediate,30.0,0.5446170408666829,intermediate,EMDNA-like inputs (491)
3660,dormant,intermediate,309.0,0.6726503396773027,intermediate,EMDNA-like inputs (491)
3661,dormant,intermediate,406.0,0.656680541371001,intermediate,EMDNA-like inputs (491)
3662,dormant,intermediate,428.0,0.66292063754826,intermediate,EMDNA-like inputs (491)
3663,dormant,intermediate,412.0,0.6637818939268026,intermediate,EMDNA-like inputs (491)
3664,dormant,intermediate,405.0,0.6507256740256446,intermediate,EMDNA-like inputs (491)
3665,dormant,intermediate,432.0,0.6710050135147994,intermediate,EMDNA-like inputs (491)
3666,dormant,intermediate,217.0,0.5791656158396725,intermediate,EMDNA-like inputs (491)
3667,dormant,intermediate,356.0,0.6278492137698453,intermediate,EMDNA-like inputs (491)
3668,dormant,intermediate,87.0,0.64946471812466,intermediate,EMDNA-like inputs (491)
3669,dormant,intermediate,213.0,0.5963301805704837,intermediate,EMDNA-like inputs (491)
3670,dormant,intermediate,118.0,0.6518434068551284,intermediate,EMDNA-like inputs (491)
3671,dormant,intermediate,297.0,0.6792937961253781,intermediate,EMDNA-like inputs (491)
3672,dormant,intermediate,152.0,0.6621893026045533,intermediate,EMDNA-like inputs (491)
3673,dormant,simple,399.0,0.6799532865509619,intermediate,EMDNA-like inputs (491)
3674,dormant,simple,413.0,0.6867012230923261,intermediate,EMDNA-like inputs (491)
3675,dormant,simple,414.0,0.7050003364045428,intermediate,EMDNA-like inputs (491)
3676,dormant,intermediate,109.0,0.6364338100188587,intermediate,EMDNA-like inputs (491)
3677,dormant,intermediate,364.0,0.6262938515130498,intermediate,EMDNA-like inputs (491)
3678,dormant,intermediate,466.0,0.6375468358708447,intermediate,EMDNA-like inputs (491)
3679,dormant,intermediate,227.0,0.5692258754924964,intermediate,EMDNA-like inputs (491)
3680,dormant,intermediate,244.0,0.6283264731504898,intermediate,EMDNA-like inputs (491)
3681,dormant,intermediate,396.0,0.6568104461544204,intermediate,EMDNA-like inputs (491)
3682,dormant,simple,245.0,0.6307738211698298,intermediate,EMDNA-like inputs (491)
3683,dormant,intermediate,215.0,0.5272923027436698,intermediate,EMDNA-like inputs (491)
3684,dormant,intermediate,107.0,0.5828663693464328,intermediate,EMDNA-like inputs (491)
3685,dormant,intermediate,122.0,0.5910732590997152,intermediate,EMDNA-like inputs (491)
3686,dormant,intermediate,296.0,0.6376627143399477,intermediate,EMDNA-like inputs (491)
3687,dormant,simple,168.0,0.7311607617218202,intermediate,EMDNA-like inputs (491)
3688,dormant,simple,153.0,0.7612646666095555,simple,EMDNA-like inputs (491)
3689,dormant,intermediate,222.0,0.6395344988694598,intermediate,EMDNA-like inputs (491)
3690,dormant,intermediate,256.0,0.6642734799098502,intermediate,EMDNA-like inputs (491)
3691,dormant,simple,291.0,0.698431657634441,intermediate,EMDNA-like inputs (491)
3692,dormant,intermediate,273.0,0.5944897521096982,intermediate,EMDNA-like inputs (491)
3693,dormant,intermediate,190.0,0.6962384159474313,intermediate,EMDNA-like inputs (491)
3694,dormant,intermediate,91.0,0.7600827909682517,simple,EMDNA-like inputs (491)
3695,dormant,intermediate,261.0,0.7233007667190853,intermediate,EMDNA-like inputs (491)
3696,dormant,intermediate,85.0,0.6321651843231166,intermediate,EMDNA-like inputs (491)
3697,dormant,intermediate,198.0,0.5262808602664497,intermediate,EMDNA-like inputs (491)
3698,dormant,complex,37.0,0.31360942489558774,complex,EMDNA-like inputs (491)
3699,dormant,complex,258.0,0.21198510002304022,complex,EMDNA-like inputs (491)
3700,dormant,complex,98.0,0.41572032710255524,complex,EMDNA-like inputs (491)
3701,dormant,complex,219.0,0.5306270468603878,intermediate,EMDNA-like inputs (491)
3702,dormant,intermediate,314.0,0.5549347642485407,intermediate,EMDNA-like inputs (491)
3703,dormant,complex,251.0,0.4635660494173321,complex,EMDNA-like inputs (491)
3704,dormant,intermediate,87.0,0.44909013481202076,intermediate,EMDNA-like inputs (491)
3705,dormant,intermediate,199.0,0.45777993161925273,complex,EMDNA-like inputs (491)
3706,dormant,intermediate,230.0,0.49822165744027164,complex,EMDNA-like inputs (491)
3707,dormant,intermediate,239.0,0.5775112122003151,intermediate,EMDNA-like inputs (491)
3708,dormant,complex,229.0,0.3728715249384732,complex,EMDNA-like inputs (491)
3709,dormant,complex,102.0,0.010284802678734401,complex,EMDNA-like inputs (491)
3710,dormant,complex,32.0,0.19764191085712024,complex,EMDNA-like inputs (491)
3711,dormant,complex,148.0,0.18780238592256743,complex,EMDNA-like inputs (491)
3712,dormant,complex,131.0,0.1347565448175751,complex,EMDNA-like inputs (491)
3713,dormant,complex,67.0,0.24231102441310037,complex,EMDNA-like inputs (491)
3714,dormant,complex,211.0,0.33221011871369993,complex,EMDNA-like inputs (491)
3715,dormant,complex,217.0,0.42956889886653005,complex,EMDNA-like inputs (491)
3716,dormant,intermediate,268.0,0.466436046741689,complex,EMDNA-like inputs (491)
3717,dormant,complex,81.0,0.4914167577166381,complex,EMDNA-like inputs (491)
3718,dormant,intermediate,224.0,0.47837958840789413,complex,EMDNA-like inputs (491)
3719,dormant,complex,273.0,0.4316472543646722,complex,EMDNA-like inputs (491)
3720,dormant,complex,32.0,0.12298843273619395,complex,EMDNA-like inputs (491)
3721,dormant,complex,210.0,0.382045254561455,complex,EMDNA-like inputs (491)
3722,dormant,complex,92.0,0.4986978205438919,complex,EMDNA-like inputs (491)
3723,dormant,intermediate,51.0,0.5324556255993311,intermediate,EMDNA-like inputs (491)
3724,dormant,intermediate,186.0,0.610029152420353,intermediate,EMDNA-like inputs (491)
3725,dormant,complex,93.0,0.4821747513291038,complex,EMDNA-like inputs (491)
3726,dormant,intermediate,175.0,0.6594857094126517,intermediate,EMDNA-like inputs (491)
3727,dormant,intermediate,306.0,0.6164057571631594,intermediate,EMDNA-like inputs (491)
3728,dormant,intermediate,128.0,0.45533539938039735,complex,EMDNA-like inputs (491)
3729,dormant,intermediate,115.0,0.5483436049271869,intermediate,EMDNA-like inputs (491)
3730,dormant,intermediate,256.0,0.6068392233186731,intermediate,EMDNA-like inputs (491)
3731,dormant,intermediate,98.0,0.7042719555759623,intermediate,EMDNA-like inputs (491)
3732,dormant,intermediate,104.0,0.7114694669204349,intermediate,EMDNA-like inputs (491)
3733,dormant,intermediate,214.0,0.5657635032705173,intermediate,EMDNA-like inputs (491)
3734,dormant,complex,129.0,0.5966785095173336,intermediate,EMDNA-like inputs (491)
3735,dormant,intermediate,106.0,0.5707685338414042,intermediate,EMDNA-like inputs (491)
3736,dormant,complex,40.0,0.0004668830666884503,complex,EMDNA-like inputs (491)
3737,dormant,complex,29.0,0.7730689231487343,simple,EMDNA-like inputs (491)
3738,dormant,intermediate,129.0,0.4297491292306693,complex,EMDNA-like inputs (491)
3739,dormant,complex,116.0,0.4612029218754216,complex,EMDNA-like inputs (491)
3740,dormant,complex,35.0,0.4882910123528997,complex,EMDNA-like inputs (491)
3741,dormant,complex,241.0,0.44334667731197286,complex,EMDNA-like inputs (491)
3742,dormant,intermediate,89.0,0.5464686507507803,intermediate,EMDNA-like inputs (491)
3743,dormant,intermediate,188.0,0.6319267970696638,intermediate,EMDNA-like inputs (491)
3744,dormant,intermediate,292.0,0.6355993936371158,intermediate,EMDNA-like inputs (491)
3745,dormant,intermediate,192.0,0.718000199821559,intermediate,EMDNA-like inputs (491)
3746,dormant,intermediate,379.0,0.7493642359631071,intermediate,EMDNA-like inputs (491)
3747,dormant,intermediate,365.0,0.6579827882289304,intermediate,EMDNA-like inputs (491)
3748,dormant,intermediate,209.0,0.6934704764359797,intermediate,EMDNA-like inputs (491)
3749,dormant,intermediate,236.0,0.5647942902372097,intermediate,EMDNA-like inputs (491)
3750,dormant,simple,104.0,0.7013723389188469,intermediate,EMDNA-like inputs (491)
3751,dormant,intermediate,142.0,0.6835609532658552,intermediate,EMDNA-like inputs (491)
3752,dormant,simple,125.0,0.7183672528181001,intermediate,EMDNA-like inputs (491)
3753,dormant,intermediate,309.0,0.6476272706101726,intermediate,EMDNA-like inputs (491)
3754,dormant,intermediate,390.0,0.7209133936603661,intermediate,EMDNA-like inputs (491)
3755,dormant,intermediate,194.0,0.6635348252654514,intermediate,EMDNA-like inputs (491)
3756,dormant,intermediate,121.0,0.6585366301515496,intermediate,EMDNA-like inputs (491)
3757,dormant,intermediate,236.0,0.6628459073425889,intermediate,EMDNA-like inputs (491)
3758,dormant,complex,195.0,0.46943800573966116,complex,EMDNA-like inputs (491)
3759,dormant,intermediate,125.0,0.5601106000143933,intermediate,EMDNA-like inputs (491)
3760,dormant,intermediate,265.0,0.725751451482291,intermediate,EMDNA-like inputs (491)
3761,dormant,intermediate,378.0,0.5549441060847253,intermediate,EMDNA-like inputs (491)
3762,dormant,complex,55.0,0.40560669675240574,complex,EMDNA-like inputs (491)
3763,dormant,intermediate,147.0,0.49382607748582175,complex,EMDNA-like inputs (491)
3764,dormant,intermediate,75.0,0.5225581638694325,intermediate,EMDNA-like inputs (491)
3765,dormant,complex,94.0,0.7151588899561053,intermediate,EMDNA-like inputs (491)
3766,dormant,complex,115.0,0.4249013929888565,complex,EMDNA-like inputs (491)
3767,dormant,complex,84.0,0.21727923232497326,complex,EMDNA-like inputs (491)
3768,dormant,complex,126.0,0.3968429903686466,complex,EMDNA-like inputs (491)
3769,dormant,complex,144.0,0.45949018010654347,complex,EMDNA-like inputs (491)
3770,dormant,complex,159.0,0.2551470884697832,complex,EMDNA-like inputs (491)
3771,dormant,complex,142.0,0.20054123621264047,complex,EMDNA-like inputs (491)
3772,dormant,complex,292.0,0.4281910799545692,complex,EMDNA-like inputs (491)
3773,dormant,complex,76.0,0.17311303046132878,complex,EMDNA-like inputs (491)
3774,dormant,complex,90.0,0.26017024761299606,complex,EMDNA-like inputs (491)
3775,dormant,complex,75.0,0.3385616119727787,complex,EMDNA-like inputs (491)
3776,dormant,complex,81.0,0.06688950035720509,complex,EMDNA-like inputs (491)
3777,dormant,complex,139.0,0.2960291119251985,complex,EMDNA-like inputs (491)
3778,dormant,complex,33.0,0.4516527933698644,complex,EMDNA-like inputs (491)
3779,dormant,complex,155.0,0.23309483144524099,complex,EMDNA-like inputs (491)
3780,dormant,complex,123.0,0.3037605757171389,complex,EMDNA-like inputs (491)
3781,dormant,intermediate,74.0,0.7105208158065678,intermediate,EMDNA-like inputs (491)
3782,dormant,complex,180.0,0.5132716303566575,intermediate,EMDNA-like inputs (491)
3783,dormant,intermediate,85.0,0.4581307681779372,intermediate,EMDNA-like inputs (491)
3784,dormant,complex,102.0,0.32942392094961626,complex,EMDNA-like inputs (491)
3785,dormant,intermediate,123.0,0.44978587818114896,complex,EMDNA-like inputs (491)
3786,dormant,complex,67.0,0.4376291861587626,complex,EMDNA-like inputs (491)
3787,dormant,intermediate,358.0,0.48608024251841075,complex,EMDNA-like inputs (491)
3788,dormant,complex,29.0,0.4177405043851561,complex,EMDNA-like inputs (491)
3789,dormant,complex,116.0,0.44310521736213665,complex,EMDNA-like inputs (491)
3790,dormant,intermediate,312.0,0.610749440107695,intermediate,EMDNA-like inputs (491)
3791,dormant,intermediate,301.0,0.7382289204199701,intermediate,EMDNA-like inputs (491)
3792,dormant,intermediate,358.0,0.6633282708101634,intermediate,EMDNA-like inputs (491)
3793,dormant,intermediate,257.0,0.7075499558897443,intermediate,EMDNA-like inputs (491)
3794,dormant,intermediate,221.0,0.49329805230524365,complex,EMDNA-like inputs (491)
3795,dormant,complex,177.0,0.3564972395628891,complex,EMDNA-like inputs (491)
3796,dormant,complex,393.0,0.42653044249360056,complex,EMDNA-like inputs (491)
3797,dormant,intermediate,220.0,0.5886307115606242,intermediate,EMDNA-like inputs (491)
3798,dormant,complex,136.0,0.30088398599487826,complex,EMDNA-like inputs (491)
3799,dormant,simple,36.0,0.7476384395435038,intermediate,EMDNA-like inputs (491)
3800,dormant,complex,124.0,0.46820901392391095,complex,EMDNA-like inputs (491)
3801,dormant,intermediate,257.0,0.5568446740825908,intermediate,EMDNA-like inputs (491)
3802,dormant,complex,293.0,0.4763776787731097,complex,EMDNA-like inputs (491)
3803,dormant,complex,323.0,0.4805215092659426,complex,EMDNA-like inputs (491)
3804,dormant,complex,212.0,0.3426447784896791,complex,EMDNA-like inputs (491)
3805,dormant,simple,18.0,0.7726484466319687,simple,EMDNA-like inputs (491)
3806,dormant,simple,29.0,0.9076620424934214,simple,EMDNA-like inputs (491)
3807,dormant,intermediate,40.0,0.7621779488341212,simple,EMDNA-like inputs (491)
3808,dormant,complex,75.0,0.27130793205191417,complex,EMDNA-like inputs (491)
3809,dormant,complex,64.0,0.3138119495809058,complex,EMDNA-like inputs (491)
3810,dormant,intermediate,147.0,0.5379324331472104,intermediate,EMDNA-like inputs (491)
3811,dormant,complex,127.0,0.4696774382082102,complex,EMDNA-like inputs (491)
3812,dormant,complex,58.0,0.46299479269269095,complex,EMDNA-like inputs (491)
3813,dormant,intermediate,58.0,0.6584997648076218,intermediate,EMDNA-like inputs (491)
3814,dormant,intermediate,223.0,0.6054951998714665,intermediate,EMDNA-like inputs (491)
3815,dormant,complex,157.0,0.39104633514199444,complex,EMDNA-like inputs (491)
3816,dormant,complex,200.0,0.24153932020673544,complex,EMDNA-like inputs (491)
3817,dormant,intermediate,157.0,0.5056705473602722,intermediate,EMDNA-like inputs (491)
3818,dormant,intermediate,88.0,0.5788828565125433,intermediate,EMDNA-like inputs (491)
3819,dormant,complex,23.0,0.4884127860715237,complex,EMDNA-like inputs (491)
3820,dormant,complex,231.0,0.3158323864346948,complex,EMDNA-like inputs (491)
3821,dormant,intermediate,40.0,0.6666909427904282,intermediate,EMDNA-like inputs (491)
3822,dormant,intermediate,141.0,0.45618011818426,complex,EMDNA-like inputs (491)
3823,dormant,complex,,,,EMDNA-like inputs (491)
3824,dormant,complex,329.0,0.30919767600880593,complex,EMDNA-like inputs (491)
3825,dormant,complex,288.0,0.3832947120813546,complex,EMDNA-like inputs (491)
3826,dormant,complex,72.0,0.4858137785674288,complex,EMDNA-like inputs (491)
3827,dormant,complex,264.0,0.3232439443619962,complex,EMDNA-like inputs (491)
3828,dormant,complex,235.0,0.22201541252094686,complex,EMDNA-like inputs (491)
3829,dormant,intermediate,66.0,0.42310533518892723,intermediate,EMDNA-like inputs (491)
3830,dormant,complex,85.0,0.3190057622096514,complex,EMDNA-like inputs (491)
3831,dormant,complex,201.0,0.2806289263394455,complex,EMDNA-like inputs (491)
3832,dormant,complex,86.0,0.35238571236126026,complex,EMDNA-like inputs (491)
3833,dormant,complex,65.0,0.208377157099299,complex,EMDNA-like inputs (491)
3834,dormant,intermediate,59.0,0.5941388520791181,intermediate,EMDNA-like inputs (491)
3835,dormant,complex,265.0,0.4000952332611629,complex,EMDNA-like inputs (491)
3836,dormant,complex,59.0,0.4016364603702823,complex,EMDNA-like inputs (491)
3837,dormant,complex,226.0,0.3833879241449252,complex,EMDNA-like inputs (491)
3838,dormant,complex,316.0,0.44679883810623067,complex,EMDNA-like inputs (491)
3839,dormant,intermediate,307.0,0.5307188754064395,intermediate,EMDNA-like inputs (491)
3840,dormant,intermediate,224.0,0.7021342216965544,intermediate,EMDNA-like inputs (491)
3841,dormant,intermediate,165.0,0.6210822983949851,intermediate,EMDNA-like inputs (491)
3842,dormant,complex,316.0,0.4174827530843985,complex,EMDNA-like inputs (491)
3843,dormant,complex,311.0,0.3856360896036505,complex,EMDNA-like inputs (491)
3844,dormant,intermediate,326.0,0.4722052488186579,complex,EMDNA-like inputs (491)
3845,dormant,complex,195.0,0.36476028650230957,complex,EMDNA-like inputs (491)
3846,dormant,intermediate,281.0,0.586638947582368,intermediate,EMDNA-like inputs (491)
3847,dormant,intermediate,334.0,0.6076332711287811,intermediate,EMDNA-like inputs (491)
3848,dormant,complex,42.0,0.07597496850534954,complex,EMDNA-like inputs (491)
3849,dormant,complex,31.0,0.17815123508618205,complex,EMDNA-like inputs (491)
3850,dormant,intermediate,38.0,0.5780401122385038,intermediate,EMDNA-like inputs (491)
3851,dormant,complex,129.0,0.07418659641867757,complex,EMDNA-like inputs (491)
3852,dormant,complex,50.0,0.021932351206631544,complex,EMDNA-like inputs (491)
3853,dormant,complex,46.0,0.5056319299211207,intermediate,EMDNA-like inputs (491)
3854,dormant,complex,168.0,0.17777648522000167,complex,EMDNA-like inputs (491)
3855,dormant,complex,54.0,0.04124653810936204,complex,EMDNA-like inputs (491)
3856,dormant,complex,76.0,0.36838615884114856,complex,EMDNA-like inputs (491)
3857,dormant,complex,40.0,0.5685773558332453,intermediate,EMDNA-like inputs (491)
3858,dormant,intermediate,44.0,0.8292762948145542,simple,EMDNA-like inputs (491)
3859,dormant,complex,244.0,0.2504690558500852,complex,EMDNA-like inputs (491)
3860,dormant,complex,273.0,0.3058952451724963,complex,EMDNA-like inputs (491)
3861,dormant,complex,264.0,0.29814289950042977,complex,EMDNA-like inputs (491)
3862,dormant,complex,118.0,0.4402294481052068,complex,EMDNA-like inputs (491)
3863,dormant,complex,96.0,0.37871332479329284,complex,EMDNA-like inputs (491)
3864,dormant,complex,123.0,0.3025442734987079,complex,EMDNA-like inputs (491)
3865,dormant,complex,291.0,0.1457828379481052,complex,EMDNA-like inputs (491)
3866,dormant,complex,109.0,0.3740415631328854,complex,EMDNA-like inputs (491)
3867,dormant,complex,295.0,0.4920257620512468,complex,EMDNA-like inputs (491)
3868,dormant,complex,259.0,0.3287452040134285,complex,EMDNA-like inputs (491)
3869,dormant,complex,278.0,0.4108395763821873,complex,EMDNA-like inputs (491)
3870,dormant,complex,252.0,0.4877360882085513,complex,EMDNA-like inputs (491)
3871,dormant,intermediate,334.0,0.682089518260036,intermediate,EMDNA-like inputs (491)
3872,dormant,complex,128.0,0.3949265010011716,complex,EMDNA-like inputs (491)
3873,dormant,intermediate,108.0,0.4796324029119391,intermediate,EMDNA-like inputs (491)
3874,dormant,complex,119.0,0.23630397035370637,complex,EMDNA-like inputs (491)
3875,dormant,complex,24.0,0.03016957632468885,complex,EMDNA-like inputs (491)
3876,dormant,complex,56.0,0.22609905619199339,complex,EMDNA-like inputs (491)
3877,dormant,complex,63.0,0.16509689742779748,complex,EMDNA-like inputs (491)
3878,dormant,complex,37.0,0.20122688735852864,complex,EMDNA-like inputs (491)
3879,dormant,complex,90.0,0.2189830357774173,complex,EMDNA-like inputs (491)
3880,dormant,complex,25.0,0.2650712028231441,complex,EMDNA-like inputs (491)
3881,dormant,complex,227.0,0.3637064492443182,complex,EMDNA-like inputs (491)
3882,dormant,complex,175.0,0.17617968657150002,complex,EMDNA-like inputs (491)
3883,dormant,simple,38.0,0.7624139306543353,simple,EMDNA-like inputs (491)
3884,dormant,complex,68.0,0.30568976468696313,complex,EMDNA-like inputs (491)
3885,dormant,complex,160.0,0.2042081740746762,complex,EMDNA-like inputs (491)
3886,dormant,complex,210.0,0.33315235942451465,complex,EMDNA-like inputs (491)
3887,dormant,complex,229.0,0.3636598180601779,complex,EMDNA-like inputs (491)
3888,dormant,complex,243.0,0.3395648744032226,complex,EMDNA-like inputs (491)
3889,dormant,complex,200.0,0.34834507150292326,complex,EMDNA-like inputs (491)
3890,dormant,complex,275.0,0.38867526475527625,complex,EMDNA-like inputs (491)
3891,dormant,intermediate,151.0,0.5606790822497467,intermediate,EMDNA-like inputs (491)
3892,dormant,complex,246.0,0.4283050510890111,complex,EMDNA-like inputs (491)
3893,dormant,intermediate,381.0,0.6767194546584292,intermediate,EMDNA-like inputs (491)
3894,dormant,complex,96.0,0.14685168541388016,complex,EMDNA-like inputs (491)
3895,dormant,complex,138.0,0.39840013727377227,complex,EMDNA-like inputs (491)
3896,dormant,intermediate,289.0,0.43934978735783214,complex,EMDNA-like inputs (491)
3897,dormant,intermediate,360.0,0.6096634183833782,intermediate,EMDNA-like inputs (491)
3898,dormant,complex,149.0,0.5542915557146879,intermediate,EMDNA-like inputs (491)
3899,dormant,complex,319.0,0.40788967511940555,complex,EMDNA-like inputs (491)
3900,dormant,complex,193.0,0.3188577895853904,complex,EMDNA-like inputs (491)
3901,dormant,complex,124.0,0.1718586698339523,complex,EMDNA-like inputs (491)
3902,dormant,complex,119.0,0.34387807460115477,complex,EMDNA-like inputs (491)
3903,dormant,complex,155.0,0.42951064981305426,complex,EMDNA-like inputs (491)
3904,dormant,complex,205.0,0.45740258993895144,intermediate,EMDNA-like inputs (491)
3905,dormant,complex,203.0,0.5015612430212437,intermediate,EMDNA-like inputs (491)
3906,dormant,intermediate,151.0,0.6180290216290006,intermediate,EMDNA-like inputs (491)
3907,dormant,intermediate,73.0,0.5134902161387437,intermediate,EMDNA-like inputs (491)
3908,dormant,intermediate,201.0,0.5176216907310888,intermediate,EMDNA-like inputs (491)
3909,dormant,complex,,,,EMDNA-like inputs (491)
3910,dormant,complex,286.0,0.4995604757472803,complex,EMDNA-like inputs (491)
3911,dormant,complex,211.0,0.4140133106131402,complex,EMDNA-like inputs (491)
3912,dormant,complex,250.0,0.26939238705892765,complex,EMDNA-like inputs (491)
3913,dormant,intermediate,142.0,0.48791593229685015,complex,EMDNA-like inputs (491)
3914,dormant,complex,112.0,0.2681958992951784,complex,EMDNA-like inputs (491)
3915,dormant,intermediate,15.0,0.4785018018719554,intermediate,EMDNA-like inputs (491)
3916,dormant,intermediate,54.0,0.7097271579881796,intermediate,EMDNA-like inputs (491)
3917,dormant,complex,23.0,0.2984084214477573,complex,EMDNA-like inputs (491)
3918,dormant,intermediate,122.0,0.5862527850014319,intermediate,EMDNA-like inputs (491)
3919,dormant,intermediate,34.0,0.7176203033326688,intermediate,EMDNA-like inputs (491)
3920,dormant,complex,86.0,0.30599007721321425,complex,EMDNA-like inputs (491)
3921,dormant,intermediate,243.0,0.33829647172161775,complex,EMDNA-like inputs (491)
3922,dormant,complex,126.0,0.20374344349375706,complex,EMDNA-like inputs (491)
3923,dormant,complex,77.0,0.4446532597120561,complex,EMDNA-like inputs (491)
3924,dormant,complex,49.0,0.13601325296299066,complex,EMDNA-like inputs (491)
3925,dormant,complex,260.0,0.3818148995008847,complex,EMDNA-like inputs (491)
3926,dormant,complex,73.0,0.3183730163151414,complex,EMDNA-like inputs (491)
3927,dormant,complex,103.0,0.3824732378468068,complex,EMDNA-like inputs (491)
3928,dormant,intermediate,71.0,0.12896592184387387,complex,EMDNA-like inputs (491)
3929,dormant,complex,35.0,0.24605807682544384,complex,EMDNA-like inputs (491)
3930,dormant,complex,20.0,0.3266306581899808,complex,EMDNA-like inputs (491)
3931,dormant,complex,156.0,0.46328169251497003,complex,EMDNA-like inputs (491)
3932,dormant,intermediate,,,,EMDNA-like inputs (491)
3933,dormant,complex,19.0,0.16225519663851257,complex,EMDNA-like inputs (491)
3934,dormant,complex,166.0,0.3404160952313376,complex,EMDNA-like inputs (491)
3935,dormant,complex,,,,EMDNA-like inputs (491)
3936,dormant,complex,131.0,0.1954471764715883,complex,EMDNA-like inputs (491)
3937,dormant,complex,55.0,0.019327552952379524,complex,EMDNA-like inputs (491)
3938,dormant,intermediate,71.0,0.5338820316128574,intermediate,EMDNA-like inputs (491)
3939,dormant,complex,85.0,0.25072051206233276,complex,EMDNA-like inputs (491)
3940,dormant,complex,190.0,0.3874254411309261,complex,EMDNA-like inputs (491)
3941,dormant,intermediate,312.0,0.5405122084958695,intermediate,EMDNA-like inputs (491)
3942,dormant,complex,31.0,0.04924811063388991,complex,EMDNA-like inputs (491)
3943,dormant,intermediate,101.0,0.23359736485596283,complex,EMDNA-like inputs (491)
3944,dormant,complex,81.0,0.21301273589819048,complex,EMDNA-like inputs (491)
3945,dormant,complex,154.0,0.030460324628205436,complex,EMDNA-like inputs (491)
3946,dormant,complex,124.0,0.10120944283892415,complex,EMDNA-like inputs (491)
3947,dormant,complex,107.0,0.19177847756588784,complex,EMDNA-like inputs (491)
3948,dormant,complex,116.0,0.07494036918689244,complex,EMDNA-like inputs (491)
3949,dormant,complex,70.0,0.0597591665418208,complex,EMDNA-like inputs (491)
3950,dormant,complex,81.0,0.04576354948216684,complex,EMDNA-like inputs (491)
3951,dormant,complex,84.0,0.11728329121075064,complex,EMDNA-like inputs (491)
3952,dormant,intermediate,130.0,0.08229207199878105,complex,EMDNA-like inputs (491)
3953,dormant,complex,76.0,0.29787737184542806,complex,EMDNA-like inputs (491)
3954,dormant,complex,154.0,0.06110625798471002,complex,EMDNA-like inputs (491)
3955,dormant,intermediate,60.0,0.35644044274194553,complex,EMDNA-like inputs (491)
3956,dormant,complex,149.0,0.11518166782133908,complex,EMDNA-like inputs (491)
3957,dormant,complex,81.0,0.12235697038819109,complex,EMDNA-like inputs (491)
3958,dormant,intermediate,38.0,0.20919014076735126,complex,EMDNA-like inputs (491)
3959,dormant,complex,149.0,0.15522607417397916,complex,EMDNA-like inputs (491)
3960,dormant,complex,63.0,0.2749251142363547,complex,EMDNA-like inputs (491)
3961,dormant,complex,134.0,0.3223668000094691,complex,EMDNA-like inputs (491)
3962,dormant,complex,118.0,0.339758319272516,complex,EMDNA-like inputs (491)
3963,dormant,complex,104.0,0.3019711176651752,complex,EMDNA-like inputs (491)
3964,dormant,complex,125.0,0.04649678394950046,complex,EMDNA-like inputs (491)
3965,dormant,complex,87.0,0.05639990415316922,complex,EMDNA-like inputs (491)
3966,dormant,complex,213.0,0.2728469493963798,complex,EMDNA-like inputs (491)
3967,dormant,complex,218.0,0.25835978270454946,complex,EMDNA-like inputs (491)
3968,dormant,complex,228.0,0.17586071655577237,complex,EMDNA-like inputs (491)
3969,dormant,complex,89.0,0.1424139948286116,complex,EMDNA-like inputs (491)
3970,dormant,complex,93.0,0.05971213029026628,complex,EMDNA-like inputs (491)
3971,dormant,complex,190.0,0.2223147144122808,complex,EMDNA-like inputs (491)
3972,dormant,complex,56.0,0.21592269984439388,complex,EMDNA-like inputs (491)
3973,dormant,complex,56.0,0.13846532833515904,complex,EMDNA-like inputs (491)
3974,dormant,complex,116.0,0.0916765759658981,complex,EMDNA-like inputs (491)
3975,dormant,complex,200.0,0.26485417017328283,complex,EMDNA-like inputs (491)
3976,dormant,complex,207.0,0.1431583404009928,complex,EMDNA-like inputs (491)
3977,dormant,complex,265.0,0.2876860017842257,complex,EMDNA-like inputs (491)
3978,dormant,complex,204.0,0.33966235979723663,complex,EMDNA-like inputs (491)
3979,dormant,complex,237.0,0.27552197426183694,complex,EMDNA-like inputs (491)
3980,dormant,complex,44.0,0.28850201752762417,complex,EMDNA-like inputs (491)
3981,dormant,complex,33.0,0.07389270903824413,complex,EMDNA-like inputs (491)
3982,dormant,intermediate,150.0,0.7174515144534805,intermediate,EMDNA-like inputs (491)
3983,dormant,complex,160.0,0.3618935923989053,complex,EMDNA-like inputs (491)
3984,dormant,complex,144.0,0.5811011080642349,intermediate,EMDNA-like inputs (491)
4363,dormant,intermediate,497.0,0.5475625273411797,intermediate,EM-Earth inputs (190)
4364,dormant,complex,483.0,0.5290701833121244,intermediate,EM-Earth inputs (190)
4365,dormant,complex,396.0,0.458049152138091,complex,EM-Earth inputs (190)
4366,dormant,complex,369.0,0.4748621584240778,complex,EM-Earth inputs (190)
4367,dormant,complex,404.0,0.5421173951919726,intermediate,EM-Earth inputs (190)
4368,dormant,intermediate,420.0,0.5702894559870754,intermediate,EM-Earth inputs (190)
4369,dormant,complex,453.0,0.49516021669304444,complex,EM-Earth inputs (190)
4370,dormant,intermediate,325.0,0.5735760818292239,intermediate,EM-Earth inputs (190)
4371,dormant,intermediate,305.0,0.5872704166817441,intermediate,EM-Earth inputs (190)
4372,dormant,intermediate,363.0,0.5530714698235678,intermediate,EM-Earth inputs (190)
4373,dormant,intermediate,420.0,0.5738020412863639,intermediate,EM-Earth inputs (190)
4374,dormant,intermediate,405.0,0.5582888873241212,intermediate,EM-Earth inputs (190)
4375,dormant,intermediate,441.0,0.5435125573765439,intermediate,EM-Earth inputs (190)
4376,dormant,complex,287.0,0.463704695139128,complex,EM-Earth inputs (190)
4377,dormant,intermediate,382.0,0.7245261641771159,intermediate,EM-Earth inputs (190)
4378,dormant,intermediate,366.0,0.504041376295393,intermediate,EM-Earth inputs (190)
4379,dormant,intermediate,359.0,0.5647869789935979,intermediate,EM-Earth inputs (190)
4380,dormant,intermediate,275.0,0.6385738967628883,intermediate,EM-Earth inputs (190)
4381,dormant,intermediate,448.0,0.5838875752197308,intermediate,EM-Earth inputs (190)
4382,dormant,intermediate,377.0,0.5789112253377039,intermediate,EM-Earth inputs (190)
4383,dormant,intermediate,341.0,0.5083474169385099,intermediate,EM-Earth inputs (190)
4384,dormant,intermediate,424.0,0.5983191633769606,intermediate,EM-Earth inputs (190)
4385,dormant,intermediate,388.0,0.6390879988868552,intermediate,EM-Earth inputs (190)
4386,dormant,intermediate,398.0,0.5085406167814578,intermediate,EM-Earth inputs (190)
4387,dormant,intermediate,452.0,0.6742991581943483,intermediate,EM-Earth inputs (190)
4388,dormant,intermediate,391.0,0.5791801854986303,intermediate,EM-Earth inputs (190)
4389,dormant,complex,276.0,0.47970917009660546,complex,EM-Earth inputs (190)
4390,dormant,intermediate,378.0,0.625688326539527,intermediate,EM-Earth inputs (190)
4391,dormant,intermediate,411.0,0.5873576558979434,intermediate,EM-Earth inputs (190)
4392,dormant,intermediate,340.0,0.5828001948816727,intermediate,EM-Earth inputs (190)
4393,dormant,intermediate,315.0,0.5458902953874366,intermediate,EM-Earth inputs (190)
4394,dormant,intermediate,389.0,0.5628166308828622,intermediate,EM-Earth inputs (190)
4395,dormant,intermediate,292.0,0.584224551555038,intermediate,EM-Earth inputs (190)
4396,dormant,complex,226.0,0.3142303637494565,complex,EM-Earth inputs (190)
4397,dormant,complex,,,,EM-Earth inputs (190)
4398,dormant,intermediate,316.0,0.6429915578586137,intermediate,EM-Earth inputs (190)
4399,dormant,intermediate,343.0,0.6153525504968839,intermediate,EM-Earth inputs (190)
4400,dormant,complex,99.0,0.25985853280725824,complex,EM-Earth inputs (190)
4401,dormant,complex,285.0,0.35821119412682795,complex,EM-Earth inputs (190)
4402,dormant,complex,173.0,0.2822182351195136,complex,EM-Earth inputs (190)
4403,dormant,complex,219.0,0.3447766938132869,complex,EM-Earth inputs (190)
4404,dormant,complex,263.0,0.3993893851531852,complex,EM-Earth inputs (190)
4405,dormant,complex,307.0,0.5088484489749526,intermediate,EM-Earth inputs (190)
4406,dormant,complex,255.0,0.41509573228350893,complex,EM-Earth inputs (190)
4407,dormant,intermediate,34.0,0.44933983435321734,intermediate,EM-Earth inputs (190)
4408,dormant,complex,82.0,0.1979614154025412,complex,EM-Earth inputs (190)
4409,dormant,intermediate,363.0,0.5849389218755399,intermediate,EM-Earth inputs (190)
4410,dormant,intermediate,333.0,0.5445813669512958,intermediate,EM-Earth inputs (190)
4411,dormant,complex,460.0,0.5048238548998628,intermediate,EM-Earth inputs (190)
4412,dormant,intermediate,208.0,0.6142152530774955,intermediate,EM-Earth inputs (190)
4413,dormant,intermediate,463.0,0.5556497560933714,intermediate,EM-Earth inputs (190)
4414,dormant,intermediate,198.0,0.5637004882322263,intermediate,EM-Earth inputs (190)
4415,dormant,intermediate,454.0,0.5663578395754405,intermediate,EM-Earth inputs (190)
4416,dormant,intermediate,103.0,0.6408585980906686,intermediate,EM-Earth inputs (190)
4417,dormant,complex,241.0,0.44191343088644025,complex,EM-Earth inputs (190)
4418,dormant,intermediate,475.0,0.6348035805534816,intermediate,EM-Earth inputs (190)
4419,dormant,intermediate,315.0,0.5450907344767175,intermediate,EM-Earth inputs (190)
4420,dormant,intermediate,333.0,0.6785385399922158,intermediate,EM-Earth inputs (190)
4421,dormant,intermediate,367.0,0.5332095487681191,intermediate,EM-Earth inputs (190)
4422,dormant,intermediate,394.0,0.590498599533999,intermediate,EM-Earth inputs (190)
4423,dormant,intermediate,349.0,0.587031616478371,intermediate,EM-Earth inputs (190)
4424,dormant,intermediate,478.0,0.5704061980801421,intermediate,EM-Earth inputs (190)
4425,dormant,intermediate,357.0,0.6116305294931377,intermediate,EM-Earth inputs (190)
4426,dormant,intermediate,339.0,0.7076055175540615,intermediate,EM-Earth inputs (190)
4427,dormant,intermediate,414.0,0.6044045569371977,intermediate,EM-Earth inputs (190)
4428,dormant,intermediate,437.0,0.5951217552608956,intermediate,EM-Earth inputs (190)
4429,dormant,intermediate,315.0,0.523233555857932,intermediate,EM-Earth inputs (190)
4430,dormant,intermediate,338.0,0.5741959386929651,intermediate,EM-Earth inputs (190)
4431,dormant,intermediate,469.0,0.5454302791272083,intermediate,EM-Earth inputs (190)
4432,dormant,intermediate,474.0,0.5404450829995497,intermediate,EM-Earth inputs (190)
4433,dormant,intermediate,242.0,0.5863992148002377,intermediate,EM-Earth inputs (190)
4434,dormant,intermediate,448.0,0.5785237047970299,intermediate,EM-Earth inputs (190)
4435,dormant,intermediate,430.0,0.662228382356625,intermediate,EM-Earth inputs (190)
4436,dormant,intermediate,412.0,0.5460522052213818,intermediate,EM-Earth inputs (190)
4437,dormant,intermediate,409.0,0.6364231850065036,intermediate,EM-Earth inputs (190)
4438,dormant,intermediate,390.0,0.6205227753920964,intermediate,EM-Earth inputs (190)
4439,dormant,intermediate,394.0,0.612374400078886,intermediate,EM-Earth inputs (190)
4440,dormant,intermediate,395.0,0.5978171209773903,intermediate,EM-Earth inputs (190)
4441,dormant,intermediate,418.0,0.6380214638017033,intermediate,EM-Earth inputs (190)
4442,dormant,intermediate,,,,EM-Earth inputs (190)
4443,dormant,intermediate,412.0,0.5985902157643486,intermediate,EM-Earth inputs (190)
4444,dormant,intermediate,424.0,0.7025464134610951,intermediate,EM-Earth inputs (190)
4445,dormant,intermediate,332.0,0.6879500085917437,intermediate,EM-Earth inputs (190)
4446,dormant,intermediate,478.0,0.6753923330080874,intermediate,EM-Earth inputs (190)
4447,dormant,intermediate,435.0,0.5273970679911801,intermediate,EM-Earth inputs (190)
4448,dormant,intermediate,297.0,0.6833296939679885,intermediate,EM-Earth inputs (190)
4449,dormant,intermediate,353.0,0.5051435919157622,intermediate,EM-Earth inputs (190)
4450,dormant,intermediate,384.0,0.5121802454003503,intermediate,EM-Earth inputs (190)
4451,dormant,intermediate,297.0,0.5069518559045232,intermediate,EM-Earth inputs (190)
4452,dormant,intermediate,226.0,0.58397821310867,intermediate,EM-Earth inputs (190)
4453,dormant,intermediate,266.0,0.6431659076137823,intermediate,EM-Earth inputs (190)
4454,dormant,complex,266.0,0.4928593243959575,complex,EM-Earth inputs (190)
4455,dormant,intermediate,275.0,0.6034746667866349,intermediate,EM-Earth inputs (190)
4456,dormant,intermediate,258.0,0.610322925983194,intermediate,EM-Earth inputs (190)
4457,dormant,intermediate,327.0,0.7123633701046717,intermediate,EM-Earth inputs (190)
4458,dormant,intermediate,304.0,0.6671521713971504,intermediate,EM-Earth inputs (190)
4459,dormant,intermediate,376.0,0.6294648312783755,intermediate,EM-Earth inputs (190)
4460,dormant,intermediate,393.0,0.49391613311170074,complex,EM-Earth inputs (190)
4461,dormant,intermediate,416.0,0.5743940620160681,intermediate,EM-Earth inputs (190)
4462,dormant,intermediate,332.0,0.5454200396831311,intermediate,EM-Earth inputs (190)
4463,dormant,intermediate,173.0,0.6002292063256175,intermediate,EM-Earth inputs (190)
4464,dormant,complex,99.0,0.24923352107321897,complex,EM-Earth inputs (190)
4465,dormant,complex,178.0,0.463616351150117,complex,EM-Earth inputs (190)
4466,dormant,complex,186.0,0.13396142009041864,complex,EM-Earth inputs (190)
4467,dormant,complex,245.0,0.357475489380656,complex,EM-Earth inputs (190)
4468,dormant,intermediate,287.0,0.6213887839482992,intermediate,EM-Earth inputs (190)
4469,dormant,complex,91.0,0.4346743608824823,complex,EM-Earth inputs (190)
4470,dormant,intermediate,325.0,0.7049847909580306,intermediate,EM-Earth inputs (190)
4471,dormant,complex,392.0,0.4638865086678624,complex,EM-Earth inputs (190)
4472,dormant,intermediate,270.0,0.6407397490894897,intermediate,EM-Earth inputs (190)
4473,dormant,intermediate,431.0,0.5176731019798252,intermediate,EM-Earth inputs (190)
4474,dormant,complex,326.0,0.41526796474274125,complex,EM-Earth inputs (190)
4475,dormant,intermediate,386.0,0.5097058517917132,intermediate,EM-Earth inputs (190)
4476,dormant,complex,199.0,0.45803831917325794,complex,EM-Earth inputs (190)
4477,dormant,intermediate,384.0,0.5979431231081397,intermediate,EM-Earth inputs (190)
4478,dormant,complex,312.0,0.3979295834773202,complex,EM-Earth inputs (190)
4479,dormant,complex,365.0,0.4309141123701669,complex,EM-Earth inputs (190)
4480,dormant,complex,314.0,0.42514410403996006,complex,EM-Earth inputs (190)
4481,dormant,complex,199.0,0.37196142717885705,complex,EM-Earth inputs (190)
4482,dormant,complex,94.0,0.21516737584647985,complex,EM-Earth inputs (190)
4483,dormant,complex,185.0,0.14290880615390733,complex,EM-Earth inputs (190)
4484,dormant,complex,276.0,0.2945833693498055,complex,EM-Earth inputs (190)
4485,dormant,complex,211.0,0.34103894334943874,complex,EM-Earth inputs (190)
4486,dormant,complex,249.0,0.3268653553230848,complex,EM-Earth inputs (190)
4487,dormant,complex,273.0,0.27284208191392717,complex,EM-Earth inputs (190)
4488,dormant,complex,258.0,0.24607837386081122,complex,EM-Earth inputs (190)
4489,dormant,intermediate,147.0,0.5595543648970237,intermediate,EM-Earth inputs (190)
4490,dormant,complex,176.0,0.47859704713281964,complex,EM-Earth inputs (190)
4491,dormant,intermediate,152.0,0.5916483720406536,intermediate,EM-Earth inputs (190)
4492,dormant,complex,284.0,0.36304956010051487,complex,EM-Earth inputs (190)
4493,dormant,complex,348.0,0.41064010326239025,complex,EM-Earth inputs (190)
4494,dormant,complex,236.0,0.35264085289654207,complex,EM-Earth inputs (190)
4495,dormant,complex,151.0,0.1797575371577546,complex,EM-Earth inputs (190)
4496,dormant,intermediate,199.0,0.6583733026821805,intermediate,EM-Earth inputs (190)
4497,dormant,complex,250.0,0.18834430989653828,complex,EM-Earth inputs (190)
4498,dormant,complex,220.0,0.38233089323915687,complex,EM-Earth inputs (190)
4499,dormant,intermediate,172.0,0.5196266224568805,intermediate,EM-Earth inputs (190)
4500,dormant,complex,153.0,0.4295052855369374,complex,EM-Earth inputs (190)
4501,dormant,complex,151.0,0.47303681384078844,complex,EM-Earth inputs (190)
4502,dormant,complex,81.0,0.26936366327090855,complex,EM-Earth inputs (190)
4503,dormant,complex,64.0,0.1794542163150116,complex,EM-Earth inputs (190)
4504,dormant,complex,158.0,0.26794390159401876,complex,EM-Earth inputs (190)
4505,dormant,complex,152.0,0.2761364562465664,complex,EM-Earth inputs (190)
4506,dormant,intermediate,108.0,0.4322792999938658,intermediate,EM-Earth inputs (190)
4507,dormant,complex,170.0,0.4011677488366352,intermediate,EM-Earth inputs (190)
4508,dormant,complex,161.0,0.03539941703000194,complex,EM-Earth inputs (190)
4509,dormant,complex,148.0,0.28847901006442944,complex,EM-Earth inputs (190)
4510,dormant,complex,85.0,0.08022731483210933,complex,EM-Earth inputs (190)
4511,dormant,complex,205.0,0.28123016123761757,complex,EM-Earth inputs (190)
4512,dormant,complex,238.0,0.35545811440176894,complex,EM-Earth inputs (190)
4513,dormant,intermediate,169.0,0.5367139526814475,intermediate,EM-Earth inputs (190)
4514,dormant,complex,115.0,0.2904132280095735,complex,EM-Earth inputs (190)
4515,dormant,complex,96.0,0.2176856917405945,complex,EM-Earth inputs (190)
4516,dormant,complex,152.0,0.11351592686615464,complex,EM-Earth inputs (190)
4517,dormant,complex,109.0,0.2754223642587165,complex,EM-Earth inputs (190)
4518,dormant,complex,117.0,0.32124882452426107,complex,EM-Earth inputs (190)
4519,dormant,complex,156.0,0.3506386176004321,complex,EM-Earth inputs (190)
4520,dormant,complex,138.0,0.4118945753463726,complex,EM-Earth inputs (190)
4521,dormant,intermediate,152.0,0.6211462881693662,intermediate,EM-Earth inputs (190)
4522,dormant,complex,133.0,0.3782345903565319,intermediate,EM-Earth inputs (190)
4523,dormant,complex,235.0,0.43479936022629634,complex,EM-Earth inputs (190)
4524,dormant,complex,62.0,0.15868551390814808,complex,EM-Earth inputs (190)
4525,dormant,complex,27.0,0.2446865713180044,complex,EM-Earth inputs (190)
4526,dormant,complex,45.0,0.5536634312677637,intermediate,EM-Earth inputs (190)
4527,dormant,intermediate,264.0,0.5509854798789493,intermediate,EM-Earth inputs (190)
4528,dormant,intermediate,301.0,0.5606150533542326,intermediate,EM-Earth inputs (190)
4529,dormant,complex,209.0,0.46890374734492546,complex,EM-Earth inputs (190)
4530,dormant,intermediate,193.0,0.559003407342736,intermediate,EM-Earth inputs (190)
4531,dormant,complex,223.0,0.4816029448107269,complex,EM-Earth inputs (190)
4532,dormant,intermediate,102.0,0.5186787914180175,intermediate,EM-Earth inputs (190)
4533,dormant,intermediate,185.0,0.6095321441116619,intermediate,EM-Earth inputs (190)
4534,dormant,intermediate,221.0,0.6798398108411821,intermediate,EM-Earth inputs (190)
4535,dormant,intermediate,203.0,0.5916413956106085,intermediate,EM-Earth inputs (190)
4536,dormant,intermediate,227.0,0.6582983309487064,intermediate,EM-Earth inputs (190)
4537,dormant,complex,270.0,0.38153839147674645,complex,EM-Earth inputs (190)
4538,dormant,complex,259.0,0.2557658656153965,complex,EM-Earth inputs (190)
4539,dormant,intermediate,187.0,0.7173372754579709,intermediate,EM-Earth inputs (190)
4540,dormant,simple,129.0,0.8638808891042327,simple,EM-Earth inputs (190)
4541,dormant,simple,132.0,0.8064791325190789,simple,EM-Earth inputs (190)
4542,dormant,simple,138.0,0.8086573560545297,simple,EM-Earth inputs (190)
4543,dormant,simple,170.0,0.785398040656173,simple,EM-Earth inputs (190)
4544,dormant,simple,84.0,0.7658325078265327,simple,EM-Earth inputs (190)
4545,dormant,intermediate,148.0,0.5208600954631563,intermediate,EM-Earth inputs (190)
4546,dormant,simple,161.0,0.7980690335759463,simple,EM-Earth inputs (190)
4547,dormant,simple,167.0,0.7436134842529746,intermediate,EM-Earth inputs (190)
4548,dormant,intermediate,203.0,0.5667405193981698,intermediate,EM-Earth inputs (190)
4549,dormant,intermediate,140.0,0.6164794915751003,intermediate,EM-Earth inputs (190)
4550,dormant,intermediate,143.0,0.5885942117235323,intermediate,EM-Earth inputs (190)
4551,dormant,intermediate,199.0,0.6230131892442525,intermediate,EM-Earth inputs (190)
4552,dormant,complex,199.0,0.41026836238623765,complex,EM-Earth inputs (190)
3494,growing,complex,134.0,0.3401585626014662,complex,EMDNA-like inputs (491)
3495,growing,complex,418.0,0.3796488720541978,complex,EMDNA-like inputs (491)
3496,growing,complex,295.0,0.36188723555781227,complex,EMDNA-like inputs (491)
3497,growing,complex,205.0,0.40900350157482585,complex,EMDNA-like inputs (491)
3498,growing,complex,285.0,0.2880769429951001,complex,EMDNA-like inputs (491)
3499,growing,complex,113.0,0.41321165089052203,complex,EMDNA-like inputs (491)
3500,growing,complex,163.0,0.3142466512342061,complex,EMDNA-like inputs (491)
3501,growing,complex,151.0,0.24232835891725898,complex,EMDNA-like inputs (491)
3502,growing,intermediate,461.0,0.6080205792216533,intermediate,EMDNA-like inputs (491)
3503,growing,intermediate,446.0,0.5256212066227054,intermediate,EMDNA-like inputs (491)
3504,growing,intermediate,441.0,0.47239093604330257,complex,EMDNA-like inputs (491)
3505,growing,complex,32.0,0.32460253350621326,complex,EMDNA-like inputs (491)
3507,growing,complex,178.0,0.3777589511101473,complex,EMDNA-like inputs (491)
3508,growing,intermediate,22.0,0.0963831494995204,complex,EMDNA-like inputs (491)
3509,growing,complex,70.0,0.3050681473317599,complex,EMDNA-like inputs (491)
3511,growing,complex,84.0,0.31873831922058227,complex,EMDNA-like inputs (491)
3512,growing,intermediate,,,,EMDNA-like inputs (491)
3513,growing,complex,145.0,0.2850405111881355,complex,EMDNA-like inputs (491)
3514,growing,complex,147.0,0.4365181835190912,complex,EMDNA-like inputs (491)
3515,growing,complex,83.0,0.2470994713778169,complex,EMDNA-like inputs (491)
3516,growing,intermediate,18.0,0.3599923439747618,intermediate,EMDNA-like inputs (491)
3517,growing,complex,67.0,0.10013779476744589,complex,EMDNA-like inputs (491)
3519,growing,complex,91.0,0.15911459600194794,complex,EMDNA-like inputs (491)
3520,growing,complex,43.0,0.2741072878530694,complex,EMDNA-like inputs (491)
3521,growing,complex,71.0,0.31283029798763706,complex,EMDNA-like inputs (491)
3522,growing,complex,,,,EMDNA-like inputs (491)
3523,growing,complex,55.0,0.33154343180523355,complex,EMDNA-like inputs (491)
3524,growing,complex,41.0,0.32446907601402364,complex,EMDNA-like inputs (491)
3525,growing,complex,147.0,0.35068178110557,complex,EMDNA-like inputs (491)
3526,growing,complex,237.0,0.5089769681321261,intermediate,EMDNA-like inputs (491)
3527,growing,complex,261.0,0.44141995785791033,complex,EMDNA-like inputs (491)
3528,growing,intermediate,317.0,0.5706810330340667,intermediate,EMDNA-like inputs (491)
3529,growing,intermediate,82.0,0.7201802390548679,intermediate,EMDNA-like inputs (491)
3530,growing,intermediate,398.0,0.633439481845038,intermediate,EMDNA-like inputs (491)
3531,growing,complex,375.0,0.48449426854723693,complex,EMDNA-like inputs (491)
3532,growing,complex,159.0,0.35209211168390486,complex,EMDNA-like inputs (491)
3533,growing,intermediate,462.0,0.4727398392168032,complex,EMDNA-like inputs (491)
3534,growing,complex,113.0,0.3990776347997609,complex,EMDNA-like inputs (491)
3535,growing,intermediate,50.0,0.5530946114399432,intermediate,EMDNA-like inputs (491)
3536,growing,complex,377.0,0.388957050771423,complex,EMDNA-like inputs (491)
3537,growing,intermediate,371.0,0.4966312018755649,complex,EMDNA-like inputs (491)
3538,growing,intermediate,113.0,0.6414380781186997,intermediate,EMDNA-like inputs (491)
3539,growing,complex,121.0,0.44087976988155175,complex,EMDNA-like inputs (491)
3540,growing,complex,210.0,0.3924342522051631,complex,EMDNA-like inputs (491)
3541,growing,intermediate,192.0,0.5860554863533326,intermediate,EMDNA-like inputs (491)
3542,growing,intermediate,21.0,0.010597780062581436,complex,EMDNA-like inputs (491)
3543,growing,intermediate,311.0,0.5550724308475868,intermediate,EMDNA-like inputs (491)
3544,growing,intermediate,123.0,0.535512727274286,intermediate,EMDNA-like inputs (491)
3545,growing,complex,130.0,0.5590316407801398,intermediate,EMDNA-like inputs (491)
3546,growing,intermediate,277.0,0.5202618392506412,intermediate,EMDNA-like inputs (491)
3547,growing,intermediate,288.0,0.5745459583721849,intermediate,EMDNA-like inputs (491)
3548,growing,intermediate,85.0,0.6217506762152645,intermediate,EMDNA-like inputs (491)
3549,growing,intermediate,171.0,0.5546009128231608,intermediate,EMDNA-like inputs (491)
3550,growing,intermediate,135.0,0.6396391349989409,intermediate,EMDNA-like inputs (491)
3551,growing,intermediate,141.0,0.5343751200619737,intermediate,EMDNA-like inputs (491)
3552,growing,intermediate,283.0,0.49541223964998105,complex,EMDNA-like inputs (491)
3553,growing,intermediate,206.0,0.5803095308938777,intermediate,EMDNA-like inputs (491)
3554,growing,complex,137.0,0.5100471312365583,intermediate,EMDNA-like inputs (491)
3555,growing,complex,283.0,0.6563680898272165,intermediate,EMDNA-like inputs (491)
3556,growing,complex,420.0,0.3765958301470386,complex,EMDNA-like inputs (491)
3557,growing,intermediate,402.0,0.4180988291824261,complex,EMDNA-like inputs (491)
3558,growing,complex,160.0,0.4637091599753761,complex,EMDNA-like inputs (491)
3559,growing,complex,394.0,0.34847621892395886,complex,EMDNA-like inputs (491)
3560,growing,intermediate,434.0,0.47190642064821137,complex,EMDNA-like inputs (491)
3561,growing,intermediate,74.0,0.7993025002602202,simple,EMDNA-like inputs (491)
3562,growing,intermediate,172.0,0.6425075966852792,intermediate,EMDNA-like inputs (491)
3563,growing,complex,135.0,0.4803954818458792,complex,EMDNA-like inputs (491)
3564,growing,complex,414.0,0.4684937152357055,complex,EMDNA-like inputs (491)
3565,growing,intermediate,373.0,0.46938409782788354,complex,EMDNA-like inputs (491)
3566,growing,intermediate,133.0,0.6183422335558713,intermediate,EMDNA-like inputs (491)
3567,growing,intermediate,388.0,0.5241501737969522,intermediate,EMDNA-like inputs (491)
3568,growing,complex,409.0,0.3835706153407343,complex,EMDNA-like inputs (491)
3569,growing,intermediate,161.0,0.47291721024016675,complex,EMDNA-like inputs (491)
3570,growing,intermediate,355.0,0.5747136054000489,intermediate,EMDNA-like inputs (491)
3571,growing,complex,422.0,0.45636954677292035,complex,EMDNA-like inputs (491)
3572,growing,complex,208.0,0.49137044044318984,intermediate,EMDNA-like inputs (491)
3573,growing,intermediate,324.0,0.46626928846331517,complex,EMDNA-like inputs (491)
3574,growing,complex,347.0,0.46058802589083864,complex,EMDNA-like inputs (491)
3575,growing,complex,150.0,0.4928039449123043,complex,EMDNA-like inputs (491)
3576,growing,intermediate,73.0,0.6511142658784422,intermediate,EMDNA-like inputs (491)
3577,growing,intermediate,76.0,0.627658629721316,intermediate,EMDNA-like inputs (491)
3578,growing,intermediate,177.0,0.5143077505216965,intermediate,EMDNA-like inputs (491)
3579,growing,intermediate,441.0,0.4498589498905647,complex,EMDNA-like inputs (491)
3580,growing,complex,111.0,0.47213178824483676,complex,EMDNA-like inputs (491)
3581,growing,intermediate,235.0,0.6032407367970577,intermediate,EMDNA-like inputs (491)
3582,growing,intermediate,381.0,0.4937596166753659,complex,EMDNA-like inputs (491)
3583,growing,intermediate,340.0,0.44657539170479615,complex,EMDNA-like inputs (491)
3584,growing,intermediate,363.0,0.5068343276442775,intermediate,EMDNA-like inputs (491)
3585,growing,intermediate,34.0,0.650381563755032,intermediate,EMDNA-like inputs (491)
3586,growing,complex,155.0,0.42157699647080576,complex,EMDNA-like inputs (491)
3587,growing,complex,251.0,0.46334326186644514,complex,EMDNA-like inputs (491)
3588,growing,complex,187.0,0.36226342738970263,complex,EMDNA-like inputs (491)
3589,growing,complex,385.0,0.5118739645036602,intermediate,EMDNA-like inputs (491)
3590,growing,complex,364.0,0.4724096252691798,complex,EMDNA-like inputs (491)
3591,growing,complex,151.0,0.1631309211092106,complex,EMDNA-like inputs (491)
3592,growing,simple,50.0,0.7205114748532303,intermediate,EMDNA-like inputs (491)
3593,growing,intermediate,301.0,0.6146876819947105,intermediate,EMDNA-like inputs (491)
3594,growing,intermediate,420.0,0.5957227950417368,intermediate,EMDNA-like inputs (491)
3595,growing,complex,199.0,0.3521835369537752,complex,EMDNA-like inputs (491)
3596,growing,complex,79.0,0.4243252242004209,complex,EMDNA-like inputs (491)
3597,growing,intermediate,347.0,0.4759520181612111,complex,EMDNA-like inputs (491)
3598,growing,complex,342.0,0.3914444860211079,complex,EMDNA-like inputs (491)
3599,growing,complex,252.0,0.44544864375070753,complex,EMDNA-like inputs (491)
3600,growing,complex,248.0,0.38967766559026124,complex,EMDNA-like inputs (491)
3601,growing,intermediate,271.0,0.4963988971312175,complex,EMDNA-like inputs (491)
3602,growing,intermediate,184.0,0.5505448465744976,intermediate,EMDNA-like inputs (491)
3603,growing,intermediate,233.0,0.4515838092035855,complex,EMDNA-like inputs (491)
3604,growing,intermediate,372.0,0.5444987384410171,intermediate,EMDNA-like inputs (491)
3605,growing,complex,117.0,0.5748774404639614,intermediate,EMDNA-like inputs (491)
3606,growing,complex,71.0,0.4377802086671782,complex,EMDNA-like inputs (491)
3607,growing,intermediate,93.0,0.6161944239065433,intermediate,EMDNA-like inputs (491)
3608,growing,intermediate,92.0,0.5814033045904599,intermediate,EMDNA-like inputs (491)
3609,growing,intermediate,393.0,0.5374765250090199,intermediate,EMDNA-like inputs (491)
3610,growing,intermediate,103.0,0.5413229606486563,intermediate,EMDNA-like inputs (491)
3611,growing,intermediate,196.0,0.5922031693633294,intermediate,EMDNA-like inputs (491)
3612,growing,intermediate,354.0,0.49061706871283545,complex,EMDNA-like inputs (491)
3613,growing,intermediate,125.0,0.60648295112592,intermediate,EMDNA-like inputs (491)
3614,growing,intermediate,179.0,0.5505214322111212,intermediate,EMDNA-like inputs (491)
3615,growing,intermediate,242.0,0.5449532501340798,intermediate,EMDNA-like inputs (491)
3616,growing,complex,187.0,0.3166635252635977,complex,EMDNA-like inputs (491)
3617,growing,intermediate,31.0,0.36658435735573447,intermediate,EMDNA-like inputs (491)
3618,growing,intermediate,150.0,0.4611440656939792,complex,EMDNA-like inputs (491)
3619,growing,complex,51.0,0.1762575873426176,complex,EMDNA-like inputs (491)
3620,growing,intermediate,168.0,0.5471697083206349,intermediate,EMDNA-like inputs (491)
3621,growing,intermediate,400.0,0.5441286570137235,intermediate,EMDNA-like inputs (491)
3622,growing,intermediate,371.0,0.5967016756198682,intermediate,EMDNA-like inputs (491)
3623,growing,complex,21.0,0.09580803514450571,complex,EMDNA-like inputs (491)
3624,growing,intermediate,365.0,0.5647325183077497,intermediate,EMDNA-like inputs (491)
3625,growing,intermediate,313.0,0.5655513008209385,intermediate,EMDNA-like inputs (491)
3626,growing,intermediate,153.0,0.6455122318988149,intermediate,EMDNA-like inputs (491)
3627,growing,intermediate,244.0,0.5306134146598988,intermediate,EMDNA-like inputs (491)
3628,growing,complex,287.0,0.44678251177407546,complex,EMDNA-like inputs (491)
3629,growing,complex,68.0,0.34293617382070274,complex,EMDNA-like inputs (491)
3630,growing,intermediate,24.0,0.03904138609196515,complex,EMDNA-like inputs (491)
3631,growing,intermediate,372.0,0.5006652140360784,intermediate,EMDNA-like inputs (491)
3632,growing,intermediate,105.0,0.5315576175830811,intermediate,EMDNA-like inputs (491)
3633,growing,intermediate,385.0,0.437832966899407,complex,EMDNA-like inputs (491)
3634,growing,intermediate,71.0,0.36517274909239156,complex,EMDNA-like inputs (491)
3635,growing,complex,252.0,0.4440419168495884,complex,EMDNA-like inputs (491)
3636,growing,complex,235.0,0.3723416283290102,complex,EMDNA-like inputs (491)
3637,growing,complex,350.0,0.5797916947992776,intermediate,EMDNA-like inputs (491)
3638,growing,intermediate,168.0,0.6210425903683054,intermediate,EMDNA-like inputs (491)
3639,growing,intermediate,159.0,0.5890389413704035,intermediate,EMDNA-like inputs (491)
3640,growing,complex,381.0,0.4750421834061849,complex,EMDNA-like inputs (491)
3641,growing,intermediate,,,,EMDNA-like inputs (491)
3642,growing,complex,197.0,0.441733794057815,complex,EMDNA-like inputs (491)
3643,growing,complex,375.0,0.43196623753533114,complex,EMDNA-like inputs (491)
3644,growing,complex,366.0,0.45581640462898854,complex,EMDNA-like inputs (491)
3645,growing,intermediate,49.0,0.43087821701469503,complex,EMDNA-like inputs (491)
3646,growing,intermediate,25.0,0.3916803623248297,intermediate,EMDNA-like inputs (491)
3647,growing,complex,373.0,0.3020129897362157,complex,EMDNA-like inputs (491)
3648,growing,complex,282.0,0.2764174183666055,complex,EMDNA-like inputs (491)
3649,growing,complex,321.0,0.36521496672440373,complex,EMDNA-like inputs (491)
3650,growing,intermediate,58.0,0.44227977101455773,complex,EMDNA-like inputs (491)
3651,growing,complex,295.0,0.22363867302097218,complex,EMDNA-like inputs (491)
3652,growing,complex,243.0,0.5306283476125464,intermediate,EMDNA-like inputs (491)
3653,growing,complex,226.0,0.4002311807584849,complex,EMDNA-like inputs (491)
3654,growing,complex,172.0,0.5357163582444109,intermediate,EMDNA-like inputs (491)
3655,growing,intermediate,254.0,0.5971320401021867,intermediate,EMDNA-like inputs (491)
3656,growing,complex,279.0,0.47113882970378657,complex,EMDNA-like inputs (491)
3657,growing,complex,470.0,0.4443860356217392,complex,EMDNA-like inputs (491)
3658,growing,complex,177.0,0.6358924046949728,intermediate,EMDNA-like inputs (491)
3659,growing,complex,40.0,0.3331234978715394,complex,EMDNA-like inputs (491)
3660,growing,intermediate,277.0,0.5415498721424526,intermediate,EMDNA-like inputs (491)
3661,growing,complex,346.0,0.344389848079533,complex,EMDNA-like inputs (491)
3662,growing,intermediate,378.0,0.46953774781282737,complex,EMDNA-like inputs (491)
3663,growing,intermediate,365.0,0.5335003418360437,intermediate,EMDNA-like inputs (491)
3664,growing,complex,328.0,0.5206931279007129,intermediate,EMDNA-like inputs (491)
3665,growing,intermediate,409.0,0.5341655446526921,intermediate,EMDNA-like inputs (491)
3666,growing,complex,265.0,0.33650909861843037,complex,EMDNA-like inputs (491)
3667,growing,intermediate,370.0,0.525719462411077,intermediate,EMDNA-like inputs (491)
3668,growing,complex,105.0,0.47645610126483723,complex,EMDNA-like inputs (491)
3669,growing,complex,182.0,0.3374572602433612,complex,EMDNA-like inputs (491)
3670,growing,intermediate,123.0,0.3435549236035088,complex,EMDNA-like inputs (491)
3671,growing,complex,301.0,0.3850101665282295,complex,EMDNA-like inputs (491)
3672,growing,complex,155.0,0.5307489304521276,intermediate,EMDNA-like inputs (491)
3673,growing,intermediate,382.0,0.5050514363175539,intermediate,EMDNA-like inputs (491)
3674,growing,intermediate,403.0,0.577219188090192,intermediate,EMDNA-like inputs (491)
3675,growing,intermediate,415.0,0.5360503011944594,intermediate,EMDNA-like inputs (491)
3676,growing,intermediate,123.0,0.5925910786276247,intermediate,EMDNA-like inputs (491)
3677,growing,intermediate,337.0,0.5820135598972399,intermediate,EMDNA-like inputs (491)
3678,growing,intermediate,349.0,0.4825749476802756,complex,EMDNA-like inputs (491)
3679,growing,complex,236.0,0.22443736743308756,complex,EMDNA-like inputs (491)
3680,growing,complex,210.0,0.4656630412230312,complex,EMDNA-like inputs (491)
3681,growing,complex,373.0,0.31636706943642123,complex,EMDNA-like inputs (491)
3682,growing,complex,240.0,0.3100002365486327,complex,EMDNA-like inputs (491)
3683,growing,intermediate,166.0,0.29346150988306563,complex,EMDNA-like inputs (491)
3684,growing,intermediate,79.0,0.5506716463034753,intermediate,EMDNA-like inputs (491)
3685,growing,intermediate,105.0,0.5574610897173429,intermediate,EMDNA-like inputs (491)
3686,growing,complex,282.0,0.35082391418952874,complex,EMDNA-like inputs (491)
3687,growing,complex,163.0,0.32608623947445375,complex,EMDNA-like inputs (491)
3688,growing,complex,164.0,0.43346942301244423,complex,EMDNA-like inputs (491)
3689,growing,complex,229.0,0.4404193356105227,complex,EMDNA-like inputs (491)
3690,growing,complex,240.0,0.5306797754984259,intermediate,EMDNA-like inputs (491)
3691,growing,complex,291.0,0.494594764935157,complex,EMDNA-like inputs (491)
3692,growing,complex,331.0,0.4962866413660902,complex,EMDNA-like inputs (491)
3693,growing,intermediate,250.0,0.49187736561519546,complex,EMDNA-like inputs (491)
3694,growing,complex,92.0,0.4142135951122089,complex,EMDNA-like inputs (491)
3695,growing,complex,230.0,0.4202831435001394,complex,EMDNA-like inputs (491)
3696,growing,intermediate,51.0,0.5156555081373462,intermediate,EMDNA-like inputs (491)
3697,growing,complex,315.0,0.4431915867281892,complex,EMDNA-like inputs (491)
3698,growing,intermediate,59.0,0.7308591284043775,intermediate,EMDNA-like inputs (491)
3699,growing,complex,278.0,0.21874626282356865,complex,EMDNA-like inputs (491)
3700,growing,complex,225.0,0.26765804965415924,complex,EMDNA-like inputs (491)
3701,growing,complex,322.0,0.29982274502065376,complex,EMDNA-like inputs (491)
3702,growing,complex,216.0,0.5551575538963238,intermediate,EMDNA-like inputs (491)
3703,growing,complex,286.0,0.4914178645658357,complex,EMDNA-like inputs (491)
3704,growing,complex,112.0,0.26641818923185817,complex,EMDNA-like inputs (491)
3705,growing,complex,317.0,0.34096708221847105,complex,EMDNA-like inputs (491)
3706,growing,complex,284.0,0.31955782486949313,complex,EMDNA-like inputs (491)
3707,growing,intermediate,331.0,0.50366947024211,intermediate,EMDNA-like inputs (491)
3708,growing,intermediate,318.0,0.4870275226394724,complex,EMDNA-like inputs (491)
3709,growing,complex,216.0,0.14375351993363872,complex,EMDNA-like inputs (491)
3710,growing,complex,34.0,0.21617028157303425,complex,EMDNA-like inputs (491)
3711,growing,complex,251.0,0.042573859384755594,complex,EMDNA-like inputs (491)
3712,growing,complex,223.0,0.03604082314557685,complex,EMDNA-like inputs (491)
3713,growing,complex,108.0,0.1087921983882959,complex,EMDNA-like inputs (491)
3714,growing,complex,273.0,0.06437977790511343,complex,EMDNA-like inputs (491)
3715,growing,complex,270.0,0.10602113069538908,complex,EMDNA-like inputs (491)
3716,growing,intermediate,264.0,0.5162681981126106,intermediate,EMDNA-like inputs (491)
3717,growing,intermediate,116.0,0.5159251458615989,intermediate,EMDNA-like inputs (491)
3718,growing,intermediate,296.0,0.5484701437379695,intermediate,EMDNA-like inputs (491)
3719,growing,intermediate,260.0,0.5480752232500307,intermediate,EMDNA-like inputs (491)
3721,growing,intermediate,288.0,0.6192121923997751,intermediate,EMDNA-like inputs (491)
3722,growing,simple,93.0,0.7349761332426542,intermediate,EMDNA-like inputs (491)
3723,growing,complex,77.0,0.3335605458908586,complex,EMDNA-like inputs (491)
3724,growing,complex,241.0,0.289457855488752,complex,EMDNA-like inputs (491)
3725,growing,intermediate,140.0,0.5578121367409238,intermediate,EMDNA-like inputs (491)
3726,growing,intermediate,235.0,0.5535846215226967,intermediate,EMDNA-like inputs (491)
3727,growing,complex,407.0,0.4367571617303385,complex,EMDNA-like inputs (491)
3728,growing,intermediate,208.0,0.367454658025727,complex,EMDNA-like inputs (491)
3729,growing,complex,187.0,0.26548087917260865,complex,EMDNA-like inputs (491)
3730,growing,complex,380.0,0.39450990268189995,complex,EMDNA-like inputs (491)
3731,growing,complex,173.0,0.4151933532115154,complex,EMDNA-like inputs (491)
3732,growing,complex,172.0,0.3769406664494752,complex,EMDNA-like inputs (491)
3733,growing,complex,311.0,0.37865028861000943,complex,EMDNA-like inputs (491)
3734,growing,complex,175.0,0.30346559915302,complex,EMDNA-like inputs (491)
3735,growing,complex,189.0,0.34804472394047914,complex,EMDNA-like inputs (491)
3736,growing,complex,87.0,0.13367322552630928,complex,EMDNA-like inputs (491)
3737,growing,complex,157.0,0.2005010439345631,complex,EMDNA-like inputs (491)
3738,growing,complex,268.0,0.43502474834410565,complex,EMDNA-like inputs (491)
3739,growing,complex,184.0,0.41039447314793204,complex,EMDNA-like inputs (491)
3740,growing,complex,86.0,0.018327487263071346,complex,EMDNA-like inputs (491)
3741,growing,complex,351.0,0.3907604290710397,complex,EMDNA-like inputs (491)
3742,growing,complex,148.0,0.4400521645985735,complex,EMDNA-like inputs (491)
3743,growing,complex,235.0,0.39872203755231617,complex,EMDNA-like inputs (491)
3744,growing,complex,350.0,0.3587744006841451,complex,EMDNA-like inputs (491)
3745,growing,complex,210.0,0.46306943327852546,complex,EMDNA-like inputs (491)
3746,growing,intermediate,394.0,0.5252545086638956,intermediate,EMDNA-like inputs (491)
3747,growing,intermediate,345.0,0.5092679908209506,intermediate,EMDNA-like inputs (491)
3748,growing,complex,188.0,0.474986653712644,complex,EMDNA-like inputs (491)
3749,growing,complex,182.0,0.47226001943178086,complex,EMDNA-like inputs (491)
3750,growing,intermediate,97.0,0.6486315406819841,intermediate,EMDNA-like inputs (491)
3751,growing,complex,110.0,0.3443025817486087,complex,EMDNA-like inputs (491)
3752,growing,complex,116.0,0.4010471342230103,complex,EMDNA-like inputs (491)
3753,growing,complex,237.0,0.4851609591558863,complex,EMDNA-like inputs (491)
3754,growing,intermediate,386.0,0.5341183900890044,intermediate,EMDNA-like inputs (491)
3755,growing,complex,151.0,0.30897063040781136,complex,EMDNA-like inputs (491)
3756,growing,complex,123.0,0.3912072453521412,complex,EMDNA-like inputs (491)
3757,growing,intermediate,224.0,0.4284762593652492,complex,EMDNA-like inputs (491)
3758,growing,complex,126.0,0.393414268093936,complex,EMDNA-like inputs (491)
3759,growing,complex,78.0,0.39402451254513726,complex,EMDNA-like inputs (491)
3760,growing,intermediate,123.0,0.5368174186200838,intermediate,EMDNA-like inputs (491)
3761,growing,complex,342.0,0.39581391146738776,complex,EMDNA-like inputs (491)
3762,growing,complex,148.0,0.1572090367787669,complex,EMDNA-like inputs (491)
3763,growing,complex,265.0,0.3208840611523603,complex,EMDNA-like inputs (491)
3764,growing,intermediate,193.0,0.41150558261489417,complex,EMDNA-like inputs (491)
3765,growing,intermediate,97.0,0.5778243509021499,intermediate,EMDNA-like inputs (491)
3766,growing,complex,262.0,0.5127399781298116,intermediate,EMDNA-like inputs (491)
3767,growing,complex,194.0,0.21003888074961052,complex,EMDNA-like inputs (491)
3768,growing,complex,149.0,0.48504148090406196,complex,EMDNA-like inputs (491)
3769,growing,complex,216.0,0.3303197842587737,complex,EMDNA-like inputs (491)
3770,growing,complex,257.0,0.27904254880764523,complex,EMDNA-like inputs (491)
3771,growing,complex,310.0,0.3238007584032251,complex,EMDNA-like inputs (491)
3772,growing,complex,297.0,0.3718535777813307,complex,EMDNA-like inputs (491)
3773,growing,complex,41.0,0.34165792699564407,complex,EMDNA-like inputs (491)
3774,growing,complex,60.0,0.20537393518743854,complex,EMDNA-like inputs (491)
3775,growing,complex,123.0,0.23288058187981905,complex,EMDNA-like inputs (491)
3776,growing,complex,54.0,0.2547960294139671,complex,EMDNA-like inputs (491)
3777,growing,complex,280.0,0.19961551156879118,complex,EMDNA-like inputs (491)
3778,growing,complex,61.0,0.2734569777614032,complex,EMDNA-like inputs (491)
3779,growing,complex,291.0,0.194704036868585,complex,EMDNA-like inputs (491)
3780,growing,complex,201.0,0.20261213917221102,complex,EMDNA-like inputs (491)
3781,growing,intermediate,113.0,0.6676146015640303,intermediate,EMDNA-like inputs (491)
3782,growing,complex,257.0,0.38728084088283105,complex,EMDNA-like inputs (491)
3783,growing,intermediate,103.0,0.5063404460506679,intermediate,EMDNA-like inputs (491)
3784,growing,complex,131.0,0.30520655068746344,complex,EMDNA-like inputs (491)
3785,growing,complex,143.0,0.4224905961303385,complex,EMDNA-like inputs (491)
3786,growing,complex,76.0,0.2902070433638076,complex,EMDNA-like inputs (491)
3787,growing,complex,378.0,0.38564608298108527,complex,EMDNA-like inputs (491)
3788,growing,complex,47.0,0.5522225825563919,intermediate,EMDNA-like inputs (491)
3789,growing,complex,154.0,0.25225362453957406,complex,EMDNA-like inputs (491)
3790,growing,complex,348.0,0.39986177815997337,complex,EMDNA-like inputs (491)
3791,growing,complex,355.0,0.3844602276948624,complex,EMDNA-like inputs (491)
3792,growing,complex,315.0,0.48974784730976034,complex,EMDNA-like inputs (491)
3793,growing,complex,233.0,0.41030963082996297,complex,EMDNA-like inputs (491)
3794,growing,intermediate,199.0,0.5380927580720548,intermediate,EMDNA-like inputs (491)
3795,growing,intermediate,159.0,0.5515782397205856,intermediate,EMDNA-like inputs (491)
3796,growing,intermediate,276.0,0.5035881145592079,intermediate,EMDNA-like inputs (491)
3797,growing,complex,229.0,0.4139527438113969,complex,EMDNA-like inputs (491)
3798,growing,complex,117.0,0.34329052717126346,complex,EMDNA-like inputs (491)
3799,growing,complex,36.0,0.014026631345004831,complex,EMDNA-like inputs (491)
3800,growing,complex,105.0,0.4182394502956249,complex,EMDNA-like inputs (491)
3801,growing,complex,211.0,0.45696728238032086,complex,EMDNA-like inputs (491)
3802,growing,complex,288.0,0.48212193849827767,complex,EMDNA-like inputs (491)
3803,growing,intermediate,303.0,0.5239371212258678,intermediate,EMDNA-like inputs (491)
3804,growing,complex,241.0,0.47104251626690075,complex,EMDNA-like inputs (491)
3805,growing,complex,16.0,0.41167672696506563,intermediate,EMDNA-like inputs (491)
3806,growing,intermediate,24.0,0.7192043070498728,intermediate,EMDNA-like inputs (491)
3807,growing,intermediate,56.0,0.5946541938840594,intermediate,EMDNA-like inputs (491)
3808,growing,intermediate,63.0,0.218783264716341,complex,EMDNA-like inputs (491)
3809,growing,intermediate,51.0,0.33707209806471256,complex,EMDNA-like inputs (491)
3810,growing,complex,142.0,0.31061874428975716,complex,EMDNA-like inputs (491)
3811,growing,complex,126.0,0.3501412005132506,complex,EMDNA-like inputs (491)
3812,growing,complex,48.0,0.24621107247362095,complex,EMDNA-like inputs (491)
3813,growing,intermediate,53.0,0.6383522811039926,intermediate,EMDNA-like inputs (491)
3814,growing,complex,184.0,0.33780424489980854,complex,EMDNA-like inputs (491)
3815,growing,complex,211.0,0.4166089966294623,complex,EMDNA-like inputs (491)
3816,growing,complex,202.0,0.18142640085107462,complex,EMDNA-like inputs (491)
3817,growing,complex,161.0,0.20622451029346803,complex,EMDNA-like inputs (491)
3818,growing,intermediate,101.0,0.5997374946712145,intermediate,EMDNA-like inputs (491)
3819,growing,complex,19.0,0.6566021648520208,intermediate,EMDNA-like inputs (491)
3820,growing,complex,226.0,0.41036986398462777,complex,EMDNA-like inputs (491)
3821,growing,intermediate,52.0,0.5777874355214506,intermediate,EMDNA-like inputs (491)
3822,growing,complex,113.0,0.41546094242296594,complex,EMDNA-like inputs (491)
3823,growing,simple,,,,EMDNA-like inputs (491)
3824,growing,complex,245.0,0.4027553360416532,complex,EMDNA-like inputs (491)
3825,growing,complex,216.0,0.44372862570485244,complex,EMDNA-like inputs (491)
3826,growing,complex,75.0,0.3636121398398003,complex,EMDNA-like inputs (491)
3827,growing,complex,278.0,0.2820249627692153,complex,EMDNA-like inputs (491)
3828,growing,complex,228.0,0.37328704055061174,complex,EMDNA-like inputs (491)
3829,growing,complex,51.0,0.6205485467255951,intermediate,EMDNA-like inputs (491)
3830,growing,intermediate,91.0,0.3450529073408215,complex,EMDNA-like inputs (491)
3831,growing,complex,213.0,0.4394333729126302,complex,EMDNA-like inputs (491)
3832,growing,complex,94.0,0.3865476318737412,complex,EMDNA-like inputs (491)
3833,growing,intermediate,67.0,0.5764415697003803,intermediate,EMDNA-like inputs (491)
3834,growing,complex,60.0,0.41508212182436743,complex,EMDNA-like inputs (491)
3835,growing,complex,248.0,0.42266131139562196,complex,EMDNA-like inputs (491)
3836,growing,complex,61.0,0.3480101991065242,complex,EMDNA-like inputs (491)
3837,growing,complex,252.0,0.27673736841594615,complex,EMDNA-like inputs (491)
3838,growing,complex,289.0,0.4558250995981425,complex,EMDNA-like inputs (491)
3839,growing,complex,291.0,0.1821985962496539,complex,EMDNA-like inputs (491)
3840,growing,intermediate,265.0,0.5733851914264673,intermediate,EMDNA-like inputs (491)
3841,growing,complex,136.0,0.4426653100973296,complex,EMDNA-like inputs (491)
3842,growing,complex,275.0,0.34793090736376386,complex,EMDNA-like inputs (491)
3843,growing,complex,355.0,0.4381758266440292,complex,EMDNA-like inputs (491)
3844,growing,complex,395.0,0.5807282617769071,intermediate,EMDNA-like inputs (491)
3845,growing,intermediate,159.0,0.698489269435468,intermediate,EMDNA-like inputs (491)
3846,growing,complex,265.0,0.40070070963126403,complex,EMDNA-like inputs (491)
3847,growing,intermediate,397.0,0.6883479638163896,intermediate,EMDNA-like inputs (491)
3848,growing,complex,64.0,0.3984595619644268,intermediate,EMDNA-like inputs (491)
3849,growing,intermediate,48.0,0.7433119506158162,intermediate,EMDNA-like inputs (491)
3850,growing,complex,55.0,0.45005479160214323,complex,EMDNA-like inputs (491)
3851,growing,complex,225.0,0.1419274323598764,complex,EMDNA-like inputs (491)
3852,growing,complex,97.0,0.1641218444469838,complex,EMDNA-like inputs (491)
3853,growing,intermediate,50.0,0.35377249135682964,complex,EMDNA-like inputs (491)
3854,growing,complex,263.0,0.323788592341462,complex,EMDNA-like inputs (491)
3855,growing,complex,34.0,0.5201332231543967,intermediate,EMDNA-like inputs (491)
3856,growing,complex,68.0,0.17919830990471303,complex,EMDNA-like inputs (491)
3857,growing,complex,39.0,0.2771888501538763,complex,EMDNA-like inputs (491)
3858,growing,complex,40.0,0.2537831295410545,complex,EMDNA-like inputs (491)
3859,growing,complex,271.0,0.24165081319623122,complex,EMDNA-like inputs (491)
3860,growing,complex,278.0,0.33721101755194116,complex,EMDNA-like inputs (491)
3861,growing,complex,265.0,0.3704564886378877,complex,EMDNA-like inputs (491)
3862,growing,complex,113.0,0.40957126096458746,complex,EMDNA-like inputs (491)
3863,growing,complex,55.0,0.4851719909705234,complex,EMDNA-like inputs (491)
3864,growing,complex,132.0,0.3793680999540679,complex,EMDNA-like inputs (491)
3865,growing,complex,247.0,0.43640060662808117,complex,EMDNA-like inputs (491)
3866,growing,complex,166.0,0.2887066099289006,complex,EMDNA-like inputs (491)
3867,growing,complex,268.0,0.3472524063509535,complex,EMDNA-like inputs (491)
3868,growing,complex,265.0,0.5177803074475149,intermediate,EMDNA-like inputs (491)
3869,growing,complex,300.0,0.32571017377003464,complex,EMDNA-like inputs (491)
3870,growing,complex,271.0,0.4280958995524914,complex,EMDNA-like inputs (491)
3871,growing,complex,289.0,0.4458045938312389,complex,EMDNA-like inputs (491)
3872,growing,complex,121.0,0.38074712892557294,complex,EMDNA-like inputs (491)
3873,growing,complex,165.0,0.3596657847559473,complex,EMDNA-like inputs (491)
3874,growing,complex,116.0,0.22689094233127347,complex,EMDNA-like inputs (491)
3875,growing,complex,,,,EMDNA-like inputs (491)
3876,growing,complex,78.0,0.036431601431717954,complex,EMDNA-like inputs (491)
3877,growing,complex,47.0,0.3182678069847415,complex,EMDNA-like inputs (491)
3878,growing,complex,39.0,0.44341396320367943,intermediate,EMDNA-like inputs (491)
3879,growing,complex,164.0,0.13405502159199414,complex,EMDNA-like inputs (491)
3880,growing,complex,32.0,0.1173899184653317,complex,EMDNA-like inputs (491)
3881,growing,complex,201.0,0.14229343975891645,complex,EMDNA-like inputs (491)
3882,growing,complex,162.0,0.24465603041218195,complex,EMDNA-like inputs (491)
3883,growing,complex,24.0,0.0618098720413435,complex,EMDNA-like inputs (491)
3884,growing,complex,103.0,0.20762359619349183,complex,EMDNA-like inputs (491)
3885,growing,complex,271.0,0.1812697968489515,complex,EMDNA-like inputs (491)
3886,growing,complex,244.0,0.25155171269589005,complex,EMDNA-like inputs (491)
3887,growing,complex,269.0,0.2741710891024894,complex,EMDNA-like inputs (491)
3888,growing,intermediate,173.0,0.41981400577534417,complex,EMDNA-like inputs (491)
3889,growing,intermediate,262.0,0.5263954436339167,intermediate,EMDNA-like inputs (491)
3890,growing,complex,297.0,0.5875013263710545,intermediate,EMDNA-like inputs (491)
3891,growing,complex,178.0,0.42353033303458,complex,EMDNA-like inputs (491)
3892,growing,complex,315.0,0.28456347226483025,complex,EMDNA-like inputs (491)
3893,growing,complex,258.0,0.6539520651798458,intermediate,EMDNA-like inputs (491)
3894,growing,complex,130.0,0.6847792268095994,intermediate,EMDNA-like inputs (491)
3895,growing,intermediate,150.0,0.4186306809119031,complex,EMDNA-like inputs (491)
3896,growing,intermediate,320.0,0.4334918148925724,complex,EMDNA-like inputs (491)
3897,growing,intermediate,292.0,0.5228938257065059,intermediate,EMDNA-like inputs (491)
3898,growing,complex,117.0,0.4379057957178837,complex,EMDNA-like inputs (491)
3899,growing,intermediate,203.0,0.4510005181926945,complex,EMDNA-like inputs (491)
3900,growing,complex,305.0,0.16232641846172424,complex,EMDNA-like inputs (491)
3901,growing,complex,233.0,0.31449252390168186,complex,EMDNA-like inputs (491)
3902,growing,complex,211.0,0.3384656874678304,complex,EMDNA-like inputs (491)
3903,growing,complex,256.0,0.1770966658736101,complex,EMDNA-like inputs (491)
3904,growing,intermediate,336.0,0.4974387249439043,complex,EMDNA-like inputs (491)
3905,growing,intermediate,284.0,0.628881262826252,intermediate,EMDNA-like inputs (491)
3906,growing,complex,242.0,0.32499013936936816,intermediate,EMDNA-like inputs (491)
3907,growing,complex,90.0,0.37452774552262663,complex,EMDNA-like inputs (491)
3908,growing,complex,283.0,0.49826750341294956,intermediate,EMDNA-like inputs (491)
3909,growing,intermediate,,,,EMDNA-like inputs (491)
3910,growing,complex,293.0,0.2838514695040777,complex,EMDNA-like inputs (491)
3911,growing,complex,216.0,0.31460457598504443,complex,EMDNA-like inputs (491)
3912,growing,complex,220.0,0.3300943188007166,complex,EMDNA-like inputs (491)
3913,growing,complex,128.0,0.32757295589338137,complex,EMDNA-like inputs (491)
3914,growing,complex,172.0,0.36611236321042073,complex,EMDNA-like inputs (491)
3915,growing,intermediate,32.0,0.722650694112658,intermediate,EMDNA-like inputs (491)
3916,growing,complex,82.0,0.24365668680226144,complex,EMDNA-like inputs (491)
3917,growing,complex,50.0,0.3324227659394057,complex,EMDNA-like inputs (491)
3918,growing,complex,153.0,0.31967883247566353,complex,EMDNA-like inputs (491)
3919,growing,intermediate,55.0,0.6227121501532564,intermediate,EMDNA-like inputs (491)
3920,growing,complex,86.0,0.44729029977039775,complex,EMDNA-like inputs (491)
3921,growing,intermediate,239.0,0.3778821798421772,complex,EMDNA-like inputs (491)
3922,growing,complex,114.0,0.2135948658744908,complex,EMDNA-like inputs (491)
3923,growing,complex,56.0,0.37944774325393704,complex,EMDNA-like inputs (491)
3924,growing,complex,65.0,0.09064687401073653,complex,EMDNA-like inputs (491)
3925,growing,complex,287.0,0.2964033035750016,complex,EMDNA-like inputs (491)
3926,growing,intermediate,58.0,0.6795819544744466,intermediate,EMDNA-like inputs (491)
3927,growing,complex,199.0,0.17755558185646073,complex,EMDNA-like inputs (491)
3928,growing,complex,41.0,0.16654370610552147,complex,EMDNA-like inputs (491)
3930,growing,intermediate,53.0,0.35218098281737054,complex,EMDNA-like inputs (491)
3931,growing,intermediate,257.0,0.31377399987784643,complex,EMDNA-like inputs (491)
3932,growing,intermediate,36.0,0.1679271569213023,complex,EMDNA-like inputs (491)
3933,growing,complex,24.0,0.2640760289905865,complex,EMDNA-like inputs (491)
3934,growing,intermediate,241.0,0.21520566183093873,complex,EMDNA-like inputs (491)
3935,growing,complex,,,,EMDNA-like inputs (491)
3936,growing,complex,100.0,0.3120591965975007,complex,EMDNA-like inputs (491)
3938,growing,complex,83.0,0.2634847593707406,complex,EMDNA-like inputs (491)
3939,growing,complex,100.0,0.3848595644072122,complex,EMDNA-like inputs (491)
3940,growing,complex,237.0,0.36049487244250095,complex,EMDNA-like inputs (491)
3941,growing,intermediate,165.0,0.5424790823898479,intermediate,EMDNA-like inputs (491)
3942,growing,intermediate,41.0,0.5342569694560002,intermediate,EMDNA-like inputs (491)
3943,growing,complex,202.0,0.20579519345897646,complex,EMDNA-like inputs (491)
3944,growing,complex,114.0,0.23528109869535913,complex,EMDNA-like inputs (491)
3945,growing,complex,225.0,0.3583231950457889,complex,EMDNA-like inputs (491)
3946,growing,complex,143.0,0.2609895634742912,complex,EMDNA-like inputs (491)
3947,growing,complex,111.0,0.2018177672768832,complex,EMDNA-like inputs (491)
3948,growing,complex,48.0,0.1808914673601359,complex,EMDNA-like inputs (491)
3949,growing,complex,95.0,0.14973246715520475,complex,EMDNA-like inputs (491)
3950,growing,complex,109.0,0.06016486621759712,complex,EMDNA-like inputs (491)
3951,growing,intermediate,83.0,0.5535491417868842,intermediate,EMDNA-like inputs (491)
3952,growing,complex,163.0,0.18625690686258045,complex,EMDNA-like inputs (491)
3953,growing,complex,89.0,0.3269397569190916,complex,EMDNA-like inputs (491)
3954,growing,complex,133.0,0.40370490265615555,complex,EMDNA-like inputs (491)
3955,growing,complex,106.0,0.1353987931716198,complex,EMDNA-like inputs (491)
3956,growing,complex,153.0,0.22610149029628165,complex,EMDNA-like inputs (491)
3957,growing,complex,152.0,0.27979535533732214,complex,EMDNA-like inputs (491)
3959,growing,complex,111.0,0.2632147651356128,complex,EMDNA-like inputs (491)
3960,growing,complex,74.0,0.06328436902916021,complex,EMDNA-like inputs (491)
3961,growing,complex,44.0,0.3148240995121382,complex,EMDNA-like inputs (491)
3962,growing,complex,91.0,0.2295747414727447,complex,EMDNA-like inputs (491)
3963,growing,complex,29.0,0.3657258549295896,complex,EMDNA-like inputs (491)
3964,growing,complex,39.0,0.008048551560799318,complex,EMDNA-like inputs (491)
3965,growing,complex,34.0,0.020424651329700574,complex,EMDNA-like inputs (491)
3966,growing,complex,155.0,0.1539375992083788,complex,EMDNA-like inputs (491)
3967,growing,complex,170.0,0.31688622247789744,complex,EMDNA-like inputs (491)
3968,growing,complex,186.0,0.21732729640140122,complex,EMDNA-like inputs (491)
3969,growing,complex,79.0,0.1235345161358066,complex,EMDNA-like inputs (491)
3970,growing,complex,91.0,0.3078294083169467,complex,EMDNA-like inputs (491)
3971,growing,intermediate,146.0,0.16810759491143554,complex,EMDNA-like inputs (491)
3972,growing,intermediate,38.0,0.3929822503759612,complex,EMDNA-like inputs (491)
3973,growing,intermediate,40.0,0.09157393067272762,complex,EMDNA-like inputs (491)
3974,growing,complex,111.0,0.11110024321817492,complex,EMDNA-like inputs (491)
3975,growing,complex,157.0,0.0844683883329444,complex,EMDNA-like inputs (491)
3976,growing,complex,134.0,0.3185592753066721,complex,EMDNA-like inputs (491)
3977,growing,complex,174.0,0.3311240045155266,intermediate,EMDNA-like inputs (491)
3978,growing,complex,127.0,0.306756483972218,complex,EMDNA-like inputs (491)
3979,growing,complex,104.0,0.21906152795989967,complex,EMDNA-like inputs (491)
3980,growing,intermediate,19.0,0.47682056671675543,complex,EMDNA-like inputs (491)
3982,growing,complex,286.0,0.4953587414555474,complex,EMDNA-like inputs (491)
3983,growing,intermediate,188.0,0.4208077631362628,complex,EMDNA-like inputs (491)
3984,growing,intermediate,126.0,0.580472985996306,intermediate,EMDNA-like inputs (491)
4363,growing,intermediate,424.0,0.580274648378397,intermediate,EM-Earth inputs (190)
4364,growing,complex,404.0,0.41353369513531985,complex,EM-Earth inputs (190)
4365,growing,complex,470.0,0.36404044501522836,complex,EM-Earth inputs (190)
4366,growing,complex,444.0,0.3550029301571938,complex,EM-Earth inputs (190)
4367,growing,intermediate,462.0,0.5456163087037098,intermediate,EM-Earth inputs (190)
4368,growing,complex,472.0,0.41395206950184377,complex,EM-Earth inputs (190)
4369,growing,intermediate,289.0,0.47235263768397456,intermediate,EM-Earth inputs (190)
4370,growing,intermediate,450.0,0.47827877842078537,complex,EM-Earth inputs (190)
4371,growing,complex,295.0,0.4425707846133914,complex,EM-Earth inputs (190)
4372,growing,intermediate,445.0,0.4814506082245721,complex,EM-Earth inputs (190)
4373,growing,complex,418.0,0.3443555096900503,complex,EM-Earth inputs (190)
4374,growing,complex,436.0,0.4158114201297844,complex,EM-Earth inputs (190)
4375,growing,complex,445.0,0.42015206498054547,complex,EM-Earth inputs (190)
4376,growing,complex,336.0,0.3177181651483326,complex,EM-Earth inputs (190)
4377,growing,intermediate,476.0,0.5597028898979198,intermediate,EM-Earth inputs (190)
4378,growing,intermediate,327.0,0.5177747078708237,intermediate,EM-Earth inputs (190)
4379,growing,intermediate,415.0,0.5719398769891123,intermediate,EM-Earth inputs (190)
4380,growing,complex,326.0,0.4631795745182413,complex,EM-Earth inputs (190)
4381,growing,complex,449.0,0.4725954155376322,complex,EM-Earth inputs (190)
4382,growing,intermediate,358.0,0.535280080390937,intermediate,EM-Earth inputs (190)
4383,growing,intermediate,355.0,0.6019230232659317,intermediate,EM-Earth inputs (190)
4384,growing,intermediate,457.0,0.554957541907837,intermediate,EM-Earth inputs (190)
4385,growing,intermediate,397.0,0.5539021764527562,intermediate,EM-Earth inputs (190)
4386,growing,complex,413.0,0.4539779170345478,complex,EM-Earth inputs (190)
4387,growing,intermediate,313.0,0.5411720172787589,intermediate,EM-Earth inputs (190)
4388,growing,intermediate,285.0,0.5858071323526678,intermediate,EM-Earth inputs (190)
4389,growing,complex,291.0,0.27709140040745217,complex,EM-Earth inputs (190)
4390,growing,complex,329.0,0.3778390668754039,complex,EM-Earth inputs (190)
4391,growing,complex,419.0,0.34810431886359405,complex,EM-Earth inputs (190)
4392,growing,complex,334.0,0.251946574169459,complex,EM-Earth inputs (190)
4393,growing,complex,199.0,0.2821270047561974,complex,EM-Earth inputs (190)
4394,growing,complex,442.0,0.42624371661903043,complex,EM-Earth inputs (190)
4395,growing,intermediate,220.0,0.5717132142390853,intermediate,EM-Earth inputs (190)
4396,growing,complex,177.0,0.3212200160326705,complex,EM-Earth inputs (190)
4397,growing,complex,,,,EM-Earth inputs (190)
4398,growing,intermediate,276.0,0.5839795141279059,intermediate,EM-Earth inputs (190)
4399,growing,intermediate,276.0,0.4969018207511777,intermediate,EM-Earth inputs (190)
4400,growing,complex,41.0,0.45065041662240185,intermediate,EM-Earth inputs (190)
4401,growing,complex,191.0,0.38804637591525815,complex,EM-Earth inputs (190)
4402,growing,complex,97.0,0.16005131715166346,complex,EM-Earth inputs (190)
4403,growing,complex,189.0,0.2773776168300965,complex,EM-Earth inputs (190)
4404,growing,complex,160.0,0.47443282058093333,complex,EM-Earth inputs (190)
4405,growing,complex,224.0,0.5343209303703988,intermediate,EM-Earth inputs (190)
4406,growing,intermediate,234.0,0.5503767006858511,intermediate,EM-Earth inputs (190)
4407,growing,complex,16.0,0.360733685900596,complex,EM-Earth inputs (190)
4408,growing,complex,38.0,0.28391457058188163,complex,EM-Earth inputs (190)
4409,growing,complex,198.0,0.35542662527007357,complex,EM-Earth inputs (190)
4410,growing,complex,295.0,0.35796021634895503,complex,EM-Earth inputs (190)
4411,growing,complex,321.0,0.2853904997230626,complex,EM-Earth inputs (190)
4412,growing,intermediate,173.0,0.609980497198475,intermediate,EM-Earth inputs (190)
4413,growing,intermediate,321.0,0.5264463540674463,intermediate,EM-Earth inputs (190)
4414,growing,intermediate,142.0,0.5722258358251546,intermediate,EM-Earth inputs (190)
4415,growing,complex,287.0,0.3946503934668362,complex,EM-Earth inputs (190)
4416,growing,complex,75.0,0.42062520596193603,complex,EM-Earth inputs (190)
4417,growing,intermediate,164.0,0.45089595739971544,complex,EM-Earth inputs (190)
4418,growing,intermediate,369.0,0.6552504036367499,intermediate,EM-Earth inputs (190)
4419,growing,complex,385.0,0.38483483945905944,complex,EM-Earth inputs (190)
4420,growing,intermediate,345.0,0.5137439468148749,intermediate,EM-Earth inputs (190)
4421,growing,complex,350.0,0.3142118832514063,complex,EM-Earth inputs (190)
4422,growing,intermediate,426.0,0.5287304280395144,intermediate,EM-Earth inputs (190)
4423,growing,intermediate,370.0,0.5645141202905725,intermediate,EM-Earth inputs (190)
4424,growing,intermediate,385.0,0.466216265382804,complex,EM-Earth inputs (190)
4425,growing,intermediate,280.0,0.6428604985432947,intermediate,EM-Earth inputs (190)
4426,growing,complex,369.0,0.42053334845643503,complex,EM-Earth inputs (190)
4427,growing,complex,425.0,0.37261328099437047,complex,EM-Earth inputs (190)
4428,growing,complex,386.0,0.5095635031748345,intermediate,EM-Earth inputs (190)
4429,growing,complex,287.0,0.46383440388773706,complex,EM-Earth inputs (190)
4430,growing,complex,307.0,0.48360493649352954,complex,EM-Earth inputs (190)
4431,growing,complex,409.0,0.4727400239704467,complex,EM-Earth inputs (190)
4432,growing,intermediate,334.0,0.5551297638083168,intermediate,EM-Earth inputs (190)
4433,growing,intermediate,198.0,0.5896641814193351,intermediate,EM-Earth inputs (190)
4434,growing,complex,384.0,0.46638821024057453,complex,EM-Earth inputs (190)
4435,growing,intermediate,342.0,0.5156935135571509,intermediate,EM-Earth inputs (190)
4436,growing,complex,309.0,0.4333851921306919,complex,EM-Earth inputs (190)
4437,growing,intermediate,278.0,0.5596038967132665,intermediate,EM-Earth inputs (190)
4438,growing,intermediate,301.0,0.5584698922418027,intermediate,EM-Earth inputs (190)
4439,growing,complex,339.0,0.3439826562315543,complex,EM-Earth inputs (190)
4440,growing,intermediate,279.0,0.5304854094200339,intermediate,EM-Earth inputs (190)
4441,growing,complex,407.0,0.444557757112224,complex,EM-Earth inputs (190)
4442,growing,intermediate,,,,EM-Earth inputs (190)
4443,growing,intermediate,312.0,0.4587468766653912,complex,EM-Earth inputs (190)
4444,growing,complex,401.0,0.4170450678649887,complex,EM-Earth inputs (190)
4445,growing,complex,328.0,0.4530969576212566,complex,EM-Earth inputs (190)
4446,growing,complex,384.0,0.4764807253882493,complex,EM-Earth inputs (190)
4447,growing,complex,276.0,0.46022667493510383,complex,EM-Earth inputs (190)
4448,growing,complex,322.0,0.4142524166285863,complex,EM-Earth inputs (190)
4449,growing,complex,346.0,0.372458270156659,complex,EM-Earth inputs (190)
4450,growing,complex,352.0,0.4010656840216356,complex,EM-Earth inputs (190)
4451,growing,complex,352.0,0.17905566953363267,complex,EM-Earth inputs (190)
4452,growing,complex,264.0,0.29447703462281943,complex,EM-Earth inputs (190)
4453,growing,complex,355.0,0.5145148240109525,intermediate,EM-Earth inputs (190)
4454,growing,complex,438.0,0.33854807863205383,complex,EM-Earth inputs (190)
4455,growing,complex,408.0,0.3897768492015643,complex,EM-Earth inputs (190)
4456,growing,complex,387.0,0.3798582474665704,complex,EM-Earth inputs (190)
4457,growing,complex,390.0,0.44939499814100725,complex,EM-Earth inputs (190)
4458,growing,complex,252.0,0.432064418215909,complex,EM-Earth inputs (190)
4459,growing,intermediate,336.0,0.6028566830968917,intermediate,EM-Earth inputs (190)
4460,growing,intermediate,355.0,0.47253096315194626,complex,EM-Earth inputs (190)
4461,growing,complex,404.0,0.4755957122166021,complex,EM-Earth inputs (190)
4462,growing,complex,326.0,0.4364764477391035,complex,EM-Earth inputs (190)
4463,growing,complex,298.0,0.3309428972118184,complex,EM-Earth inputs (190)
4464,growing,complex,178.0,0.09642040512228894,complex,EM-Earth inputs (190)
4465,growing,complex,275.0,0.2761497231328228,complex,EM-Earth inputs (190)
4466,growing,complex,168.0,0.24177376193402356,complex,EM-Earth inputs (190)
4467,growing,complex,266.0,0.472706202143414,complex,EM-Earth inputs (190)
4468,growing,complex,329.0,0.4719305226507114,complex,EM-Earth inputs (190)
4469,growing,complex,78.0,0.35304353723355997,complex,EM-Earth inputs (190)
4470,growing,complex,300.0,0.4986500575760949,complex,EM-Earth inputs (190)
4471,growing,complex,368.0,0.315253426330006,complex,EM-Earth inputs (190)
4472,growing,complex,225.0,0.39801540552669973,complex,EM-Earth inputs (190)
4473,growing,complex,331.0,0.47392335743261876,complex,EM-Earth inputs (190)
4474,growing,complex,290.0,0.30386172067110573,complex,EM-Earth inputs (190)
4475,growing,complex,382.0,0.4854210682252862,intermediate,EM-Earth inputs (190)
4476,growing,complex,194.0,0.4434986729732489,complex,EM-Earth inputs (190)
4477,growing,intermediate,375.0,0.5283041295241299,intermediate,EM-Earth inputs (190)
4478,growing,complex,311.0,0.3513547200225971,complex,EM-Earth inputs (190)
4479,growing,complex,321.0,0.415273586641503,complex,EM-Earth inputs (190)
4480,growing,complex,253.0,0.42778403376979957,complex,EM-Earth inputs (190)
4481,growing,complex,116.0,0.35588289709010085,complex,EM-Earth inputs (190)
4482,growing,complex,129.0,0.11334316469387834,complex,EM-Earth inputs (190)
4483,growing,complex,194.0,0.2126153117831885,complex,EM-Earth inputs (190)
4484,growing,complex,259.0,0.35316116493130734,complex,EM-Earth inputs (190)
4485,growing,complex,173.0,0.3344025528764848,complex,EM-Earth inputs (190)
4486,growing,complex,327.0,0.25223425028685886,complex,EM-Earth inputs (190)
4487,growing,complex,271.0,0.37106555308039324,complex,EM-Earth inputs (190)
4488,growing,complex,261.0,0.2290888662905638,complex,EM-Earth inputs (190)
4489,growing,complex,241.0,0.3943782070644645,complex,EM-Earth inputs (190)
4490,growing,complex,247.0,0.31051701093385037,complex,EM-Earth inputs (190)
4491,growing,complex,202.0,0.4991915302117071,complex,EM-Earth inputs (190)
4492,growing,complex,258.0,0.39080328456568475,complex,EM-Earth inputs (190)
4493,growing,complex,292.0,0.3678365736334367,complex,EM-Earth inputs (190)
4494,growing,complex,255.0,0.3293816939189642,complex,EM-Earth inputs (190)
4495,growing,complex,253.0,0.12381275558254456,complex,EM-Earth inputs (190)
4496,growing,complex,246.0,0.45865598773357996,complex,EM-Earth inputs (190)
4497,growing,complex,211.0,0.33582722019464933,complex,EM-Earth inputs (190)
4498,growing,complex,219.0,0.28759337362749676,complex,EM-Earth inputs (190)
4499,growing,complex,274.0,0.32634686020887904,complex,EM-Earth inputs (190)
4500,growing,complex,291.0,0.35105426934148065,complex,EM-Earth inputs (190)
4501,growing,complex,243.0,0.27695474976803036,complex,EM-Earth inputs (190)
4502,growing,complex,159.0,0.1401498889203185,complex,EM-Earth inputs (190)
4503,growing,complex,149.0,0.3782228528906258,complex,EM-Earth inputs (190)
4504,growing,complex,284.0,0.21857015828825044,complex,EM-Earth inputs (190)
4505,growing,complex,248.0,0.29666938200235177,complex,EM-Earth inputs (190)
4506,growing,complex,209.0,0.1954072896232561,complex,EM-Earth inputs (190)
4507,growing,complex,226.0,0.2602445688018242,complex,EM-Earth inputs (190)
4508,growing,complex,121.0,0.042455091131302594,complex,EM-Earth inputs (190)
4509,growing,complex,112.0,0.2314035678537867,complex,EM-Earth inputs (190)
4510,growing,complex,94.0,0.23776470408643682,complex,EM-Earth inputs (190)
4511,growing,complex,173.0,0.4911664265339743,complex,EM-Earth inputs (190)
4512,growing,complex,183.0,0.42796920409866446,complex,EM-Earth inputs (190)
4513,growing,complex,121.0,0.09713929443592609,complex,EM-Earth inputs (190)
4514,growing,intermediate,80.0,0.3477745838696313,intermediate,EM-Earth inputs (190)
4515,growing,intermediate,73.0,0.5654633196682367,intermediate,EM-Earth inputs (190)
4516,growing,complex,77.0,0.12306565327794462,complex,EM-Earth inputs (190)
4517,growing,complex,62.0,0.3913505975881253,complex,EM-Earth inputs (190)
4518,growing,complex,35.0,0.05919375998264991,complex,EM-Earth inputs (190)
4519,growing,complex,51.0,0.21788631322149843,complex,EM-Earth inputs (190)
4520,growing,intermediate,86.0,0.6608855678222701,intermediate,EM-Earth inputs (190)
4521,growing,intermediate,105.0,0.678835045061592,intermediate,EM-Earth inputs (190)
4522,growing,intermediate,144.0,0.6473513028316472,intermediate,EM-Earth inputs (190)
4523,growing,intermediate,79.0,0.6167393032690022,intermediate,EM-Earth inputs (190)
4524,growing,intermediate,118.0,0.5218848777410017,intermediate,EM-Earth inputs (190)
4525,growing,intermediate,89.0,0.5571409320601475,intermediate,EM-Earth inputs (190)
4526,growing,complex,157.0,0.36344409191829297,complex,EM-Earth inputs (190)
4527,growing,complex,151.0,0.3827408917449773,complex,EM-Earth inputs (190)
4528,growing,intermediate,106.0,0.47181374243533125,intermediate,EM-Earth inputs (190)
4529,growing,complex,79.0,0.511165460644101,intermediate,EM-Earth inputs (190)
4530,growing,intermediate,85.0,0.7891007626871587,simple,EM-Earth inputs (190)
4531,growing,complex,112.0,0.5044470444499471,intermediate,EM-Earth inputs (190)
4532,growing,intermediate,80.0,0.5172419428093551,intermediate,EM-Earth inputs (190)
4533,growing,complex,90.0,0.40556887953070364,complex,EM-Earth inputs (190)
4534,growing,complex,82.0,0.6305672968256538,intermediate,EM-Earth inputs (190)
4535,growing,complex,59.0,0.3095501592509578,complex,EM-Earth inputs (190)
4536,growing,complex,118.0,0.3895417030522456,complex,EM-Earth inputs (190)
4537,growing,complex,105.0,0.328272585196234,complex,EM-Earth inputs (190)
4538,growing,complex,145.0,0.15675192717787842,complex,EM-Earth inputs (190)
4539,growing,intermediate,142.0,0.6090448071120986,intermediate,EM-Earth inputs (190)
4540,growing,intermediate,223.0,0.6357699805976886,intermediate,EM-Earth inputs (190)
4541,growing,intermediate,226.0,0.6637128548893273,intermediate,EM-Earth inputs (190)
4542,growing,intermediate,224.0,0.5851052222643339,intermediate,EM-Earth inputs (190)
4543,growing,complex,177.0,0.5054962663984779,intermediate,EM-Earth inputs (190)
4544,growing,intermediate,205.0,0.6156094219864208,intermediate,EM-Earth inputs (190)
4545,growing,complex,179.0,0.5292146811385551,intermediate,EM-Earth inputs (190)
4546,growing,intermediate,275.0,0.6126967759170012,intermediate,EM-Earth inputs (190)
4547,growing,intermediate,190.0,0.5890222943009922,intermediate,EM-Earth inputs (190)
4548,growing,complex,168.0,0.24819920343327725,complex,EM-Earth inputs (190)
4549,growing,complex,139.0,0.3768506233420489,complex,EM-Earth inputs (190)
4550,growing,complex,170.0,0.29720061639539364,complex,EM-Earth inputs (190)
4551,growing,complex,113.0,0.3595546222960038,complex,EM-Earth inputs (190)
4552,growing,complex,128.0,0.3001446896635546,complex,EM-Earth inputs (190)
