Gridcode,n,r2_lin,slope_lin,intercept_lin,r2_seg1,r2_seg2,psi1_seg1,psi1_seg2,psi2_seg2,p_score_01,p_score_12,k_seq,k_selgmented,r2_selgmented,label_seq,label_selg,label_any_seg,season,valid_model,behavioral_class,R2,num_events
320,62,0.8045949478595085,0.7082573618671661,-14.387235769668685,0.8122456268976231,0.8125167187335597,35.639710586009556,34.75839174993968,200.06254873914412,0.37679138011303737,0.8808376960850577,0,0,0.8045949478595085,simple,simple,simple,dormant,Linear Model,Simple,0.804594948,62
551,85,0.8560687720551817,0.7198636271302373,-11.693616718578303,0.8972955238094549,0.8998688233181226,110.65049229601587,93.0546473,110.6455904,1.5481907641737098e-05,0.6155773016647174,1,1,0.8972955238094549,simple,simple,simple,dormant,Linear Model,Simple,0.856068772,85
639,111,0.8074223039263664,0.7419675232381209,-15.960831391002605,0.8446945894372229,0.8451543838821546,51.42862127975407,50.22533779610907,156.22325085,0.00011784208016580481,0.7937276324800729,1,1,0.8446945894372229,simple,simple,simple,dormant,Linear Model,Simple,0.807422304,111
1344,129,0.8135908076658573,0.625053611923557,-13.722411908868114,0.8540954182630943,0.8565208702452858,53.46465399862326,66.00961817573946,130.0521611675368,1.434559527262477e-05,0.7313509314346249,1,1,0.8540954182630943,simple,simple,simple,dormant,Linear Model,Simple,0.813590808,129
1345,134,0.8074545673453306,0.4953840307173207,-12.473040664281463,0.84388906156408,0.8522588450399543,131.92371852102158,41.23481486042395,162.54975260999993,9.468352326762122e-07,0.17693151330467669,1,1,0.84388906156408,simple,simple,simple,dormant,Linear Model,Simple,0.807454567,134
1347,22,0.9549806314451422,0.8617487068287489,-25.4519984403035,0.9711489544933241,0.979944501092472,43.18689679626065,48.654553079639705,227.79172606319042,0.4192156103196397,0.12602713814945984,0,1,0.9711489544933241,simple,simple,simple,dormant,Linear Model,Simple,0.954980631,22
1349,90,0.9268271000550122,0.8969964373342335,-28.794084392112886,0.9493833893763688,,62.364255660865346,,,1.6174854931517115e-05,0.6829310021014016,1,1,0.9493833893763688,simple,simple,simple,dormant,Linear Model,Simple,0.9268271,90
1352,74,0.633833859094308,0.3636325483136224,-5.340149612836107,0.6514603089439744,0.6991740085490458,112.63077794,58.6211835780749,85.46295823950304,0.4239153686797005,0.15044350930763034,0,1,0.6514603089439744,intermediate,intermediate,intermediate,dormant,Linear Model,Intermediate,0.633833859,74
1353,30,0.9210308338607682,0.747321920797245,-18.818629022548645,0.928034463207946,0.9418490251480175,214.86755128961016,49.14660969041526,209.0035642420156,0.904178032113035,0.037038510868766514,0,0,0.9210308338607682,simple,simple,simple,dormant,Linear Model,Simple,0.921030834,30
1355,133,0.7419418686797388,0.5042718698035115,-5.839168483590102,0.7519477266242409,0.7545217961842631,44.82030976612419,47.75436213767165,74.6479032101548,0.2867878917605401,0.17002235414826125,0,1,0.7519477266242409,intermediate,intermediate,intermediate,dormant,Linear Model,Intermediate,0.741941869,133
1356,48,0.86937429513003,0.7615939284837564,-20.90759178227426,0.8885505485515833,0.8944715050669024,105.69383442409304,246.1748072,256.08491139999995,0.03923170422758456,0.563503893286948,1,1,0.8885505485515833,simple,simple,simple,dormant,Linear Model,Simple,0.869374295,48
1364,28,0.7533769357509766,0.7903640607589597,-16.875462587770876,0.7984793347037132,0.8048503717818887,157.77668319000003,95.64699211707406,155.68297683337605,0.08410346635863442,0.4471113196324693,0,0,0.7533769357509766,simple,simple,simple,dormant,Linear Model,Simple,0.753376936,28
1365,33,0.8150539010311444,0.7275493909505222,-8.074459878480289,0.823173270590622,0.9075942624638322,165.11987597986476,186.1871993,197.2094239,0.6541957399584617,0.22954422262547747,0,0,0.8150539010311444,simple,simple,simple,dormant,Linear Model,Simple,0.815053901,33
1405,78,0.8407877705739121,0.7024415406266118,-14.972054212805615,0.8585630660564546,0.8962038840008275,104.41440701986672,146.69140043672624,213.1343869463922,0.047675141058129845,0.01209262286098389,2,2,0.8962038840008275,simple,simple,simple,dormant,Linear Model,Simple,0.840787771,78
1409,146,0.6977071617692586,0.2770124999170771,-5.725183469142444,0.7875647912854868,0.794650505159036,114.1961337151133,37.8317447026245,119.59932927537479,1.8723113670655986e-10,0.012127091609567741,2,2,0.794650505159036,intermediate,intermediate,intermediate,dormant,Segmented Model (1 Bp),Intermediate,0.779255832,146
1411,70,0.8135349921090514,0.44393461003129464,-6.337659699675414,0.8373417807013683,,247.91940936499986,,,0.11158174186124015,0.04036131870750777,0,0,0.8135349921090514,simple,simple,simple,dormant,Linear Model,Simple,0.813534992,70
1417,110,0.7457184609061411,0.5305247793704301,-6.761444486801639,0.8190983740276863,0.8237110506184637,126.47215354635058,106.2539846,116.0559068,2.8883731067572505e-05,0.8871393477629184,1,1,0.8190983740276863,intermediate,intermediate,intermediate,dormant,Segmented Model (1 Bp),Intermediate,0.787331475,110
1483,43,0.823789568781389,0.5664310931022707,-20.679544759877096,0.8867894810432729,0.8958034019893906,132.040212500511,150.94418024896032,209.06845490096376,0.0025121546165782094,0.17821562415707343,1,1,0.8867894810432729,simple,simple,simple,dormant,Linear Model,Simple,0.823789569,43
1634,340,0.5302704036392629,0.17644574398339252,-2.332067845354747,0.5570187764444308,0.5578621229880839,34.833661374905056,33.85317650795488,53.08969002461883,0.00015215894758049348,0.8280301637468391,1,1,0.5570187764444308,intermediate,intermediate,intermediate,dormant,Linear Model,Intermediate,0.530270404,340
1646,351,0.39955743328566223,0.1358284084974267,-2.2342706950538105,0.45754016249651314,0.45824636664464286,51.880475103721835,12.765317375632577,52.73521843192126,1.7104350060661193e-07,0.4569825111032043,1,1,0.45754016249651314,complex,complex,complex,dormant,-,Complex,,351
1647,360,0.6589064467205202,0.48139811126908666,-7.591886321766165,0.7262184147505756,0.7301545465594229,51.0626662859592,39.897635941855405,61.21403665161101,7.501607514957005e-16,0.11178262984666783,1,1,0.7262184147505756,intermediate,intermediate,intermediate,dormant,Linear Model,Intermediate,0.658906447,360
1648,314,0.5712840360955355,0.24597541519022423,-3.8378944769315835,0.6522848004143222,0.6535013522376947,56.2352552275926,26.703083696090957,58.00823329025045,9.26418936434536e-15,0.002497749699981447,2,2,0.6535013522376947,intermediate,intermediate,intermediate,dormant,Linear Model,Intermediate,0.571284036,314
1649,493,0.46635700407245817,0.14370920589320416,-2.36399825336222,0.525413103155807,0.5340405781403054,44.04436099952456,57.391436916109704,75.77861372186153,3.231729169544124e-08,0.06497215449507426,1,1,0.525413103155807,complex,complex,complex,dormant,-,Complex,,493
1650,520,0.4776039042349241,0.3541960804110985,-5.038798826836965,0.5265361442958966,0.5302389996906678,57.75675550597361,17.879351287333094,58.2263229236983,3.0043875517295213e-12,0.03936013188334965,2,2,0.5302389996906678,complex,complex,complex,dormant,-,Complex,,520
1683,298,0.4865989872113511,0.34814806883365906,-4.612752833507682,0.5275946519559478,0.5285151829841466,43.31751927292676,14.654246456044248,43.38550135291699,5.546532787579035e-05,0.05164272975860887,1,1,0.5275946519559478,complex,complex,complex,dormant,-,Complex,,298
1686,319,0.552378093495222,0.2995385212204905,-3.9475630216080457,0.5917965489522329,0.5929173289332359,49.68534489231303,9.86828620283488,49.68966335556709,1.345965463758973e-07,0.23381055001999987,1,1,0.5917965489522329,intermediate,intermediate,intermediate,dormant,Linear Model,Intermediate,0.552378094,319
1687,451,0.6012119369033159,0.31064487586380196,-4.031561785725447,0.6293761216414046,0.6320416122499444,28.6139918553756,34.47636093549795,42.5092026638321,5.241205217787114e-05,0.2621060618155848,1,1,0.6293761216414046,intermediate,intermediate,intermediate,dormant,Linear Model,Intermediate,0.601211937,451
1688,336,0.49792875990077795,0.2823826339551622,-3.5642186220892564,0.5182732631334268,0.5260388397736206,28.804155214005014,53.68868158413515,62.01795594938705,0.0047834137309674014,0.5171745480309651,1,1,0.5182732631334268,complex,complex,complex,dormant,-,Complex,,336
1689,437,0.589088994551514,0.3022542446337269,-4.205214212495806,0.6258093375862357,0.6286887967254357,37.862532060419475,40.981183496874834,76.58641261972221,1.0307386518439412e-07,0.2772208735094362,1,1,0.6258093375862357,intermediate,intermediate,intermediate,dormant,Linear Model,Intermediate,0.589088995,437
1690,373,0.5202137659946053,0.13064823750183607,-1.3177079939591945,0.5373895577778914,0.5419674419379814,69.29020483486565,27.86012790748593,71.3699144790931,0.0003878197301969464,0.5764506518244648,1,1,0.5373895577778914,intermediate,intermediate,intermediate,dormant,Linear Model,Intermediate,0.520213766,373
1691,399,0.5108882516245246,0.23693503678243352,-3.9455474073373384,0.5757910054911832,0.5780235353875128,44.557757197512174,31.66547415065574,65.635754290991,3.881244437320114e-12,0.18137609101922028,1,1,0.5757910054911832,intermediate,intermediate,intermediate,dormant,Linear Model,Intermediate,0.510888252,399
1703,280,0.5782725252694229,0.24293597677384268,-4.024920741712566,0.6074813637728509,0.6081540644992666,34.99501387842347,34.00322252076799,65.78611724154541,1.9853118672837258e-05,0.29379844248881104,1,1,0.6074813637728509,intermediate,intermediate,intermediate,dormant,Linear Model,Intermediate,0.578272525,280
1704,329,0.5759136893462546,0.36223292303162885,-5.404090745544734,0.6270968538579457,0.6304148934890607,48.94840362147788,53.569897809851184,70.45472666085116,9.786135081743996e-08,0.1692632879892081,1,1,0.6270968538579457,intermediate,intermediate,intermediate,dormant,Linear Model,Intermediate,0.575913689,329
1705,297,0.5185383108816075,0.32844570555971997,-5.070144500855597,0.5585552290116048,0.5647699543623957,67.97540347832566,30.154975890657475,74.22220011274243,4.244774652667553e-07,0.10286339769566688,1,1,0.5585552290116048,intermediate,intermediate,intermediate,dormant,Linear Model,Intermediate,0.518538311,297
1706,404,0.6295937025005105,0.39877732642681946,-5.923222850184169,0.7022892676125327,0.7041562776802974,44.45545704553624,45.969092708547514,68.99624858232126,8.101974809810532e-15,0.26737470190260043,1,1,0.7022892676125327,intermediate,intermediate,intermediate,dormant,Linear Model,Intermediate,0.629593703,404
1707,357,0.5711299481445868,0.3004388742842576,-4.95027414935559,0.6071108105695138,0.6111614829525485,50.479811766012006,21.74445458277292,57.03113730703935,2.397407112958417e-08,0.08137637893822369,1,1,0.6071108105695138,intermediate,intermediate,intermediate,dormant,Linear Model,Intermediate,0.571129948,357
1709,191,0.46046792197397435,0.2585278228659797,-3.7319968366969207,0.4889230439251589,0.4897384543223352,25.882774935850563,25.57204888353278,63.24956669811104,0.005041896056885658,0.8171836223727913,1,1,0.4889230439251589,complex,complex,complex,dormant,-,Complex,,191
1710,347,0.5924324796432809,0.27405746719962715,-4.232955662524788,0.6275004154442596,0.6306963411046084,31.0765410524006,28.21934810685018,74.07889496697854,2.6089733411751135e-07,0.21722444991189804,1,1,0.6275004154442596,intermediate,intermediate,intermediate,dormant,Linear Model,Intermediate,0.59243248,347
1711,301,0.5577955352503573,0.266270344602805,-4.031839524608912,0.5831127043181759,0.5855816147846058,30.563083695249073,46.205960900114604,68.60569576111482,0.0021786175237853327,0.4081518430177229,1,1,0.5831127043181759,intermediate,intermediate,intermediate,dormant,Linear Model,Intermediate,0.557795535,301
1712,377,0.5838462374261321,0.2742340649293718,-4.108949350877115,0.6190518125858371,0.6198726994430797,37.82106741624091,15.410341728182148,38.75312025429715,8.823132196656288e-08,0.4656332519041605,1,1,0.6190518125858371,intermediate,intermediate,intermediate,dormant,Linear Model,Intermediate,0.583846237,377
1713,377,0.6161200851407962,0.3097235064732833,-5.098155791184164,0.6666634485510635,0.6720633270387416,43.91624291969296,29.68596590602438,66.64639050854049,3.5145168688801487e-12,0.07177155084755849,1,1,0.6666634485510635,intermediate,intermediate,intermediate,dormant,Linear Model,Intermediate,0.616120085,377
1714,271,0.6034806076447743,0.21490060786021617,-3.756252477262858,0.6991980134431852,0.708101733744905,80.44892604,26.55146973099803,80.44892604,5.095065964377688e-16,0.0004243637299383456,2,2,0.708101733744905,intermediate,intermediate,intermediate,dormant,Linear Model,Intermediate,0.603480608,271
1715,309,0.5832646136787113,0.23746349660154406,-3.9957188358389937,0.6619823194692566,0.6675485265184479,54.82315322410853,28.3224141320385,72.41721106,5.160663901758057e-15,0.00044528021775328566,2,2,0.6675485265184479,intermediate,intermediate,intermediate,dormant,Linear Model,Intermediate,0.583264614,309
1716,307,0.5669696392256934,0.2936920138893705,-4.996719558763735,0.6241079637198437,0.6259474693698971,45.18511645877211,49.284931994835084,68.01110156469613,1.947076679403336e-08,0.9113213695513582,1,1,0.6241079637198437,intermediate,intermediate,intermediate,dormant,Linear Model,Intermediate,0.566969639,307
1717,307,0.650871443673582,0.45555707744851287,-7.057416299311942,0.7042395420854992,0.7096720616986869,48.18076475021533,40.372989540556674,76.14284007299997,9.733949489635723e-12,0.03972052696321646,2,2,0.7096720616986869,intermediate,intermediate,intermediate,dormant,Linear Model,Intermediate,0.650871444,307
1718,288,0.6552176659829647,0.5283438063384036,-7.634764027111738,0.7032071719555603,0.7135560802537997,56.93530323696623,35.87360309594441,72.52684929849998,4.1095383793683994e-11,0.002856565551462672,2,2,0.7135560802537997,intermediate,intermediate,intermediate,dormant,Linear Model,Intermediate,0.655217666,288
1719,326,0.578040145879206,0.3377737131754604,-4.438190548733271,0.6108646182410544,0.6131030269476727,50.943195862064,18.26118463420713,53.83405511445917,9.170510035688682e-07,0.45463384418035657,1,1,0.6108646182410544,intermediate,intermediate,intermediate,dormant,Linear Model,Intermediate,0.578040146,326
1720,354,0.5277706519017994,0.3294630755160574,-5.93317852428691,0.6336720382121112,0.6393726542436834,81.47732973840323,44.31861185728944,90.12850288799994,1.3195736478384855e-16,0.14618424039061886,1,1,0.6336720382121112,intermediate,intermediate,intermediate,dormant,Linear Model,Intermediate,0.527770652,354
1721,233,0.5801119088738346,0.3643447674123524,-5.450748742163126,0.6262666957343734,0.6280514278310274,39.99037270402769,20.657210869391207,44.39138984218177,4.1888221348440145e-07,0.1450060537951695,1,1,0.6262666957343734,intermediate,intermediate,intermediate,dormant,Linear Model,Intermediate,0.580111909,233
1722,314,0.6975522124150791,0.10881679612176332,-1.0273012321033272,0.7333649236148023,0.7341950121158323,66.20604102092872,62.37139048562333,65.1436036290064,1.1709310744719381e-08,0.6662731392046817,1,1,0.7333649236148023,intermediate,intermediate,intermediate,dormant,Linear Model,Intermediate,0.697552212,314
1723,384,0.5259535378439212,0.24090362032689244,-4.151555539268025,0.5913162180163186,0.5986601053324655,76.30999769216012,43.65257155604272,77.87764556552314,1.324898391871519e-12,0.07216364109686642,1,1,0.5913162180163186,intermediate,intermediate,intermediate,dormant,Linear Model,Intermediate,0.525953538,384
1724,272,0.5547218127873812,0.29193947241116014,-5.43664802300453,0.5981023237734112,0.6019313931719559,83.6798673353953,22.91849436991969,83.6802287896283,9.372157356082458e-06,0.612479286173403,1,1,0.5981023237734112,intermediate,intermediate,intermediate,dormant,Linear Model,Intermediate,0.554721813,272
1725,286,0.555899633693321,0.18534583207907535,-3.141826219320934,0.588254526558833,0.5944641978230841,86.62140718976589,23.364671359020335,89.04286618750001,8.586429128467736e-06,0.3601226158141363,1,1,0.588254526558833,intermediate,intermediate,intermediate,dormant,Linear Model,Intermediate,0.555899634,286
1726,259,0.5994171888804823,0.20755407142706833,-3.9963569406357466,0.6657854185947868,0.6708944092465197,88.69380837399939,25.219022184850274,88.69380672337707,1.4164009208382117e-10,0.06758660910305654,1,1,0.6657854185947868,intermediate,intermediate,intermediate,dormant,Linear Model,Intermediate,0.599417189,259
1727,259,0.6096034376184343,0.18575009038509072,-3.068298360686468,0.6637895623376002,0.6734733486082805,77.66595098100001,24.576351448728712,77.66595098100001,5.803299844090524e-11,0.00023208811601642672,2,2,0.6734733486082805,intermediate,intermediate,intermediate,dormant,Linear Model,Intermediate,0.609603438,259
1728,472,0.5718159020385218,0.27047417752324465,-4.800844180479282,0.6612277261494734,0.6714189074672939,82.12314112749999,30.827747986855634,82.12314112749999,2.9121384715024717e-22,0.0009806416942221977,2,2,0.6714189074672939,intermediate,intermediate,intermediate,dormant,Linear Model,Intermediate,0.571815902,472
1729,320,0.6888465072575487,0.49766922446437445,-8.449484969525146,0.7367144173915137,0.7379001553242724,47.42741783722706,45.729781513418494,93.58640402850001,3.3198606922762317e-12,0.03461582230004956,2,2,0.7379001553242724,intermediate,intermediate,intermediate,dormant,Linear Model,Intermediate,0.688846507,320
1730,315,0.5995107292226022,0.3713876111642177,-5.212673166089214,0.6436021624816266,,43.13531692155914,,,1.5316260226547476e-06,0.02975031352022145,1,0,0.5995107292226022,intermediate,intermediate,intermediate,dormant,Linear Model,Intermediate,0.599510729,315
1731,297,0.600336250704959,0.22465994316509533,-4.543291917294298,0.6498288211324014,0.6584973244173701,82.09167870371571,34.11120180152613,93.84155748095148,2.8298019786762993e-09,0.1596931845633284,1,1,0.6498288211324014,intermediate,intermediate,intermediate,dormant,Linear Model,Intermediate,0.600336251,297
1732,256,0.5147598590864947,0.30334510639434853,-6.000414984318696,0.658825031530707,0.66138018166858,90.56020538945562,21.56764760225398,90.56020539000001,1.8617137167651004e-13,0.417709393307483,1,1,0.658825031530707,intermediate,intermediate,intermediate,dormant,Linear Model,Intermediate,0.514759859,256
1733,314,0.5831969733775825,0.3004529101845378,-5.893764058097415,0.6698203196680472,0.6785237479335238,64.51254440399823,31.173440696782382,75.04275890272454,3.0824360368985004e-16,0.00034989959244008015,2,2,0.6785237479335238,intermediate,intermediate,intermediate,dormant,Linear Model,Intermediate,0.583196973,314
1734,285,0.6226343676490395,0.3053108214448241,-5.19244536946675,0.6557768995517665,0.6587711342031539,78.60733177497215,18.854721285884967,80.05973216214369,1.2458591373071904e-06,0.4117003938843373,1,1,0.6557768995517665,intermediate,intermediate,intermediate,dormant,Linear Model,Intermediate,0.622634368,285
1735,289,0.6173653868634607,0.16377128560840407,-2.8990280555788828,0.6359111021765564,0.6427741757677236,30.67053748119992,27.061051448763795,96.57677975191783,7.964854803080827e-05,0.06904289565623582,1,1,0.6359111021765564,intermediate,intermediate,intermediate,dormant,Linear Model,Intermediate,0.617365387,289
1736,291,0.6009226420453784,0.21526658851892802,-4.248135076966377,0.6554216602504505,0.6588082908060189,73.64354522702436,25.236750756542158,74.85627116865022,3.901339778179443e-10,0.08371899238753089,1,1,0.6554216602504505,intermediate,intermediate,intermediate,dormant,Linear Model,Intermediate,0.600922642,291
1737,328,0.7604169268723401,0.19084876284666377,-4.832227360966515,0.7861710986018963,0.7914432760088502,56.31810587107241,49.45060641691308,158.82976902,1.267834403036204e-09,0.009953429691434984,2,2,0.7914432760088502,simple,simple,simple,dormant,Linear Model,Simple,0.760416927,328
1738,300,0.687200771146668,0.2115941586520692,-5.579601006465725,0.7046603328728087,0.7071458705142095,49.93120118819205,64.04600451279633,161.70413726500007,0.04892472176001412,0.1674849224954784,1,1,0.7046603328728087,intermediate,intermediate,intermediate,dormant,Linear Model,Intermediate,0.687200771,300
1739,215,0.5374593248667048,0.2466614496607013,-4.8163937380036135,0.555665365022627,0.6091433046026041,39.769973677262975,90.67914616,91.96421238,0.6474989697147608,0.0002926589082703295,0,2,0.6091433046026041,intermediate,intermediate,intermediate,dormant,Linear Model,Intermediate,0.537459325,215
1740,344,0.6742966235277764,0.3071134844535885,-5.193404744046002,0.7248821180323143,0.7268488483749479,43.999244399235906,36.029117840638484,62.157733296087095,6.6056598178433156e-12,0.21183731279236132,1,1,0.7248821180323143,intermediate,intermediate,intermediate,dormant,Linear Model,Intermediate,0.674296623,344
1741,269,0.5397371891340239,0.3271849820383119,-4.996413513731785,0.5975523072173806,0.6128737308355564,62.50831462868284,66.4410448201352,90.86651789199999,2.5518282194077573e-06,0.0020540512332644133,2,2,0.6128737308355564,intermediate,intermediate,intermediate,dormant,Linear Model,Intermediate,0.539737189,269
1742,210,0.4349703652690846,0.1983787241148351,-2.7945665335582475,0.5370787407857043,0.5387072457778729,80.95751504499992,51.35596357702007,80.95574040749285,6.385357069777007e-08,0.6786013342161985,1,1,0.5370787407857043,complex,complex,complex,dormant,-,Complex,,210
1743,246,0.5796356148775552,0.30923173128964976,-5.81211004494121,0.6161343029438833,0.6246586621167219,59.8168522980855,77.36025836835239,94.19974583679095,3.9301835943239294e-05,0.3787959636058026,1,1,0.6161343029438833,intermediate,intermediate,intermediate,dormant,Linear Model,Intermediate,0.579635615,246
1744,360,0.5862724726587838,0.2915202284805811,-4.889073792130733,0.6349379725429602,0.6356420395676882,54.705507786139535,32.70865067158977,58.867619521076676,1.973731047689388e-08,0.2852182699111525,1,1,0.6349379725429602,intermediate,intermediate,intermediate,dormant,Linear Model,Intermediate,0.586272473,360
1745,314,0.6041932203656538,0.36286673566151656,-4.848785158863,0.6285932449361644,0.6310112318751081,107.50797744999988,89.45452537,91.76194511,6.470500085341915e-05,0.6453438628704966,1,1,0.6285932449361644,intermediate,intermediate,intermediate,dormant,Linear Model,Intermediate,0.60419322,314
1746,392,0.6309532755762403,0.26879339395413226,-5.645166327622758,0.680293091101119,0.6837612111772063,55.10044933518424,31.06860369469648,65.64773770293095,1.479190810563956e-10,0.8908023838341635,1,1,0.680293091101119,intermediate,intermediate,intermediate,dormant,Linear Model,Intermediate,0.630953276,392
1747,249,0.5969742986435994,0.1918841185580785,-4.221694604132036,0.8064010104696931,0.8079334907769027,99.746643304,24.908354731015457,99.746643304,2.1612874752818506e-23,0.11462346142213814,1,1,0.8064010104696931,intermediate,intermediate,intermediate,dormant,Segmented Model (1 Bp),Intermediate,0.806401011,249
1748,186,0.3584297161459326,0.08926395154167129,-1.0821150625388705,0.36992598111288055,0.3917418213044831,50.45672070013395,71.38926736423426,76.80863432880724,0.4267165117332181,0.007649515184166125,0,2,0.3917418213044831,complex,complex,complex,dormant,-,Complex,,186
1749,31,0.4545609561201113,0.006313381172738764,0.028691429470724658,0.48311222533454506,0.507207538806434,2.859339675865674,6.637679543857916,40.45918870279276,0.5511174823619844,0.30459893108076186,0,0,0.4545609561201113,complex,complex,complex,dormant,-,Complex,,31
1750,221,0.5529807858277078,0.28250044274180974,-4.944549519105066,0.691547448349328,0.6924263675645476,75.6952070212503,72.62585495177565,87.3358618981559,1.6611197882836912e-15,0.003300784508264145,2,2,0.6924263675645476,intermediate,intermediate,intermediate,dormant,Linear Model,Intermediate,0.552980786,221
1751,194,0.5531275498586229,0.2611416415211889,-4.250587184292126,0.6961619178014725,0.697741841868141,83.11849307411946,18.987099794787053,84.33377134450014,6.140837629088678e-11,0.07521533738739519,1,1,0.6961619178014725,intermediate,intermediate,intermediate,dormant,Linear Model,Intermediate,0.55312755,194
1752,84,0.3230388230695115,0.04533251864132149,-0.34961542638013726,0.3287284903469342,0.3535177673701889,12.238593844517961,30.826212169999998,48.717837769999996,0.7794359015550183,0.6267818993145902,0,0,0.3230388230695115,complex,complex,complex,dormant,-,Complex,,84
1753,218,0.3978616803662775,0.16790620860081545,-2.6759536615706745,0.4268400066865557,0.4317898238649554,58.85408240965426,47.80875029,51.360072540000004,0.0036747799354013514,0.7967534120964925,1,1,0.4268400066865557,complex,complex,complex,dormant,-,Complex,,218
1754,197,0.19889103392924248,0.10429863286521766,-1.543347961688874,0.46415544070198306,0.5209959283505567,71.60534443999998,68.71917323365425,71.60534443999998,1.582359864666986e-08,0.06998458713705746,1,1,0.46415544070198306,complex,complex,complex,dormant,-,Complex,,197
1755,247,0.24250310621376217,0.10081193146360445,-1.6009096692141167,0.29855871059388345,0.2992157567104104,55.829826117060605,20.782675735828036,56.658443113452165,0.00012948170125056567,0.5788995142854021,1,1,0.29855871059388345,complex,complex,complex,dormant,-,Complex,,247
1756,274,0.49974484418130033,0.2812642600386818,-5.262245927246052,0.610815613136458,0.6126915388376327,67.33492070793514,19.609038208880378,67.82004123173081,8.935901866497111e-13,0.882769177340959,1,1,0.610815613136458,complex,complex,complex,dormant,-,Complex,,274
1757,319,0.5233422674594003,0.21132048304541406,-3.2749791130843304,0.5707310839753834,0.5845073700943832,59.228428122319485,73.38849427,74.25522242000001,4.6757873186765244e-07,0.5264808131496261,1,1,0.5707310839753834,intermediate,intermediate,intermediate,dormant,Linear Model,Intermediate,0.523342267,319
1758,284,0.6495126720041682,0.4167978971547658,-8.918661101669082,0.7802920138244736,0.7805596944377363,67.9140320101957,15.02776251382981,68.21834927501399,9.569496813217227e-21,0.13990171461103038,1,1,0.7802920138244736,intermediate,intermediate,intermediate,dormant,Segmented Model (1 Bp),Intermediate,0.780292014,284
1759,32,0.48105702471081746,0.20769418076307097,-3.978294007888409,0.9634489185607586,,70.40560619349999,,,2.2053033049921964e-05,0.09419691241066254,1,1,0.9634489185607586,intermediate,intermediate,intermediate,dormant,Segmented Model (1 Bp),Intermediate,0.963448919,32
1760,15,0.006411362692244754,-0.0020039824320554496,0.14779001617036197,0.023474602609781566,0.14164712029587717,14.777069562915361,5.448348878,13.62454577,0.9180547486518083,0.4547070620367033,0,0,0.006411362692244754,complex,complex,complex,dormant,-,Complex,,15
1762,134,0.1283682203032571,0.03403402469597727,-0.46356645566188426,0.13745527294098162,0.13895494946727352,48.40879086673092,40.94538762,43.75351013,0.5483696641815812,0.15904042354400352,0,0,0.1283682203032571,complex,complex,complex,dormant,-,Complex,,134
1763,56,0.5463195323418552,0.05417660588855185,-0.7737151515464397,0.7336043210060835,0.7355048594776746,37.449919845497455,34.35780199,36.314799830000005,3.360188101037826e-05,0.9583071847206301,1,1,0.7336043210060835,intermediate,intermediate,intermediate,dormant,Linear Model,Intermediate,0.546319532,56
1764,239,0.6882467518764619,0.39360873571044414,-9.825613149416068,0.7398010338058518,0.7406968737735433,63.81595470719445,66.44075848594233,139.90976100999998,2.536425112198468e-07,0.5035499691724752,1,1,0.7398010338058518,intermediate,intermediate,intermediate,dormant,Linear Model,Intermediate,0.688246752,239
1765,203,0.5552863418060265,0.38919447745732755,-8.445069009183106,0.7221289968961787,,100.37544998199995,,,3.740757029517552e-17,0.00010581576567149362,1,0,0.5552863418060265,intermediate,intermediate,intermediate,dormant,Linear Model,Intermediate,0.555286342,203
1766,380,0.5224384989654546,0.2253431034323809,-3.9661926775135004,0.5358228593560875,0.5359243829217556,34.660477659238886,21.252225862252043,36.07603992192889,0.13672715495520776,0.1600923489559206,0,1,0.5358228593560875,intermediate,intermediate,intermediate,dormant,Linear Model,Intermediate,0.522438499,380
1767,185,0.6987550332911329,0.23279267765862643,-4.084761527681568,0.84346385375752,0.8461971465938111,83.78052335177914,29.392070810908628,83.77966889876322,6.834831853741304e-18,0.005291251974576414,2,2,0.8461971465938111,intermediate,intermediate,intermediate,dormant,Segmented Model (1 Bp),Intermediate,0.843463854,185
1768,395,0.6442326093760463,0.2591126788030122,-5.161776440248709,0.7253830291166554,0.7290395821981498,116.55592897999988,32.01256297116498,116.55592897999988,2.1994019860714616e-20,0.003160936514359591,2,2,0.7290395821981498,intermediate,intermediate,intermediate,dormant,Linear Model,Intermediate,0.644232609,395
1769,195,0.6035605238125356,0.4128930408248525,-8.72103145181115,0.8947069864891339,,96.49534859199997,,,2.6990784682980755e-25,9.071051510589393e-06,1,0,0.6035605238125356,intermediate,intermediate,intermediate,dormant,Segmented Model (1 Bp),Intermediate,0.894706987,195
1770,467,0.5641099576301327,0.27073848671354833,-4.918751997093605,0.6085849629752702,0.609548055924079,64.1123563003913,64.73015780342016,106.1415032,1.2329245058935814e-14,4.025125617555366e-06,2,2,0.609548055924079,intermediate,intermediate,intermediate,dormant,Linear Model,Intermediate,0.564109958,467
1771,70,0.6959826553802059,0.20084308071375284,-2.767548678607133,0.7764387623547966,0.8131706644366262,99.39303066643932,65.02820513232436,79.12979528471246,0.00039654935937525937,0.06485970626052939,1,1,0.7764387623547966,intermediate,intermediate,intermediate,dormant,Segmented Model (1 Bp),Intermediate,0.776438768,70
1772,237,0.48988238132856043,0.28292096409448103,-5.128449001075377,0.5845690509763007,0.5893034003650395,72.81737801558168,77.11349412073244,87.29685104773216,7.803466116386554e-10,0.7687081774065505,1,1,0.5845690509763007,complex,complex,complex,dormant,-,Complex,,237
1773,490,0.6698773509754874,0.2274854964276545,-4.006557679721455,0.7843550996672393,0.7851666423771415,111.52166666999989,20.921726209172284,111.52166666999989,1.6337037826071543e-33,0.007093187810887817,2,2,0.7851666423771415,intermediate,intermediate,intermediate,dormant,Segmented Model (1 Bp),Intermediate,0.7843551,490
1774,189,0.7050800398362798,0.5410505214462467,-14.895976125987076,0.766405482840482,0.7755046383846201,147.53798674918627,37.50948011295705,148.62656807976137,6.016031457973119e-09,0.054438879217214874,1,1,0.766405482840482,intermediate,intermediate,intermediate,dormant,Segmented Model (1 Bp),Intermediate,0.766405483,189
1775,239,0.6925558604083677,0.4059983281541334,-10.65954453977932,0.7149973193086729,0.7157359000530679,68.19641955941411,73.64379408410387,86.41797645670613,0.0001514314694773639,0.7351024892652609,1,1,0.7149973193086729,intermediate,intermediate,intermediate,dormant,Linear Model,Intermediate,0.69255586,239
1776,261,0.6597354984198152,0.389465590443284,-9.624692453111207,0.7193720069799268,0.7224349510892848,67.11754595178253,45.26340551954828,115.17785860865024,3.694674821798629e-11,0.06852941534686906,1,1,0.7193720069799268,intermediate,intermediate,intermediate,dormant,Linear Model,Intermediate,0.659735498,261
1777,265,0.5990223537999934,0.32082286478130734,-5.684391453797297,0.6357219783777805,0.642703832580589,59.51120754082713,41.562317437204115,109.0024913,8.694684619839073e-08,0.004977322671808481,2,2,0.642703832580589,intermediate,intermediate,intermediate,dormant,Linear Model,Intermediate,0.599022354,265
1778,271,0.6711853442299733,0.3356987255667557,-7.485599389095598,0.7257487571655036,0.7335146718102282,125.77085355941851,35.981585448682196,125.7708537,2.8072781335984356e-11,0.014984507062487495,2,2,0.7335146718102282,intermediate,intermediate,intermediate,dormant,Linear Model,Intermediate,0.671185344,271
1779,341,0.6777368663545943,0.25051287253414434,-4.841383708072315,0.7123874834686639,0.7160385629025869,57.55562040347222,42.472387420251444,104.86902471194317,1.898868676084347e-10,0.006447012209302579,2,2,0.7160385629025869,intermediate,intermediate,intermediate,dormant,Linear Model,Intermediate,0.677736866,341
1780,274,0.752748401554336,0.5221878574091667,-11.222819724458851,0.8052759895786251,0.8074760134903762,76.46334940822305,47.27511570577029,102.76829091701906,2.0201206196125657e-14,0.002080858382520246,2,2,0.8074760134903762,simple,simple,simple,dormant,Linear Model,Simple,0.752748402,274
1781,266,0.7874542203409906,0.3851626326440979,-9.369240877566542,0.8303503890711815,0.8333686453938254,116.23394782467442,32.997891589884766,121.24274120153233,9.026876424358152e-12,0.7354314070261649,1,1,0.8303503890711815,simple,simple,simple,dormant,Linear Model,Simple,0.78745422,266
1782,206,0.6838987987633095,0.29629427932108693,-7.551201342051846,0.7595721060359183,0.7627951472993033,144.30145640022397,36.005371035181426,147.40143404160622,2.787642408764478e-10,0.5711534783738579,1,1,0.7595721060359183,intermediate,intermediate,intermediate,dormant,Segmented Model (1 Bp),Intermediate,0.759572109,206
1783,358,0.6694440815387618,0.4892852255757155,-9.537014968262762,0.6879425636361312,0.6904241503712623,45.433801582807924,58.96990918689361,119.57733965499996,0.0003729903756773953,0.6358634816734983,1,1,0.6879425636361312,intermediate,intermediate,intermediate,dormant,Linear Model,Intermediate,0.669444082,358
1784,248,0.6466139410958831,0.4690349337509565,-8.352442962502096,0.6561824239791116,0.6623843415832658,61.04748196396276,105.95426859999999,118.11302160000001,0.036390025720763955,0.33201207223389495,1,1,0.6561824239791116,intermediate,intermediate,intermediate,dormant,Linear Model,Intermediate,0.646613941,248
1785,232,0.5856108733776806,0.32916866963184355,-7.475458693857172,0.6025236129205497,0.6056278426025491,66.24966263707502,46.56057569596016,112.00752746344273,0.0021337840158122774,0.5059180621384759,1,1,0.6025236129205497,intermediate,intermediate,intermediate,dormant,Linear Model,Intermediate,0.585610873,232
1786,175,0.6782940896811235,0.3049297757081912,-5.478004487256419,0.6846996949187105,0.6937936315822515,26.94244631160047,81.54904201,83.68888469000001,0.5111629222683727,0.5158651460777426,0,0,0.6782940896811235,intermediate,intermediate,intermediate,dormant,Linear Model,Intermediate,0.67829409,175
1787,316,0.6053732942164194,0.1638597902930777,-2.9825726016871377,0.6244269029849648,0.627540131333035,59.65017143943264,34.62341332185769,105.35681174212596,1.662601866574028e-05,0.03815085222119367,2,2,0.627540131333035,intermediate,intermediate,intermediate,dormant,Linear Model,Intermediate,0.605373294,316
1788,253,0.6295145705380856,0.4528568792358655,-10.441428995543268,0.7425466812654414,0.7488158858364603,102.29057768640803,47.488704947688966,106.02719258093565,6.000856499525842e-14,0.08710303743441351,1,1,0.7425466812654414,intermediate,intermediate,intermediate,dormant,Linear Model,Intermediate,0.629514571,253
1789,226,0.6296815937832134,0.44378956899249394,-8.060947687078407,0.6707273035360276,0.6773722600510406,97.45277395722249,27.192934763931763,98.64875516023429,1.3075739112169138e-06,0.20142444754621924,1,1,0.6707273035360276,intermediate,intermediate,intermediate,dormant,Linear Model,Intermediate,0.629681594,226
1790,464,0.5566091785788577,0.3589129802861088,-8.296611205576188,0.6474958588979846,0.6501705738340593,108.57335804848657,43.943785590216635,116.73928223040896,2.563896854517201e-19,0.4401415687315461,1,1,0.6474958588979846,intermediate,intermediate,intermediate,dormant,Linear Model,Intermediate,0.556609179,464
1791,255,0.6804979103253466,0.43111744251300194,-8.344598533307373,0.7282532259740156,0.7304538932353482,81.31475138161217,49.46402071849907,114.60715567999995,1.383217769350331e-09,0.1401356234687753,1,1,0.7282532259740156,intermediate,intermediate,intermediate,dormant,Linear Model,Intermediate,0.68049791,255
1792,418,0.7339239095822865,0.346994751044391,-5.536497720289362,0.7530828260210237,0.7542954167890092,45.00985511812298,36.713499755886396,72.99901763589337,1.2771703173422547e-05,0.6747476434040647,1,1,0.7530828260210237,intermediate,intermediate,intermediate,dormant,Segmented Model (1 Bp),Intermediate,0.753082826,418
1793,404,0.6004642012296658,0.3077680494351001,-5.3360109973647845,0.6374394091709814,0.6401376041853303,113.35786120999992,45.42544625596177,113.35786120999992,2.09345011445297e-09,0.18223295696169103,1,1,0.6374394091709814,intermediate,intermediate,intermediate,dormant,Linear Model,Intermediate,0.600464201,404
1794,235,0.7133524140833477,0.4898426510823597,-8.644508533551761,0.7811644249418996,0.7812378063941415,82.59418663763752,12.676343311210422,82.594309115514,4.725128306722427e-11,0.48332503014435413,1,1,0.7811644249418996,intermediate,intermediate,intermediate,dormant,Segmented Model (1 Bp),Intermediate,0.781164425,235
1795,420,0.6789999613951461,0.3960437896745058,-6.656353161686771,0.7397751673109445,0.7426617781154329,106.71282042794516,48.55545349991391,106.71287341877185,3.4891256957831323e-16,0.09653635329912862,1,1,0.7397751673109445,intermediate,intermediate,intermediate,dormant,Linear Model,Intermediate,0.678999961,420
1815,257,0.46046767279444983,0.17934128337524258,-2.449885958341402,0.47272576784695836,0.4732308281360609,26.002690315669756,25.7272233023367,77.37224898999995,0.05922274836930856,0.9087480174946081,0,0,0.46046767279444983,complex,complex,complex,dormant,-,Complex,,257
1828,268,0.6848508713123503,0.4894929411174533,-6.0020616569363,0.6971629963692311,0.7050217679173678,92.09000653599996,81.04025077076882,90.13287683220143,0.0063581382679649264,0.9334844140425267,1,1,0.6971629963692311,intermediate,intermediate,intermediate,dormant,Linear Model,Intermediate,0.684850871,268
1830,351,0.7477867740641571,0.6186954970506744,-8.126029772378542,0.7947645168944887,0.797125877170163,78.18786771375835,19.2799810652567,82.85852412426769,1.7135469658567795e-16,0.0004297818140005478,2,2,0.797125877170163,intermediate,intermediate,intermediate,dormant,Segmented Model (1 Bp),Intermediate,0.794764517,351
1832,424,0.7901101800874222,0.6917318108118572,-10.938950301718547,0.8580411012820954,0.8598114496967746,80.95148768076517,17.00196454755961,81.44966961281763,2.1151752139119163e-25,0.870541218097503,1,1,0.8580411012820954,simple,simple,simple,dormant,Linear Model,Simple,0.79011018,424
1840,324,0.7150093971358721,0.5896948826891134,-8.430296286645971,0.7329989161032084,0.7440160420477459,92.16184717556544,76.08582848,81.84163271,6.133711900513903e-05,0.8607949718190763,1,1,0.7329989161032084,intermediate,intermediate,intermediate,dormant,Linear Model,Intermediate,0.715009397,324
1841,346,0.703174910321727,0.25855243849697673,-6.192930947169603,0.739280955168823,0.7455016792893037,91.05341060464995,51.28686513027552,142.3445454430427,5.706039678753674e-10,0.39319004532605517,1,1,0.739280955168823,intermediate,intermediate,intermediate,dormant,Linear Model,Intermediate,0.70317491,346
1843,334,0.5897169737918466,0.3338804397395913,-7.168230737248081,0.6106271005128844,0.6134608369302624,64.0442282129768,37.008338429693474,109.95219075370338,4.1096812003647834e-05,0.19593437860566013,1,1,0.6106271005128844,intermediate,intermediate,intermediate,dormant,Linear Model,Intermediate,0.589716974,334
1844,343,0.609247546143333,0.3224522058094107,-7.092291147007024,0.6397278069536695,0.640970631537359,47.1989301551832,44.88255913520778,120.6649460114425,2.654765073268296e-06,0.2812605451206056,1,1,0.6397278069536695,intermediate,intermediate,intermediate,dormant,Linear Model,Intermediate,0.609247546,343
1851,430,0.7607239484586522,0.44497388193139115,-9.761786286577472,0.8543317821879076,0.8588822575438929,97.54479123594372,27.469205154408115,105.60796479675386,2.702165233737272e-35,1.1721304410109871e-07,2,2,0.8588822575438929,simple,simple,simple,dormant,Linear Model,Simple,0.760723948,430
1853,296,0.6748843178973724,0.26190316560085225,-6.614375732975266,0.721659905863584,0.7257287205750933,88.88374263778748,50.986165363612294,119.58678402445852,3.5936609010333096e-11,0.015608915889463166,2,2,0.7257287205750933,intermediate,intermediate,intermediate,dormant,Linear Model,Intermediate,0.674884318,296
1855,458,0.7723463389148024,0.6165141769555255,-12.807834911857226,0.7984672801360178,0.7989898936473168,59.628628815128444,63.599995266521944,123.82539271499996,2.9203037764117073e-10,0.7061055096360346,1,1,0.7984672801360178,simple,simple,simple,dormant,Linear Model,Simple,0.772346339,458
1856,254,0.7206499902592253,0.4294950602141059,-10.432134758828964,0.8017522446240003,0.804022701866903,139.49849117869306,35.68097341561391,143.56161350424253,2.8988811141383577e-15,0.17615226382960733,1,1,0.8017522446240003,intermediate,intermediate,intermediate,dormant,Segmented Model (1 Bp),Intermediate,0.801752245,254
1857,426,0.7060629786713718,0.419100646068277,-10.175188581762649,0.7787961016530082,0.7896298737554399,109.29565995744434,46.492634483185746,112.63703979735375,6.47479441376746e-25,2.785625618623661e-06,2,2,0.7896298737554399,intermediate,intermediate,intermediate,dormant,Segmented Model (1 Bp),Intermediate,0.777307647,426
1928,434,0.6699538627056325,0.5889756977818228,-9.160472148101384,0.7486193250985129,0.7507211011730064,88.75469270299995,18.016893941590396,88.75469270299995,1.0239887258430867e-20,0.16920828944664634,1,1,0.7486193250985129,intermediate,intermediate,intermediate,dormant,Linear Model,Intermediate,0.669953863,434
1930,375,0.6369117909996787,0.5830406309562095,-8.677506886930395,0.7348292176761658,0.7427268078128986,76.47101626100003,71.39536298527827,75.68839398203251,6.745230097262384e-20,0.6318016649730445,1,1,0.7348292176761658,intermediate,intermediate,intermediate,dormant,Linear Model,Intermediate,0.636911791,375
2002,247,0.6804467724951099,0.5838028500274142,-11.220233199362008,0.7320326129265847,0.740381685740193,51.376425762128676,33.82196613195861,92.35774706823005,8.576194803665441e-12,0.0002065453787975262,2,2,0.740381685740193,intermediate,intermediate,intermediate,dormant,Linear Model,Intermediate,0.680446773,247
2003,319,0.5856208170845677,0.3102949726341667,-6.3504158099318015,0.6687436554368046,0.6728523869897167,72.37327709340417,31.204386365572912,79.70499087716826,1.4812075377904023e-15,0.0032335514374149292,2,2,0.6728523869897167,intermediate,intermediate,intermediate,dormant,Linear Model,Intermediate,0.585620817,319
2004,245,0.5854581471417508,0.47838646534697876,-11.451159742059508,0.7999420266244432,0.8008537860262788,104.63343307999995,39.83757425262849,104.63343307999995,1.4168638723720286e-24,0.00029195741025200237,2,2,0.8008537860262788,intermediate,intermediate,intermediate,dormant,Segmented Model (1 Bp),Intermediate,0.799942027,245
2007,318,0.5975511436731087,0.3459497158369595,-7.358202418097415,0.7239678265126881,0.7308693980390819,95.04091811899995,31.028588431504918,95.04091811899995,9.476529102274134e-22,0.0004690753712870718,2,2,0.7308693980390819,intermediate,intermediate,intermediate,dormant,Linear Model,Intermediate,0.597551144,318
2008,346,0.4211972268996774,0.20638171261278312,-5.148022228887467,0.5809901435725663,0.5970461238370568,93.65913252749999,86.16555285730743,93.64092867613496,1.5470718291295085e-20,0.008152855680602996,2,2,0.5970461238370568,complex,complex,complex,dormant,-,Complex,,346
2012,232,0.37922951345631056,0.04488628915152062,-0.48598431667981007,0.39576275363123414,0.3969564139646843,32.97997718808622,13.633340385324075,33.5565093258584,0.027034030375435728,0.9030463082115157,1,1,0.39576275363123414,complex,complex,complex,dormant,-,Complex,,232
2017,315,0.6825013278171064,0.5550597605258001,-8.301249256293511,0.7241180065299976,0.7253436514190924,44.39507571731083,19.322266761832477,48.77687732223317,7.4161827761913154e-09,0.9827912687003678,1,1,0.7241180065299976,intermediate,intermediate,intermediate,dormant,Linear Model,Intermediate,0.682501328,315
2018,189,0.6199170433975499,0.3320794842010582,-7.77596362501118,0.751529423903509,0.7670839174204217,97.892211758,36.85841322276702,97.892211758,1.3068572434499766e-14,0.0004885328366002924,2,2,0.7670839174204217,intermediate,intermediate,intermediate,dormant,Segmented Model (2 Bps),Intermediate,0.766171305,189
2019,214,0.649178713675658,0.4775220268346727,-8.560358441499696,0.6876028771577662,0.6891612387242675,59.984974965441864,17.310927747925806,60.47555126311162,1.9957625087435602e-06,0.3357586690333574,1,1,0.6876028771577662,intermediate,intermediate,intermediate,dormant,Linear Model,Intermediate,0.649178714,214
2020,306,0.638059629744545,0.45405063478811014,-9.734307570700157,0.7194948211039882,0.7332633354002962,62.88314575122099,53.412502994808214,99.35495175249999,1.6247909124098366e-16,0.0015434221635333774,2,2,0.7332633354002962,intermediate,intermediate,intermediate,dormant,Linear Model,Intermediate,0.63805963,306
2023,319,0.7048353316867803,0.5240090811365111,-9.965320733978876,0.7418403380517934,0.7449762401787607,91.1978051574137,43.75755786880419,115.45141297999992,1.6535004124148702e-10,0.03450046009278278,2,2,0.7449762401787607,intermediate,intermediate,intermediate,dormant,Linear Model,Intermediate,0.704835332,319
2024,203,0.7215289496431219,0.5990165557524136,-10.333163325575596,0.7495710300038586,0.7607621920882182,48.93698326368355,42.40004477818478,113.82784502009491,4.564488457797228e-06,0.13862208119957822,1,1,0.7495710300038586,intermediate,intermediate,intermediate,dormant,Linear Model,Intermediate,0.72152895,203
2025,368,0.6971952239538777,0.5749469557259704,-12.968580796057575,0.793107091862753,0.7972902469854464,93.93335258481902,34.169527846249046,105.32588730999997,1.0697206525724824e-26,8.109316561391099e-08,2,2,0.7972902469854464,intermediate,intermediate,intermediate,dormant,Segmented Model (1 Bp),Intermediate,0.793107092,368
2026,356,0.6213784341192554,0.4782257419231542,-11.34724028452316,0.6811917364879879,0.6832700204112777,67.40857491293741,52.49620944916354,82.66813098577006,7.014550192910729e-12,0.539021561819229,1,1,0.6811917364879879,intermediate,intermediate,intermediate,dormant,Linear Model,Intermediate,0.621378434,356
2027,426,0.68810066895472,0.4141053049654816,-8.950530804642181,0.7567962499088589,0.7618257095928156,92.48480550098813,52.68839815536976,112.916742325,1.2223840768835463e-20,0.025044035730054554,2,2,0.7618257095928156,intermediate,intermediate,intermediate,dormant,Segmented Model (1 Bp),Intermediate,0.75679625,426
2028,191,0.6852113525498155,0.5021346004742917,-11.88698731657247,0.7298442445254518,0.7299863529314087,60.9733859123142,33.959808610320806,75.31534489427172,3.868940177547295e-05,0.6418624602736078,1,1,0.7298442445254518,intermediate,intermediate,intermediate,dormant,Linear Model,Intermediate,0.685211352,191
2029,161,0.33711971508564054,0.05454102680585894,-1.0322622393406975,0.48512872389146683,0.4905126180820741,76.48225641,28.812183708784286,76.48225641,4.8023365764226066e-08,0.3566134797664272,1,1,0.48512872389146683,complex,complex,complex,dormant,-,Complex,,161
2030,202,0.2482950619952346,0.012022891318275303,-0.12101654565842587,0.2519789908836131,0.2677368278469931,18.73655079578672,38.43714330106571,44.17725253198794,0.9900200684409095,0.35885426088600314,0,0,0.2482950619952346,complex,complex,complex,dormant,-,Complex,,202
2031,200,0.429367625692399,0.021151732486768337,-0.2382121549644297,0.5075001776301187,0.5081904161554707,50.30220860004986,24.25420424703107,54.55770663067029,3.6244832447697e-06,0.2645125430853481,1,1,0.5075001776301187,complex,complex,complex,dormant,-,Complex,,200
2032,207,0.3571698073162705,0.257399715315199,-4.939672786094051,0.44866659105925044,0.45193993216412126,74.71633754899997,26.031909201053697,74.71633754899997,1.4269530972728785e-06,0.9990718608352425,1,1,0.44866659105925044,complex,complex,complex,dormant,-,Complex,,207
2033,290,0.53356289633943,0.3262614262652079,-4.503245998480797,0.5614010801753722,,29.76305108591544,,,0.0042299169514121455,0.8298122858837111,1,1,0.5614010801753722,intermediate,intermediate,intermediate,dormant,Linear Model,Intermediate,0.533562896,290
2034,200,0.7252210493315464,0.6962863826336984,-11.88511358703782,0.7516013261680932,0.7555080326223926,37.17679352516586,34.214532710129646,107.26072011999993,2.2675420384552143e-05,0.2085889167919964,1,1,0.7516013261680932,intermediate,intermediate,intermediate,dormant,Segmented Model (1 Bp),Intermediate,0.751601327,200
2035,246,0.6921259663683585,0.5357853302599118,-9.004971107734573,0.6984952372373399,0.6996646990423169,34.17432878561046,44.663858495215756,118.177306675,0.47407706857023846,0.2024964784210938,0,1,0.6984952372373399,intermediate,intermediate,intermediate,dormant,Linear Model,Intermediate,0.692125966,246
2036,61,0.39458660494279335,0.1957217043726371,-3.2199637685397935,0.5850507212014195,0.5888118095161832,73.7056062417449,45.8139364500196,71.3592445767249,0.0006802334804410786,0.5511478584440483,1,1,0.5850507212014195,complex,complex,complex,dormant,-,Complex,,61
2037,221,0.7398604029591603,0.583376453369142,-11.0264158583328,0.7840060672124414,0.7881101560079959,99.13251870351854,30.515872681718566,99.91431402103781,3.215440275113267e-08,0.7910876618304792,1,1,0.7840060672124414,intermediate,intermediate,intermediate,dormant,Segmented Model (1 Bp),Intermediate,0.784006067,221
2038,280,0.5949382564600613,0.4484501302221461,-7.826097303750672,0.6602098503025194,0.6607951821851584,91.76627370415443,85.6428487250323,86.5546510733302,2.7466873373209468e-09,0.8502800507942124,1,1,0.6602098503025194,intermediate,intermediate,intermediate,dormant,Linear Model,Intermediate,0.594938256,280
2039,213,0.6533835551913248,0.5225929668623766,-6.860036183690427,0.6583885868011329,0.6694072762542332,110.36326491999995,36.200732991872094,110.36326491999995,0.19879132526416446,0.2804122157495255,0,1,0.6583885868011329,intermediate,intermediate,intermediate,dormant,Linear Model,Intermediate,0.653383555,213
2040,220,0.6918065180122221,0.4201747744141107,-10.95926071404597,0.7533245148572995,0.7548154953311131,67.75139369445496,65.90228249281819,110.2580506874102,2.2168766640317302e-10,0.05292311982438629,1,1,0.7533245148572995,intermediate,intermediate,intermediate,dormant,Segmented Model (1 Bp),Intermediate,0.753324515,220
2041,373,0.6058368319658657,0.3739099352329514,-7.706798535649201,0.6267782284393242,0.6342676359485172,72.6278554492347,73.78370320930247,125.67171219999997,0.0005163407897958992,0.04308898768731766,2,2,0.6342676359485172,intermediate,intermediate,intermediate,dormant,Linear Model,Intermediate,0.605836832,373
2042,178,0.5384812232052092,0.40120009250811006,-9.788364619106485,0.6637149655747566,0.66577294581338,79.2999497082059,77.62338502407498,115.55169527084784,1.229274275257842e-10,0.3221214071686558,1,1,0.6637149655747566,intermediate,intermediate,intermediate,dormant,Linear Model,Intermediate,0.538481223,178
2043,93,0.7382709491294422,0.5784990052270507,-16.105880967633144,0.818849598485434,0.8194895168089585,97.3980278268686,52.40290322544331,99.68138632435738,4.890978253901898e-07,0.1658582898611865,1,1,0.818849598485434,intermediate,intermediate,intermediate,dormant,Segmented Model (1 Bp),Intermediate,0.818849598,93
2044,276,0.6256236214500243,0.39540993011242487,-8.710098143658712,0.665620190355727,0.6756335858420408,67.72722404013612,90.64830307460575,131.49563765,1.0345456621626812e-05,0.5276815173502736,1,1,0.665620190355727,intermediate,intermediate,intermediate,dormant,Linear Model,Intermediate,0.625623621,276
2045,315,0.5724433457796775,0.5493323699695207,-9.08861388727583,0.6293737104589197,0.6413771309114629,107.97611878000002,98.81119663253968,107.97588313160841,1.7162205463739356e-06,0.2650968651440965,1,1,0.6293737104589197,intermediate,intermediate,intermediate,dormant,Linear Model,Intermediate,0.572443346,315
2046,268,0.7072712464046118,0.5005013764050233,-10.362231528774544,0.782307230729027,0.7861743900699835,113.95978073125066,34.85606400847003,117.546802405,3.1495314117901177e-13,0.6011151599545372,1,1,0.782307230729027,intermediate,intermediate,intermediate,dormant,Segmented Model (1 Bp),Intermediate,0.782307231,268
2047,246,0.6046989063594203,0.25773532109534303,-4.94459182096268,0.6264521894537487,0.6352083574056545,41.38378761660344,85.37794886720441,124.75202766342821,0.01182632395101365,0.545725813910897,1,1,0.6264521894537487,intermediate,intermediate,intermediate,dormant,Linear Model,Intermediate,0.604698906,246
2048,178,0.5515993274772777,0.40306205839820247,-5.8483339086885975,0.6081164427773358,0.6141652832484555,64.65801630004692,48.60244020891901,53.699387271570075,3.1140423737379423e-05,0.35220947491841514,1,1,0.6081164427773358,intermediate,intermediate,intermediate,dormant,Linear Model,Intermediate,0.551599327,178
2049,316,0.5726557067089009,0.3538777073496086,-5.811426621086843,0.6004957382675857,0.606697519635191,40.50876468991021,35.75019486139537,103.40946055,9.058269240070691e-07,0.025499544960819208,2,2,0.606697519635191,intermediate,intermediate,intermediate,dormant,Linear Model,Intermediate,0.572655707,316
2050,192,0.4649755195248719,0.2684635754080187,-4.816140170275319,0.4831489089357631,0.5159671429879735,42.89079754660609,64.88758190975315,112.81613472999985,0.14219384653835934,0.09546915657544905,0,1,0.4831489089357631,complex,complex,complex,dormant,-,Complex,,192
2051,265,0.5367537661307152,0.3442450570913802,-5.000143495009651,0.5676817541927115,0.5682242430785712,51.03714940520197,20.502171589362998,51.901184035236696,0.00013594189394814228,0.7009134153844192,1,1,0.5676817541927115,intermediate,intermediate,intermediate,dormant,Linear Model,Intermediate,0.536753766,265
2052,235,0.46614235169554336,0.2498848167814172,-3.473802103705728,0.4813216713142767,0.4869304981246154,40.45133884506781,50.80782473921656,103.55705617999998,0.085555237667312,0.21527619110950308,0,1,0.4813216713142767,complex,complex,complex,dormant,-,Complex,,235
2053,170,0.3792901348318201,0.02743294378658245,-0.3961541838550316,0.5454790711041642,0.5492773451256596,73.97006188255574,70.58633024566143,69.45420636238609,7.605197959453657e-09,0.860267374295905,1,1,0.5454790711041642,complex,complex,complex,dormant,-,Complex,,170
2054,122,0.28778476862833696,0.06772715412774262,-1.051959826419284,0.3684783509036614,0.3729316359328974,79.29138535995975,49.472778037555145,78.21655525816344,0.0006419737193813029,0.8339915406582507,1,1,0.3684783509036614,complex,complex,complex,dormant,-,Complex,,122
2055,187,0.19203933579928703,0.11666775517473875,-1.909922271837211,0.23340640119480843,0.23440763400208695,38.94431902380931,36.29394804806243,61.90614059372801,0.015858555619082716,0.251990252410729,1,1,0.23340640119480843,complex,complex,complex,dormant,-,Complex,,187
2056,183,0.3099298564829531,0.10979760832457125,-1.7300445296597342,0.3861194608020866,0.3906086429629431,72.5113695404206,30.982728575136772,72.511369541,2.167982892523296e-05,0.3916990782570401,1,1,0.3861194608020866,complex,complex,complex,dormant,-,Complex,,183
2057,305,0.3695919716306894,0.21924239688054975,-4.206574295874868,0.582440834440275,0.5848990822676566,70.96172484600001,45.46298659241408,70.96172484600001,2.820788521370311e-25,4.893608207000766e-12,2,2,0.5848990822676566,complex,complex,complex,dormant,-,Complex,,305
2058,170,0.308156867836509,0.151600100575325,-2.474808721899855,0.36143299372580745,0.36871601065887566,67.28417254497909,47.36691262609124,60.75129827188733,0.0037783909817674715,0.06747431601834261,1,1,0.36143299372580745,complex,complex,complex,dormant,-,Complex,,170
2059,285,0.370287077621872,0.16978500815072223,-3.420648928999516,0.5333279199663258,,83.319520878,,,1.741932493958232e-19,1.1218397097928147e-08,1,0,0.370287077621872,complex,complex,complex,dormant,-,Complex,,285
2060,283,0.439355315472938,0.23768205266019035,-4.330949569315813,0.5293912708685259,0.5356498004826781,62.55355193141922,74.83185634846062,77.83689565566368,1.1791092198647618e-08,0.07428875709358888,1,1,0.5293912708685259,complex,complex,complex,dormant,-,Complex,,283
2061,234,0.3500430903277514,0.0752171000016173,-1.2587751559587503,0.5365460233667914,0.540452183183778,62.41405426548494,53.93433005854902,56.88396445113197,2.700579821025005e-14,0.11366195773040165,1,1,0.5365460233667914,complex,complex,complex,dormant,-,Complex,,234
2062,114,0.6546924928906546,0.3527792247395851,-8.706814398247433,0.9132848494896281,0.9166834679293366,73.66394667649999,57.42798533474733,69.8490779277094,1.737671062905574e-14,0.10998820269438561,1,1,0.9132848494896281,intermediate,intermediate,intermediate,dormant,Segmented Model (1 Bp),Intermediate,0.913284849,114
2063,163,0.4481665404202798,0.19818182002697615,-4.79748908073837,0.6283952022704437,0.6284371884171764,79.17922043499999,11.930540722752832,79.1785953288027,7.627527120179987e-15,6.056764429961623e-12,2,2,0.6284371884171764,complex,complex,complex,dormant,-,Complex,,163
2064,98,0.6391571113829978,0.43688959421315554,-13.436696473592821,0.8097761252668293,0.8098045077747844,83.14473248399995,18.810478213066958,83.14473248399995,6.9672626070709994e-12,6.499432238236534e-12,2,2,0.8098045077747844,intermediate,intermediate,intermediate,dormant,Segmented Model (1 Bp),Intermediate,0.809776125,98
2065,295,0.487925599304048,0.29174637041544327,-5.382069189892735,0.5633033021403389,0.5682891047529368,44.72631803471957,52.70471918351683,86.79543807400003,8.87919519768902e-08,0.16784570726878933,1,1,0.5633033021403389,complex,complex,complex,dormant,-,Complex,,295
2066,328,0.5942752664354314,0.2752284575648513,-5.6488563761131765,0.7675807679995482,0.7717112038858813,85.69338201049999,23.145712500479497,85.69338201049999,1.4517153015548668e-29,6.604133958630817e-08,2,2,0.7717112038858813,intermediate,intermediate,intermediate,dormant,Segmented Model (1 Bp),Intermediate,0.767507196,328
2067,203,0.48812512350086656,0.4035403467359701,-8.028481525702942,0.8220967440909989,0.8306564648810896,78.90857741399995,36.16437706593963,78.90857741399995,4.019264318141428e-23,0.004081208435046472,2,2,0.8306564648810896,intermediate,intermediate,intermediate,dormant,Segmented Model (1 Bp),Intermediate,0.822096744,203
2068,94,0.2436028928533716,0.11775993864923796,-2.6248463061241316,0.3180426368548404,0.31829921776365827,41.774221590304926,38.46349423571057,50.466129324346554,0.02436973372599037,0.28832323632281337,1,1,0.3180426368548404,complex,complex,complex,dormant,-,Complex,,94
2069,222,0.4658763334239301,0.1870732070839652,-4.788689747578091,0.8355617291869251,,82.80162221249999,,,1.1141643460456854e-28,4.377964088613851e-11,1,0,0.4658763334239301,intermediate,complex,intermediate,dormant,Segmented Model (1 Bp),Intermediate,0.835561729,222
2070,216,0.25464666796013746,0.1040075830440151,-1.1937996482129714,0.27385176893059954,0.39293135886231245,84.523452635,73.42232754414137,76.73794119001704,0.005958835900229652,0.028566247784238857,2,2,0.39293135886231245,complex,complex,complex,dormant,-,Complex,,216
2071,231,0.343806276747304,0.14117156200458172,-2.95699410619875,0.46608995275976284,0.4732633390489825,84.32563381755739,52.25963770408157,97.03057986174849,1.0878887071580291e-10,0.04391024860556212,2,2,0.4732633390489825,complex,complex,complex,dormant,-,Complex,,231
2072,145,0.567765450703988,0.2276924315384156,-5.125889112121623,0.8934018555404132,0.8949107648507484,64.1102090374876,39.25331156053885,65.00862756880615,1.2660525286030704e-20,6.52111170768232e-11,2,2,0.8949107648507484,intermediate,intermediate,intermediate,dormant,Segmented Model (1 Bp),Intermediate,0.893401856,145
2073,160,0.4558399429792029,0.17040624922748374,-3.3775863831982176,0.5428318612013872,0.5529801645693976,41.071596320541225,43.94246929233874,77.76952946949999,6.936079099535231e-05,0.0804135320605484,1,1,0.5428318612013872,complex,complex,complex,dormant,-,Complex,,160
2074,97,0.3365048213052914,0.11940784620404982,-2.207058648587272,0.48832161890342385,0.49042006818416867,44.69786417257778,36.38548910749881,46.2223264028191,9.41899132889827e-05,0.06046305619416549,1,1,0.48832161890342385,complex,complex,complex,dormant,-,Complex,,97
2075,59,0.2423653426189081,0.0376633411239236,-0.8175879991277749,0.42388938301423096,0.4239404091752747,46.3213605118634,31.153793512044437,46.05385899824161,0.0017489209816469015,0.26988461988168727,1,1,0.42388938301423096,complex,complex,complex,dormant,-,Complex,,59
2076,68,0.167928569179806,0.03500572655349696,-0.36148214245235544,0.18093048933973174,,69.35187789638488,,,0.5039933468850466,0.4975808163508898,0,0,0.167928569179806,complex,complex,complex,dormant,-,Complex,,68
2077,122,0.24242728126235258,0.13835923095525718,-2.7583995235108323,0.38104676981424357,0.3810917226038707,43.51912620775134,19.69568693152799,43.81034168555316,0.00018167418258740003,0.030516315524120204,2,2,0.3810917226038707,complex,complex,complex,dormant,-,Complex,,122
2078,84,0.5240817956762197,0.09047112011903154,-1.5873276594018215,0.8156803575806014,,50.938651867499956,,,5.19575039194996e-11,9.840357591863014e-06,1,0,0.5240817956762197,intermediate,intermediate,intermediate,dormant,Segmented Model (1 Bp),Intermediate,0.815680358,84
2079,163,0.35346204576849505,0.07395557713149827,-1.7752860324442452,0.6433575654403387,0.6755562414603644,74.920576033,71.85068485114944,74.920576033,2.708221035658165e-15,0.004281044692554141,2,2,0.6755562414603644,complex,complex,complex,dormant,-,Complex,,163
2080,123,0.5147629156216031,0.3500921190142468,-8.850217644165937,0.9499845565351696,0.9503668628871169,70.251977313,39.078957295396165,70.25197668292834,9.864046319591696e-19,6.000571238494644e-05,2,2,0.9503668628871169,intermediate,intermediate,intermediate,dormant,Segmented Model (1 Bp),Intermediate,0.949984557,123
2110,119,0.041261752102607754,0.02652879524418773,0.014723803963245723,0.06871295080215127,0.11900682323605655,36.42001965021742,33.60717550781677,35.897446190734215,0.19582967089622827,0.3338993248922969,0,0,0.041261752102607754,complex,complex,complex,dormant,-,Complex,,119
2111,95,0.1275559028913436,0.016263598135611696,-0.2619444569841802,0.15964079015487953,0.30742299868925393,33.941115846314126,49.51751346,61.04083811,0.1440847991808371,0.31727302271334185,0,0,0.1275559028913436,complex,complex,complex,dormant,-,Complex,,95
2112,134,0.32130558809541665,0.24931258573035303,-2.2218777155703333,0.33095826404639517,,65.93735833683232,,,0.4838981404971422,0.01308255303536705,0,0,0.32130558809541665,complex,complex,complex,dormant,-,Complex,,134
2113,72,0.14579975030303688,0.005207395172181775,-0.022523430517095044,0.169325565201007,0.20814178895550395,38.13167972150001,34.023150836148,36.443452161772875,0.2867366545836719,0.4828206151128803,0,0,0.14579975030303688,complex,complex,complex,dormant,-,Complex,,72
2116,170,0.2260431444076968,0.07608033205439406,-0.8652694653418533,0.232361893062716,0.27513692357161545,63.753190182499964,54.99169890006955,55.33085140803218,0.4288587557767808,0.6232093342219763,0,0,0.2260431444076968,complex,complex,complex,dormant,-,Complex,,170
2117,169,0.5228077014296494,0.18897605761601555,-2.9631392020011353,0.6546531097219989,0.6759537746783415,79.15233752999998,67.09816030266511,78.71907891281909,5.28011322936286e-10,0.5645123007600681,1,1,0.6546531097219989,intermediate,intermediate,intermediate,dormant,Linear Model,Intermediate,0.522807701,169
2119,122,0.3311786228466281,0.28281506951951096,-4.131656267825583,0.4585070576182302,0.4752523379610294,93.62606403799994,76.34058977642351,93.61708899954476,3.4643819861079017e-06,0.21897155381967173,1,1,0.4585070576182302,complex,complex,complex,dormant,-,Complex,,122
2121,120,0.504026490243893,0.4489867936755235,-5.35230506760523,0.5263540598142952,,76.9270942255,,,0.03332994299966794,0.6373862883081208,1,1,0.5263540598142952,intermediate,intermediate,intermediate,dormant,Linear Model,Intermediate,0.50402649,120
2122,88,0.40218997128157824,0.15961428971874117,-2.619833150567259,0.5538771091323745,0.6057001241226214,92.3308033165,65.31044473593045,88.18505377032895,0.00148793515706219,0.05276704076379089,1,1,0.5538771091323745,complex,complex,complex,dormant,-,Complex,,88
2123,92,0.2997224995081703,0.08578543121173848,-1.4092625338585274,0.35831647013879164,0.3946719115391321,38.92115518429081,65.4265265355939,83.22049759623042,0.010386579066421198,0.9683619623483908,1,1,0.35831647013879164,complex,complex,complex,dormant,-,Complex,,92
2124,78,0.3359166414512669,0.16544401208906878,-2.9194731583324254,0.3702281115953537,0.3833475088318996,36.130560243048066,42.441384583330645,63.08724072092578,0.07563966035839251,0.9672327068710449,0,0,0.3359166414512669,complex,complex,complex,dormant,-,Complex,,78
2135,87,0.28494903781712505,0.050963134759876356,-0.9402648159798405,0.36714404303755893,0.4019135725170323,82.57486654000002,64.49299696774341,81.431859599403,0.0012139196140913873,0.18278775568440253,1,1,0.36714404303755893,complex,complex,complex,dormant,-,Complex,,87
2136,60,0.10697582126182449,0.026246447073714093,-0.16560094531148187,0.15779617772908391,0.18249146912091574,52.28797125714906,25.807249362358473,52.290304796369746,0.2426451372148798,0.15687242982841373,0,0,0.10697582126182449,complex,complex,complex,dormant,-,Complex,,60
2137,86,0.43930905154327443,0.054868667308909706,-0.777038067637507,0.45542380216217027,,34.582729729366086,,,0.5105052338744684,0.23971688550693865,0,0,0.43930905154327443,complex,complex,complex,dormant,-,Complex,,86
2138,54,0.0972327586241744,0.01807995447374543,0.17112793797312215,0.15239892586633602,0.20725767718627378,37.88501248055017,33.23505206060922,36.776388273656714,0.19203662225369106,0.43362575034749884,0,0,0.0972327586241744,complex,complex,complex,dormant,-,Complex,,54
2139,92,0.32589270958937305,0.02243219458421912,-0.6077532100241628,0.4565573697841289,0.4580868515873637,118.55513056500001,64.44472171192561,118.555130565,4.5075421287466966e-05,0.21839554668283492,1,1,0.4565573697841289,complex,complex,complex,dormant,-,Complex,,92
2149,116,0.4865435943954117,0.13855070452377824,-3.919294259246669,0.7144455237790464,0.7163278856489667,137.04940655455022,36.7804045357108,143.8505649,3.949350060179445e-10,0.6499144012490343,1,1,0.7144455237790464,complex,complex,complex,dormant,-,Complex,,116
2150,93,0.35557163084234245,0.03629825337865714,-0.4588911731799187,0.35929806832034333,0.3728954364085336,42.762379843797305,48.4061905098912,90.08503997114863,0.6738298710271459,0.550535440507383,0,0,0.35557163084234245,complex,complex,complex,dormant,-,Complex,,93
2151,109,0.5684498770919648,0.09992761977672661,-3.047862584512911,0.6613991561010487,0.672632670894104,89.82642687153867,111.7605907,116.67470780000001,5.722947088463825e-05,0.08640527693255108,1,1,0.6613991561010487,intermediate,intermediate,intermediate,dormant,Linear Model,Intermediate,0.568449877,109
2152,21,0.424823851889528,0.019686554327058927,0.0826822980615099,0.506828759099324,0.5085306081784683,31.4651489207404,4.1149842130684,31.465043711999183,0.26969744765945664,0.13575298745232947,0,0,0.424823851889528,complex,complex,complex,dormant,-,Complex,,21
2153,91,0.5695707922300608,0.48925544820558164,-13.951126750817005,0.9215999047023228,0.9254956625959267,123.91086625,113.609159862518,123.87159585869045,3.2071087196879682e-12,0.3897915869238081,1,1,0.9215999047023228,intermediate,intermediate,intermediate,dormant,Segmented Model (1 Bp),Intermediate,0.921599905,91
2154,89,0.34818432178973224,0.01310024637033469,-0.18936421408345383,0.47542772235078623,0.5141511838418606,70.49931607344116,61.43734172086448,68.84243282740509,0.002913188779105052,0.6407958247246213,1,1,0.47542772235078623,complex,complex,complex,dormant,-,Complex,,89
2155,172,0.48608449290072553,0.2404469907542599,-6.154697301986962,0.6244573926376623,0.628172904403945,139.87164108016486,53.184574777475525,140.69158992619623,2.1729830547181329e-10,0.15710566584374258,1,1,0.6244573926376623,complex,complex,complex,dormant,-,Complex,,172
2156,115,0.362194610408772,0.17279336554015579,-3.642495773861773,0.5538278655960462,0.5631195061779412,85.24252201545282,69.27245433690618,77.06809067418719,4.133892460797987e-08,0.16155681491063023,1,1,0.5538278655960462,complex,complex,complex,dormant,-,Complex,,115
2157,31,0.2925962834696495,0.05711189741853491,-1.6048146651544055,0.7197267449756005,,116.02235054910346,,,0.033522183669294076,0.23093549990273207,1,1,0.7197267449756005,complex,complex,complex,dormant,-,Complex,,31
2158,73,0.14590322469428355,0.06555740887826612,-0.8033722814445045,0.1588708068902256,0.2416256145500208,103.99422013814747,88.7348126624872,96.58975664766685,0.9112050133409928,0.2258256887378861,0,0,0.14590322469428355,complex,complex,complex,dormant,-,Complex,,73
2159,32,0.23466170993060756,0.04827840303640159,-0.869702027030256,0.3104523198227268,0.5620728268614816,37.43028934598336,47.118026015700806,67.3977272699799,0.23970318145566308,0.0789923022868743,0,0,0.23466170993060756,complex,complex,complex,dormant,-,Complex,,32
2162,36,0.3385609695385682,0.018613701585192165,-0.30698904979571945,0.3831308053236125,0.6405710510556971,28.42969444028014,49.54278243095083,58.79478863,0.5686700404741494,0.08840959509289653,0,0,0.3385609695385682,complex,complex,complex,dormant,-,Complex,,36
2166,38,0.5266526674209447,0.0296970790100431,-0.4547139358493615,0.6792406009116958,0.6807480932138718,85.44061000230292,26.9824380862961,85.42283653697571,0.01634992477515501,0.14559259340664826,1,1,0.6792406009116958,intermediate,intermediate,intermediate,dormant,Segmented Model (2 Bps),Intermediate,0.759594864,38
2167,132,0.40825432758237973,0.29795357411562545,-13.795542591454675,0.7197206970050692,0.7274258683997453,219.43116092499972,160.46206852654998,219.4311609249997,3.534123059463577e-11,0.31218709940820755,1,1,0.7197206970050692,complex,complex,complex,dormant,-,Complex,,132
2168,109,0.42032490318999366,0.24885085325254097,-8.804721391674507,0.7281292950355911,0.7294352029067785,140.55977471999995,56.47361646150015,140.55977134573394,8.737327986755418e-11,0.20922016490061915,1,1,0.7281292950355911,complex,complex,complex,dormant,-,Complex,,109
2169,150,0.6527886495767115,0.2921235710513552,-9.917686143446474,0.7562743237648136,0.758636627252443,133.16877138774257,122.80365156078533,175.72480496620122,5.522916074011629e-08,0.02669826572971986,2,2,0.758636627252443,intermediate,intermediate,intermediate,dormant,Segmented Model (1 Bp),Intermediate,0.756274325,150
2170,183,0.5694745885734526,0.18906826318846906,-5.892323508544174,0.6696804139412746,0.6703083020946056,130.44040215103092,106.59391888855163,161.715499793459,4.290846126491132e-08,0.10840821078901865,1,1,0.6696804139412746,intermediate,intermediate,intermediate,dormant,Linear Model,Intermediate,0.569474589,183
2171,125,0.6743405003996392,0.4164056655107235,-14.68331097519173,0.7475927329021872,0.7532680533831937,99.99130350706388,76.46137484493534,179.30335219105987,3.456987979938352e-07,0.10956035744617552,1,1,0.7475927329021872,intermediate,intermediate,intermediate,dormant,Linear Model,Intermediate,0.6743405,125
2172,96,0.5783145209184545,0.27402492770839104,-10.555771023830776,0.7074664806398655,0.7118485693680697,187.23200042188623,53.64481405417119,187.67379548705446,4.430586889655953e-07,0.150822461839475,1,1,0.7074664806398655,intermediate,intermediate,intermediate,dormant,Linear Model,Intermediate,0.578314521,96
2173,112,0.6127270750518085,0.32107199629784067,-7.8758105522541,0.6325501176503412,0.6443525382594052,62.978568720988385,124.95264742575614,187.7135691083417,0.10116998924486943,0.6656543572452684,0,0,0.6127270750518085,intermediate,intermediate,intermediate,dormant,Linear Model,Intermediate,0.612727075,112
2174,72,0.7196400142412924,0.4824055936355476,-22.156957283923717,0.7503121205384579,0.75395068348266,93.3508670305764,163.36840810760367,291.00569820253367,0.029667899417594203,0.9719394476201055,1,1,0.7503121205384579,intermediate,intermediate,intermediate,dormant,Segmented Model (1 Bp),Intermediate,0.75031212,72
2175,70,0.765074483255436,0.5026366734140689,-28.14058551768998,0.8495568809088869,0.8590690161293217,334.0637323010222,84.84976805747209,334.06373054094024,8.030965815517502e-06,0.3235981737198498,1,1,0.8495568809088869,simple,simple,simple,dormant,Linear Model,Simple,0.765074483,70
2176,179,0.6809879481592005,0.3925585973361338,-12.944700638155316,0.7107488451420526,0.7142870320191436,97.21144477377511,92.84228308940932,206.30997687480684,2.520360592415828e-05,0.07442526414285695,1,1,0.7107488451420526,intermediate,intermediate,intermediate,dormant,Linear Model,Intermediate,0.680987948,179
2177,150,0.60419547586759,0.370963012751734,-12.59465973190487,0.6408313746221127,0.6445986214614952,134.12784093148653,65.8929773217025,178.01208071287604,0.0005088300727063481,0.8426822188282319,1,1,0.6408313746221127,intermediate,intermediate,intermediate,dormant,Linear Model,Intermediate,0.604195476,150
2178,131,0.7639716741644504,0.42724048526636654,-11.289275531093253,0.7925243581134901,0.7995469383151681,71.9471999909817,93.17869692690407,140.10222568274418,0.006181963858850481,0.26720280274357,1,1,0.7925243581134901,simple,simple,simple,dormant,Linear Model,Simple,0.763971674,131
2179,112,0.7753630050524034,0.38958688102705147,-11.34400445869538,0.8076281797795012,0.8082038704283823,80.480704688815,36.1806284659848,83.58406900120538,0.003128270486323618,0.5307020166117458,1,1,0.8076281797795012,simple,simple,simple,dormant,Linear Model,Simple,0.775363005,112
2180,143,0.41401106441822766,0.20639391065234952,-4.698725866602767,0.4315160814448814,0.44262593088791824,65.52095592171179,71.21579404137924,178.52430103999998,0.4011139682057886,0.08295549567089991,0,1,0.4315160814448814,complex,complex,complex,dormant,-,Complex,,143
2181,152,0.3026537453153588,0.16517400118610237,-2.7223533521573033,0.3100737371467885,,122.5258967468548,,,0.20235388560885365,0.7964026119578096,0,0,0.3026537453153588,complex,complex,complex,dormant,-,Complex,,152
2182,104,0.461789243806447,0.20644237675614507,-5.254166688708115,0.47399320311338056,0.5047205824419986,218.20903744999998,78.75698083111043,211.64548879067183,0.9832094478778803,0.009395853041205349,0,0,0.461789243806447,complex,complex,complex,dormant,-,Complex,,104
2183,56,0.8227328073098679,0.573718609372458,-25.920284744791388,0.8484963611685414,0.8652289088115072,182.3108844835702,197.75704344699653,290.41323812499996,0.07286214891003086,0.005509120625338906,0,2,0.8652289088115072,simple,simple,simple,dormant,Linear Model,Simple,0.822732807,56
2185,79,0.875172896629134,0.6419187929624782,-22.001150964913165,0.9432191405062337,,110.84158326645449,,,3.4696562039315903e-08,0.6841097063834245,1,1,0.9432191405062337,simple,simple,simple,dormant,Linear Model,Simple,0.875172897,79
2186,90,0.8773614093969977,0.7020809403001873,-16.556364096548375,0.9197915493240626,0.9416658497235745,128.1617163187072,146.4192242,147.9423965,4.338820263949995e-07,0.3643957047311911,1,1,0.9197915493240626,simple,simple,simple,dormant,Linear Model,Simple,0.877361409,90
2187,173,0.84355816538842,0.5111222737403366,-10.374608354887584,0.9166012836088852,0.9213575950881258,111.61887012698193,72.11275322623732,139.64269172,2.0397248901633856e-17,8.714613750273114e-06,2,2,0.9213575950881258,simple,simple,simple,dormant,Linear Model,Simple,0.843558165,173
2188,94,0.8389212607611898,0.7379422528192775,-16.07305463774007,0.8728622411978497,0.8771186836165858,113.13462557853072,38.563669774460244,141.7666416964822,1.4104020463906095e-05,0.1543388995599829,1,1,0.8728622411978497,simple,simple,simple,dormant,Linear Model,Simple,0.838921261,94
2189,81,0.8846167003288145,0.6827144738343649,-27.52086846931816,0.9389585654702178,0.9490076115364278,145.33719985115093,177.11676680714393,293.011187995453,4.707483378333024e-07,0.0373328031975956,2,2,0.9490076115364278,simple,simple,simple,dormant,Linear Model,Simple,0.8846167,81
2190,87,0.8222715876793334,0.5991549015576817,-20.33719674513095,0.9042184157966416,0.9068532878914032,236.70710673673756,52.91751644778715,242.9087071283655,1.1354386207163294e-07,0.5795956335981436,1,1,0.9042184157966416,simple,simple,simple,dormant,Linear Model,Simple,0.822271588,87
2192,47,0.8373701816289054,0.6587825730137487,-30.242976026583392,0.9056997935451326,0.9154856013137068,172.5323104027479,106.49304380785267,199.92361347055206,7.570989116689949e-05,0.35278689690225806,1,1,0.9056997935451326,simple,simple,simple,dormant,Linear Model,Simple,0.837370182,47
2196,145,0.7339414260495238,0.2732212545874574,-8.864085915217688,0.8905812931662576,0.8922327782259732,114.8110545195651,58.3059154333371,129.47746183611747,6.395275318507044e-16,0.07425120215846234,1,1,0.8905812931662576,intermediate,intermediate,intermediate,dormant,Segmented Model (1 Bp),Intermediate,0.890581294,145
2199,110,0.54408796925633,0.36644169060308385,-8.171406163480357,0.7335582552548012,0.7345845009415416,138.40338112999999,25.29702577819938,138.40338112999999,5.910227594147841e-08,0.7777580803925246,1,1,0.7335582552548012,intermediate,intermediate,intermediate,dormant,Linear Model,Intermediate,0.544087969,110
2203,20,0.704724574308652,0.5407659070201029,-27.21092656897964,0.9812709860759123,0.9828767784895147,199.1886877176954,83.11663777789246,199.4002297683862,0.0010793287572533022,0.6282031886630092,1,1,0.9812709860759123,intermediate,intermediate,intermediate,dormant,Segmented Model (1 Bp),Intermediate,0.981271211,20
2207,109,0.8123538980053654,0.5359714764539343,-13.323133453646342,0.8785382300995981,0.8872838953986221,161.37421976184513,60.93536669015655,178.8167959,7.431946305118426e-09,0.02589647514913386,2,2,0.8872838953986221,simple,simple,simple,dormant,Linear Model,Simple,0.812353898,109
2208,99,0.8401702531864188,0.6368366740479335,-23.174492119502737,0.9129876619261516,0.9167570175749992,133.00402800968604,151.2618460451024,277.5516415769186,6.504103135302533e-08,0.1698772226233555,1,1,0.9129876619261516,simple,simple,simple,dormant,Linear Model,Simple,0.840170253,99
2210,139,0.7899136202320561,0.750613325528406,-21.54492292374489,0.8612273110216087,0.8709517809091647,99.74520294446236,91.29848906749302,198.04844165090083,6.530178387000215e-11,0.016727055157210798,2,2,0.8709517809091647,simple,simple,simple,dormant,Linear Model,Simple,0.78991362,139
2248,101,0.8059886883945323,0.6182193953784911,-15.042551517684476,0.8281439248962582,0.8283665188606916,102.09132252609714,101.85452501035265,219.69968219999998,0.0015950244919562214,0.6744758280543324,1,1,0.8281439248962582,simple,simple,simple,dormant,Linear Model,Simple,0.805988689,101
2249,124,0.7677897368660218,0.6979026989919163,-18.122202515196207,0.8014669699110054,0.809780500907876,95.97635382805895,118.54126921740202,186.76684035499994,0.003578235087752636,0.03560459205802932,2,2,0.809780500907876,simple,simple,simple,dormant,Linear Model,Simple,0.767789737,124
2250,91,0.7371716619692915,0.530472655483594,-8.042574664672554,0.7430148321320876,0.7474135236562998,184.06653375656188,88.20600769343658,98.71679841225253,0.3258727574437503,0.9542654389193492,0,0,0.7371716619692915,intermediate,intermediate,intermediate,dormant,Linear Model,Intermediate,0.737171662,91
2251,134,0.7309318674296205,0.6546130912970758,-18.74150645440094,0.8413533380797309,0.8446227141575237,178.59666315772475,120.06370782504307,185.91781771499996,2.7797754431278448e-11,0.20573052672945946,1,1,0.8413533380797309,intermediate,intermediate,intermediate,dormant,Segmented Model (1 Bp),Intermediate,0.841460342,134
2252,88,0.6968514249854993,0.38611288001087457,-7.320214519665258,0.7160230286917314,0.7628631999721887,153.6160906373151,60.425363173568634,148.4681119096761,0.8491091461976773,1.6662214039205387e-05,0,2,0.7628631999721887,intermediate,intermediate,intermediate,dormant,Linear Model,Intermediate,0.696851425,88
2255,102,0.7102562012709837,0.30701776646192547,-8.925304998923234,0.8035080583508257,0.8039692837188918,90.91853390985028,39.43537497333695,93.60515154101175,4.753183531801563e-07,0.6975972839645621,1,1,0.8035080583508257,intermediate,intermediate,intermediate,dormant,Segmented Model (1 Bp),Intermediate,0.803508058,102
2256,69,0.8219398616674788,0.5189610821908544,-11.672740385783966,0.8324561925055391,0.8349074852762287,62.62520976961459,56.37181958251679,59.05570543546215,0.12737701859652578,0.8923452041900322,0,0,0.8219398616674788,simple,simple,simple,dormant,Linear Model,Simple,0.821939862,69
2257,98,0.7436210964977215,0.4949462162392152,-16.74193240690694,0.8623007113981962,0.8842200360155218,186.72142615358374,100.09403996516697,218.6409702739899,8.39081866066878e-10,0.017927443218194887,2,2,0.8842200360155218,intermediate,intermediate,intermediate,dormant,Segmented Model (1 Bp),Intermediate,0.862300712,98
2258,79,0.7696702003073171,0.6330020616116285,-18.516340421276997,0.877783116249301,0.8807579363824086,198.76505732999996,72.70113862845577,198.76505732999993,1.3160465463434994e-07,0.30584864815818624,1,1,0.877783116249301,simple,simple,simple,dormant,Linear Model,Simple,0.7696702,79
2259,79,0.7150168770818206,0.5143316012394401,-14.818459945195631,0.849313453219895,0.8584496373955572,152.27626421329697,72.99295738544728,152.95904175300944,1.6921996866945531e-07,0.08887262238582135,1,1,0.849313453219895,intermediate,intermediate,intermediate,dormant,Segmented Model (1 Bp),Intermediate,0.849313907,79
2261,110,0.7823260650256526,0.4675234675572872,-12.528801772691635,0.8027104257720156,0.807722744673231,55.86825165311444,60.66924340631789,111.39835066299077,0.041420645648350775,0.44247699264354,1,1,0.8027104257720156,simple,simple,simple,dormant,Linear Model,Simple,0.782326065,110
2262,97,0.7583016816408157,0.5598824430885393,-13.217592181283482,0.7715632816084997,0.7849916122144899,67.72707783293414,141.9847392,148.0922354,0.018927200297059667,0.3635633269538442,1,1,0.7715632816084997,simple,simple,simple,dormant,Linear Model,Simple,0.758301682,97
2263,80,0.7998374995043003,0.6035013094753546,-23.893649290921275,0.9245950433169967,0.9274292830039337,199.56077805415805,47.802689209173835,205.48650923499997,9.876757468152367e-10,0.0621549772822682,1,1,0.9245950433169967,simple,simple,simple,dormant,Linear Model,Simple,0.799837499,80
2264,69,0.7492006879530965,0.6011344528895672,-27.573884344961805,0.8574354191874708,0.8629671656484568,214.33354574649996,104.81471765418046,233.33400089583296,9.684432741639354e-07,0.15546221654674955,1,1,0.8574354191874708,intermediate,intermediate,intermediate,dormant,Segmented Model (1 Bp),Intermediate,0.857435419,69
2265,79,0.7736242399656547,0.6396266991737869,-23.99912695772747,0.8633183540365134,0.8639012061641806,219.64138968999964,44.033886488842974,205.01391434279432,7.799067462156639e-08,0.0029944608961703454,2,2,0.8639012061641806,simple,simple,simple,dormant,Linear Model,Simple,0.77362424,79
2266,83,0.7221319435039091,0.5936130351391949,-20.497859352128426,0.9130838044591595,0.9171060886683886,164.83434582773003,73.50057323373234,174.08400994292685,2.2838425612513732e-10,0.45423811697674754,1,1,0.9130838044591595,intermediate,intermediate,intermediate,dormant,Segmented Model (1 Bp),Intermediate,0.913083805,83
2267,67,0.8615035328520925,0.5848803338549577,-21.233564534065803,0.9493336468426361,0.954833554487117,163.11763797819245,121.36731573058127,258.81105905181425,7.768449935620116e-09,0.008747726256149706,2,2,0.954833554487117,simple,simple,simple,dormant,Linear Model,Simple,0.861503533,67
2268,110,0.4665121788004235,0.19377601322456472,-3.439437368662605,0.4837369422711171,0.4869413642132102,132.34748195499998,34.08337826738677,132.34748195499998,0.05155676624639589,0.5226135216060779,0,0,0.4665121788004235,complex,complex,complex,dormant,-,Complex,,110
2269,56,0.6957903828953425,0.45496295512705365,-10.559476946396188,0.7594146838190338,0.892677820843158,220.0077625,200.269408333419,220.0077625,0.7195719944575315,8.778572204480487e-05,0,2,0.892677820843158,intermediate,intermediate,intermediate,dormant,Linear Model,Intermediate,0.695790383,56
2270,80,0.6949557027502449,0.38650804541486455,-7.1013346905398285,0.7065894019353859,0.7320207262996957,163.63315735102267,124.65578499161782,163.63486204386933,0.9169482379682337,0.0034523898938978665,0,0,0.6949557027502449,intermediate,intermediate,intermediate,dormant,Linear Model,Intermediate,0.694955703,80
2271,57,0.7143526803293355,0.49660390087495626,-14.444846931751629,0.7217909082218902,0.7319551649790643,48.003395304973125,64.37083476546688,167.33812540213975,0.9811702421044619,0.34824694175149495,0,0,0.7143526803293355,intermediate,intermediate,intermediate,dormant,Linear Model,Intermediate,0.71435268,57
2272,88,0.3847864073489213,0.07439012637314066,-1.9193267367146518,0.40860928097684907,0.4095406786421684,54.92957014819954,54.19184919964086,132.87280463717963,0.16090659323163378,0.8825842387046099,0,0,0.3847864073489213,complex,complex,complex,dormant,-,Complex,,88
2273,54,0.8756022781194734,0.6826494666054159,-25.898871308165536,0.8937370851558587,0.9066878438571229,166.09637593317223,187.8383974837616,213.8198402408954,0.03056007326147864,0.10690517005816957,1,1,0.8937370851558587,simple,simple,simple,dormant,Linear Model,Simple,0.875602278,54
2274,189,0.2984398187374287,0.02370557435980864,-0.18287324660407256,0.3361611683808588,0.34106114886030386,51.19556180354999,18.164492243307734,52.89329726339023,0.004690021260484623,0.7882677630427395,1,1,0.3361611683808588,complex,complex,complex,dormant,-,Complex,,189
2275,112,0.49535260554898447,0.04871690429469317,-0.6023934675817717,0.5914055506835222,0.6053406947288865,43.737777976321816,35.624672997419715,64.91577097349999,1.1346047427912547e-05,0.40680136656203925,1,1,0.5914055506835222,complex,complex,complex,dormant,-,Complex,,112
2276,38,0.4353862275854011,0.029145398693693748,-0.7915974778649476,0.5959484358950656,0.6182733599187136,105.99238894499996,51.805059473393044,105.99238835795877,0.0019490993756243475,0.186981980557753,1,1,0.5959484358950656,complex,complex,complex,dormant,-,Complex,,38
2277,89,0.2327737872380038,0.00635439653202146,-0.0656307299335056,0.2564793241700263,0.3196118692567602,82.967416796,44.583249056566366,66.86929155072235,0.6956769329854549,0.02091914094558601,0,0,0.2327737872380038,complex,complex,complex,dormant,-,Complex,,89
2278,124,0.7750637168586217,0.38084246509864916,-14.097522978922852,0.9240949913987987,0.9281468535816719,136.32678452999994,70.52085399164491,136.32678452999994,2.971513712459565e-17,4.0241750895523294e-14,2,2,0.9281468535816719,simple,simple,simple,dormant,Linear Model,Simple,0.775063717,124
2279,77,0.5984444009873859,0.33517713853885567,-11.505822636010091,0.712112301876319,0.7156231782335435,153.7621572522222,75.26263507508476,199.22455294000005,1.122454883185404e-05,0.2304588369938691,1,1,0.712112301876319,intermediate,intermediate,intermediate,dormant,Linear Model,Intermediate,0.598444401,77
2280,140,0.6107281174461213,0.11087498469954166,-2.851270971775046,0.7155318255221428,0.7210261517750912,109.53213241,65.74365072344098,109.53213241,1.4984848115312694e-09,0.010220938364007382,2,2,0.7210261517750912,intermediate,intermediate,intermediate,dormant,Linear Model,Intermediate,0.610728118,140
2281,113,0.5365434728287123,0.33996154798657513,-13.01444836721538,0.6787790076208761,0.6810998301644421,149.52067089835325,157.52840058643488,227.0695663599999,4.8575865534765607e-08,0.3241266946983782,1,1,0.6787790076208761,intermediate,intermediate,intermediate,dormant,Linear Model,Intermediate,0.536543473,113
2282,59,0.4354236227385796,0.016826468231165174,-0.35523611521449644,0.5103439196857552,0.5174610358116553,64.76840471443869,80.20660556337197,95.45755757334445,0.04234574519504004,0.15754652393557353,1,1,0.5103439196857552,complex,complex,complex,dormant,-,Complex,,59
2283,122,0.3286360803917741,0.019030071180710924,0.0217028265567873,0.34890123902557574,0.4028478309979078,103.87713213522787,78.31538198845848,103.86840234702954,0.3665847932386421,0.00081052376366162,0,0,0.3286360803917741,complex,complex,complex,dormant,-,Complex,,122
2286,84,0.3180795950184194,0.03151048534477577,-0.3933699227636712,0.47075316607880524,0.49093875704584483,98.55129836307569,67.3851698830983,91.98879855550081,0.0011654577135377306,0.4613311206003694,1,1,0.47075316607880524,complex,complex,complex,dormant,-,Complex,,84
2287,67,0.13110968382010907,0.004645351011817277,-0.05394584253258596,0.18371770986139768,0.18596512135032034,54.96563347208874,5.381500477260026,55.3308379350248,0.08414505992124963,0.4838884171528679,0,0,0.13110968382010907,complex,complex,complex,dormant,-,Complex,,67
2288,97,0.05885968303393949,0.0015436904079077227,0.021334412577216348,0.12458752042827637,0.3293470714736765,75.86131228908145,68.77926916892734,71.2987123485511,0.08191337000704838,0.004482077642877783,0,2,0.3293470714736765,complex,complex,complex,dormant,-,Complex,,97
2291,25,0.29826940578707084,0.009433578217985667,0.1569808576915838,0.5148527406067019,0.5216663948354087,85.29256207919556,43.449467013006064,85.29182164889608,0.18480776353045308,0.4648951059897781,0,0,0.29826940578707084,complex,complex,complex,dormant,-,Complex,,25
2292,425,0.5092261679537524,0.06046727701327607,-1.0863163701205452,0.6530831504573614,0.6541113029746948,88.66335409599999,61.35689935977032,86.82848356759352,7.581300667320486e-28,7.680890360257142e-06,2,2,0.6541113029746948,intermediate,intermediate,intermediate,dormant,Linear Model,Intermediate,0.509226168,425
2293,227,0.5353533576016489,0.05889757514523023,-0.6011714894032785,0.5509882028573639,0.6021281239214309,24.837861618544007,41.38909645821344,57.867077148705214,0.5951280455271344,0.0001756548851369427,0,2,0.6021281239214309,intermediate,intermediate,intermediate,dormant,Linear Model,Intermediate,0.535353358,227
2294,162,0.33460793961464147,0.07987730147304993,-1.6166903464611695,0.4214520079650622,0.42347616234621704,80.83508276572195,51.93680425385678,81.05242711514825,9.231654509139835e-07,0.007236314472412229,2,2,0.42347616234621704,complex,complex,complex,dormant,-,Complex,,162
2295,475,0.5136711325465639,0.07131350342589607,-0.8699096282361364,0.5756867925595202,0.5768441756621586,72.88497344699985,67.0021663528237,72.88497344699985,1.9031986727115716e-13,0.5787611731410903,1,1,0.5756867925595202,intermediate,intermediate,intermediate,dormant,Linear Model,Intermediate,0.513671132,475
2296,316,0.5753281146739104,0.08554257852024166,-1.8905058779259265,0.8074305340795797,0.8077403693352557,98.73558040750001,18.091616477894682,98.73558040750001,9.74877191570977e-33,2.2554188345516434e-05,2,2,0.8077403693352557,intermediate,intermediate,intermediate,dormant,Segmented Model (1 Bp),Intermediate,0.807430534,316
2297,245,0.5847275263930882,0.06308404901246002,-1.1573368557678074,0.7108155682805082,0.7189079718535971,92.57170627824058,41.745579103481376,96.8523911663018,3.471099187378559e-20,5.73025570671966e-14,2,2,0.7189079718535971,intermediate,intermediate,intermediate,dormant,Linear Model,Intermediate,0.584727526,245
2298,353,0.4217472597343999,0.05325421993575879,-0.7235940989909502,0.46443438309489193,0.48092488788811305,40.70683040822886,57.98431629638498,63.40759456343098,0.00027589314021153063,0.13389125356006357,1,1,0.46443438309489193,complex,complex,complex,dormant,-,Complex,,353
2299,344,0.5239053603776448,0.0986606501310132,-1.4666893674523145,0.5600214401671578,0.5715855071149417,47.26321508589915,79.79314581680237,91.72953664601523,6.617696451255484e-05,0.3451236475936854,1,1,0.5600214401671578,intermediate,intermediate,intermediate,dormant,Linear Model,Intermediate,0.52390536,344
2300,198,0.41858787013870813,0.04163945032440471,-0.5116716740438194,0.440485845049738,0.4759924714506429,30.646034042205006,42.81100528521608,70.49895980422362,0.27658978702004294,0.058585212690544904,0,0,0.41858787013870813,complex,complex,complex,dormant,-,Complex,,198
2301,275,0.4384466512621193,0.04806403398421698,-0.875043197645314,0.5134302268971789,0.5156868766435706,52.04716172286875,45.19734815974287,80.5377499597145,2.633406189467424e-09,0.13330514060010773,1,1,0.5134302268971789,complex,complex,complex,dormant,-,Complex,,275
2302,28,0.5369093012358312,0.005786883045547211,0.053556691315470605,0.6467478740169511,,57.67783172432234,,,0.5743417960840271,0.27983513846812064,0,0,0.5369093012358312,intermediate,intermediate,intermediate,dormant,Linear Model,Intermediate,0.536909302,28
2303,289,0.3653174789168064,0.04109928703003669,-0.6109199364575694,0.40680125486378005,0.4069850599950519,50.30883204012072,18.261322639090533,51.39450302663656,8.25786051556583e-06,0.15452409234681086,1,1,0.40680125486378005,complex,complex,complex,dormant,-,Complex,,289
2304,267,0.3983916592949368,0.03832632407661464,-0.6189109569024779,0.4678276351079721,0.4744513262194954,77.74268402528519,35.954337070366996,80.75028939894685,2.171069287828894e-08,0.08038849279448002,1,1,0.4678276351079721,complex,complex,complex,dormant,-,Complex,,267
2305,361,0.29899869904195087,0.0825849982114846,-1.897972526142918,0.5339173690512902,0.5789902280411278,78.79280762,77.52271065023346,78.79280762,3.083900067711959e-32,4.260496829872712e-24,2,2,0.5789902280411278,complex,complex,complex,dormant,-,Complex,,361
2306,321,0.34645254503760575,0.03982967708650344,-0.5773836468201045,0.35628807725306727,0.35664611471702584,25.640097593585164,24.018743612118843,87.43115666,0.05482542534411269,0.6013618320607128,0,0,0.34645254503760575,complex,complex,complex,dormant,-,Complex,,321
2307,306,0.34025901939345266,0.024838472523407602,-0.27367056932038575,0.34724804828621775,0.3476193442980756,30.606131479145155,31.113312271071273,91.8699379725,0.27963522841347754,0.5665649565800124,0,0,0.34025901939345266,complex,complex,complex,dormant,-,Complex,,306
2308,247,0.22962568073199344,0.11862231894101129,-3.104752835491941,0.3530555362145482,0.3562563662909861,101.68822630999998,77.45918819968612,99.41746594454187,1.2579981651300365e-08,0.511160756533135,1,1,0.3530555362145482,complex,complex,complex,dormant,-,Complex,,247
2309,304,0.44746664217753257,0.06424559968228649,-1.2373709180640404,0.6367756190754044,0.6443122989049059,82.28658992649994,65.02442337212031,82.28658992649993,1.0359899403948504e-21,0.009439063899419816,2,2,0.6443122989049059,complex,complex,complex,dormant,-,Complex,,304
2310,235,0.3965458869180621,0.07908932139219556,-1.6420318848752402,0.5852034431127939,0.5859217872691773,90.21155035999999,18.82441269576859,90.21125890265455,9.394331276478408e-15,0.24195601659313637,1,1,0.5852034431127939,complex,complex,complex,dormant,-,Complex,,235
2311,316,0.32344412039550574,0.048307974523446685,-0.9780392877404519,0.40208366942609375,,98.53784818,,,7.69606269367675e-10,0.03768916223731424,1,0,0.32344412039550574,complex,complex,complex,dormant,-,Complex,,316
2312,216,0.3327696260318852,0.025220059861158405,-0.47231400675420615,0.3814702941338412,0.4105191892072017,55.916077501994366,73.79545627498864,91.42537494292304,0.025735812779093332,0.00038039485067598787,2,2,0.4105191892072017,complex,complex,complex,dormant,-,Complex,,216
2313,312,0.28226232838804516,0.10437331063938621,-2.276451335170087,0.4799264004192709,0.49652516153482895,89.43122507449999,76.51333415673744,89.43122507449999,6.585110590782602e-18,0.09495398957217495,1,1,0.4799264004192709,complex,complex,complex,dormant,-,Complex,,312
2314,205,0.6583128160995672,0.06551790031405703,-0.5970807164005796,0.6863749176810812,0.6876538469000295,59.26543582328805,57.9016710005655,93.86141993999993,0.00021043961138461425,0.6353538557438133,1,1,0.6863749176810812,intermediate,intermediate,intermediate,dormant,Linear Model,Intermediate,0.658312816,205
2315,248,0.6713623751967912,0.05449361223208394,-0.5327296115284912,0.7075797361449093,0.7108764647809053,79.72937114956048,21.415822877141046,80.30769451547832,8.029980015923329e-08,0.038771621206784485,2,2,0.7108764647809053,intermediate,intermediate,intermediate,dormant,Linear Model,Intermediate,0.671362375,248
2316,172,0.5819183048972125,0.07939441851933797,-1.447755911435267,0.828008814134937,0.8289586010278437,79.55442054049999,20.555712894494828,79.55442054049999,2.7933238100017427e-16,0.5363165040937645,1,1,0.828008814134937,intermediate,intermediate,intermediate,dormant,Segmented Model (1 Bp),Intermediate,0.828008814,172
2317,362,0.31309006555362484,0.08095889005301238,-1.303539911613273,0.465366851096125,0.46624379456375065,60.672097979631445,17.55036256612454,60.79213324076238,1.785366773579188e-15,0.7279882201161613,1,1,0.465366851096125,complex,complex,complex,dormant,-,Complex,,362
2318,229,0.41843202567904497,0.13304819613920968,-2.697196559294695,0.5306709621586476,0.5340081387974399,60.581660108309904,65.2776165712955,78.83610305799999,2.0249121130355176e-10,0.27376934416892906,1,1,0.5306709621586476,complex,complex,complex,dormant,-,Complex,,229
2319,218,0.4887585327660824,0.06303198206579358,-1.1889779757112422,0.6763803626793085,0.6852675031357218,75.49568644667215,35.16978669437796,77.58101390982158,2.266706811150505e-15,0.13550437481281832,1,1,0.6763803626793085,complex,complex,complex,dormant,-,Complex,,218
2320,125,0.44176126402892957,0.024017270997611796,-0.39377829742249665,0.6746414354446183,0.6764878521876472,55.7803635432976,36.12713623929798,56.37730142,3.8544624272825885e-10,0.8975232806906769,1,1,0.6746414354446183,complex,complex,complex,dormant,-,Complex,,125
2321,265,0.3529575834221,0.06137023145325054,-1.0475358473535457,0.41410351950854,0.43809437519440986,50.01724041915473,68.66308337233298,70.22626330235938,0.0008375932761537567,0.0013225802170117068,2,2,0.43809437519440986,complex,complex,complex,dormant,-,Complex,,265
2322,148,0.25612279895367257,0.10952362572305814,-2.4592154420150583,0.4956691000046917,0.5206792488665262,76.4091653545,75.75472044,76.4091653545,1.6280390481573983e-10,0.1201369427844695,1,1,0.4956691000046917,complex,complex,complex,dormant,-,Complex,,148
2323,283,0.2280689241169121,0.05338319228299122,-1.0138265019533865,0.3445338674710181,0.34614237085144445,57.98395273279164,40.11052914901086,60.90487320748096,9.03019933287158e-09,0.4316869508003939,1,1,0.3445338674710181,complex,complex,complex,dormant,-,Complex,,283
2324,73,0.38796204374940385,0.07800627122442966,-1.414238317845525,0.48515080656636766,0.48694492598861433,69.0139327030242,17.713314539614416,70.28704597525017,0.0024655808654933417,0.8534917973788648,1,1,0.48515080656636766,complex,complex,complex,dormant,-,Complex,,73
2325,270,0.2572777084247469,0.0532121497262146,-0.9750412173887646,0.4198450783605932,0.4205902501027985,67.16190729749997,54.03843531211692,66.72724725826043,1.3164237129748041e-10,0.011555169862773112,2,2,0.4205902501027985,complex,complex,complex,dormant,-,Complex,,270
2326,165,0.3540097505375059,0.033230013048010376,-0.43741557953574706,0.38113132136784894,0.4216870441539517,28.976593905105645,40.67353766228852,54.75180876786751,0.07929171726864574,0.19561685659596653,0,0,0.3540097505375059,complex,complex,complex,dormant,-,Complex,,165
2327,215,0.3012551405427772,0.04579262311444946,-0.5903238528547038,0.3369186674755847,,53.01690567658618,,,0.0027297286058337034,0.7817691499547864,1,1,0.3369186674755847,complex,complex,complex,dormant,-,Complex,,215
2328,200,0.24411517084393325,0.0457025130236897,-0.7446037795484405,0.30096324787616674,0.3181043653612456,41.75405213922507,62.070968279559914,67.94566637657624,0.0035657262234386265,0.0234728434182591,2,2,0.3181043653612456,complex,complex,complex,dormant,-,Complex,,200
2329,351,0.3208371011646613,0.1474405059439339,-2.9194043081348906,0.40458062352993307,0.4052508284378686,84.02296989233872,20.816068643185503,84.06778455571154,4.6571837102854e-09,0.8030484234353605,1,1,0.40458062352993307,complex,complex,complex,dormant,-,Complex,,351
2330,234,0.4754858003014528,0.16056513798433153,-3.7794883966872925,0.9250834845608308,0.9254757713837238,67.84148905599999,32.4997505581203,67.83866705548506,3.9197684898987933e-32,0.04904451405518038,2,2,0.9254757713837238,intermediate,intermediate,intermediate,dormant,Segmented Model (1 Bp),Intermediate,0.925083485,234
2331,124,0.3239449807555719,0.07733107413420362,-1.506733572655637,0.6811875416753257,0.6943473764345137,64.91978113999996,42.95713347870564,64.91978113999996,5.0147164161290675e-11,0.536415475472261,1,1,0.6811875416753257,complex,complex,complex,dormant,-,Complex,,124
2332,22,0.6674477808137026,0.16376586900678586,-4.21997522250328,0.7159101142467962,0.7230836415456185,106.90317224138307,30.024145410149423,106.90317224249999,0.1284060535077117,0.9367506507296898,0,0,0.6674477808137026,intermediate,intermediate,intermediate,dormant,Linear Model,Intermediate,0.667447781,22
2333,373,0.29966931871878955,0.08557305948493556,-1.6465224523633992,0.5628172111853087,,78.54370201799995,,,3.338499513584731e-32,4.6905861280312344e-14,1,0,0.29966931871878955,complex,complex,complex,dormant,-,Complex,,373
2334,174,0.3446982004619286,0.1391226887800867,-3.202470915027214,0.8913145096175817,0.8976005718915822,71.5814537705,42.960607859893145,71.58145256239482,4.976800116857698e-25,6.023575262722714e-08,2,2,0.8976005718915822,intermediate,intermediate,intermediate,dormant,Segmented Model (1 Bp),Intermediate,0.89131451,174
2335,138,0.27461389781999007,0.08444412360671037,-1.4325332739009407,0.3463592371181231,0.355183178781247,41.54703944263084,44.600842092593226,60.90296535319273,0.0014661039241146577,0.4315393789032991,1,1,0.3463592371181231,complex,complex,complex,dormant,-,Complex,,138
2336,112,0.360136145467805,0.1708626858511554,-4.208589356307029,0.8323082403163288,0.8634589527691993,86.88235407249991,74.14311602872922,86.82994865771317,4.477235617479834e-15,0.0027467241108883505,2,2,0.8634589527691993,intermediate,intermediate,intermediate,dormant,Segmented Model (1 Bp),Intermediate,0.832308241,112
2337,184,0.2849626056362119,0.10377418513875253,-1.6760527438298607,0.4668424532420847,0.4670369112641995,57.27714381716699,23.672864753770956,57.801913370383254,6.245178117476416e-09,0.3635713793678025,1,1,0.4668424532420847,complex,complex,complex,dormant,-,Complex,,184
2338,151,0.31744543822918797,0.01499888579117356,-0.2673414695533024,0.4496925821551752,0.4497190507340746,46.18428584834047,12.97481644722816,46.313009349367334,3.149322045651131e-07,0.4419085478557415,1,1,0.4496925821551752,complex,complex,complex,dormant,-,Complex,,151
2339,163,0.4300215278627625,0.04343534538170482,-0.6736958580733152,0.6856845372555969,0.692014562073823,80.181916462,35.64107206189458,80.17968392175213,2.529163642087667e-15,0.0008555515100579477,2,2,0.692014562073823,complex,complex,complex,dormant,-,Complex,,163
2340,391,0.44519559600834846,0.13374759759100976,-3.0944713460188,0.7208202025660935,,97.218047795,,,4.185172380586659e-47,3.5751063793173724e-40,1,0,0.44519559600834846,complex,complex,complex,dormant,-,Complex,,391
2341,479,0.34519806849798956,0.10571573689694978,-2.1597912666803607,0.3941581075944009,0.4018555392986298,100.19577643,97.355332490077,97.54548149318353,9.383366971510534e-11,0.0021479769727804844,2,2,0.4018555392986298,complex,complex,complex,dormant,-,Complex,,479
2342,340,0.4547712623103658,0.18976647049767997,-3.950847594068147,0.5955123817080491,0.6176124918889554,90.44170640500002,85.19746364451065,90.44170640500002,1.5841465132503643e-20,0.00012081444730870574,2,2,0.6176124918889554,complex,complex,complex,dormant,-,Complex,,340
2343,242,0.44793570567263413,0.08015568419134265,-1.2159407433307694,0.530430646837545,0.5640655079575017,93.51366998299999,90.29851443903853,93.51366998299999,5.951377216218085e-12,2.832818701484052e-07,2,2,0.5640655079575017,complex,complex,complex,dormant,-,Complex,,242
2344,332,0.5033676453942366,0.07287612475330904,-1.2083580314969629,0.5666731667490812,0.5678405252962291,39.658934461897246,37.170006948227424,74.5742952199404,1.6774594101801066e-10,0.05177245404892365,1,1,0.5666731667490812,intermediate,intermediate,intermediate,dormant,Linear Model,Intermediate,0.503367645,332
2345,340,0.3975190459183695,0.10053999086525468,-1.813994472241741,0.46320983454115,0.46361517661108465,50.99630607098537,49.013935890221106,72.2860757811333,7.572683823477728e-09,0.4618984565631875,1,1,0.46320983454115,complex,complex,complex,dormant,-,Complex,,340
2346,282,0.4080801065271093,0.1460503643907772,-2.9751589551706337,0.5992654902999125,0.6024447208209369,76.79381790299999,34.733653891164984,76.79368748721517,5.0240021154944327e-23,2.438097291270229e-11,2,2,0.6024447208209369,complex,complex,complex,dormant,-,Complex,,282
2347,456,0.41293211844565764,0.11178163938625764,-1.8760986875220125,0.5076061479294541,0.5117973163771441,74.03829899499999,33.73331800373441,74.03714933544437,1.6716209429420615e-19,2.8181188247939497e-06,2,2,0.5117973163771441,complex,complex,complex,dormant,-,Complex,,456
2348,352,0.2965338963208331,0.0858183066227114,-1.1075273577484512,0.3270196040694882,0.3381825894825754,44.39453872771716,52.480289422900405,60.59733808166383,0.00036230649205442445,0.9797372508169799,1,1,0.3270196040694882,complex,complex,complex,dormant,-,Complex,,352
2349,395,0.43937977220876084,0.1558910395864397,-2.948357164088274,0.5882387561212173,0.5887745073896943,74.7267648692573,24.10972281139363,74.97169659533398,5.907156219239017e-24,5.664014601415865e-05,2,2,0.5887745073896943,complex,complex,complex,dormant,-,Complex,,395
2350,263,0.25042413278746667,0.07944264028751101,-1.6652569868841511,0.6828138028055265,0.6860395690841945,74.79784506999995,22.466926661705674,74.79628900372435,1.280706670025792e-28,2.430498245239035e-05,2,2,0.6860395690841945,complex,complex,complex,dormant,-,Complex,,263
2351,27,0.4076130628618636,0.12553147224238684,-1.4637172893895651,0.6293398915705045,0.7728230805839424,92.60315015811291,54.728872739871484,92.56810146568436,0.09317479356411995,0.021193269801909408,0,2,0.7728230805839424,complex,intermediate,intermediate,dormant,Segmented Model (2 Bps),Intermediate,0.772900784,27
2352,70,0.3580280392695272,0.0477444972970616,-0.5656231693351129,0.38545320494692137,0.4806644187483051,59.183639249526784,65.9145478348417,69.33715967182523,0.7556880575325211,0.025060496917866243,0,0,0.3580280392695272,complex,complex,complex,dormant,-,Complex,,70
2353,207,0.5482175757618104,0.09203001317683157,-2.034637950337802,0.6381288442700348,0.6450345524532839,97.59626746999997,31.36415711306909,97.59626746999997,1.5927342208384745e-10,0.01796039082843333,2,2,0.6450345524532839,intermediate,intermediate,intermediate,dormant,Linear Model,Intermediate,0.548217576,207
2354,250,0.4423815868320084,0.14375352529276647,-3.2800686954936555,0.5321986506426231,0.5361152870732603,60.21848447448656,57.082437373937616,95.03626265749998,2.157987743841433e-09,0.37958324003614097,1,1,0.5321986506426231,complex,complex,complex,dormant,-,Complex,,250
2355,306,0.4088466055770708,0.17844652591170307,-4.205533248405139,0.5893579529753332,0.5898839839575691,85.77814882653553,24.959422930961374,85.91676108360129,3.1108298048675395e-18,0.5979026060343424,1,1,0.5893579529753332,complex,complex,complex,dormant,-,Complex,,306
2356,261,0.3793711948028803,0.1564681886101205,-3.4597588187178094,0.6208926316294778,0.6216017504948521,83.04776364296009,80.72834597036048,92.85442168819178,1.9495344728931886e-18,0.9667986971925905,1,1,0.6208926316294778,complex,complex,complex,dormant,-,Complex,,261
2357,388,0.3257182857313794,0.1204781285820006,-2.6069533139788637,0.4388661217899687,0.4415624415613506,73.35126755350042,78.82313382983358,82.19958842884238,2.286298707517851e-11,0.0006229756250733814,2,2,0.4415624415613506,complex,complex,complex,dormant,-,Complex,,388
2358,244,0.48189656957270666,0.1377540256922492,-4.154768189169126,0.7392097409228101,0.7408029595247684,109.37495186269476,39.73786420538494,111.50855640251768,3.397877112673527e-20,0.00861412178273808,2,2,0.7408029595247684,complex,complex,complex,dormant,-,Complex,,244
2359,233,0.650928926500425,0.44244441752196073,-17.98583587990365,0.9054490232889729,0.9076346156152247,147.44848032,63.07174714429339,147.44848032,5.160789699301232e-32,2.8147491698483696e-17,2,2,0.9076346156152247,intermediate,intermediate,intermediate,dormant,Segmented Model (1 Bp),Intermediate,0.905449023,233
2360,274,0.5513583830368646,0.38995966078597166,-13.938661588945331,0.8780861395735348,0.8898687537271207,134.75975493999957,129.00092857139447,134.59310355988276,6.860019540886859e-37,2.2615763675398983e-17,2,2,0.8898687537271207,intermediate,intermediate,intermediate,dormant,Segmented Model (1 Bp),Intermediate,0.87808614,274
2361,243,0.4195226580184125,0.2836159716037741,-9.322936205727867,0.6510579209315069,0.6516450274521732,104.21888576999996,41.12967103182869,104.21888576999996,1.182451181274056e-22,1.4202448328693513e-10,2,2,0.6516450274521732,complex,complex,complex,dormant,-,Complex,,243
2362,265,0.5747168524304288,0.33372819030030976,-12.527521942728605,0.8534363860606854,0.8537227162379171,125.07414835999998,51.0529393375084,125.07414835936099,1.5699547772605046e-33,2.530022078322749e-15,2,2,0.8537227162379171,intermediate,intermediate,intermediate,dormant,Segmented Model (1 Bp),Intermediate,0.853436386,265
2363,350,0.3851673405772379,0.22842368686310408,-6.272764339178207,0.6932389013335097,0.7204945760829715,91.61237433300002,89.78783973,91.61237433300002,1.2923405644059545e-35,1.4480910321696815e-10,2,2,0.7204945760829715,complex,complex,complex,dormant,-,Complex,,350
2364,208,0.49112781985802023,0.21828439128856186,-7.037706455439514,0.8458549062688607,,129.17828925499998,,,8.800080995622636e-25,0.03443850386515065,1,0,0.49112781985802023,intermediate,complex,intermediate,dormant,Segmented Model (1 Bp),Intermediate,0.845854906,208
2366,16,0.503714478167441,0.01634495384123556,-0.10966513235408999,0.9121136318613391,0.9134516672939927,15.688759885522437,6.944733885187819,15.819994031882832,0.005118864240363743,0.7932826257445296,1,1,0.9121136318613391,intermediate,intermediate,intermediate,dormant,Segmented Model (1 Bp),Intermediate,0.912113632,16
2367,97,0.3716332159728715,0.2293431257033888,-9.647970742906484,0.6588526339490339,0.6591841638823056,178.69163379999978,20.843938263782125,178.67873960875377,1.130229344287545e-08,0.7606820275578212,1,1,0.6588526339490339,complex,complex,complex,dormant,-,Complex,,97
2368,72,0.48820205607081485,0.28427826723554256,-12.458535592890339,0.6511008386194048,0.6586191059220574,181.83718000307985,152.7335301,170.3351185,6.145976264179019e-06,0.12671838818183748,1,1,0.6511008386194048,complex,complex,complex,dormant,-,Complex,,72
2369,92,0.5236782203047589,0.19777470915089612,-6.724352472843489,0.5636301842541818,0.5847746256788761,96.70594683168437,126.19768828381082,182.82241834492294,0.05189686195412007,0.27576166639263994,0,0,0.5236782203047589,intermediate,intermediate,intermediate,dormant,Linear Model,Intermediate,0.52367822,92
2370,100,0.2641320142711563,0.1788567237644958,-5.746372064347084,0.37229111799038817,0.37491452330473,98.5674893322352,76.987478287443,94.94655022126919,0.0009178925040700396,0.4689332612125703,1,1,0.37229111799038817,complex,complex,complex,dormant,-,Complex,,100
2371,99,0.5504847684996115,0.2869263758628415,-15.051249422070072,0.6063731454340783,0.614407135647798,281.4896252140321,80.78431580698353,283.6804498868018,0.0007317046042076569,0.611346058253684,1,1,0.6063731454340783,intermediate,intermediate,intermediate,dormant,Linear Model,Intermediate,0.550484768,99
2372,112,0.5195714463848244,0.10230175045108073,-2.092847009322543,0.5647258872198645,,135.61928865057877,,,0.006161823267484341,0.16289361051069354,1,1,0.5647258872198645,intermediate,intermediate,intermediate,dormant,Linear Model,Intermediate,0.519571446,112
2373,114,0.5708196915216673,0.29076231303013583,-9.680370315684026,0.6074563332189644,0.619964066691362,79.49076505865081,83.6444987315984,181.52780749547804,0.009881589335437072,0.8170567324512948,1,1,0.6074563332189644,intermediate,intermediate,intermediate,dormant,Linear Model,Intermediate,0.570819692,114
2374,120,0.8170406467569469,0.3828670495913976,-12.97078620883262,0.868782074848292,0.8817010674924202,125.90621060389164,179.6723705644966,216.4009635206391,2.9663213071188787e-06,0.37836914555823975,1,1,0.868782074848292,simple,simple,simple,dormant,Linear Model,Simple,0.817040647,120
2375,227,0.6759486665958586,0.2779919691815504,-16.00332398855652,0.7292318984512278,0.735507262828398,156.07904763588613,202.40926486129462,420.28492134999976,2.49224427242441e-05,0.027215293935577034,2,2,0.735507262828398,intermediate,intermediate,intermediate,dormant,Linear Model,Intermediate,0.675948667,227
2376,162,0.7287405201484851,0.23707465219907284,-10.258376730837687,0.8655150415543186,0.8694263635623822,180.84377420481502,104.80864813297443,207.10653590469764,3.5286806207166604e-16,0.006725431214078386,2,2,0.8694263635623822,intermediate,intermediate,intermediate,dormant,Segmented Model (1 Bp),Intermediate,0.865515042,162
2377,146,0.6799113699012571,0.28987464867280116,-8.528138469053127,0.7819603316329351,0.7837743514352002,107.25327507471467,93.15811364685042,123.29084381778982,6.8515417180727104e-09,0.7475137410527937,1,1,0.7819603316329351,intermediate,intermediate,intermediate,dormant,Segmented Model (1 Bp),Intermediate,0.781960332,146
2378,138,0.6597655803536618,0.36964837785381566,-12.05619682406425,0.8214993880617172,0.8215015719367806,89.45894760494303,9.014432380374528,89.4970931848673,6.868159919474485e-12,0.6380995070586192,1,1,0.8214993880617172,intermediate,intermediate,intermediate,dormant,Segmented Model (1 Bp),Intermediate,0.821499388,138
2379,212,0.6239508327046117,0.3740996305420864,-11.679164531903576,0.8142552069774418,0.8148455223936887,125.47666858004838,32.74912350196365,127.88192243405854,2.7855457135917715e-19,0.9659446318997612,1,1,0.8142552069774418,intermediate,intermediate,intermediate,dormant,Segmented Model (1 Bp),Intermediate,0.814255207,212
2380,273,0.46595399168931295,0.33334964467500544,-12.525929324127329,0.8367442552480407,0.8369051804122708,149.5128414999999,76.31874108975258,149.5128414999999,9.434215327135002e-34,1.4694512609221536e-06,2,2,0.8369051804122708,intermediate,intermediate,intermediate,dormant,Segmented Model (1 Bp),Intermediate,0.836744255,273
2381,203,0.6416296349931804,0.49434837266992593,-16.38135279015179,0.836831839811475,0.8398367555466427,156.7950326999999,68.35350953418344,156.79476113589575,1.737713512106434e-21,0.0004825471671392712,2,2,0.8398367555466427,intermediate,intermediate,intermediate,dormant,Segmented Model (1 Bp),Intermediate,0.835766461,203
2382,256,0.7929005834193168,0.444225595758834,-16.566122603347146,0.9426989837343804,0.9431021347711688,111.20999961995075,50.16073167478198,114.8802509299766,5.688211319376048e-20,1.5855325846514925e-11,2,2,0.9431021347711688,simple,simple,simple,dormant,Linear Model,Simple,0.792900583,256
2383,158,0.6229360665352178,0.2461657912924859,-7.624065854564445,0.6861924382770592,0.7171935079594126,68.61213939838683,106.52873984739502,165.94041437500005,0.00026532481036786417,0.10526578713090148,1,1,0.6861924382770592,intermediate,intermediate,intermediate,dormant,Linear Model,Intermediate,0.622936067,158
2384,154,0.7389479463930414,0.4066005109147473,-16.935540957642672,0.8451970572398126,0.8455793998313167,109.05788748716071,52.76008686155403,113.33846110134168,5.558434597159734e-12,0.44418820399829173,1,1,0.8451970572398126,intermediate,intermediate,intermediate,dormant,Segmented Model (1 Bp),Intermediate,0.845197057,154
2385,174,0.5792399829903113,0.12753117956243773,-3.439219309548963,0.6741291699958666,0.6762330780310253,101.67312827723735,106.59645080108864,169.68703021999994,1.3550751032428896e-06,0.015447360475607047,2,2,0.6762330780310253,intermediate,intermediate,intermediate,dormant,Linear Model,Intermediate,0.579239983,174
2386,128,0.6805769620849073,0.6022020791353261,-25.429593153592226,0.7608990806921774,,152.22503615319238,,,2.0017200245637543e-06,0.032486310350149664,1,0,0.6805769620849073,intermediate,intermediate,intermediate,dormant,Segmented Model (1 Bp),Intermediate,0.76042025,128
2387,87,0.8810773544254509,0.5972761248552894,-27.702035905398134,0.9399942563189436,0.9430790315154683,99.48327251128657,136.74182869999999,141.4732992,3.2866111082417323e-09,0.0031805632819952682,2,2,0.9430790315154683,simple,simple,simple,dormant,Linear Model,Simple,0.881077354,87
2388,242,0.5797650273482832,0.339665774178236,-12.935359703365451,0.943063685994189,0.9480666112430531,124.54771940999989,113.2171575,124.54771940999989,2.3699556516704512e-35,2.8534967772428617e-16,2,2,0.9480666112430531,intermediate,intermediate,intermediate,dormant,Segmented Model (1 Bp),Intermediate,0.943063686,242
2389,229,0.48711473264728283,0.1845377371380589,-6.2130639760602016,0.572581094901686,0.5850162519666501,83.15856442665162,61.30333786888005,146.58281709999997,7.456283906772786e-11,0.0013136391034906454,2,2,0.5850162519666501,complex,complex,complex,dormant,-,Complex,,229
2390,222,0.6008981549416882,0.18072698313177923,-6.1923668736586714,0.8275589605201888,0.8291608105331508,106.97157257262731,64.33175421335365,110.40912577052036,1.7950338085936303e-21,0.011830736900885586,2,2,0.8291608105331508,intermediate,intermediate,intermediate,dormant,Segmented Model (1 Bp),Intermediate,0.82755896,222
2391,221,0.5193253433416404,0.3253328708226836,-10.793734917632573,0.7749389367921585,0.7801626548701708,152.69913016440307,66.62957873567896,154.41775377224178,1.918658867772665e-20,0.024870161259824546,2,2,0.7801626548701708,intermediate,intermediate,intermediate,dormant,Segmented Model (1 Bp),Intermediate,0.774938937,221
2392,203,0.5360826049296319,0.3175257835987988,-10.089437494751717,0.6223817698372222,0.6500430470890551,94.04136768136226,50.031063574914874,166.16252066013172,4.581355240615476e-10,0.006320408571096106,2,2,0.6500430470890551,intermediate,intermediate,intermediate,dormant,Linear Model,Intermediate,0.536082605,203
2393,228,0.701369104282038,0.5182292846797414,-19.876722867129047,0.9177785217924084,0.9184708501570932,118.89561063695086,47.32499917618484,121.39519987066251,6.915697361328221e-23,8.335079052316114e-05,2,2,0.9184708501570932,intermediate,intermediate,intermediate,dormant,Segmented Model (1 Bp),Intermediate,0.917778522,228
2394,235,0.6230478387405948,0.34861367067721727,-13.768921698415738,0.7427524056948986,0.7432148554573853,110.36030923249515,50.59023877788127,111.71730364777696,4.081995180168536e-11,0.0012148729513898986,2,2,0.7432148554573853,intermediate,intermediate,intermediate,dormant,Linear Model,Intermediate,0.623047839,235
2395,190,0.6668132607062209,0.3681410088341103,-13.89473642275231,0.91063290053583,0.9107475931566134,129.54652657667646,33.08649551640499,133.26410425043224,1.793177779106363e-22,0.4358037902080081,1,1,0.91063290053583,intermediate,intermediate,intermediate,dormant,Segmented Model (1 Bp),Intermediate,0.910632901,190
2396,204,0.7335606350312798,0.5785440021122421,-24.260868517998983,0.9377932429188895,,145.24551905670094,,,4.508827570214037e-28,1.0574090072197937e-10,1,0,0.7335606350312798,intermediate,intermediate,intermediate,dormant,Segmented Model (1 Bp),Intermediate,0.937793243,204
2397,341,0.41145767061372035,0.08915850985894454,-2.1283701176763064,0.4865023420201793,0.49035777788142054,66.9299772289721,38.202844352974886,87.45314336385348,2.715848993124664e-10,0.29645994810184273,1,1,0.4865023420201793,complex,complex,complex,dormant,-,Complex,,341
2398,266,0.6919074850672466,0.4403161835033616,-15.841732350786089,0.8876223839807057,0.8904004668056625,123.08672922842516,56.87710767807027,134.30976931931824,1.7554510568803684e-30,0.00013386960336153207,2,2,0.8904004668056625,intermediate,intermediate,intermediate,dormant,Segmented Model (1 Bp),Intermediate,0.887622384,266
2399,259,0.7860446909872689,0.43062485039058235,-17.392148890720268,0.8722461363469055,0.872893634918954,120.33434789239857,44.13820826613902,121.08435789598485,1.9380700139225795e-14,0.042696120350944014,2,2,0.872893634918954,simple,simple,simple,dormant,Linear Model,Simple,0.786044691,259
2400,305,0.6555108711053137,0.27519640023813496,-8.907200176069193,0.8219692626241087,0.8262443970054931,117.11067306172178,76.91549281798086,141.08583090000008,1.5271824023876548e-28,0.0011771359145137249,2,2,0.8262443970054931,intermediate,intermediate,intermediate,dormant,Segmented Model (1 Bp),Intermediate,0.821969263,305
2401,303,0.5640989958074355,0.34571999685705274,-12.422128887205194,0.8529078585219074,0.8533265175821597,174.29961370999982,34.08253433919238,174.29961370999982,2.3484197223003435e-32,0.6757257207602412,1,1,0.8529078585219074,intermediate,intermediate,intermediate,dormant,Segmented Model (1 Bp),Intermediate,0.852907859,303
2402,240,0.614996243827256,0.2920827681735031,-9.828977278128518,0.7444434067255893,0.7444993268807567,107.87254247970235,18.241648808710575,108.45864285853779,4.213215945936481e-10,1.2659988666310956e-06,2,2,0.7444993268807567,intermediate,intermediate,intermediate,dormant,Linear Model,Intermediate,0.614996244,240
2403,312,0.6523643190403698,0.4132238092925545,-13.520760318692616,0.849274414268321,0.8559802808751682,160.1983889065131,75.5270542500982,183.33410192999997,6.349459323709313e-33,0.0001442649346779595,2,2,0.8559802808751682,intermediate,intermediate,intermediate,dormant,Segmented Model (1 Bp),Intermediate,0.848482462,312
2404,229,0.726222338190702,0.3632215596474558,-11.814174762729841,0.8404916380878678,0.8409037715572394,107.45115361373826,41.55900812762384,109.88505570874129,1.401130568822923e-16,0.5601659942953598,1,1,0.8404916380878678,intermediate,intermediate,intermediate,dormant,Segmented Model (1 Bp),Intermediate,0.840491638,229
2405,275,0.7720174126658164,0.5714096962447475,-20.644026468443467,0.9178711784695163,0.9200440501979483,155.88643699701,61.80154653665429,168.94712651,1.1528374161137787e-32,4.576772783250749e-08,2,2,0.9200440501979483,simple,simple,simple,dormant,Linear Model,Simple,0.772017413,275
2406,214,0.8370137550291675,0.5512475110239162,-26.338598948714683,0.9407988912171951,0.945269827954752,207.08850481819036,108.90841522312455,248.46421453999994,5.533316570427722e-26,3.889935401775767e-08,2,2,0.945269827954752,simple,simple,simple,dormant,Linear Model,Simple,0.837013755,214
2407,102,0.6923948862606303,0.571138365289106,-24.347418317358436,0.8810881665539466,0.8904478764670443,163.77196341745318,147.94670726840366,234.83770217317314,7.970601927652339e-12,0.17635419666526353,1,1,0.8810881665539466,intermediate,intermediate,intermediate,dormant,Segmented Model (1 Bp),Intermediate,0.881088167,102
2408,200,0.8610144383779376,0.4915863023692585,-20.18420125242868,0.9248436782674224,0.9297632323641125,104.39590411558001,139.65859022052604,246.9645945244816,1.5302564528172435e-10,0.12627466449528324,1,1,0.9248436782674224,simple,simple,simple,dormant,Linear Model,Simple,0.861014438,200
2409,238,0.31088932594120916,0.01698693017806958,-0.22409802944477106,0.3360034765563035,0.3399025902320267,39.39945797886211,33.904328520605965,79.84013858971682,0.001396672255321333,0.15994256503515686,1,1,0.3360034765563035,complex,complex,complex,dormant,-,Complex,,238
2410,181,0.3487291628180709,0.10725364776982876,-2.2675691237951514,0.6850020282045748,0.7031755372091335,98.76999998999972,83.0897374774042,95.30625258900906,2.7679966881841685e-11,0.4824934545482722,1,1,0.6850020282045748,complex,complex,complex,dormant,-,Complex,,181
2411,275,0.2809111875959195,0.08566224828259408,-1.7254753516769101,0.3536319021915301,0.35619930272143413,84.28137302505174,32.31974748801224,87.6999447301818,1.973741651204946e-05,0.018991910669988916,2,2,0.35619930272143413,complex,complex,complex,dormant,-,Complex,,275
2412,59,0.15736021723212243,0.05756853244132419,-1.0971588082199273,0.24496022673545687,0.2515506646711589,68.0246978608735,70.18260312549292,95.29126829599875,0.04242385144421109,0.33740308320346746,1,1,0.24496022673545687,complex,complex,complex,dormant,-,Complex,,59
2413,62,0.2685046432255182,0.01989835942375418,-0.19501877607267645,0.2990766421289917,0.5059483540611756,29.70200996513787,55.675177236404636,58.229314876784095,0.384652257547321,0.06404003119172581,0,0,0.2685046432255182,complex,complex,complex,dormant,-,Complex,,62
2414,242,0.4842377627972751,0.15642902071828213,-3.7098022232870944,0.642149902927492,0.6432184676307902,121.70355712999996,21.87998149996305,121.70355712999996,8.512725792857976e-17,0.0009851669364060222,2,2,0.6432184676307902,complex,complex,complex,dormant,-,Complex,,242
2415,353,0.352380194476638,0.16735757338427237,-4.033601594139932,0.42920948245365503,0.46485328135418624,61.5321023345023,101.70434373768737,113.32095836807459,3.3570139096466223e-08,0.18693733412699143,1,1,0.42920948245365503,complex,complex,complex,dormant,-,Complex,,353
2416,403,0.37663248346035394,0.125617273448108,-2.896788883653184,0.4905820042507454,0.4916821899878762,69.64406931767532,64.9020460480718,97.02655286439779,1.2223398609154492e-14,0.6091254689977674,1,1,0.4905820042507454,complex,complex,complex,dormant,-,Complex,,403
2417,387,0.5077046097749519,0.18989361280026562,-4.341287230301043,0.6821396861156335,0.6888479282617623,110.52206183,109.0061735,110.52206183,1.8034165927420046e-28,0.00025064805729995283,2,2,0.6888479282617623,intermediate,intermediate,intermediate,dormant,Linear Model,Intermediate,0.50770461,387
2418,304,0.32262366712980306,0.1607262368906018,-3.507327901666973,0.35944548703308354,0.37037715901067036,55.204864543575454,42.971245245596826,114.39242312499997,2.7871138296668257e-05,0.17708364109315142,1,1,0.35944548703308354,complex,complex,complex,dormant,-,Complex,,304
2419,414,0.2764112455643601,0.0445829082413121,-0.9117236999299904,0.3782989564638793,0.37868575523579645,91.25602453299999,31.948853959991858,91.24582780707625,5.078720870700383e-16,4.070835383705116e-05,2,2,0.37868575523579645,complex,complex,complex,dormant,-,Complex,,414
2420,439,0.6303314155268993,0.4076803199752213,-12.149622696663817,0.7358046782847623,0.74169085612816,127.2132824576672,53.45060267405009,143.50954719454623,2.016422139806762e-29,2.2242591914616854e-08,2,2,0.74169085612816,intermediate,intermediate,intermediate,dormant,Linear Model,Intermediate,0.630331415,439
2421,187,0.5382999953480231,0.3194871175930768,-9.307515933933335,0.6564801200941477,0.6632331365917487,89.40135268836546,97.80943259354844,100.45448908425405,2.4982057673877393e-11,0.03628588700778402,2,2,0.6632331365917487,intermediate,intermediate,intermediate,dormant,Linear Model,Intermediate,0.538299995,187
2422,354,0.5103503725560674,0.28213865183083797,-8.060840478451714,0.7486858881586452,0.7505864900963934,148.3610715699998,137.87886562986338,148.3610715699998,6.819731908453535e-39,1.8350263040851155e-24,2,2,0.7505864900963934,intermediate,intermediate,intermediate,dormant,Segmented Model (2 Bps),Intermediate,0.755867776,354
2423,180,0.6060356076459052,0.3414022508474361,-7.435230776425041,0.8031416005942862,0.8045676693338899,78.7784862964883,29.767282672662734,82.71671038832619,6.2463573202540985e-16,0.09931499277496358,1,1,0.8031416005942862,intermediate,intermediate,intermediate,dormant,Segmented Model (1 Bp),Intermediate,0.803141601,180
2424,268,0.41438183637152654,0.149254314862721,-2.827291034002737,0.4976608821666391,0.49876585320353267,63.51403584110457,58.95637408674328,84.84205240743171,1.112046699043214e-08,0.9670824634170078,1,1,0.4976608821666391,complex,complex,complex,dormant,-,Complex,,268
2425,367,0.6199481465858937,0.4737075216295329,-9.770655080990885,0.7610748912509805,0.765435969002725,76.2132261237536,46.68579263025264,97.06945854299114,5.429240984968546e-27,0.006472839788028396,2,2,0.765435969002725,intermediate,intermediate,intermediate,dormant,Segmented Model (1 Bp),Intermediate,0.761074891,367
2426,187,0.45800635509377857,0.24156467832498674,-6.1453833085251945,0.7634367344935911,0.7636868258159097,87.59444193399999,37.31301997785497,87.59444193399999,2.1888967630682548e-23,1.3873083578962222e-16,2,2,0.7636868258159097,intermediate,intermediate,intermediate,dormant,Segmented Model (1 Bp),Intermediate,0.763436734,187
2427,118,0.5281384469129767,0.30696284609413227,-6.231418567365407,0.5876480620815574,0.5913033485098999,73.88068980179239,27.541102734307042,73.8807448546594,3.451761775820002e-05,0.018159214405939733,2,2,0.5913033485098999,intermediate,intermediate,intermediate,dormant,Linear Model,Intermediate,0.528138447,118
2428,255,0.5136294967198471,0.17076013519279648,-3.7616087825431355,0.6105744716893816,0.6135667773335634,112.89409424999994,31.944202189089523,112.89409424999994,8.412843847274251e-12,0.1371417416618147,1,1,0.6105744716893816,intermediate,intermediate,intermediate,dormant,Linear Model,Intermediate,0.513629497,255
2429,209,0.6810647891748488,0.3255800363430648,-7.387541477238845,0.7826792122141435,0.7860671259674977,120.48633583703696,47.0310816668202,124.05471371999994,3.1057658563059027e-14,0.15738061593737035,1,1,0.7826792122141435,intermediate,intermediate,intermediate,dormant,Segmented Model (1 Bp),Intermediate,0.782673491,209
2430,238,0.4764806979361626,0.32215923983288225,-6.608827740248099,0.6917979959175949,0.6923861402517514,97.52944533099992,67.67594267011502,97.52308562702746,1.3663423878027495e-23,6.202924543065802e-13,2,2,0.6923861402517514,complex,complex,complex,dormant,-,Complex,,238
2431,173,0.4886736586722411,0.09265089640161736,-1.589720878388988,0.6167962971919594,0.6179314175937112,61.68541107921652,58.28226829391197,88.037086374,2.7601932891679243e-09,0.8226226699826726,1,1,0.6167962971919594,complex,complex,complex,dormant,-,Complex,,173
2432,192,0.441920649187088,0.20569635780488063,-4.393047259209493,0.631572380529467,0.6320105101715702,85.35992511015276,64.59632793276512,93.50772705197633,5.3501268902011824e-14,0.09788999315436536,1,1,0.631572380529467,complex,complex,complex,dormant,-,Complex,,192
2433,307,0.2121249466445169,0.053422237707045336,-0.7099205152003822,0.23857480480758608,0.25076109567090027,35.925318740429695,45.37713028711211,69.46346158899998,0.07010151632713826,0.009487610015006606,0,2,0.25076109567090027,complex,complex,complex,dormant,-,Complex,,307
2434,247,0.47558238296939476,0.05182986807340517,-0.5850109025143543,0.5151793734787601,0.5197487653819188,57.60475309005848,19.25615195589905,59.14003540779825,4.31296102522465e-06,0.048392784733858926,2,2,0.5197487653819188,complex,complex,complex,dormant,-,Complex,,247
2435,450,0.407930601048037,0.10575877322859102,-1.8321491061875033,0.6207545139761625,0.6212691384601596,70.52611391954282,23.178942704398846,71.51103404249977,1.7526112659304372e-29,0.7026158761156829,1,1,0.6207545139761625,complex,complex,complex,dormant,-,Complex,,450
2436,239,0.31636983157626747,0.07784976558703059,-1.2804822052163136,0.40517932688528935,0.4074150948125643,78.31416035499998,18.128998600901454,78.31416035499998,3.2736433919926444e-08,0.07266232979959139,1,1,0.40517932688528935,complex,complex,complex,dormant,-,Complex,,239
2437,199,0.2685046301545275,0.03826329457851235,-0.5397657442528168,0.3449978292699888,0.3625006730749508,81.931810542,71.04036019406709,81.93171608353951,0.0010136298871479149,0.4898824211765461,1,1,0.3449978292699888,complex,complex,complex,dormant,-,Complex,,199
2438,126,0.12549566161837467,0.028453431775232414,-0.36618250585054113,0.13439980449998695,0.19219214703865412,28.281247570037245,52.814468210374876,62.34173013465087,0.5687824731112376,0.4221238887092943,0,0,0.12549566161837467,complex,complex,complex,dormant,-,Complex,,126
2439,281,0.285554922330838,0.16780377488986295,-1.0245567302629415,0.29372059355787694,0.30458494383913665,125.23333609999969,47.76647073462679,125.23204648475873,0.725520893840206,0.09319280770959047,0,1,0.29372059355787694,complex,complex,complex,dormant,-,Complex,,281
2440,155,0.3384498110715574,0.03104822146339219,-0.45599005005529164,0.3660341614157787,0.39889237935567706,33.99638209254715,46.86377737153647,55.72518630875601,0.05274269654606973,0.23851863097191092,0,0,0.3384498110715574,complex,complex,complex,dormant,-,Complex,,155
2441,193,0.3011887660167496,0.08646433295551494,-1.2222522427574407,0.317254666199911,,24.812505661916894,,,0.3704539367578742,0.2051987862241028,0,1,0.317254666199911,complex,complex,complex,dormant,-,Complex,,193
2442,210,0.6024097843774584,0.03635489502282765,-0.42049399050531977,0.7104010795332315,0.7139807927719252,64.33082557424386,50.21918604110527,61.5933734301581,2.7605307514482803e-11,0.7223853031373713,1,1,0.7104010795332315,intermediate,intermediate,intermediate,dormant,Linear Model,Intermediate,0.602409784,210
2443,167,0.6206082508602188,0.052168367303935044,-0.47077618665615645,0.6324484856896854,0.6359238915267754,26.312701214252556,18.019262824889793,64.33120225099937,0.04706583753391423,0.6616895481047154,1,1,0.6324484856896854,intermediate,intermediate,intermediate,dormant,Linear Model,Intermediate,0.620608251,167
2444,237,0.6096130892850417,0.27647231925229276,-5.769503285765942,0.7266972948281721,0.7330579128757119,85.95536292172123,41.79614106044613,94.38187052383793,7.61301706530127e-14,0.36705444984511115,1,1,0.7266972948281721,intermediate,intermediate,intermediate,dormant,Linear Model,Intermediate,0.609613089,237
2445,216,0.4595979488108561,0.15251603853072462,-3.3021336683477878,0.8257300516023438,0.8259597203372412,80.231929005,25.46955791206459,80.23192900499998,2.4909795486943418e-23,0.8789248590022504,1,1,0.8257300516023438,intermediate,intermediate,intermediate,dormant,Segmented Model (1 Bp),Intermediate,0.825730052,216
2446,406,0.5292710507996242,0.2994497285282949,-5.700419219015933,0.6962117832791356,0.7044416582825103,80.5452190775,37.83660016157261,80.5452190775,1.4453533699505743e-29,2.623805208648534e-05,2,2,0.7044416582825103,intermediate,intermediate,intermediate,dormant,Linear Model,Intermediate,0.529271051,406
2447,352,0.4795747582063229,0.37579099095624896,-6.6041547386854615,0.6243998798678257,0.6275564284097885,63.92015277732675,49.76308908028604,75.222701881,3.930658527292478e-20,0.05373878521941142,1,1,0.6243998798678257,complex,complex,complex,dormant,-,Complex,,352
2449,68,0.5683345698182175,0.014557378770392726,-0.11221050314337898,0.6324497286575352,0.6409766738551621,47.561347965582776,29.102662785148674,46.79849316131767,0.01600658493402175,0.12397930031461275,1,1,0.6324497286575352,intermediate,intermediate,intermediate,dormant,Linear Model,Intermediate,0.56833457,68
2450,224,0.3239868065827668,0.14338328710248122,-3.1980376005226048,0.46200134886630645,0.4621579834713242,75.15138053446708,19.415802159247818,75.69789351749156,1.5055433583518023e-08,0.03034062384141311,2,2,0.4621579834713242,complex,complex,complex,dormant,-,Complex,,224
2451,364,0.3088413104062462,0.11291986997464148,-2.243275308577183,0.3418279312743027,0.34321766020170913,52.22001732359587,25.144520515548418,55.76665966939528,6.731851609719995e-05,0.7827428753080993,1,1,0.3418279312743027,complex,complex,complex,dormant,-,Complex,,364
2452,317,0.5750022024409197,0.1341856731740485,-3.364607215316817,0.762905903930993,0.7654227120835212,108.64000251999998,29.97057412879078,108.64000251999997,3.088182431520952e-27,0.0032003779110679562,2,2,0.7654227120835212,intermediate,intermediate,intermediate,dormant,Segmented Model (1 Bp),Intermediate,0.762905904,317
2453,73,0.7140144642455024,0.19889746052209434,-4.2487607414513135,0.9334183052969751,0.9371070477212863,62.83312273799994,48.94295841039663,52.915725279705214,2.2237227860625637e-10,0.33310381730201044,1,1,0.9334183052969751,intermediate,intermediate,intermediate,dormant,Segmented Model (1 Bp),Intermediate,0.933418305,73
2454,92,0.33202689085776305,0.15288573062816732,-2.0680547658972284,0.3991031739573844,0.40645810039644836,62.94116130720871,30.873863463760255,62.93993333615909,0.004027873670044511,0.5547097352785607,1,1,0.3991031739573844,complex,complex,complex,dormant,-,Complex,,92
2455,135,0.08894017224931991,0.0008898268746655108,-0.01098072211911649,0.09784088772784927,0.21141759436877697,23.5414917192341,40.04370424373161,45.531459757629584,0.9879228571036747,0.13440368029137045,0,0,0.08894017224931991,complex,complex,complex,dormant,-,Complex,,135
2456,191,0.2556977405310867,6.628949879831831e-05,-0.00012411288467563188,0.26322467642420166,0.28234925074856704,53.47268039795819,42.62594868779261,45.940342133398396,0.24370099330200004,0.5857141350694324,0,0,0.2556977405310867,complex,complex,complex,dormant,-,Complex,,191
2458,344,0.14969326665429233,0.001778670613775921,-0.016417329574532156,0.16881308628770572,0.1962617975246953,35.031420964979084,47.474455537941864,54.318167291129235,0.0479516848555139,0.012564472818618366,2,2,0.1962617975246953,complex,complex,complex,dormant,-,Complex,,344
2459,120,0.2464600155579419,0.05044629788537803,-0.9400991825115084,0.28699661199357396,,60.20401106760204,,,0.02016894222594214,0.9887409536513108,1,1,0.28699661199357396,complex,complex,complex,dormant,-,Complex,,120
2460,66,0.26959845171015745,0.03245205221330114,-0.7381516856152148,0.29995916162569414,0.4926463518792628,57.00334938368459,66.2694279486681,97.87581528440634,0.36445899395931824,0.034849193401346824,0,0,0.26959845171015745,complex,complex,complex,dormant,-,Complex,,66
2461,93,0.5836005805478405,0.009877577373836698,-0.14407209300239324,0.7020319149024064,0.7130015356545952,43.08637261168196,53.614695819999994,57.89061885,2.3119209259921183e-05,0.05782992182044348,1,1,0.7020319149024064,intermediate,intermediate,intermediate,dormant,Linear Model,Intermediate,0.583600581,93
2462,111,0.650875354593428,0.00970748020280716,-0.09676466334524748,0.7378467519521594,0.7454626152747024,70.84030424,43.973259841215736,70.84030423999994,2.385577203640379e-06,0.9611672524250486,1,1,0.7378467519521594,intermediate,intermediate,intermediate,dormant,Linear Model,Intermediate,0.650875354,111
2463,144,0.5304178569722556,0.07066725027555601,-1.4716821933524933,0.5660887893426428,0.5782943952362021,53.82902429851435,59.41920817768011,110.30885817999997,0.053944869472627686,0.0353016666516001,0,2,0.5782943952362021,intermediate,intermediate,intermediate,dormant,Linear Model,Intermediate,0.530417857,144
2466,142,0.6344659514646279,0.022516421744069013,-0.1637235994390961,0.7222818722823335,0.7224015106227772,58.463183819397216,5.275557000087626,58.46301239789999,1.195238219117981e-06,0.11800388330895087,1,1,0.7222818722823335,intermediate,intermediate,intermediate,dormant,Linear Model,Intermediate,0.634465951,142
2469,161,0.2470905753861431,0.0005127906550190491,-0.00778503587523872,0.5871207384777732,0.6134118857226856,59.80447758,57.95058028,59.80447758,2.7850513141109454e-15,0.0028165786918998266,2,2,0.6134118857226856,complex,complex,complex,dormant,-,Complex,,161
2470,94,0.6703365991506599,0.03930122807190559,-0.5846640881869516,0.8713538915912442,0.8731181942940922,45.2375933093651,37.9305888654079,51.558795148145016,1.793997217177738e-10,0.5887293139343259,1,1,0.8713538915912442,intermediate,intermediate,intermediate,dormant,Segmented Model (1 Bp),Intermediate,0.871353892,94
2472,41,0.2210276146580905,0.004728153844493358,-0.03337757076688705,0.33633154021507494,0.3786408451260432,44.16692779217827,21.11597903347595,40.63242259968846,0.11577435778906235,0.38989574740802824,0,0,0.2210276146580905,complex,complex,complex,dormant,-,Complex,,41
2473,21,0.03379000484042228,0.027243364011230557,1.616541010924876,0.10851972563723503,0.10557948371315008,49.89201406051306,26.869288785974188,33.34052201123025,0.7980179245085095,0.07210023087347642,0,0,0.03379000484042228,complex,complex,complex,dormant,-,Complex,,21
2475,48,0.5144346976129917,0.04676621412227077,-0.3551947141911883,0.5754387905734336,0.713057209762506,94.68108370899998,72.09295343193627,84.48711295015366,0.21126308347691117,0.029590539556232264,0,2,0.713057209762506,intermediate,intermediate,intermediate,dormant,Linear Model,Intermediate,0.514434698,48
2476,128,0.3335468196030918,0.05789471920841022,-1.0591087851527097,0.35786884625812626,0.3584248096263636,49.78141268881726,43.12273341459135,74.43555657082474,0.19541734675105288,0.3334046460080706,0,1,0.35786884625812626,complex,complex,complex,dormant,-,Complex,,128
2478,67,0.49465425532194,0.14744842381333945,-5.406583404616437,0.8015302535157445,0.8410765137044398,146.72789524,106.65027299048432,146.68936772904723,7.50651942587943e-09,0.0006936073110792913,2,2,0.8410765137044398,intermediate,intermediate,intermediate,dormant,Segmented Model (1 Bp),Intermediate,0.801530254,67
2479,71,0.47076694208046116,0.2729720989132424,-10.391692300217532,0.523453170408049,0.5241646737554935,212.53099784569685,36.19519598988527,216.02509958461084,0.039665481899325325,0.30981694630424966,1,1,0.523453170408049,complex,complex,complex,dormant,-,Complex,,71
2480,51,0.3330172382543974,0.1841803018152618,-4.015273025104896,0.344286989244936,0.4583052096849655,80.89902173295484,102.28913775451927,110.94367640696059,0.5856607105579197,0.2317605480486427,0,0,0.3330172382543974,complex,complex,complex,dormant,-,Complex,,51
2481,18,0.5532107755293053,0.2713961478873636,-5.993957374352294,0.8692438915809441,0.8730949703260686,185.6496666,76.02170231,185.6496666,0.02465087253934765,0.1962575368706847,1,1,0.8692438915809441,intermediate,intermediate,intermediate,dormant,Segmented Model (1 Bp),Intermediate,0.833361958,18
2482,88,0.42971143103957776,0.278500523517577,-7.248535324573092,0.5242983738562139,0.5318896403801087,140.28415080481196,127.01177152783242,135.29923664893525,0.0001949011590161645,0.20643350292483534,1,1,0.5242983738562139,complex,complex,complex,dormant,-,Complex,,88
2483,17,0.4328743160579688,0.00531868786009981,-0.0713216067980447,0.9934433850725516,,62.14123832,,,0.01026834951184665,0.28491875932878197,1,1,0.9934433850725516,intermediate,intermediate,intermediate,dormant,Segmented Model (1 Bp),Intermediate,0.979808125,17
2484,288,0.6346418026315295,0.5097693164810493,-10.520445766048937,0.8675380502641594,0.87030962215945,79.8625027611075,53.64878085815653,84.81340726035769,1.3385672872599352e-32,0.0006078967742540448,2,2,0.87030962215945,intermediate,intermediate,intermediate,dormant,Segmented Model (1 Bp),Intermediate,0.86753805,288
2485,135,0.5991509797299406,0.2058732042636349,-4.801529693838393,0.7427860661839724,0.7454463246451499,60.1351756922057,36.12286990485307,69.10626948366628,2.077835960924967e-09,0.19882194735728895,1,1,0.7427860661839724,intermediate,intermediate,intermediate,dormant,Linear Model,Intermediate,0.59915098,135
2486,317,0.702490733648212,0.2241039630645862,-3.02335671082941,0.7730160968901622,0.776599177313294,75.22050354399987,17.70600933508495,75.22050354399997,1.4221615407994147e-16,0.03371311538892959,2,2,0.776599177313294,intermediate,intermediate,intermediate,dormant,Segmented Model (1 Bp),Intermediate,0.773016097,317
2487,349,0.5854650015368423,0.3569305267506471,-6.2344950490092135,0.7122335394406505,0.7174540529442192,74.88289575399997,69.73160175241648,74.88289575399997,1.3141891974385655e-25,1.2475339825486297e-10,2,2,0.7174540529442192,intermediate,intermediate,intermediate,dormant,Linear Model,Intermediate,0.585465002,349
2488,205,0.8018097223729133,0.6491273301745639,-9.941537766325519,0.8296768355952824,0.8323442907544021,66.84386412088926,23.476457572456734,68.15899987552991,3.427164926484686e-06,0.3273749058227755,1,1,0.8296768355952824,simple,simple,simple,dormant,Linear Model,Simple,0.801809722,205
2489,175,0.804159790305785,0.5380088218613707,-9.695093928925525,0.8198587909984945,0.8218928537156528,42.22227675449028,28.845264178943456,86.0393863896766,0.00727656773441496,0.6966998202168022,1,1,0.8198587909984945,simple,simple,simple,dormant,Linear Model,Simple,0.80415979,175
2490,116,0.8392443075042139,0.5511399874378576,-10.46505067133561,0.8545522915089883,0.8554344289682086,43.77294747256473,22.836911960215225,49.00531754496074,0.04024672575089677,0.37400767136036683,1,1,0.8545522915089883,simple,simple,simple,dormant,Linear Model,Simple,0.839244307,116
2491,213,0.5777926818303922,0.14504790376951615,-2.1132792472507256,0.6301705001036961,0.6470863320650088,50.50962456126601,60.070806159479496,67.2330079285862,1.3542351264283446e-05,0.12586213527494663,1,1,0.6301705001036961,intermediate,intermediate,intermediate,dormant,Linear Model,Intermediate,0.577792682,213
2492,353,0.7631409620517108,0.26270263661412274,-4.653940296360321,0.8541163287704565,0.8560392052392957,63.95057277460985,27.98730953020681,67.94958094770362,7.6474241588043425e-25,0.5686197852125362,1,1,0.8541163287704565,simple,simple,simple,dormant,Linear Model,Simple,0.763140962,353
2493,427,0.6516125980955999,0.24392509132922127,-4.121202685612505,0.8197655181217148,0.8233739844811441,71.13570940299999,23.773285820088827,71.13570940299999,1.0812995004276111e-41,2.0315347020417603e-11,2,2,0.8233739844811441,intermediate,intermediate,intermediate,dormant,Segmented Model (1 Bp),Intermediate,0.819765518,427
2494,257,0.7582794471313503,0.41835202670370153,-7.491682646286416,0.8166955447701375,0.8266692891118398,93.50065903799994,37.278031311725094,93.50065903799994,2.8656896233830082e-15,0.0005825556767029111,2,2,0.8266692891118398,simple,simple,simple,dormant,Linear Model,Simple,0.758279447,257
2495,383,0.6396544511601632,0.1454564362291149,-1.687616172986724,0.659327313083652,0.6782961208731787,25.821183638214457,74.80268251,74.96987851,0.0016084603077919694,0.7511411372308682,1,1,0.659327313083652,intermediate,intermediate,intermediate,dormant,Linear Model,Intermediate,0.639654451,383
2496,83,0.7948617657763514,0.5114184127998677,-5.758805330909451,0.8585923034398362,0.8617759131290498,45.20061062978874,25.528306810930022,58.47170504740939,2.3691606117136804e-06,0.2609039551582753,1,1,0.8585923034398362,simple,simple,simple,dormant,Linear Model,Simple,0.794861766,83
2497,187,0.33249407098873557,0.11347566239106202,-0.7682006039829371,0.3348165186533083,0.38482087891236827,65.04599999999999,62.259899999999995,65.04599999999999,0.9369794906222003,0.24541315751269072,0,0,0.33249407098873557,complex,complex,complex,dormant,-,Complex,,187
2500,154,0.4791000981152244,0.23838824964720798,-2.0782973007861045,0.49350862637124876,0.5005425528590121,35.67999167010274,37.721668263675284,83.78449999999995,0.2744854398327436,0.07715316411205703,0,1,0.49350862637124876,complex,complex,complex,dormant,-,Complex,,154
2501,145,0.6589735351768342,0.3793646028181196,-4.017841390787704,0.7086073610875817,0.7206760831037724,73.52340470054439,57.03987461583696,65.1916328299454,2.7833155879445598e-05,0.7067902568256016,1,1,0.7086073610875817,intermediate,intermediate,intermediate,dormant,Linear Model,Intermediate,0.658973535,145
2502,146,0.5038192656794735,0.3178782781885664,-1.2181754903075535,0.51272439688607,0.5202601843217856,74.09000379234814,37.51299909526791,74.08663312514543,0.5911813110805065,0.14866010434304444,0,0,0.5038192656794735,intermediate,intermediate,intermediate,dormant,Linear Model,Intermediate,0.503819266,146
2503,156,0.7100729114196673,0.4684430767649299,-3.890434816747263,0.7121702349282544,0.7176647774506426,126.4075,51.47012216135847,118.9125838975966,0.5738707302577541,0.14192021193283702,0,0,0.7100729114196673,intermediate,intermediate,intermediate,dormant,Linear Model,Intermediate,0.710072911,156
2504,251,0.8338286637693022,0.6137178319915529,-6.547866276155759,0.8817231195853945,0.8849770221146895,67.86001385122312,20.187764661632684,67.86001443011764,4.8481120853376374e-15,0.36959785966702596,1,1,0.8817231195853945,simple,simple,simple,dormant,Linear Model,Simple,0.833828664,251
2505,176,0.7169406483416289,0.41534677549846555,-3.6487701939408748,0.7243911590884269,0.7292426551103641,71.5798337378773,75.8095776293772,84.31628296722849,0.06568411540094247,0.5635952859556378,0,0,0.7169406483416289,intermediate,intermediate,intermediate,dormant,Linear Model,Intermediate,0.716940648,176
2506,123,0.7575369731371194,0.42622181369052703,-4.888376489585,0.7979019809629404,0.7993868059319218,84.48312833000276,14.409900475376832,85.62287352728137,3.012268351617504e-05,0.3995402407865256,1,1,0.7979019809629404,simple,simple,simple,dormant,Linear Model,Simple,0.757536973,123
2507,216,0.617135007743056,0.21152415202568844,-1.7597487659426225,0.6287609193930745,0.636215842037503,20.50515221747921,37.05649735908585,38.67099440486872,0.013536101443536936,0.45108485091564476,1,1,0.6287609193930745,intermediate,intermediate,intermediate,dormant,Linear Model,Intermediate,0.617135008,216
2508,85,0.5877461188028147,0.5215085425163095,-4.049253756742342,0.6722934480782706,0.6837724181264644,69.42001582218406,55.229899999999994,69.4201,0.012892267644714708,0.32758788875356115,1,1,0.6722934480782706,intermediate,intermediate,intermediate,dormant,Linear Model,Intermediate,0.587746119,85
2509,266,0.6973554618150892,0.38086896741397686,-4.331290525731007,0.7358115750357019,0.7432976983760181,65.1275,22.5105137509194,65.12739110209466,5.293262492358423e-10,0.0012812838520953223,2,2,0.7432976983760181,intermediate,intermediate,intermediate,dormant,Linear Model,Intermediate,0.697355462,266
2510,153,0.7849092553468568,0.6086865400587403,-8.91761043652026,0.8148854003760666,0.8192021147635495,49.92997787398532,78.90156547251038,87.25482990446265,7.86274485382567e-06,0.17129039327594042,1,1,0.8148854003760666,simple,simple,simple,dormant,Linear Model,Simple,0.784909255,153
2511,396,0.6640187371438013,0.5060245748482564,-4.885180431411252,0.7397602250303537,0.7422732387598833,37.37999525662074,16.855130040473004,40.02998950801697,5.109488480095731e-16,0.2711747462522706,1,1,0.7397602250303537,intermediate,intermediate,intermediate,dormant,Linear Model,Intermediate,0.664018737,396
2512,228,0.7231254867855601,0.4529959136817641,-3.1799202174048653,0.7301482840201018,0.7422926080763563,20.89549770644065,28.736227359738525,49.63209273164616,0.2795805788680845,0.08724283409315824,0,0,0.7231254867855601,intermediate,intermediate,intermediate,dormant,Linear Model,Intermediate,0.723125487,228
2513,336,0.6763918084842725,0.3707965519807629,-2.801834280954551,0.6902373027457979,0.6905063928275744,25.15001389307904,21.01017145933348,21.450394634332007,0.0012873068836967991,0.7425591277455572,1,1,0.6902373027457979,intermediate,intermediate,intermediate,dormant,Linear Model,Intermediate,0.676391808,336
2514,219,0.7328260885401079,0.5301352582588339,-4.520215622759202,0.7662639427296438,0.7698569304536591,62.84999877443671,28.496133357953216,62.849295794839826,2.894250583924493e-08,0.008527923884474797,2,2,0.7698569304536591,intermediate,intermediate,intermediate,dormant,Segmented Model (1 Bp),Intermediate,0.766009718,219
2515,252,0.6721834611091818,0.3445199121615422,-2.7137154000869717,0.7014290865359535,0.7027709318431936,66.96499999999997,63.67424355032532,66.01870814258577,2.739678221236952e-06,0.3571719833882985,1,1,0.7014290865359535,intermediate,intermediate,intermediate,dormant,Linear Model,Intermediate,0.672183461,252
2517,226,0.7772572144607044,0.6204565470252408,-4.1532895036014885,0.7853201418589504,0.7863687656983968,32.64997884512857,28.12989694842579,31.424947267708305,0.14008017319939514,0.17661364130184193,0,1,0.7853201418589504,simple,simple,simple,dormant,Linear Model,Simple,0.777257214,226
2518,343,0.4399922100378623,0.022845112848936085,-0.1402107378237273,0.45069376050882,0.4602266490876572,29.294367129706696,38.15200130517678,39.48952619348579,0.03488345613196577,0.6442617866601911,1,1,0.45069376050882,complex,complex,complex,dormant,-,Complex,,343
2519,219,0.8218963557320726,0.5730316050134072,-7.191296002906431,0.8702500892008947,0.8727716806725242,45.77053103757797,31.122180398267385,68.99199999999999,9.845638274350629e-14,0.013514218641956203,2,2,0.8727716806725242,simple,simple,simple,dormant,Linear Model,Simple,0.821896356,219
2520,229,0.5456759097052338,0.2591750238799606,-1.3532525812598362,0.5513223052992346,0.5516581389983174,62.804,12.2299791197132,62.80348656897346,0.5381866892995879,0.1044378004594742,0,0,0.5456759097052338,intermediate,intermediate,intermediate,dormant,Linear Model,Intermediate,0.54567591,229
2521,153,0.8315863369706552,0.6858714421905855,-3.6432690875536227,0.8349567778736424,0.8481750620405915,87.92001108891617,101.73481652662127,115.99977866185948,0.9282816141072593,6.51277251815953e-08,0,2,0.8481750620405915,simple,simple,simple,dormant,Linear Model,Simple,0.831586337,153
2522,207,0.8067793412883177,0.5219062326015915,-3.781930061651858,0.8480556941738226,0.8486789492745838,46.36000837280905,5.9590101846899515,46.36010376265936,3.4167892593836278e-09,0.8066699988359065,1,1,0.8480556941738226,simple,simple,simple,dormant,Linear Model,Simple,0.806779341,207
2523,344,0.6276169724776667,0.3635650659999712,-2.229230376908449,0.6379340443652463,0.6382136312951002,24.53999890954509,24.3992629733426,57.66399999999999,0.011070275353202833,0.6734482894067642,1,1,0.6379340443652463,intermediate,intermediate,intermediate,dormant,Linear Model,Intermediate,0.627616972,344
2525,95,0.8949954207261073,0.5933697145017951,-5.483479124095947,0.9058058696995794,0.9085579138693813,49.30010016788541,13.15897240685003,61.71027338924345,0.003742680493440388,0.9392578725017663,1,1,0.9058058696995794,simple,simple,simple,dormant,Linear Model,Simple,0.894995421,95
2526,204,0.6607379130935678,0.18418792227210098,-1.6721208023841356,0.6670491980882539,0.6716128741834972,20.78996314092005,31.530158604590735,41.85786237409299,0.2091654250252499,0.9282991420630928,0,0,0.6607379130935678,intermediate,intermediate,intermediate,dormant,Linear Model,Intermediate,0.660737913,204
2527,283,0.5612824122755052,0.1300109556685339,-0.9994677915556065,0.5650671184397587,0.5656812204741646,12.509999595030187,12.7016502487522,48.57209882717982,0.30293076264896207,0.9642246050310632,0,0,0.5612824122755052,intermediate,intermediate,intermediate,dormant,Linear Model,Intermediate,0.561282412,283
2528,449,0.5072401109441155,0.03563405933965051,-0.18704586387031816,0.5090117571343147,,60.113999999868476,,,0.45296222425748334,0.47884277215181636,0,0,0.5072401109441155,intermediate,intermediate,intermediate,dormant,Linear Model,Intermediate,0.507240111,449
2529,320,0.39913709643262063,0.14304117447566989,-1.0303105326003035,0.43099834515447943,0.4318516482283758,40.966,22.341294167209846,40.966,9.959379081627036e-05,0.8723471394846134,1,1,0.43099834515447943,complex,complex,complex,dormant,-,Complex,,320
2530,350,0.6074444758405542,0.20862453103671466,-1.6408415305844737,0.6213607430773942,0.6228984835748552,34.55002509548904,22.85993627613641,49.9905295574147,0.00018101503905933533,0.1454561262295674,1,1,0.6213607430773942,intermediate,intermediate,intermediate,dormant,Linear Model,Intermediate,0.607444476,350
2531,429,0.46207318660936364,0.28941641080228503,-2.3057418107627026,0.4754091800988407,0.4771408859805198,18.090000025207097,33.42494468926121,44.22799999999997,0.029780020512937714,0.5656403718928853,1,1,0.4754091800988407,complex,complex,complex,dormant,-,Complex,,429
2532,333,0.4471275534293202,0.02605092282432044,-0.09415793097956388,0.4532265854916052,0.45670379807845174,39.029734996184104,31.181201404243467,34.1115135678154,0.11911497071531145,0.28683146905894097,0,0,0.4471275534293202,complex,complex,complex,dormant,-,Complex,,333
2533,119,0.783724334017901,0.5761232483544683,-5.751641862387133,0.8048001018188453,0.8101129941088719,108.05455063654844,27.26003963623808,110.26299999999999,0.0013223127555991004,0.386323610976228,1,1,0.8048001018188453,simple,simple,simple,dormant,Linear Model,Simple,0.783724334,119
2534,296,0.5731621196435599,0.34347305296969577,-2.059545525614036,0.5960608716602832,0.6258943304725978,56.0725,44.14992824181908,55.10971385023404,0.02762971815689405,0.003950088457010767,2,2,0.6258943304725978,intermediate,intermediate,intermediate,dormant,Linear Model,Intermediate,0.57316212,296
2535,399,0.558077483819589,0.3668256461144744,-3.83717467305743,0.6538167341627487,0.6550501530950983,48.76599999999999,9.581542293962965,48.76599999999999,3.950740632087577e-19,0.021546676279996537,2,2,0.6550501530950983,intermediate,intermediate,intermediate,dormant,Linear Model,Intermediate,0.558077484,399
2536,373,0.5894588026234224,0.2832052450697997,-2.1890296201310235,0.607738165374051,0.610094365959657,27.789811296206224,19.390006292329527,49.06199999999998,6.950005732199646e-06,0.0351253852577571,2,2,0.610094365959657,intermediate,intermediate,intermediate,dormant,Linear Model,Intermediate,0.589458803,373
2537,208,0.5049499117624457,0.07046068879226887,-0.26277080976629935,0.5073590365713703,0.5148574937326853,10.379989316117287,11.039921929203228,30.696322080561956,0.6272620374190794,0.08280700314522342,0,0,0.5049499117624457,intermediate,intermediate,intermediate,dormant,Linear Model,Intermediate,0.504949912,208
2538,354,0.4241812253928787,0.06409486060348306,-0.507182377441627,0.4382461532903005,0.44198514502121655,36.95003437115093,32.640065744430316,32.86953987800285,0.0041551614745954455,0.7129727317094553,1,1,0.4382461532903005,complex,complex,complex,dormant,-,Complex,,354
2539,374,0.4640522354475853,0.056956897712248405,-0.4246334502026978,0.4807313088916157,,40.57691427268935,,,0.0004824145384258303,0.35648166945437976,1,1,0.4807313088916157,complex,complex,complex,dormant,-,Complex,,374
2540,436,0.3065714006243728,0.12729033403964818,-1.0398068000734175,0.33357469798705036,0.33495126194302915,48.47001030881248,44.619899999999994,45.420100000000005,3.379136542200674e-05,0.3496114903745384,1,1,0.33357469798705036,complex,complex,complex,dormant,-,Complex,,436
2541,348,0.34337173153994194,0.27445602749105763,-1.6893245014360805,0.3537845733401108,0.3585460244972984,46.480089934060196,40.820022197690136,42.9731257898138,0.09558200514148658,0.20659309279650342,0,0,0.34337173153994194,complex,complex,complex,dormant,-,Complex,,348
2542,340,0.2836915488956608,0.2604383893290289,-0.8321428423653189,0.2850986867103976,,47.25957636180793,,,0.3253894263716982,0.5285487111636271,0,0,0.2836915488956608,complex,complex,complex,dormant,-,Complex,,340
2543,407,0.47720612093832204,0.21560411055950307,-1.8693295218445942,0.5715331717950287,0.5741615078194362,44.158999999999985,39.9004804734657,41.45001051955748,9.452607154728613e-14,0.2273478087410715,1,1,0.5715331717950287,complex,complex,complex,dormant,-,Complex,,407
2544,333,0.3629815105577467,0.19686181184054732,-1.0339977344773088,0.36323685606887185,0.3640110268848033,7.980000117823641,22.9499,23.1401,0.9998445469734525,0.8635776551878591,0,0,0.3629815105577467,complex,complex,complex,dormant,-,Complex,,333
2545,296,0.5446264577697029,0.3225537991328131,-1.759733768211689,0.5471420267594221,0.5616204054181221,14.010006423088917,39.8099,40.380100000000006,0.32221534224219106,0.8526586704908604,0,0,0.5446264577697029,intermediate,intermediate,intermediate,dormant,Linear Model,Intermediate,0.544626458,296
2546,307,0.32261140237135794,0.006556149890181045,-0.009773293336774402,0.3331865247790365,0.349888596807718,72.17499999999997,27.92004185301696,37.795144016984764,0.14024107617494155,0.3763963775456717,0,0,0.32261140237135794,complex,complex,complex,dormant,-,Complex,,307
2548,319,0.6822285525845179,0.26226867174814383,-2.5315759756662968,0.7078542458033678,0.7099215009950693,25.909980102229085,24.909445160942887,62.81127626216742,1.970332474745513e-06,0.37271579524610865,1,1,0.7078542458033678,intermediate,intermediate,intermediate,dormant,Linear Model,Intermediate,0.682228553,319
2549,307,0.38437292162001385,0.011876452644489255,-0.08438793718728041,0.39623100140611417,0.4148510598055836,77.20299999999999,44.636460914675446,77.20299999999999,0.4064718463698028,0.0024970937571444788,0,2,0.4148510598055836,complex,complex,complex,dormant,-,Complex,,307
2550,336,0.604321644446147,0.1487297435649947,-1.3106668408593019,0.6378744320771431,0.6383491790992836,31.03012170283048,21.620079918863002,36.667846008750395,1.0687903042736211e-07,0.18857797512317673,1,1,0.6378744320771431,intermediate,intermediate,intermediate,dormant,Linear Model,Intermediate,0.604321644,336
2553,344,0.5122417558368726,0.3944279805179814,-2.5724766504804992,0.5479131353284192,0.5736812908200701,56.671999999999976,50.040044729099925,54.92013108735518,9.861688239212414e-06,0.65665256670473,1,1,0.5479131353284192,intermediate,intermediate,intermediate,dormant,Linear Model,Intermediate,0.512241756,344
2554,391,0.634270102211821,0.1726321790307334,-1.4674126474265328,0.6471900263555698,0.6559287702005211,27.109947244872167,48.10194549350289,50.79983257467691,0.0014894865240700744,0.6259168616946071,1,1,0.6471900263555698,intermediate,intermediate,intermediate,dormant,Linear Model,Intermediate,0.634270102,391
2555,94,0.8665592936742367,0.5703989129447559,-4.615884520495913,0.8738328147073676,0.8739686301820576,85.75993696191074,8.58368156521778,96.68149689436449,0.04437589771121514,0.6370062035852622,1,1,0.8738328147073676,simple,simple,simple,dormant,Linear Model,Simple,0.866559294,94
2556,256,0.8019527162909921,0.4074348679109811,-3.7257033961516988,0.811260525150175,0.8140142669056304,19.14999875206544,23.397744653879702,74.0725,0.028043230480000077,0.48242764382497405,1,1,0.811260525150175,simple,simple,simple,dormant,Linear Model,Simple,0.801952716,256
2557,296,0.7132609648040436,0.6312529059726257,-6.166405339544726,0.7256011791900815,0.7317225704721216,21.029995010534112,22.318297091059176,70.40499999999999,0.1850430591524854,0.012395373856498797,0,2,0.7317225704721216,intermediate,intermediate,intermediate,dormant,Linear Model,Intermediate,0.713260965,296
2558,223,0.6877259952613501,0.30060661798315036,-3.3368895879542357,0.7142677759453688,0.726404697559774,29.14001273345718,39.25865564534478,67.42896654334409,0.014988141337012097,0.04566371541856196,2,2,0.726404697559774,intermediate,intermediate,intermediate,dormant,Linear Model,Intermediate,0.687725995,223
2559,239,0.7251013272387264,0.3854386433207711,-3.2091442733879587,0.7314493960844066,0.7489112287385885,17.780005623127597,61.060854061226344,66.16743296345828,0.7533223156955657,0.0875754556596313,0,1,0.7314493960844066,intermediate,intermediate,intermediate,dormant,Linear Model,Intermediate,0.725101327,239
2560,267,0.780857418689625,0.2951760464491972,-1.812400492719025,0.7848722841524841,0.8117397106155748,67.90032554528602,57.41230727577363,58.29450800863609,0.9017494906753731,3.9779814246730174e-05,0,0,0.780857418689625,simple,simple,simple,dormant,Linear Model,Simple,0.780857419,267
2562,371,0.5790344531933591,0.017186000403854495,-0.014037269703687067,0.6524223905118579,0.6571559188380639,79.555,66.14995435028823,75.64564933796359,4.982509178354342e-11,0.2671931677609195,1,1,0.6524223905118579,intermediate,intermediate,intermediate,dormant,Linear Model,Intermediate,0.579034453,371
2563,281,0.469409753085196,0.011666547874787313,-0.021757945276667922,0.47568787554498865,0.4872395655205489,54.09099074539525,71.9799,73.7001,0.15647970069626946,0.3232589260640025,0,0,0.469409753085196,complex,complex,complex,dormant,-,Complex,,281
2564,349,0.5497731919926403,0.057523057652175004,-0.520106914868962,0.5666578265461838,0.570408207093876,47.65994830358505,21.61014733078571,61.048987709347436,0.00013395656633949783,0.1562960986769334,1,1,0.5666578265461838,intermediate,intermediate,intermediate,dormant,Linear Model,Intermediate,0.549773192,349
2567,225,0.7295316857137456,0.31518921293402913,-3.206137308222057,0.7565823582247643,0.7627769247176049,77.33399999999999,26.948946644806977,77.3339608641528,2.270797803869884e-06,0.04292107246269728,2,2,0.7627769247176049,intermediate,intermediate,intermediate,dormant,Segmented Model (1 Bp),Intermediate,0.755512408,225
2568,187,0.7857793272362398,0.40165031743324997,-6.910727302935161,0.9059755773803744,0.9133349859366715,101.719,29.230668843854456,101.719,1.3737593823022718e-20,2.2855233480038658e-05,2,2,0.9133349859366715,simple,simple,simple,dormant,Linear Model,Simple,0.785779327,187
2569,144,0.8080308790173052,0.49638875946061006,-6.983502360076614,0.8768864385876202,0.8805438582471984,119.62825441966878,24.28077272463889,120.81079824613894,1.6554464552711417e-10,0.11776511573888107,1,1,0.8768864385876202,simple,simple,simple,dormant,Linear Model,Simple,0.808030879,144
2570,208,0.6457009341628936,0.36027202153912524,-7.657669310630649,0.8059799987556596,0.8130619005844173,79.32883176179732,28.14188611051925,81.19516464601608,1.280516837782544e-18,0.022657044767443617,2,2,0.8130619005844173,intermediate,intermediate,intermediate,dormant,Segmented Model (1 Bp),Intermediate,0.805979999,208
2571,197,0.625259830321498,0.12746427469451516,-1.26068225879574,0.6508257913235947,0.6521819398466236,64.3297548933574,36.29480002234872,72.91199999999996,0.0010954369977795853,0.5498626022309153,1,1,0.6508257913235947,intermediate,intermediate,intermediate,dormant,Linear Model,Intermediate,0.62525983,197
2572,142,0.6483548802629044,0.2518762066232713,-3.8311906465627885,0.684376965069876,0.6976785156807032,54.633402122618136,60.29001108348683,100.85449999999996,0.000745884524319803,0.43195953826028977,1,1,0.684376965069876,intermediate,intermediate,intermediate,dormant,Linear Model,Intermediate,0.64835488,142
2573,312,0.6680067443868147,0.1863166548896448,-2.7267034888321167,0.8305371765214554,0.832008114130725,72.55999363234264,22.571034779239636,72.55965683250605,2.570990171825255e-27,0.09986210015752874,1,1,0.8305371765214554,intermediate,intermediate,intermediate,dormant,Segmented Model (1 Bp),Intermediate,0.830537173,312
2574,239,0.7255688082931112,0.47981309602424155,-5.911420786450326,0.8169162395645019,0.8214406429367528,61.80499999999999,60.79093950046701,61.793337016937926,2.637042615713108e-15,0.4112185577718561,1,1,0.8169162395645019,intermediate,intermediate,intermediate,dormant,Segmented Model (1 Bp),Intermediate,0.81691624,239
2575,228,0.7322299836716599,0.4196322036755484,-3.906853210081506,0.7664406596111905,0.7683744453927779,36.929252675713414,19.798850260108228,51.10604920711658,1.2291069575377175e-07,0.2531618708586594,1,1,0.7664406596111905,intermediate,intermediate,intermediate,dormant,Segmented Model (1 Bp),Intermediate,0.7664777,228
2576,165,0.7400596074007709,0.22548575803680726,-3.3314494732339885,0.8875378639538996,0.8915043478165963,73.77318322277624,35.991357958336344,78.07999999999996,1.2541969095599638e-17,0.02174211387397975,2,2,0.8915043478165963,intermediate,intermediate,intermediate,dormant,Segmented Model (1 Bp),Intermediate,0.887537864,165
2577,263,0.7736804005986997,0.44766638593765523,-3.827564643515092,0.8177234110406518,0.8181947518943099,32.17416493299853,8.481276004912248,32.189990166381385,7.2036826377326415e-12,0.14532723615019297,1,1,0.8177234110406518,simple,simple,simple,dormant,Linear Model,Simple,0.773680401,263
2578,308,0.5768191090422443,0.280474186238124,-3.441657517661932,0.6729861009236566,0.6823479513572454,62.06599999999996,29.321620610401297,62.06599999999996,1.6138982367337664e-16,0.0013038399251299577,2,2,0.6823479513572454,intermediate,intermediate,intermediate,dormant,Linear Model,Intermediate,0.576819109,308
2579,215,0.73380283006224,0.3021110778919339,-4.1747027297197405,0.7989241185432477,0.805956911378422,62.04679040635371,26.256013919274462,65.49328598845176,3.437656077195225e-12,0.06450479846425117,1,1,0.7989241185432477,intermediate,intermediate,intermediate,dormant,Segmented Model (1 Bp),Intermediate,0.797850095,215
2580,267,0.7372488812695108,0.4032304075033569,-4.007291997066172,0.8129210930022106,0.8171409662582039,54.71941351854773,27.110156471388315,56.5699165607238,1.0021162662138808e-16,0.019125666256346676,2,2,0.8171409662582039,intermediate,intermediate,intermediate,dormant,Segmented Model (1 Bp),Intermediate,0.812921093,267
2581,277,0.6775998266100721,0.3225284981400018,-3.411258248320972,0.6990558179104254,0.7108763180451781,20.45001371021132,44.22064016445275,56.36222216160891,0.003187194561787768,0.53384764308067,1,1,0.6990558179104254,intermediate,intermediate,intermediate,dormant,Linear Model,Intermediate,0.677599827,277
2582,328,0.627290573299398,0.3217302513672849,-2.755280978695855,0.6444326752059122,0.6475946940995604,19.414718780259086,31.88112309430121,34.990593074926245,0.0014330706721581577,0.9958195100924119,1,1,0.6444326752059122,intermediate,intermediate,intermediate,dormant,Linear Model,Intermediate,0.627290573,328
2583,150,0.8637552629185725,0.520166147006331,-6.208973639480543,0.8823451992878579,0.8871731340843959,33.77651812600926,36.679920621370044,74.78778824785181,0.01497957981561754,0.12036239051397418,1,1,0.8823451992878579,simple,simple,simple,dormant,Linear Model,Simple,0.863755263,150
2584,197,0.6474150048435038,0.39061567935537805,-2.8610486082710183,0.6538452498638468,0.6671031553790484,46.721482042212166,15.250021458914912,46.73099371120474,0.5239908249557323,0.010579745964797044,0,2,0.6671031553790484,intermediate,intermediate,intermediate,dormant,Linear Model,Intermediate,0.647415005,197
2585,284,0.6600221222198533,0.244409542634776,-1.7547516658273214,0.6681632416987973,0.6886130729816096,18.27000744247148,29.129713584095917,50.15504934086444,0.42424121633717005,0.011185588931310693,0,2,0.6886130729816096,intermediate,intermediate,intermediate,dormant,Linear Model,Intermediate,0.660022122,284
2586,117,0.9097070945135779,0.7096583080072504,-14.444473962171596,0.9323084067078522,0.9334175119062197,62.323247714044165,25.54911419401233,68.50884996654354,3.499489138152038e-05,0.9337451675406332,1,1,0.9323084067078522,simple,simple,simple,dormant,Linear Model,Simple,0.909707095,117
2587,203,0.6854074411222177,0.33615073954560726,-5.220222023394685,0.7158955948400084,0.8144129184338742,27.99510880404611,49.95997497067755,78.264,0.8972079364347593,1.1087311932809239e-07,0,2,0.8144129184338742,intermediate,intermediate,intermediate,dormant,Linear Model,Intermediate,0.685407441,203
2588,155,0.8160579870384416,0.5353479937805733,-4.966916104763248,0.8262623526930617,0.8300604676713138,22.30499170321631,23.35495039485613,71.41199912124709,0.04435990748112652,0.41783250751402345,1,1,0.8262623526930617,simple,simple,simple,dormant,Linear Model,Simple,0.816057987,155
2589,174,0.8294172754210593,0.5991732029979222,-9.026959337328918,0.870244081667811,0.8721046195822575,46.499997882746364,45.19643194051704,97.66016490977506,1.915646486421296e-09,0.3929190947981974,1,1,0.870244081667811,simple,simple,simple,dormant,Linear Model,Simple,0.829417275,174
2590,249,0.7525170251247834,0.45574806924926453,-6.619774527456781,0.8402594743194363,0.8426557350518945,47.05993549361624,23.210539621990776,48.149340479009766,7.821161611063357e-17,0.9141526504458498,1,1,0.8402594743194363,simple,simple,simple,dormant,Linear Model,Simple,0.752517025,249
2591,120,0.8591012607527946,0.5221717999420764,-6.174028786220709,0.8869376609576052,0.8940723551539722,57.26005188664305,17.18486538751932,89.03971963435423,9.671160176542188e-07,0.039887140146981116,2,2,0.8940723551539722,simple,simple,simple,dormant,Linear Model,Simple,0.859101261,120
2592,161,0.8213285340363091,0.5663987540919357,-9.502629135018237,0.8823826917539915,0.8831213473361096,71.86999260276488,19.57984257019459,78.76232318046556,9.740213277269481e-12,0.27627437068232885,1,1,0.8823826917539915,simple,simple,simple,dormant,Linear Model,Simple,0.821328534,161
2593,161,0.8055704272577318,0.49046419313468875,-6.989459529997913,0.8348103023782966,0.8432554254407421,92.92999999999992,26.1105192878396,92.92995582343782,5.307024951948023e-06,0.23958675179015024,1,1,0.8348103023782966,simple,simple,simple,dormant,Linear Model,Simple,0.805570427,161
2594,193,0.7577880985871124,0.3760613780401851,-5.890226506414237,0.8251678812253793,0.8323717261327714,58.8599311939129,37.059317533935115,79.99399999999997,5.927356545132991e-13,0.0021848641466483735,2,2,0.8323717261327714,simple,simple,simple,dormant,Linear Model,Simple,0.757788099,193
2595,110,0.8006965121291074,0.5481710022196192,-6.082861587889217,0.8348950286703126,0.8568667095564511,94.10149999999997,85.95606777252016,85.9864749397035,0.0012695317990004927,0.34808595494773364,1,1,0.8348950286703126,simple,simple,simple,dormant,Linear Model,Simple,0.800696512,110
2596,204,0.7158587184298181,0.3703469532146109,-5.2742124787518545,0.8236032170905313,0.8277552646461932,78.33000565285737,18.62308751309263,78.32910338726053,8.537772404838526e-14,0.4533690270762084,1,1,0.8236032170905313,intermediate,intermediate,intermediate,dormant,Segmented Model (1 Bp),Intermediate,0.823603215,204
2597,161,0.7859140134475587,0.5934381200155294,-9.189244337116756,0.8372220736883461,0.8391469592757652,47.65318171938732,22.931525900189648,59.39024269387969,4.135222912219907e-09,0.14997253722311266,1,1,0.8372220736883461,simple,simple,simple,dormant,Linear Model,Simple,0.785914013,161
2598,186,0.8829558265627845,0.6913336555007211,-12.019587092160737,0.9033118873227115,0.9058860358901277,74.26881678581269,89.38685080464326,154.4825,1.2163669290255045e-06,0.6145716434533153,1,1,0.9033118873227115,simple,simple,simple,dormant,Linear Model,Simple,0.882955827,186
2599,132,0.7894591261466904,0.35366352001704293,-3.5121646830098143,0.8139075000138773,0.8152103343277404,50.140013856447695,37.00252739872106,76.88187750682602,0.00012402616601072706,0.4132654504879538,1,1,0.8139075000138773,simple,simple,simple,dormant,Linear Model,Simple,0.789459126,132
2600,39,0.5031872344830656,0.11903997314957085,-1.1423027908714822,0.6669121862964548,,45.13200000000001,,,0.018418587066356813,0.5199858645661033,1,1,0.6669121862964548,intermediate,intermediate,intermediate,dormant,Linear Model,Intermediate,0.503187235,39
2601,139,0.7900190316326334,0.6396809364870436,-6.497039904458225,0.8140419937260601,0.8142714187408118,125.6579999999999,13.789887810069487,125.6579999999999,0.0007468123080667456,0.2973928691361419,1,1,0.8140419937260601,simple,simple,simple,dormant,Linear Model,Simple,0.790019032,139
2602,115,0.8701048629733431,0.6735556977954312,-7.377188472995768,0.8821489329306403,0.8850899302910351,27.390448118818703,18.865430884948236,76.08665187867288,0.002487755840238258,0.2721121284620942,1,1,0.8821489329306403,simple,simple,simple,dormant,Linear Model,Simple,0.870104863,115
2603,270,0.6442518144640209,0.21807991433955248,-1.2067819190299487,0.646669071979103,0.6476568639197462,11.549997292926161,34.97445628608984,35.519931260550116,0.3143637109852051,0.8970857332527347,0,0,0.6442518144640209,intermediate,intermediate,intermediate,dormant,Linear Model,Intermediate,0.644251814,270
2605,250,0.81455983901934,0.5039229722445727,-4.213356898375583,0.8258465718895996,0.8283816657443254,19.58004559196229,23.669756060999713,56.421440075161456,0.03275430423898129,0.3038658113647689,1,1,0.8258465718895996,simple,simple,simple,dormant,Linear Model,Simple,0.814559839,250
2606,249,0.7948958284076546,0.5365784344307636,-6.129859063213417,0.8439801143703015,0.8483159922666152,74.64999999999999,18.965868524563167,74.64999999999999,4.0013779652021223e-14,0.008282379729971414,2,2,0.8483159922666152,simple,simple,simple,dormant,Linear Model,Simple,0.794895828,249
2607,167,0.8940360888202941,0.7878900092053182,-11.545823727246447,0.9263744464725404,0.9273700340653872,56.68918879225857,14.966957812237471,57.61072338133256,8.252488725484424e-11,0.07257670655624388,1,1,0.9263744464725404,simple,simple,simple,dormant,Linear Model,Simple,0.894036089,167
2608,139,0.8521286817579965,0.5744509187643435,-6.0407774293137315,0.8816107345046404,0.8864040743376767,68.14533800306825,19.029993515099754,73.958,1.1219153098103219e-07,0.02475241576631446,2,2,0.8864040743376767,simple,simple,simple,dormant,Linear Model,Simple,0.852128682,139
2609,182,0.8516057337964991,0.589122304099117,-9.493368461604152,0.9001157191672948,0.9068994833880932,76.13000760390544,31.689758948057296,93.20551091510585,1.2083125873950092e-13,0.004252147141477043,2,2,0.9068994833880932,simple,simple,simple,dormant,Linear Model,Simple,0.851605734,182
2610,123,0.8504543738002619,0.5959594406541826,-8.686632321874853,0.8922974715102825,0.898036630594249,72.43120273439588,21.91242164299622,72.43545875311973,2.7786916466214867e-08,0.11958903291492655,1,1,0.8922974715102825,simple,simple,simple,dormant,Linear Model,Simple,0.850454374,123
2611,99,0.8539559852617159,0.6596103800275783,-7.91612019414522,0.904164758811023,0.9133220672827643,35.43999606531539,37.64310735806602,80.30699999999996,1.981120322520564e-06,0.10111395834502854,1,1,0.904164758811023,simple,simple,simple,dormant,Linear Model,Simple,0.853955985,99
2612,162,0.8111224401048732,0.6160625884637504,-8.220182649299774,0.8197636415657451,0.8353140139415257,35.69998392725235,68.15985614770658,88.09325790559248,0.32589992878753005,0.10643996968581337,0,0,0.8111224401048732,simple,simple,simple,dormant,Linear Model,Simple,0.81112244,162
2613,149,0.795192867269822,0.45371310727603653,-4.331327146118699,0.801629093211297,0.8176519557284837,18.6499968628569,63.31994071296694,74.22989362536937,0.4830847593626959,0.3391196287912893,0,1,0.801629093211297,simple,simple,simple,dormant,Linear Model,Simple,0.795192867,149
2614,153,0.8548214428912465,0.7877766315140706,-10.18051535887553,0.9025771806102635,0.9049969735575983,77.94000564455703,20.586620865701658,79.28235440299319,2.5718612262552225e-11,0.05815463244887183,1,1,0.9025771806102635,simple,simple,simple,dormant,Linear Model,Simple,0.854821443,153
2615,108,0.8502731828231532,0.5980441153241486,-4.937842502820171,0.8639776128930333,0.8643976830410447,49.900247596036614,29.991711463659065,71.30955781456063,0.0009655067568316361,0.15241443506416694,1,1,0.8639776128930333,simple,simple,simple,dormant,Linear Model,Simple,0.850273183,108
2616,145,0.7520326668221338,0.6349382871560669,-6.5233670437629225,0.7678738397328129,0.7715589197643801,45.11005562468429,47.5899991070294,89.204,0.018276708493513004,0.3003529270045307,1,1,0.7678738397328129,simple,simple,simple,dormant,Linear Model,Simple,0.752032667,145
2617,176,0.8316702480954105,0.5564285983969198,-6.68809187323002,0.8713763588218383,0.8754812257235454,73.3275,22.39019949331778,73.32749999999999,2.382840792335806e-10,0.02050991145514094,2,2,0.8754812257235454,simple,simple,simple,dormant,Linear Model,Simple,0.831670248,176
2618,162,0.6655995431603671,0.4829650058108395,-4.512121305594332,0.6709581692438453,0.6878813753875503,23.979937078207914,52.11994956494951,87.54049999999992,0.9463305492320513,0.10675651757399217,0,0,0.6655995431603671,intermediate,intermediate,intermediate,dormant,Linear Model,Intermediate,0.665599543,162
2620,193,0.4146136728709506,0.2695791019417566,0.027049639625079218,0.4229129054194224,0.4284905111073961,33.58926576858348,20.051525572822694,22.63817882881038,0.3839043193786955,0.31903950844742185,0,0,0.4146136728709506,complex,complex,complex,dormant,-,Complex,,193
2622,162,0.8750066789084381,0.5862022569298576,-6.096684166251841,0.8815738156115971,0.8867594784405756,53.8699622314352,85.5599,90.8201,0.026985332854321708,0.3773145931260341,1,1,0.8815738156115971,simple,simple,simple,dormant,Linear Model,Simple,0.875006679,162
2623,158,0.8454995142183589,0.5460478819361717,-5.323674955673555,0.8600113020083334,0.8668773794996659,22.203130328067356,58.16235793038618,76.15083459255779,0.004578264141295518,0.8557117586791934,1,1,0.8600113020083334,simple,simple,simple,dormant,Linear Model,Simple,0.845499514,158
2624,192,0.8547818600527542,0.5732906983506791,-4.6532002476777725,0.8634635495825436,0.8675318391568368,74.6725,71.59989999999999,74.5201,0.0017082619322036994,0.871278107425992,1,1,0.8634635495825436,simple,simple,simple,dormant,Linear Model,Simple,0.85478186,192
2625,166,0.8105853978599523,0.56251893890214,-5.1449510068579505,0.823988598370714,0.8254981583579012,58.860918054916006,16.843243277716624,58.867401076104606,0.001077248504616242,0.7789790306219331,1,1,0.823988598370714,simple,simple,simple,dormant,Linear Model,Simple,0.810585398,166
2626,150,0.7460500031690392,0.4943768850698834,-5.434940470743097,0.8393226358825006,0.8412043826556954,75.19975312534072,26.14131409918057,77.06576275262971,2.0396248670304705e-11,0.20839920334553028,1,1,0.8393226358825006,intermediate,intermediate,intermediate,dormant,Segmented Model (1 Bp),Intermediate,0.839322636,150
2627,154,0.8760282480140152,0.6757359344200438,-10.845357710743501,0.8898669440402969,0.8929755314474973,50.460131117049464,86.96215873820968,95.9604237109731,0.0002970995767942491,0.2874104513600012,1,1,0.8898669440402969,simple,simple,simple,dormant,Linear Model,Simple,0.876028248,154
2628,81,0.8154555174070921,0.7346284767347122,-12.905005597167989,0.8418248890020669,0.8422397897851684,63.64008945897398,41.56455395260558,77.56961755786148,0.00505439383439109,0.956399376289855,1,1,0.8418248890020669,simple,simple,simple,dormant,Linear Model,Simple,0.815455517,81
2629,92,0.8612750705890059,0.6763592981625264,-8.229192547169077,0.8869993380520991,0.8883205137838897,41.56012149675526,41.4402447085965,103.97714159817993,0.0002065399484215155,0.4332285330776432,1,1,0.8869993380520991,simple,simple,simple,dormant,Linear Model,Simple,0.861275071,92
2630,130,0.6766006283980183,0.29167667580359197,-5.060807530798423,0.7141111909747259,0.7262938938591413,57.40281309229822,40.60212609913966,124.01049999999998,3.4728148712269824e-05,0.048114598058480736,2,2,0.7262938938591413,intermediate,intermediate,intermediate,dormant,Segmented Model (3 Bps),Intermediate,0.775063894,130
2631,99,0.4701442775179259,0.1726805786234834,-0.8649808753429891,0.49398658664793677,0.5082579817376905,98.97813894292553,85.289029932042,85.97917648535328,0.09157299933197563,0.7402425503006183,0,0,0.4701442775179259,complex,complex,complex,dormant,-,Complex,,99
2632,165,0.6921376635450964,0.411954136871768,-4.082474296375799,0.7357261382999444,0.7373774285103198,66.42000230147524,13.654834564937637,66.49356496519731,5.1052926265200925e-05,0.9415224210569375,1,1,0.7357261382999444,intermediate,intermediate,intermediate,dormant,Linear Model,Intermediate,0.692137664,165
320,221,0.7263736149910603,0.554358595804352,-10.231295540545194,0.7740389402544018,0.7747892146013702,49.80757239539557,42.040053529721376,116.14327957097787,2.37066190258097e-08,0.44372046743538773,1,1,0.7740389402544018,intermediate,intermediate,intermediate,growing,Segmented Model (1 Bp),Intermediate,0.77403894,221
551,236,0.7131526431221813,0.4707440476712159,-6.630628177378523,0.7722231909854628,0.7794472205064058,43.49900473907042,24.104142929241558,68.92865487378077,3.1278912704289545e-10,0.7435427926928933,1,1,0.7722231909854628,intermediate,intermediate,intermediate,growing,Segmented Model (1 Bp),Intermediate,0.772223191,236
639,259,0.5923392844543133,0.4173423590549509,-6.81870502568023,0.8403768384186587,0.8440995767571644,72.08395367399999,64.16616716,66.59311609000001,7.275965742003368e-30,1.8475726597070362e-07,2,2,0.8440995767571644,intermediate,intermediate,intermediate,growing,Segmented Model (1 Bp),Intermediate,0.840376838,259
1344,265,0.5945460120589474,0.28688938185508245,-4.994062525472775,0.8172739846389272,0.8409056228283373,76.32532968399998,69.04005931836898,76.29689302328197,8.734923335456414e-29,3.7582306684224814e-08,2,2,0.8409056228283373,intermediate,intermediate,intermediate,growing,Segmented Model (1 Bp),Intermediate,0.817273984,265
1345,260,0.234694664394846,0.039150444857552064,-0.3041038835957493,0.2477984974671177,0.29775555224613703,72.58117415717612,52.073158504619336,58.2655942171655,0.1258176646075,0.06376987481122881,0,0,0.234694664394846,complex,complex,complex,growing,-,Complex,,260
1347,147,0.7277733412568238,0.5876384996833098,-10.79948805979473,0.8200669909249859,0.8304464321171546,113.31562887999993,34.14734909000466,113.31562887999993,1.2415824990071921e-11,0.005631590009074225,2,2,0.8304464321171546,intermediate,intermediate,intermediate,growing,Segmented Model (1 Bp),Intermediate,0.820066991,147
1349,201,0.8267851742243043,0.6791208527899392,-20.768743516197393,0.9164752778383976,0.9249910791535652,127.71155708058208,59.531150526192036,165.1498002999499,7.945909710520705e-18,0.6496661039396916,1,1,0.9164752778383976,simple,simple,simple,growing,Linear Model,Simple,0.826785174,201
1352,264,0.2268095143470917,0.09734337964447633,-1.144698423309858,0.23811071959337626,0.28475944832326033,30.074092444691125,46.31177813426464,56.521041096669464,0.6461909678124329,0.009886435180070128,0,2,0.28475944832326033,complex,complex,complex,growing,-,Complex,,264
1353,279,0.8287996454287262,0.5962319340610063,-17.592634857045038,0.867977436968271,0.8695196606304703,62.8918990412988,51.81077684817651,93.48507033037177,5.055824778597633e-08,0.7045416046189987,1,1,0.867977436968271,simple,simple,simple,growing,Linear Model,Simple,0.828799645,279
1355,201,0.7379065545932136,0.3816053818746526,-5.783867686238838,0.8129586013645871,0.8148036961978022,45.54630351332458,27.695755432387426,48.339260778562654,6.116062970289545e-12,0.4958442728426409,1,1,0.8129586013645871,intermediate,intermediate,intermediate,growing,Segmented Model (1 Bp),Intermediate,0.812958601,201
1356,129,0.8391480879541362,0.749246343055437,-15.822420641932986,0.8698497899015041,,139.47527817985883,,,3.6034833014410363e-06,0.6328890598855035,1,1,0.8698497899015041,simple,simple,simple,growing,Linear Model,Simple,0.839148088,129
1364,144,0.7853662639366468,0.657513462661209,-11.686874812903023,0.8150692406584299,0.8207467199633975,84.95158969962809,89.88952110492943,111.60972460608623,0.00012509056057726425,0.3455733605310275,1,1,0.8150692406584299,simple,simple,simple,growing,Linear Model,Simple,0.785366264,144
1365,113,0.8498324617789971,0.7997085223302707,-14.55008852680619,0.9025451874941741,0.9079589796779093,42.91271310106312,38.73098727407244,96.74961002934181,4.202770379560404e-09,0.011430280894467315,2,2,0.9079589796779093,simple,simple,simple,growing,Linear Model,Simple,0.849832462,113
1405,317,0.802955148586585,0.5452542387371636,-11.369982801990634,0.8396971548375142,0.8458486786387864,79.46144109780576,57.13296701544725,142.23225411999996,1.4105150051986726e-14,0.004529434695123605,2,2,0.8458486786387864,simple,simple,simple,growing,Linear Model,Simple,0.802955149,317
1409,300,0.32360639697186994,0.06606159912105909,-0.8551463820757828,0.3484264137458791,0.3564897772963954,35.33932359554506,41.95574993954679,88.3498496385,0.03446606356985341,0.09457794775833174,1,1,0.3484264137458791,complex,complex,complex,growing,-,Complex,,300
1411,314,0.7152663515801675,0.3290561017901167,-6.770988717531408,0.7995051070848859,0.8050038239928111,136.67033388499996,30.557145001691506,136.67033388499996,3.648029990652687e-21,7.215059633301837e-05,2,2,0.8050038239928111,intermediate,intermediate,intermediate,growing,Segmented Model (1 Bp),Intermediate,0.788224348,314
1417,303,0.46002697379627033,0.19048668513477143,-2.2302780712050496,0.6000273594508947,0.6239918566980492,72.97479853399994,70.52131232474196,71.15249024257999,3.393570408758096e-14,0.6250186050356042,1,1,0.6000273594508947,complex,complex,complex,growing,-,Complex,,303
1483,169,0.643849356158255,0.32041318037893596,-6.272865872512778,0.7271400093334378,0.7289760965605087,71.26699595457518,70.25851425504493,105.87887598740177,8.317411729617451e-09,0.6879966136311292,1,1,0.7271400093334378,intermediate,intermediate,intermediate,growing,Linear Model,Intermediate,0.643849356,169
1634,505,0.5338076897451003,0.10536967996698658,-1.2480801894195106,0.5637234337405093,0.5643708083271144,72.6788358563691,23.571086046691985,75.25067464504961,1.0900598569967545e-07,0.9848822466470487,1,1,0.5637234337405093,intermediate,intermediate,intermediate,growing,Linear Model,Intermediate,0.53380769,505
1646,345,0.3563122197438273,0.08472854330227705,-1.7592583956917685,0.3941443242553042,0.39872951263141115,82.00051374692904,36.17356909280686,86.59028846908042,1.0115801357021213e-05,0.5968092232407405,1,1,0.3941443242553042,complex,complex,complex,growing,-,Complex,,345
1647,445,0.42366035540038216,0.3267042155533733,-6.900208568883234,0.522817159596635,0.5245028676512148,90.99289438199983,78.22975999213573,87.54646203360345,2.97068335254918e-17,0.09183402402489009,1,1,0.522817159596635,complex,complex,complex,growing,-,Complex,,445
1648,457,0.3473514337885448,0.1510034717713476,-2.7296371266871264,0.3744697478443544,0.38392107406776166,56.09271645890074,73.13451673,73.61140476,0.0007490556830744816,0.18953677384692236,1,1,0.3744697478443544,complex,complex,complex,growing,-,Complex,,457
1649,336,0.4650529626887756,0.1096087556900455,-2.3310512454678447,0.5711262179347845,0.5759355549524101,94.81632497552421,63.504772712719436,88.56333428195943,1.3955460193346297e-14,0.3113871994507382,1,1,0.5711262179347845,complex,complex,complex,growing,-,Complex,,336
1650,344,0.44186504505204166,0.22512531377091252,-4.505554753685089,0.5593543938759513,0.5657168739580878,86.13489571799998,36.872382270347195,86.1348956824729,1.066557040840842e-18,6.544871295807052e-06,2,2,0.5657168739580878,complex,complex,complex,growing,-,Complex,,344
1683,537,0.395968393999423,0.22625016912531953,-3.522345728653629,0.436505929666622,0.4466600637352585,41.62628126745396,62.6480804086922,78.81132225799999,1.4618378724740253e-06,0.27118991775039014,1,1,0.436505929666622,complex,complex,complex,growing,-,Complex,,537
1686,491,0.39440492397408605,0.13527777574137526,-1.7967253904915212,0.40937394492215945,0.4100268849313696,43.54932865885219,43.934648758024004,91.03547573038836,0.04398208187958654,0.03205831016814418,2,2,0.4100268849313696,complex,complex,complex,growing,-,Complex,,491
1687,410,0.44066187046999794,0.20891581245425744,-3.824404619043474,0.5098366040254565,0.5276735074845538,52.240571029596616,66.32138501264205,87.93643754599995,6.531149083718222e-08,2.2508749859701726e-06,2,2,0.5276735074845538,complex,complex,complex,growing,-,Complex,,410
1688,430,0.4007561711727948,0.26890584123497746,-5.590377334758195,0.5069514328787313,0.5126587291266967,80.91382950252803,43.647356357210434,83.35037064849999,6.230472160222417e-18,0.0069845551561323865,2,2,0.5126587291266967,complex,complex,complex,growing,-,Complex,,430
1689,385,0.48596493645835126,0.26148041951560036,-5.329161621052825,0.6636671230269019,0.6653156728668045,82.70845593839906,25.009447887038174,82.88420716799999,4.8127798732780077e-26,0.08321301981127462,1,1,0.6636671230269019,complex,complex,complex,growing,-,Complex,,385
1690,469,0.3734263147085877,0.15310553337183277,-2.1739536072830803,0.40243073504828575,0.42645686009323613,57.23165780023547,80.5438777081737,90.27955518813802,0.008965659028094387,8.84428589317394e-05,2,2,0.42645686009323613,complex,complex,complex,growing,-,Complex,,469
1691,309,0.4098582311611557,0.24142030158523647,-5.715765788723425,0.6036697726245035,0.6127183428136552,93.807372664,51.1742385379317,93.807372664,1.4354291806949384e-23,4.517601837147678e-07,2,2,0.6127183428136552,complex,complex,complex,growing,-,Complex,,309
1703,447,0.3775549075501436,0.15230134852332114,-2.9871760768170708,0.44932344977371486,0.45329971789256335,89.68941666554231,40.87191302602784,91.27020096,1.5856960086447187e-12,0.08552590684911045,1,1,0.44932344977371486,complex,complex,complex,growing,-,Complex,,447
1704,469,0.4055881093801226,0.20531003139322967,-3.415323385865013,0.48697017521002306,0.48730969643846234,88.43485443599994,74.00235376857168,88.43485443599994,6.384518158094584e-13,0.9766283256813763,1,1,0.48697017521002306,complex,complex,complex,growing,-,Complex,,469
1705,482,0.384675226171211,0.18433295142366002,-2.878377668651824,0.4167136069485416,0.4214547926053212,82.501226834,36.23286804392957,82.50122681133931,1.036673711450286e-07,0.035632457684089514,2,2,0.4214547926053212,complex,complex,complex,growing,-,Complex,,482
1706,481,0.43149691240467397,0.21200843105395695,-3.8000199524610214,0.49931274706865997,0.505496341526306,55.31119813668076,38.4138628258624,80.83188371,1.7352327928419573e-13,0.18661036993107108,1,1,0.49931274706865997,complex,complex,complex,growing,-,Complex,,481
1707,376,0.3968540722479042,0.21704758393653892,-5.696675973268372,0.6852932111991856,0.6913635376927382,99.66962963750001,83.10035834691091,99.6692179674387,5.4738233476483146e-33,0.06927532728907147,1,1,0.6852932111991856,complex,complex,complex,growing,-,Complex,,376
1709,469,0.3843270076455374,0.16511215564907278,-2.651832905917988,0.40640434590435237,0.42165714017453215,34.45077482892448,59.74545528180099,78.12515792390974,0.02720410642727376,0.01596873578512378,2,2,0.42165714017453215,complex,complex,complex,growing,-,Complex,,469
1710,465,0.5688286752370613,0.21108502767005308,-4.084577935998376,0.6955066683539004,0.6965364201787335,69.53958478805737,23.887815995667076,71.2603394103537,1.069355973773527e-27,0.06945260325617643,1,1,0.6955066683539004,intermediate,intermediate,intermediate,growing,Linear Model,Intermediate,0.568828675,465
1711,516,0.36192324937013565,0.19374994593208766,-3.692426598452919,0.4503178236057097,0.4564535485353936,95.8700899675,33.57041002832832,95.8700899675,1.3021824243840932e-18,9.164725957043653e-05,2,2,0.4564535485353936,complex,complex,complex,growing,-,Complex,,516
1712,427,0.4649754224524287,0.19667639603188328,-3.9448014706675565,0.6297228919179638,0.6309425216192248,90.58890908699999,21.351690342396846,90.58890908699999,4.9046453310629156e-26,0.04350248869160463,2,2,0.6309425216192248,complex,complex,complex,growing,-,Complex,,427
1713,454,0.3592274256525317,0.16500456127863936,-3.014118533465553,0.4052953708591843,0.40799729548886005,53.90536327212503,32.32753065774665,83.49907276695112,1.4019872897115823e-09,0.010415412496277119,2,2,0.40799729548886005,complex,complex,complex,growing,-,Complex,,454
1714,503,0.5295619368838091,0.14729588462120194,-2.765590437899204,0.5995108251362462,0.6106770032070294,64.62127447209662,74.2222516890543,104.78031604606363,6.316183416578262e-14,0.11992200725816894,1,1,0.5995108251362462,intermediate,intermediate,intermediate,growing,Linear Model,Intermediate,0.529561937,503
1715,518,0.5088249445737084,0.16170810279500222,-2.8316158954219137,0.5752258572670036,0.5769247022311065,66.71269189918098,21.58110525590424,68.49607652928329,2.5830157253150115e-14,0.6630674653172799,1,1,0.5752258572670036,intermediate,intermediate,intermediate,growing,Linear Model,Intermediate,0.508824945,518
1716,490,0.4524523501285369,0.19117542771786042,-3.4737576290259202,0.523353423834888,0.538132470030906,62.875256772661274,80.55439380343472,85.18900264030734,1.7349758889205163e-13,0.9959518311479316,1,1,0.523353423834888,complex,complex,complex,growing,-,Complex,,490
1717,497,0.40235091280879764,0.23707749537126513,-4.28870241292065,0.4622716896137671,0.463522588931327,62.91179134430191,23.038472609114784,64.34406938267384,1.218435377324359e-10,0.4072298041041603,1,1,0.4622716896137671,complex,complex,complex,growing,-,Complex,,497
1718,505,0.47716337298443706,0.30551383054438663,-5.9007617570402635,0.599059492909765,0.6011924905439466,83.25695191842092,25.881377151509263,84.99074104006833,2.3952468928131875e-25,0.006686450582179654,2,2,0.6011924905439466,complex,complex,complex,growing,-,Complex,,505
1719,525,0.4564400276448815,0.18405653900191982,-3.1534026609919743,0.49749012887256006,0.5082431649841187,58.25920619231429,76.62290966576563,88.32088846007115,2.470235795693965e-07,0.020977364349378955,2,2,0.5082431649841187,complex,complex,complex,growing,-,Complex,,525
1720,321,0.43119629692163336,0.31055250261882766,-8.532485589407873,0.5746670893786384,0.576108595758783,88.21293902514594,44.55182312040299,89.9052892160987,1.973491380585393e-20,5.530647429812258e-08,2,2,0.576108595758783,complex,complex,complex,growing,-,Complex,,321
1721,378,0.35666509267519375,0.17068975488920532,-3.4019553599049197,0.44273753411965167,0.44471469271485414,102.68866808064341,28.281645189198485,103.39742401477288,1.131686304998307e-09,0.7802876466997528,1,1,0.44273753411965167,complex,complex,complex,growing,-,Complex,,378
1722,520,0.6045419134475365,0.15504949848468813,-2.2030188119242826,0.6723067203381521,0.6734975850611724,96.56098060767444,22.569763502254833,97.93017855455875,9.622990577386615e-23,2.6975718903893744e-06,2,2,0.6734975850611724,intermediate,intermediate,intermediate,growing,Linear Model,Intermediate,0.604541913,520
1723,301,0.5303747394622267,0.25228771250654086,-6.743367788688885,0.7113753473273197,0.715122013318429,73.09517459838649,58.18162411316628,88.57366563869363,2.140952721663637e-21,0.8875139679334584,1,1,0.7113753473273197,intermediate,intermediate,intermediate,growing,Linear Model,Intermediate,0.530374739,301
1724,385,0.5095220828649283,0.2942993567524358,-6.866331746157354,0.6475787651345483,0.6498809292945024,110.02820503222772,41.55151724683943,111.85474625655606,2.1228021316369995e-21,0.115823413487729,1,1,0.6475787651345483,intermediate,intermediate,intermediate,growing,Linear Model,Intermediate,0.509522083,385
1725,438,0.5859979787822944,0.12675222420811616,-2.2562346154849373,0.6397435872136069,0.6408522406095921,52.16281093585313,49.42057769900061,96.32960293558943,1.7290670011250496e-12,0.42958136333407604,1,1,0.6397435872136069,intermediate,intermediate,intermediate,growing,Linear Model,Intermediate,0.585997979,438
1726,378,0.573304112235823,0.11794240883673075,-1.9240867556207386,0.6154060409691396,0.6278133349593094,49.38235969669435,58.15899485582769,85.88410175038372,1.3373875299440522e-05,0.0002994954030731395,2,2,0.6278133349593094,intermediate,intermediate,intermediate,growing,Linear Model,Intermediate,0.573304112,378
1727,424,0.5884627967152889,0.15446105452666636,-2.673513293000529,0.652061440966413,0.6522424818988813,47.689530242024354,41.42394865632464,46.13694566208546,2.4686334639837073e-12,0.34541836685699423,1,1,0.652061440966413,intermediate,intermediate,intermediate,growing,Linear Model,Intermediate,0.588462797,424
1728,354,0.4520124640140174,0.12930591656817228,-2.117379326661056,0.5132001383950696,0.5142851847739394,46.058898181367,44.88166877780981,83.847676020597,6.155605547241723e-09,0.5635091307006754,1,1,0.5132001383950696,complex,complex,complex,growing,-,Complex,,354
1729,248,0.38914959725292403,0.25390103845360723,-6.390252403713981,0.5550929398401441,0.5579257214274534,98.82241733749993,48.356337238765256,98.82241733749993,1.1569243857127713e-13,0.27549178026256127,1,1,0.5550929398401441,complex,complex,complex,growing,-,Complex,,248
1730,489,0.39827676138766593,0.20570815248665333,-3.0804441301441554,0.41598219412831033,0.4191033662585172,32.38438279922285,35.25798842751104,92.19029707799997,0.030708289781076384,0.13546645880423808,1,1,0.41598219412831033,complex,complex,complex,growing,-,Complex,,489
1731,416,0.5252503965643489,0.20650956794720454,-4.459828474623346,0.6006613972377204,0.6048084309685997,73.44194612716836,77.70334264010494,94.40001151405056,2.7552273319926235e-13,0.38015184992239337,1,1,0.6006613972377204,intermediate,intermediate,intermediate,growing,Linear Model,Intermediate,0.525250397,416
1732,395,0.551464867888939,0.26182128780816694,-5.520510928271825,0.6804690522763548,0.685548835334074,82.051681787383,42.43369683191029,92.03267353399998,6.446480814189925e-25,0.0003876383723046957,2,2,0.685548835334074,intermediate,intermediate,intermediate,growing,Linear Model,Intermediate,0.551464868,395
1733,498,0.5204677853610746,0.21746366815241613,-4.160928429218212,0.6678373382492632,0.6734393343971466,97.85265626099992,33.55098513390587,97.85265626099991,1.6714143152009182e-30,0.0019013921412945785,2,2,0.6734393343971466,intermediate,intermediate,intermediate,growing,Linear Model,Intermediate,0.520467785,498
1734,437,0.5759922558453251,0.24780746035984028,-4.63823572637742,0.6196492484541563,0.6215613362265948,69.19730714784727,21.495340587942085,72.9457588347459,1.6303732829876043e-09,0.668813365814791,1,1,0.6196492484541563,intermediate,intermediate,intermediate,growing,Linear Model,Intermediate,0.575992256,437
1735,459,0.6573619948922539,0.13995884492325839,-2.685752271802684,0.6912224404662588,0.6947821041993318,47.339572152735556,99.23716124301644,112.03234095999993,3.3794044824999874e-05,0.04099004187197432,2,2,0.6947821041993318,intermediate,intermediate,intermediate,growing,Linear Model,Intermediate,0.657361995,459
1736,474,0.5092723316936455,0.14964079218541607,-3.0207043645620533,0.5898485242212287,0.5939908456095353,76.50683246051352,69.3221181360018,112.21185650499999,6.003206572407099e-19,0.0013559859551923433,2,2,0.5939908456095353,intermediate,intermediate,intermediate,growing,Linear Model,Intermediate,0.509272332,474
1737,424,0.5427544037502641,0.17607169012545687,-3.9592202523824027,0.6291737446319793,0.6305729872769316,100.49684496738291,35.61283025321218,112.84598675407939,2.055099624990847e-14,0.01687115039677742,2,2,0.6305729872769316,intermediate,intermediate,intermediate,growing,Linear Model,Intermediate,0.542754404,424
1738,384,0.5611053444365717,0.18431912816132148,-4.718065965026001,0.6395492468410133,0.6418637276530887,81.33772791846675,75.14494700918743,127.71825891999998,1.0407483711339454e-13,0.7783996137002656,1,1,0.6395492468410133,intermediate,intermediate,intermediate,growing,Linear Model,Intermediate,0.561105344,384
1739,361,0.31201140293000296,0.1260808897155443,-2.4715178334019656,0.3519298214361095,0.35365403804089524,58.95697365013885,42.60312595184907,96.70072401,1.345580694269752e-06,0.04684272066744315,2,2,0.35365403804089524,complex,complex,complex,growing,-,Complex,,361
1740,349,0.36122868694413446,0.15204425374634564,-3.168742882800225,0.4926053634276086,0.49641559597580026,89.26583510399993,34.68353992629076,89.26583510387171,2.157905820013236e-18,2.158694821924085e-05,2,2,0.49641559597580026,complex,complex,complex,growing,-,Complex,,349
1741,375,0.30499202569170464,0.11118252669797361,-1.7312905641029606,0.3374029404505772,0.3396259918276799,96.11726620189518,29.680824002532027,96.18651731959831,3.0169718314162964e-06,0.014027396121506752,2,2,0.3396259918276799,complex,complex,complex,growing,-,Complex,,375
1742,142,0.4027845797914985,0.15480925207782628,-3.0661969427615783,0.511392020247325,0.5119554909902325,76.1422612594733,38.050563510619604,77.47251360849515,1.7984801546381729e-06,0.5473521059963149,1,1,0.511392020247325,complex,complex,complex,growing,-,Complex,,142
1743,496,0.5039302915391708,0.23302769634649578,-5.104652447979937,0.6417069022429104,0.6493091185396092,77.29623205158555,40.77329159781393,91.92831521,6.18955305596094e-29,0.004772186860799269,2,2,0.6493091185396092,intermediate,intermediate,intermediate,growing,Linear Model,Intermediate,0.503930292,496
1744,272,0.4085208198969208,0.13225487206787456,-2.5597228343120997,0.5666375770922731,0.5817462373545086,93.38335216780978,54.96262662090381,94.93344493897395,2.775798681972532e-16,0.006042720497079084,2,2,0.5817462373545086,complex,complex,complex,growing,-,Complex,,272
1745,183,0.1977262621855549,0.13153074894280517,-1.737715193423049,0.2158193417166521,0.21673203991883513,48.322420119537696,47.44304493304471,107.65479095285149,0.04137535824890764,0.6014851301865971,1,1,0.2158193417166521,complex,complex,complex,growing,-,Complex,,183
1746,385,0.3954528661671996,0.09178822420301357,-1.5762922427323642,0.4734141811924985,0.5246490947852073,53.08802188137537,78.27595559291935,86.01635039999995,2.2870901406750995e-10,0.48656033015010847,1,1,0.4734141811924985,complex,complex,complex,growing,-,Complex,,385
1747,210,0.5496847941998318,0.22103607119166088,-7.196322359216287,0.9383670583729958,0.9399369720214538,108.64647265999994,80.7452712477329,101.702666178534,9.858804180110726e-29,0.5164043573534773,1,1,0.9383670583729958,intermediate,intermediate,intermediate,growing,Segmented Model (1 Bp),Intermediate,0.938367058,210
1748,228,0.3360990139004502,0.10386204025350629,-1.8715735811438312,0.4590725839616672,0.4590889507651802,104.1276199299995,6.243253899244382,104.12731332372687,2.6315523045409452e-08,0.5148465246182605,1,1,0.4590725839616672,complex,complex,complex,growing,-,Complex,,228
1749,26,0.13489473246460726,0.01890442532008277,0.03150567367302748,0.3013359193492923,0.7437404914590282,56.78590414940233,44.156295899761304,54.20142309289411,0.15764851781293548,0.015136714165108298,0,0,0.13489473246460726,complex,complex,complex,growing,-,Complex,,26
1750,340,0.49629283801073193,0.20059750642598215,-4.3704257831398525,0.6467836125483439,0.6543168421574891,110.67567773500002,105.97231937540482,110.67567773500002,2.0552418964612615e-23,4.887628285657514e-06,2,2,0.6543168421574891,complex,complex,complex,growing,-,Complex,,340
1751,398,0.502286670664469,0.32995228106716207,-7.521953569050033,0.7630760134835061,0.7648936835480794,100.87930561499999,31.9726745361589,100.87930561499999,1.3166711212468945e-41,8.094497205221297e-13,2,2,0.7648936835480794,intermediate,intermediate,intermediate,growing,Segmented Model (1 Bp),Intermediate,0.763076014,398
1752,52,0.4727661124818974,0.08610792764223026,-1.5686321324602377,0.8532602739186258,0.854451334878257,85.00266922249992,24.214492190771203,85.00266922249992,1.405177458736548e-06,0.42462544236152844,1,1,0.8532602739186258,intermediate,intermediate,intermediate,growing,Segmented Model (1 Bp),Intermediate,0.853260274,52
1753,226,0.32476788686137653,0.1179612359762259,-2.005984674246266,0.38964352597734375,0.4350168820997493,56.85154066428901,90.95803239,94.95869385,0.001548483568651609,0.007037987105816,2,2,0.4350168820997493,complex,complex,complex,growing,-,Complex,,226
1754,66,0.13892089562838297,0.11079972885727549,-1.9165314585648356,0.15696792982598798,0.25272365427194543,47.62195716349595,65.83585893915844,79.88652601029938,0.9052925977846732,0.0042819264157736596,0,2,0.25272365427194543,complex,complex,complex,growing,-,Complex,,66
1755,145,0.23826260604528737,0.07840549340703078,-0.9196875915776578,0.27579193729908286,0.2761047210465217,117.15231691996168,8.965410850265803,117.14812605445144,0.04611193728088859,0.6649089941766821,1,1,0.27579193729908286,complex,complex,complex,growing,-,Complex,,145
1756,123,0.3375682847250874,0.14414265391846998,-2.327405478586593,0.42690863471317075,0.45929143167499953,64.50364690569712,81.815833505492,91.59012226071516,0.0006499026559978619,0.21789641761699036,1,1,0.42690863471317075,complex,complex,complex,growing,-,Complex,,123
1757,160,0.5012309267654752,0.2424668284890543,-4.143820963671868,0.5793668693248748,0.5870865449876507,78.96967701832587,86.73091059113821,99.69447953375165,2.1820060187577917e-06,0.696497323328243,1,1,0.5793668693248748,intermediate,intermediate,intermediate,growing,Linear Model,Intermediate,0.501230927,160
1758,206,0.5312251267883957,0.41317448196328205,-10.488399812105019,0.7181397863738257,0.7253607606093182,106.600348325,68.93582938399733,106.600348325,5.666963169678931e-19,2.0808072574039164e-07,2,2,0.7253607606093182,intermediate,intermediate,intermediate,growing,Linear Model,Intermediate,0.531225127,206
1759,22,0.20681556886441668,0.0035980429985903364,-0.013523173740316323,0.21623837998265766,0.41877412231338246,24.210045809254666,32.47577598905819,44.8812879727571,0.7883478846329297,0.1384439622588065,0,0,0.20681556886441668,complex,complex,complex,growing,-,Complex,,22
1762,82,0.27162456785619216,0.006399203179710316,-0.05856605927768807,0.4016079243986553,0.4629885033237652,115.07502882500005,67.55777158984914,113.89387691669104,0.2721045516488718,0.01665735910715496,0,0,0.27162456785619216,complex,complex,complex,growing,-,Complex,,82
1763,57,0.3980493391292249,0.07472912642523794,-1.7287194640763188,0.5877450069421365,0.6103138610883266,72.95277737624995,66.70437032123914,70.0618933125788,0.00010566799304968434,0.3327402609990108,1,1,0.5877450069421365,complex,complex,complex,growing,-,Complex,,57
1764,280,0.3510224986034876,0.2341900759235698,-6.521485933635084,0.42766657126750585,0.4311963116025755,121.1742441541973,52.12935707962006,134.76316708301522,8.073826465192696e-08,0.7239151858275894,1,1,0.42766657126750585,complex,complex,complex,growing,-,Complex,,280
1765,411,0.4367262780969333,0.20601858059410996,-3.7678074166935236,0.47454224560209096,0.47704597096067985,48.119545392189174,37.512497901834095,79.36545396092117,1.004892073532083e-05,0.8464997525154879,1,1,0.47454224560209096,complex,complex,complex,growing,-,Complex,,411
1766,331,0.34876744559325795,0.08458238420816021,-1.5041214293364704,0.3976688638505591,0.40398349450747784,44.23396664256428,40.968060817360985,90.8314177835388,3.192860217204232e-06,0.7492465208423733,1,1,0.3976688638505591,complex,complex,complex,growing,-,Complex,,331
1767,184,0.6847384852273309,0.09380849979645041,-1.0518511701935624,0.7573470229597785,0.7619912896165926,39.09664469103639,35.70460234672807,69.35210080399999,4.807591012580147e-10,0.11665467689369845,1,1,0.7573470229597785,intermediate,intermediate,intermediate,growing,Segmented Model (1 Bp),Intermediate,0.757347023,184
1768,328,0.5460720254360077,0.10525478977630456,-1.5619256886373214,0.6463020860841987,0.646860169351412,72.96063565443778,65.06224800933425,91.3387016807835,1.8142716529702333e-17,0.0006871135575511481,2,2,0.646860169351412,intermediate,intermediate,intermediate,growing,Linear Model,Intermediate,0.546072025,328
1769,125,0.5375620314784781,0.17734240608574145,-2.9085524732852037,0.7603458121638292,0.761932543848316,76.02805705605381,64.36594171936146,76.02303378975093,2.8817602255283452e-12,0.06964268709436523,1,1,0.7603458121638292,intermediate,intermediate,intermediate,growing,Segmented Model (1 Bp),Intermediate,0.760345832,125
1770,275,0.43079972045879733,0.18552760701026183,-3.8989145702834955,0.6260175506704094,0.6278845700182237,112.21244002000003,33.00200730128492,112.21244002000002,7.899058788081319e-19,0.020491709493008763,2,2,0.6278845700182237,complex,complex,complex,growing,-,Complex,,275
1771,94,0.3379748805581606,0.11728025595685453,-1.414790446133164,0.4872015169030279,,73.75548228799998,,,0.00038801329671719746,0.9305700702530366,1,1,0.4872015169030279,complex,complex,complex,growing,-,Complex,,94
1772,172,0.47115567884861165,0.13660964332103304,-2.154750419535347,0.7756464247876214,0.7832272842751914,75.52080309799997,63.981671229090175,75.52080309799996,1.453688920468996e-18,0.025692104726607743,2,2,0.7832272842751914,intermediate,intermediate,intermediate,growing,Segmented Model (1 Bp),Intermediate,0.775646425,172
1773,321,0.6480414299795381,0.14195307066042007,-2.149870047566144,0.6962176129976829,0.6963037537380462,54.196858560649865,18.26504290861923,54.49817950590566,1.4769507816445396e-09,0.12553326995968866,1,1,0.6962176129976829,intermediate,intermediate,intermediate,growing,Linear Model,Intermediate,0.64804143,321
1774,486,0.5398568766373125,0.4279141778033347,-10.987537147272802,0.6590676967931478,0.6649428914971149,86.89179538024143,67.80695076645651,115.44394402500001,6.847026513114268e-27,0.004211197618479608,2,2,0.6649428914971149,intermediate,intermediate,intermediate,growing,Linear Model,Intermediate,0.539856877,486
1775,386,0.5064539453045308,0.2474786247333299,-5.587747065261654,0.5925833337818072,,95.80302842599706,,,4.1823440171051826e-14,0.6352219804407162,1,1,0.5925833337818072,intermediate,intermediate,intermediate,growing,Linear Model,Intermediate,0.506453945,386
1776,418,0.39198575332837277,0.16093088557861965,-3.62964048274197,0.42809259671618705,0.5166589922642312,50.54532927470562,105.12468794437659,111.31925956380334,0.007175799335307618,0.0008038416841574704,2,2,0.5166589922642312,complex,complex,complex,growing,-,Complex,,418
1777,563,0.6018866834455763,0.2502049279996235,-5.560691853255811,0.7438096713620366,0.7472018296385085,82.60809219570362,59.93108186115111,99.38293906499999,1.3029572503657444e-40,7.269116520824338e-05,2,2,0.7472018296385085,intermediate,intermediate,intermediate,growing,Linear Model,Intermediate,0.601886683,563
1778,411,0.5504357223603557,0.1951635618302048,-3.890485635853012,0.6648944410965647,0.6656261481092589,65.09040679579624,52.40344287812717,80.00830344906643,6.667387067952861e-20,0.8881580234698186,1,1,0.6648944410965647,intermediate,intermediate,intermediate,growing,Linear Model,Intermediate,0.550435722,411
1779,518,0.5879781252571937,0.1336121160435236,-2.1377763134707055,0.6449951927483755,0.6652905029614845,48.726041610500005,74.7110751871994,84.40864760638468,3.2711062090707095e-12,0.4538941041304815,1,1,0.6449951927483755,intermediate,intermediate,intermediate,growing,Linear Model,Intermediate,0.587978125,518
1780,326,0.5190789495803273,0.289457995071641,-6.514727955608978,0.6408477652120524,0.6464849436985218,71.97532105952305,40.28751308088478,85.35617838063166,1.861574276275013e-17,0.06826023985672516,1,1,0.6408477652120524,intermediate,intermediate,intermediate,growing,Linear Model,Intermediate,0.51907895,326
1781,450,0.5287287710846698,0.2657823095953753,-5.910615402761363,0.6801916086499272,0.6866624620649251,107.88595968499992,53.784102834940654,107.88595858582443,9.994962089044516e-29,0.0011143145540529183,2,2,0.6866624620649251,intermediate,intermediate,intermediate,growing,Linear Model,Intermediate,0.528728771,450
1782,372,0.43181497082060893,0.19158923537567749,-4.068886682060666,0.5743247221123509,0.5777967135213423,115.05381483,44.083955699899455,115.05381483,1.0086777401846032e-15,0.40584026064989276,1,1,0.5743247221123509,complex,complex,complex,growing,-,Complex,,372
1783,425,0.37407556686112625,0.2918819965184044,-6.882957738125846,0.49387790225485506,0.4961643841173118,106.43031275999995,25.870705516283635,106.43031275999995,5.639518415145883e-18,0.016636523672198426,2,2,0.4961643841173118,complex,complex,complex,growing,-,Complex,,425
1784,539,0.537622868105066,0.32302851982275416,-6.829845947886952,0.589098094222327,0.5937931686737751,73.96241021094838,37.77404009040785,109.31499982999998,3.6915292142993425e-16,0.0002994110033496819,2,2,0.5937931686737751,intermediate,intermediate,intermediate,growing,Linear Model,Intermediate,0.537622868,539
1785,354,0.47712012017246547,0.22399347476815312,-5.656401588903223,0.6975287037455367,0.6998285731430564,106.92926297999983,64.25713838232868,106.92926297999982,3.7656357737460858e-28,0.01943964436231067,2,2,0.6998285731430564,complex,complex,complex,growing,-,Complex,,354
1786,450,0.5351604772534868,0.190048963022482,-3.215322167028093,0.5692785845235901,0.5699290429605184,56.36193965235298,17.633508410919443,59.29932383979011,1.2651231044830894e-07,0.8873517276028698,1,1,0.5692785845235901,intermediate,intermediate,intermediate,growing,Linear Model,Intermediate,0.535160477,450
1787,454,0.49087726892376365,0.11687133321793346,-2.0289754430537097,0.5640191920203131,0.5670845226384273,90.36905988571311,57.30064963336746,94.69048051171947,1.1117295619670877e-15,0.016673651556082886,2,2,0.5670845226384273,complex,complex,complex,growing,-,Complex,,454
1788,509,0.5051668322796373,0.24432885832147677,-4.431793197684926,0.5398164744142085,0.5469623072463035,49.64827179472012,85.79353210778383,88.67584612151366,2.0210445671164752e-07,0.9370120783561923,1,1,0.5398164744142085,intermediate,intermediate,intermediate,growing,Linear Model,Intermediate,0.505166832,509
1789,180,0.45458116130428083,0.1873673991504604,-3.8299869405705884,0.5755372853197304,0.5795063044165012,54.37040622850796,38.16338331686869,71.76368765257476,5.600366280948549e-07,0.01585278811375406,2,2,0.5795063044165012,complex,complex,complex,growing,-,Complex,,180
1790,315,0.3558795547290511,0.1990604710694727,-4.515513410431527,0.4353405883125089,0.44092513271729283,67.35686830742685,84.98857663366068,102.38481268472971,8.453106625552297e-06,0.00017018595617478632,2,2,0.44092513271729283,complex,complex,complex,growing,-,Complex,,315
1791,492,0.5311562196176332,0.3443230169182355,-6.794789758355143,0.6013712629162127,0.6049901515788437,106.90723061409085,30.698691108227596,108.4141488961217,2.489237429281883e-16,0.2868202321019651,1,1,0.6013712629162127,intermediate,intermediate,intermediate,growing,Linear Model,Intermediate,0.53115622,492
1792,282,0.5424482684487175,0.2877315028848955,-6.413221515621417,0.6408130529317393,0.64608584342809,99.10671916578599,38.46899702287024,103.48682696676377,2.434866465294355e-11,0.11310203319040284,1,1,0.6408130529317393,intermediate,intermediate,intermediate,growing,Linear Model,Intermediate,0.542448268,282
1793,265,0.42719768673645137,0.2159379897454831,-3.7234221035131885,0.46190849007159235,0.4668480211305408,66.33633346526968,80.23789728682696,108.0818617653931,0.0013851903645776182,0.06951991604425038,1,1,0.46190849007159235,complex,complex,complex,growing,-,Complex,,265
1794,434,0.580372827631626,0.4281375147017247,-8.530585783436512,0.6479110954713303,0.6489473688996529,95.05741937443887,21.998953125314724,96.10655646889626,3.699817767557022e-16,0.041157578485379605,2,2,0.6489473688996529,intermediate,intermediate,intermediate,growing,Linear Model,Intermediate,0.580372828,434
1795,277,0.5020950304756954,0.3254721731228613,-7.808192873129346,0.7244447701903592,0.729647156169636,115.99787463999999,69.84664931462844,115.99787463999999,6.4213976482856205e-22,0.009719264628060168,2,2,0.729647156169636,intermediate,intermediate,intermediate,growing,Linear Model,Intermediate,0.502095031,277
1815,432,0.5294107370915543,0.18332285367828047,-3.5733932109239994,0.6203169895306168,0.6273927262223072,53.8881032430047,46.19270658613267,79.70984932518738,7.330105553690973e-19,0.022154495997622016,2,2,0.6273927262223072,intermediate,intermediate,intermediate,growing,Linear Model,Intermediate,0.529410737,432
1828,424,0.35990622727098454,0.2849782827056424,-5.193171975746942,0.4614666208608151,0.4629622240148504,71.73635199427211,23.752113785138306,76.31231736699999,4.256303848414551e-15,0.0657555262193756,1,1,0.4614666208608151,complex,complex,complex,growing,-,Complex,,424
1830,394,0.4412821338355254,0.3121821113464227,-5.898392900295246,0.6082095285984181,0.6090323156298477,76.44456104949994,15.122027560993784,76.44456104949994,6.600006499654486e-25,0.002071384477171013,2,2,0.6090323156298477,complex,complex,complex,growing,-,Complex,,394
1832,320,0.3803683612110943,0.24674329191336436,-4.256564391729346,0.4656264902621996,0.47142068595617426,73.72127334516992,68.52168782,69.93201324,5.484519784919732e-08,0.4595290398321322,1,1,0.4656264902621996,complex,complex,complex,growing,-,Complex,,320
1840,351,0.4986735010277829,0.41075991978125,-9.699711048093684,0.6601208887430309,0.6684555676296865,88.5742065,33.88205079305747,88.5742065,2.0916771220685783e-27,1.0423320427113941e-10,2,2,0.6684555676296865,complex,complex,complex,growing,-,Complex,,351
1841,329,0.599262374684456,0.19896312700946006,-4.638764990268704,0.665260863032705,0.6668019651954276,85.13480478432362,97.20717014156578,103.40093225253864,8.2593271854149e-10,0.12545007863617846,1,1,0.665260863032705,intermediate,intermediate,intermediate,growing,Linear Model,Intermediate,0.599262375,329
1843,281,0.5873676841637063,0.28977242383646296,-6.210761862326865,0.6446309587531995,0.6475178195419192,69.57290207209067,88.8997176063269,105.54865609629323,1.7488657745202086e-08,0.6645396942983389,1,1,0.6446309587531995,intermediate,intermediate,intermediate,growing,Linear Model,Intermediate,0.587367684,281
1844,299,0.4315313757193968,0.3240043222845901,-7.5239459828481365,0.5862458632982286,0.5873213758710369,70.83969238642513,22.971065990466727,71.41105695477495,3.5921941974766014e-17,0.15555669804604488,1,1,0.5862458632982286,complex,complex,complex,growing,-,Complex,,299
1851,344,0.5141808694378478,0.15725539199559393,-2.3884910214700144,0.59737453406343,0.5980411372187859,54.490250750860916,28.326753940802288,55.02008649209116,7.269807615879842e-12,0.6232688367338861,1,1,0.59737453406343,intermediate,intermediate,intermediate,growing,Linear Model,Intermediate,0.514180869,344
1853,401,0.48830012881013657,0.16021480169648478,-3.117251471988783,0.5711088072511701,0.5774272701927128,77.50318605729974,47.13384046911559,100.74317526099759,7.684321195056578e-15,0.1442687885509045,1,1,0.5711088072511701,complex,complex,complex,growing,-,Complex,,401
1855,311,0.3433441077967072,0.16073296358699596,-2.4477851883245716,0.3589548342514384,0.36029580973855463,75.72657165981256,34.47539732307443,77.29427998189237,0.014813934969597372,0.5652970577156264,1,1,0.3589548342514384,complex,complex,complex,growing,-,Complex,,311
1856,424,0.46084562307064103,0.27043178178073346,-5.037174241965763,0.5747348822466524,0.5779605626314226,89.30153326700881,48.81818203876523,91.92046153146433,5.404109752083421e-18,0.6022819768620626,1,1,0.5747348822466524,complex,complex,complex,growing,-,Complex,,424
1857,398,0.4641403422062189,0.22831591456803216,-4.369659558440378,0.728074873908066,0.7289322265156606,73.92706431649992,28.843530899171046,73.92706431649992,3.6258341446923286e-38,3.036145075894789e-07,2,2,0.7289322265156606,complex,complex,complex,growing,-,Complex,,398
1928,283,0.49120075274314884,0.3258245126524203,-7.18334698992504,0.6783434408076849,0.6816362936755078,91.2404022619999,63.387499757697896,87.20520753447441,8.625746583862424e-17,0.12847793833221213,1,1,0.6783434408076849,complex,complex,complex,growing,-,Complex,,283
1930,302,0.4563712413637204,0.3112254867032885,-6.096643740052109,0.5345301660576078,0.5366206634484183,80.68644809866937,23.601221758105375,80.72773750821528,1.3429851218328469e-08,0.1279978818564988,1,1,0.5345301660576078,complex,complex,complex,growing,-,Complex,,302
2002,345,0.45750700893746565,0.341830433628018,-8.924017857607561,0.584064474588473,0.5886197445116719,96.94938656800002,39.93125457276509,96.94938656800002,2.975535569922887e-21,2.4796981024747084e-08,2,2,0.5886197445116719,complex,complex,complex,growing,-,Complex,,345
2003,356,0.31200060865751705,0.16525145092320837,-3.9749922182649593,0.44609541651920276,0.4484889692530539,87.677255824063,37.00225279379355,89.87810569325008,6.992138287386474e-14,0.849851853688625,1,1,0.44609541651920276,complex,complex,complex,growing,-,Complex,,356
2004,460,0.3555473862059364,0.1752078991172853,-3.630061504094249,0.3845836941167096,0.38572852884556297,45.2480246883502,28.89207602303395,54.77469000176285,0.004031817821596098,0.14108752749635237,1,1,0.3845836941167096,complex,complex,complex,growing,-,Complex,,460
2007,344,0.3275620838227978,0.11363191021601693,-2.431993509908794,0.44979835236131255,0.45197701446793764,92.84202123383028,27.029162993790855,93.1823785515,2.3167219280113637e-12,0.8877977436480335,1,1,0.44979835236131255,complex,complex,complex,growing,-,Complex,,344
2008,281,0.32560870952278687,0.07310249493928474,-1.8815678026156741,0.5005279965055982,0.5014089286710736,92.14809878218746,36.56798752259513,93.96973056566694,9.705998044988389e-15,0.4476662394970701,1,1,0.5005279965055982,complex,complex,complex,growing,-,Complex,,281
2012,264,0.4529752167031419,0.04638378814669388,-0.75177760981272,0.595442945929798,0.600242748391371,78.9625626995,26.017948457767726,78.96256269949998,4.242052508079551e-16,0.0013099901602626489,2,2,0.600242748391371,complex,complex,complex,growing,-,Complex,,264
2017,271,0.4534430669080468,0.3603374546264662,-8.836696013102298,0.5903087400822026,0.5950607833464541,118.20615205,108.0780336,114.3342208,1.7817308620544345e-15,0.005033696759961897,2,2,0.5950607833464541,complex,complex,complex,growing,-,Complex,,271
2018,430,0.2933427340420038,0.12159681838018527,-3.0595078227013373,0.4931367769304448,0.5315476230555208,121.4878793899999,105.05774519301782,120.20738665099638,3.966453707105518e-21,0.8744431472928985,1,1,0.4931367769304448,complex,complex,complex,growing,-,Complex,,430
2019,425,0.3820489360850589,0.3041485147790972,-8.302646421675028,0.5944816193785647,0.5975522822153567,108.63002748000001,42.375015593194036,108.63002748000001,4.193115729448325e-28,0.04429489928690718,2,2,0.5975522822153567,complex,complex,complex,growing,-,Complex,,425
2020,284,0.36193930011193126,0.26104776091359794,-7.431618976641161,0.6528239764662551,0.6540759006157703,111.11445068999993,60.07816880503175,111.11242757189305,8.62396088682935e-23,0.1935721150072717,1,1,0.6528239764662551,complex,complex,complex,growing,-,Complex,,284
2023,377,0.40616175222687256,0.2945371887692525,-6.941975276946693,0.5261650580120609,0.5293120143437003,96.99258179399999,53.13813538521553,96.99258179399999,1.4120506385309218e-19,9.666782621257526e-06,2,2,0.5293120143437003,complex,complex,complex,growing,-,Complex,,377
2024,323,0.48267106104098384,0.362457990533669,-8.148468452912052,0.54478709121876,0.5479262612613484,85.27652254026249,31.53968358752793,110.82043209999998,6.085185300681967e-11,0.001965823502223913,2,2,0.5479262612613484,complex,complex,complex,growing,-,Complex,,323
2025,297,0.5927156027986885,0.367967569687444,-8.881316402276674,0.759229460563341,0.7652039654221618,75.13930946859048,83.88340387739109,86.1580067872793,1.0248509966575561e-19,0.0007026128342302443,2,2,0.7652039654221618,intermediate,intermediate,intermediate,growing,Segmented Model (1 Bp),Intermediate,0.759229461,297
2026,376,0.4603226949845438,0.26937500645675877,-7.316143247878444,0.6173467562913397,0.6179765791958924,92.05267529881993,37.07230644816192,94.06744176483178,3.8265277675104747e-20,0.13865417349319778,1,1,0.6173467562913397,complex,complex,complex,growing,-,Complex,,376
2027,377,0.5299271403003675,0.1796093237236448,-3.726753965270426,0.6188434998350314,0.6212978339141788,87.9419947507119,36.70639852337399,90.45514042081038,3.1318695348524176e-12,0.003492113463476066,2,2,0.6212978339141788,intermediate,intermediate,intermediate,growing,Linear Model,Intermediate,0.52992714,377
2028,439,0.5359093330127433,0.3591667698147842,-9.094017746720974,0.6752491791674723,0.6762271881776474,107.19564569625229,23.63313442978393,109.1916143422145,2.0504352815357113e-25,0.5335672672273475,1,1,0.6752491791674723,intermediate,intermediate,intermediate,growing,Linear Model,Intermediate,0.535909333,439
2029,226,0.4583721077396235,0.12056997593995983,-2.6811903097877168,0.6790396429174161,0.681939468770152,85.252622385,33.91109257811494,85.25227605767267,1.2857812538186778e-15,0.006332953219083155,2,2,0.681939468770152,complex,complex,complex,growing,-,Complex,,226
2030,244,0.24978108409494318,0.008538783419854909,-0.11833742609458835,0.28176523673064247,0.29046154463672674,74.47138670370464,65.21921191267714,66.77189548147871,0.0024194645759557784,0.59144223530696,1,1,0.28176523673064247,complex,complex,complex,growing,-,Complex,,244
2031,245,0.2650548038356249,0.01764400892206863,-0.2811643195478761,0.3784438091471136,0.38580016096889763,81.80265831799998,72.76894358565347,81.2638153270503,1.1467095981628523e-06,0.9988962302133519,1,1,0.3784438091471136,complex,complex,complex,growing,-,Complex,,245
2032,115,0.19635444264191598,0.07856312931166048,-2.076710126847146,0.3944255730627376,,119.64764394999995,,,0.0002681836622166527,0.4938509823054499,1,1,0.3944255730627376,complex,complex,complex,growing,-,Complex,,115
2033,204,0.3158735922632969,0.19338270038848215,-5.207997319044748,0.7355775693464304,0.763929713484207,101.93434216849997,94.97368743,101.93434216849997,1.1828069516575433e-20,0.381180415336696,1,1,0.7355775693464304,complex,complex,intermediate,growing,-,Complex,,204
2034,348,0.3731988533419144,0.265094752085681,-4.0985818537579535,0.39875789775166326,0.43476164422376545,115.79749858404288,67.74951581381977,76.99236144485656,0.03353212105698199,0.001016814187567964,2,2,0.43476164422376545,complex,complex,complex,growing,-,Complex,,348
2035,457,0.5254940107825969,0.3438387472758574,-7.705538841203569,0.5670227072529501,0.572694105725934,61.27710580349878,48.223113147174764,118.62464783910215,1.5043749467134254e-10,0.03915651392989407,2,2,0.572694105725934,intermediate,intermediate,intermediate,growing,Linear Model,Intermediate,0.525494011,457
2036,100,0.22148622203144688,0.08773068189858796,-1.4504557382950278,0.23947981573247165,0.2521339282731107,34.90941147310335,38.10522633100893,85.91680110144026,0.25986982686472104,0.4031254036273402,0,0,0.22148622203144688,complex,complex,complex,growing,-,Complex,,100
2037,385,0.5394571651715073,0.4005210665341695,-9.073673054908532,0.6381342246616744,0.6397704623068419,84.31710956454923,23.21435387186614,85.12373799160592,2.6123359688942127e-15,0.0902553260114022,1,1,0.6381342246616744,intermediate,intermediate,intermediate,growing,Linear Model,Intermediate,0.539457165,385
2038,435,0.331958737385602,0.15269518959178968,-2.3198213046717004,0.344730747294619,0.39630365835806375,97.22048093699993,56.10479532094214,97.2204809369999,0.5571163459754058,8.584447213897357e-07,0,2,0.39630365835806375,complex,complex,complex,growing,-,Complex,,435
2039,264,0.46334325277679483,0.36100935836132353,-7.861136460738802,0.5319543393219233,0.5333688846610403,81.33643932300765,25.79259128763766,82.48820590844304,4.903446605012759e-08,0.6959975694224747,1,1,0.5319543393219233,complex,complex,complex,growing,-,Complex,,264
2040,522,0.40073153419787927,0.21560922863914567,-4.768138074063577,0.4761630621375425,0.4779075866971493,95.1425104924162,31.219770250122277,96.77077750308518,2.512769937049832e-12,0.05060145878023715,1,1,0.4761630621375425,complex,complex,complex,growing,-,Complex,,522
2041,324,0.4272363949864593,0.23191258963409195,-6.004294581761895,0.49041577153948385,0.49175157180886975,89.5092307967036,45.2594000062959,91.26535410263551,9.256797312091951e-05,8.202972811843486e-05,2,2,0.49175157180886975,complex,complex,complex,growing,-,Complex,,324
2042,130,0.4885307509632252,0.1500131484110466,-3.040151692169117,0.5332069265936386,0.5512304846924997,39.01414015749536,49.3091243905777,95.85078857926696,0.04960492287739073,0.13786567009467202,1,1,0.5332069265936386,complex,complex,complex,growing,-,Complex,,130
2043,196,0.23134302572232537,0.17598625556235029,-3.014398157886455,0.24021832187553172,0.27551661550615214,40.629548536526755,80.65295185088789,113.531552025,0.7815960172530928,0.12179011610369836,0,0,0.23134302572232537,complex,complex,complex,growing,-,Complex,,196
2044,376,0.37464107068987235,0.23534216822801038,-6.037007836121085,0.42302262399785817,0.45424830188003995,70.37262691010888,91.82771872378417,127.54156682499999,2.7926307859812923e-05,0.006456925924247174,2,2,0.45424830188003995,complex,complex,complex,growing,-,Complex,,376
2045,285,0.29664857631081476,0.18659695894646045,-4.132102460816224,0.3258084517741173,0.3360584849090162,53.741288971687936,61.097625954303005,104.59802655766325,0.011235457893207854,0.11404546954936341,1,1,0.3258084517741173,complex,complex,complex,growing,-,Complex,,285
2046,408,0.4493135763433104,0.27840328549477217,-6.42683599582446,0.5536319186972216,0.5558794514458597,79.18438766721957,53.09394287187748,100.27559442146043,1.9800131164322707e-15,0.5047616153948936,1,1,0.5536319186972216,complex,complex,complex,growing,-,Complex,,408
2047,511,0.41260157800697195,0.24288964736487614,-5.952917702388957,0.6111309044285024,,109.69240685,,,2.9665521002758903e-41,2.662098036640816e-18,1,0,0.41260157800697195,complex,complex,complex,growing,-,Complex,,511
2048,198,0.4052871499006357,0.20938279367053927,-4.603833478244676,0.43808938718915363,0.442725558970727,78.81599817627713,85.87380768876436,89.4553441166046,0.0045970380240929155,0.5562218630229863,1,1,0.43808938718915363,complex,complex,complex,growing,-,Complex,,198
2049,402,0.5833106810769111,0.3533118193828032,-9.202089089226817,0.7490440386251593,0.7538342634158354,103.93139382499999,49.18462664267973,103.93100854304213,8.157102630128818e-34,4.823386040683192e-08,2,2,0.7538342634158354,intermediate,intermediate,intermediate,growing,Segmented Model (2 Bps),Intermediate,0.753360746,402
2050,393,0.43564518507374417,0.19475386177443463,-4.810001224924182,0.5019975345236324,0.505749073050727,97.79992839250893,43.93356587854302,113.81409449463851,4.0690865141549024e-12,0.015038835276511585,2,2,0.505749073050727,complex,complex,complex,growing,-,Complex,,393
2051,410,0.39225059470466533,0.24297949119567536,-5.577915632479488,0.4734476756481802,0.47443068958847645,108.16562535531475,23.640131652223385,110.20672920170496,8.918669204243467e-13,0.30826247310817256,1,1,0.4734476756481802,complex,complex,complex,growing,-,Complex,,410
2052,334,0.31345107519768584,0.2147161669903794,-5.362542142967475,0.4473574668161815,0.44786131467862034,104.1041713772472,76.75941428763795,100.55706786796316,3.498206869830276e-12,0.11114264009593439,1,1,0.4473574668161815,complex,complex,complex,growing,-,Complex,,334
2053,133,0.3620661093712666,0.02512151171412014,-0.3421745633348755,0.4039121344720558,0.41305271044047176,77.63959450933638,52.67311351458123,67.53562453802736,0.011528011931803488,0.41489607433433984,1,1,0.4039121344720558,complex,complex,complex,growing,-,Complex,,133
2054,97,0.15660737637681701,0.06947316579313026,-0.7925727237117326,0.1755613348955318,0.18447171970038514,61.18882030784746,31.857931034480867,38.74265858137527,0.3967580070825435,0.3187576730555375,0,0,0.15660737637681701,complex,complex,complex,growing,-,Complex,,97
2055,159,0.3210578929037434,0.09944549854290984,-2.508780289500535,0.5601849905103847,,95.73511601499993,,,2.802340172857481e-12,0.05787450099533949,1,1,0.5601849905103847,complex,complex,complex,growing,-,Complex,,159
2056,143,0.3340527886419915,0.1678398279560695,-4.528427668812795,0.668321572200224,,111.0481289,,,1.4229527823753174e-13,0.1753115708945388,1,1,0.668321572200224,complex,complex,complex,growing,-,Complex,,143
2057,191,0.31636998376486763,0.07569219575760805,-1.3739770824284752,0.3526137300893444,0.40716247108818215,42.98082053822934,89.1295162001026,107.98145260790353,0.017242128144093358,0.2731550026509226,1,1,0.3526137300893444,complex,complex,complex,growing,-,Complex,,191
2058,181,0.3881954608722924,0.12205968553039694,-3.030868491574089,0.5756380500294042,0.5791803606179053,107.7682919,35.27022138705109,107.7682919,7.997874364890217e-13,0.00970895540775335,2,2,0.5791803606179053,complex,complex,complex,growing,-,Complex,,181
2059,244,0.20463393965952809,0.11740650807278595,-2.3420743351708335,0.2631509479755794,0.27368299604507634,69.04948523075886,73.08167561461792,100.07375882287059,0.00014946555355406952,0.5728075900511884,1,1,0.2631509479755794,complex,complex,complex,growing,-,Complex,,244
2060,217,0.2726676516291507,0.10953612733710918,-2.61382888300309,0.2982075820517486,0.339544059845294,48.27360655268267,75.46873878126615,89.17995603784439,0.17618219428858733,0.06408151748416409,0,1,0.2982075820517486,complex,complex,complex,growing,-,Complex,,217
2061,255,0.16790110383037377,0.056557818605301936,-1.1260001219548343,0.21127863811250203,,50.47582587690841,,,0.011189372070532652,0.002929309336416422,1,0,0.16790110383037377,complex,complex,complex,growing,-,Complex,,255
2062,227,0.4067047132315504,0.13743131043829834,-4.038131400180732,0.6124667698922677,0.6234989628784869,122.98290019999996,110.25222371554817,120.89528423811927,1.274212313864469e-16,0.03205183687835103,2,2,0.6234989628784869,complex,complex,complex,growing,-,Complex,,227
2063,235,0.5235421952886589,0.11633437825086798,-3.3015762516802596,0.6321879332628719,0.6337216055042841,134.71172150999948,108.96976796375478,134.70020539390717,2.891759083406896e-14,7.412182902346452e-06,2,2,0.6337216055042841,intermediate,intermediate,intermediate,growing,Linear Model,Intermediate,0.523542195,235
2064,229,0.3928357266240837,0.21497384731694535,-7.756667078931182,0.6306125115797019,0.6307136706725444,130.3556406297139,102.90815382936907,130.35726208665153,1.917792354473069e-15,0.11749844945324082,1,1,0.6306125115797019,complex,complex,complex,growing,-,Complex,,229
2065,209,0.30677999398874073,0.22242745623579735,-5.398661184485226,0.6713183846285158,0.6732240251323357,108.83401288,88.69823639055869,108.78967427280752,5.165047298817184e-20,0.024070222356313748,2,2,0.6732240251323357,complex,complex,complex,growing,-,Complex,,209
2066,262,0.3415389170760984,0.19656297753248841,-4.813463859234779,0.4315992721932953,0.4393678993862472,114.74150913479104,60.21885238672694,130.521198505,1.4658690323417405e-09,0.03752001202564778,2,2,0.4393678993862472,complex,complex,complex,growing,-,Complex,,262
2067,269,0.36322597763765724,0.22482607019419826,-5.527230464236185,0.43643593535718517,0.4430313509267948,123.48092010392263,43.622265651766895,127.48737155273811,3.7302250181593763e-07,0.6673083117620534,1,1,0.43643593535718517,complex,complex,complex,growing,-,Complex,,269
2068,271,0.2848924202161121,0.06553244301638514,-1.5395488438986888,0.3071383607676719,0.44102229990887143,41.72759439094838,105.96771000731977,110.86618320710505,0.3423311963787605,2.6062115170963826e-05,0,2,0.44102229990887143,complex,complex,complex,growing,-,Complex,,271
2069,172,0.3568778958177409,0.12357917465269697,-3.353858536061417,0.40930401908065456,0.41745050983574733,63.96095839356224,75.85567208453067,107.21269540166342,0.00022722889730606758,0.22637177105196846,1,1,0.40930401908065456,complex,complex,complex,growing,-,Complex,,172
2070,211,0.30838243529819875,0.17317736408351472,-4.920893440639144,0.6525687502516077,,106.5970202,,,3.868601523432433e-21,0.00015503787940802173,1,0,0.30838243529819875,complex,complex,complex,growing,-,Complex,,211
2071,167,0.3265364103990438,0.11295504891790115,-2.877552429880163,0.545436783461727,0.5475554719166056,120.74409257693205,38.396182634046475,120.74409335999987,1.389410863331509e-10,0.37748546562853114,1,1,0.545436783461727,complex,complex,complex,growing,-,Complex,,167
2072,269,0.3447708150265801,0.08370199984318973,-1.8986198816804494,0.42269572924742926,0.528551731256295,66.75487835282841,98.45336123240598,109.51907829999999,0.0012033446617880838,7.954631724261863e-08,2,2,0.528551731256295,complex,complex,complex,growing,-,Complex,,269
2073,244,0.38391678687124225,0.10993764288082115,-2.5845177412140834,0.460656681353041,0.4624293624362352,74.33780800657564,32.667754767567935,75.23272440953319,2.3318353431567156e-07,0.8343639977003465,1,1,0.460656681353041,complex,complex,complex,growing,-,Complex,,244
2074,262,0.2780191283862323,0.0860366193743354,-2.0626180100750022,0.34408488990927044,0.39855096264512674,62.00451255789247,85.07730974231416,93.35707840129967,0.07540898777726678,2.0736133071065854e-09,0,2,0.39855096264512674,complex,complex,complex,growing,-,Complex,,262
2075,169,0.1494273251797407,0.04837045206454615,-1.236598688001665,0.17474901252044717,0.32785153237339015,53.033663293469715,92.28729191371687,115.38767156541759,0.17793550093959615,0.021733188383699083,0,2,0.32785153237339015,complex,complex,complex,growing,-,Complex,,169
2076,134,0.19778118093833394,0.1255076824037283,-2.30648600935144,0.22972945734629777,0.23871585468443143,39.978111397346716,46.59445032422646,62.1329461601266,0.042913945365554866,0.9871472842769882,1,1,0.22972945734629777,complex,complex,complex,growing,-,Complex,,134
2077,316,0.49689382763835693,0.1372210121152121,-3.868743179757714,0.7316149515531085,0.7321103152611872,98.42930179364811,27.660190223742852,99.37570848365887,2.045462516176586e-27,0.03731157021582874,2,2,0.7321103152611872,complex,complex,complex,growing,-,Complex,,316
2078,332,0.47637507278237645,0.12625002948505945,-3.231420088068862,0.6371978552616877,0.6381579022743415,108.78086752499999,28.862217090423123,108.78086752499999,8.854221067878388e-26,2.9699874474897e-12,2,2,0.6381579022743415,complex,complex,complex,growing,-,Complex,,332
2079,170,0.49759378937694204,0.29794048867031925,-10.915848999004384,0.925713304338462,,108.83117183499996,,,5.592239840344713e-26,1.3994357687779565e-19,1,0,0.49759378937694204,intermediate,complex,intermediate,growing,Segmented Model (1 Bp),Intermediate,0.925713304,170
2080,264,0.43640037705531215,0.08681760293015968,-2.083132498677741,0.5092982963749333,0.583050108319299,73.77302485063426,100.51452593282485,113.61232892297718,1.1344106023654146e-05,0.000504357720725202,2,2,0.583050108319299,complex,complex,complex,growing,-,Complex,,264
2110,112,0.1692689348526768,0.018011501133362345,-0.19826521161554464,0.3535954841134135,0.35697782250937354,47.525127700057226,32.21325129743543,47.25132803657652,0.0003020359608692563,0.35228507409825704,1,1,0.3535954841134135,complex,complex,complex,growing,-,Complex,,112
2111,112,0.20153756537008105,0.021145899734264985,-0.2839654940396222,0.25324662281359717,0.2666236641880157,65.994844763,59.03577375918252,65.93508345197377,0.011078507139293883,0.6159595009097474,1,1,0.25324662281359717,complex,complex,complex,growing,-,Complex,,112
2112,112,0.4103063030354999,0.14420311079160267,-1.7851791110462294,0.5968464046820582,0.6212501976475125,64.70889937799998,29.311042124256147,64.70889937799998,1.6866988945068012e-08,0.024671611778441405,2,2,0.6212501976475125,complex,complex,complex,growing,-,Complex,,112
2113,107,0.3165666222747644,0.008201264953152898,-0.05404604987694014,0.3318533040891383,0.33357817659410005,41.74505800702693,14.145441375716018,46.335043831705995,0.10332428333282029,0.5370967177016424,0,0,0.3165666222747644,complex,complex,complex,growing,-,Complex,,107
2116,193,0.3814214343058145,0.020853035316921033,-0.09476038583437064,0.402947809353556,0.4483358353778977,30.53528361537327,42.819814454076564,42.9504813444943,0.038540059961892026,0.2729844083483947,1,1,0.402947809353556,complex,complex,complex,growing,-,Complex,,193
2117,208,0.4079849585774183,0.026293373214903507,-0.4123735477955474,0.5358624694429568,0.5395875673956523,41.96751576610152,39.030704818275176,58.323722808766576,8.790227697995124e-11,0.051453900513005975,1,1,0.5358624694429568,complex,complex,complex,growing,-,Complex,,208
2119,76,0.0019472643434876513,0.005027309899944489,0.915187549279301,0.014618941992119112,0.07312708857417201,23.181120092025942,29.029479842426962,33.491299492760525,0.7831425513452014,0.5420319913180794,0,0,0.0019472643434876513,complex,complex,complex,growing,-,Complex,,76
2121,172,0.16446596118688797,0.10955752041704403,-1.4296966047689366,0.31052511283022677,0.3187656337040718,67.403586014,61.895165782162714,67.40313011828103,0.00018744944454666178,0.27266316649787403,1,1,0.31052511283022677,complex,complex,complex,growing,-,Complex,,172
2122,193,0.23866933157999268,0.10375975137710479,-1.3070838752415062,0.369181172211069,0.373531811159943,64.50705198258454,41.9600955382659,63.58803510469851,3.7961261970054785e-05,0.6199128721737562,1,1,0.369181172211069,complex,complex,complex,growing,-,Complex,,193
2123,113,0.34467731424749626,0.16847417267978196,-2.133971291485275,0.36718283189490564,0.38407971932373386,21.43945044797469,38.28002765603895,58.76461181620605,0.3771080503285621,0.3207112260571476,0,0,0.34467731424749626,complex,complex,complex,growing,-,Complex,,113
2124,93,0.4017665381725612,0.32404452867192485,-3.7494078581641666,0.510890480284334,0.5151115352163366,62.051921283999995,14.514271870651672,62.05192128399999,0.009087371285299062,0.9680448811881094,1,1,0.510890480284334,complex,complex,complex,growing,-,Complex,,93
2135,115,0.16692916495560453,0.045089183504424576,-0.452495745432253,0.17672833087003925,0.2596039807292516,25.338653567666796,51.60436088886946,64.14811842061275,0.9825650943359279,0.11517197689293321,0,0,0.16692916495560453,complex,complex,complex,growing,-,Complex,,115
2136,97,0.33339571412217517,0.09044374479757868,-1.155495359266698,0.3855222439666766,0.3951891851286493,23.915471986155787,34.391773240308574,39.44250035091829,0.08792759857010238,0.3065104912622922,0,1,0.3855222439666766,complex,complex,complex,growing,-,Complex,,97
2137,127,0.44871960692921736,0.07927229711120559,-1.0267017505300675,0.48481882919808506,0.4895025517228466,53.470723072193316,19.888926480866928,53.82259172714375,0.015217211454798471,0.26141775512214827,1,1,0.48481882919808506,complex,complex,complex,growing,-,Complex,,127
2138,61,0.2552820538111171,0.04705632009473753,-0.491985111833136,0.44997136718839,0.4657377047090499,40.31872725,27.664903700819792,40.3180163454529,0.0018287182556751484,0.5584665048130757,1,1,0.44997136718839,complex,complex,complex,growing,-,Complex,,61
2139,84,0.49615376926119564,0.061472837895730936,-1.267681778280255,0.7048896627934024,0.7082294643238484,116.42141982879805,67.16839840926689,109.53541697706892,1.0519512268292772e-06,0.11502635026553384,1,1,0.7048896627934024,complex,complex,complex,growing,-,Complex,,84
2149,118,0.6097535087861254,0.4000993629686893,-11.818532156362073,0.8297660825037684,0.8312971286497951,177.8305350027909,31.882999438101244,180.36125351014235,2.706161535921133e-11,0.15640792539637755,1,1,0.8297660825037684,intermediate,intermediate,intermediate,growing,Segmented Model (1 Bp),Intermediate,0.829766082,118
2150,118,0.7312893537688492,0.20693647978641302,-5.221550038097988,0.9144270680183118,0.9147718721155977,117.62145911590629,118.62615382519728,135.840057225,5.848264177432799e-13,0.0005838755025254183,2,2,0.9147718721155977,intermediate,intermediate,intermediate,growing,Segmented Model (1 Bp),Intermediate,0.914427068,118
2151,121,0.5171636860000823,0.1791462847155498,-3.559582290146167,0.5802827542712631,0.5905983081764726,86.41857166445442,38.84777151144306,91.7683011310815,1.2878826400421733e-05,0.007851489049340578,2,2,0.5905983081764726,intermediate,intermediate,intermediate,growing,Linear Model,Intermediate,0.517163686,121
2152,28,0.5406687906435146,0.08425864841256213,-0.47138465221120524,0.8964930944340637,0.9134981601944386,30.6185246805961,22.074268735512273,28.64380596597843,0.00039293837360411207,0.8995916461048741,1,1,0.8964930944340637,intermediate,intermediate,intermediate,growing,Segmented Model (1 Bp),Intermediate,0.896493094,28
2153,92,0.8107742733681388,0.664563164896614,-9.273989418934011,0.9072445000419151,0.9252411912401649,37.03910142597466,54.3073868040476,60.53845509775791,3.666611604857997e-08,0.30499423266573794,1,1,0.9072445000419151,simple,simple,simple,growing,Linear Model,Simple,0.810774273,92
2154,162,0.616721790464619,0.05958370794121378,-0.9245845435142381,0.7811100764567617,0.7828358425444,84.0015054884999,62.34414451352261,83.89923237268717,2.233739192976999e-15,0.00011492208759797355,2,2,0.7828358425444,intermediate,intermediate,intermediate,growing,Segmented Model (1 Bp),Intermediate,0.781110077,162
2155,136,0.5610555798394873,0.28867100728015443,-5.989672449013961,0.7143090046117564,0.7157090503096343,79.99920290047375,37.2831172795416,83.9460461129577,2.606610017128693e-11,0.0015986240263992193,2,2,0.7157090503096343,intermediate,intermediate,intermediate,growing,Linear Model,Intermediate,0.56105558,136
2156,129,0.589618257731267,0.4713492130914507,-7.191743863709061,0.7830186825699601,0.7855499696327001,55.44196313423947,20.262687727511576,57.14633918719315,5.927989847471225e-12,0.4798070176015552,1,1,0.7830186825699601,intermediate,intermediate,intermediate,growing,Segmented Model (1 Bp),Intermediate,0.783018683,129
2157,179,0.48295165946674357,0.20385329547282632,-3.2659387279783103,0.509440748988423,0.5138813116867985,49.534784736015375,26.208699433981785,80.0317654299955,0.0011730399962406482,0.16974866549019899,1,1,0.509440748988423,complex,complex,complex,growing,-,Complex,,179
2158,154,0.564348194524881,0.3172896256821338,-6.066287830757296,0.65207622608121,0.6579595659662165,100.5057844259214,32.77346090929934,106.08855286499997,1.0701080784347258e-07,0.22324851777190008,1,1,0.65207622608121,intermediate,intermediate,intermediate,growing,Linear Model,Intermediate,0.564348194,154
2159,126,0.2405079012089649,0.07785204136537605,-1.1365349370186328,0.2931376572549058,0.2952136412203661,51.36701563876296,26.919603665186155,52.596814896201046,0.013760357452295145,0.20629494169771034,1,1,0.2931376572549058,complex,complex,complex,growing,-,Complex,,126
2162,129,0.29721702729777194,0.05067097183117192,-0.6687696188909151,0.4257141534210251,0.4265617032625066,60.949771294,13.113190253243612,60.9458767205977,0.00010149395775680189,0.9185156171689737,1,1,0.4257141534210251,complex,complex,complex,growing,-,Complex,,129
2166,158,0.41291608332218843,0.07945551634157297,-1.2635143788689975,0.5237727689034518,0.5525954944486792,49.212727694220895,68.41053792783651,73.32178551300004,2.8606280123834502e-05,0.015855927577149386,2,2,0.5525954944486792,complex,complex,complex,growing,-,Complex,,158
2167,109,0.4757701092889273,0.220623150381712,-5.321412028049105,0.8068575123945759,0.844769227556927,89.52232250999995,78.39818768458584,88.95856931441742,2.9148074643469133e-12,0.837944158751212,1,1,0.8068575123945759,intermediate,intermediate,intermediate,growing,Segmented Model (1 Bp),Intermediate,0.806857512,109
2168,119,0.5042090459715796,0.48803217257701753,-12.761843960865153,0.7616873725541842,0.7634716207062406,74.2605827420521,40.424912033395756,76.2079844265246,1.2249261171865778e-11,0.8214782870607231,1,1,0.7616873725541842,intermediate,intermediate,intermediate,growing,Segmented Model (1 Bp),Intermediate,0.761687373,119
2169,238,0.27986148983980796,0.0935446015305636,-1.5400052254519763,0.30899031851739994,,57.24165657044829,,,0.009946212082590444,0.19679293175626617,1,1,0.30899031851739994,complex,complex,complex,growing,-,Complex,,238
2170,198,0.2812007993469193,0.09966774357341228,-1.8905575807009156,0.39427534298005446,0.3987496804883596,87.20607710849994,43.86854579938359,87.20607710849994,3.603343070004177e-07,0.7677722626941074,1,1,0.39427534298005446,complex,complex,complex,growing,-,Complex,,198
2171,140,0.2987144204257576,0.17137105939417255,-2.2802598129885485,0.3172190616610776,0.31810770976157965,117.9598221444781,16.85722748934626,117.98243158338818,0.30560536279329653,0.26250790103338806,0,0,0.2987144204257576,complex,complex,complex,growing,-,Complex,,140
2172,168,0.6703449885802638,0.3955687712986314,-9.085135435244261,0.8038087756350809,0.809996801418667,131.60291814516017,36.20500396679379,132.5705257038533,1.938036721396916e-13,0.10204691779340597,1,1,0.8038087756350809,intermediate,intermediate,intermediate,growing,Segmented Model (1 Bp),Intermediate,0.802820852,168
2173,197,0.5721440049897213,0.2014074807101717,-4.020820601612518,0.6118519669366115,0.6190860082074062,98.1777504343848,40.03343805778068,118.59077938481286,1.8904817252241213e-05,0.26541503579221337,1,1,0.6118519669366115,intermediate,intermediate,intermediate,growing,Linear Model,Intermediate,0.572144005,197
2174,179,0.37263435507719633,0.1649729246728352,-2.926929236827709,0.37747996783403326,0.38402448146256146,30.916389644273146,37.30380901763467,163.09435517,0.8994751241792173,0.25440567758323845,0,0,0.37263435507719633,complex,complex,complex,growing,-,Complex,,179
2175,197,0.4178522192217151,0.16996694792906344,-4.23133690968307,0.439471680339306,,53.7831882065031,,,0.17507271246025016,0.11749250400647608,0,1,0.439471680339306,complex,complex,complex,growing,-,Complex,,197
2176,105,0.6177375800784832,0.24955670107508945,-4.068410220571097,0.7177060643483616,0.723092691129504,96.42381959599996,83.67163327657296,96.42069518139405,1.4756190770034e-07,0.001073453302666937,2,2,0.723092691129504,intermediate,intermediate,intermediate,growing,Linear Model,Intermediate,0.61773758,105
2177,87,0.3727632358421371,0.16918153018124732,-3.0430083937984227,0.5470608817833589,0.6158979433254149,101.77560702200003,78.25863303622951,101.77440203238376,6.9595428063185645e-06,0.5267880359632502,1,1,0.5470608817833589,complex,complex,complex,growing,-,Complex,,87
2178,212,0.4844641904962759,0.33592537787446447,-5.494605325205516,0.5192339149052184,0.5445945794937558,60.0826844601724,81.83652397505408,96.38115873220119,0.015977549295700267,0.003987548912457138,2,2,0.5445945794937558,complex,complex,complex,growing,-,Complex,,212
2179,208,0.3761491246226324,0.13145781265903692,-1.7118376091453364,0.3797247287247431,0.415282309567273,20.592596793433653,83.98126818617303,96.42098942185771,0.36504559562933325,0.07608125422265803,0,1,0.3797247287247431,complex,complex,complex,growing,-,Complex,,208
2180,217,0.34854170009124036,0.06643167910612191,-0.2560407884968213,0.35012505268139066,0.35151793498063233,14.881083911371475,34.949621097026956,46.50591213410478,0.8893409932575744,0.5497158815503052,0,0,0.34854170009124036,complex,complex,complex,growing,-,Complex,,217
2181,211,0.15362833127462333,0.07582671806859712,0.34162035390957285,0.2092714079920566,0.22497359070978304,92.94764951041542,37.77283591422973,70.46007345045159,0.0004824080549392294,0.8371476015406474,1,1,0.2092714079920566,complex,complex,complex,growing,-,Complex,,211
2182,198,0.2248317140834412,0.05158141697437841,-0.39595305378474405,0.2358809604418113,0.2788358776116668,63.45276218619019,93.47447009079784,108.24841426780233,0.33036547962508034,0.03223018401668978,0,0,0.2248317140834412,complex,complex,complex,growing,-,Complex,,198
2183,251,0.627299298252377,0.2693533884323149,-5.467739443213882,0.6491225789037613,0.6510009658907944,59.96473646680492,37.75937168171953,97.78165999991177,0.0005658311822843655,0.3634103309783413,1,1,0.6491225789037613,intermediate,intermediate,intermediate,growing,Linear Model,Intermediate,0.627299298,251
2185,265,0.6589858314704957,0.23017412613669969,-4.530298155150435,0.756259835198286,0.7569211478656819,60.22187337206227,27.304800286522454,63.03407949538649,4.176462111400783e-17,0.0025999882098718457,2,2,0.7569211478656819,intermediate,intermediate,intermediate,growing,Segmented Model (1 Bp),Intermediate,0.756259835,265
2186,259,0.6250900821138589,0.28584226391192935,-5.3426857662157445,0.7378713785743003,0.7411804664819883,71.1827426498903,26.689373814109793,71.26245505925745,6.495030038612111e-19,1.9598704476337714e-07,2,2,0.7411804664819883,intermediate,intermediate,intermediate,growing,Linear Model,Intermediate,0.625090082,259
2187,246,0.5599772612462524,0.162035329138575,-2.4271611677188663,0.6536066443633304,0.6570733713531145,85.2550691825,32.054579781614876,85.2550691825,3.2354000008993373e-13,0.0015826548854622289,2,2,0.6570733713531145,intermediate,intermediate,intermediate,growing,Linear Model,Intermediate,0.559977261,246
2188,258,0.6086498257574987,0.34514959498677167,-5.9191605001326115,0.6691723063824004,0.6746627290866665,80.67216324949999,24.814546709613893,80.67216324949999,4.660001843742743e-11,0.0009359166729581177,2,2,0.6746627290866665,intermediate,intermediate,intermediate,growing,Linear Model,Intermediate,0.608649826,258
2189,237,0.6984727742791641,0.21569509948814494,-4.000594116208115,0.7531700841799036,0.7596456158322408,46.76265199274695,75.95419400911176,105.28947733999992,1.470987920958774e-05,0.046981634710329186,2,2,0.7596456158322408,intermediate,intermediate,intermediate,growing,Segmented Model (1 Bp),Intermediate,0.753090594,237
2190,265,0.7555602935540768,0.4016616767425653,-9.20856879478938,0.8433316856127228,0.8461208505863267,74.14885615055478,49.417269632919,102.27351781402848,1.0342134774500657e-16,0.7405482952436007,1,1,0.8433316856127228,simple,simple,simple,growing,Linear Model,Simple,0.755560294,265
2192,219,0.6590967282579793,0.26484397650772584,-5.28137131389913,0.7194313776437699,0.7263821910182976,55.794173082144134,86.30057682,95.69168673,6.81858166457054e-08,0.8982866510066707,1,1,0.7194313776437699,intermediate,intermediate,intermediate,growing,Linear Model,Intermediate,0.659096728,219
2196,253,0.2970980646847093,0.07531955044189671,-1.4769179441031792,0.5437900005543264,,82.46565127399998,,,7.006497032860639e-20,5.609163178066188e-05,1,0,0.2970980646847093,complex,complex,complex,growing,-,Complex,,253
2199,202,0.5221024196532735,0.12984922924807832,-1.5961042686678841,0.5899963190405555,0.5986567405747059,63.30372826120918,47.23423992244686,54.427545060383146,9.527507933308458e-06,0.02068930145486159,2,2,0.5986567405747059,intermediate,intermediate,intermediate,growing,Linear Model,Intermediate,0.52210242,202
2203,126,0.46673283032618557,0.08033396969011701,-0.5066219093252875,0.46986866588306264,0.4825888377110366,19.54493837714232,44.88059999978756,76.59410414749999,0.8490570836082691,0.5932367620421318,0,0,0.46673283032618557,complex,complex,complex,growing,-,Complex,,126
2207,291,0.6277411735828198,0.3387141590938547,-7.2696896731034295,0.7371385836811197,0.7381942968991244,70.93079189014952,28.974567343347317,72.72282864672748,1.2765322807435809e-17,0.3217443082535603,1,1,0.7371385836811197,intermediate,intermediate,intermediate,growing,Linear Model,Intermediate,0.627741174,291
2208,227,0.7235964014596128,0.44817794597340027,-8.797206907156593,0.7790160189583335,0.7820921737112873,86.40459922598944,31.07499748448682,97.95389996725648,1.8667961023217397e-10,0.33876309635570234,1,1,0.7790160189583335,intermediate,intermediate,intermediate,growing,Segmented Model (1 Bp),Intermediate,0.779016019,227
2210,267,0.6402171182920929,0.43937383176193445,-6.380652860840803,0.7241297808139564,0.7318090323727466,89.09323900237774,36.52398239337531,91.58975034610273,2.5970814169204136e-14,0.011251584695346633,2,2,0.7318090323727466,intermediate,intermediate,intermediate,growing,Linear Model,Intermediate,0.640217118,267
2248,245,0.5563908138370667,0.38960245613676325,-6.983763424869807,0.6137405370960276,0.616645753740877,85.08792076504334,44.13116411613102,104.15678402,3.743193197404686e-07,0.44386511982562293,1,1,0.6137405370960276,intermediate,intermediate,intermediate,growing,Linear Model,Intermediate,0.556390814,245
2249,196,0.5314862749179754,0.33343591771860914,-5.2095704789612745,0.5617656763348071,0.5622227445579918,52.64013815374878,24.08537028986362,53.555467172121055,0.01515613600888716,0.15419946201255147,1,1,0.5617656763348071,intermediate,intermediate,intermediate,growing,Linear Model,Intermediate,0.531486275,196
2250,234,0.5834099037154378,0.3914535540009107,-6.6910044311653145,0.6196056520247101,0.6229802020859664,106.57581448578982,24.696546992925214,106.86604936,0.00010447937896940208,0.25249108711911783,1,1,0.6196056520247101,intermediate,intermediate,intermediate,growing,Linear Model,Intermediate,0.583409904,234
2251,214,0.49585544841629087,0.34084282980072494,-5.258506604929447,0.5376586838807328,0.5456219284077932,98.21176462049999,93.735173,97.9059938,0.0002059854838828643,0.32044811557548364,1,1,0.5376586838807328,complex,complex,complex,growing,-,Complex,,214
2252,246,0.4695260812687393,0.15767536854029218,-1.773980540764828,0.48457734724659435,0.5003197836575465,54.73205373533291,61.04212304649413,85.61062645999999,0.049899727666135416,0.05986597025081354,1,1,0.48457734724659435,complex,complex,complex,growing,-,Complex,,246
2255,244,0.3105452814738545,0.15168113263607455,-2.8119407961617346,0.5260701491690972,0.5635857938342872,98.72522605699999,89.35980538744886,98.70587890880597,1.7387490906547734e-14,0.3639679242566457,1,1,0.5260701491690972,complex,complex,complex,growing,-,Complex,,244
2256,239,0.5884050626741663,0.35924511158785183,-6.963821256656316,0.6532568403274556,0.6565431692661952,107.79615679843305,22.64813361943146,108.05134180999998,7.876290321854606e-10,0.03745929891602211,2,2,0.6565431692661952,intermediate,intermediate,intermediate,growing,Linear Model,Intermediate,0.588405063,239
2257,217,0.521406502977621,0.18072267385525773,-3.030961521057486,0.5682849696993332,0.5720228981189952,103.6236511334331,40.5379797361949,103.69530647673511,8.356414266882926e-08,0.0001458468833069422,2,2,0.5720228981189952,intermediate,intermediate,intermediate,growing,Linear Model,Intermediate,0.521406503,217
2258,212,0.5694518504965997,0.3584745105311944,-7.353280999274907,0.6821714811725716,0.6840279834013823,121.87930674999986,34.080342966667,121.87930674999986,1.5650911071556598e-11,0.6748843557076958,1,1,0.6821714811725716,intermediate,intermediate,intermediate,growing,Linear Model,Intermediate,0.56945185,212
2259,188,0.425691219184798,0.17302395102042017,-2.8393674420246424,0.4400622635216806,0.4517838315801255,36.528279834030386,101.0432084,112.20038290000001,0.07482996116221458,0.9946812854981002,0,0,0.425691219184798,complex,complex,complex,growing,-,Complex,,188
2261,245,0.4962992318429616,0.14884682426302304,-2.2121282417822905,0.5156916014640065,0.5210314802414204,42.79138065327296,85.51295969721771,89.82622994024148,0.024145806977566447,0.748983122195362,1,1,0.5156916014640065,complex,complex,complex,growing,-,Complex,,245
2262,245,0.642093894893292,0.28789623541821496,-5.323356978713139,0.715505616597447,0.7199406705836257,93.19181108399988,29.587040802861956,93.18848283602703,3.7920664651443536e-14,7.03755203904278e-08,2,2,0.7199406705836257,intermediate,intermediate,intermediate,growing,Linear Model,Intermediate,0.642093895,245
2263,209,0.6331605810034184,0.1685196494884524,-3.111246211694772,0.750922860164454,0.7516832054435008,65.85112820182586,24.722407699968247,66.42360312302442,1.7257156674848285e-14,0.0669993076976317,1,1,0.750922860164454,intermediate,intermediate,intermediate,growing,Segmented Model (1 Bp),Intermediate,0.750922861,209
2264,189,0.5817132677561165,0.2347112555949626,-6.084907743916965,0.6929003775255396,0.6959298028937831,77.99265082527864,77.10807697846984,127.84203881334432,7.405732368930279e-12,0.015461220355010628,2,2,0.6959298028937831,intermediate,intermediate,intermediate,growing,Linear Model,Intermediate,0.581713268,189
2265,242,0.5863157298832328,0.2954304444607582,-5.914830787614374,0.7219600308568239,0.7248660055147139,105.77959939499999,104.2027274763562,105.69366087119305,2.5257026825118824e-16,0.22522040177995326,1,1,0.7219600308568239,intermediate,intermediate,intermediate,growing,Linear Model,Intermediate,0.58631573,242
2266,199,0.42217329471828124,0.2239245149192252,-3.5248126447856376,0.44889182712068054,0.4619274313384236,31.34646030622892,41.67505696036577,98.085189312,0.1755971469806872,0.07004464646671663,0,1,0.44889182712068054,complex,complex,complex,growing,-,Complex,,199
2267,259,0.5936174692953232,0.1701250470652516,-2.590921606169386,0.6349862949109024,0.6364286366775407,39.79804591459582,46.40297188632634,107.90576954,7.871525419612745e-05,0.34657114393542654,1,1,0.6349862949109024,intermediate,intermediate,intermediate,growing,Linear Model,Intermediate,0.593617469,259
2268,197,0.3950890449622873,0.09355864228141715,-1.230649338990061,0.41911839835449766,0.4293697446183352,31.77008538422196,44.705770881063614,46.958846352856305,0.00042735410783675056,0.022867822007495844,2,2,0.4293697446183352,complex,complex,complex,growing,-,Complex,,197
2269,267,0.41322453358243216,0.21121694808925046,-3.5530760418037417,0.46297001732137383,0.4638329065127632,53.155548941218676,52.92539553532692,89.76688012865044,3.4446089267713565e-06,0.45857613125670593,1,1,0.46297001732137383,complex,complex,complex,growing,-,Complex,,267
2270,228,0.5539059211489872,0.18621163035494948,-2.578078274065848,0.5767507826487828,0.6072307074214034,49.35957950681138,63.969447429387316,94.53941058752586,0.05864163108746541,0.0008128606788516665,0,2,0.6072307074214034,intermediate,intermediate,intermediate,growing,Linear Model,Intermediate,0.553905921,228
2271,230,0.608059648363749,0.27054274961564845,-5.128325415338135,0.64041336554473,0.6916308397810497,39.173622924429544,75.37655962876636,121.80108676499997,0.0267759286293635,0.011932438778737238,2,2,0.6916308397810497,intermediate,intermediate,intermediate,growing,Linear Model,Intermediate,0.608059648,230
2272,226,0.15816523191908985,0.013018930657946076,-0.06310987080636846,0.16006985771924503,0.16363138211779243,8.481902112203004,12.159996320658427,63.302350369540704,0.6889126676095252,0.5111696109959503,0,0,0.15816523191908985,complex,complex,complex,growing,-,Complex,,226
2273,238,0.6448967598011383,0.401483606683544,-8.733064091860372,0.675261608689932,0.676085072321335,45.56667459195227,47.93569743448487,137.147146075,0.0006582334472203738,0.5598849732647595,1,1,0.675261608689932,intermediate,intermediate,intermediate,growing,Linear Model,Intermediate,0.64489676,238
2274,51,0.6321011533164367,0.08909540511331236,-1.3871553379645682,0.8560611275253297,0.8565752521011759,49.46899419572916,8.959326373087041,48.94941882528231,8.991586521079053e-07,0.04364556768330355,2,2,0.8565752521011759,intermediate,intermediate,intermediate,growing,Segmented Model (1 Bp),Intermediate,0.856061128,51
2275,131,0.5575776400712804,0.12307596139571257,-2.356000556220474,0.634074713727345,0.6341586432348885,52.80290933547458,18.63116895756852,53.25158735655375,2.5714377595605592e-05,0.7223741095801897,1,1,0.634074713727345,intermediate,intermediate,intermediate,growing,Linear Model,Intermediate,0.55757764,131
2276,144,0.3572976376544126,0.12343822994355222,-3.607168796049241,0.653868297827149,0.6753388306949998,159.78964100999994,135.41702741215542,159.78964100999994,2.7792681610419652e-12,0.28686478368176044,1,1,0.653868297827149,complex,complex,complex,growing,-,Complex,,144
2277,225,0.561767361159028,0.12244595493101533,-3.4746930696544447,0.7058815476202587,0.706907133630106,95.00603905627631,98.98600438284502,113.13536042644374,1.2038694858912726e-14,0.406708513545324,1,1,0.7058815476202587,intermediate,intermediate,intermediate,growing,Linear Model,Intermediate,0.561767361,225
2278,111,0.37139690071116205,0.19706446026913388,-3.2895190646756425,0.898868799062076,0.9074266820319986,70.44740971,66.08893939,70.44740971,4.6820197174775695e-15,0.5954803689807482,1,1,0.898868799062076,intermediate,intermediate,intermediate,growing,Segmented Model (1 Bp),Intermediate,0.898868799,111
2279,149,0.18954700761977594,0.16615218259043885,-3.9578840059844604,0.7279257442070304,0.8513223041009617,108.28000199999995,99.87581906999999,108.28000199999995,1.0912045511295557e-13,0.04039722937550465,2,2,0.8513223041009617,intermediate,intermediate,intermediate,growing,Segmented Model (2 Bps),Intermediate,0.866953801,149
2280,40,0.5909302790219507,0.06585680741167865,-0.9647266924795626,0.6512082380898412,0.8822577912735771,28.269059573708063,30.130314732959718,72.4601978695827,0.3556679525363068,0.0008814552840643148,0,2,0.8822577912735771,intermediate,intermediate,intermediate,growing,Linear Model,Intermediate,0.590930279,40
2281,97,0.8916891137843094,0.7235234769259121,-12.576446851478313,0.9803473752758206,0.9803477174079333,81.96101791999972,4.509772428,81.96101791999972,9.966871916252198e-15,7.494784603456658e-08,2,2,0.9803477174079333,simple,simple,simple,growing,Linear Model,Simple,0.891689114,97
2282,90,0.2551479521830629,0.040192011072321523,-0.18153840621494544,0.27900823408612924,0.33534420170685264,47.89531861462244,33.10792261342074,41.18805840109243,0.48396116491839514,0.18635774704283858,0,0,0.2551479521830629,complex,complex,complex,growing,-,Complex,,90
2283,132,0.6650405387789922,0.13008786615625828,-1.026972630318527,0.6787705825390684,0.7740374317081925,46.7595756985514,85.42161755237554,115.71945993999984,0.516900806670318,0.009790912155517043,0,2,0.7740374317081925,intermediate,intermediate,intermediate,growing,Linear Model,Intermediate,0.665040539,132
2286,151,0.42289645928650244,0.14522557501122743,-3.228962145266771,0.44586010277408183,0.44907092341110916,47.54939787438255,53.5395129077295,108.73886147326618,0.19706587768554046,0.2028821777925425,0,1,0.44586010277408183,complex,complex,complex,growing,-,Complex,,151
2287,24,0.014240156449129786,-0.0023383015790643938,0.26145311171415836,0.12082385973724326,0.12278501466281665,8.646861615795949,9.143815787640833,28.128548137012288,0.4625845335460025,0.895291750421237,0,0,0.014240156449129786,complex,complex,complex,growing,-,Complex,,24
2288,22,0.007729528160799896,0.00024640227957110943,0.019079713869992233,0.22034968831778953,0.3075530842047489,31.286096123443276,31.31095931,36.51969621,0.0823555941182659,0.6647844836087957,0,0,0.007729528160799896,complex,complex,complex,growing,-,Complex,,22
2291,40,0.4408023593626253,0.05046630566160251,-1.2415531959439192,0.4790224431556366,0.5469207867414764,172.8286105155759,139.40575392100877,172.8233854430401,0.4881087357544921,0.04903480050350651,0,0,0.4408023593626253,complex,complex,complex,growing,-,Complex,,40
2292,630,0.5516372046535172,0.1207647472531083,-1.8693848154863681,0.6236765417636804,0.6248442820878789,57.58000953949369,58.226559184809865,81.95261023103764,6.791362721504501e-20,0.7600414087609898,1,1,0.6236765417636804,intermediate,intermediate,intermediate,growing,Linear Model,Intermediate,0.551637205,630
2293,686,0.4628422947483911,0.12477846467081387,-1.5525646461256426,0.4865940138591875,0.49084599719127364,39.619660532563785,59.890245043541526,79.0472157434877,2.4146910537560066e-05,0.03944735989872317,2,2,0.49084599719127364,complex,complex,complex,growing,-,Complex,,686
2294,236,0.3395984162741105,0.12885169219168918,-1.519793285908136,0.35686745219421734,0.3680118057095063,31.93739923618801,37.405105107844676,39.0972146834595,0.024402918855458484,0.9200238271026487,1,1,0.35686745219421734,complex,complex,complex,growing,-,Complex,,236
2295,660,0.5165634534159833,0.1255815784204432,-1.7563587610268758,0.5490486670041018,0.5499978973112238,43.94613561815831,41.256358718877145,41.59096981910971,3.242711484441314e-10,0.47617498720953144,1,1,0.5490486670041018,intermediate,intermediate,intermediate,growing,Linear Model,Intermediate,0.516563453,660
2296,579,0.6184702009129313,0.13203966457418165,-2.634260692801315,0.719181196306594,0.721141930191124,63.193410002479816,56.7826086008127,99.30403712205981,2.457423928488569e-28,0.909857577582004,1,1,0.719181196306594,intermediate,intermediate,intermediate,growing,Linear Model,Intermediate,0.618470201,579
2297,835,0.47054236622983486,0.14263521920647956,-3.158937757147516,0.5682517001997746,0.5748306508253942,92.95678196053947,40.39355762158048,94.9173970672382,6.233012735635363e-32,0.07269213650129852,1,1,0.5682517001997746,complex,complex,complex,growing,-,Complex,,835
2298,752,0.44797901439413307,0.1893462653403896,-3.4094535019201526,0.4908120133667496,0.4940768597358738,55.164077558096096,31.23181001221816,68.86462460303504,5.510668151147481e-16,0.0008235858761510092,2,2,0.4940768597358738,complex,complex,complex,growing,-,Complex,,752
2299,793,0.4851899741473506,0.17097831649131415,-3.0379042666561418,0.5165218707092019,0.5191192582609876,56.42288043647733,49.37213149702435,110.56105061764869,8.236664361318544e-12,0.07465203930680704,1,1,0.5165218707092019,complex,complex,complex,growing,-,Complex,,793
2300,594,0.47707977258789785,0.13098219595765034,-2.4249763465977563,0.5290723862373293,0.5306051953090707,43.02558870385689,41.34395709824734,90.04502227263515,9.104473993465138e-16,0.0011853490895585546,2,2,0.5306051953090707,complex,complex,complex,growing,-,Complex,,594
2301,489,0.6541720511875202,0.1536903652823029,-3.0298112306898703,0.7469521411078398,0.7501238670183205,83.5226865829469,36.13523958853243,86.0956381780538,1.4803655497913022e-25,0.4225986015548938,1,1,0.7469521411078398,intermediate,intermediate,intermediate,growing,Linear Model,Intermediate,0.654172051,489
2302,30,0.28317635597035157,0.009517789054131894,0.07844463057250875,0.3087657375259712,,35.68221865949998,,,0.5995150987372251,0.36221123781203834,0,0,0.28317635597035157,complex,complex,complex,growing,-,Complex,,30
2303,475,0.6852659259499926,0.1576793286545995,-2.754177066647017,0.7324994460782246,0.7429342031910684,70.33016338293365,88.21506363547847,115.15375781691705,2.1149718451602702e-13,0.38370277273612363,1,1,0.7324994460782246,intermediate,intermediate,intermediate,growing,Linear Model,Intermediate,0.685265926,475
2304,423,0.6692240303514287,0.13048186326217792,-2.372894771093485,0.7123529853887084,0.7188388779426396,76.00010621686005,84.85425296883848,117.08997369150599,1.2726091631103096e-11,0.8804506631801958,1,1,0.7123529853887084,intermediate,intermediate,intermediate,growing,Linear Model,Intermediate,0.66922403,423
2305,659,0.5602665138184908,0.1716903372734961,-3.9967947491467792,0.7552190744530466,0.7606422476250261,99.54592909700003,30.802024890966987,99.54592909700003,8.592161358912532e-56,5.910426010740514e-09,2,2,0.7606422476250261,intermediate,intermediate,intermediate,growing,Segmented Model (1 Bp),Intermediate,0.755219074,659
2306,564,0.5603963932932877,0.1903052926223575,-4.665491355182511,0.7795467252894673,0.7834143207998201,100.17989841300005,39.15603909647658,100.17989841300005,2.1387667844059644e-51,0.0003539008670613407,2,2,0.7834143207998201,intermediate,intermediate,intermediate,growing,Segmented Model (1 Bp),Intermediate,0.779546725,564
2307,637,0.573792636143508,0.09930568242210375,-2.090508360904606,0.6494155499972977,0.6517585987509871,86.55604798812752,27.570280871315106,87.85138031632434,4.218610591420465e-24,0.1258079788627981,1,1,0.6494155499972977,intermediate,intermediate,intermediate,growing,Linear Model,Intermediate,0.573792636,637
2308,489,0.53763542934033,0.25665690190955176,-6.826927102627143,0.7135058174335706,0.7214391056883309,122.85736713999994,41.45352668375805,122.85736713999994,1.6485754181420236e-36,2.6158349409415636e-05,2,2,0.7214391056883309,intermediate,intermediate,intermediate,growing,Linear Model,Intermediate,0.537635429,489
2309,489,0.6067309011483317,0.20371839784441811,-3.5084583360709902,0.7156633504899764,0.7195106975243832,66.06447724080815,31.994886134355546,72.32477113142778,5.152453249452743e-27,0.15036976183131576,1,1,0.7156633504899764,intermediate,intermediate,intermediate,growing,Linear Model,Intermediate,0.606730901,489
2310,565,0.6154925881840541,0.1665387166935516,-3.6503077467481138,0.6809266529405227,0.6818682908288074,55.4822525458181,27.59744878447393,63.31564799786737,4.2663848501285044e-16,0.759472558039247,1,1,0.6809266529405227,intermediate,intermediate,intermediate,growing,Linear Model,Intermediate,0.615492588,565
2311,392,0.6728802533359427,0.19958784381587508,-4.909867159338277,0.8174055156313428,0.8239866570708565,96.70322205586452,44.25220355914003,104.74540272626365,6.020781657799524e-33,0.007871579261277344,2,2,0.8239866570708565,intermediate,intermediate,intermediate,growing,Segmented Model (1 Bp),Intermediate,0.817405516,392
2312,469,0.5526026604121191,0.1603994782293454,-4.837599987312164,0.6775918395330517,0.6906526071145772,126.68821609999998,50.5818573796176,126.68821609999996,8.24985117649536e-31,7.651555999110009e-09,2,2,0.6906526071145772,intermediate,intermediate,intermediate,growing,Linear Model,Intermediate,0.55260266,469
2313,535,0.5229087103253302,0.21499757664638836,-4.473036059587613,0.7278301871587021,0.7302570188258278,90.99105657199996,31.159594173628932,90.99105657199996,2.2827127009182525e-43,0.000347648650352055,2,2,0.7302570188258278,intermediate,intermediate,intermediate,growing,Linear Model,Intermediate,0.52290871,535
2314,570,0.7615265747340799,0.08452977972220742,-0.7235995526069371,0.7704339968307894,0.7741389488430722,90.22151959938522,21.340364771128332,90.95407529287118,5.902454444460104e-06,0.3106680962066639,1,1,0.7704339968307894,simple,simple,simple,growing,Linear Model,Simple,0.761526575,570
2315,499,0.6974821568947864,0.12672075368287503,-2.1148468057294,0.8009356446985656,0.8076593386792116,89.06128323720971,43.49521125170718,92.96104300259547,2.6862303453853156e-34,0.00012116317989389053,2,2,0.8076593386792116,intermediate,intermediate,intermediate,growing,Segmented Model (1 Bp),Intermediate,0.800935645,499
2316,496,0.47768727275610673,0.2247430295282326,-4.493136276130571,0.5591967071175535,0.5615561721030421,63.97091600941332,32.77230935234692,66.01452471843524,2.1837559597920556e-19,0.00018374014845594589,2,2,0.5615561721030421,complex,complex,complex,growing,-,Complex,,496
2317,388,0.5574604517942361,0.16850633359176886,-2.818677971513453,0.6175938132830984,0.6281986396089738,43.50313969169427,58.62898742068551,80.72269903381165,7.941378787167616e-08,0.008811898925789347,2,2,0.6281986396089738,intermediate,intermediate,intermediate,growing,Linear Model,Intermediate,0.557460452,388
2318,652,0.5767569794524722,0.26114607041519244,-5.0744365234066136,0.6455554748617948,0.6551674025190983,50.291632883571545,37.45199609173278,92.35351450099999,8.444503067728e-26,2.6646973987931776e-05,2,2,0.6551674025190983,intermediate,intermediate,intermediate,growing,Linear Model,Intermediate,0.576756979,652
2319,547,0.5311356660460619,0.20717387504982257,-5.37227951974618,0.6232931649086282,0.6263849660956656,66.16573986329605,47.62112373628255,84.09741138383781,1.9680861407225208e-15,2.8817314447830976e-06,2,2,0.6263849660956656,intermediate,intermediate,intermediate,growing,Linear Model,Intermediate,0.531135666,547
2320,218,0.42271617339119993,0.18442078338321294,-3.1096529712634693,0.5950394793939796,0.5981149235910994,52.47775097147764,30.86147818064493,56.703014599836266,4.5590749515187e-13,0.9960180614143024,1,1,0.5950394793939796,complex,complex,complex,growing,-,Complex,,218
2321,509,0.5302771945869734,0.18404171263383956,-4.515019896612745,0.7058026241326576,0.7077458865372707,81.40153163561808,35.971535023959056,83.0687612620138,6.916107295867626e-34,0.9275441029827174,1,1,0.7058026241326576,intermediate,intermediate,intermediate,growing,Linear Model,Intermediate,0.530277195,509
2322,426,0.43277545070149753,0.19434890780449648,-2.5907790778160655,0.48039839309278115,0.4834697422317919,58.1805230119602,19.808302682834878,59.11375173201731,3.4391177119679114e-07,0.05068833146376187,1,1,0.48039839309278115,complex,complex,complex,growing,-,Complex,,426
2323,498,0.4022613061810597,0.23494967506132122,-4.033251982420293,0.5185569510348992,0.52064686203526,58.827230511208704,57.19923932636113,74.29301838299997,6.184557450620866e-23,0.00022843426008178512,2,2,0.52064686203526,complex,complex,complex,growing,-,Complex,,498
2324,291,0.4948563050764909,0.22754947720109972,-3.290310619349892,0.5189248746770027,0.5815062957127244,33.220020411488875,65.17001754367497,68.65516643000001,0.2850332046457621,0.00229964169540276,0,2,0.5815062957127244,complex,complex,complex,growing,-,Complex,,291
2325,461,0.49446419476719916,0.16584824921615718,-3.1928928108319576,0.6437804598845132,0.6509607002749686,85.71516864932862,35.14161595595655,88.34718018923718,3.458698691187421e-27,0.01902704445652643,2,2,0.6509607002749686,complex,complex,complex,growing,-,Complex,,461
2326,428,0.5215280531960158,0.16482005589361498,-4.08691495687866,0.6011582677026369,0.6171925465202089,64.6507915912957,93.6900640981983,99.8081266649689,6.522262760801021e-06,8.84898080732078e-15,2,2,0.6171925465202089,intermediate,intermediate,intermediate,growing,Linear Model,Intermediate,0.521528053,428
2327,504,0.4587895003496035,0.12515221895644824,-2.6739643693985418,0.5669461720122622,0.6069553044824828,70.56745729503612,89.03258453515426,92.19729262126845,3.696030001743645e-16,4.8607442920904215e-05,2,2,0.6069553044824828,complex,complex,complex,growing,-,Complex,,504
2328,407,0.5459501856878577,0.32430731720975325,-5.31729921169512,0.6915971967813682,0.6949002563160886,54.65030887125894,26.37251185029847,57.7199734891557,8.704886816031833e-26,0.21236041048758605,1,1,0.6915971967813682,intermediate,intermediate,intermediate,growing,Linear Model,Intermediate,0.545950186,407
2329,501,0.514398073792594,0.25294285752856116,-4.456526225409728,0.5742495833641806,0.5749438553118154,47.61512977502031,19.81184375001091,55.307712412943516,6.730484352188077e-13,0.6830589616626299,1,1,0.5742495833641806,intermediate,intermediate,intermediate,growing,Linear Model,Intermediate,0.514398074,501
2330,344,0.48840741130156967,0.22125588153700293,-3.0330610851556665,0.5439148871919203,0.5702509830246779,52.97269568602391,63.361329905197074,65.72232826390622,8.394959120414925e-08,0.29889631598340033,1,1,0.5439148871919203,complex,complex,complex,growing,-,Complex,,344
2331,382,0.4890405157019973,0.200285558092214,-3.213627854983759,0.7427283921423307,0.7488455394207488,54.592956123312035,50.20531262499921,64.51264916646176,1.766166161382846e-32,0.4367898122616346,1,1,0.7427283921423307,complex,complex,complex,growing,-,Complex,,382
2332,113,0.4052277193023037,0.20061353123703674,-2.174800026424629,0.4827627846358173,0.5647644664777689,74.197840182,53.286503794260014,59.32706201814934,0.5503152987545914,0.0027683981949217715,0,2,0.5647644664777689,complex,complex,complex,growing,-,Complex,,113
2333,524,0.3246463459812656,0.12726018807986614,-1.59917675064256,0.3542876476532785,0.35710773578325083,30.623980771110322,22.676149847823655,50.81905558876202,8.987542744558617e-06,0.685270512470739,1,1,0.3542876476532785,complex,complex,complex,growing,-,Complex,,524
2334,370,0.5445212263185399,0.1738359688843206,-2.774658370938597,0.7566857605383972,0.7579237758096792,54.862561093868486,19.537289575026527,57.861507719630076,3.2499721644693287e-32,0.009667486303609522,2,2,0.7579237758096792,intermediate,intermediate,intermediate,growing,Segmented Model (1 Bp),Intermediate,0.756685761,370
2335,256,0.41762155979801335,0.21880494619065363,-3.1724974937349,0.4991891861490813,0.5013402322146424,38.528462407349735,29.81244309874797,48.92941296553629,7.45153450699426e-09,0.27606465187350215,1,1,0.4991891861490813,complex,complex,complex,growing,-,Complex,,256
2336,351,0.4767102622369148,0.18316005769798732,-2.5586044472049796,0.518329339608315,0.5407644069487803,31.5608281104457,46.87033259271101,67.91450947999999,0.0036255084441576234,0.0007917661052313738,2,2,0.5407644069487803,complex,complex,complex,growing,-,Complex,,351
2337,202,0.41678229148114226,0.14213217731232533,-2.0213690767933845,0.6099566604991938,0.6124714809328533,42.57093390440252,39.9517626953821,49.7468450427965,1.7615055932997746e-12,0.5054235809853296,1,1,0.6099566604991938,complex,complex,complex,growing,-,Complex,,202
2338,251,0.40830154442490213,0.04728742179988226,-0.722980253441172,0.47430084682779244,0.4791138873841098,47.041209654197566,23.07795872018298,47.54376800516564,2.460113009318757e-07,0.21807907077336844,1,1,0.47430084682779244,complex,complex,complex,growing,-,Complex,,251
2339,554,0.28266549091609056,0.10786992676070291,-1.2598351370778258,0.3112279938379384,0.3186136652234903,29.88863636832451,39.47489856795467,61.72087503537985,0.0003904267445534763,0.04715462203886185,2,2,0.3186136652234903,complex,complex,complex,growing,-,Complex,,554
2340,623,0.6454936201478213,0.15683485226258762,-2.811187385752665,0.696029629259314,0.6976888696665053,58.105518427637136,47.89951353321251,82.78751325094802,3.8337076897883327e-17,0.7404723127914594,1,1,0.696029629259314,intermediate,intermediate,intermediate,growing,Linear Model,Intermediate,0.64549362,623
2341,553,0.4443150766795051,0.19993689691272176,-4.427655237511185,0.5366632003204317,0.5448381564706505,98.49317974335835,46.50792974873496,100.01373211399991,1.6457543324886281e-21,0.0024557176343636172,2,2,0.5448381564706505,complex,complex,complex,growing,-,Complex,,553
2342,432,0.46701856748086595,0.2070163911406449,-3.5834904867003203,0.6059238760824528,0.6092115956963369,63.10170227260979,34.364285295255726,66.80973340008853,4.070445389731437e-24,0.007232146257609493,2,2,0.6092115956963369,complex,complex,complex,growing,-,Complex,,432
2343,630,0.5138394463416682,0.11426547004529719,-2.0447368048519414,0.5706875103327357,0.5741757846283635,52.003539220174446,65.81414364060132,75.80726323466828,5.73187198402311e-16,0.2083245527817573,1,1,0.5706875103327357,intermediate,intermediate,intermediate,growing,Linear Model,Intermediate,0.513839446,630
2344,471,0.5133682892258192,0.14045316751119336,-2.8594426216204125,0.8235625401136112,0.8321951527385588,79.255049795,75.2865073406887,79.22985313103068,2.4383738029517755e-53,2.6867161445682833e-08,2,2,0.8321951527385588,intermediate,intermediate,intermediate,growing,Segmented Model (1 Bp),Intermediate,0.82356254,471
2345,355,0.5282664608323312,0.220981692123479,-4.703606509099327,0.886841916501485,0.8897915343166712,80.470706386,73.03257628776288,80.43703620963585,6.00294681285486e-49,1.032516919081823e-25,2,2,0.8897915343166712,intermediate,intermediate,intermediate,growing,Segmented Model (1 Bp),Intermediate,0.886841916,355
2346,237,0.4299301909575256,0.1470203597434236,-2.939490994555216,0.8654382912436536,0.8668805095824986,68.736957864,63.15473618529127,68.71035418096142,9.374799711709685e-32,2.1416727291951632e-08,2,2,0.8668805095824986,intermediate,intermediate,intermediate,growing,Segmented Model (1 Bp),Intermediate,0.865438291,237
2347,484,0.46107477506977235,0.17508810419178178,-2.8099749854153924,0.5542680208693281,0.5558071043248471,66.82726582537003,39.29766775539404,70.86873431131018,6.0246988731043945e-15,0.011306060004354789,2,2,0.5558071043248471,complex,complex,complex,growing,-,Complex,,484
2348,326,0.4651182509179805,0.18740025280626174,-2.473140462425897,0.49847031311407536,0.5056641771228367,41.938351833213616,58.033183118798675,59.57476561744386,0.00020093862366734623,0.7415078981768937,1,1,0.49847031311407536,complex,complex,complex,growing,-,Complex,,326
2349,403,0.4670656345177909,0.19207954676727043,-3.1305416645274304,0.5936546708045596,0.594970368486139,63.96695284662667,43.09979888309795,64.76003379383735,1.5131397621696826e-18,0.698451597724774,1,1,0.5936546708045596,complex,complex,complex,growing,-,Complex,,403
2350,498,0.3371121213249537,0.11915347397381498,-1.5712454347348055,0.3690456208491742,0.3878314781505947,29.388896067804794,48.99551933390149,63.94239465199999,0.013765312968315995,0.0003061797089993803,2,2,0.3878314781505947,complex,complex,complex,growing,-,Complex,,498
2351,100,0.5796451540426131,0.3227112761944927,-4.71796492554698,0.6774027431680487,0.6910188388995947,40.7698403483155,32.70322618150155,35.57532764181913,1.9634859299082843e-05,0.7519556140124615,1,1,0.6774027431680487,intermediate,intermediate,intermediate,growing,Linear Model,Intermediate,0.579645154,100
2352,231,0.34357255425232036,0.1234444663228066,-1.3263086608712884,0.3556074297527279,0.36339513028629367,21.401438551949344,31.601522101544848,54.53281990999999,0.3238688391095196,0.19671505648830698,0,1,0.3556074297527279,complex,complex,complex,growing,-,Complex,,231
2353,195,0.4267842062130496,0.1334742114435213,-2.0218511304578746,0.4582159745202742,0.4643159904974522,69.06565571399992,21.77076893009295,69.06449730050227,0.0011761333554452969,0.5488763591158748,1,1,0.4582159745202742,complex,complex,complex,growing,-,Complex,,195
2354,242,0.3384650663493313,0.14832062278118222,-2.2434640048251224,0.3636675932697263,0.4041427111313416,27.847137941544823,40.02139668126547,66.73671279349999,0.7031030085721846,0.0019379421986848529,0,2,0.4041427111313416,complex,complex,complex,growing,-,Complex,,242
2355,345,0.44726377099690995,0.19118168266733013,-3.0570688686702234,0.5248642655886302,0.5351590896202282,56.46317503018378,65.01369944720183,75.6532197810252,1.4001231968767008e-10,0.7951837805437262,1,1,0.5248642655886302,complex,complex,complex,growing,-,Complex,,345
2356,357,0.39981568168065634,0.1328987427068545,-1.9914327524067876,0.4723768940045666,0.4755877353715185,80.834630866,20.888325394723363,80.834630866,5.591620256567459e-12,0.002431125936862639,2,2,0.4755877353715185,complex,complex,complex,growing,-,Complex,,357
2357,439,0.31522624430117024,0.1624744101440116,-2.9849628373347317,0.4052549420618334,0.40568658353288745,69.25835449430389,19.65836917106125,70.0094003350456,1.136043385260671e-13,0.11878313514979395,1,1,0.4052549420618334,complex,complex,complex,growing,-,Complex,,439
2358,123,0.6324417882957113,0.16423375287577677,-4.392021315399987,0.7704092316215134,0.7706066242343227,54.85354047802662,56.62359987999999,58.07415169,7.702115577009136e-07,0.09960840800929868,1,1,0.7704092316215134,intermediate,intermediate,intermediate,growing,Segmented Model (1 Bp),Intermediate,0.770409231,123
2359,392,0.43057289422314377,0.16427234006659,-3.789052442993017,0.5038087523611902,0.5553312264792174,54.03702831061986,71.76971910388,96.65177396449998,2.0175707616723244e-06,1.5581759413683994e-06,2,2,0.5553312264792174,complex,complex,complex,growing,-,Complex,,392
2360,285,0.4064302563778105,0.1598303219322069,-3.4162770001200014,0.5552693478484173,0.5562654069828794,58.0960388342241,51.684627336291435,66.29521514630082,1.3576214724356025e-11,5.987903073228006e-05,2,2,0.5562654069828794,complex,complex,complex,growing,-,Complex,,285
2361,220,0.6791056995447449,0.32072373928250225,-6.6303172371454835,0.9252361786080888,0.9259177729629321,63.88535498549999,23.280438382020478,63.88535498549999,1.8644346280587196e-28,0.022988869101105345,2,2,0.9259177729629321,intermediate,intermediate,intermediate,growing,Segmented Model (1 Bp),Intermediate,0.925236179,220
2362,449,0.6783029939273795,0.25857959121201834,-6.438141355008527,0.9194854335526981,0.9204902051927365,84.35479780599997,70.55372085650589,84.35479780599997,3.081251354386317e-61,1.0799763304407614e-32,2,2,0.9204902051927365,intermediate,intermediate,intermediate,growing,Segmented Model (1 Bp),Intermediate,0.919485434,449
2363,164,0.3171052813630986,0.15738840146102293,-2.8507086068327774,0.6595540644523973,0.6780369909458747,48.6157342605,43.20113584723532,48.5926781945111,2.1957859519551436e-18,2.0332126548759306e-09,2,2,0.6780369909458747,complex,complex,complex,growing,-,Complex,,164
2364,327,0.6016493658432722,0.21845908681917123,-4.693325584981701,0.8115245359607345,0.8142276783123079,75.4961833131433,42.93987107129972,75.53972486334871,9.714653317527526e-34,5.545218652069094e-08,2,2,0.8142276783123079,intermediate,intermediate,intermediate,growing,Segmented Model (1 Bp),Intermediate,0.810189816,327
2367,191,0.280321142238708,0.08842914326863177,-0.3857623542273588,0.30232112791260324,0.32094598960316073,84.42926263000001,34.57714932806524,43.3986855359203,0.002589860952101841,0.002402889153423515,2,2,0.32094598960316073,complex,complex,complex,growing,-,Complex,,191
2368,61,0.7809459555654651,0.37074642124550233,-5.455119673557109,0.8089028441264776,0.8089050614687926,33.358784162038155,7.519405027837143,33.41489326204058,0.6736576508895158,0.0003709146745806876,0,2,0.8089050614687926,simple,simple,simple,growing,Linear Model,Simple,0.780945955,61
2369,129,0.46010269637107665,0.13612063363109986,-2.9517295377886406,0.7301252496921428,0.7310014676767101,92.25551610599999,67.23204950221518,92.25551610599999,9.803319800003046e-13,0.14773121571869752,1,1,0.7301252496921428,complex,complex,complex,growing,-,Complex,,129
2370,66,0.4249301532189326,0.24886499192083522,-5.3268429667085675,0.7599123260274884,0.8219008109773888,122.36896430000002,83.67802059758388,122.36297162205864,2.9558896638274985e-06,0.03535916542204438,2,2,0.8219008109773888,intermediate,intermediate,intermediate,growing,Segmented Model (1 Bp),Intermediate,0.759912326,66
2371,206,0.6164965236660658,0.2720574961707524,-6.529816287849494,0.9175069546780595,0.9197116099574044,103.4615114,94.39965386686724,103.42869357976143,1.4247192612063472e-28,5.9424214982327e-10,2,2,0.9197116099574044,intermediate,intermediate,intermediate,growing,Segmented Model (1 Bp),Intermediate,0.917506955,206
2372,246,0.8423926994788149,0.34060296293869885,-7.474393051587187,0.8999189810647595,0.9018821360934806,67.85770723932619,45.39051015740857,107.9490025818656,1.5644687976396864e-14,0.05760688017888741,1,1,0.8999189810647595,simple,simple,simple,growing,Linear Model,Simple,0.8423927,246
2373,331,0.5166458309204922,0.29367111743165897,-5.28779796388169,0.6200293964509284,0.6202170579513315,89.88280223171911,26.70665965438148,91.35852003573098,3.6838820699036504e-12,0.0056366256039786945,2,2,0.6202170579513315,intermediate,intermediate,intermediate,growing,Linear Model,Intermediate,0.516645831,331
2374,298,0.6181704960910986,0.3346542819564768,-3.9786129472429654,0.6279070448152226,0.6761392309499091,63.48592936069676,133.4586047270139,138.3211077857055,0.43415170892285226,2.9170087208654027e-08,0,2,0.6761392309499091,intermediate,intermediate,intermediate,growing,Linear Model,Intermediate,0.618170496,298
2375,275,0.38602797345905504,0.17174094028901435,-5.054256286441474,0.4634132957429566,0.4647825525534972,160.0381071808292,50.58486130232526,166.95811135506634,1.6334336019899646e-07,0.3995655674369649,1,1,0.4634132957429566,complex,complex,complex,growing,-,Complex,,275
2376,327,0.7290109956312916,0.2526060602486457,-10.131369882847013,0.858254058726656,0.8604970376788845,179.3025249101899,84.49985960588668,195.3709294289811,2.6821406887424125e-26,0.0858842847002441,1,1,0.858254058726656,intermediate,intermediate,intermediate,growing,Segmented Model (1 Bp),Intermediate,0.858254059,327
2377,354,0.6866880263298328,0.32286476806256964,-6.4899713045119,0.7574590763446406,0.7609199592590516,80.71471056971649,42.068481963458545,122.957178009745,1.3398662419623332e-16,0.0139090976615542,2,2,0.7609199592590516,intermediate,intermediate,intermediate,growing,Segmented Model (1 Bp),Intermediate,0.757459076,354
2378,231,0.15003099482108223,0.05648000549237022,-0.3773052082100211,0.15129497166069455,0.15776903567642606,12.36572569856366,19.06743539634847,43.04579001292201,0.7315658496901184,0.9871703025824416,0,0,0.15003099482108223,complex,complex,complex,growing,-,Complex,,231
2379,355,0.3251671754143603,0.16025713195371602,-2.310509460409559,0.4174905788957115,,60.300369448605046,,,1.0237692990470616e-08,0.013109094170500794,1,0,0.3251671754143603,complex,complex,complex,growing,-,Complex,,355
2380,312,0.5287592965338698,0.30669320426871266,-5.850074159707676,0.8479877769997687,0.8604370627570712,72.9827915009999,67.52453282405378,72.9827915009999,6.812055314156373e-45,1.7856095387689164e-41,2,2,0.8604370627570712,intermediate,intermediate,intermediate,growing,Segmented Model (1 Bp),Intermediate,0.847987777,312
2381,309,0.17613932884910322,0.14897167894659857,-2.1113596757890196,0.2354157138332341,0.2371540698586282,54.40075898987923,57.45434745664059,60.50015460616067,3.6397583442218375e-06,0.44078964456156555,1,1,0.2354157138332341,complex,complex,complex,growing,-,Complex,,309
2382,288,0.5076805104234964,0.2735524455386164,-4.42658061348087,0.7537021855317414,0.7543135610791843,69.56336701349998,46.596621638661,69.56336701349998,6.217058646890687e-35,3.500870226744384e-30,2,2,0.7543135610791843,intermediate,intermediate,intermediate,growing,Segmented Model (1 Bp),Intermediate,0.753702186,288
2383,214,0.4446305585151015,0.2040850516862973,-3.5207116866725254,0.7366944608204745,0.7412027908221924,83.32929438400001,30.103301571967343,83.3289042662333,4.558896233721327e-23,1.679831154174656e-07,2,2,0.7412027908221924,complex,complex,complex,growing,-,Complex,,214
2384,313,0.8340615547343985,0.5626588794992529,-16.18480936034068,0.9363173744855184,0.9364027358863677,118.50009663999998,19.93330946826803,118.50009663999997,1.2880804918448768e-29,0.0987439327713832,1,1,0.9363173744855184,simple,simple,simple,growing,Linear Model,Simple,0.834061555,313
2385,172,0.6914462351622439,0.22243061509516907,-6.262118170103771,0.7984458748517358,0.8029252110821006,180.4445718188719,58.69809446758027,180.44418609148897,1.4228410650910683e-13,0.00362465379131266,2,2,0.8029252110821006,intermediate,intermediate,intermediate,growing,Segmented Model (1 Bp),Intermediate,0.780801056,172
2386,190,0.5360830234112219,0.4001188054284553,-9.999847547478101,0.6853640137120163,0.688848481792465,134.9897891999999,34.96050179240573,134.9897891999999,1.4177399054833022e-11,0.39573310684587404,1,1,0.6853640137120163,intermediate,intermediate,intermediate,growing,Linear Model,Intermediate,0.536083023,190
2387,194,0.5859956082135516,0.26036548780487034,-8.298191464656842,0.7023030356814389,0.7070583582622678,95.37251622142196,107.50652613332947,126.48598836609025,1.904529352967773e-09,0.26608785328319945,1,1,0.7023030356814389,intermediate,intermediate,intermediate,growing,Linear Model,Intermediate,0.585995608,194
2388,226,0.5273159362566195,0.18144405801350932,-3.7848939968912543,0.7236677352668373,0.7237325611614859,67.16815021989808,11.472221570535973,67.44969652438942,1.74290835173385e-15,0.13966917686292477,1,1,0.7236677352668373,intermediate,intermediate,intermediate,growing,Linear Model,Intermediate,0.527315936,226
2389,203,0.3712969305398211,0.1406372485281636,-2.7178942617148647,0.40652618381003275,0.41156358429725654,39.27592553605349,43.94412616582815,75.00217824448623,0.003533485816134322,0.9246143302717806,1,1,0.40652618381003275,complex,complex,complex,growing,-,Complex,,203
2390,114,0.22167714408478711,0.10020670432416999,-1.9470490909475826,0.2857298580570393,0.2857510738446132,62.64946151514502,11.496306744356843,62.83595006739593,0.007727234837181448,0.2676300355356402,1,1,0.2857298580570393,complex,complex,complex,growing,-,Complex,,114
2391,227,0.4006527428156102,0.11169177592347118,-2.9392346721483062,0.7138964956710832,0.720124703721805,105.48600288999997,71.94841342811064,105.48254003272365,8.092496212134233e-23,0.0009611382774915137,2,2,0.720124703721805,complex,complex,complex,growing,-,Complex,,227
2392,291,0.34223886505615686,0.1576569649775152,-3.79420501056868,0.6271273042926955,0.6304956817825214,90.67789131,82.33462842808488,90.6412028299761,2.3230964224631308e-29,7.957621915252088e-16,2,2,0.6304956817825214,complex,complex,complex,growing,-,Complex,,291
2393,168,0.3479541069494705,0.1693779837834657,-3.363709041726779,0.44607847159135144,0.44729489663980315,60.05614254053895,39.38341285955431,63.731714927343,4.843538921081784e-05,0.010855873709916525,2,2,0.44729489663980315,complex,complex,complex,growing,-,Complex,,168
2394,229,0.5116872188235935,0.27503874563983366,-6.238704363322736,0.6934480664871704,0.6946471767088759,99.52479945199994,88.98685083903509,98.17587300484288,8.84981822185201e-18,0.028583350211397133,2,2,0.6946471767088759,intermediate,intermediate,intermediate,growing,Linear Model,Intermediate,0.511687219,229
2395,168,0.2961273645892696,0.12761808071975225,-2.659952466726148,0.6932091374169321,0.6955962867979122,66.23076720050001,17.695082176426794,66.23046422322828,2.5794237384684518e-20,7.663306944450943e-11,2,2,0.6955962867979122,complex,complex,complex,growing,-,Complex,,168
2396,224,0.7099249696185883,0.427399006634094,-12.091473315980636,0.8715169043237134,0.8716372621593828,84.63265828093846,22.440521431057526,85.22987698267926,3.868993470296183e-15,5.981761053853645e-12,2,2,0.8716372621593828,intermediate,intermediate,intermediate,growing,Segmented Model (1 Bp),Intermediate,0.871516904,224
2397,213,0.47979592886068273,0.1748817013896003,-3.4568436207941637,0.8153461069894105,,74.97789616599995,,,3.144463548947891e-26,1.2394273213434306e-08,1,0,0.47979592886068273,intermediate,complex,intermediate,growing,Segmented Model (1 Bp),Intermediate,0.815346107,213
2398,192,0.745502945925688,0.39943439253594165,-8.59411988512041,0.8710500467387337,0.8721146377157721,97.60605261299992,28.471592140718684,97.59896746705994,1.27970752167312e-20,2.6540538458595815e-08,2,2,0.8721146377157721,intermediate,intermediate,intermediate,growing,Segmented Model (1 Bp),Intermediate,0.86982565,192
2399,425,0.6872999119424937,0.4081115603861971,-11.295939635828674,0.7925016758029974,0.7930333739184839,86.3613629210974,42.33603198730667,90.70598503117564,2.857727285123439e-24,0.5350569633659819,1,1,0.7925016758029974,intermediate,intermediate,intermediate,growing,Segmented Model (1 Bp),Intermediate,0.792501676,425
2400,453,0.6991844281257066,0.34611187767414153,-8.276146268463243,0.8771014671753169,0.8772822063226007,99.50612321999985,19.68408382672632,99.50612321999985,6.792058168999003e-46,0.023057995168263158,2,2,0.8772822063226007,intermediate,intermediate,intermediate,growing,Segmented Model (1 Bp),Intermediate,0.877101467,453
2401,348,0.4397048744194984,0.1826195090643738,-3.64712972327328,0.555838513038849,0.5664137679935701,64.85836574111036,72.20137572180643,93.80094025149997,1.3157164224227731e-12,0.0002327798858340465,2,2,0.5664137679935701,complex,complex,complex,growing,-,Complex,,348
2402,366,0.3548862681404122,0.16616757777583233,-2.96260255413908,0.4054126152447458,0.40682963744991574,53.857637444300195,41.749835558589794,70.87465099900352,2.2446432623434067e-05,0.031759840481683864,2,2,0.40682963744991574,complex,complex,complex,growing,-,Complex,,366
2403,501,0.595427026906952,0.36129847856078173,-8.494869359142687,0.8199540908630826,0.8213454863383708,90.20422899,69.73650969242642,90.20422899,1.6327583561575675e-55,9.143702950340027e-21,2,2,0.8213454863383708,intermediate,intermediate,intermediate,growing,Segmented Model (1 Bp),Intermediate,0.819954091,501
2404,372,0.7409040948669823,0.31531157210303257,-7.671200303347844,0.8651586911808683,0.8666891917979122,110.953190470779,40.66305899992213,111.59266124499999,1.3853923779038977e-31,0.5739498247426165,1,1,0.8651586911808683,intermediate,intermediate,intermediate,growing,Segmented Model (1 Bp),Intermediate,0.865158691,372
2405,422,0.6659274476517272,0.47234136025088896,-11.997202621237486,0.8961950427292039,0.8972952254601386,116.1329623,59.880591915812374,115.55882035610766,6.203999188545534e-52,1.3996279438226336e-15,2,2,0.8972952254601386,intermediate,intermediate,intermediate,growing,Segmented Model (1 Bp),Intermediate,0.896195043,422
2406,378,0.844147438372564,0.4421403882626321,-13.210241078362914,0.9154727107109747,0.9157671243025413,87.37311269437824,31.69425361029134,89.3315810920621,8.287353742152386e-19,0.0002299209745902622,2,2,0.9157671243025413,simple,simple,simple,growing,Linear Model,Simple,0.844147438,378
2407,530,0.6394126552363334,0.38229785527299215,-10.661706924879473,0.8300522645003439,0.8316604578245698,126.07200537250944,47.68572637513831,130.0916129449287,4.687960022115997e-50,1.1214463020019342e-05,2,2,0.8316604578245698,intermediate,intermediate,intermediate,growing,Segmented Model (1 Bp),Intermediate,0.830052265,530
2408,393,0.7225109148965138,0.4728577356798319,-15.397128244351954,0.8944703010108731,0.8965636870290353,144.15219733999973,51.47553321005336,144.15008726614062,3.870004129765229e-40,0.1184035226805907,1,1,0.8944703010108731,intermediate,intermediate,intermediate,growing,Segmented Model (1 Bp),Intermediate,0.894470301,393
2409,490,0.5414674874130082,0.19797600165550255,-3.6003340968077113,0.706439342500702,0.71569099597545,80.7827297171748,33.534509240412724,85.98595637199995,1.5602109661546265e-34,4.066512389214376e-05,2,2,0.71569099597545,intermediate,intermediate,intermediate,growing,Linear Model,Intermediate,0.541467487,490
2410,232,0.48834316604208466,0.1237814695627796,-2.0461035234559044,0.6164196447215424,0.6183832523140074,45.79741871403485,42.099986170348565,57.76906260397276,7.0163979185546445e-12,0.887955108816673,1,1,0.6164196447215424,complex,complex,complex,growing,-,Complex,,232
2411,272,0.5648647985302145,0.21292205896775807,-3.803335306046643,0.7003424995497605,0.7132267137804947,70.88974332849932,45.642952647904025,92.37654217521386,1.2036259173869143e-19,1.713133461994479e-05,2,2,0.7132267137804947,intermediate,intermediate,intermediate,growing,Linear Model,Intermediate,0.564864798,272
2412,305,0.26670592680818045,0.10284327366216735,-1.1623210997475186,0.2797577446425214,0.2934943096330147,26.999130873785536,35.66418336273885,66.54808014000001,0.5852188707281508,0.009855814596096862,0,2,0.2934943096330147,complex,complex,complex,growing,-,Complex,,305
2413,373,0.27473602599912,0.05264054868825332,-0.5362547232314375,0.2935390579379401,0.29368016484438164,51.69066959930481,14.55709756869517,51.691152831786596,0.05153084322133816,0.0003549759874813666,0,2,0.29368016484438164,complex,complex,complex,growing,-,Complex,,373
2414,350,0.447816606188528,0.199215032135284,-3.8450693641898854,0.7718213830050856,0.8063886380289221,72.1636899225,71.07687029,72.1636899225,8.328947554828837e-45,1.815678147820304e-33,2,2,0.8063886380289221,intermediate,intermediate,intermediate,growing,Segmented Model (1 Bp),Intermediate,0.771821383,350
2415,418,0.5299168790576275,0.26718012508470534,-4.115960225831503,0.7289134114720818,0.7290468115253851,54.91991124199999,15.420506127911192,54.91991124199999,3.3151641580978234e-39,8.418690581289652e-17,2,2,0.7290468115253851,intermediate,intermediate,intermediate,growing,Linear Model,Intermediate,0.529916879,418
2416,285,0.31213954944689337,0.10080171717796058,-1.0132283315564985,0.3245461732697221,0.3782841583439576,47.79862288263477,61.426186359999996,62.452059590000005,0.0931448956854269,0.13855861872014524,0,0,0.31213954944689337,complex,complex,complex,growing,-,Complex,,285
2417,566,0.5812758476166021,0.30676782655240525,-5.855895065429527,0.7881092642000406,0.7891921873932288,72.89654025716936,25.37975555605997,74.54010073839103,6.366021292607211e-54,1.0002319681581515e-09,2,2,0.7891921873932288,intermediate,intermediate,intermediate,growing,Segmented Model (1 Bp),Intermediate,0.788295639,566
2418,640,0.39118418663887017,0.19192161431750918,-3.1131866492625195,0.4215749441299012,0.4217322006035455,47.90677155971551,15.585733991485036,48.60395057599114,1.7478655565116282e-05,0.07574977275115446,1,1,0.4215749441299012,complex,complex,complex,growing,-,Complex,,640
2419,311,0.3507898839720864,0.09683830953012165,-2.040274464512233,0.5805581694608454,0.5848664377106894,70.30754919,37.81946429556106,70.30754919,9.271047344090345e-26,3.9996475180688924e-10,2,2,0.5848664377106894,complex,complex,complex,growing,-,Complex,,311
2420,443,0.6737699574573384,0.5660337896301807,-12.420321076490929,0.8301350115438614,0.8366100985542475,110.96601208999995,46.43496633245825,110.96601122507262,4.923852088422456e-41,1.933646421240139e-06,2,2,0.8366100985542475,intermediate,intermediate,intermediate,growing,Segmented Model (1 Bp),Intermediate,0.828289022,443
2421,367,0.6820059712204337,0.3557934034731918,-7.832515887680457,0.8038040095476949,0.8070812699418403,82.21071184468805,61.378938923178396,105.43694091078422,1.9478821765356033e-22,0.615995306299237,1,1,0.8038040095476949,intermediate,intermediate,intermediate,growing,Segmented Model (1 Bp),Intermediate,0.80380401,367
2422,266,0.7103366973656149,0.3362178616425555,-7.463883328151008,0.8438667834459381,0.8442919959705459,116.79731486311869,80.59945852300594,125.81599217902433,1.1601433282131967e-21,0.7479140847772241,1,1,0.8438667834459381,intermediate,intermediate,intermediate,growing,Segmented Model (1 Bp),Intermediate,0.843866783,266
2423,465,0.5705870747156382,0.35241316617752394,-7.826048156790353,0.8067330725390301,0.807495728893518,82.73682816199994,41.726056974295986,82.72509109736377,1.5767618628643517e-44,0.024324458369604052,2,2,0.807495728893518,intermediate,intermediate,intermediate,growing,Segmented Model (1 Bp),Intermediate,0.806733073,465
2424,319,0.6791126338555,0.5196593440067626,-10.742053992761097,0.9183017524807869,0.9183928026392529,84.236892003,39.80030002808565,84.236892003,9.187186773527032e-41,1.824022242471929e-06,2,2,0.9183928026392529,intermediate,intermediate,intermediate,growing,Segmented Model (1 Bp),Intermediate,0.918301752,319
2425,368,0.8126888323427087,0.7354498954179863,-12.745022316061455,0.8834276257314675,0.8885310171308441,74.98772076402832,31.47892467374345,95.23493926935781,1.7626202214774693e-26,0.1429397166573733,1,1,0.8834276257314675,simple,simple,simple,growing,Linear Model,Simple,0.812688832,368
2426,220,0.5815641025950912,0.23488766742580394,-4.227867964121831,0.6554209164162678,0.6643409428056725,45.868264316398566,60.793628434639366,85.39389465210186,9.111910696171138e-07,0.1924281999052855,1,1,0.6554209164162678,intermediate,intermediate,intermediate,growing,Linear Model,Intermediate,0.581564103,220
2427,449,0.5948726305933342,0.37455261596168204,-7.9646887510179525,0.6629600899462715,0.6836219837596464,82.29359387429284,121.36390567265819,135.80936479999997,1.0450546697170726e-12,0.002190436375334875,2,2,0.6836219837596464,intermediate,intermediate,intermediate,growing,Linear Model,Intermediate,0.594872631,449
2428,248,0.6285496502065283,0.3248362296224821,-6.434830351741625,0.6591422044725953,0.6650241804200632,67.87073173168672,88.56641066599656,103.09336333526817,0.00013614241148968172,0.8445791776097538,1,1,0.6591422044725953,intermediate,intermediate,intermediate,growing,Linear Model,Intermediate,0.62854965,248
2429,432,0.7801998882435291,0.5581975579576777,-11.621131836472847,0.9007854526618145,0.9019019109012644,79.57352038414584,50.39914586610351,101.16614489697062,7.374559982472532e-41,8.729697785553094e-05,2,2,0.9019019109012644,simple,simple,simple,growing,Linear Model,Simple,0.780199888,432
2430,673,0.7756746069497646,0.6156843516347519,-14.426554907007903,0.9058993374839739,0.9061447580735202,90.79699343393057,28.639158833485254,92.8273470186204,4.835023652628871e-66,3.9479370011864216e-08,2,2,0.9061447580735202,simple,simple,simple,growing,Linear Model,Simple,0.775674607,673
2431,738,0.5673846460058521,0.18670448249848276,-3.501002671332566,0.6544981844357168,0.6570513637874068,81.804239424215,29.570475983482268,88.1773972097502,4.418127090070133e-27,0.5172393868605025,1,1,0.6544981844357168,intermediate,intermediate,intermediate,growing,Linear Model,Intermediate,0.567384646,738
2432,380,0.5724846937255055,0.33252318129847896,-7.016038763232378,0.6688060149768708,0.6717325659781919,63.721468429750644,75.53030814015209,92.57574217606827,1.397423186279666e-22,3.6344315598191637e-08,2,2,0.6717325659781919,intermediate,intermediate,intermediate,growing,Linear Model,Intermediate,0.572484694,380
2433,780,0.511558330730238,0.16460124220643835,-2.7847065088360967,0.6123204607287166,0.6143289476330601,52.073430603287626,43.92733722443435,76.90095663610943,4.307536606753795e-36,2.814307942748693e-05,2,2,0.6143289476330601,intermediate,intermediate,intermediate,growing,Linear Model,Intermediate,0.511558331,780
2434,854,0.39956133257891174,0.07749787232051907,-0.7456559493095017,0.4142575574198433,0.4365298032650703,26.41367316012597,35.1922722126634,63.7565997506506,0.9168221910902048,9.73969614137131e-09,0,2,0.4365298032650703,complex,complex,complex,growing,-,Complex,,854
2435,677,0.2616593519251359,0.0965208240229248,-1.401125740848177,0.32305851621212317,0.3236600747803803,45.86620685795575,16.607344787870687,46.446931842884126,1.4582877459296975e-11,0.29161037161729775,1,1,0.32305851621212317,complex,complex,complex,growing,-,Complex,,677
2436,614,0.4556080717782735,0.16105990100674805,-2.697440069064467,0.5131607446372431,0.517314551814157,63.49782324305856,44.610582167193094,81.89738050132823,1.484817427759923e-14,0.5346160641757275,1,1,0.5131607446372431,complex,complex,complex,growing,-,Complex,,614
2437,519,0.4718946106649944,0.13086733676234294,-2.1327565636182246,0.5270830369307039,0.5296281883463684,55.32962162703588,52.815844980169544,90.079445061,3.141273576105788e-12,0.33555588485613164,1,1,0.5270830369307039,complex,complex,complex,growing,-,Complex,,519
2438,613,0.45039944074024474,0.15150446156897304,-3.1014581851706997,0.7428544754659743,0.7430443975157833,68.49484785486965,21.42120520852508,68.89371424919841,8.044879394855891e-56,0.5051213754849377,1,1,0.7428544754659743,complex,complex,complex,growing,-,Complex,,613
2439,563,0.6021786461424538,0.24939861297763485,-3.9382653317402494,0.640192246323449,0.6423029823267095,73.26875839832772,47.47869700211117,110.07437824999997,8.295611370319667e-13,0.17448370521233916,1,1,0.640192246323449,intermediate,intermediate,intermediate,growing,Linear Model,Intermediate,0.602178646,563
2440,447,0.5344002113831889,0.19148032494089554,-5.234529834418486,0.6988424921363884,0.7020616113333894,72.49369333007715,66.05366048507567,103.78421400910948,3.766075089028139e-30,0.3156211044070696,1,1,0.6988424921363884,intermediate,intermediate,intermediate,growing,Linear Model,Intermediate,0.534400211,447
2441,610,0.5645599026489828,0.23022948483716751,-3.767133873415706,0.613254922720212,0.6144787401511983,50.44858080807181,53.804785482701774,57.216555806434606,1.4043718602795082e-10,0.03597833915914908,2,2,0.6144787401511983,intermediate,intermediate,intermediate,growing,Linear Model,Intermediate,0.564559903,610
2442,862,0.5921922467412594,0.05398797351753473,-0.9070544769251163,0.7360869832643535,0.7369562806818726,96.19354949899987,21.668952358372177,96.18966404632233,2.939236714664804e-64,1.2644040678759303e-13,2,2,0.7369562806818726,intermediate,intermediate,intermediate,growing,Linear Model,Intermediate,0.592192247,862
2443,593,0.6227578003764418,0.050386576726449056,-0.43931303027089136,0.6273968432569952,0.6372315812772736,68.46410063241662,95.9640360563505,106.2684356282557,0.3772952917161905,9.054156595125128e-05,0,2,0.6372315812772736,intermediate,intermediate,intermediate,growing,Linear Model,Intermediate,0.6227578,593
2444,480,0.5599429965832354,0.23033285554557684,-3.9402283246681944,0.6378362237312546,0.6405220803419351,42.105447717483386,37.74997746879453,78.56182038800323,6.5076732654724865e-19,0.013408405502508837,2,2,0.6405220803419351,intermediate,intermediate,intermediate,growing,Linear Model,Intermediate,0.559942997,480
2445,657,0.5879527487801113,0.2845270743106314,-6.895944873568815,0.705798738006464,0.7061785188839854,64.20068713378238,52.48421168967338,78.54810149070583,1.1255735795756278e-26,0.10629154971929645,1,1,0.705798738006464,intermediate,intermediate,intermediate,growing,Linear Model,Intermediate,0.587952749,657
2446,489,0.4963428510595494,0.2803480935187501,-5.030388422891621,0.7012456903461705,0.7032938589445225,67.61909180999994,64.62949222533265,67.61909180999994,2.2601065306095928e-39,2.1130621945114756e-05,2,2,0.7032938589445225,complex,complex,complex,growing,-,Complex,,489
2447,400,0.5718403403776073,0.4010900382616727,-7.004253437613199,0.6332488588927423,0.6354350331338201,49.54783171132837,23.579812339383025,50.83727467888344,1.0687728989967661e-13,0.07709984967424721,1,1,0.6332488588927423,intermediate,intermediate,intermediate,growing,Linear Model,Intermediate,0.57184034,400
2449,269,0.21893142647294964,0.035121040495921914,-0.5494968896964565,0.28527026584450305,0.2878047348241947,63.19953490469917,36.21282073654727,65.33603987255673,0.0007927136696998355,0.0027453443879583875,2,2,0.2878047348241947,complex,complex,complex,growing,-,Complex,,269
2450,385,0.5220323374687543,0.2992793947625962,-6.146909113960329,0.6316011741925993,0.633914640185593,56.02315486861127,57.468451490476724,88.20860890599977,3.8473242806481656e-15,0.00235354485831117,2,2,0.633914640185593,intermediate,intermediate,intermediate,growing,Linear Model,Intermediate,0.522032338,385
2451,445,0.5503424655442009,0.21440531962088152,-4.379422430485781,0.6839049183869403,0.687524671572807,70.2773670374529,79.59514125384247,84.80951665431483,4.042469361613296e-29,1.2577191565903221e-05,2,2,0.687524671572807,intermediate,intermediate,intermediate,growing,Linear Model,Intermediate,0.550342466,445
2452,512,0.608340113454553,0.20542439814483124,-4.930186175839139,0.6855436035852462,0.6920267746223261,70.60003580058952,51.78956484692219,104.19909912466865,1.3096548771485894e-21,0.10865719175427473,1,1,0.6855436035852462,intermediate,intermediate,intermediate,growing,Linear Model,Intermediate,0.608340113,512
2453,236,0.35335028250717204,0.11010518647544765,-1.6557790600917155,0.4323450302818677,0.43763050299005263,50.34874360866202,37.23874120622434,58.02183589334542,1.2276630542453685e-07,0.18982837357182283,1,1,0.4323450302818677,complex,complex,complex,growing,-,Complex,,236
2454,960,0.2638972279105349,0.10894623901970538,-1.4790159346141094,0.3018053869696001,0.3063619389938144,71.46142915599998,62.58827684912825,71.39876708938898,2.4211894878954987e-22,8.431605900377755e-23,2,2,0.3063619389938144,complex,complex,complex,growing,-,Complex,,960
2455,263,0.23463931692159462,0.03056502579704538,-0.3281496660853111,0.23905439796328132,0.25397574355018476,60.00645858891465,29.286579912529742,60.00645858899999,0.7424299468563147,0.050355175931803484,0,0,0.23463931692159462,complex,complex,complex,growing,-,Complex,,263
2456,229,0.20806789303546813,0.005215101707790895,-0.07697719820938313,0.22526325587302407,0.23460397066080507,31.643375777371766,37.82435294130979,47.31024302118474,0.2228601651003928,0.10725498719247137,0,1,0.22526325587302407,complex,complex,complex,growing,-,Complex,,229
2458,484,0.2804806061232789,0.04865175863853011,-0.5175852814311322,0.2904276184643585,0.29397295352255415,29.42452390682938,32.05622791053048,56.28404232699998,0.18505917690496182,0.030091847546390982,0,2,0.29397295352255415,complex,complex,complex,growing,-,Complex,,484
2459,294,0.22613475699638608,0.032246001212764566,-0.30705177762919594,0.23232984184153876,0.23932401895826622,49.86873660809133,43.28751467,43.62626701000001,0.9886301308014118,7.255810562674109e-06,0,2,0.23932401895826622,complex,complex,complex,growing,-,Complex,,294
2460,206,0.34588873403839965,0.02356163552597377,-0.2771825171890063,0.35697144300152056,0.38377445294024903,24.733474366608696,64.1377575,66.07437721,0.8121530931243106,0.05870951874855229,0,1,0.35697144300152056,complex,complex,complex,growing,-,Complex,,206
2461,400,0.30636283276778226,0.08842664514712817,-0.9465485964260513,0.3663562807977532,0.367798714161826,72.16786261126492,44.994733790317895,70.85909683543007,5.226909467680271e-06,0.6271170821701787,1,1,0.3663562807977532,complex,complex,complex,growing,-,Complex,,400
2462,444,0.4548840988942143,0.14891111223092063,-1.8018313182964691,0.4605031119484335,0.4720251281788329,20.317304059749763,26.057026704351507,92.78771898299996,0.07668753380147601,0.00010198460926466211,0,2,0.4720251281788329,complex,complex,complex,growing,-,Complex,,444
2463,449,0.42599848718585,0.024730263958054166,-0.1797302979140435,0.4347539913574021,0.4518854942698402,76.95657254599998,30.75835092778673,76.95657244412932,0.324526694172383,0.003091332302143028,0,2,0.4518854942698402,complex,complex,complex,growing,-,Complex,,449
2466,566,0.5212967812098392,0.10199888672382253,-1.473007661602167,0.5364143887681,0.5388217733679525,40.638238236500186,37.226223578475015,108.43529505,3.0119465931702166e-06,0.026969829333253637,2,2,0.5388217733679525,intermediate,intermediate,intermediate,growing,Linear Model,Intermediate,0.521296781,566
2469,321,0.1463916151906584,0.0037831795548002125,-0.02622512625974561,0.17146587796451232,0.20583721837507038,83.04524560999988,61.19704158354683,82.9360491009011,0.31828929566406294,0.011456219651078209,0,2,0.20583721837507038,complex,complex,complex,growing,-,Complex,,321
2470,274,0.2348230911295573,0.012837920188337081,-0.06455392983611655,0.3490079293174582,0.42069359428360187,113.85225070999968,59.91606524219628,113.85225070999968,2.238609794496159e-05,4.502767427014237e-06,2,2,0.42069359428360187,complex,complex,complex,growing,-,Complex,,274
2472,151,0.49298234274168296,0.15510165822465402,-5.186684443564908,0.6672072621181256,0.6779223311108122,146.79336990000002,51.54659345385492,146.79336990000002,5.332022641324563e-11,0.11622226504528038,1,1,0.6672072621181256,complex,complex,complex,growing,-,Complex,,151
2473,120,0.3835728382531851,0.13687399571735737,-2.9185657944245342,0.461102178208593,0.4700900538234132,115.61945331493004,56.09536019736987,124.43127764792904,0.00020976685762960664,0.4656287782393288,1,1,0.461102178208593,complex,complex,complex,growing,-,Complex,,120
2475,107,0.6847121935793294,0.2929129394716211,-6.935426165396067,0.714812973940001,0.7162308716616959,55.78595287385377,52.88594446526623,199.5569497699999,0.0036837188478988873,0.40343286172287063,1,1,0.714812973940001,intermediate,intermediate,intermediate,growing,Linear Model,Intermediate,0.684712194,107
2476,50,0.5995954880591363,0.06660911332188743,-1.4493499912531633,0.9737459571743301,,70.27424397499999,,,2.929446177618647e-08,0.6377704718293981,1,1,0.9737459571743301,intermediate,intermediate,intermediate,growing,Segmented Model (1 Bp),Intermediate,0.973745957,50
2478,100,0.4911083182942,0.05314098612790836,-1.4877553069987979,0.9318234783914447,0.9319292352633418,91.3195976095,22.04515964612808,91.3195976095,5.411072991109271e-15,0.009120328822814685,2,2,0.9319292352633418,intermediate,intermediate,intermediate,growing,Segmented Model (1 Bp),Intermediate,0.931823478,100
2479,58,0.29645846194256187,0.24274766491646002,-5.481979145323328,0.356272477625309,0.3583160285399355,118.1326160179491,63.1378495525681,132.86380747793686,0.08329194970249915,0.10314078174552962,0,0,0.29645846194256187,complex,complex,complex,growing,-,Complex,,58
2480,165,0.2337168367184171,0.04389902005219,-0.3515384774542989,0.2828725577587416,0.3781261658723101,115.85619979999994,88.91372034135537,112.47729697326147,0.3333442315936108,0.00012179517294758848,0,2,0.3781261658723101,complex,complex,complex,growing,-,Complex,,165
2481,28,0.048996242461488364,0.026563218831011766,0.5285079616923483,0.21986870525072877,,84.8247788480052,,,0.1245766666947226,0.03888783050847129,0,0,0.048996242461488364,complex,complex,complex,growing,-,Complex,,28
2482,97,0.04177018322057789,0.043056497351557206,-0.05528801868649503,0.10166733920755507,0.20702256573793987,58.97543514170351,47.96671135964923,52.84571935501802,0.06925271310581194,0.09404933785689289,0,0,0.04177018322057789,complex,complex,complex,growing,-,Complex,,97
2483,107,0.3594820855017911,0.12042448653587079,-2.5783357276858596,0.459655507588571,0.46659890938378085,100.47333700599998,93.30198988749343,99.85376048712816,0.00042152944523036275,0.5867292300530644,1,1,0.459655507588571,complex,complex,complex,growing,-,Complex,,107
2484,277,0.7454061865228506,0.39021716991368127,-5.965339057813666,0.8019699236301461,0.8051630115001238,34.91373882889413,51.531673039999994,57.340427070000004,3.534668731360118e-11,0.32969424774704104,1,1,0.8019699236301461,intermediate,intermediate,intermediate,growing,Segmented Model (1 Bp),Intermediate,0.801969924,277
2485,531,0.5680659515693357,0.26684978189928377,-5.611510954600479,0.6078441912187262,,58.06499679444897,,,2.2835373562804548e-11,0.058030720368739595,1,1,0.6078441912187262,intermediate,intermediate,intermediate,growing,Linear Model,Intermediate,0.568065952,531
2486,548,0.7612273142846254,0.31002964304442737,-3.360175712421433,0.7777230588567939,0.7783161467222605,42.74828047956656,19.025612435757548,47.82805024805439,1.201846581698861e-07,0.6897756301889422,1,1,0.7777230588567939,simple,simple,simple,growing,Linear Model,Simple,0.761227314,548
2487,427,0.6791267091362879,0.3948615336532492,-6.5018985892875705,0.732908069444146,0.7343907270197632,48.667103839300005,30.891754320708152,68.47232437014836,3.6826384480168566e-10,0.03528582255442772,2,2,0.7343907270197632,intermediate,intermediate,intermediate,growing,Linear Model,Intermediate,0.679126709,427
2488,412,0.8446593806520483,0.6786298631984863,-8.003786102937005,0.8489958625410927,0.8502580411510143,106.68799674100475,25.741199425028253,109.73211849658279,0.0004626223890295773,0.27839811830832134,1,1,0.8489958625410927,simple,simple,simple,growing,Linear Model,Simple,0.844659381,412
2489,599,0.8788148025782626,0.5983142914678036,-10.295309686372402,0.8966173167894933,0.8970624768230879,44.63035512509783,40.250699403519114,104.1557071238417,1.9038457188575868e-10,0.7017223415434523,1,1,0.8966173167894933,simple,simple,simple,growing,Linear Model,Simple,0.878814803,599
2490,328,0.8750344146886885,0.6200475584044061,-13.353947111999622,0.9085481098939016,0.9123434359817384,82.62687046410454,38.54789446505801,110.47189030929673,6.192554944985064e-15,0.8317510138717208,1,1,0.9085481098939016,simple,simple,simple,growing,Linear Model,Simple,0.875034415,328
2491,644,0.6539628425087516,0.28937037488236944,-5.1696937858223215,0.6770322854259017,0.6803348609008619,81.25276114739933,32.06044054622976,83.06041945139093,2.013235456455055e-11,0.044099607878031084,2,2,0.6803348609008619,intermediate,intermediate,intermediate,growing,Linear Model,Intermediate,0.653962842,644
2492,450,0.8285318847792337,0.4277207964830209,-7.766799888015059,0.883224733218014,0.8910416525894516,108.92421825292722,42.69686757871884,110.35904315644343,1.2744898201505752e-32,4.198145534765349e-09,2,2,0.8910416525894516,simple,simple,simple,growing,Linear Model,Simple,0.828531885,450
2493,320,0.7286617205344732,0.4009044066760861,-6.457014585394332,0.7654600499837442,0.7696091273662444,95.4872749255,43.06076509070489,95.4872749255,1.1294942597049663e-09,0.31396214811278755,1,1,0.7654600499837442,intermediate,intermediate,intermediate,growing,Segmented Model (1 Bp),Intermediate,0.757753221,320
2494,471,0.7924767511352167,0.5009765921293334,-8.145412735845516,0.8014608148306132,0.8096733035424868,35.93871874249802,116.32074887686063,137.5150997,0.7155104482637681,0.00239413898686036,0,2,0.8096733035424868,simple,simple,simple,growing,Linear Model,Simple,0.792476751,471
2495,820,0.6634276105721133,0.23650289271693772,-2.805764766135895,0.6714038354283174,0.6804297170447947,27.445175420035426,51.33606112022683,83.64565758834635,0.07586613758955697,0.1597345351317602,0,1,0.6714038354283174,intermediate,intermediate,intermediate,growing,Linear Model,Intermediate,0.663427611,820
2496,250,0.45067031625300114,0.183443958276248,-2.3048880853569647,0.48507822310316573,0.486571447324518,51.95986281819993,49.21083538383389,49.59990088963191,0.0002818158566462568,0.6803598676948854,1,1,0.48507822310316573,complex,complex,complex,growing,-,Complex,,250
2497,258,0.5620948975256606,0.1287849196258394,-1.7478850079384443,0.6128460324837055,0.6175490788004784,34.83999850940982,41.056595782122535,59.37052482812929,2.6560275994907473e-05,0.052076306955769605,1,1,0.6128460324837055,intermediate,intermediate,intermediate,growing,Linear Model,Intermediate,0.562094898,258
2500,278,0.6795166090285821,0.24564379457275823,-3.1919088953452324,0.7188034403762429,0.7214369254651076,44.22998614104946,36.37069442127348,84.0934407440981,5.957498224249305e-09,0.09824970724104336,1,1,0.7188034403762429,intermediate,intermediate,intermediate,growing,Linear Model,Intermediate,0.679516609,278
2501,250,0.7561301088673356,0.39959607289911586,-6.72561642346081,0.8190596570868103,0.8195218487148416,77.89206288857827,72.6599,76.62989999999999,3.561792927672706e-15,0.0034787210611599883,2,2,0.8195218487148416,simple,simple,simple,growing,Linear Model,Simple,0.756130109,250
2502,276,0.6904145385433061,0.3037476242030852,-3.0205138381448484,0.7043039701713341,0.7061740336411828,28.239997267884803,16.0105654069321,52.809987933772526,0.0006509590270115247,0.4171691275769135,1,1,0.7043039701713341,intermediate,intermediate,intermediate,growing,Linear Model,Intermediate,0.690414539,276
2503,328,0.7907545191758645,0.4922640682418876,-7.602267797936864,0.8228237481866094,0.8249704603149286,52.47729568225949,36.491088633839205,80.8085156517203,9.48247074242453e-10,0.7838445448177364,1,1,0.8228237481866094,simple,simple,simple,growing,Linear Model,Simple,0.790754519,328
2504,348,0.5782557123449975,0.32064987185174426,-3.8338900057713907,0.6218571324375234,0.6254838102314786,46.64517941804409,23.202381078292706,47.739949757817485,5.44080154423993e-08,0.6146503906765648,1,1,0.6218571324375234,intermediate,intermediate,intermediate,growing,Linear Model,Intermediate,0.578255712,348
2505,343,0.7175371512997788,0.34921940673270635,-4.792992348798127,0.7925293806605004,0.7994479090567167,60.82000954202638,29.828803312068565,65.62004279965751,1.1617021828449458e-18,0.14750905090169142,1,1,0.7925293806605004,intermediate,intermediate,intermediate,growing,Segmented Model (1 Bp),Intermediate,0.791674777,343
2506,178,0.7042810203494592,0.3439989369765019,-5.327448943300249,0.7520725933792713,0.7564324661224786,65.59398557274122,32.290042815806544,81.34325583597128,8.452644108666759e-08,0.06950628385858956,1,1,0.7520725933792713,intermediate,intermediate,intermediate,growing,Segmented Model (2 Bps),Intermediate,0.756430193,178
2507,421,0.49107130778712904,0.25506579770899196,-4.2979994274165945,0.6146155069548628,0.6181695911295464,61.937614038071096,33.480694234874775,65.72,4.660704878457355e-21,0.40263743082492676,1,1,0.6146155069548628,complex,complex,complex,growing,-,Complex,,421
2508,170,0.6287162949789116,0.4562876948051836,-5.265763088047374,0.6953851415563376,0.6998456916590812,60.270063461050924,17.471397665740433,60.270026356817155,1.4799107108802107e-06,0.2563111559988727,1,1,0.6953851415563376,intermediate,intermediate,intermediate,growing,Linear Model,Intermediate,0.628716295,170
2509,302,0.6097207408835453,0.3012819758065652,-4.825174482985832,0.764109350148238,0.7735559662139763,64.94649999999997,33.75159387507606,64.94563307019224,1.551184993019684e-26,2.4828355957996867e-08,2,2,0.7735559662139763,intermediate,intermediate,intermediate,growing,Segmented Model (1 Bp),Intermediate,0.76125006,302
2510,288,0.7613192936494148,0.5163748963543152,-8.480205138371689,0.8002311060255667,0.8047189855279433,46.154267260800836,33.824783735406776,82.16999085397403,4.453664893550142e-12,0.009116330350060337,2,2,0.8047189855279433,simple,simple,simple,growing,Linear Model,Simple,0.761319294,288
2511,243,0.32040648203129735,0.1828757242260081,-2.4966998974123196,0.340238808929722,0.39809884258245853,24.50133419423159,50.486084125606105,52.54997882611449,0.15060559656208564,0.1903297688510939,0,1,0.340238808929722,complex,complex,complex,growing,-,Complex,,243
2512,395,0.5633889557178047,0.3042897528678347,-3.6749362640246566,0.6254698750977862,0.6296562207380869,62.56799999999995,42.25318302062842,62.56799999999995,1.6952472171337145e-16,1.5052001932776514e-06,2,2,0.6296562207380869,intermediate,intermediate,intermediate,growing,Linear Model,Intermediate,0.563388956,395
2513,354,0.5452498860317377,0.24840619515065596,-3.1107071990097963,0.6936202770065908,0.6954923162465811,58.656499999999994,26.172281185099653,58.6564999137322,6.115170305696027e-24,0.0018667013674747936,2,2,0.6954923162465811,intermediate,intermediate,intermediate,growing,Linear Model,Intermediate,0.545249886,354
2514,338,0.716275949829875,0.39889839111930636,-4.622901560650205,0.7629031591304022,0.7666002455016676,50.490016295590124,22.680787750435705,51.36042594887245,4.291076608972965e-12,0.7321809163359664,1,1,0.7629031591304022,intermediate,intermediate,intermediate,growing,Segmented Model (1 Bp),Intermediate,0.76290316,338
2515,390,0.6559887604356184,0.2705139457349538,-3.5252335255061253,0.7398451462307847,0.7420945511301152,53.52288487300819,18.775479343589343,54.23881833577223,1.1532724371118412e-16,0.0021711601230401845,2,2,0.7420945511301152,intermediate,intermediate,intermediate,growing,Linear Model,Intermediate,0.65598876,390
2517,403,0.7283377034811377,0.5158808510270505,-5.520205678984045,0.7503134543616784,0.7509060984288611,28.299574503663344,26.992471783079225,74.12799999999999,1.6491649433188932e-08,0.06490881400025339,1,1,0.7503134543616784,intermediate,intermediate,intermediate,growing,Segmented Model (1 Bp),Intermediate,0.750313454,403
2518,203,0.548352781960918,0.012384194162775631,-0.13453959939051474,0.6189406130612842,0.6237914367686036,72.14399999999999,16.901079691586883,72.14381512573625,1.1066165325641258e-07,0.39116274690180375,1,1,0.6189406130612842,intermediate,intermediate,intermediate,growing,Linear Model,Intermediate,0.548352782,203
2519,300,0.5965335588252774,0.34561851866599214,-4.6994924689359765,0.6524336650477447,0.6623250905131585,46.4200439856402,59.369899999999994,59.960100000000004,3.473840081009489e-07,0.00476881886676509,2,2,0.6623250905131585,intermediate,intermediate,intermediate,growing,Linear Model,Intermediate,0.596533559,300
2520,436,0.6680465362794116,0.19029615173099765,-2.2220933980885844,0.7194342599247044,0.7252212796850375,48.24939169303464,26.620357408684406,64.2425,2.247221949846162e-15,0.06154169282293786,1,1,0.7194342599247044,intermediate,intermediate,intermediate,growing,Linear Model,Intermediate,0.668046536,436
2521,295,0.8104567790171163,0.6167280132922558,-7.820142699458086,0.8252143345466263,0.8276945671048266,33.86000754411949,92.0499,96.15010000000001,0.0037958193191973046,0.28759025634795765,1,1,0.8252143345466263,simple,simple,simple,growing,Linear Model,Simple,0.810456779,295
2522,418,0.5582480729383137,0.2890583817803861,-3.598460301929119,0.5928083665452586,0.5970684550862033,68.5645,22.2422049234304,68.5645,1.1170761438883188e-08,0.19620018231467598,1,1,0.5928083665452586,intermediate,intermediate,intermediate,growing,Linear Model,Intermediate,0.558248073,418
2523,311,0.5432710811445172,0.20799067478949715,-1.7611449532286187,0.5725018911887407,0.5840296144639118,35.045236077408745,40.719413896670495,56.015,0.0012085473394910214,0.020401330430512104,2,2,0.5840296144639118,intermediate,intermediate,intermediate,growing,Linear Model,Intermediate,0.543271081,311
2525,253,0.6316256955642937,0.3206263805253838,-4.239628047574632,0.663644889969793,0.6647114309776015,33.7195043301471,32.89455926855063,74.39599999999997,1.782904187951413e-05,0.4419984794232108,1,1,0.663644889969793,intermediate,intermediate,intermediate,growing,Linear Model,Intermediate,0.631625696,253
2526,300,0.5676585822227594,0.1101015593978032,-1.6183945826920922,0.6473716578344787,0.6562720574337711,59.945414572877375,26.77412269265715,62.380208448542945,1.3467418273934447e-11,0.825901019889724,1,1,0.6473716578344787,intermediate,intermediate,intermediate,growing,Linear Model,Intermediate,0.567658582,300
2527,226,0.3466763850089759,0.045356899371900294,-0.5667554790738374,0.357655980080632,0.3578830221555896,31.323941900617417,14.575226631676218,38.24996812468961,0.08464128630269453,0.9759019075536888,0,0,0.3466763850089759,complex,complex,complex,growing,-,Complex,,226
2528,173,0.4825110955672499,0.019353420149637403,-0.23805572656629786,0.5358048747898174,0.5420895412139327,38.43064916626873,41.938508754667005,48.393961592801055,3.6237375110048795e-05,0.37541986986221265,1,1,0.5358048747898174,complex,complex,complex,growing,-,Complex,,173
2529,157,0.17547141901947813,0.04976540204940721,-0.5649748514788379,0.18127080082306038,0.2024513904795332,17.20035883643093,26.14269061415397,46.09060064250631,0.6556891525302329,0.7124830542259171,0,0,0.17547141901947813,complex,complex,complex,growing,-,Complex,,157
2530,329,0.37021912156159287,0.10277079093795337,-1.331549902408224,0.5082124949021143,0.5083452286997472,59.663999999999994,16.500765366651088,59.663997217451914,4.292037437674881e-15,0.19803659414076474,1,1,0.5082124949021143,complex,complex,complex,growing,-,Complex,,329
2531,178,0.32689049453214053,0.09784628892112839,-1.5910578904085224,0.5873664144210706,0.5897809325272718,59.16409871728138,54.460603137049944,57.37389618652493,4.745206703352174e-12,0.6450700376247069,1,1,0.5873664144210706,complex,complex,complex,growing,-,Complex,,178
2532,118,0.258342159869264,0.020224742836915822,-0.32403292459198874,0.2830055000958406,0.3707566339985978,37.217405206565765,57.84333393317503,76.30932047991502,0.2948039649090372,0.05169636232653911,0,1,0.2830055000958406,complex,complex,complex,growing,-,Complex,,118
2533,226,0.8663411013633873,0.6025800614165074,-6.6678089350932295,0.8930857847322137,0.8999720508916624,69.93281462308869,23.61820863133798,86.6797922745308,1.097014639816291e-11,0.004767288109948816,2,2,0.8999720508916624,simple,simple,simple,growing,Linear Model,Simple,0.866341101,226
2534,154,0.43383033630771795,0.27303733132851465,-4.5236990406198085,0.4690057156332591,0.4825703375301618,33.09000467455296,46.453796147519746,50.8799522967845,0.02292513652206676,0.5258052473021935,1,1,0.4690057156332591,complex,complex,complex,growing,-,Complex,,154
2535,170,0.2922537037038447,0.09164287143014901,-1.5076452831814489,0.3808845110945054,0.4114071289435167,45.42866473734554,54.07018249089187,68.66999999999999,0.00168652974425752,0.00010607108160556231,2,2,0.4114071289435167,complex,complex,complex,growing,-,Complex,,170
2536,222,0.3268806499873289,0.11648139877044968,-1.5566524571803826,0.4096031038965477,0.41759397074221527,65.473,52.449227468907516,57.88914822661822,1.2721257761403666e-05,0.4742557426063726,1,1,0.4096031038965477,complex,complex,complex,growing,-,Complex,,222
2537,163,0.17959504622747519,0.02565955845681364,-0.14835987433074826,0.19933045464099858,0.2130034193451213,53.64004614897619,41.24163422520503,49.153885110349975,0.2860285688691495,0.2011646877678891,0,0,0.17959504622747519,complex,complex,complex,growing,-,Complex,,163
2538,165,0.30532748731329584,0.024014076646529357,-0.3383413494195174,0.40722168203869136,0.41074623668389065,58.62999912000431,35.70665922593274,58.06457949795758,6.557758195856975e-05,0.7190774353470262,1,1,0.40722168203869136,complex,complex,complex,growing,-,Complex,,165
2539,233,0.2930005224109311,0.02882089121926551,-0.4152450291719539,0.36785545904969025,0.37065872880577955,53.70000669651517,54.7194503340428,64.18999999999998,5.6532257476062816e-05,0.14930987647643112,1,1,0.36785545904969025,complex,complex,complex,growing,-,Complex,,233
2540,136,0.22699909163731308,0.025595703243708686,-0.3245846831778928,0.2807981395932206,0.2815137594169253,45.52724268218085,15.082716973299492,49.90920866370332,0.009327052775540409,0.5850037648382164,1,1,0.2807981395932206,complex,complex,complex,growing,-,Complex,,136
2541,161,0.3421470073027555,0.1332313366486684,-1.763222959062737,0.4368260048298642,0.45136983449384166,60.36999999999984,43.74002868176254,54.333817728563176,4.037906447850856e-05,0.789817881022838,1,1,0.4368260048298642,complex,complex,complex,growing,-,Complex,,161
2542,171,0.20742547048672627,0.1202009862174911,-1.17482439020314,0.25674683845617174,0.4229394166196794,64.82499999999999,60.7499,64.7701,0.6562530281949547,0.00038337416436829455,0,2,0.4229394166196794,complex,complex,complex,growing,-,Complex,,171
2543,214,0.32651337071926967,0.04081567345662928,-0.48403743555405415,0.38681690323828316,0.38744768259591994,47.43903255228231,33.01079154681968,46.73831767978351,0.0002590886615726424,0.39249784523025655,1,1,0.38681690323828316,complex,complex,complex,growing,-,Complex,,214
2544,218,0.24893420520049026,0.07091553309107068,-0.5179984033997936,0.2721742619238776,0.2998572607666172,51.3778333125293,27.149462714908577,36.581222585970956,0.10603722306549346,0.08848186489543404,0,1,0.2721742619238776,complex,complex,complex,growing,-,Complex,,218
2545,196,0.14467396775882665,0.0864789840514304,-0.6845722338686171,0.19240098270871672,0.2270592254523104,60.969980691542105,37.62899785996941,38.47991706047378,0.03867033481577401,0.15974730052518862,1,1,0.19240098270871672,complex,complex,complex,growing,-,Complex,,196
2546,199,0.33943957920368895,0.010142407233324248,-0.15528556822966227,0.47831825253773697,0.5095049918125626,77.73899999999999,73.15495551327294,77.73860765076066,1.217661375825716e-10,0.014481302280801675,2,2,0.5095049918125626,complex,complex,complex,growing,-,Complex,,199
2548,250,0.3878628732141951,0.07823358981244821,-1.0052001432358673,0.4185775791012581,0.42784765078179965,64.0598755137416,27.13003011839335,65.08012122751894,0.0006646156006024247,0.17784890708938053,1,1,0.4185775791012581,complex,complex,complex,growing,-,Complex,,250
2549,150,0.348074994207206,0.007255925272030655,-0.12217502744966445,0.6105366107628875,0.6197546680664949,81.61349999999999,68.24768543449977,81.61349999999996,3.86234579305524e-11,0.7896914289692518,1,1,0.6105366107628875,complex,complex,complex,growing,-,Complex,,150
2550,181,0.2202042746308261,0.034180828803997074,-0.2683120473915167,0.2606294130606769,0.3413732591689691,59.42984967819816,36.1583945068669,40.08986099402319,0.11229148341192755,0.17689169267846963,0,1,0.2606294130606769,complex,complex,complex,growing,-,Complex,,181
2553,172,0.2693886157095845,0.10312629543627526,-1.6955743741340399,0.36593558026505596,0.3945724506678309,65.58149999999999,63.18812912773117,65.58149999999999,5.75264472569635e-06,0.4807375556985476,1,1,0.36593558026505596,complex,complex,complex,growing,-,Complex,,172
2554,260,0.5323384361353379,0.05247849859436694,-0.5519832821015052,0.580240449677907,0.5821342760049938,72.27649999999998,12.95989828808238,72.27649999999998,3.618601139946295e-07,0.11884775934298926,1,1,0.580240449677907,intermediate,intermediate,intermediate,growing,Linear Model,Intermediate,0.532338436,260
2555,168,0.8221093696579005,0.5101526502051343,-5.063498015681949,0.8326635453712004,0.832812804664003,28.740001471321055,6.619997814168322,29.05925100494369,0.039615260865757555,0.5677956870794078,1,1,0.8326635453712004,simple,simple,simple,growing,Linear Model,Simple,0.82210937,168
2556,299,0.3442649729308054,0.12432216168027438,-1.5797999478981108,0.38909631853629995,0.3903817663982612,74.2200291288274,17.456172729638354,74.21992160457121,0.00015647935818152885,0.790464634310645,1,1,0.38909631853629995,complex,complex,complex,growing,-,Complex,,299
2557,227,0.45998899533028387,0.36446707101051523,-7.741488013697725,0.7389411982318831,0.7390702157712568,71.954,16.419897717368148,71.95399999999998,1.22905795123208e-22,0.004423722244702221,2,2,0.7390702157712568,complex,complex,complex,growing,-,Complex,,227
2558,308,0.2918328805227921,0.12208348949402568,-1.881500724627119,0.39824969801923554,0.4075253124718776,74.96997562717556,54.781195159228545,75.44449999999998,3.330840876837896e-10,0.04797940251195369,2,2,0.4075253124718776,complex,complex,complex,growing,-,Complex,,308
2559,236,0.3615226545389697,0.2251185073515174,-4.819908000765215,0.7737924290300197,,69.47749999999999,,,7.397075934537626e-30,4.791206541310836e-14,1,0,0.3615226545389697,intermediate,complex,intermediate,growing,Segmented Model (1 Bp),Intermediate,0.773792429,236
2560,313,0.5014192762340421,0.18616649085769635,-2.1847015495792097,0.6156140492826698,0.6171564764133239,74.34399999999997,21.581708171288287,74.34399999999997,1.624410155751366e-12,0.28849130395672506,1,1,0.6156140492826698,intermediate,intermediate,intermediate,growing,Linear Model,Intermediate,0.501419276,313
2562,285,0.5932352209069098,0.013928550147317715,-0.025983983038565694,0.599165862592997,0.6013111652226251,77.52000000000001,15.298922045117086,77.52000000000001,0.23701840612809918,0.10822962088835829,0,0,0.5932352209069098,intermediate,intermediate,intermediate,growing,Linear Model,Intermediate,0.593235221,285
2563,203,0.44555770096864633,0.008591934485903605,-0.012367410126593788,0.4528812525144419,0.453854276665065,29.76497919497054,12.031698867474882,26.31617896596223,0.30222327948408984,0.4753605466331705,0,0,0.44555770096864633,complex,complex,complex,growing,-,Complex,,203
2564,247,0.6092314267618102,0.032305763549639765,-0.4019767188191523,0.6546072310756706,0.6589408446408633,59.30019347795522,23.463918513037,61.58725977794612,7.528330981315311e-08,0.09298294363368058,1,1,0.6546072310756706,intermediate,intermediate,intermediate,growing,Linear Model,Intermediate,0.609231427,247
2567,362,0.5513130931371603,0.23690967395001464,-4.149667269462309,0.7583014115243093,0.7656780447161471,85.77149999999996,37.00003908404647,85.77149999999996,3.44340689638145e-33,5.471033223349973e-07,2,2,0.7656780447161471,intermediate,intermediate,intermediate,growing,Segmented Model (1 Bp),Intermediate,0.758301412,362
2568,278,0.6576739055011641,0.30470578435088186,-5.9993639724780525,0.8044188953573533,0.8081570563828677,94.72998396634765,46.35897724401198,95.1845,3.0433062196879033e-26,5.904212477095717e-10,2,2,0.8081570563828677,intermediate,intermediate,intermediate,growing,Segmented Model (1 Bp),Intermediate,0.804376733,278
2569,321,0.8157207198580058,0.4400654439010253,-8.07087586473971,0.8553113629572964,0.8559214870430134,61.709982526849814,116.42842135525672,127.85999999999999,1.4014765738689353e-08,0.0062016589358964,2,2,0.8559214870430134,simple,simple,simple,growing,Linear Model,Simple,0.81572072,321
2570,227,0.3351208382103431,0.10052519487763412,-2.045515605627868,0.5854665926132175,,78.59199999999997,,,3.47771844181459e-15,0.499767747981011,1,1,0.5854665926132175,complex,complex,complex,growing,-,Complex,,227
2571,247,0.5420020268494331,0.12966014528259745,-2.2988354997637446,0.6840913484799572,0.6895727708346373,74.84897831217683,31.511663462579115,81.40399999999998,3.239747133269459e-17,0.0017157433151147661,2,2,0.6895727708346373,intermediate,intermediate,intermediate,growing,Linear Model,Intermediate,0.542002027,247
2572,371,0.5018870666585604,0.1410259329374357,-2.353224860991717,0.7220141412511325,0.7346329796582842,75.46,67.92573034584916,75.46,1.254682007310237e-30,0.016658493242894687,2,2,0.7346329796582842,intermediate,intermediate,intermediate,growing,Linear Model,Intermediate,0.501887067,371
2573,249,0.5319993791815821,0.07449967132606136,-0.9986479819492767,0.6178680362742309,0.6239485252428291,67.03399999999999,22.66986337145941,67.03399999999999,6.461411160878015e-10,0.2527093410144578,1,1,0.6178680362742309,intermediate,intermediate,intermediate,growing,Linear Model,Intermediate,0.531999379,249
2574,256,0.3838625984132846,0.18119679452525772,-2.8339364159268237,0.460494706907876,0.46164427205937925,59.76833026683258,41.08005608521567,67.84437487725188,5.494020904635645e-08,0.3962492756649706,1,1,0.460494706907876,complex,complex,complex,growing,-,Complex,,256
2575,329,0.3808499638171396,0.19056414179119643,-2.9547008082352573,0.4833310532586196,0.49125331775385794,72.30689093373611,27.09963190356597,72.34799999999996,1.4604973177920895e-10,0.20246775741090484,1,1,0.4833310532586196,complex,complex,complex,growing,-,Complex,,329
2576,349,0.5456675536166247,0.10229633176681266,-2.024130540845202,0.7469698802714332,0.7526037389580515,74.8898543245408,49.45209424527953,74.97399999999999,8.802172844585817e-28,0.7561574462352969,1,1,0.7469698802714332,intermediate,intermediate,intermediate,growing,Linear Model,Intermediate,0.545667554,349
2577,337,0.38574391375893946,0.20438063546935864,-2.8272311671949955,0.5594159407354604,0.5629298048650268,66.27799999999999,50.12874576908691,66.2765129953638,3.0284314334707954e-18,0.07727128804444432,1,1,0.5594159407354604,complex,complex,complex,growing,-,Complex,,337
2578,211,0.20998073381862428,0.04440018747533109,-0.515974210634597,0.22264937887739533,0.25661631476807695,62.55,36.41041127434711,62.54999999999999,0.4156213903147755,0.04381778888648946,0,2,0.25661631476807695,complex,complex,complex,growing,-,Complex,,211
2579,284,0.3992540952210612,0.08578644623384436,-1.1892519923446636,0.44273743226297807,0.443450078734852,50.92998826687952,14.290063969012968,52.66376276889156,0.00010660373371999243,0.15681102986312148,1,1,0.44273743226297807,complex,complex,complex,growing,-,Complex,,284
2580,283,0.3739477364935713,0.08433353105830213,-0.9742591437715217,0.39165937367218423,,27.32656222672307,,,0.5071544876214398,0.0017578042273307885,0,0,0.3739477364935713,complex,complex,complex,growing,-,Complex,,283
2581,271,0.23334369429401472,0.07056981560876907,-0.6677919575675457,0.23782202234310176,0.2689729142586152,17.438886454572405,51.7568486192731,53.5627741174987,0.7937383701401766,0.33095086530066964,0,0,0.23334369429401472,complex,complex,complex,growing,-,Complex,,271
2582,299,0.3508665500091083,0.1388018273078603,-2.295531258824558,0.6980770190316671,0.7259494671976963,58.66999999999997,57.54975795937299,58.669999999999966,6.586113564446037e-32,2.9163719271177434e-09,2,2,0.7259494671976963,complex,complex,complex,growing,-,Complex,,299
2583,389,0.5832782908978114,0.28459266010313994,-4.199666628770389,0.6714761560126276,0.6822840643031362,60.06998015499113,36.77002314143856,73.10999999999999,2.55730195315344e-20,3.6610524152232546e-05,2,2,0.6822840643031362,intermediate,intermediate,intermediate,growing,Linear Model,Intermediate,0.583278291,389
2584,387,0.3505512904636333,0.15256939882738707,-1.7993378103665587,0.3881779182839196,0.39073596282056744,54.871999999999986,17.641557554928198,54.871999999999986,8.10228371088207e-09,2.4901855867989908e-05,2,2,0.39073596282056744,complex,complex,complex,growing,-,Complex,,387
2585,292,0.30297346806908443,0.09560624676340042,-1.31670949590997,0.368565658987422,0.3961100717285006,60.179,58.93040020360308,60.179,8.352064409005656e-09,0.0021108232679572414,2,2,0.3961100717285006,complex,complex,complex,growing,-,Complex,,292
2586,235,0.7710876112489099,0.5343902828600963,-11.147444890968915,0.8647220224225929,0.8653670329066829,84.68999052567779,22.796115628057187,85.89474673798406,2.4537049448430132e-18,0.28377113288410755,1,1,0.8647220224225929,simple,simple,simple,growing,Linear Model,Simple,0.771087611,235
2587,309,0.3593714663844541,0.10858818475453104,-1.9068461771675207,0.5506097667989528,0.5668293569278587,72.49799999999999,64.00069771740783,71.28445942525228,3.7402122456585405e-17,0.2904573700925504,1,1,0.5506097667989528,complex,complex,complex,growing,-,Complex,,309
2588,375,0.5139821637167454,0.291459466752813,-3.7116810353614604,0.5565074335920147,0.5668802926304265,49.95006302445673,36.584503438854405,67.6800047976491,1.004223783887187e-10,3.340080657518224e-05,2,2,0.5668802926304265,intermediate,intermediate,intermediate,growing,Linear Model,Intermediate,0.513982164,375
2589,276,0.7619401860924487,0.4280143476537575,-7.056120842827265,0.876736180336822,0.8772720801283016,52.76000149773311,30.8935507930225,55.190164742228866,4.129761905299759e-24,0.30388974846259204,1,1,0.876736180336822,simple,simple,simple,growing,Linear Model,Simple,0.761940186,276
2590,265,0.3684522309457492,0.1303664155135449,-1.7955590414763658,0.4073511358046162,0.4094297391050266,38.919985479990615,37.57862977743617,64.40804558530341,7.451119268241765e-05,0.5134635385221809,1,1,0.4073511358046162,complex,complex,complex,growing,-,Complex,,265
2591,389,0.643004148055049,0.325465836586665,-5.114976456578775,0.7731096306726916,0.7866022663778802,60.18998886177731,45.66035164114312,80.55999999999992,2.15586356355705e-29,9.55219089367595e-05,2,2,0.7866022663778802,intermediate,intermediate,intermediate,growing,Segmented Model (1 Bp),Intermediate,0.77309572,389
2592,297,0.6516210511113585,0.3558807111452583,-6.955971566891038,0.7915094345707386,0.7971757562239576,82.93007622119976,30.35548978942473,84.53032051593055,1.6982606054184045e-24,0.0002527771693007334,2,2,0.7971757562239576,intermediate,intermediate,intermediate,growing,Segmented Model (1 Bp),Intermediate,0.791509439,297
2593,295,0.5660173306530111,0.31499215012144777,-5.795940619050842,0.6933007808275574,0.6995539958106393,87.066,38.05626528176093,87.066,3.345854092088196e-18,0.005272460717771807,2,2,0.6995539958106393,intermediate,intermediate,intermediate,growing,Linear Model,Intermediate,0.566017331,295
2594,298,0.5015987380857599,0.22534427594807233,-4.322615360954773,0.7057490058961714,0.7078863250961327,75.34999977660115,33.78539992945822,75.96001260338967,2.1251812197875e-22,0.06169893047339065,1,1,0.7057490058961714,intermediate,intermediate,intermediate,growing,Linear Model,Intermediate,0.501598738,298
2595,266,0.6994819611435804,0.3904489279809673,-5.363804529680965,0.813507187604074,0.8172822204973932,81.13,75.2599,81.13,2.465947289027438e-18,0.09571208763898169,1,1,0.813507187604074,intermediate,intermediate,intermediate,growing,Segmented Model (1 Bp),Intermediate,0.813507188,266
2596,241,0.5083347371716073,0.2214549190278628,-3.3550474418093073,0.5626903780966791,0.573471127472893,76.24,30.282685119819735,76.24,4.12400970280908e-07,0.05074272773976747,1,1,0.5626903780966791,intermediate,intermediate,intermediate,growing,Linear Model,Intermediate,0.508334737,241
2597,198,0.7478686402390002,0.45817123571990875,-9.243883193484095,0.8272430597264098,0.8374526010234842,72.97998519351992,41.150024092596325,105.15414301384008,1.6476628420753076e-14,0.0012353782234760474,2,2,0.8374526010234842,intermediate,intermediate,intermediate,growing,Segmented Model (1 Bp),Intermediate,0.82724306,198
2598,174,0.8692051469719342,0.6386460448522765,-13.538162170524133,0.8904053300680483,0.8909227653219681,52.61002745728852,49.155298360719435,91.77075905851974,2.2786060019834007e-05,0.9202013357839143,1,1,0.8904053300680483,simple,simple,simple,growing,Linear Model,Simple,0.869205147,174
2599,376,0.6306359507237385,0.2712624492869478,-4.838950946404491,0.744077163182797,0.7465747271074081,79.9399698139572,22.269914370161615,80.46126264411004,1.3909561515688955e-23,0.043693758758168395,2,2,0.7465747271074081,intermediate,intermediate,intermediate,growing,Linear Model,Intermediate,0.630635951,376
2600,98,0.482852214377021,0.023025000072037265,-0.1385644572377881,0.5255769728074434,,48.171499997150725,,,0.011727611860709673,0.8412375870021626,1,1,0.5255769728074434,complex,complex,complex,growing,-,Complex,,98
2601,243,0.7663057261707691,0.583050606348397,-10.173700399952596,0.8051573832575403,0.807810808561853,58.899638083124515,39.572546669894194,84.04057260679417,6.8553154263412254e-09,0.7104680385773241,1,1,0.8051573832575403,simple,simple,simple,growing,Linear Model,Simple,0.766305726,243
2602,326,0.7503398223269334,0.5604386803473652,-8.121322167561607,0.7771036822473444,0.7772021455451903,44.2803526196613,9.332042861817646,44.46988804199479,1.4396564337355319e-06,0.5165879768135324,1,1,0.7771036822473444,simple,simple,simple,growing,Linear Model,Simple,0.750339822,326
2603,319,0.26338413042133324,0.09035698438303327,-0.8746257623599927,0.2699516412112054,0.4208202279861638,50.153,49.2699,49.640100000000004,0.7421884536090092,0.004306960408594943,0,2,0.4208202279861638,complex,complex,complex,growing,-,Complex,,319
2605,269,0.6721586137912757,0.3733289249807226,-4.678323300236596,0.7307387247618639,0.7317381191791785,56.57583308817378,16.484165701496394,57.58995613467902,3.92393694796589e-10,0.7323841536468392,1,1,0.7307387247618639,intermediate,intermediate,intermediate,growing,Linear Model,Intermediate,0.672158614,269
2606,293,0.6144150677296668,0.30070550236264637,-3.3052023626858955,0.6362960572762016,0.6396131989625602,27.139994761088733,43.14910044708065,69.8679997936861,0.00025941762717148685,0.7484459212808243,1,1,0.6362960572762016,intermediate,intermediate,intermediate,growing,Linear Model,Intermediate,0.614415068,293
2607,291,0.7297781303613522,0.46578585649869075,-7.0517232100742,0.7752313212680817,0.7796682690784568,41.62307611683223,21.602585154369336,62.70834303905141,4.386102975791472e-11,0.24751266176803677,1,1,0.7752313212680817,intermediate,intermediate,intermediate,growing,Segmented Model (1 Bp),Intermediate,0.775231321,291
2608,296,0.6055958456990713,0.31901507705943244,-4.573676394247321,0.6703938488794619,0.6767189705125352,51.57999831833831,47.659990277916734,74.605,3.2084680846848314e-12,0.020179153176078875,2,2,0.6767189705125352,intermediate,intermediate,intermediate,growing,Linear Model,Intermediate,0.605595846,296
2609,270,0.7233114723383067,0.35641787098931765,-5.940482587240628,0.774170427788384,0.7763720222054418,46.14972294804761,44.06618106685572,78.81404828779088,1.6998051180838257e-09,0.7200760846355407,1,1,0.774170427788384,intermediate,intermediate,intermediate,growing,Segmented Model (1 Bp),Intermediate,0.774170428,270
2610,332,0.6797320900616974,0.3717420672988865,-6.050863719353331,0.7362567002281803,0.739616699965129,57.1700015212414,38.43838450421834,77.32001684772837,6.781453277882518e-13,0.2346394458284496,1,1,0.7362567002281803,intermediate,intermediate,intermediate,growing,Linear Model,Intermediate,0.67973209,332
2611,224,0.5602860724047576,0.3735286799384343,-6.190721592810223,0.6671814149068882,0.6740184721568877,52.28006672917483,59.30812854263765,65.49793310974682,1.5054722077341702e-11,0.8245873948267659,1,1,0.6671814149068882,intermediate,intermediate,intermediate,growing,Linear Model,Intermediate,0.560286072,224
2612,287,0.8032367925067595,0.4686098587524799,-7.130709174957344,0.8195181657829657,0.8197118141971839,31.55824375938368,30.990063903616896,106.48599999999998,0.00010561515300024622,0.5845501953558738,1,1,0.8195181657829657,simple,simple,simple,growing,Linear Model,Simple,0.803236793,287
2613,337,0.5300071162724299,0.2556115234552579,-3.8158711338477866,0.6105043966319846,0.6208212667302134,57.41765564195885,27.180075420894372,69.76492883968353,2.6969077997487986e-14,0.007735930410363433,2,2,0.6208212667302134,intermediate,intermediate,intermediate,growing,Linear Model,Intermediate,0.530007116,337
2614,298,0.7469059631410657,0.4839300703825133,-6.4854069506063405,0.7845536584251964,0.7894656719231834,62.35988507560663,28.030195608244693,81.9875,9.25439294076487e-12,0.005063790670368645,2,2,0.7894656719231834,intermediate,intermediate,intermediate,growing,Segmented Model (1 Bp),Intermediate,0.784553662,298
2615,301,0.785098685604596,0.4822647959524077,-6.936069449732678,0.8243368418622852,0.8300105170560701,33.89384391514679,48.910037466925566,74.43267274259622,1.476967261497096e-09,0.6882716808462029,1,1,0.8243368418622852,simple,simple,simple,growing,Linear Model,Simple,0.785098686,301
2616,332,0.7676887240522858,0.5233073805611828,-8.018063554954608,0.827852206160288,0.8279997691284595,39.94028265518081,27.140949332764812,40.34059203789388,6.15092437612527e-13,0.12428161640882758,1,1,0.827852206160288,simple,simple,simple,growing,Linear Model,Simple,0.767688724,332
2617,295,0.7159177420925653,0.37861305834935927,-5.302463011299125,0.7925134379051261,0.8078555940656039,46.60998905777523,63.359818546532956,66.50109743411154,1.245372204745213e-13,0.06196666798001598,1,1,0.7925134379051261,intermediate,intermediate,intermediate,growing,Segmented Model (1 Bp),Intermediate,0.792513439,295
2618,316,0.7140161001525501,0.42946006136100817,-6.279708371840113,0.7556427041014538,0.7724974086030463,40.223750144496435,69.67690896298008,72.81085021326241,5.298377246162685e-06,0.007369353339101647,2,2,0.7724974086030463,intermediate,intermediate,intermediate,growing,Segmented Model (1 Bp),Intermediate,0.755642704,316
2620,467,0.6212812986245732,0.30924806581753533,-2.9033257038040694,0.642813666763027,0.6431277213274987,28.1699888436297,6.961506945058252,28.19999442450297,2.384707556389515e-05,0.7565907269700047,1,1,0.642813666763027,intermediate,intermediate,intermediate,growing,Linear Model,Intermediate,0.621281299,467
2622,270,0.7579900314798476,0.4442595092363763,-5.952085328319199,0.7757221555356192,0.776376224218904,32.527391460241006,26.449971695844518,57.18405990064312,0.0003284982549870817,0.8615000606534091,1,1,0.7757221555356192,simple,simple,simple,growing,Linear Model,Simple,0.757990031,270
2623,274,0.6881945453434725,0.3911567772887029,-5.4873900674502165,0.7239600135758003,0.726531467450638,42.579999795704914,23.665318825761936,65.60065277872687,9.081823565153293e-07,0.887369759366052,1,1,0.7239600135758003,intermediate,intermediate,intermediate,growing,Linear Model,Intermediate,0.688194545,274
2624,286,0.6444598872110814,0.36403263527675933,-4.040500631300158,0.6698724301960874,0.6780652711138878,37.5600915872805,49.86909984689155,60.67,0.0006117795188140626,0.014762627251020748,2,2,0.6780652711138878,intermediate,intermediate,intermediate,growing,Linear Model,Intermediate,0.644459887,286
2625,277,0.7561549407852349,0.4449225382392998,-5.761445317869471,0.7890765457227262,0.7926216213720404,40.55759975617285,48.16813279144553,73.21966352127353,1.1540808737907463e-07,0.5680085109972774,1,1,0.7890765457227262,simple,simple,simple,growing,Linear Model,Simple,0.756154941,277
2626,332,0.6858696933891574,0.33028751453716015,-4.44876793523516,0.7524907578757605,0.758541044515162,41.9185316542442,33.655752209933716,70.16549999999997,3.6743856557883317e-16,0.019339666460819083,2,2,0.758541044515162,intermediate,intermediate,intermediate,growing,Segmented Model (1 Bp),Intermediate,0.752490758,332
2627,253,0.828333804251557,0.5556603425812048,-7.230431540175164,0.836680829358156,0.8377297979302726,40.16000364963484,48.88822172060131,70.70400328287478,0.05546655879821453,0.3516297645687546,0,1,0.836680829358156,simple,simple,simple,growing,Linear Model,Simple,0.828333804,253
2628,177,0.9198923079583137,0.6800480043437718,-10.87072323007661,0.9395357528238298,0.9398378439540045,58.47999782933296,53.17330625214345,130.52450994204472,6.2491778690527115e-09,0.0609501839067224,1,1,0.9395357528238298,simple,simple,simple,growing,Linear Model,Simple,0.919892308,177
2629,145,0.8204683230173393,0.5475162538157158,-6.299325172247411,0.8248710256124555,0.8270906834600551,24.589686883583624,38.959954471009844,54.50676838574038,0.40816595313346504,0.47896873593822065,0,0,0.8204683230173393,simple,simple,simple,growing,Linear Model,Simple,0.820468323,145
2630,157,0.5600790198785607,0.19656575165639495,-3.4409653613424434,0.5779939973251208,0.6665926536221168,119.20799999933216,107.20989999999999,118.68010000000001,0.5753913536172074,0.00012277004658174854,0,2,0.6665926536221168,intermediate,intermediate,intermediate,growing,Linear Model,Intermediate,0.56007902,157
2631,137,0.6263012088843173,0.20760123562831442,-4.0419358084328865,0.8229033589976162,0.8275086699790902,92.38952239313885,37.59361186367323,92.39001256853913,5.543139135503227e-13,0.059306713450625,1,1,0.8229033589976162,intermediate,intermediate,intermediate,growing,Segmented Model (1 Bp),Intermediate,0.82290367,137
2632,217,0.6441910346103705,0.39991575984494104,-5.575091994473977,0.6977057742462173,0.6998138679725143,33.364079029116326,30.895911812374266,54.00151761603181,7.005335866016663e-08,0.3362076901087293,1,1,0.6977057742462173,intermediate,intermediate,intermediate,growing,Linear Model,Intermediate,0.644191035,217
