GCIN,weighting,n_days,frac_close,max_abs_diff,mean_abs_diff,ratio_totals,corr_lag_m1,corr_lag_0,corr_lag_p1,min_valid_frac,best_lag
3494,prcp/area,14610,0.105544,20.7124,0.512983,1.02957,0.248274,0.981068,0.246541,1,0
3494,prcp/coverage,14610,0.105613,20.7062,0.512894,1.02957,0.248264,0.981072,0.246605,1,0
3494,prcp_corrected/area,14610,0.106092,19.812,0.519262,1.03535,0.249655,0.980798,0.247274,1,0
3494,prcp_corrected/coverage,14610,0.106023,19.8057,0.519165,1.03535,0.249646,0.980802,0.247338,1,0
3495,prcp/area,14610,0.0812457,19.5199,0.460498,0.981682,0.281514,0.985391,0.275088,1,0
3495,prcp/coverage,14610,0.0815195,19.5282,0.46017,0.9816,0.281649,0.985412,0.274892,1,0
3495,prcp_corrected/area,14610,0.081588,26.7941,0.497348,1.03891,0.282602,0.985761,0.277343,1,0
3495,prcp_corrected/coverage,14610,0.081588,26.8048,0.496948,1.0388,0.282733,0.985784,0.27715,1,0
3496,prcp/area,14610,0.194114,22.9479,0.692859,0.90416,0.296113,0.978567,0.275797,1,0
3496,prcp/coverage,14610,0.193977,22.9418,0.69289,0.904155,0.296114,0.978567,0.275802,1,0
3496,prcp_corrected/area,14610,0.193771,25.7214,0.647848,0.961707,0.297485,0.980139,0.277056,1,0
3496,prcp_corrected/coverage,14610,0.193703,25.7119,0.647871,0.961706,0.297487,0.98014,0.277061,1,0
3497,prcp/area,14610,0.175496,18.8805,0.693445,0.915903,0.286348,0.980635,0.269523,1,0
3497,prcp/coverage,14610,0.175359,18.8783,0.69342,0.915917,0.28634,0.980636,0.269542,1,0
3497,prcp_corrected/area,14610,0.175017,18.1614,0.657048,0.976055,0.286614,0.981949,0.269996,1,0
3497,prcp_corrected/coverage,14610,0.175086,18.1594,0.657031,0.976074,0.286606,0.98195,0.270016,1,0
3498,prcp/area,14610,0.197947,32.689,0.755294,0.97629,0.247562,0.971148,0.231668,1,0
3498,prcp/coverage,14610,0.197947,32.6851,0.755353,0.976292,0.247558,0.971145,0.231665,1,0
3498,prcp_corrected/area,14610,0.198631,25.7014,0.735422,1.01383,0.249866,0.974669,0.232862,1,0
3498,prcp_corrected/coverage,14610,0.198631,25.6984,0.735486,1.01384,0.249861,0.974665,0.232859,1,0
3499,prcp/area,14610,0.202875,23.6089,0.696797,0.969099,0.300852,0.975123,0.308357,1,0
3499,prcp/coverage,14610,0.202943,23.6088,0.696787,0.969099,0.300854,0.975124,0.308347,1,0
3499,prcp_corrected/area,14610,0.203012,29.4985,0.72647,1.02252,0.299974,0.97431,0.308439,1,0
3499,prcp_corrected/coverage,14610,0.203149,29.4983,0.72646,1.02252,0.299976,0.974311,0.30843,1,0
3500,prcp/area,14610,0.141136,21.7632,0.761071,0.925595,0.396858,0.969545,0.35627,1,0
3500,prcp/coverage,14610,0.141136,21.7692,0.761006,0.925601,0.396855,0.96955,0.356264,1,0
3500,prcp_corrected/area,14610,0.14011,25.1091,0.77577,0.978018,0.398553,0.967647,0.358898,1,0
3500,prcp_corrected/coverage,14610,0.140383,25.1171,0.775702,0.977991,0.398549,0.967652,0.358891,1,0
3501,prcp/area,14610,0.163244,42.8499,1.01201,0.916552,0.287695,0.949781,0.374833,1,0
3501,prcp/coverage,14610,0.163244,42.8494,1.012,0.916553,0.287694,0.949782,0.374832,1,0
3501,prcp_corrected/area,14610,0.162628,40.5611,0.999729,0.970368,0.287887,0.951464,0.375276,1,0
3501,prcp_corrected/coverage,14610,0.162628,40.5607,0.999711,0.970369,0.287886,0.951466,0.375275,1,0
3502,prcp/area,14610,0.155031,19.4007,0.575623,0.951083,0.292237,0.985436,0.260336,1,0
3502,prcp/coverage,14610,0.155236,19.392,0.575556,0.951132,0.292208,0.985441,0.260363,1,0
3502,prcp_corrected/area,14610,0.154757,18.3542,0.55966,1.02148,0.293628,0.987738,0.26175,1,0
3502,prcp_corrected/coverage,14610,0.154757,18.3537,0.559705,1.02155,0.293598,0.987741,0.261776,1,0
3503,prcp/area,14610,0.17447,34.491,0.720697,0.953019,0.29121,0.977074,0.247238,1,0
3503,prcp/coverage,14610,0.174401,34.4878,0.720654,0.953031,0.291204,0.977078,0.247239,1,0
3503,prcp_corrected/area,14610,0.175359,26.972,0.715737,1.01231,0.292456,0.979451,0.248062,1,0
3503,prcp_corrected/coverage,14610,0.175496,26.9682,0.715703,1.01233,0.292449,0.979455,0.248063,1,0
3504,prcp/area,14610,0.179466,33.7723,0.715792,0.938866,0.287434,0.97425,0.263616,1,0
3504,prcp/coverage,14610,0.179535,33.7727,0.715765,0.938875,0.287429,0.974253,0.263622,1,0
3504,prcp_corrected/area,14610,0.177687,28.4721,0.690002,0.992388,0.288845,0.97719,0.265315,1,0
3504,prcp_corrected/coverage,14610,0.177892,28.4716,0.689966,0.992405,0.28884,0.977194,0.265322,1,0
3505,prcp/area,14610,0.155852,17.558,0.670149,0.935479,0.370184,0.976555,0.340134,1,0
3505,prcp/coverage,14610,0.156057,17.5454,0.670056,0.935498,0.370174,0.976562,0.340126,1,0
3505,prcp_corrected/area,14610,0.15462,18.2534,0.669548,0.967193,0.370701,0.975687,0.341376,1,0
3505,prcp_corrected/coverage,14610,0.154415,18.2404,0.669462,0.967184,0.37069,0.975697,0.34137,1,0
3506,prcp/area,14610,0.159548,24.6141,0.765022,0.924888,0.348839,0.974554,0.358212,1,0
3506,prcp/coverage,14610,0.159754,24.5969,0.765024,0.924869,0.348827,0.974559,0.358221,1,0
3506,prcp_corrected/area,14610,0.157426,25.5713,0.760283,0.998034,0.352177,0.972897,0.361749,1,0
3506,prcp_corrected/coverage,14610,0.157837,25.5487,0.760258,0.998002,0.352165,0.972901,0.361757,1,0
3507,prcp/area,14610,0.086037,28.4845,1.16602,0.969881,0.477064,0.933726,0.440578,1,0
3507,prcp/coverage,14610,0.0861739,28.492,1.16613,0.969874,0.477068,0.933714,0.44054,1,0
3507,prcp_corrected/area,14610,0.0867899,29.6344,1.20038,1.02382,0.479163,0.933998,0.442253,1,0
3507,prcp_corrected/coverage,14610,0.0869952,29.6394,1.20049,1.02381,0.479167,0.933986,0.442215,1,0
3508,prcp/area,14610,0.0930869,41.6956,1.18307,0.958191,0.510301,0.936487,0.49178,1,0
3508,prcp/coverage,14610,0.0930869,41.697,1.18307,0.958211,0.51031,0.936486,0.491773,1,0
3508,prcp_corrected/area,14610,0.092334,33.4169,1.22403,1.02417,0.512714,0.933748,0.496115,1,0
3508,prcp_corrected/coverage,14610,0.0922656,33.419,1.22403,1.02416,0.512721,0.933747,0.496107,1,0
3509,prcp/area,14610,0.115332,50.6351,1.46671,0.913157,0.50159,0.906417,0.431018,1,0
3509,prcp/coverage,14610,0.115264,50.6354,1.46671,0.91316,0.501597,0.906415,0.431011,1,0
3509,prcp_corrected/area,14610,0.115195,42.8245,1.47061,0.985795,0.505505,0.908037,0.438959,1,0
3509,prcp_corrected/coverage,14610,0.115195,42.8249,1.47061,0.985794,0.505512,0.908036,0.438952,1,0
3510,prcp/area,14610,0.112183,56.9518,1.29228,0.939059,0.433693,0.923733,0.399982,1,0
3510,prcp/coverage,14610,0.112183,56.9509,1.29229,0.939061,0.433691,0.923731,0.399982,1,0
3510,prcp_corrected/area,14610,0.111499,49.1191,1.29371,1.01519,0.437066,0.929178,0.405432,1,0
3510,prcp_corrected/coverage,14610,0.111499,49.118,1.29372,1.01519,0.437064,0.929177,0.405432,1,0
3511,prcp/area,14610,0.115537,57.6357,1.37035,0.926893,0.434112,0.91702,0.37567,1,0
3511,prcp/coverage,14610,0.115537,57.6349,1.37031,0.926887,0.434105,0.917025,0.375679,1,0
3511,prcp_corrected/area,14610,0.114442,55.0438,1.3781,1.01818,0.436782,0.920579,0.380424,1,0
3511,prcp_corrected/coverage,14610,0.114579,55.0426,1.37806,1.01818,0.436776,0.920584,0.380432,1,0
3512,prcp/area,14610,0.103012,65.1297,1.39916,0.935934,0.448027,0.908095,0.369915,1,0
3512,prcp/coverage,14610,0.103012,65.1235,1.39901,0.935919,0.448016,0.908113,0.369942,1,0
3512,prcp_corrected/area,14610,0.10219,58.4939,1.40914,1.02036,0.449835,0.912568,0.375374,1,0
3512,prcp_corrected/coverage,14610,0.102259,58.4861,1.40901,1.02036,0.449824,0.912584,0.375399,1,0
3513,prcp/area,14610,0.145448,79.6784,1.85329,0.986494,0.455363,0.856281,0.345219,1,0
3513,prcp/coverage,14610,0.145448,79.6784,1.85329,0.986494,0.455363,0.856281,0.345219,1,0
3513,prcp_corrected/area,14610,0.145927,71.1198,1.87921,1.02797,0.45673,0.859794,0.349515,1,0
3513,prcp_corrected/coverage,14610,0.145927,71.1198,1.87921,1.02797,0.45673,0.859794,0.349515,1,0
3514,prcp/area,14610,0.132717,31.5839,1.17438,0.925844,0.409384,0.946927,0.330178,1,0
3514,prcp/coverage,14610,0.132717,31.5851,1.17434,0.925832,0.409378,0.94693,0.330176,1,0
3514,prcp_corrected/area,14610,0.132101,56.0752,1.32589,1.0869,0.417854,0.942631,0.338309,1,0
3514,prcp_corrected/coverage,14610,0.131759,56.0791,1.32584,1.0869,0.417848,0.942634,0.338307,1,0
3515,prcp/area,14610,0.174127,51.1095,1.36298,1.0114,0.442086,0.929433,0.344186,1,0
3515,prcp/coverage,14610,0.174127,51.11,1.36296,1.0114,0.442086,0.929434,0.344186,1,0
3515,prcp_corrected/area,14610,0.173922,69.0595,1.49128,1.10601,0.448995,0.92811,0.349315,1,0
3515,prcp_corrected/coverage,14610,0.173854,69.0606,1.49127,1.10601,0.448995,0.928112,0.349315,1,0
3516,prcp/area,14610,0.158658,33.4367,0.745354,0.948141,0.336522,0.972389,0.300492,1,0
3516,prcp/coverage,14610,0.158932,33.4513,0.745383,0.948143,0.3365,0.972386,0.300496,1,0
3516,prcp_corrected/area,14610,0.157495,41.965,0.738279,0.986266,0.339283,0.972834,0.303093,1,0
3516,prcp_corrected/coverage,14610,0.157563,41.9829,0.738318,0.986262,0.33926,0.97283,0.303096,1,0
3517,prcp/area,14610,0.171663,22.2177,0.83807,0.940984,0.347034,0.967024,0.311908,1,0
3517,prcp/coverage,14610,0.1718,22.2371,0.838082,0.940991,0.347027,0.967023,0.311904,1,0
3517,prcp_corrected/area,14610,0.172416,29.5163,0.816742,1.00004,0.35174,0.96992,0.316151,1,0
3517,prcp_corrected/coverage,14610,0.172348,29.5393,0.816751,1.00003,0.351733,0.969918,0.316147,1,0
3518,prcp/area,14610,0.156194,21.5645,0.792919,0.915658,0.35876,0.972483,0.318949,1,0
3518,prcp/coverage,14610,0.156194,21.5606,0.792791,0.915655,0.358735,0.97249,0.318986,1,0
3518,prcp_corrected/area,14610,0.154552,25.4701,0.766367,0.97731,0.363571,0.974043,0.323969,1,0
3518,prcp_corrected/coverage,14610,0.154415,25.4649,0.766161,0.977295,0.363549,0.974055,0.324004,1,0
3519,prcp/area,14610,0.162971,29.4167,0.919467,0.90568,0.362254,0.96591,0.310645,1,0
3519,prcp/coverage,14610,0.162697,29.4036,0.919431,0.905673,0.362246,0.965912,0.310663,1,0
3519,prcp_corrected/area,14610,0.162628,36.6758,0.908197,0.98091,0.367227,0.967277,0.315163,1,0
3519,prcp_corrected/coverage,14610,0.16256,36.6594,0.908151,0.980903,0.36722,0.967279,0.315181,1,0
3520,prcp/area,14610,0.129774,40.9264,1.04803,0.940864,0.365658,0.959839,0.349245,1,0
3520,prcp/coverage,14610,0.129843,40.9305,1.04804,0.940871,0.365651,0.959838,0.349248,1,0
3520,prcp_corrected/area,14610,0.129843,41.4674,1.10762,1.04658,0.373632,0.95717,0.357753,1,0
3520,prcp_corrected/coverage,14610,0.129979,41.4601,1.1076,1.04658,0.373625,0.957171,0.357755,1,0
3521,prcp/area,14610,0.130048,34.7372,0.943686,0.957398,0.370137,0.967055,0.34787,1,0
3521,prcp/coverage,14610,0.130048,34.7372,0.943692,0.957388,0.370138,0.967054,0.34786,1,0
3521,prcp_corrected/area,14610,0.128679,44.5816,0.997897,1.04523,0.375016,0.966091,0.352857,1,0
3521,prcp_corrected/coverage,14610,0.128611,44.5924,0.997893,1.04522,0.375017,0.966092,0.352847,1,0
3522,prcp/area,14610,0.137714,32.1562,0.928873,0.958066,0.36065,0.96931,0.323451,1,0
3522,prcp/coverage,14610,0.137714,32.1572,0.928851,0.958056,0.360654,0.969311,0.323442,1,0
3522,prcp_corrected/area,14610,0.138398,49.8687,0.954171,1.03462,0.367238,0.969735,0.329735,1,0
3522,prcp_corrected/coverage,14610,0.13833,49.8673,0.954136,1.03461,0.367241,0.969737,0.329725,1,0
3523,prcp/area,14610,0.154141,30.9573,1.03005,0.956637,0.359516,0.967195,0.28097,1,0
3523,prcp/coverage,14610,0.154278,30.9404,1.02996,0.956573,0.359519,0.967201,0.280956,1,0
3523,prcp_corrected/area,14610,0.153457,34.3041,1.04612,0.994348,0.362772,0.9668,0.283892,1,0
3523,prcp_corrected/coverage,14610,0.153525,34.288,1.046,0.994295,0.362777,0.966807,0.283879,1,0
3524,prcp/area,14610,0.152841,26.6387,0.841729,0.933151,0.365535,0.972632,0.308649,1,0
3524,prcp/coverage,14610,0.152704,26.6912,0.841802,0.933036,0.365511,0.972623,0.30869,1,0
3524,prcp_corrected/area,14610,0.152088,24.0468,0.849287,1.01746,0.371009,0.974286,0.314382,1,0
3524,prcp_corrected/coverage,14610,0.152156,24.0374,0.849265,1.01736,0.370986,0.974277,0.314423,1,0
3525,prcp/area,14610,0.165914,53.9997,1.16637,0.924108,0.347598,0.949655,0.30506,1,0
3525,prcp/coverage,14610,0.165914,54.0051,1.16639,0.924094,0.347596,0.949652,0.30506,1,0
3525,prcp_corrected/area,14610,0.164545,55.884,1.18724,1.0425,0.355798,0.95248,0.31291,1,0
3525,prcp_corrected/coverage,14610,0.164545,55.8823,1.18725,1.04249,0.355796,0.952477,0.312911,1,0
3526,prcp/area,14610,0.157495,56.8215,1.16416,0.92392,0.349085,0.9496,0.307843,1,0
3526,prcp/coverage,14610,0.157495,56.8289,1.16422,0.923898,0.349084,0.949594,0.307838,1,0
3526,prcp_corrected/area,14610,0.15729,52.9819,1.17834,1.04255,0.357411,0.952769,0.315712,1,0
3526,prcp_corrected/coverage,14610,0.157495,52.9837,1.17838,1.04253,0.35741,0.952764,0.315707,1,0
3527,prcp/area,14610,0.121629,59.8253,1.24629,0.897931,0.396155,0.943759,0.351716,1,0
3527,prcp/coverage,14610,0.121629,59.8254,1.24632,0.897915,0.39616,0.943757,0.351697,1,0
3527,prcp_corrected/area,14610,0.121766,51.9494,1.24631,1.01425,0.407369,0.947465,0.360484,1,0
3527,prcp_corrected/coverage,14610,0.121903,51.9489,1.24633,1.01425,0.407375,0.947464,0.360466,1,0
3528,prcp/area,14610,0.148734,21.8975,1.03524,0.948361,0.264394,0.977614,0.217789,1,0
3528,prcp/coverage,14610,0.148665,21.8976,1.03526,0.948357,0.264394,0.977613,0.217791,1,0
3528,prcp_corrected/area,14610,0.148734,22.5912,1.04269,0.97598,0.265342,0.977501,0.21919,1,0
3528,prcp_corrected/coverage,14610,0.148734,22.5894,1.04272,0.975983,0.265342,0.9775,0.219192,1,0
3529,prcp/area,14610,0.149966,19.6551,0.813921,0.95569,0.254343,0.985154,0.21705,1,0
3529,prcp/coverage,14610,0.150034,19.6559,0.813969,0.955708,0.254338,0.985153,0.217059,1,0
3529,prcp_corrected/area,14610,0.150034,23.6031,0.814634,0.979051,0.255453,0.985291,0.218319,1,0
3529,prcp_corrected/coverage,14610,0.149966,23.6046,0.814694,0.979072,0.255448,0.985289,0.218328,1,0
3530,prcp/area,14610,0.145859,22.5184,0.803462,0.927079,0.251746,0.986287,0.221302,1,0
3530,prcp/coverage,14610,0.145927,22.5124,0.80345,0.927117,0.251738,0.986287,0.221316,1,0
3530,prcp_corrected/area,14610,0.146407,21.7165,0.787322,0.963229,0.252828,0.986054,0.222355,1,0
3530,prcp_corrected/coverage,14610,0.146201,21.7184,0.787351,0.963265,0.25282,0.986053,0.22237,1,0
3531,prcp/area,14610,0.20883,42.4758,0.724488,0.936537,0.243006,0.979198,0.237809,1,0
3531,prcp/coverage,14610,0.20883,42.4719,0.724474,0.93654,0.243006,0.9792,0.237808,1,0
3531,prcp_corrected/area,14610,0.208214,54.4115,0.727014,1.0201,0.243911,0.978918,0.23827,1,0
3531,prcp_corrected/coverage,14610,0.208214,54.4071,0.727,1.0201,0.243911,0.978919,0.238268,1,0
3532,prcp/area,14610,0.183984,33.5737,0.886934,0.931749,0.293785,0.970558,0.253133,1,0
3532,prcp/coverage,14610,0.183984,33.5737,0.886934,0.931749,0.293785,0.970558,0.253133,1,0
3532,prcp_corrected/area,14610,0.18412,46.7118,0.943309,1.03452,0.294168,0.969326,0.253219,1,0
3532,prcp_corrected/coverage,14610,0.18412,46.7118,0.943309,1.03452,0.294168,0.969326,0.253219,1,0
3533,prcp/area,14610,0.186585,33.6381,0.726623,0.897372,0.281266,0.980915,0.26319,1,0
3533,prcp/coverage,14610,0.186516,33.6358,0.7266,0.897374,0.281266,0.980917,0.263191,1,0
3533,prcp_corrected/area,14610,0.186585,57.8959,0.685912,1.00652,0.283033,0.981371,0.264238,1,0
3533,prcp_corrected/coverage,14610,0.186585,57.8932,0.685891,1.00652,0.283034,0.981373,0.264238,1,0
3534,prcp/area,14610,0.165982,29.1161,0.814719,0.921933,0.295264,0.975708,0.296254,1,0
3534,prcp/coverage,14610,0.165982,29.1156,0.81475,0.92193,0.295264,0.975706,0.29625,1,0
3534,prcp_corrected/area,14610,0.166872,41.5176,0.81316,1.01319,0.296179,0.97554,0.297029,1,0
3534,prcp_corrected/coverage,14610,0.16694,41.5202,0.813194,1.01319,0.296178,0.975538,0.297025,1,0
3535,prcp/area,14610,0.172348,36.6494,0.946895,0.927127,0.285548,0.962525,0.332205,1,0
3535,prcp/coverage,14610,0.172348,36.6493,0.946908,0.927126,0.285546,0.962524,0.332207,1,0
3535,prcp_corrected/area,14610,0.172621,36.6926,0.943439,0.98517,0.286901,0.962771,0.334092,1,0
3535,prcp_corrected/coverage,14610,0.172621,36.693,0.943452,0.985169,0.2869,0.96277,0.334094,1,0
3536,prcp/area,14610,0.149213,34.0428,0.894197,0.923705,0.295774,0.966414,0.330833,1,0
3536,prcp/coverage,14610,0.149213,34.0416,0.894162,0.923711,0.295775,0.966416,0.330833,1,0
3536,prcp_corrected/area,14610,0.149555,29.6509,0.887316,0.986401,0.297214,0.967022,0.333032,1,0
3536,prcp_corrected/coverage,14610,0.149555,29.6434,0.887282,0.986405,0.297215,0.967025,0.333031,1,0
3537,prcp/area,14610,0.178371,42.1252,0.925938,0.91497,0.281073,0.965202,0.320853,1,0
3537,prcp/coverage,14610,0.178234,42.1252,0.925925,0.914987,0.281068,0.965202,0.320865,1,0
3537,prcp_corrected/area,14610,0.176934,63.6787,0.913907,1.02883,0.28413,0.966301,0.324415,1,0
3537,prcp_corrected/coverage,14610,0.17707,63.6794,0.913917,1.02885,0.284125,0.966301,0.324427,1,0
3538,prcp/area,14610,0.156537,29.973,0.769752,0.92583,0.312019,0.976568,0.261465,1,0
3538,prcp/coverage,14610,0.1564,29.9725,0.769753,0.925825,0.312019,0.976568,0.261464,1,0
3538,prcp_corrected/area,14610,0.155236,21.2709,0.789681,0.992863,0.314016,0.97653,0.263598,1,0
3538,prcp_corrected/coverage,14610,0.155441,21.2688,0.789673,0.992855,0.314016,0.97653,0.263598,1,0
3539,prcp/area,14610,0.184257,39.1257,0.886801,0.914789,0.281308,0.974454,0.283474,1,0
3539,prcp/coverage,14610,0.184326,39.1158,0.8868,0.914786,0.28131,0.974454,0.283462,1,0
3539,prcp_corrected/area,14610,0.183641,40.5331,0.92111,0.999806,0.282095,0.970102,0.284711,1,0
3539,prcp_corrected/coverage,14610,0.183641,40.5386,0.921102,0.9998,0.282097,0.970103,0.284699,1,0
3540,prcp/area,14610,0.168652,29.1899,0.764785,0.970669,0.272966,0.974577,0.294125,1,0
3540,prcp/coverage,14610,0.168583,29.1891,0.764878,0.970661,0.272961,0.97457,0.294143,1,0
3540,prcp_corrected/area,14610,0.168994,28.4838,0.782763,1.00371,0.273484,0.97338,0.295417,1,0
3540,prcp_corrected/coverage,14610,0.169062,28.4921,0.782849,1.00371,0.273479,0.973375,0.295436,1,0
3541,prcp/area,14610,0.182409,20.6524,0.629966,0.978353,0.277359,0.982873,0.27456,1,0
3541,prcp/coverage,14610,0.182478,20.6546,0.629993,0.978369,0.277346,0.982872,0.274569,1,0
3541,prcp_corrected/area,14610,0.182683,24.1072,0.658364,1.00074,0.278069,0.980346,0.275277,1,0
3541,prcp_corrected/coverage,14610,0.182752,24.1102,0.658373,1.00073,0.278055,0.980346,0.275285,1,0
3542,prcp/area,14610,0.143943,34.4238,0.92206,0.930142,0.363458,0.966005,0.336918,1,0
3542,prcp/coverage,14610,0.144216,34.4096,0.922063,0.930159,0.363435,0.966008,0.336928,1,0
3542,prcp_corrected/area,14610,0.143258,25.5903,0.955744,1.03934,0.365817,0.96654,0.340138,1,0
3542,prcp_corrected/coverage,14610,0.143463,25.5747,0.955766,1.03932,0.365791,0.966541,0.340144,1,0
3543,prcp/area,14610,0.200479,35.8085,1.08104,0.893696,0.321737,0.96521,0.257956,1,0
3543,prcp/coverage,14610,0.200479,35.8081,1.08104,0.893692,0.321736,0.965209,0.257959,1,0
3543,prcp_corrected/area,14610,0.200274,39.156,1.15227,0.918704,0.320526,0.956808,0.259404,1,0
3543,prcp_corrected/coverage,14610,0.200274,39.1566,1.15227,0.918702,0.320525,0.956808,0.259407,1,0
3544,prcp/area,14610,0.148392,27.728,0.765446,0.921458,0.343731,0.980355,0.294399,1,0
3544,prcp/coverage,14610,0.148528,27.7331,0.765331,0.921408,0.343732,0.980362,0.29441,1,0
3544,prcp_corrected/area,14610,0.147365,24.3569,0.774665,0.982516,0.344148,0.979013,0.295886,1,0
3544,prcp_corrected/coverage,14610,0.147502,24.3483,0.774509,0.982529,0.34415,0.979024,0.295895,1,0
3545,prcp/area,14610,0.191513,48.2829,1.42921,0.896585,0.402636,0.932923,0.257664,1,0
3545,prcp/coverage,14610,0.191513,48.2849,1.42923,0.896584,0.402635,0.932921,0.257665,1,0
3545,prcp_corrected/area,14610,0.191376,65.8123,1.51505,0.981002,0.40495,0.929179,0.262207,1,0
3545,prcp_corrected/coverage,14610,0.191376,65.8119,1.51506,0.980998,0.404949,0.929177,0.262208,1,0
3546,prcp/area,14610,0.180082,58.358,1.23316,0.883711,0.392994,0.95539,0.283641,1,0
3546,prcp/coverage,14610,0.179877,58.3563,1.23321,0.883695,0.392995,0.955387,0.28364,1,0
3546,prcp_corrected/area,14610,0.179055,71.3601,1.35222,1.08212,0.397542,0.955648,0.290334,1,0
3546,prcp_corrected/coverage,14610,0.178919,71.3741,1.35218,1.08209,0.397544,0.955645,0.290332,1,0
3547,prcp/area,14610,0.17447,32.7689,0.805603,0.9426,0.315833,0.977587,0.303836,1,0
3547,prcp/coverage,14610,0.174606,32.7681,0.805605,0.942585,0.31584,0.977587,0.303819,1,0
3547,prcp_corrected/area,14610,0.173032,51.9205,0.840234,1.03461,0.316384,0.9773,0.304753,1,0
3547,prcp_corrected/coverage,14610,0.173169,51.9199,0.840224,1.03459,0.316391,0.9773,0.304736,1,0
3548,prcp/area,14610,0.157495,30.0201,0.906531,0.947181,0.34892,0.973028,0.33556,1,0
3548,prcp/coverage,14610,0.157426,30.0191,0.90645,0.947133,0.348909,0.973036,0.335568,1,0
3548,prcp_corrected/area,14610,0.156947,29.8528,0.92864,1.03882,0.349546,0.974207,0.337236,1,0
3548,prcp_corrected/coverage,14610,0.156879,29.8411,0.928466,1.03877,0.349534,0.974214,0.337243,1,0
3549,prcp/area,14610,0.147639,40.4554,0.933123,0.960918,0.365089,0.971914,0.333392,1,0
3549,prcp/coverage,14610,0.147502,40.4537,0.933048,0.96088,0.365079,0.971919,0.333404,1,0
3549,prcp_corrected/area,14610,0.14757,37.7703,0.970956,1.03642,0.36613,0.973047,0.335326,1,0
3549,prcp_corrected/coverage,14610,0.14757,37.7679,0.970824,1.03639,0.366119,0.973051,0.335337,1,0
3550,prcp/area,14610,0.148939,52.6216,0.995173,0.972809,0.374336,0.967629,0.303617,1,0
3550,prcp/coverage,14610,0.148871,52.6083,0.995118,0.972781,0.374334,0.967631,0.303618,1,0
3550,prcp_corrected/area,14610,0.149281,54.5375,1.04262,1.03548,0.375545,0.968355,0.305589,1,0
3550,prcp_corrected/coverage,14610,0.14935,54.5229,1.04255,1.03546,0.375543,0.968357,0.30559,1,0
3551,prcp/area,14610,0.147433,54.0401,1.22566,0.98201,0.405828,0.958383,0.298189,1,0
3551,prcp/coverage,14610,0.14757,54.0363,1.22567,0.982003,0.40582,0.958382,0.298192,1,0
3551,prcp_corrected/area,14610,0.148255,56.3465,1.27669,1.03013,0.409266,0.958299,0.301754,1,0
3551,prcp_corrected/coverage,14610,0.148186,56.3438,1.2767,1.03013,0.409257,0.958298,0.301758,1,0
3552,prcp/area,14610,0.115264,60.6393,1.31972,0.978604,0.391246,0.952007,0.263916,1,0
3552,prcp/coverage,14610,0.11499,60.6328,1.31959,0.978575,0.391232,0.952015,0.263928,1,0
3552,prcp_corrected/area,14610,0.114716,64.3198,1.38513,1.03846,0.392208,0.952243,0.265628,1,0
3552,prcp_corrected/coverage,14610,0.115127,64.3146,1.385,1.03844,0.392194,0.952251,0.265641,1,0
3553,prcp/area,14610,0.121287,72.4649,1.77039,0.97925,0.371995,0.922911,0.229365,1,0
3553,prcp/coverage,14610,0.121218,72.4512,1.77032,0.97924,0.371991,0.922917,0.229375,1,0
3553,prcp_corrected/area,14610,0.120739,78.2973,1.84137,1.04102,0.371419,0.923949,0.229355,1,0
3553,prcp_corrected/coverage,14610,0.120739,78.2812,1.84129,1.04102,0.371414,0.923955,0.229364,1,0
3554,prcp/area,14610,0.165435,77.6584,1.44445,0.921563,0.354141,0.948366,0.247747,1,0
3554,prcp/coverage,14610,0.165435,77.659,1.44445,0.921564,0.35414,0.948365,0.247747,1,0
3554,prcp_corrected/area,14610,0.164613,77.3423,1.59544,1.05726,0.359853,0.946604,0.25255,1,0
3554,prcp_corrected/coverage,14610,0.164613,77.3417,1.59544,1.05725,0.359853,0.946604,0.25255,1,0
3555,prcp/area,14610,0.116085,87.1622,1.72145,0.962305,0.371005,0.926398,0.234569,1,0
3555,prcp/coverage,14610,0.116085,87.1644,1.72147,0.96231,0.371005,0.926397,0.234563,1,0
3555,prcp_corrected/area,14610,0.115127,99.3052,1.83105,1.04105,0.372165,0.926766,0.235957,1,0
3555,prcp_corrected/coverage,14610,0.115058,99.3048,1.83107,1.04105,0.372164,0.926766,0.235951,1,0
3556,prcp/area,14610,0.148871,27.9619,0.698487,0.922313,0.269873,0.986018,0.240713,1,0
3556,prcp/coverage,14610,0.148802,27.9614,0.69849,0.922325,0.269873,0.986017,0.240715,1,0
3556,prcp_corrected/area,14610,0.148802,25.442,0.685817,0.965017,0.270305,0.985292,0.241098,1,0
3556,prcp_corrected/coverage,14610,0.148802,25.4417,0.685838,0.96503,0.270305,0.985291,0.241101,1,0
3557,prcp/area,14610,0.122177,37.5166,1.12656,0.884555,0.344834,0.962082,0.284833,1,0
3557,prcp/coverage,14610,0.122108,37.5141,1.12666,0.884541,0.344831,0.962077,0.284853,1,0
3557,prcp_corrected/area,14610,0.120602,35.7792,1.14587,0.95762,0.344509,0.958025,0.28487,1,0
3557,prcp_corrected/coverage,14610,0.120602,35.7766,1.14595,0.957607,0.344506,0.958019,0.284889,1,0
3558,prcp/area,14610,0.156263,27.7955,0.937128,0.96343,0.340963,0.967396,0.250408,1,0
3558,prcp/coverage,14610,0.156331,27.7886,0.937087,0.963414,0.340963,0.967398,0.250442,1,0
3558,prcp_corrected/area,14610,0.156605,26.551,1.0009,1.02789,0.34169,0.965109,0.251546,1,0
3558,prcp_corrected/coverage,14610,0.156537,26.5432,1.00086,1.02789,0.341689,0.96511,0.25158,1,0
3559,prcp/area,14610,0.128679,41.0799,1.25061,0.818286,0.32661,0.969515,0.260609,1,0
3559,prcp/coverage,14610,0.128611,41.0787,1.25059,0.81829,0.326613,0.969516,0.260612,1,0
3559,prcp_corrected/area,14610,0.128611,36.3008,1.16146,0.900278,0.326722,0.966843,0.260889,1,0
3559,prcp_corrected/coverage,14610,0.128679,36.3,1.16144,0.900294,0.326724,0.966844,0.260892,1,0
3560,prcp/area,14610,0.121834,31.7999,0.940839,0.905913,0.33892,0.971731,0.26618,1,0
3560,prcp/coverage,14610,0.121903,31.7932,0.940931,0.905906,0.338924,0.971727,0.266211,1,0
3560,prcp_corrected/area,14610,0.122656,30.3902,0.963469,0.970772,0.339255,0.969009,0.266967,1,0
3560,prcp_corrected/coverage,14610,0.122656,30.3828,0.963551,0.970783,0.339257,0.969004,0.266997,1,0
3561,prcp/area,14610,0.131075,27.7567,0.994832,0.936278,0.243658,0.976225,0.236568,1,0
3561,prcp/coverage,14610,0.131075,27.758,0.994879,0.936278,0.243657,0.976223,0.236569,1,0
3561,prcp_corrected/area,14610,0.130048,25.5098,1.01412,0.980708,0.246309,0.975612,0.239154,1,0
3561,prcp_corrected/coverage,14610,0.130048,25.5119,1.01418,0.980725,0.246308,0.975609,0.239155,1,0
3562,prcp/area,14610,0.132717,25.9879,0.782783,0.949124,0.25006,0.984011,0.236433,1,0
3562,prcp/coverage,14610,0.132786,25.9875,0.782879,0.949157,0.250053,0.984007,0.236436,1,0
3562,prcp_corrected/area,14610,0.131896,21.1112,0.792254,0.989373,0.252493,0.983983,0.238737,1,0
3562,prcp_corrected/coverage,14610,0.131828,21.1094,0.792404,0.98942,0.252487,0.983978,0.238741,1,0
3563,prcp/area,14610,0.169268,19.3726,0.589564,1.00519,0.261799,0.987554,0.227769,1,0
3563,prcp/coverage,14610,0.169268,19.3748,0.589532,1.0052,0.261797,0.987556,0.227773,1,0
3563,prcp_corrected/area,14610,0.169541,20.0319,0.628529,1.04409,0.261934,0.987853,0.227741,1,0
3563,prcp_corrected/coverage,14610,0.169541,20.0311,0.628507,1.0441,0.261932,0.987855,0.227745,1,0
3564,prcp/area,14610,0.126899,27.7554,0.972077,0.984652,0.322694,0.967413,0.218487,1,0
3564,prcp/coverage,14610,0.126899,27.7636,0.972159,0.984657,0.322699,0.967407,0.218481,1,0
3564,prcp_corrected/area,14610,0.126694,51.3362,1.04607,1.04738,0.32294,0.965919,0.21897,1,0
3564,prcp_corrected/coverage,14610,0.126626,51.3419,1.04615,1.04739,0.322944,0.965914,0.218964,1,0
3565,prcp/area,14610,0.121013,25.0954,0.887993,0.977699,0.322499,0.971632,0.223573,1,0
3565,prcp/coverage,14610,0.121081,25.094,0.888105,0.977715,0.322508,0.971625,0.223555,1,0
3565,prcp_corrected/area,14610,0.120329,46.6401,0.95147,1.04139,0.322925,0.970941,0.224174,1,0
3565,prcp_corrected/coverage,14610,0.120329,46.6621,0.951592,1.0414,0.322934,0.970934,0.224156,1,0
3566,prcp/area,14610,0.122724,32.6853,1.16607,0.935591,0.360026,0.953587,0.188826,1,0
3566,prcp/coverage,14610,0.122724,32.6841,1.16607,0.935587,0.360028,0.953586,0.188826,1,0
3566,prcp_corrected/area,14610,0.123272,63.0149,1.31379,1.04977,0.359223,0.950162,0.188586,1,0
3566,prcp_corrected/coverage,14610,0.123272,63.0155,1.3138,1.04977,0.359225,0.950162,0.188586,1,0
3567,prcp/area,14610,0.121629,34.9357,1.06772,0.926604,0.344981,0.961597,0.204125,1,0
3567,prcp/coverage,14610,0.121629,34.938,1.06779,0.926604,0.344987,0.961592,0.204104,1,0
3567,prcp_corrected/area,14610,0.12115,49.8322,1.15121,1.01997,0.344914,0.959163,0.203782,1,0
3567,prcp_corrected/coverage,14610,0.121218,49.8519,1.15132,1.01999,0.34492,0.959157,0.203761,1,0
3568,prcp/area,14610,0.119507,30.6884,0.889984,0.909174,0.289422,0.972855,0.303401,1,0
3568,prcp/coverage,14610,0.119507,30.6897,0.89001,0.909168,0.289422,0.972853,0.303395,1,0
3568,prcp_corrected/area,14610,0.119507,23.4618,0.867398,1.00765,0.29066,0.973477,0.304295,1,0
3568,prcp_corrected/coverage,14610,0.119507,23.4632,0.867434,1.00765,0.29066,0.973476,0.304289,1,0
3569,prcp/area,14610,0.134223,42.3764,1.06202,0.997318,0.349588,0.959342,0.196457,1,0
3569,prcp/coverage,14610,0.134223,42.3738,1.06201,0.997316,0.349588,0.959343,0.196457,1,0
3569,prcp_corrected/area,14610,0.134018,60.9302,1.1931,1.08002,0.349012,0.956584,0.196096,1,0
3569,prcp_corrected/coverage,14610,0.134018,60.9323,1.19309,1.08002,0.349011,0.956584,0.196096,1,0
3570,prcp/area,14610,0.119028,30.7844,0.826851,0.973199,0.333513,0.973698,0.237942,1,0
3570,prcp/coverage,14610,0.11896,30.7934,0.827015,0.97322,0.333539,0.973689,0.237886,1,0
3570,prcp_corrected/area,14610,0.118754,39.1204,0.905058,1.05075,0.333828,0.972135,0.238001,1,0
3570,prcp_corrected/coverage,14610,0.118823,39.1569,0.905276,1.05078,0.333853,0.972125,0.237944,1,0
3571,prcp/area,14610,0.128816,40.3777,0.996837,1.00136,0.250209,0.963462,0.246815,1,0
3571,prcp/coverage,14610,0.128816,40.3777,0.996821,1.00135,0.250211,0.963463,0.246806,1,0
3571,prcp_corrected/area,14610,0.128679,40.3634,1.03798,1.0454,0.251032,0.962351,0.247834,1,0
3571,prcp_corrected/coverage,14610,0.128611,40.3634,1.03797,1.0454,0.251035,0.962352,0.247825,1,0
3572,prcp/area,14610,0.130527,39.0369,0.911854,0.916983,0.304092,0.970812,0.363398,1,0
3572,prcp/coverage,14610,0.130595,39.0376,0.911834,0.916989,0.304094,0.970813,0.363399,1,0
3572,prcp_corrected/area,14610,0.128611,30.386,0.878383,1.00796,0.305303,0.971433,0.364048,1,0
3572,prcp_corrected/coverage,14610,0.128679,30.3891,0.878365,1.00795,0.305304,0.971434,0.364049,1,0
3573,prcp/area,14610,0.154894,43.7193,0.969294,1.01763,0.284041,0.965746,0.234855,1,0
3573,prcp/coverage,14610,0.154825,43.7194,0.969293,1.01762,0.284044,0.965745,0.234868,1,0
3573,prcp_corrected/area,14610,0.153936,43.7034,0.979938,1.04094,0.285491,0.965863,0.236147,1,0
3573,prcp_corrected/coverage,14610,0.154004,43.7035,0.979943,1.04093,0.285494,0.965862,0.23616,1,0
3574,prcp/area,14610,0.171047,48.1535,0.998491,0.908919,0.315173,0.967011,0.267299,1,0
3574,prcp/coverage,14610,0.171047,48.1541,0.99849,0.908916,0.315172,0.967012,0.267306,1,0
3574,prcp_corrected/area,14610,0.169815,36.5458,0.989364,1.01894,0.316583,0.967881,0.268804,1,0
3574,prcp_corrected/coverage,14610,0.169815,36.547,0.989353,1.01893,0.316582,0.967881,0.268811,1,0
3575,prcp/area,14610,0.153046,45.5626,1.03413,1.0291,0.263974,0.9633,0.208988,1,0
3575,prcp/coverage,14610,0.152977,45.5626,1.03421,1.02911,0.263977,0.963296,0.208975,1,0
3575,prcp_corrected/area,14610,0.152909,45.4991,1.07236,1.07131,0.26508,0.964003,0.210054,1,0
3575,prcp_corrected/coverage,14610,0.153183,45.4991,1.07243,1.07131,0.265083,0.964,0.210041,1,0
3576,prcp/area,14610,0.185832,35.3451,0.944412,0.945312,0.318525,0.969464,0.289719,1,0
3576,prcp/coverage,14610,0.185832,35.345,0.944419,0.945318,0.318523,0.969464,0.289718,1,0
3576,prcp_corrected/area,14610,0.184189,25.7518,0.95464,1.01464,0.320687,0.971373,0.291713,1,0
3576,prcp_corrected/coverage,14610,0.184257,25.7518,0.954653,1.01465,0.320684,0.971372,0.291712,1,0
3577,prcp/area,14610,0.153251,35.8231,0.827212,0.934873,0.227545,0.975043,0.241425,1,0
3577,prcp/coverage,14610,0.153251,35.8235,0.827217,0.934872,0.227545,0.975042,0.241426,1,0
3577,prcp_corrected/area,14610,0.15332,34.8409,0.82772,1.02281,0.228228,0.975083,0.242016,1,0
3577,prcp_corrected/coverage,14610,0.15332,34.8402,0.827724,1.02281,0.228228,0.975083,0.242017,1,0
3578,prcp/area,14610,0.142231,28.8293,0.828344,0.932001,0.240595,0.974636,0.258259,1,0
3578,prcp/coverage,14610,0.142163,28.8298,0.828357,0.931997,0.240594,0.974635,0.258262,1,0
3578,prcp_corrected/area,14610,0.14141,27.2366,0.824804,1.02616,0.241416,0.97531,0.258824,1,0
3578,prcp_corrected/coverage,14610,0.141342,27.2323,0.824811,1.02616,0.241415,0.97531,0.258827,1,0
3579,prcp/area,14610,0.13347,29.6723,0.813926,0.936077,0.246873,0.975135,0.268898,1,0
3579,prcp/coverage,14610,0.133607,29.67,0.813948,0.936067,0.246877,0.975135,0.268882,1,0
3579,prcp_corrected/area,14610,0.131964,25.3288,0.807907,1.02629,0.247666,0.975619,0.269136,1,0
3579,prcp_corrected/coverage,14610,0.132033,25.3259,0.807916,1.02629,0.24767,0.975619,0.269121,1,0
3580,prcp/area,14610,0.169336,31.6287,0.705796,0.96655,0.234031,0.979506,0.229156,1,0
3580,prcp/coverage,14610,0.169473,31.6222,0.7058,0.966554,0.23403,0.979506,0.229157,1,0
3580,prcp_corrected/area,14610,0.168652,39.4791,0.737827,1.04495,0.234996,0.97953,0.229888,1,0
3580,prcp_corrected/coverage,14610,0.168515,39.4718,0.737835,1.04495,0.234995,0.979531,0.229888,1,0
3581,prcp/area,14610,0.166735,31.5112,0.731935,0.948489,0.24283,0.97868,0.246179,1,0
3581,prcp/coverage,14610,0.166461,31.5048,0.731871,0.948488,0.242834,0.978684,0.246163,1,0
3581,prcp_corrected/area,14610,0.166598,33.0983,0.742344,1.03228,0.243589,0.978619,0.246829,1,0
3581,prcp_corrected/coverage,14610,0.166324,33.0986,0.742277,1.03228,0.243592,0.978624,0.246814,1,0
3582,prcp/area,14610,0.172348,29.1786,0.964497,0.908315,0.264346,0.967792,0.337857,1,0
3582,prcp/coverage,14610,0.172279,29.1766,0.964456,0.908328,0.264344,0.967795,0.33786,1,0
3582,prcp_corrected/area,14610,0.170979,24.0302,0.945845,1.02339,0.267083,0.969428,0.34061,1,0
3582,prcp_corrected/coverage,14610,0.171116,24.0266,0.945826,1.0234,0.26708,0.969431,0.340612,1,0
3583,prcp/area,14610,0.168925,33.0915,0.77974,0.924461,0.357551,0.975357,0.369299,1,0
3583,prcp/coverage,14610,0.169062,33.0879,0.77975,0.924457,0.357524,0.975357,0.369334,1,0
3583,prcp_corrected/area,14610,0.169131,27.2397,0.784983,1.03698,0.359434,0.976091,0.371745,1,0
3583,prcp_corrected/coverage,14610,0.169199,27.2278,0.78499,1.03698,0.359407,0.976091,0.371781,1,0
3584,prcp/area,14610,0.132854,44.7709,0.88691,1.01746,0.291013,0.969954,0.275255,1,0
3584,prcp/coverage,14610,0.132717,44.7711,0.886878,1.01745,0.291017,0.969956,0.275262,1,0
3584,prcp_corrected/area,14610,0.132923,44.7474,0.905948,1.0421,0.291446,0.969682,0.276264,1,0
3584,prcp_corrected/coverage,14610,0.132854,44.7476,0.905916,1.0421,0.291449,0.969683,0.276271,1,0
3585,prcp/area,14610,0.12026,34.7146,0.846891,0.952735,0.29282,0.974,0.290278,1,0
3585,prcp/coverage,14610,0.12026,34.7093,0.84691,0.952727,0.292818,0.973999,0.290281,1,0
3585,prcp_corrected/area,14610,0.119781,56.0439,0.881392,1.04348,0.294069,0.974115,0.291675,1,0
3585,prcp_corrected/coverage,14610,0.119713,56.0389,0.881405,1.04347,0.294067,0.974114,0.291677,1,0
3586,prcp/area,14610,0.119781,26.5778,0.977923,0.942781,0.279718,0.968681,0.213825,1,0
3586,prcp/coverage,14610,0.119781,26.5781,0.977923,0.942778,0.279716,0.968681,0.213826,1,0
3586,prcp_corrected/area,14610,0.119713,45.897,1.0637,1.04383,0.278968,0.968029,0.213951,1,0
3586,prcp_corrected/coverage,14610,0.119781,45.8983,1.06369,1.04382,0.278966,0.968029,0.213951,1,0
3587,prcp/area,14610,0.191581,30.0538,0.848448,0.990389,0.276753,0.977006,0.258659,1,0
3587,prcp/coverage,14610,0.19165,30.0498,0.848443,0.990387,0.276751,0.977007,0.258666,1,0
3587,prcp_corrected/area,14610,0.191239,42.6036,0.959815,1.04115,0.275359,0.971139,0.257561,1,0
3587,prcp_corrected/coverage,14610,0.191307,42.5997,0.959812,1.04115,0.275356,0.971139,0.257567,1,0
3588,prcp/area,14610,0.238261,26.5365,0.984099,0.9677,0.277111,0.970038,0.248366,1,0
3588,prcp/coverage,14610,0.238261,26.5365,0.984098,0.9677,0.277111,0.970038,0.248366,1,0
3588,prcp_corrected/area,14610,0.237577,43.3912,1.1142,1.02478,0.274784,0.961666,0.246637,1,0
3588,prcp_corrected/coverage,14610,0.237577,43.3911,1.11419,1.02478,0.274784,0.961666,0.246638,1,0
3589,prcp/area,14610,0.19295,36.2923,0.769989,1.01447,0.263892,0.981283,0.255263,1,0
3589,prcp/coverage,14610,0.19295,36.2898,0.769989,1.01447,0.263887,0.981283,0.255267,1,0
3589,prcp_corrected/area,14610,0.193224,42.6376,0.820527,1.04071,0.263429,0.97931,0.254986,1,0
3589,prcp_corrected/coverage,14610,0.193224,42.6346,0.820524,1.04071,0.263424,0.97931,0.25499,1,0
3590,prcp/area,14610,0.204038,27.6417,0.858615,0.964214,0.261336,0.978332,0.242314,1,0
3590,prcp/coverage,14610,0.204038,27.6434,0.858628,0.964215,0.261334,0.978331,0.242316,1,0
3590,prcp_corrected/area,14610,0.203149,43.6979,0.913689,1.00676,0.261136,0.974804,0.242527,1,0
3590,prcp_corrected/coverage,14610,0.203149,43.6997,0.913703,1.00676,0.261134,0.974803,0.242529,1,0
3591,prcp/area,14610,0.181109,25.4812,0.852698,0.977724,0.279267,0.977187,0.23375,1,0
3591,prcp/coverage,14610,0.181246,25.4794,0.852666,0.97772,0.279264,0.977188,0.233759,1,0
3591,prcp_corrected/area,14610,0.181246,32.6875,0.925634,1.02617,0.279347,0.973921,0.233913,1,0
3591,prcp_corrected/coverage,14610,0.181177,32.6826,0.925605,1.02617,0.279343,0.973923,0.233922,1,0
3592,prcp/area,14610,0.17269,24.5468,0.799407,0.975119,0.270112,0.98025,0.232626,1,0
3592,prcp/coverage,14610,0.172758,24.5448,0.799372,0.975121,0.270101,0.980252,0.232653,1,0
3592,prcp_corrected/area,14610,0.17269,33.8763,0.871377,1.02776,0.270235,0.977209,0.232883,1,0
3592,prcp_corrected/coverage,14610,0.17269,33.8721,0.871343,1.02776,0.270225,0.97721,0.23291,1,0
3593,prcp/area,14610,0.179466,21.4347,0.696124,0.996482,0.259332,0.984501,0.282411,1,0
3593,prcp/coverage,14610,0.179261,21.4399,0.696112,0.996491,0.259332,0.984501,0.282397,1,0
3593,prcp_corrected/area,14610,0.179261,33.5814,0.748156,1.03206,0.259283,0.982926,0.282426,1,0
3593,prcp_corrected/coverage,14610,0.179124,33.5837,0.748144,1.03206,0.259282,0.982926,0.282412,1,0
3594,prcp/area,14610,0.165503,18.8448,0.649754,0.989963,0.254276,0.986589,0.28976,1,0
3594,prcp/coverage,14610,0.165572,18.856,0.64969,0.989978,0.254272,0.986592,0.289754,1,0
3594,prcp_corrected/area,14610,0.16564,23.2898,0.692671,1.02654,0.254538,0.98522,0.289939,1,0
3594,prcp_corrected/coverage,14610,0.165777,23.3066,0.692624,1.02656,0.254535,0.985222,0.289934,1,0
3595,prcp/area,14610,0.166461,18.2198,0.74482,0.984468,0.245843,0.983974,0.219022,1,0
3595,prcp/coverage,14610,0.166393,18.2218,0.744761,0.984477,0.24584,0.983976,0.219043,1,0
3595,prcp_corrected/area,14610,0.165092,22.6457,0.808658,1.03457,0.246349,0.982302,0.219517,1,0
3595,prcp_corrected/coverage,14610,0.165024,22.6387,0.808606,1.03457,0.246346,0.982303,0.219538,1,0
3596,prcp/area,14610,0.178371,29.8957,0.694406,0.98103,0.232124,0.98361,0.245431,1,0
3596,prcp/coverage,14610,0.178439,29.8817,0.694364,0.981027,0.232107,0.983613,0.245477,1,0
3596,prcp_corrected/area,14610,0.177823,35.784,0.710509,1.00293,0.232558,0.982898,0.24592,1,0
3596,prcp_corrected/coverage,14610,0.177755,35.771,0.710478,1.00294,0.232542,0.982901,0.245967,1,0
3597,prcp/area,14610,0.165572,17.1598,0.660771,0.982901,0.24305,0.986552,0.239469,1,0
3597,prcp/coverage,14610,0.165435,17.1512,0.660765,0.982926,0.24306,0.986552,0.239431,1,0
3597,prcp_corrected/area,14610,0.165982,23.1044,0.717896,1.03768,0.24326,0.985231,0.239922,1,0
3597,prcp_corrected/coverage,14610,0.165914,23.0961,0.717919,1.0377,0.243269,0.985231,0.239884,1,0
3598,prcp/area,14610,0.15729,21.0974,0.75132,1.02346,0.211938,0.982891,0.212407,1,0
3598,prcp/coverage,14610,0.15729,21.1073,0.751445,1.02348,0.211929,0.982886,0.212411,1,0
3598,prcp_corrected/area,14610,0.156674,22.7965,0.756486,1.03495,0.212785,0.983296,0.213164,1,0
3598,prcp_corrected/coverage,14610,0.156605,22.7967,0.756581,1.03495,0.212775,0.983291,0.213166,1,0
3599,prcp/area,14610,0.159548,27.501,0.736215,0.982694,0.268022,0.979391,0.278103,1,0
3599,prcp/coverage,14610,0.159617,27.4989,0.736224,0.982692,0.268023,0.97939,0.278093,1,0
3599,prcp_corrected/area,14610,0.15989,32.0773,0.769973,1.04395,0.269462,0.980005,0.279751,1,0
3599,prcp_corrected/coverage,14610,0.159822,32.0752,0.769976,1.04394,0.269463,0.980005,0.279741,1,0
3600,prcp/area,14610,0.158248,21.23,0.869102,0.991775,0.269884,0.976821,0.231393,1,0
3600,prcp/coverage,14610,0.158179,21.2296,0.869104,0.991779,0.269882,0.976821,0.2314,1,0
3600,prcp_corrected/area,14610,0.158179,22.3797,0.885635,1.00725,0.27089,0.976156,0.232411,1,0
3600,prcp_corrected/coverage,14610,0.158179,22.3789,0.885634,1.00725,0.270888,0.976156,0.232418,1,0
3601,prcp/area,14610,0.169815,35.4296,0.940864,0.962013,0.26131,0.972394,0.242262,1,0
3601,prcp/coverage,14610,0.169815,35.4248,0.940828,0.962011,0.261307,0.972396,0.24227,1,0
3601,prcp_corrected/area,14610,0.169884,28.61,0.984076,1.02507,0.262097,0.970767,0.243509,1,0
3601,prcp_corrected/coverage,14610,0.169952,28.6078,0.984039,1.02508,0.262093,0.97077,0.243517,1,0
3602,prcp/area,14610,0.170431,27.9014,0.825722,0.964055,0.254993,0.978765,0.23711,1,0
3602,prcp/coverage,14610,0.170431,27.8893,0.825681,0.964058,0.254984,0.978767,0.237124,1,0
3602,prcp_corrected/area,14610,0.170842,27.0238,0.858497,1.00733,0.255639,0.97781,0.237968,1,0
3602,prcp_corrected/coverage,14610,0.170773,27.0153,0.858461,1.00734,0.25563,0.977813,0.237982,1,0
3603,prcp/area,14610,0.179535,23.6315,0.808789,0.995706,0.253012,0.978533,0.230286,1,0
3603,prcp/coverage,14610,0.179466,23.6272,0.808793,0.995711,0.253004,0.978533,0.230294,1,0
3603,prcp_corrected/area,14610,0.17974,34.3432,0.853593,1.03725,0.253365,0.977679,0.23076,1,0
3603,prcp_corrected/coverage,14610,0.179671,34.3379,0.853605,1.03726,0.253357,0.977679,0.230768,1,0
3604,prcp/area,14610,0.135661,23.8149,0.776744,0.982137,0.257408,0.980294,0.234366,1,0
3604,prcp/coverage,14610,0.135729,23.8154,0.776785,0.982135,0.2574,0.980292,0.234367,1,0
3604,prcp_corrected/area,14610,0.135181,23.2603,0.8072,1.02392,0.258217,0.979208,0.235593,1,0
3604,prcp_corrected/coverage,14610,0.135113,23.2686,0.807236,1.02392,0.258209,0.979206,0.235595,1,0
3605,prcp/area,14610,0.150719,37.8075,0.994803,0.958867,0.242396,0.966978,0.234459,1,0
3605,prcp/coverage,14610,0.150719,37.8077,0.994784,0.958868,0.242396,0.966979,0.234456,1,0
3605,prcp_corrected/area,14610,0.149692,37.8655,1.02513,1.01259,0.243156,0.965614,0.235506,1,0
3605,prcp_corrected/coverage,14610,0.149624,37.8656,1.02511,1.01259,0.243156,0.965615,0.235502,1,0
3606,prcp/area,14610,0.119781,22.7669,0.772398,0.981592,0.257961,0.979719,0.235796,1,0
3606,prcp/coverage,14610,0.119713,22.7671,0.772348,0.981588,0.257957,0.979722,0.235792,1,0
3606,prcp_corrected/area,14610,0.120397,22.8153,0.798615,1.0218,0.259022,0.979031,0.23715,1,0
3606,prcp_corrected/coverage,14610,0.120465,22.8155,0.798576,1.02179,0.259018,0.979033,0.237146,1,0
3607,prcp/area,14610,0.118549,24.5651,0.767761,0.981185,0.262803,0.979694,0.24018,1,0
3607,prcp/coverage,14610,0.118686,24.5656,0.76771,0.981183,0.262803,0.979695,0.240162,1,0
3607,prcp_corrected/area,14610,0.118549,24.6158,0.794073,1.02131,0.263853,0.979067,0.24152,1,0
3607,prcp_corrected/coverage,14610,0.118823,24.6162,0.794044,1.02131,0.263852,0.979068,0.241502,1,0
3608,prcp/area,14610,0.123203,36.9473,0.827107,0.984624,0.311283,0.973688,0.340144,1,0
3608,prcp/coverage,14610,0.123203,36.9483,0.827091,0.984623,0.311294,0.973689,0.340114,1,0
3608,prcp_corrected/area,14610,0.122108,36.9945,0.854746,1.02623,0.311302,0.973165,0.341002,1,0
3608,prcp_corrected/coverage,14610,0.122177,36.9955,0.854734,1.02623,0.311314,0.973166,0.340972,1,0
3609,prcp/area,14610,0.110746,25.2593,0.732979,0.978977,0.274801,0.980941,0.252763,1,0
3609,prcp/coverage,14610,0.110815,25.2609,0.732951,0.978985,0.274814,0.980941,0.252702,1,0
3609,prcp_corrected/area,14610,0.111567,25.3058,0.757719,1.02117,0.275763,0.980476,0.254088,1,0
3609,prcp_corrected/coverage,14610,0.111294,25.3074,0.757719,1.02118,0.275776,0.980476,0.254027,1,0
3610,prcp/area,14610,0.197399,26.34,0.875014,0.967942,0.231779,0.976504,0.269052,1,0
3610,prcp/coverage,14610,0.197467,26.3428,0.875023,0.967944,0.231778,0.976503,0.269054,1,0
3610,prcp_corrected/area,14610,0.196646,27.0675,0.903543,1.02213,0.231932,0.975666,0.268444,1,0
3610,prcp_corrected/coverage,14610,0.196646,27.0703,0.903553,1.02213,0.231931,0.975666,0.268445,1,0
3611,prcp/area,14610,0.155921,28.4909,1.0676,0.917406,0.301376,0.965821,0.209775,1,0
3611,prcp/coverage,14610,0.155921,28.4927,1.06762,0.917403,0.301376,0.96582,0.209773,1,0
3611,prcp_corrected/area,14610,0.155578,39.7868,1.13704,1.0259,0.301072,0.9652,0.209911,1,0
3611,prcp_corrected/coverage,14610,0.155578,39.7899,1.13706,1.0259,0.301072,0.965198,0.209909,1,0
3612,prcp/area,14610,0.165777,66.9753,1.34046,0.971362,0.403233,0.957282,0.289348,1,0
3612,prcp/coverage,14610,0.165982,66.976,1.34046,0.971354,0.403227,0.957283,0.289355,1,0
3612,prcp_corrected/area,14610,0.165572,65.8817,1.35363,1.00376,0.404632,0.957689,0.290264,1,0
3612,prcp_corrected/coverage,14610,0.165572,65.8829,1.35363,1.00376,0.404626,0.957689,0.290271,1,0
3613,prcp/area,14610,0.188569,22.1645,0.638331,0.990194,0.224513,0.988047,0.231061,1,0
3613,prcp/coverage,14610,0.188364,22.1787,0.638352,0.990193,0.2245,0.988046,0.231077,1,0
3613,prcp_corrected/area,14610,0.188227,33.4353,0.714506,1.05087,0.224203,0.985796,0.230654,1,0
3613,prcp_corrected/coverage,14610,0.187953,33.4237,0.71449,1.05085,0.224189,0.985795,0.230669,1,0
3614,prcp/area,14610,0.156605,21.1853,0.558537,0.989255,0.233731,0.990669,0.229702,1,0
3614,prcp/coverage,14610,0.156674,21.2169,0.558616,0.989242,0.233714,0.990668,0.229707,1,0
3614,prcp_corrected/area,14610,0.155852,32.4085,0.627867,1.0528,0.234046,0.989291,0.229907,1,0
3614,prcp_corrected/coverage,14610,0.155921,32.3684,0.627834,1.05274,0.234029,0.989292,0.229912,1,0
3615,prcp/area,14610,0.1705,31.4505,0.853473,0.969949,0.22798,0.978017,0.208482,1,0
3615,prcp/coverage,14610,0.170363,31.453,0.853462,0.969948,0.22798,0.978018,0.20848,1,0
3615,prcp_corrected/area,14610,0.171321,32.103,0.904833,1.02665,0.227489,0.976338,0.208555,1,0
3615,prcp_corrected/coverage,14610,0.171389,32.0997,0.904823,1.02665,0.22749,0.976338,0.208553,1,0
3616,prcp/area,14610,0.161396,23.6295,0.791679,0.977699,0.232882,0.981096,0.219943,1,0
3616,prcp/coverage,14610,0.161191,23.6234,0.791703,0.977693,0.23288,0.981096,0.219934,1,0
3616,prcp_corrected/area,14610,0.160712,31.2444,0.843026,1.03372,0.232632,0.979488,0.220256,1,0
3616,prcp_corrected/coverage,14610,0.16037,31.2282,0.843068,1.03372,0.23263,0.979487,0.220247,1,0
3617,prcp/area,14610,0.158453,21.9368,0.693708,0.976818,0.245207,0.985636,0.23093,1,0
3617,prcp/coverage,14610,0.158179,21.9278,0.693846,0.976807,0.245193,0.985634,0.230908,1,0
3617,prcp_corrected/area,14610,0.158522,37.2682,0.748504,1.04353,0.245855,0.984398,0.231911,1,0
3617,prcp_corrected/coverage,14610,0.158316,37.2353,0.748547,1.04349,0.245841,0.984398,0.231888,1,0
3618,prcp/area,14610,0.148802,18.2547,0.549168,0.98549,0.241563,0.990913,0.233486,1,0
3618,prcp/coverage,14610,0.148802,18.2378,0.549234,0.985475,0.241538,0.990912,0.233482,1,0
3618,prcp_corrected/area,14610,0.147775,34.4782,0.617368,1.05309,0.242182,0.989711,0.234071,1,0
3618,prcp_corrected/coverage,14610,0.147707,34.4421,0.617314,1.05302,0.242157,0.989713,0.234065,1,0
3619,prcp/area,14610,0.164887,26.5844,0.799437,0.980836,0.270598,0.981529,0.248623,1,0
3619,prcp/coverage,14610,0.164682,26.5789,0.799417,0.980828,0.270594,0.981531,0.248613,1,0
3619,prcp_corrected/area,14610,0.162834,51.2758,0.868137,1.04581,0.2713,0.980072,0.249596,1,0
3619,prcp_corrected/coverage,14610,0.163039,51.266,0.868074,1.04579,0.271296,0.980075,0.249586,1,0
3620,prcp/area,14610,0.139562,16.6903,0.545569,0.982659,0.257364,0.991096,0.244103,1,0
3620,prcp/coverage,14610,0.139699,16.6905,0.545489,0.982637,0.257322,0.991101,0.244099,1,0
3620,prcp_corrected/area,14610,0.138398,37.3852,0.618702,1.0517,0.258214,0.989877,0.245112,1,0
3620,prcp_corrected/coverage,14610,0.137988,37.3711,0.618523,1.05162,0.258173,0.989886,0.245105,1,0
3621,prcp/area,14610,0.184942,23.5628,0.795582,0.984164,0.216422,0.980548,0.180878,1,0
3621,prcp/coverage,14610,0.185079,23.5651,0.795558,0.984166,0.216416,0.98055,0.180873,1,0
3621,prcp_corrected/area,14610,0.183847,27.2181,0.864177,1.0463,0.217314,0.979365,0.182204,1,0
3621,prcp_corrected/coverage,14610,0.183778,27.2111,0.864151,1.0463,0.217309,0.979368,0.1822,1,0
3622,prcp/area,14610,0.186037,42.6086,1.01858,0.973201,0.212139,0.968122,0.280326,1,0
3622,prcp/coverage,14610,0.186037,42.6073,1.01857,0.973202,0.212139,0.968123,0.280321,1,0
3622,prcp_corrected/area,14610,0.185558,32.2783,1.05339,1.04467,0.21262,0.96838,0.281535,1,0
3622,prcp_corrected/coverage,14610,0.185558,32.2807,1.05338,1.04466,0.21262,0.968381,0.28153,1,0
3623,prcp/area,14610,0.17091,37.1149,0.783567,0.968173,0.252197,0.979759,0.253545,1,0
3623,prcp/coverage,14610,0.171116,37.1354,0.783519,0.968171,0.252167,0.979763,0.253608,1,0
3623,prcp_corrected/area,14610,0.170226,45.2007,0.858262,1.05451,0.251279,0.978676,0.253154,1,0
3623,prcp_corrected/coverage,14610,0.1705,45.192,0.858199,1.05451,0.251249,0.978682,0.253217,1,0
3624,prcp/area,14610,0.175017,32.5809,0.791446,0.993963,0.266201,0.983807,0.230964,1,0
3624,prcp/coverage,14610,0.174812,32.5938,0.791426,0.993953,0.266196,0.983807,0.230959,1,0
3624,prcp_corrected/area,14610,0.175086,57.975,0.919386,1.08064,0.268208,0.983419,0.233254,1,0
3624,prcp_corrected/coverage,14610,0.174743,57.9881,0.919337,1.08063,0.268203,0.98342,0.233248,1,0
3625,prcp/area,14610,0.153799,26.1729,0.778529,0.988837,0.282946,0.984513,0.256462,1,0
3625,prcp/coverage,14610,0.153799,26.1779,0.778522,0.988818,0.28294,0.984513,0.256442,1,0
3625,prcp_corrected/area,14610,0.154141,40.8096,0.884878,1.06979,0.285699,0.984569,0.259817,1,0
3625,prcp_corrected/coverage,14610,0.154278,40.8481,0.88486,1.06978,0.285693,0.98457,0.259796,1,0
3626,prcp/area,14610,0.168515,47.3824,1.08738,0.948195,0.333433,0.969952,0.272232,1,0
3626,prcp/coverage,14610,0.168583,47.3859,1.08738,0.948188,0.33343,0.969952,0.272228,1,0
3626,prcp_corrected/area,14610,0.168583,42.2458,1.15279,1.0085,0.335618,0.967789,0.274418,1,0
3626,prcp_corrected/coverage,14610,0.168652,42.248,1.15279,1.0085,0.335615,0.967789,0.274415,1,0
3627,prcp/area,14610,0.173374,57.5547,1.32145,0.970534,0.396775,0.959278,0.300026,1,0
3627,prcp/coverage,14610,0.173306,57.5553,1.32145,0.970529,0.396773,0.959278,0.300027,1,0
3627,prcp_corrected/area,14610,0.173306,56.8754,1.32695,0.994856,0.398031,0.959658,0.300868,1,0
3627,prcp_corrected/coverage,14610,0.173306,56.876,1.32695,0.994852,0.39803,0.959658,0.30087,1,0
3628,prcp/area,14610,0.165572,25.259,0.689305,1.00582,0.198936,0.984623,0.202578,1,0
3628,prcp/coverage,14610,0.16564,25.2736,0.689266,1.00582,0.198931,0.984624,0.202588,1,0
3628,prcp_corrected/area,14610,0.166393,35.5847,0.703989,1.03485,0.200378,0.98471,0.204245,1,0
3628,prcp_corrected/coverage,14610,0.166393,35.5985,0.703941,1.03486,0.200373,0.984712,0.204254,1,0
3629,prcp/area,14610,0.162423,34.5594,0.675087,1.00484,0.205554,0.985414,0.196046,1,0
3629,prcp/coverage,14610,0.162491,34.5528,0.674932,1.00483,0.205549,0.98542,0.196062,1,0
3629,prcp_corrected/area,14610,0.161533,49.3181,0.701519,1.03753,0.206738,0.984904,0.197671,1,0
3629,prcp_corrected/coverage,14610,0.161739,49.3057,0.701351,1.03753,0.206733,0.984912,0.197687,1,0
3630,prcp/area,14610,0.159411,46.5794,0.654583,1.00027,0.218444,0.98602,0.203207,1,0
3630,prcp/coverage,14610,0.159617,46.5709,0.654447,1.00027,0.218439,0.986026,0.203222,1,0
3630,prcp_corrected/area,14610,0.158932,62.9699,0.685023,1.03512,0.219301,0.985095,0.204651,1,0
3630,prcp_corrected/coverage,14610,0.158932,62.9574,0.68489,1.03512,0.219296,0.985101,0.204666,1,0
3631,prcp/area,14610,0.181588,35.3614,0.7909,0.997376,0.227437,0.982008,0.18673,1,0
3631,prcp/coverage,14610,0.181656,35.3724,0.790917,0.997371,0.227435,0.982007,0.186727,1,0
3631,prcp_corrected/area,14610,0.181109,54.6934,0.838544,1.0406,0.228248,0.980802,0.187815,1,0
3631,prcp_corrected/coverage,14610,0.180972,54.7057,0.838545,1.04059,0.228246,0.980802,0.187812,1,0
3632,prcp/area,14610,0.154415,46.9592,0.632702,1.00083,0.225659,0.987027,0.203686,1,0
3632,prcp/coverage,14610,0.153936,46.9409,0.632514,1.00082,0.225652,0.987036,0.203698,1,0
3632,prcp_corrected/area,14610,0.153936,63.7274,0.665113,1.0361,0.226428,0.985982,0.204897,1,0
3632,prcp_corrected/coverage,14610,0.15373,63.7054,0.664897,1.03609,0.226422,0.985992,0.204909,1,0
3633,prcp/area,14610,0.176249,50.6965,0.727358,0.987481,0.237117,0.981636,0.230518,1,0
3633,prcp/coverage,14610,0.176386,50.6865,0.727406,0.987483,0.237118,0.981634,0.230507,1,0
3633,prcp_corrected/area,14610,0.175291,61.8622,0.753608,1.03272,0.237324,0.980962,0.231086,1,0
3633,prcp_corrected/coverage,14610,0.175565,61.8478,0.753637,1.03272,0.237324,0.980961,0.231075,1,0
3634,prcp/area,14610,0.168309,54.1817,0.643139,0.988691,0.258042,0.985103,0.239412,1,0
3634,prcp/coverage,14610,0.168172,54.1425,0.643224,0.988698,0.258047,0.985099,0.239384,1,0
3634,prcp_corrected/area,14610,0.168172,67.4899,0.674647,1.03185,0.258314,0.98415,0.239928,1,0
3634,prcp_corrected/coverage,14610,0.168241,67.4434,0.674714,1.03186,0.258319,0.984147,0.239899,1,0
3635,prcp/area,14610,0.163244,21.4762,0.739083,1.00323,0.254586,0.983563,0.25616,1,0
3635,prcp/coverage,14610,0.163313,21.4779,0.739213,1.00323,0.254584,0.983558,0.25616,1,0
3635,prcp_corrected/area,14610,0.163107,27.6286,0.779275,1.04234,0.254118,0.982474,0.255636,1,0
3635,prcp_corrected/coverage,14610,0.163176,27.6493,0.77939,1.04234,0.254116,0.982469,0.255636,1,0
3636,prcp/area,14610,0.19117,30.7254,0.791198,0.987799,0.258316,0.981941,0.231404,1,0
3636,prcp/coverage,14610,0.191034,30.7201,0.791191,0.987794,0.258314,0.981941,0.231406,1,0
3636,prcp_corrected/area,14610,0.190486,50.3293,0.885498,1.05906,0.258113,0.98006,0.231589,1,0
3636,prcp_corrected/coverage,14610,0.190554,50.3239,0.885485,1.05905,0.25811,0.98006,0.231591,1,0
3637,prcp/area,14610,0.169747,35.0074,0.763734,0.989699,0.337734,0.980785,0.293642,1,0
3637,prcp/coverage,14610,0.169678,34.9998,0.76365,0.989685,0.337721,0.980787,0.293665,1,0
3637,prcp_corrected/area,14610,0.16872,55.5844,0.804316,1.05097,0.338111,0.980308,0.29429,1,0
3637,prcp_corrected/coverage,14610,0.168857,55.5763,0.804224,1.05096,0.338099,0.980311,0.294313,1,0
3638,prcp/area,14610,0.172074,33.7347,1.0059,0.960942,0.296634,0.973547,0.237749,1,0
3638,prcp/coverage,14610,0.172005,33.7366,1.00595,0.960938,0.296631,0.973544,0.237742,1,0
3638,prcp_corrected/area,14610,0.170157,51.9222,1.10979,1.05069,0.299496,0.971409,0.240344,1,0
3638,prcp_corrected/coverage,14610,0.170157,51.9161,1.10983,1.05068,0.299493,0.971407,0.240337,1,0
3639,prcp/area,14610,0.180767,26.6483,0.916194,0.973951,0.270412,0.977786,0.228883,1,0
3639,prcp/coverage,14610,0.180698,26.6504,0.916203,0.973951,0.270409,0.977785,0.228877,1,0
3639,prcp_corrected/area,14610,0.179671,50.8083,1.02243,1.06406,0.272725,0.975985,0.231163,1,0
3639,prcp_corrected/coverage,14610,0.179671,50.7949,1.02243,1.06406,0.272723,0.975985,0.231156,1,0
3640,prcp/area,14610,0.0713895,22.0529,0.508023,1.02819,0.197305,0.983866,0.214547,1,0
3640,prcp/coverage,14610,0.071321,22.0602,0.508059,1.02819,0.197293,0.983864,0.214553,1,0
3640,prcp_corrected/area,14610,0.0715948,19.4106,0.542517,1.05532,0.197812,0.983037,0.214571,1,0
3640,prcp_corrected/coverage,14610,0.0715264,19.4174,0.542548,1.05531,0.1978,0.983035,0.214578,1,0
3641,prcp/area,14610,0.110267,15.9257,0.555212,0.933749,0.237917,0.982376,0.234623,1,0
3641,prcp/coverage,14610,0.110267,15.9223,0.555205,0.933732,0.237917,0.982377,0.234618,1,0
3641,prcp_corrected/area,14610,0.109446,18.4433,0.576032,0.977202,0.239162,0.981057,0.235526,1,0
3641,prcp_corrected/coverage,14610,0.109377,18.4411,0.576027,0.977204,0.239163,0.981057,0.235522,1,0
3642,prcp/area,14610,0.0947981,18.986,0.612422,1.00828,0.259846,0.981122,0.239572,1,0
3642,prcp/coverage,14610,0.0946612,18.9847,0.612434,1.00828,0.259846,0.981122,0.239571,1,0
3642,prcp_corrected/area,14610,0.0964408,19.9913,0.62886,0.999164,0.259656,0.979596,0.239229,1,0
3642,prcp_corrected/coverage,14610,0.0963723,19.9908,0.628877,0.999173,0.259656,0.979596,0.239227,1,0
3643,prcp/area,14610,0.0752225,13.1083,0.558414,1.05054,0.238321,0.984714,0.248483,1,0
3643,prcp/coverage,14610,0.0754278,13.0814,0.558503,1.05054,0.238301,0.984711,0.248491,1,0
3643,prcp_corrected/area,14610,0.0742642,13.5767,0.562101,1.03578,0.238043,0.983406,0.248015,1,0
3643,prcp_corrected/coverage,14610,0.0741958,13.5512,0.562189,1.0358,0.238022,0.983402,0.248024,1,0
3644,prcp/area,14610,0.0631075,12.8702,0.56085,1.05656,0.219015,0.984328,0.247862,1,0
3644,prcp/coverage,14610,0.0629706,12.8736,0.561027,1.05654,0.218984,0.984318,0.247873,1,0
3644,prcp_corrected/area,14610,0.063039,12.8513,0.566941,1.04645,0.218727,0.983141,0.247552,1,0
3644,prcp_corrected/coverage,14610,0.0629706,12.8531,0.567095,1.04643,0.218696,0.983131,0.247563,1,0
3645,prcp/area,14610,0.0823409,16.6016,0.547395,1.03486,0.200947,0.984244,0.247365,1,0
3645,prcp/coverage,14610,0.0824093,16.6012,0.547385,1.03486,0.200948,0.984245,0.247356,1,0
3645,prcp_corrected/area,14610,0.0826831,18.2859,0.546208,1.02862,0.20057,0.98393,0.246642,1,0
3645,prcp_corrected/coverage,14610,0.08282,18.2856,0.546207,1.02863,0.200571,0.983931,0.246633,1,0
3646,prcp/area,14610,0.10794,21.2427,0.604524,1.02443,0.198424,0.976715,0.26196,1,0
3646,prcp/coverage,14610,0.108077,21.2376,0.604434,1.02441,0.198421,0.976722,0.26194,1,0
3646,prcp_corrected/area,14610,0.108008,25.0688,0.662133,1.06093,0.198682,0.97315,0.262054,1,0
3646,prcp_corrected/coverage,14610,0.107871,25.0694,0.662034,1.0609,0.198679,0.973159,0.262035,1,0
3647,prcp/area,14610,0.0854894,25.9114,0.961758,1.04149,0.182139,0.947104,0.313935,1,0
3647,prcp/coverage,14610,0.0854894,25.9124,0.961795,1.04148,0.182135,0.9471,0.313941,1,0
3647,prcp_corrected/area,14610,0.0852841,26.9079,0.99576,1.05137,0.182179,0.94257,0.313883,1,0
3647,prcp_corrected/coverage,14610,0.0854209,26.909,0.995796,1.05137,0.182175,0.942566,0.31389,1,0
3648,prcp/area,14610,0.107187,30.4346,0.721508,0.913851,0.215491,0.974476,0.247881,1,0
3648,prcp/coverage,14610,0.107187,30.4346,0.721508,0.913851,0.215491,0.974476,0.247881,1,0
3648,prcp_corrected/area,14610,0.106229,33.8594,0.713934,0.957636,0.215579,0.972351,0.248114,1,0
3648,prcp_corrected/coverage,14610,0.106229,33.8594,0.713934,0.957636,0.215579,0.972351,0.248114,1,0
3649,prcp/area,14610,0.0748118,15.883,0.479706,1.01801,0.236644,0.986234,0.242668,1,0
3649,prcp/coverage,14610,0.0750171,15.8796,0.479689,1.01804,0.236629,0.986238,0.24267,1,0
3649,prcp_corrected/area,14610,0.0756331,18.1475,0.53427,1.04269,0.2368,0.983479,0.243022,1,0
3649,prcp_corrected/coverage,14610,0.0757016,18.143,0.534251,1.04272,0.236784,0.983483,0.243023,1,0
3650,prcp/area,14610,0.0709103,16.8504,0.490466,1.01256,0.235595,0.985678,0.250442,1,0
3650,prcp/coverage,14610,0.0710472,16.8458,0.4906,1.0126,0.235554,0.985672,0.250484,1,0
3650,prcp_corrected/area,14610,0.0696783,18.816,0.540951,1.03624,0.235812,0.982911,0.250777,1,0
3650,prcp_corrected/coverage,14610,0.0695414,18.8095,0.541087,1.03628,0.235771,0.982905,0.250819,1,0
3651,prcp/area,14610,0.121561,18.8957,0.738961,0.951621,0.222314,0.968926,0.2382,1,0
3651,prcp/coverage,14610,0.121561,18.896,0.738962,0.951618,0.222314,0.968926,0.2382,1,0
3651,prcp_corrected/area,14610,0.120671,22.4493,0.7472,0.973989,0.222923,0.968653,0.238968,1,0
3651,prcp_corrected/coverage,14610,0.120671,22.4494,0.747202,0.97399,0.222923,0.968653,0.238969,1,0
3652,prcp/area,14610,0.120808,14.3482,0.5733,1.00201,0.250365,0.982074,0.248534,1,0
3652,prcp/coverage,14610,0.120876,14.3499,0.573331,1.002,0.25036,0.982073,0.248532,1,0
3652,prcp_corrected/area,14610,0.119576,16.92,0.602837,1.02526,0.250992,0.981328,0.249675,1,0
3652,prcp_corrected/coverage,14610,0.119713,16.922,0.602867,1.02526,0.250987,0.981326,0.249673,1,0
3653,prcp/area,14610,0.141205,25.2598,0.740037,1.05627,0.245211,0.975674,0.215998,1,0
3653,prcp/coverage,14610,0.141205,25.2642,0.740036,1.05627,0.245211,0.975674,0.216,1,0
3653,prcp_corrected/area,14610,0.140862,22.8615,0.755885,1.05677,0.245458,0.973726,0.21681,1,0
3653,prcp_corrected/coverage,14610,0.140862,22.8655,0.755884,1.05677,0.245458,0.973725,0.216812,1,0
3654,prcp/area,14610,0.106571,20.1869,0.768293,1.03381,0.311883,0.968385,0.314858,1,0
3654,prcp/coverage,14610,0.106571,20.1891,0.768319,1.03381,0.311876,0.968383,0.314862,1,0
3654,prcp_corrected/area,14610,0.106639,24.1477,0.785095,1.04595,0.312593,0.96758,0.315897,1,0
3654,prcp_corrected/coverage,14610,0.106708,24.1386,0.785125,1.04595,0.312586,0.967578,0.315901,1,0
3655,prcp/area,14610,0.105133,18.7932,0.630318,1.01557,0.294258,0.975562,0.290754,1,0
3655,prcp/coverage,14610,0.105202,18.797,0.630287,1.01552,0.294224,0.975559,0.290808,1,0
3655,prcp_corrected/area,14610,0.104997,21.7915,0.654843,1.04155,0.294235,0.975236,0.291221,1,0
3655,prcp_corrected/coverage,14610,0.105065,21.7783,0.654815,1.04152,0.294199,0.975233,0.291275,1,0
3656,prcp/area,14610,0.112594,20.6071,0.63966,1.00409,0.276443,0.977546,0.287032,1,0
3656,prcp/coverage,14610,0.112526,20.6067,0.639643,1.00408,0.27644,0.977548,0.287029,1,0
3656,prcp_corrected/area,14610,0.111978,24.2174,0.668464,1.04362,0.276201,0.976963,0.2864,1,0
3656,prcp_corrected/coverage,14610,0.112047,24.2173,0.668449,1.04362,0.276198,0.976964,0.286397,1,0
3657,prcp/area,14610,0.124983,23.4264,0.695274,1.06327,0.28479,0.975005,0.268981,1,0
3657,prcp/coverage,14610,0.124914,23.4256,0.695224,1.06326,0.284783,0.975008,0.268999,1,0
3657,prcp_corrected/area,14610,0.125667,20.3325,0.693398,1.07981,0.285824,0.97632,0.270048,1,0
3657,prcp_corrected/coverage,14610,0.12553,20.3332,0.693365,1.07981,0.285816,0.976323,0.270066,1,0
3658,prcp/area,14610,0.116906,16.8492,0.715426,1.00811,0.284181,0.975912,0.250412,1,0
3658,prcp/coverage,14610,0.117112,16.8401,0.715312,1.00808,0.284172,0.975919,0.250436,1,0
3658,prcp_corrected/area,14610,0.116769,23.2774,0.724556,1.01484,0.284525,0.975355,0.251225,1,0
3658,prcp_corrected/coverage,14610,0.117112,23.2674,0.724444,1.01483,0.284517,0.975363,0.25125,1,0
3659,prcp/area,14610,0.116769,17.8918,0.703345,1.00446,0.286506,0.976586,0.252017,1,0
3659,prcp/coverage,14610,0.116975,17.8991,0.703244,1.00444,0.286495,0.976593,0.252042,1,0
3659,prcp_corrected/area,14610,0.117522,22.576,0.713689,1.01357,0.286871,0.976086,0.252873,1,0
3659,prcp_corrected/coverage,14610,0.117591,22.5668,0.713584,1.01356,0.286861,0.976094,0.252899,1,0
3660,prcp/area,14610,0.127105,22.6866,0.77712,1.01707,0.314655,0.968724,0.352939,1,0
3660,prcp/coverage,14610,0.127105,22.6875,0.777108,1.01706,0.314658,0.968724,0.352934,1,0
3660,prcp_corrected/area,14610,0.127242,20.4344,0.776736,1.02055,0.31526,0.96893,0.353457,1,0
3660,prcp_corrected/coverage,14610,0.127242,20.4354,0.776726,1.02055,0.315263,0.968931,0.353451,1,0
3661,prcp/area,14610,0.0874059,41.8316,0.851524,1.00273,0.273876,0.964233,0.26873,1,0
3661,prcp/coverage,14610,0.0874059,41.8308,0.851521,1.00273,0.273875,0.964233,0.26873,1,0
3661,prcp_corrected/area,14610,0.0882272,38.4889,0.83868,1.00618,0.27501,0.965194,0.269154,1,0
3661,prcp_corrected/coverage,14610,0.0881588,38.4881,0.838678,1.00618,0.275009,0.965194,0.269154,1,0
3662,prcp/area,14610,0.127036,20.4898,0.624397,1.01671,0.243102,0.979205,0.239667,1,0
3662,prcp/coverage,14610,0.127173,20.4865,0.624375,1.0167,0.243094,0.979205,0.239682,1,0
3662,prcp_corrected/area,14610,0.125736,24.7474,0.626065,1.0442,0.243381,0.980509,0.24027,1,0
3662,prcp_corrected/coverage,14610,0.125667,24.7431,0.626051,1.0442,0.243373,0.98051,0.240285,1,0
3663,prcp/area,14610,0.109788,20.346,0.609261,1.02565,0.248594,0.980921,0.236672,1,0
3663,prcp/coverage,14610,0.109514,20.3413,0.609198,1.02563,0.248584,0.980923,0.236688,1,0
3663,prcp_corrected/area,14610,0.108966,25.3707,0.609317,1.04537,0.248699,0.98178,0.23704,1,0
3663,prcp_corrected/coverage,14610,0.108966,25.3642,0.609265,1.04536,0.248689,0.981783,0.237055,1,0
3664,prcp/area,14610,0.134155,16.9309,0.640392,0.991642,0.31341,0.981685,0.295522,1,0
3664,prcp/coverage,14610,0.134292,16.93,0.640371,0.991643,0.313407,0.981686,0.295528,1,0
3664,prcp_corrected/area,14610,0.133128,25.875,0.701674,1.03536,0.312571,0.979471,0.295487,1,0
3664,prcp_corrected/coverage,14610,0.133265,25.8744,0.701652,1.03536,0.312567,0.979473,0.295493,1,0
3665,prcp/area,14610,0.0799452,20.2773,0.655291,0.991048,0.341995,0.97996,0.352201,1,0
3665,prcp/coverage,14610,0.0799452,20.2789,0.6552,0.991034,0.341999,0.979965,0.352202,1,0
3665,prcp_corrected/area,14610,0.0809035,26.5784,0.701941,1.0405,0.341976,0.979249,0.352413,1,0
3665,prcp_corrected/coverage,14610,0.0810404,26.5833,0.701836,1.04048,0.34198,0.979256,0.352415,1,0
3666,prcp/area,14610,0.0762491,18.8196,0.832926,0.981716,0.318661,0.969779,0.359465,1,0
3666,prcp/coverage,14610,0.0762491,18.818,0.832944,0.981715,0.318657,0.969778,0.359467,1,0
3666,prcp_corrected/area,14610,0.0752909,23.9266,0.875291,1.02812,0.3187,0.968755,0.359709,1,0
3666,prcp_corrected/coverage,14610,0.0752909,23.9258,0.875307,1.02812,0.318695,0.968754,0.359712,1,0
3667,prcp/area,14610,0.153388,19.7948,0.672606,1.00026,0.256202,0.981576,0.219987,1,0
3667,prcp/coverage,14610,0.153388,19.8023,0.672639,1.00025,0.256198,0.981575,0.21999,1,0
3667,prcp_corrected/area,14610,0.154209,23.3628,0.676271,1.00877,0.256188,0.981831,0.220351,1,0
3667,prcp_corrected/coverage,14610,0.154004,23.3701,0.676295,1.00876,0.256184,0.98183,0.220354,1,0
3668,prcp/area,14610,0.139014,20.8352,0.650004,1.00154,0.280945,0.982695,0.233218,1,0
3668,prcp/coverage,14610,0.13922,20.8199,0.650003,1.00153,0.280934,0.982694,0.233244,1,0
3668,prcp_corrected/area,14610,0.138877,23.551,0.670014,1.01841,0.280758,0.982412,0.233421,1,0
3668,prcp_corrected/coverage,14610,0.138946,23.5586,0.670003,1.0184,0.280747,0.982411,0.233447,1,0
3669,prcp/area,14610,0.136756,24.0166,0.638262,0.990132,0.284258,0.98273,0.283343,1,0
3669,prcp/coverage,14610,0.136756,24.0104,0.638289,0.990121,0.284255,0.982729,0.283343,1,0
3669,prcp_corrected/area,14610,0.13525,26.1194,0.69537,1.05743,0.284553,0.983478,0.284171,1,0
3669,prcp_corrected/coverage,14610,0.135387,26.1079,0.695405,1.05743,0.28455,0.983477,0.284171,1,0
3670,prcp/area,14610,0.0634497,16.4313,0.791506,0.979423,0.239897,0.974743,0.219173,1,0
3670,prcp/coverage,14610,0.0634497,16.4312,0.791481,0.979429,0.239899,0.974744,0.219173,1,0
3670,prcp_corrected/area,14610,0.0631759,18.9225,0.836709,0.986929,0.239098,0.970679,0.218958,1,0
3670,prcp_corrected/coverage,14610,0.0631075,18.922,0.83668,0.986926,0.2391,0.970681,0.218957,1,0
3671,prcp/area,14610,0.0982888,26.7833,0.715359,1.01793,0.296143,0.981128,0.237875,1,0
3671,prcp/coverage,14610,0.0984257,26.7876,0.715395,1.01791,0.296134,0.981126,0.23788,1,0
3671,prcp_corrected/area,14610,0.0986311,28.1704,0.793611,1.05094,0.295534,0.977952,0.237958,1,0
3671,prcp_corrected/coverage,14610,0.0983573,28.1749,0.79362,1.05091,0.295526,0.977949,0.237962,1,0
3672,prcp/area,14610,0.102669,21.8976,0.751009,1.01192,0.286535,0.980147,0.224611,1,0
3672,prcp/coverage,14610,0.102464,21.9009,0.750968,1.0119,0.286529,0.980148,0.224622,1,0
3672,prcp_corrected/area,14610,0.102396,25.1373,0.808464,1.02746,0.286133,0.976458,0.22493,1,0
3672,prcp_corrected/coverage,14610,0.102327,25.1402,0.808433,1.02745,0.286127,0.976458,0.224941,1,0
3673,prcp/area,14610,0.121561,30.6346,0.795468,0.980931,0.282287,0.972773,0.234084,1,0
3673,prcp/coverage,14610,0.121561,30.6378,0.795493,0.980927,0.282281,0.972771,0.234092,1,0
3673,prcp_corrected/area,14610,0.120945,31.8576,0.868542,1.02397,0.280787,0.96836,0.232995,1,0
3673,prcp_corrected/coverage,14610,0.120876,31.8605,0.86855,1.02396,0.280781,0.968358,0.233002,1,0
3674,prcp/area,14610,0.114237,27.2484,0.793766,0.985781,0.28393,0.972934,0.231808,1,0
3674,prcp/coverage,14610,0.114168,27.2471,0.793795,0.985775,0.283919,0.972932,0.231816,1,0
3674,prcp_corrected/area,14610,0.113142,27.1657,0.841018,1.02098,0.282706,0.969961,0.230886,1,0
3674,prcp_corrected/coverage,14610,0.113347,27.1644,0.84101,1.02097,0.282696,0.96996,0.230894,1,0
3675,prcp/area,14610,0.109172,22.8306,0.756947,0.996883,0.292297,0.97497,0.233131,1,0
3675,prcp/coverage,14610,0.109172,22.8314,0.756923,0.996876,0.292274,0.974972,0.233147,1,0
3675,prcp_corrected/area,14610,0.109172,30.5026,0.802498,1.03473,0.291428,0.973117,0.23263,1,0
3675,prcp_corrected/coverage,14610,0.109035,30.522,0.802459,1.03472,0.291406,0.97312,0.232647,1,0
3676,prcp/area,14610,0.1564,24.6163,0.707897,0.986529,0.227597,0.97849,0.182896,1,0
3676,prcp/coverage,14610,0.1564,24.6162,0.707897,0.98653,0.227595,0.97849,0.182897,1,0
3676,prcp_corrected/area,14610,0.155715,28.252,0.708356,1.01155,0.227681,0.979729,0.183689,1,0
3676,prcp_corrected/coverage,14610,0.155852,28.2539,0.708356,1.01155,0.227679,0.979729,0.18369,1,0
3677,prcp/area,14610,0.125462,29.2617,0.644108,0.98508,0.240169,0.981987,0.22296,1,0
3677,prcp/coverage,14610,0.12553,29.2741,0.644178,0.985081,0.240155,0.981984,0.222999,1,0
3677,prcp_corrected/area,14610,0.125051,36.3856,0.631116,1.00574,0.240145,0.983064,0.223972,1,0
3677,prcp_corrected/coverage,14610,0.124983,36.4005,0.631196,1.00575,0.240131,0.983059,0.224011,1,0
3678,prcp/area,14610,0.0378508,30.6454,0.992868,0.866722,0.292639,0.963045,0.295565,1,0
3678,prcp/coverage,14610,0.037577,30.6472,0.992991,0.866657,0.292656,0.963041,0.295565,1,0
3678,prcp_corrected/area,14610,0.0367556,26.5502,0.982071,0.985806,0.293758,0.959552,0.296146,1,0
3678,prcp_corrected/coverage,14610,0.0366872,26.5514,0.98206,0.985729,0.293774,0.959548,0.296145,1,0
3679,prcp/area,14610,0.10219,23.8415,0.95804,0.887172,0.301762,0.945504,0.322536,1,0
3679,prcp/coverage,14610,0.10219,23.8411,0.95806,0.887173,0.301757,0.945502,0.322544,1,0
3679,prcp_corrected/area,14610,0.101164,23.943,0.998622,0.965524,0.301991,0.936746,0.322151,1,0
3679,prcp_corrected/coverage,14610,0.101095,23.9425,0.998644,0.965527,0.301986,0.936744,0.322159,1,0
3680,prcp/area,14610,0.0399726,20.8309,0.81569,0.880481,0.296392,0.969637,0.301359,1,0
3680,prcp/coverage,14610,0.0401095,20.8325,0.815911,0.880359,0.296388,0.969632,0.301388,1,0
3680,prcp_corrected/area,14610,0.0399042,18.9037,0.811894,0.979752,0.296961,0.964634,0.301148,1,0
3680,prcp_corrected/coverage,14610,0.0398357,18.9011,0.811911,0.97959,0.296959,0.964628,0.301177,1,0
3681,prcp/area,14610,0.0542779,13.332,0.687247,0.950295,0.272292,0.973408,0.258087,1,0
3681,prcp/coverage,14610,0.0544832,13.3333,0.687158,0.950257,0.272363,0.973412,0.258006,1,0
3681,prcp_corrected/area,14610,0.0544148,16.6838,0.758437,1.00431,0.272083,0.9665,0.256623,1,0
3681,prcp_corrected/coverage,14610,0.0538672,16.6889,0.758413,1.00431,0.272149,0.966494,0.256538,1,0
3682,prcp/area,14610,0.0574264,14.7585,0.658865,0.976968,0.244475,0.979886,0.232299,1,0
3682,prcp/coverage,14610,0.0574949,14.7473,0.658684,0.976987,0.244492,0.979894,0.232287,1,0
3682,prcp_corrected/area,14610,0.056742,17.7158,0.720691,0.990998,0.243313,0.974455,0.232006,1,0
3682,prcp_corrected/coverage,14610,0.0564682,17.7068,0.720516,0.990975,0.243328,0.974464,0.231994,1,0
3683,prcp/area,14610,0.138193,38.7606,1.41932,0.89206,0.27865,0.960122,0.22363,1,0
3683,prcp/coverage,14610,0.138193,38.7606,1.41932,0.89206,0.27865,0.960122,0.22363,1,0
3683,prcp_corrected/area,14610,0.138125,29.9524,1.45294,0.989082,0.27947,0.957502,0.225217,1,0
3683,prcp_corrected/coverage,14610,0.138125,29.9524,1.45294,0.989082,0.27947,0.957502,0.225217,1,0
3684,prcp/area,14610,0.138056,36.0386,1.38025,0.903522,0.275354,0.960442,0.224096,1,0
3684,prcp/coverage,14610,0.138056,36.0389,1.38026,0.903521,0.275354,0.960442,0.224096,1,0
3684,prcp_corrected/area,14610,0.137919,29.0095,1.42772,0.997765,0.276279,0.957847,0.225751,1,0
3684,prcp_corrected/coverage,14610,0.137919,29.0099,1.42773,0.997766,0.276279,0.957846,0.225751,1,0
3685,prcp/area,14610,0.135181,33.2123,1.33003,0.892084,0.263768,0.962141,0.213257,1,0
3685,prcp/coverage,14610,0.135181,33.2115,1.3301,0.89207,0.263768,0.962137,0.213258,1,0
3685,prcp_corrected/area,14610,0.135318,32.7603,1.3575,0.951791,0.264722,0.95949,0.214648,1,0
3685,prcp_corrected/coverage,14610,0.135318,32.7604,1.35757,0.951782,0.264722,0.959486,0.21465,1,0
3686,prcp/area,14610,0.0631075,29.5462,0.952361,0.971253,0.30021,0.968063,0.230749,1,0
3686,prcp/coverage,14610,0.0633128,29.5419,0.952257,0.971215,0.300216,0.96807,0.230754,1,0
3686,prcp_corrected/area,14610,0.0624914,33.5015,1.05369,1.05482,0.299634,0.964161,0.231028,1,0
3686,prcp_corrected/coverage,14610,0.0626283,33.509,1.05363,1.05482,0.299639,0.964166,0.231033,1,0
3687,prcp/area,14610,0.121287,30.2798,1.00519,0.942525,0.316428,0.962816,0.251205,1,0
3687,prcp/coverage,14610,0.12115,30.2787,1.00515,0.94254,0.31642,0.96282,0.251207,1,0
3687,prcp_corrected/area,14610,0.120808,39.6733,1.1319,1.08801,0.315418,0.95789,0.251255,1,0
3687,prcp_corrected/coverage,14610,0.120671,39.6733,1.13186,1.08802,0.315411,0.957893,0.251257,1,0
3688,prcp/area,14610,0.133265,28.2812,0.926746,0.925229,0.250613,0.970097,0.260791,1,0
3688,prcp/coverage,14610,0.133196,28.2819,0.92679,0.925234,0.250605,0.970094,0.260807,1,0
3688,prcp_corrected/area,14610,0.132512,27.9526,0.968963,1.01812,0.250504,0.966541,0.260759,1,0
3688,prcp_corrected/coverage,14610,0.132375,27.9527,0.969007,1.01812,0.250495,0.966537,0.260774,1,0
3689,prcp/area,14610,0.133265,28.4836,0.923682,0.926978,0.251522,0.970167,0.259423,1,0
3689,prcp/coverage,14610,0.133333,28.4843,0.923738,0.926984,0.251507,0.970162,0.259444,1,0
3689,prcp_corrected/area,14610,0.132033,28.2521,0.96649,1.02083,0.251423,0.966581,0.259398,1,0
3689,prcp_corrected/coverage,14610,0.132033,28.2521,0.966554,1.02083,0.251409,0.966577,0.259419,1,0
3690,prcp/area,14610,0.149555,38.6937,0.897623,0.942565,0.254887,0.971078,0.222058,1,0
3690,prcp/coverage,14610,0.149555,38.6961,0.897676,0.942555,0.254878,0.971074,0.222078,1,0
3690,prcp_corrected/area,14610,0.149966,41.0304,0.938648,1.00898,0.254467,0.967936,0.222571,1,0
3690,prcp_corrected/coverage,14610,0.150034,41.0319,0.938704,1.00898,0.254458,0.967932,0.222592,1,0
3691,prcp/area,14610,0.144627,37.1818,0.877821,0.928611,0.292944,0.971455,0.232597,1,0
3691,prcp/coverage,14610,0.144627,37.1831,0.877831,0.928611,0.292943,0.971455,0.232596,1,0
3691,prcp_corrected/area,14610,0.144216,38.2012,0.979283,1.01546,0.28993,0.963668,0.23094,1,0
3691,prcp_corrected/coverage,14610,0.144216,38.2026,0.979293,1.01546,0.289929,0.963667,0.230939,1,0
3692,prcp/area,14610,0.229227,20.5931,0.481692,0.971716,0.236685,0.986165,0.225125,1,0
3692,prcp/coverage,14610,0.229227,20.5914,0.481658,0.971712,0.236683,0.986168,0.225125,1,0
3692,prcp_corrected/area,14610,0.227447,22.5115,0.517034,1.02722,0.237133,0.985637,0.225451,1,0
3692,prcp_corrected/coverage,14610,0.227447,22.5098,0.517001,1.02722,0.237131,0.985639,0.22545,1,0
3693,prcp/area,14610,0.144695,25.2539,0.573347,1.01837,0.306489,0.979465,0.316112,1,0
3693,prcp/coverage,14610,0.144695,25.2639,0.573319,1.01835,0.306482,0.979467,0.316106,1,0
3693,prcp_corrected/area,14610,0.145448,32.7621,0.587779,1.02299,0.307639,0.977625,0.317715,1,0
3693,prcp_corrected/coverage,14610,0.145585,32.7556,0.58776,1.02298,0.307633,0.977626,0.31771,1,0
3694,prcp/area,14610,0.190828,35.6103,0.752247,1.02505,0.27671,0.981416,0.263661,1,0
3694,prcp/coverage,14610,0.190691,35.5979,0.752231,1.02504,0.276697,0.981417,0.263683,1,0
3694,prcp_corrected/area,14610,0.190144,39.564,0.803197,1.05066,0.276417,0.980033,0.263573,1,0
3694,prcp_corrected/coverage,14610,0.190349,39.5509,0.803184,1.05066,0.276405,0.980034,0.263595,1,0
3695,prcp/area,14610,0.183573,25.255,0.778807,1.01233,0.291643,0.978978,0.233817,1,0
3695,prcp/coverage,14610,0.183641,25.2569,0.778799,1.01232,0.291638,0.978978,0.233821,1,0
3695,prcp_corrected/area,14610,0.183847,30.4522,0.802556,1.02589,0.291566,0.978535,0.23393,1,0
3695,prcp_corrected/coverage,14610,0.183984,30.4612,0.802544,1.02589,0.291561,0.978536,0.233934,1,0
3696,prcp/area,14610,0.170089,21.9675,0.685118,0.968091,0.271845,0.978413,0.298196,1,0
3696,prcp/coverage,14610,0.170089,21.9612,0.685026,0.968049,0.271834,0.978419,0.298238,1,0
3696,prcp_corrected/area,14610,0.169336,29.1623,0.725986,1.02937,0.272604,0.978369,0.2995,1,0
3696,prcp_corrected/coverage,14610,0.169268,29.1581,0.72584,1.02934,0.272592,0.978376,0.299542,1,0
3697,prcp/area,14610,0.168036,14.0874,0.36211,1.00415,0.273197,0.986517,0.253172,1,0
3697,prcp/coverage,14610,0.168104,14.0748,0.362113,1.00409,0.273179,0.986514,0.253217,1,0
3697,prcp_corrected/area,14610,0.169815,15.4875,0.356958,1.02979,0.272638,0.988042,0.253241,1,0
3697,prcp_corrected/coverage,14610,0.16961,15.4732,0.356948,1.02972,0.27262,0.988041,0.253287,1,0
3698,prcp/area,14610,0.249487,25.3986,0.511056,1.05945,0.268638,0.977378,0.2709,1,0
3698,prcp/coverage,14610,0.249487,25.3963,0.511023,1.05944,0.268641,0.97738,0.270883,1,0
3698,prcp_corrected/area,14610,0.24976,27.9463,0.492512,1.02096,0.270205,0.975826,0.271853,1,0
3698,prcp_corrected/coverage,14610,0.249692,27.9442,0.492483,1.02096,0.270207,0.975829,0.271836,1,0
3699,prcp/area,14610,0.261807,16.5064,0.355894,0.966304,0.28011,0.98269,0.272321,1,0
3699,prcp/coverage,14610,0.26167,16.5181,0.355896,0.966323,0.280111,0.982688,0.272333,1,0
3699,prcp_corrected/area,14610,0.26256,14.4279,0.355946,1.00482,0.279852,0.983671,0.272665,1,0
3699,prcp_corrected/coverage,14610,0.26256,14.4276,0.355961,1.00486,0.279854,0.98367,0.272678,1,0
3700,prcp/area,14610,0.311294,26.3679,0.458958,0.958777,0.253125,0.97046,0.242335,1,0
3700,prcp/coverage,14610,0.311294,26.3671,0.458951,0.958773,0.253124,0.970461,0.242332,1,0
3700,prcp_corrected/area,14610,0.312115,37.0568,0.476175,0.996892,0.25141,0.968616,0.240478,1,0
3700,prcp_corrected/coverage,14610,0.312115,37.0555,0.476169,0.996891,0.251409,0.968617,0.240475,1,0
3701,prcp/area,14610,0.233607,15.7445,0.371952,0.984646,0.290634,0.982267,0.272923,1,0
3701,prcp/coverage,14610,0.233539,15.7446,0.371938,0.98462,0.290629,0.982269,0.27292,1,0
3701,prcp_corrected/area,14610,0.233539,21.1688,0.379748,1.0041,0.290069,0.981404,0.272648,1,0
3701,prcp_corrected/coverage,14610,0.23347,21.163,0.379739,1.00408,0.290064,0.981406,0.272645,1,0
3702,prcp/area,14610,0.265503,15.8004,0.438211,1.03356,0.278479,0.984325,0.277436,1,0
3702,prcp/coverage,14610,0.265503,15.7987,0.438167,1.03355,0.278475,0.984327,0.277465,1,0
3702,prcp_corrected/area,14610,0.266119,25.4637,0.437391,1.00566,0.279299,0.98126,0.278926,1,0
3702,prcp_corrected/coverage,14610,0.266188,25.4705,0.437361,1.00565,0.279295,0.98126,0.278954,1,0
3703,prcp/area,14610,0.223751,16.194,0.386427,0.984953,0.266053,0.986674,0.254305,1,0
3703,prcp/coverage,14610,0.223682,16.1866,0.386428,0.98495,0.266052,0.986674,0.254276,1,0
3703,prcp_corrected/area,14610,0.224504,17.6921,0.390945,1.03055,0.267013,0.988382,0.255935,1,0
3703,prcp_corrected/coverage,14610,0.224641,17.7072,0.39096,1.03054,0.267011,0.988382,0.255906,1,0
3704,prcp/area,14610,0.259001,18.1165,0.400926,0.993836,0.315278,0.975454,0.301607,1,0
3704,prcp/coverage,14610,0.258864,18.1098,0.400866,0.993824,0.315269,0.975464,0.301579,1,0
3704,prcp_corrected/area,14610,0.258042,25.786,0.399346,1.01103,0.314196,0.975262,0.299331,1,0
3704,prcp_corrected/coverage,14610,0.258042,25.7843,0.399291,1.01103,0.314186,0.975272,0.299305,1,0
3705,prcp/area,14610,0.25462,18.4614,0.426687,0.981248,0.294141,0.97458,0.278371,1,0
3705,prcp/coverage,14610,0.254757,18.4567,0.426649,0.981199,0.29412,0.974587,0.27837,1,0
3705,prcp_corrected/area,14610,0.254073,22.0218,0.430643,0.994295,0.293906,0.973703,0.276985,1,0
3705,prcp_corrected/coverage,14610,0.254346,22.009,0.430629,0.994237,0.293883,0.973708,0.276983,1,0
3706,prcp/area,14610,0.21718,18.1661,0.429568,1.01561,0.311749,0.981119,0.278281,1,0
3706,prcp/coverage,14610,0.217248,18.1745,0.429506,1.01555,0.311736,0.981121,0.278306,1,0
3706,prcp_corrected/area,14610,0.217796,27.8145,0.421535,0.996858,0.312111,0.97942,0.279931,1,0
3706,prcp_corrected/coverage,14610,0.217591,27.8245,0.421512,0.996816,0.312098,0.979421,0.279956,1,0
3707,prcp/area,14610,0.220739,18.2827,0.404567,1.01901,0.322981,0.985116,0.287987,1,0
3707,prcp/coverage,14610,0.220534,18.2491,0.404531,1.01888,0.322959,0.985113,0.287994,1,0
3707,prcp_corrected/area,14610,0.221424,21.147,0.387344,1.00016,0.323949,0.984389,0.28951,1,0
3707,prcp_corrected/coverage,14610,0.221629,21.149,0.38736,1.00005,0.323924,0.98438,0.289518,1,0
3708,prcp/area,14610,0.206845,32.3381,0.479895,0.982373,0.384983,0.977502,0.314708,1,0
3708,prcp/coverage,14610,0.206776,32.3345,0.479845,0.982376,0.384972,0.977507,0.314711,1,0
3708,prcp_corrected/area,14610,0.206913,22.1597,0.48207,1.04244,0.387207,0.980394,0.317008,1,0
3708,prcp_corrected/coverage,14610,0.206913,22.1565,0.482002,1.04242,0.387196,0.9804,0.317011,1,0
3709,prcp/area,14610,0.163587,17.6875,0.385842,0.940397,0.375781,0.936916,0.465685,1,0
3709,prcp/coverage,14610,0.163587,17.696,0.385858,0.940359,0.375773,0.93691,0.46567,1,0
3709,prcp_corrected/area,14610,0.163997,18.689,0.386232,0.974381,0.382685,0.937149,0.469362,1,0
3709,prcp_corrected/coverage,14610,0.16386,18.6983,0.386249,0.974362,0.382677,0.937144,0.469347,1,0
3710,prcp/area,14610,0.165708,12.0651,0.315498,0.954906,0.385906,0.957491,0.448238,1,0
3710,prcp/coverage,14610,0.165777,12.0692,0.315446,0.954885,0.385917,0.957507,0.448193,1,0
3710,prcp_corrected/area,14610,0.166393,16.0343,0.309859,0.989182,0.390685,0.958862,0.451658,1,0
3710,prcp_corrected/coverage,14610,0.166256,16.0361,0.309802,0.989171,0.390694,0.958878,0.451614,1,0
3711,prcp/area,14610,0.172348,15.472,0.250542,0.979302,0.390195,0.974261,0.418094,1,0
3711,prcp/coverage,14610,0.172553,15.4923,0.250432,0.979371,0.39024,0.974281,0.417895,1,0
3711,prcp_corrected/area,14610,0.171116,13.4642,0.234581,1.00484,0.395764,0.977984,0.422974,1,0
3711,prcp_corrected/coverage,14610,0.170637,13.4801,0.234464,1.00488,0.395808,0.978009,0.422782,1,0
3712,prcp/area,14610,0.168994,14.4045,0.2455,0.981814,0.394173,0.979872,0.407866,1,0
3712,prcp/coverage,14610,0.168857,14.423,0.245421,0.981897,0.394187,0.979886,0.407697,1,0
3712,prcp_corrected/area,14610,0.167488,12.0116,0.223552,1.01112,0.399573,0.984068,0.410455,1,0
3712,prcp_corrected/coverage,14610,0.167283,12.0262,0.223485,1.01119,0.399586,0.984084,0.410291,1,0
3713,prcp/area,14610,0.272142,15.2887,0.466771,0.996252,0.326352,0.962177,0.328996,1,0
3713,prcp/coverage,14610,0.272142,15.2874,0.466722,0.996245,0.326348,0.962185,0.328993,1,0
3713,prcp_corrected/area,14610,0.272279,16.1053,0.444578,1.01083,0.327283,0.965912,0.327878,1,0
3713,prcp_corrected/coverage,14610,0.272279,16.1024,0.444533,1.01084,0.327279,0.96592,0.327876,1,0
3714,prcp/area,14610,0.160849,13.397,0.243671,0.987643,0.401274,0.981284,0.40973,1,0
3714,prcp/coverage,14610,0.160164,13.4232,0.243507,0.987486,0.401234,0.981306,0.409629,1,0
3714,prcp_corrected/area,14610,0.160096,10.8841,0.219962,1.01088,0.405968,0.985373,0.411885,1,0
3714,prcp_corrected/coverage,14610,0.160164,10.9077,0.219816,1.01075,0.405925,0.985392,0.411785,1,0
3715,prcp/area,14610,0.149487,11.7098,0.241299,0.992181,0.411511,0.984167,0.411047,1,0
3715,prcp/coverage,14610,0.149897,11.7702,0.240953,0.991387,0.411354,0.984193,0.411163,1,0
3715,prcp_corrected/area,14610,0.150787,9.29444,0.214333,1.01017,0.415558,0.98791,0.413156,1,0
3715,prcp_corrected/coverage,14610,0.149487,9.35154,0.214076,1.00942,0.415391,0.98792,0.413269,1,0
3716,prcp/area,14610,0.26653,29.6883,0.466175,1.01236,0.294429,0.975943,0.317396,1,0
3716,prcp/coverage,14610,0.266461,29.6731,0.466118,1.01236,0.294423,0.975953,0.317387,1,0
3716,prcp_corrected/area,14610,0.266598,29.1164,0.460841,1.04908,0.295868,0.978479,0.318213,1,0
3716,prcp_corrected/coverage,14610,0.266256,29.1016,0.460775,1.04906,0.295861,0.978487,0.318203,1,0
3717,prcp/area,14610,0.195688,33.9238,0.61917,0.931021,0.381448,0.9689,0.27378,1,0
3717,prcp/coverage,14610,0.195688,33.9237,0.619167,0.931021,0.381448,0.9689,0.273781,1,0
3717,prcp_corrected/area,14610,0.195072,25.7438,0.61613,0.997007,0.382828,0.970357,0.276267,1,0
3717,prcp_corrected/coverage,14610,0.195072,25.744,0.616126,0.997007,0.382827,0.970358,0.276267,1,0
3718,prcp/area,14610,0.253662,37.6301,0.577528,1.0816,0.249916,0.977391,0.252148,1,0
3718,prcp/coverage,14610,0.25373,37.6309,0.577526,1.0816,0.249915,0.977391,0.252145,1,0
3718,prcp_corrected/area,14610,0.254415,33.382,0.539397,1.03055,0.251674,0.97626,0.254585,1,0
3718,prcp_corrected/coverage,14610,0.254278,33.3842,0.5394,1.03055,0.251673,0.976259,0.254582,1,0
3719,prcp/area,14610,0.250445,38.6913,0.550113,1.06727,0.253982,0.981493,0.251189,1,0
3719,prcp/coverage,14610,0.250513,38.6909,0.550101,1.06727,0.25398,0.981492,0.251197,1,0
3719,prcp_corrected/area,14610,0.252704,31.9693,0.505424,1.01257,0.255583,0.981039,0.252815,1,0
3719,prcp_corrected/coverage,14610,0.252704,31.9698,0.505426,1.01256,0.255581,0.981037,0.252823,1,0
3720,prcp/area,14610,0.234565,21.1726,0.466572,1.03877,0.254517,0.98787,0.254459,1,0
3720,prcp/coverage,14610,0.234634,21.194,0.46655,1.03875,0.254513,0.987869,0.254469,1,0
3720,prcp_corrected/area,14610,0.235524,17.3625,0.438965,1.01006,0.255638,0.987444,0.255479,1,0
3720,prcp_corrected/coverage,14610,0.235934,17.3518,0.438958,1.01001,0.255635,0.987443,0.255489,1,0
3721,prcp/area,14610,0.226899,25.3849,0.530184,1.04567,0.268398,0.982223,0.256033,1,0
3721,prcp/coverage,14610,0.226762,25.3821,0.530128,1.04567,0.268398,0.982227,0.256032,1,0
3721,prcp_corrected/area,14610,0.227584,23.2122,0.502655,0.999611,0.270327,0.981992,0.257664,1,0
3721,prcp_corrected/coverage,14610,0.227515,23.2097,0.50262,0.999614,0.270327,0.981996,0.257664,1,0
3722,prcp/area,14610,0.226968,33.7502,0.68144,1.02856,0.289084,0.969395,0.265599,1,0
3722,prcp/coverage,14610,0.226968,33.7503,0.68142,1.02855,0.289083,0.969398,0.265598,1,0
3722,prcp_corrected/area,14610,0.226489,28.3263,0.656293,1.02408,0.290132,0.972542,0.267123,1,0
3722,prcp_corrected/coverage,14610,0.226557,28.3264,0.656264,1.02407,0.290131,0.972544,0.267123,1,0
3723,prcp/area,14610,0.20794,43.8935,0.695673,1.005,0.31477,0.96611,0.272582,1,0
3723,prcp/coverage,14610,0.207871,43.8892,0.695609,1.00501,0.314766,0.966116,0.272598,1,0
3723,prcp_corrected/area,14610,0.208624,39.8582,0.642908,0.96101,0.316444,0.970498,0.275157,1,0
3723,prcp_corrected/coverage,14610,0.208693,39.8536,0.642845,0.961017,0.316439,0.970504,0.275173,1,0
3724,prcp/area,14610,0.252088,35.6997,0.731319,1.02885,0.297488,0.961835,0.357734,1,0
3724,prcp/coverage,14610,0.252088,35.7001,0.731323,1.02885,0.297487,0.961834,0.357732,1,0
3724,prcp_corrected/area,14610,0.252772,30.8023,0.712718,1.02202,0.297405,0.964003,0.358284,1,0
3724,prcp_corrected/coverage,14610,0.252772,30.8029,0.712722,1.02202,0.297405,0.964003,0.358282,1,0
3725,prcp/area,14610,0.254552,36.6274,0.663741,1.0211,0.272455,0.975841,0.262326,1,0
3725,prcp/coverage,14610,0.254552,36.6232,0.663723,1.0211,0.272454,0.975843,0.262326,1,0
3725,prcp_corrected/area,14610,0.254552,32.1028,0.654371,1.02968,0.271697,0.977356,0.261794,1,0
3725,prcp_corrected/coverage,14610,0.254483,32.099,0.654348,1.02967,0.271697,0.977358,0.261794,1,0
3726,prcp/area,14610,0.254278,37.0828,0.672183,1.02145,0.272342,0.975275,0.262767,1,0
3726,prcp/coverage,14610,0.254278,37.0788,0.672164,1.02145,0.272341,0.975276,0.262767,1,0
3726,prcp_corrected/area,14610,0.254278,32.4483,0.664399,1.03094,0.271506,0.976766,0.262167,1,0
3726,prcp_corrected/coverage,14610,0.254278,32.4446,0.664375,1.03094,0.271505,0.976768,0.262166,1,0
3727,prcp/area,14610,0.165845,26.8112,0.409476,1.02502,0.296559,0.990557,0.289316,1,0
3727,prcp/coverage,14610,0.165572,26.8122,0.409465,1.02503,0.296546,0.990559,0.289369,1,0
3727,prcp_corrected/area,14610,0.166051,22.0642,0.411678,1.04353,0.29645,0.991242,0.288988,1,0
3727,prcp_corrected/coverage,14610,0.166188,22.0607,0.411682,1.04357,0.296438,0.991243,0.289041,1,0
3728,prcp/area,14610,0.248392,33.6934,0.675804,1.05273,0.289053,0.976487,0.284874,1,0
3728,prcp/coverage,14610,0.248392,33.6934,0.675804,1.05273,0.289053,0.976487,0.284874,1,0
3728,prcp_corrected/area,14610,0.247844,38.0941,0.724927,1.103,0.287962,0.977608,0.284076,1,0
3728,prcp_corrected/coverage,14610,0.247844,38.0941,0.724927,1.103,0.287962,0.977608,0.284076,1,0
3729,prcp/area,14610,0.210746,31.2457,0.658407,1.01351,0.305099,0.977083,0.277928,1,0
3729,prcp/coverage,14610,0.210678,31.2449,0.658389,1.0135,0.305098,0.977085,0.277928,1,0
3729,prcp_corrected/area,14610,0.209651,35.1775,0.693214,1.06049,0.303918,0.97779,0.277248,1,0
3729,prcp_corrected/coverage,14610,0.209582,35.1764,0.693195,1.06048,0.303916,0.977791,0.277248,1,0
3730,prcp/area,14610,0.217522,31.558,0.639748,0.996721,0.258983,0.977617,0.256059,1,0
3730,prcp/coverage,14610,0.217864,31.5657,0.639612,0.996728,0.258975,0.977626,0.256081,1,0
3730,prcp_corrected/area,14610,0.217591,30.6822,0.625102,0.987484,0.257657,0.977855,0.254571,1,0
3730,prcp_corrected/coverage,14610,0.217522,30.6809,0.624957,0.987484,0.257648,0.977866,0.254594,1,0
3731,prcp/area,14610,0.166872,27.4412,0.639693,0.970134,0.319909,0.976707,0.313556,1,0
3731,prcp/coverage,14610,0.166872,27.4416,0.639688,0.970133,0.319907,0.976707,0.313555,1,0
3731,prcp_corrected/area,14610,0.164887,29.9611,0.671922,1.03558,0.318598,0.977188,0.312599,1,0
3731,prcp_corrected/coverage,14610,0.164819,29.9609,0.671915,1.03558,0.318596,0.977188,0.312599,1,0
3732,prcp/area,14610,0.170842,26.9433,0.63689,0.972983,0.322628,0.977067,0.309388,1,0
3732,prcp/coverage,14610,0.170842,26.9435,0.636888,0.972982,0.322626,0.977067,0.309389,1,0
3732,prcp_corrected/area,14610,0.170226,28.7715,0.668187,1.03448,0.321298,0.977455,0.308571,1,0
3732,prcp_corrected/coverage,14610,0.170157,28.7708,0.668182,1.03448,0.321296,0.977456,0.308571,1,0
3733,prcp/area,14610,0.171732,26.712,0.630079,0.974892,0.322596,0.977598,0.30708,1,0
3733,prcp/coverage,14610,0.171732,26.7124,0.630076,0.97489,0.322594,0.977598,0.307082,1,0
3733,prcp_corrected/area,14610,0.170089,29.2827,0.660371,1.03402,0.321286,0.978006,0.306382,1,0
3733,prcp_corrected/coverage,14610,0.170089,29.2819,0.660367,1.03402,0.321284,0.978006,0.306383,1,0
3734,prcp/area,14610,0.20308,33.2891,0.685818,0.981115,0.31176,0.975774,0.268609,1,0
3734,prcp/coverage,14610,0.203012,33.2873,0.685793,0.981113,0.311756,0.975775,0.268613,1,0
3734,prcp_corrected/area,14610,0.202806,34.1271,0.695536,1.01508,0.310764,0.976523,0.268493,1,0
3734,prcp_corrected/coverage,14610,0.202875,34.1264,0.695512,1.01508,0.31076,0.976524,0.268497,1,0
3735,prcp/area,14610,0.207255,28.8208,0.698129,1.0235,0.319763,0.97891,0.277402,1,0
3735,prcp/coverage,14610,0.207255,28.823,0.69812,1.0235,0.319763,0.97891,0.277403,1,0
3735,prcp_corrected/area,14610,0.20794,26.812,0.679891,0.991683,0.319658,0.977819,0.277203,1,0
3735,prcp_corrected/coverage,14610,0.20794,26.8142,0.679885,0.991684,0.319658,0.977819,0.277204,1,0
3736,prcp/area,14610,0.210951,23.3201,0.469833,0.949808,0.452872,0.921697,0.422684,1,0
3736,prcp/coverage,14610,0.210883,23.3225,0.469829,0.949862,0.452876,0.921702,0.422708,1,0
3736,prcp_corrected/area,14610,0.211773,25.0635,0.471182,0.932381,0.455957,0.914654,0.42603,1,0
3736,prcp_corrected/coverage,14610,0.211773,25.0685,0.471192,0.93247,0.455958,0.914656,0.426054,1,0
3737,prcp/area,14610,0.186379,13.4769,0.29634,0.923563,0.436784,0.964073,0.440111,1,0
3737,prcp/coverage,14610,0.186311,13.4603,0.296241,0.923642,0.436686,0.964089,0.440312,1,0
3737,prcp_corrected/area,14610,0.186585,15.6489,0.30611,0.976393,0.444168,0.961326,0.440769,1,0
3737,prcp_corrected/coverage,14610,0.18679,15.6304,0.305986,0.976398,0.444072,0.961343,0.440965,1,0
3738,prcp/area,14610,0.316153,22.0338,0.330442,1.00907,0.373467,0.954737,0.332085,1,0
3738,prcp/coverage,14610,0.316016,22.043,0.330418,1.00904,0.373478,0.954743,0.332041,1,0
3738,prcp_corrected/area,14610,0.315537,13.7835,0.338624,1.08334,0.377192,0.9618,0.334065,1,0
3738,prcp_corrected/coverage,14610,0.315469,13.7907,0.338599,1.08334,0.377203,0.96181,0.334023,1,0
3739,prcp/area,14610,0.267899,32.0999,0.55905,1.01708,0.321455,0.976204,0.312476,1,0
3739,prcp/coverage,14610,0.267899,32.0997,0.559011,1.01706,0.321453,0.976207,0.312479,1,0
3739,prcp_corrected/area,14610,0.26653,31.0595,0.540824,1.01,0.322407,0.976695,0.312806,1,0
3739,prcp_corrected/coverage,14610,0.26653,31.0598,0.540785,1.00998,0.322406,0.976697,0.312809,1,0
3740,prcp/area,14610,0.252704,30.1543,0.451956,1.02526,0.332702,0.955283,0.331447,1,0
3740,prcp/coverage,14610,0.252704,30.1553,0.451956,1.02526,0.332703,0.955282,0.33145,1,0
3740,prcp_corrected/area,14610,0.253046,23.6829,0.42405,1.00849,0.336046,0.959748,0.334178,1,0
3740,prcp_corrected/coverage,14610,0.253114,23.6834,0.424047,1.00849,0.336047,0.959748,0.33418,1,0
3741,prcp/area,14610,0.204449,23.7857,0.547412,1.01398,0.321871,0.973935,0.414483,1,0
3741,prcp/coverage,14610,0.204517,23.7855,0.547412,1.01398,0.321869,0.973934,0.41447,1,0
3741,prcp_corrected/area,14610,0.203765,27.076,0.577118,1.07505,0.322057,0.974794,0.415013,1,0
3741,prcp_corrected/coverage,14610,0.203833,27.0759,0.577125,1.07505,0.322055,0.974793,0.415001,1,0
3742,prcp/area,14610,0.186242,17.2023,0.529992,0.958901,0.345726,0.97894,0.315043,1,0
3742,prcp/coverage,14610,0.186242,17.2018,0.529996,0.958899,0.345726,0.978939,0.315042,1,0
3742,prcp_corrected/area,14610,0.186242,19.6263,0.525663,0.970163,0.346375,0.97953,0.316225,1,0
3742,prcp_corrected/coverage,14610,0.186311,19.6265,0.525667,0.970161,0.346376,0.97953,0.316224,1,0
3743,prcp/area,14610,0.186174,28.213,0.82691,1.06598,0.274222,0.976648,0.26927,1,0
3743,prcp/coverage,14610,0.186105,28.2157,0.826923,1.06597,0.274221,0.976647,0.269272,1,0
3743,prcp_corrected/area,14610,0.184394,32.6802,0.896775,1.1048,0.273807,0.974961,0.268858,1,0
3743,prcp_corrected/coverage,14610,0.184394,32.6784,0.896782,1.1048,0.273806,0.97496,0.26886,1,0
3744,prcp/area,14610,0.177413,31.3264,0.915577,0.961752,0.361035,0.959308,0.308169,1,0
3744,prcp/coverage,14610,0.177413,31.3267,0.915597,0.961748,0.361033,0.959306,0.308171,1,0
3744,prcp_corrected/area,14610,0.177755,34.0599,0.909259,0.975508,0.361235,0.959796,0.308795,1,0
3744,prcp_corrected/coverage,14610,0.177755,34.0596,0.909279,0.975503,0.361232,0.959795,0.308797,1,0
3745,prcp/area,14610,0.19206,26.7687,0.778892,0.957324,0.273914,0.977631,0.269491,1,0
3745,prcp/coverage,14610,0.191923,26.7591,0.778875,0.957327,0.273919,0.977632,0.269489,1,0
3745,prcp_corrected/area,14610,0.191513,21.1645,0.811375,0.981293,0.27353,0.974398,0.268248,1,0
3745,prcp_corrected/coverage,14610,0.19165,21.158,0.81136,0.981275,0.273535,0.9744,0.268246,1,0
3746,prcp/area,14610,0.178166,24.8003,0.71389,1.00515,0.243239,0.983413,0.246155,1,0
3746,prcp/coverage,14610,0.178097,24.8011,0.713891,1.00515,0.243235,0.983411,0.246162,1,0
3746,prcp_corrected/area,14610,0.177344,36.3416,0.759074,1.03478,0.242952,0.982059,0.246025,1,0
3746,prcp_corrected/coverage,14610,0.177481,36.3401,0.759072,1.03478,0.242948,0.982058,0.246031,1,0
3747,prcp/area,14610,0.181862,25.4824,0.753039,1.00748,0.22952,0.982418,0.219176,1,0
3747,prcp/coverage,14610,0.18193,25.4892,0.753081,1.00749,0.229515,0.982416,0.219178,1,0
3747,prcp_corrected/area,14610,0.181314,27.1041,0.792324,1.02849,0.229441,0.981279,0.21919,1,0
3747,prcp_corrected/coverage,14610,0.181314,27.1092,0.792366,1.02849,0.229437,0.981277,0.219191,1,0
3748,prcp/area,14610,0.186105,31.7793,0.748393,1.01806,0.302674,0.980932,0.221485,1,0
3748,prcp/coverage,14610,0.1859,31.7829,0.748373,1.01806,0.302667,0.980933,0.221491,1,0
3748,prcp_corrected/area,14610,0.184805,36.1485,0.790084,1.04661,0.302384,0.980583,0.221263,1,0
3748,prcp_corrected/coverage,14610,0.1846,36.1524,0.790061,1.0466,0.302377,0.980584,0.22127,1,0
3749,prcp/area,14610,0.200821,24.6038,0.666666,1.02947,0.235486,0.986113,0.217659,1,0
3749,prcp/coverage,14610,0.200821,24.6068,0.666672,1.02946,0.235484,0.986113,0.217662,1,0
3749,prcp_corrected/area,14610,0.200274,26.5563,0.708161,1.05327,0.235372,0.985429,0.217561,1,0
3749,prcp_corrected/coverage,14610,0.200274,26.5593,0.708166,1.05326,0.23537,0.985429,0.217564,1,0
3750,prcp/area,14610,0.186174,36.298,0.809172,1.00558,0.26162,0.979893,0.23455,1,0
3750,prcp/coverage,14610,0.186174,36.2978,0.809158,1.00558,0.261619,0.979894,0.234551,1,0
3750,prcp_corrected/area,14610,0.186448,34.6233,0.823052,1.00531,0.261755,0.979444,0.234866,1,0
3750,prcp_corrected/coverage,14610,0.186379,34.6234,0.823038,1.00531,0.261753,0.979445,0.234866,1,0
3751,prcp/area,14610,0.197947,25.9389,0.759224,0.986014,0.226969,0.981427,0.239732,1,0
3751,prcp/coverage,14610,0.197947,25.9402,0.759232,0.986015,0.226968,0.981427,0.239734,1,0
3751,prcp_corrected/area,14610,0.1987,26.3785,0.76905,0.999538,0.227572,0.981133,0.240108,1,0
3751,prcp_corrected/coverage,14610,0.1987,26.3775,0.769059,0.999539,0.227571,0.981133,0.240111,1,0
3752,prcp/area,14610,0.188569,27.1107,0.74741,0.981311,0.227343,0.982096,0.237309,1,0
3752,prcp/coverage,14610,0.188638,27.1119,0.747418,0.981312,0.227343,0.982096,0.237311,1,0
3752,prcp_corrected/area,14610,0.189049,26.177,0.752161,0.992768,0.227973,0.98192,0.237719,1,0
3752,prcp_corrected/coverage,14610,0.189117,26.1785,0.75217,0.99277,0.227972,0.98192,0.23772,1,0
3753,prcp/area,14610,0.186858,27.0369,0.735188,0.982843,0.22792,0.982663,0.236196,1,0
3753,prcp/coverage,14610,0.186858,27.0382,0.735194,0.982844,0.227919,0.982663,0.236197,1,0
3753,prcp_corrected/area,14610,0.187817,25.9982,0.739302,0.992989,0.228551,0.982511,0.236611,1,0
3753,prcp_corrected/coverage,14610,0.187748,25.9997,0.739308,0.992991,0.22855,0.982511,0.236612,1,0
3754,prcp/area,14610,0.176318,30.1039,0.696571,0.9872,0.22778,0.985034,0.23534,1,0
3754,prcp/coverage,14610,0.176386,30.1056,0.696573,0.987204,0.227779,0.985034,0.235344,1,0
3754,prcp_corrected/area,14610,0.17666,29.393,0.708956,1.0054,0.228213,0.98464,0.235703,1,0
3754,prcp_corrected/coverage,14610,0.176728,29.3951,0.708967,1.00541,0.228212,0.98464,0.235707,1,0
3755,prcp/area,14610,0.164887,34.2338,0.785629,0.977734,0.312199,0.977981,0.301252,1,0
3755,prcp/coverage,14610,0.164887,34.2333,0.785626,0.977734,0.312198,0.977981,0.301253,1,0
3755,prcp_corrected/area,14610,0.164066,40.0173,0.817193,0.992542,0.311636,0.975852,0.300965,1,0
3755,prcp_corrected/coverage,14610,0.164134,40.0171,0.81719,0.992542,0.311635,0.975852,0.300966,1,0
3756,prcp/area,14610,0.16078,33.7498,0.777086,0.975546,0.320542,0.978192,0.299641,1,0
3756,prcp/coverage,14610,0.16078,33.7493,0.777083,0.975546,0.320541,0.978192,0.299642,1,0
3756,prcp_corrected/area,14610,0.160507,39.7898,0.810649,0.993166,0.319955,0.975969,0.299483,1,0
3756,prcp_corrected/coverage,14610,0.160575,39.7896,0.810646,0.993166,0.319955,0.975969,0.299484,1,0
3757,prcp/area,14610,0.172485,29.2837,0.70158,0.993716,0.300677,0.982265,0.296943,1,0
3757,prcp/coverage,14610,0.172416,29.2844,0.701601,0.993716,0.300677,0.982264,0.296943,1,0
3757,prcp_corrected/area,14610,0.171458,36.7378,0.722482,1.00832,0.30017,0.981035,0.29656,1,0
3757,prcp_corrected/coverage,14610,0.171321,36.7386,0.722503,1.00832,0.300169,0.981034,0.29656,1,0
3758,prcp/area,14610,0.19911,41.1167,0.718801,1.01197,0.289695,0.981083,0.266608,1,0
3758,prcp/coverage,14610,0.198426,41.1243,0.718721,1.01196,0.289675,0.981085,0.266632,1,0
3758,prcp_corrected/area,14610,0.198631,36.6282,0.754105,1.03538,0.289518,0.9809,0.266975,1,0
3758,prcp_corrected/coverage,14610,0.198426,36.6363,0.754001,1.03536,0.289498,0.980902,0.266999,1,0
3759,prcp/area,14610,0.188638,35.1657,0.679648,1.00621,0.288814,0.983533,0.261324,1,0
3759,prcp/coverage,14610,0.188364,35.1934,0.679594,1.0062,0.288786,0.983529,0.261371,1,0
3759,prcp_corrected/area,14610,0.187817,31.1715,0.718037,1.03491,0.288771,0.983188,0.261866,1,0
3759,prcp_corrected/coverage,14610,0.187953,31.1976,0.717942,1.03488,0.288743,0.983184,0.261912,1,0
3760,prcp/area,14610,0.20486,23.7843,0.706419,1.02387,0.284063,0.984994,0.245076,1,0
3760,prcp/coverage,14610,0.204791,23.7957,0.706457,1.02386,0.284049,0.984989,0.245098,1,0
3760,prcp_corrected/area,14610,0.203901,25.1463,0.764021,1.06053,0.283771,0.984308,0.245648,1,0
3760,prcp_corrected/coverage,14610,0.203765,25.1483,0.764032,1.06053,0.283757,0.984302,0.24567,1,0
3761,prcp/area,14610,0.154552,27.8751,0.668899,0.993276,0.235343,0.984339,0.247475,1,0
3761,prcp/coverage,14610,0.15462,27.8609,0.668933,0.993275,0.235344,0.984338,0.247462,1,0
3761,prcp_corrected/area,14610,0.154757,33.6011,0.686417,1.01855,0.235447,0.983791,0.247737,1,0
3761,prcp_corrected/coverage,14610,0.154552,33.5842,0.686446,1.01854,0.235447,0.98379,0.247724,1,0
3762,prcp/area,14610,0.330048,41.024,0.521423,1.04445,0.32704,0.941446,0.335558,1,0
3762,prcp/coverage,14610,0.330048,41.021,0.521422,1.04445,0.327037,0.941447,0.33556,1,0
3762,prcp_corrected/area,14610,0.331211,46.7145,0.52169,1.00597,0.327387,0.934395,0.332864,1,0
3762,prcp_corrected/coverage,14610,0.331211,46.7114,0.52169,1.00597,0.327384,0.934395,0.332866,1,0
3763,prcp/area,14610,0.299452,19.4104,0.442122,0.944758,0.322128,0.964775,0.345748,1,0
3763,prcp/coverage,14610,0.299589,19.4112,0.442123,0.94475,0.322125,0.964774,0.345752,1,0
3763,prcp_corrected/area,14610,0.300479,25.2171,0.431429,0.972939,0.323945,0.966552,0.345608,1,0
3763,prcp_corrected/coverage,14610,0.300479,25.2173,0.431429,0.972939,0.323943,0.966552,0.345612,1,0
3764,prcp/area,14610,0.299932,19.222,0.39352,1.04015,0.323338,0.974249,0.349175,1,0
3764,prcp/coverage,14610,0.3,19.2258,0.393483,1.04012,0.323331,0.974253,0.34918,1,0
3764,prcp_corrected/area,14610,0.300274,17.8056,0.377159,0.995856,0.324423,0.974594,0.349107,1,0
3764,prcp_corrected/coverage,14610,0.300068,17.8072,0.377135,0.995854,0.324415,0.974598,0.349113,1,0
3765,prcp/area,14610,0.293292,16.1588,0.374943,0.957167,0.347206,0.982219,0.354058,1,0
3765,prcp/coverage,14610,0.293224,16.1544,0.374968,0.957109,0.347198,0.982219,0.354069,1,0
3765,prcp_corrected/area,14610,0.292608,15.9511,0.400965,1.0227,0.348757,0.980268,0.354231,1,0
3765,prcp_corrected/coverage,14610,0.292539,15.959,0.400967,1.02268,0.34875,0.980268,0.354241,1,0
3766,prcp/area,14610,0.263244,20.4109,0.30948,1.0393,0.354405,0.982109,0.359561,1,0
3766,prcp/coverage,14610,0.263039,20.4144,0.309434,1.0393,0.354395,0.982115,0.359561,1,0
3766,prcp_corrected/area,14610,0.264134,20.8576,0.306579,1.01713,0.355361,0.980479,0.359819,1,0
3766,prcp_corrected/coverage,14610,0.263929,20.8606,0.306537,1.0171,0.355351,0.980484,0.359819,1,0
3767,prcp/area,14610,0.253114,16.8847,0.298726,1.03509,0.369682,0.983816,0.377778,1,0
3767,prcp/coverage,14610,0.253114,16.8882,0.298696,1.03508,0.36967,0.98382,0.377781,1,0
3767,prcp_corrected/area,14610,0.254004,17.0768,0.292703,1.01285,0.371161,0.982657,0.378579,1,0
3767,prcp_corrected/coverage,14610,0.253593,17.08,0.292676,1.01281,0.371148,0.98266,0.378582,1,0
3768,prcp/area,14610,0.262286,17.7738,0.512011,0.97877,0.390443,0.974479,0.387657,1,0
3768,prcp/coverage,14610,0.262355,17.7823,0.512015,0.978777,0.39044,0.974478,0.38766,1,0
3768,prcp_corrected/area,14610,0.261054,24.2041,0.511738,1.00508,0.392232,0.975648,0.389199,1,0
3768,prcp_corrected/coverage,14610,0.261054,24.2128,0.51174,1.00508,0.392229,0.975648,0.389201,1,0
3769,prcp/area,14610,0.300342,23.3172,0.354735,0.995889,0.364928,0.97938,0.36579,1,0
3769,prcp/coverage,14610,0.300342,23.3159,0.354739,0.995892,0.364927,0.979379,0.365793,1,0
3769,prcp_corrected/area,14610,0.300137,16.3025,0.358735,1.01439,0.367653,0.979273,0.369188,1,0
3769,prcp_corrected/coverage,14610,0.300068,16.3011,0.358737,1.01439,0.367652,0.979273,0.369191,1,0
3770,prcp/area,14610,0.270842,20.9056,0.397732,0.986354,0.336814,0.967743,0.346579,1,0
3770,prcp/coverage,14610,0.27091,20.909,0.397741,0.986338,0.336808,0.967739,0.346581,1,0
3770,prcp_corrected/area,14610,0.270431,29.7462,0.396832,1.02867,0.338309,0.96863,0.346204,1,0
3770,prcp_corrected/coverage,14610,0.2705,29.7461,0.396842,1.02865,0.338304,0.968626,0.346206,1,0
3771,prcp/area,14610,0.254278,20.803,0.384045,0.973673,0.348102,0.97285,0.35775,1,0
3771,prcp/coverage,14610,0.254209,20.809,0.384063,0.973663,0.348095,0.972845,0.357757,1,0
3771,prcp_corrected/area,14610,0.254415,27.9439,0.374839,1.01148,0.350375,0.974228,0.357771,1,0
3771,prcp_corrected/coverage,14610,0.254483,27.9491,0.374858,1.01145,0.350368,0.974222,0.357777,1,0
3772,prcp/area,14610,0.27577,16.5075,0.410046,0.967387,0.359727,0.982857,0.338997,1,0
3772,prcp/coverage,14610,0.275907,16.5082,0.410035,0.967382,0.359725,0.982858,0.339003,1,0
3772,prcp_corrected/area,14610,0.275496,26.6466,0.399864,0.995909,0.361297,0.983834,0.340054,1,0
3772,prcp_corrected/coverage,14610,0.275359,26.6465,0.399849,0.995901,0.361295,0.983835,0.340059,1,0
3773,prcp/area,14610,0.305407,22.5063,0.470581,0.982783,0.358628,0.977312,0.330056,1,0
3773,prcp/coverage,14610,0.305407,22.5067,0.470583,0.982783,0.358627,0.977312,0.330056,1,0
3773,prcp_corrected/area,14610,0.304997,26.5008,0.453557,0.988027,0.360296,0.978623,0.33092,1,0
3773,prcp_corrected/coverage,14610,0.305065,26.5011,0.45356,0.988026,0.360296,0.978623,0.33092,1,0
3774,prcp/area,14610,0.285216,21.4656,0.4512,0.98486,0.360988,0.979198,0.330992,1,0
3774,prcp/coverage,14610,0.285216,21.4667,0.451198,0.984858,0.360987,0.979198,0.330993,1,0
3774,prcp_corrected/area,14610,0.285969,26.8261,0.431423,0.993791,0.363034,0.98082,0.332392,1,0
3774,prcp_corrected/coverage,14610,0.285832,26.8265,0.431419,0.993787,0.363033,0.980821,0.332393,1,0
3775,prcp/area,14610,0.3,20.0998,0.48663,0.977669,0.358454,0.976098,0.334462,1,0
3775,prcp/coverage,14610,0.3,20.1016,0.486616,0.977669,0.358454,0.976099,0.334461,1,0
3775,prcp_corrected/area,14610,0.300616,27.0156,0.471619,0.991366,0.360747,0.977565,0.33628,1,0
3775,prcp_corrected/coverage,14610,0.300616,27.0105,0.471601,0.991362,0.360746,0.977567,0.336279,1,0
3776,prcp/area,14610,0.284189,30.6336,0.502201,0.998605,0.363991,0.973359,0.401791,1,0
3776,prcp/coverage,14610,0.28412,30.6326,0.502213,0.998605,0.363989,0.973358,0.40179,1,0
3776,prcp_corrected/area,14610,0.284394,33.2832,0.506951,0.994465,0.365414,0.97183,0.402411,1,0
3776,prcp_corrected/coverage,14610,0.284326,33.2839,0.506963,0.994461,0.365412,0.971829,0.40241,1,0
3777,prcp/area,14610,0.268446,27.1346,0.481243,0.997349,0.37512,0.975542,0.396317,1,0
3777,prcp/coverage,14610,0.268446,27.1365,0.481242,0.997345,0.375118,0.975542,0.396317,1,0
3777,prcp_corrected/area,14610,0.268446,32.4976,0.482909,0.98952,0.377014,0.974542,0.397745,1,0
3777,prcp_corrected/coverage,14610,0.268515,32.4993,0.482908,0.989515,0.377012,0.974542,0.397745,1,0
3778,prcp/area,14610,0.255647,29.2029,0.465631,1.01671,0.382413,0.977465,0.390747,1,0
3778,prcp/coverage,14610,0.255647,29.2057,0.465618,1.0167,0.38241,0.977466,0.390749,1,0
3778,prcp_corrected/area,14610,0.255236,34.0416,0.461532,1.0034,0.38457,0.976553,0.392424,1,0
3778,prcp_corrected/coverage,14610,0.255305,34.0443,0.461522,1.0034,0.384567,0.976554,0.392426,1,0
3779,prcp/area,14610,0.256879,29.7237,0.462385,1.02063,0.382194,0.977725,0.389726,1,0
3779,prcp/coverage,14610,0.256879,29.7264,0.462373,1.02063,0.382192,0.977726,0.389727,1,0
3779,prcp_corrected/area,14610,0.256537,34.4604,0.457323,1.00702,0.384333,0.976804,0.391414,1,0
3779,prcp_corrected/coverage,14610,0.256537,34.4629,0.457311,1.00702,0.384331,0.976805,0.391415,1,0
3780,prcp/area,14610,0.276865,27.7918,0.606325,0.984044,0.346001,0.971244,0.334348,1,0
3780,prcp/coverage,14610,0.277002,27.7913,0.60633,0.984041,0.345999,0.971244,0.334341,1,0
3780,prcp_corrected/area,14610,0.276728,34.0376,0.590777,0.974482,0.347091,0.972385,0.33547,1,0
3780,prcp_corrected/coverage,14610,0.276728,34.037,0.590784,0.974477,0.347089,0.972384,0.335463,1,0
3781,prcp/area,14610,0.229774,36.91,0.63823,1.02602,0.388528,0.965235,0.410266,1,0
3781,prcp/coverage,14610,0.229843,36.9084,0.63823,1.02602,0.38853,0.965235,0.410263,1,0
3781,prcp_corrected/area,14610,0.229021,37.0721,0.664549,1.07148,0.391211,0.965271,0.410945,1,0
3781,prcp_corrected/coverage,14610,0.228953,37.0726,0.66455,1.07148,0.391213,0.965271,0.410942,1,0
3782,prcp/area,14610,0.245996,56.635,0.617468,1.00055,0.399927,0.967411,0.396315,1,0
3782,prcp/coverage,14610,0.245927,56.6355,0.617473,1.00055,0.39993,0.96741,0.396311,1,0
3782,prcp_corrected/area,14610,0.245106,49.7934,0.652709,1.05963,0.40177,0.967698,0.396668,1,0
3782,prcp_corrected/coverage,14610,0.245106,49.7937,0.652715,1.05963,0.401773,0.967697,0.396663,1,0
3783,prcp/area,14610,0.227584,70.3211,0.685487,0.985121,0.406329,0.960992,0.386986,1,0
3783,prcp/coverage,14610,0.227584,70.3207,0.685469,0.985119,0.40633,0.960994,0.386986,1,0
3783,prcp_corrected/area,14610,0.226968,64.7749,0.689488,1.01621,0.409414,0.962643,0.388323,1,0
3783,prcp_corrected/coverage,14610,0.226899,64.7743,0.689473,1.01621,0.409414,0.962645,0.388323,1,0
3784,prcp/area,14610,0.220876,76.1053,0.752748,0.978952,0.413367,0.954896,0.383953,1,0
3784,prcp/coverage,14610,0.220739,76.1061,0.752727,0.978947,0.413365,0.954899,0.383954,1,0
3784,prcp_corrected/area,14610,0.219986,71.4798,0.748112,0.985175,0.416275,0.957415,0.385714,1,0
3784,prcp_corrected/coverage,14610,0.219849,71.4805,0.748094,0.985177,0.416273,0.957417,0.385716,1,0
3785,prcp/area,14610,0.20486,84.6,0.795893,0.999476,0.426636,0.947919,0.362621,1,0
3785,prcp/coverage,14610,0.20486,84.602,0.795884,0.999463,0.426628,0.94792,0.362621,1,0
3785,prcp_corrected/area,14610,0.204928,80.184,0.792396,1.01321,0.429229,0.950844,0.364246,1,0
3785,prcp_corrected/coverage,14610,0.204928,80.1856,0.792395,1.01321,0.429222,0.950845,0.364246,1,0
3786,prcp/area,14610,0.200479,75.4205,0.729696,0.993233,0.430244,0.955793,0.378122,1,0
3786,prcp/coverage,14610,0.200548,75.4246,0.729617,0.993212,0.43021,0.955804,0.378146,1,0
3786,prcp_corrected/area,14610,0.200479,70.8073,0.724263,1.00241,0.432757,0.958603,0.379949,1,0
3786,prcp_corrected/coverage,14610,0.200616,70.8115,0.724201,1.00241,0.432722,0.958612,0.379972,1,0
3787,prcp/area,14610,0.202327,42.2194,0.555364,0.987285,0.419325,0.976156,0.401312,1,0
3787,prcp/coverage,14610,0.202259,42.2199,0.555161,0.987256,0.419217,0.976178,0.401486,1,0
3787,prcp_corrected/area,14610,0.201506,36.6375,0.537148,0.998553,0.422705,0.978973,0.40282,1,0
3787,prcp_corrected/coverage,14610,0.20178,36.6399,0.536978,0.998518,0.422594,0.978994,0.402997,1,0
3788,prcp/area,14610,0.141684,25.3879,0.716991,1.03752,0.346569,0.971041,0.347267,1,0
3788,prcp/coverage,14610,0.141684,25.3873,0.716967,1.03752,0.346567,0.971042,0.347274,1,0
3788,prcp_corrected/area,14610,0.142642,29.8063,0.675911,1.04161,0.353069,0.975711,0.351599,1,0
3788,prcp_corrected/coverage,14610,0.142642,29.8058,0.675892,1.04161,0.353066,0.975712,0.351606,1,0
3789,prcp/area,14610,0.207871,42.0656,0.580558,1.00966,0.406432,0.975799,0.385598,1,0
3789,prcp/coverage,14610,0.208145,42.0733,0.580474,1.00962,0.406376,0.975807,0.385681,1,0
3789,prcp_corrected/area,14610,0.209103,36.9978,0.549943,1.01085,0.409086,0.979202,0.387396,1,0
3789,prcp_corrected/coverage,14610,0.209309,37.007,0.5499,1.01083,0.409028,0.979208,0.38748,1,0
3790,prcp/area,14610,0.167556,22.1061,0.776247,1.01356,0.342599,0.973658,0.299174,1,0
3790,prcp/coverage,14610,0.167556,22.1056,0.776266,1.01356,0.342597,0.973656,0.299173,1,0
3790,prcp_corrected/area,14610,0.166461,25.4957,0.768362,1.03097,0.344278,0.974738,0.301031,1,0
3790,prcp_corrected/coverage,14610,0.166393,25.498,0.768385,1.03097,0.344276,0.974736,0.301031,1,0
3791,prcp/area,14610,0.161602,21.9751,0.709124,0.999277,0.343996,0.97689,0.313469,1,0
3791,prcp/coverage,14610,0.161396,21.9868,0.709265,0.999309,0.344016,0.976881,0.31343,1,0
3791,prcp_corrected/area,14610,0.161191,23.821,0.683588,1.0142,0.346385,0.979051,0.315542,1,0
3791,prcp_corrected/coverage,14610,0.161465,23.8282,0.683762,1.01424,0.346404,0.97904,0.315503,1,0
3792,prcp/area,14610,0.186516,27.895,0.794688,1.00003,0.273074,0.977307,0.29146,1,0
3792,prcp/coverage,14610,0.186516,27.8948,0.79468,1.00003,0.273069,0.977308,0.291452,1,0
3792,prcp_corrected/area,14610,0.187064,23.2864,0.77305,0.985767,0.275443,0.978278,0.293695,1,0
3792,prcp_corrected/coverage,14610,0.186927,23.2831,0.773046,0.985776,0.275438,0.978279,0.293687,1,0
3793,prcp/area,14610,0.180835,28.0413,0.698961,0.986779,0.234719,0.983668,0.241892,1,0
3793,prcp/coverage,14610,0.180767,28.0379,0.699019,0.986769,0.234718,0.983665,0.241894,1,0
3793,prcp_corrected/area,14610,0.179877,40.4904,0.721948,1.02328,0.234647,0.982882,0.241873,1,0
3793,prcp_corrected/coverage,14610,0.179877,40.487,0.722003,1.02328,0.234646,0.98288,0.241875,1,0
3794,prcp/area,14610,0.167693,25.8516,0.661907,1.02248,0.319584,0.976344,0.312154,1,0
3794,prcp/coverage,14610,0.167625,25.8347,0.661869,1.02248,0.319572,0.976348,0.312188,1,0
3794,prcp_corrected/area,14610,0.167146,23.3233,0.634894,1.01996,0.322979,0.97838,0.314463,1,0
3794,prcp_corrected/coverage,14610,0.167146,23.3137,0.634868,1.01995,0.322967,0.978382,0.314497,1,0
3795,prcp/area,14610,0.188501,36.0391,0.709392,1.01271,0.31653,0.973354,0.293844,1,0
3795,prcp/coverage,14610,0.188433,36.0358,0.709351,1.01271,0.316526,0.973357,0.293858,1,0
3795,prcp_corrected/area,14610,0.186585,37.9176,0.692623,1.00948,0.319025,0.974143,0.296034,1,0
3795,prcp_corrected/coverage,14610,0.186585,37.9145,0.692587,1.00948,0.319021,0.974146,0.296048,1,0
3796,prcp/area,14610,0.192813,27.1019,0.652315,0.982114,0.333329,0.978403,0.317382,1,0
3796,prcp/coverage,14610,0.192813,27.1019,0.652305,0.982114,0.333328,0.978404,0.317386,1,0
3796,prcp_corrected/area,14610,0.192676,30.6543,0.641641,0.984528,0.336016,0.978655,0.319603,1,0
3796,prcp_corrected/coverage,14610,0.192813,30.6547,0.641638,0.984531,0.336015,0.978656,0.319607,1,0
3797,prcp/area,14610,0.231691,30.782,0.73686,1.00442,0.253416,0.973906,0.246395,1,0
3797,prcp/coverage,14610,0.231691,30.7821,0.736858,1.00442,0.253415,0.973906,0.246396,1,0
3797,prcp_corrected/area,14610,0.232033,29.6696,0.703105,0.987551,0.255169,0.976159,0.248496,1,0
3797,prcp_corrected/coverage,14610,0.232033,29.6696,0.703104,0.987551,0.255168,0.976159,0.248497,1,0
3798,prcp/area,14610,0.191376,30.6094,0.663593,1.00525,0.271677,0.9783,0.256567,1,0
3798,prcp/coverage,14610,0.191581,30.6249,0.663536,1.00524,0.271667,0.978304,0.256578,1,0
3798,prcp_corrected/area,14610,0.191923,32.6233,0.620757,0.99874,0.273901,0.981933,0.258762,1,0
3798,prcp_corrected/coverage,14610,0.191855,32.6148,0.620691,0.998726,0.273891,0.981937,0.258773,1,0
3799,prcp/area,14610,0.179808,25.627,0.628464,1.01281,0.277507,0.982501,0.262505,1,0
3799,prcp/coverage,14610,0.179671,25.5954,0.628328,1.01278,0.277488,0.982506,0.262531,1,0
3799,prcp_corrected/area,14610,0.17974,27.2496,0.590139,1.00964,0.279511,0.985358,0.264215,1,0
3799,prcp_corrected/coverage,14610,0.179603,27.2516,0.590005,1.0096,0.279492,0.985363,0.264239,1,0
3800,prcp/area,14610,0.200411,27.2542,0.734639,0.986421,0.327579,0.976149,0.356658,1,0
3800,prcp/coverage,14610,0.200274,27.255,0.734644,0.98642,0.327575,0.976148,0.356665,1,0
3800,prcp_corrected/area,14610,0.200068,22.1887,0.726459,0.981624,0.326612,0.976868,0.355304,1,0
3800,prcp_corrected/coverage,14610,0.2,22.1849,0.726467,0.981624,0.326608,0.976867,0.355311,1,0
3801,prcp/area,14610,0.152909,35.5583,0.888212,0.959942,0.359903,0.975747,0.294984,1,0
3801,prcp/coverage,14610,0.152977,35.5605,0.888184,0.959935,0.359899,0.975748,0.294993,1,0
3801,prcp_corrected/area,14610,0.152156,55.6857,0.942849,1.03665,0.360612,0.974153,0.295772,1,0
3801,prcp_corrected/coverage,14610,0.152088,55.6815,0.942804,1.03664,0.360609,0.974154,0.29578,1,0
3802,prcp/area,14610,0.186995,33.5683,0.682029,1.00779,0.315662,0.974631,0.298765,1,0
3802,prcp/coverage,14610,0.186995,33.5644,0.682037,1.00779,0.315658,0.974631,0.298775,1,0
3802,prcp_corrected/area,14610,0.186174,22.9125,0.652063,1.01095,0.319004,0.977946,0.301212,1,0
3802,prcp_corrected/coverage,14610,0.186174,22.9134,0.652074,1.01095,0.319,0.977945,0.301222,1,0
3803,prcp/area,14610,0.204038,28.1423,0.678388,1.00668,0.316715,0.969903,0.319709,1,0
3803,prcp/coverage,14610,0.204038,28.1341,0.678423,1.00668,0.316708,0.969901,0.319715,1,0
3803,prcp_corrected/area,14610,0.202122,26.3543,0.655022,1.02722,0.31898,0.97427,0.321849,1,0
3803,prcp_corrected/coverage,14610,0.202053,26.3549,0.655074,1.02723,0.318973,0.974268,0.321854,1,0
3804,prcp/area,14610,0.178782,29.0882,0.6228,0.977956,0.256249,0.980458,0.245196,1,0
3804,prcp/coverage,14610,0.178645,29.0892,0.622788,0.97796,0.256242,0.980459,0.245199,1,0
3804,prcp_corrected/area,14610,0.177755,27.8132,0.57153,0.967289,0.259188,0.98454,0.24769,1,0
3804,prcp_corrected/coverage,14610,0.177618,27.8144,0.57152,0.967288,0.259181,0.984541,0.247693,1,0
3805,prcp/area,14610,0.190212,26.7247,0.71953,0.998697,0.275171,0.980447,0.253441,1,0
3805,prcp/coverage,14610,0.190418,26.7247,0.719528,0.998694,0.275169,0.980447,0.253444,1,0
3805,prcp_corrected/area,14610,0.18987,46.002,0.69916,0.998016,0.27627,0.980948,0.254369,1,0
3805,prcp_corrected/coverage,14610,0.189938,46.0042,0.699158,0.998013,0.276268,0.980948,0.254373,1,0
3806,prcp/area,14610,0.173854,59.2559,0.886023,0.976262,0.282779,0.976391,0.286686,1,0
3806,prcp/coverage,14610,0.173717,59.2475,0.886087,0.976251,0.282775,0.976387,0.286678,1,0
3806,prcp_corrected/area,14610,0.173238,66.7567,0.919674,1.01794,0.288109,0.974557,0.289862,1,0
3806,prcp_corrected/coverage,14610,0.173306,66.7486,0.919729,1.01792,0.288106,0.974553,0.289854,1,0
3807,prcp/area,14610,0.154073,44.2765,0.838194,0.989206,0.324885,0.981609,0.328507,1,0
3807,prcp/coverage,14610,0.154141,44.2863,0.83822,0.989192,0.324875,0.981607,0.328496,1,0
3807,prcp_corrected/area,14610,0.153525,52.1318,0.870236,1.02905,0.327699,0.979487,0.329611,1,0
3807,prcp_corrected/coverage,14610,0.153525,52.1396,0.870256,1.02903,0.327691,0.979486,0.3296,1,0
3808,prcp/area,14610,0.184736,38.753,0.762764,1.00348,0.317847,0.964641,0.289488,1,0
3808,prcp/coverage,14610,0.184736,38.7576,0.762754,1.00349,0.317844,0.964642,0.28949,1,0
3808,prcp_corrected/area,14610,0.185147,30.9869,0.710284,1.00642,0.320425,0.970584,0.292729,1,0
3808,prcp_corrected/coverage,14610,0.185147,30.9835,0.710269,1.00642,0.320423,0.970586,0.292731,1,0
3809,prcp/area,14610,0.160643,40.2648,0.833926,1.00527,0.318076,0.96592,0.33172,1,0
3809,prcp/coverage,14610,0.160712,40.265,0.833934,1.00526,0.318074,0.965919,0.331717,1,0
3809,prcp_corrected/area,14610,0.161465,40.0245,0.814669,0.987896,0.318543,0.965165,0.332382,1,0
3809,prcp_corrected/coverage,14610,0.161465,40.0243,0.814675,0.987889,0.31854,0.965165,0.332379,1,0
3810,prcp/area,14610,0.171047,43.5786,0.761315,0.971662,0.281063,0.972496,0.291736,1,0
3810,prcp/coverage,14610,0.171047,43.5774,0.761318,0.971659,0.28106,0.972496,0.291745,1,0
3810,prcp_corrected/area,14610,0.171458,58.403,0.776763,1.01133,0.281411,0.971401,0.292296,1,0
3810,prcp_corrected/coverage,14610,0.171595,58.4022,0.77677,1.01134,0.281408,0.971401,0.292305,1,0
3811,prcp/area,14610,0.195346,37.4778,0.764896,0.95421,0.277172,0.975945,0.269964,1,0
3811,prcp/coverage,14610,0.195414,37.478,0.764907,0.95421,0.27717,0.975945,0.269965,1,0
3811,prcp_corrected/area,14610,0.194661,45.0729,0.769657,0.977682,0.277308,0.975002,0.270475,1,0
3811,prcp_corrected/coverage,14610,0.194661,45.0726,0.769667,0.977682,0.277306,0.975001,0.270476,1,0
3812,prcp/area,14610,0.162902,24.0196,0.676964,0.972857,0.27033,0.981409,0.267075,1,0
3812,prcp/coverage,14610,0.162765,24.0241,0.677004,0.972828,0.270316,0.981407,0.267101,1,0
3812,prcp_corrected/area,14610,0.162218,37.1125,0.671786,0.98677,0.270762,0.981046,0.26807,1,0
3812,prcp_corrected/coverage,14610,0.162286,37.1068,0.671832,0.986756,0.270748,0.981043,0.268095,1,0
3813,prcp/area,14610,0.163929,28.5898,0.797029,0.965554,0.272985,0.976913,0.25621,1,0
3813,prcp/coverage,14610,0.16386,28.59,0.797012,0.965553,0.272984,0.976914,0.256211,1,0
3813,prcp_corrected/area,14610,0.16475,38.5394,0.809506,0.969757,0.274146,0.975447,0.257142,1,0
3813,prcp_corrected/coverage,14610,0.164613,38.5353,0.809487,0.969757,0.274145,0.975448,0.257143,1,0
3814,prcp/area,14610,0.104654,60.4203,0.857722,0.966289,0.308492,0.973981,0.299096,1,0
3814,prcp/coverage,14610,0.104449,60.4111,0.857768,0.966263,0.30848,0.973978,0.299107,1,0
3814,prcp_corrected/area,14610,0.104928,68.9746,0.91914,1.00695,0.310647,0.968025,0.300092,1,0
3814,prcp_corrected/coverage,14610,0.105065,68.9677,0.919155,1.00691,0.310636,0.968023,0.300102,1,0
3815,prcp/area,14610,0.121355,69.2421,0.984162,0.989251,0.335509,0.968391,0.363225,1,0
3815,prcp/coverage,14610,0.121218,69.2266,0.984236,0.989236,0.335503,0.968385,0.363214,1,0
3815,prcp_corrected/area,14610,0.120123,86.5025,1.03575,1.0614,0.339518,0.966405,0.365756,1,0
3815,prcp_corrected/coverage,14610,0.120055,86.4872,1.03582,1.0614,0.339514,0.9664,0.365746,1,0
3816,prcp/area,14610,0.262491,36.477,0.467058,1.03935,0.349589,0.973938,0.363797,1,0
3816,prcp/coverage,14610,0.262491,36.4684,0.467032,1.03934,0.349588,0.973943,0.363789,1,0
3816,prcp_corrected/area,14610,0.262149,35.4798,0.447625,1.05242,0.353929,0.977248,0.368085,1,0
3816,prcp_corrected/coverage,14610,0.262149,35.4631,0.447602,1.05241,0.353928,0.977253,0.368077,1,0
3817,prcp/area,14610,0.163929,24.8357,0.664251,1.05866,0.349457,0.963399,0.313964,1,0
3817,prcp/coverage,14610,0.16386,24.8351,0.664249,1.05866,0.349456,0.963399,0.313965,1,0
3817,prcp_corrected/area,14610,0.16386,26.0542,0.672708,1.10173,0.350625,0.968084,0.314347,1,0
3817,prcp_corrected/coverage,14610,0.16386,26.0536,0.672705,1.10173,0.350624,0.968084,0.314348,1,0
3818,prcp/area,14610,0.253525,40.7877,1.02237,0.91572,0.244124,0.922803,0.49078,1,0
3818,prcp/coverage,14610,0.253525,40.7877,1.02238,0.915719,0.244123,0.922802,0.490782,1,0
3818,prcp_corrected/area,14610,0.252567,51.0154,1.05616,0.983655,0.242578,0.915789,0.485171,1,0
3818,prcp_corrected/coverage,14610,0.252567,51.0154,1.05617,0.983654,0.242578,0.915788,0.485173,1,0
3819,prcp/area,14610,0.227379,31.8384,0.90958,0.941524,0.268576,0.93456,0.490632,1,0
3819,prcp/coverage,14610,0.22731,31.8364,0.909581,0.941525,0.268577,0.93456,0.490634,1,0
3819,prcp_corrected/area,14610,0.227173,45.6993,0.947747,1.00781,0.267352,0.927592,0.485614,1,0
3819,prcp_corrected/coverage,14610,0.227242,45.6966,0.947746,1.0078,0.267352,0.927591,0.485616,1,0
3820,prcp/area,14610,0.236687,31.8959,0.549789,1.0428,0.315045,0.977283,0.334137,1,0
3820,prcp/coverage,14610,0.236756,31.8978,0.549788,1.0428,0.315042,0.977283,0.334143,1,0
3820,prcp_corrected/area,14610,0.236756,20.6222,0.526012,1.03819,0.316952,0.979552,0.33405,1,0
3820,prcp_corrected/coverage,14610,0.236824,20.6273,0.526014,1.03818,0.31695,0.979551,0.334056,1,0
3821,prcp/area,14610,0.198084,26.8085,0.536654,1.04137,0.32663,0.979225,0.326846,1,0
3821,prcp/coverage,14610,0.198084,26.8088,0.53664,1.04136,0.326621,0.979224,0.326859,1,0
3821,prcp_corrected/area,14610,0.198494,21.806,0.515554,1.05816,0.329155,0.982701,0.327151,1,0
3821,prcp_corrected/coverage,14610,0.198631,21.8018,0.515527,1.05814,0.329146,0.9827,0.327164,1,0
3822,prcp/area,14610,0.19603,28.0282,0.753942,1.02344,0.375063,0.96169,0.337899,1,0
3822,prcp/coverage,14610,0.19603,28.0281,0.75394,1.02344,0.375063,0.96169,0.337899,1,0
3822,prcp_corrected/area,14610,0.195962,37.1879,0.745553,1.06452,0.379743,0.966725,0.342612,1,0
3822,prcp_corrected/coverage,14610,0.195962,37.1878,0.745552,1.06452,0.379743,0.966725,0.342612,1,0
3823,prcp/area,14610,0.176728,26.0153,0.640754,1.01912,0.361802,0.97217,0.330726,1,0
3823,prcp/coverage,14610,0.176728,26.0128,0.640709,1.01911,0.3618,0.972174,0.330735,1,0
3823,prcp_corrected/area,14610,0.175428,53.013,0.630375,1.0701,0.365596,0.977138,0.33383,1,0
3823,prcp_corrected/coverage,14610,0.175428,52.9948,0.630338,1.0701,0.365594,0.977141,0.333839,1,0
3824,prcp/area,14610,0.208077,24.8242,0.530688,1.03747,0.302972,0.977901,0.322604,1,0
3824,prcp/coverage,14610,0.208077,24.8257,0.530651,1.03746,0.302963,0.977903,0.322607,1,0
3824,prcp_corrected/area,14610,0.208077,23.4627,0.512293,1.0464,0.30486,0.980677,0.322679,1,0
3824,prcp_corrected/coverage,14610,0.208145,23.4601,0.512245,1.04637,0.304851,0.980679,0.322683,1,0
3825,prcp/area,14610,0.15859,52.7214,0.742117,1.04696,0.346128,0.9657,0.330385,1,0
3825,prcp/coverage,14610,0.158727,52.7267,0.742125,1.04697,0.34613,0.965699,0.330383,1,0
3825,prcp_corrected/area,14610,0.159206,62.2958,0.717822,1.07305,0.350451,0.970119,0.334604,1,0
3825,prcp_corrected/coverage,14610,0.159138,62.3001,0.717828,1.07305,0.350452,0.970118,0.334602,1,0
3826,prcp/area,14610,0.199179,27.5544,0.543091,1.02848,0.34485,0.975166,0.361623,1,0
3826,prcp/coverage,14610,0.199179,27.5513,0.543083,1.02848,0.344852,0.975167,0.361608,1,0
3826,prcp_corrected/area,14610,0.199384,24.2815,0.538219,1.08621,0.347432,0.980242,0.363257,1,0
3826,prcp_corrected/coverage,14610,0.199521,24.2855,0.538208,1.08622,0.347433,0.980242,0.363242,1,0
3827,prcp/area,14610,0.170705,23.9141,0.514573,1.02973,0.302558,0.977682,0.330252,1,0
3827,prcp/coverage,14610,0.170842,23.9178,0.514513,1.02972,0.302539,0.977688,0.33024,1,0
3827,prcp_corrected/area,14610,0.170637,28.695,0.512448,1.05459,0.303766,0.979001,0.329892,1,0
3827,prcp_corrected/coverage,14610,0.170637,28.6836,0.512366,1.05454,0.303747,0.979008,0.329881,1,0
3828,prcp/area,14610,0.146407,31.9093,0.701211,1.01934,0.347632,0.968999,0.341514,1,0
3828,prcp/coverage,14610,0.146407,31.9053,0.701214,1.01934,0.347632,0.969,0.341513,1,0
3828,prcp_corrected/area,14610,0.144832,39.0868,0.648035,1.03682,0.353725,0.975683,0.347188,1,0
3828,prcp_corrected/coverage,14610,0.144832,39.096,0.648043,1.03682,0.353725,0.975683,0.347186,1,0
3829,prcp/area,14610,0.141684,32.9622,0.688594,1.01897,0.346735,0.969806,0.344019,1,0
3829,prcp/coverage,14610,0.141752,32.957,0.688596,1.01897,0.346735,0.969807,0.344017,1,0
3829,prcp_corrected/area,14610,0.139836,36.7352,0.635589,1.03678,0.352754,0.976448,0.349595,1,0
3829,prcp_corrected/coverage,14610,0.139767,36.7452,0.635596,1.03678,0.352754,0.976447,0.349591,1,0
3830,prcp/area,14610,0.145927,32.2573,0.718903,1.02387,0.333742,0.969085,0.335778,1,0
3830,prcp/coverage,14610,0.145927,32.2457,0.718868,1.02388,0.333739,0.969088,0.335786,1,0
3830,prcp_corrected/area,14610,0.145038,28.372,0.691939,1.03359,0.338782,0.973522,0.339153,1,0
3830,prcp_corrected/coverage,14610,0.145038,28.3693,0.691903,1.0336,0.338779,0.973525,0.339161,1,0
3831,prcp/area,14610,0.136756,29.7356,0.716419,1.00596,0.346199,0.968685,0.338638,1,0
3831,prcp/coverage,14610,0.136824,29.735,0.716407,1.00596,0.346198,0.968686,0.338642,1,0
3831,prcp_corrected/area,14610,0.137029,35.2641,0.665621,1.02492,0.352777,0.975646,0.344128,1,0
3831,prcp_corrected/coverage,14610,0.137029,35.2629,0.665616,1.02491,0.352776,0.975646,0.344132,1,0
3832,prcp/area,14610,0.213073,22.8968,0.525506,1.01973,0.3242,0.981104,0.325404,1,0
3832,prcp/coverage,14610,0.213005,22.8965,0.525532,1.01973,0.324196,0.981104,0.325409,1,0
3832,prcp_corrected/area,14610,0.2141,16.8373,0.473097,1.01795,0.326619,0.985372,0.3284,1,0
3832,prcp_corrected/coverage,14610,0.214305,16.8381,0.473133,1.01796,0.326614,0.98537,0.328404,1,0
3833,prcp/area,14610,0.212731,22.7037,0.517692,1.02077,0.323763,0.981588,0.325297,1,0
3833,prcp/coverage,14610,0.212663,22.7035,0.517725,1.02078,0.323758,0.981587,0.325303,1,0
3833,prcp_corrected/area,14610,0.2141,16.5955,0.464172,1.01812,0.326236,0.985931,0.328372,1,0
3833,prcp_corrected/coverage,14610,0.214168,16.5964,0.464211,1.01813,0.326231,0.985928,0.328377,1,0
3834,prcp/area,14610,0.216359,28.5043,0.607688,0.950429,0.286487,0.976891,0.271785,1,0
3834,prcp/coverage,14610,0.216359,28.5033,0.607679,0.950428,0.286486,0.976892,0.271786,1,0
3834,prcp_corrected/area,14610,0.217112,25.4888,0.63491,0.961747,0.288949,0.97431,0.274091,1,0
3834,prcp_corrected/coverage,14610,0.217112,25.4883,0.634903,0.961746,0.288948,0.974311,0.274092,1,0
3835,prcp/area,14610,0.193634,39.0664,0.670404,1.0233,0.284924,0.970642,0.28636,1,0
3835,prcp/coverage,14610,0.193566,39.0669,0.670431,1.0233,0.284922,0.970639,0.286364,1,0
3835,prcp_corrected/area,14610,0.192676,34.404,0.64637,1.04299,0.288511,0.975493,0.290177,1,0
3835,prcp_corrected/coverage,14610,0.192608,34.4039,0.646399,1.043,0.288509,0.975491,0.290181,1,0
3836,prcp/area,14610,0.165092,39.9346,0.74316,0.995864,0.309521,0.963049,0.305992,1,0
3836,prcp/coverage,14610,0.165092,39.9296,0.743174,0.995873,0.309513,0.963048,0.305992,1,0
3836,prcp_corrected/area,14610,0.165572,35.3313,0.737328,1.04119,0.31185,0.96747,0.308221,1,0
3836,prcp_corrected/coverage,14610,0.165572,35.342,0.737332,1.0412,0.311843,0.96747,0.308221,1,0
3837,prcp/area,14610,0.197262,38.1455,0.720549,0.956681,0.295649,0.967825,0.294363,1,0
3837,prcp/coverage,14610,0.197262,38.1468,0.720557,0.956679,0.295645,0.967825,0.294368,1,0
3837,prcp_corrected/area,14610,0.195619,35.0893,0.70359,0.992937,0.297667,0.97136,0.296593,1,0
3837,prcp_corrected/coverage,14610,0.195619,35.0913,0.703595,0.992935,0.297663,0.97136,0.296598,1,0
3838,prcp/area,14610,0.147502,48.2449,0.834846,1.01605,0.36327,0.960863,0.350467,1,0
3838,prcp/coverage,14610,0.147296,48.2635,0.834819,1.01605,0.363262,0.960864,0.350448,1,0
3838,prcp_corrected/area,14610,0.146954,48.4352,0.794763,1.00745,0.367409,0.963133,0.353067,1,0
3838,prcp_corrected/coverage,14610,0.146954,48.4366,0.794727,1.00743,0.367402,0.963134,0.353049,1,0
3839,prcp/area,14610,0.171047,40.5453,0.856796,0.986489,0.325508,0.965668,0.355211,1,0
3839,prcp/coverage,14610,0.171116,40.5451,0.856797,0.986489,0.325507,0.965668,0.355212,1,0
3839,prcp_corrected/area,14610,0.170021,41.8824,0.885927,1.00109,0.327878,0.961727,0.356371,1,0
3839,prcp_corrected/coverage,14610,0.170021,41.881,0.885924,1.00109,0.327877,0.961727,0.356371,1,0
3840,prcp/area,14610,0.175017,41.2214,0.853568,0.995778,0.367096,0.976522,0.369245,1,0
3840,prcp/coverage,14610,0.174949,41.2392,0.85365,0.995774,0.367092,0.976516,0.369241,1,0
3840,prcp_corrected/area,14610,0.17399,53.6762,0.893594,1.06772,0.371273,0.976272,0.371852,1,0
3840,prcp_corrected/coverage,14610,0.17399,53.6704,0.89368,1.06773,0.371268,0.976267,0.371847,1,0
3841,prcp/area,14610,0.100479,24.1464,0.796005,1.02157,0.344317,0.97281,0.392372,1,0
3841,prcp/coverage,14610,0.100548,24.1478,0.796027,1.02157,0.344314,0.972808,0.392367,1,0
3841,prcp_corrected/area,14610,0.100479,32.924,0.778738,1.01533,0.347592,0.97297,0.393835,1,0
3841,prcp_corrected/coverage,14610,0.100616,32.9211,0.778762,1.01533,0.347589,0.972967,0.39383,1,0
3842,prcp/area,14610,0.106913,30.5705,0.813734,1.03002,0.345227,0.969506,0.382705,1,0
3842,prcp/coverage,14610,0.106982,30.5717,0.813719,1.03002,0.345226,0.969508,0.382693,1,0
3842,prcp_corrected/area,14610,0.108282,33.377,0.792988,1.00821,0.349846,0.970357,0.385518,1,0
3842,prcp_corrected/coverage,14610,0.108145,33.3756,0.792972,1.00821,0.349845,0.970359,0.385506,1,0
3843,prcp/area,14610,0.11013,29.9127,0.797421,1.03329,0.344829,0.970965,0.394019,1,0
3843,prcp/coverage,14610,0.11013,29.9139,0.797401,1.03328,0.344828,0.970967,0.394008,1,0
3843,prcp_corrected/area,14610,0.110335,36.0872,0.777904,1.0114,0.349363,0.971501,0.396698,1,0
3843,prcp_corrected/coverage,14610,0.110404,36.0849,0.777883,1.0114,0.349363,0.971503,0.396686,1,0
3844,prcp/area,14610,0.122177,40.4715,0.813395,1.00255,0.402843,0.970432,0.404081,1,0
3844,prcp/coverage,14610,0.12245,40.4731,0.81344,1.00253,0.402837,0.970428,0.404063,1,0
3844,prcp_corrected/area,14610,0.120055,46.3766,0.815532,1.02798,0.406809,0.971439,0.407349,1,0
3844,prcp_corrected/coverage,14610,0.119918,46.3794,0.815587,1.02797,0.406804,0.971436,0.407331,1,0
3845,prcp/area,14610,0.12601,37.4639,0.761596,1.00301,0.397717,0.976981,0.38469,1,0
3845,prcp/coverage,14610,0.125941,37.4535,0.761584,1.00299,0.397706,0.976981,0.384695,1,0
3845,prcp_corrected/area,14610,0.126146,32.01,0.765822,1.02394,0.401223,0.977462,0.387526,1,0
3845,prcp_corrected/coverage,14610,0.126215,32.019,0.765807,1.02393,0.401212,0.977462,0.387531,1,0
3846,prcp/area,14610,0.165708,60.3572,0.788499,0.998789,0.373899,0.977141,0.36559,1,0
3846,prcp/coverage,14610,0.165708,60.3595,0.788456,0.998769,0.37389,0.977143,0.365588,1,0
3846,prcp_corrected/area,14610,0.164819,68.3129,0.821847,1.04415,0.376478,0.976572,0.366963,1,0
3846,prcp_corrected/coverage,14610,0.164956,68.3155,0.821782,1.04412,0.376469,0.976574,0.366961,1,0
3847,prcp/area,14610,0.116496,39.0985,0.814704,1.01637,0.476956,0.971603,0.455801,1,0
3847,prcp/coverage,14610,0.11629,39.098,0.814767,1.01637,0.476956,0.9716,0.455794,1,0
3847,prcp_corrected/area,14610,0.115469,42.4253,0.863591,1.0711,0.48628,0.970917,0.466602,1,0
3847,prcp_corrected/coverage,14610,0.115606,42.4223,0.863639,1.0711,0.48628,0.970914,0.466594,1,0
3848,prcp/area,14610,0.288501,14.3545,0.355826,0.964694,0.372041,0.978029,0.349533,1,0
3848,prcp/coverage,14610,0.288775,14.3559,0.35579,0.964677,0.372026,0.978032,0.349569,1,0
3848,prcp_corrected/area,14610,0.288227,16.051,0.35885,1.00841,0.3745,0.97842,0.352019,1,0
3848,prcp_corrected/coverage,14610,0.288227,16.0318,0.358799,1.00841,0.374483,0.978423,0.352053,1,0
3849,prcp/area,14610,0.31848,22.7732,0.39752,0.99178,0.359432,0.970062,0.34912,1,0
3849,prcp/coverage,14610,0.318412,22.7784,0.397549,0.99178,0.359422,0.970058,0.349116,1,0
3849,prcp_corrected/area,14610,0.318344,24.9801,0.397273,1.00578,0.362446,0.970009,0.352358,1,0
3849,prcp_corrected/coverage,14610,0.318412,25.0019,0.397307,1.00578,0.362435,0.970003,0.352352,1,0
3850,prcp/area,14610,0.346886,24.9312,0.422768,0.997251,0.364181,0.969739,0.36254,1,0
3850,prcp/coverage,14610,0.346817,24.9271,0.422734,0.997242,0.364178,0.969745,0.362533,1,0
3850,prcp_corrected/area,14610,0.346064,19.0147,0.425132,1.00715,0.36707,0.969517,0.365858,1,0
3850,prcp_corrected/coverage,14610,0.346133,19.0117,0.425103,1.00714,0.367067,0.969523,0.365851,1,0
3851,prcp/area,14610,0.310678,38.8765,0.439056,1.01262,0.419379,0.953474,0.41378,1,0
3851,prcp/coverage,14610,0.310678,38.863,0.439064,1.01264,0.41938,0.953476,0.413782,1,0
3851,prcp_corrected/area,14610,0.30924,53.2928,0.473311,1.11211,0.423109,0.955531,0.417442,1,0
3851,prcp_corrected/coverage,14610,0.309309,53.2745,0.473317,1.11212,0.42311,0.955534,0.417445,1,0
3852,prcp/area,14610,0.274401,26.8705,0.431978,1.0185,0.428881,0.960894,0.423313,1,0
3852,prcp/coverage,14610,0.274538,26.8658,0.431991,1.01848,0.42887,0.96089,0.423319,1,0
3852,prcp_corrected/area,14610,0.272621,36.6101,0.460272,1.09943,0.433404,0.962615,0.428149,1,0
3852,prcp_corrected/coverage,14610,0.27269,36.5966,0.460277,1.0994,0.433394,0.962612,0.428155,1,0
3853,prcp/area,14610,0.277207,18.2296,0.438041,1.02419,0.434021,0.9662,0.430247,1,0
3853,prcp/coverage,14610,0.27707,18.2407,0.438025,1.02418,0.434019,0.966201,0.430251,1,0
3853,prcp_corrected/area,14610,0.276044,26.1759,0.462044,1.09742,0.441869,0.969399,0.437812,1,0
3853,prcp_corrected/coverage,14610,0.276181,26.181,0.462025,1.09742,0.441867,0.9694,0.437815,1,0
3854,prcp/area,14610,0.306366,17.6805,0.435202,1.00193,0.43693,0.96683,0.441356,1,0
3854,prcp/coverage,14610,0.306229,17.6841,0.435196,1.00194,0.43693,0.966831,0.441354,1,0
3854,prcp_corrected/area,14610,0.306297,20.8176,0.433382,1.04793,0.442425,0.971163,0.447025,1,0
3854,prcp_corrected/coverage,14610,0.306229,20.8203,0.433366,1.04792,0.442425,0.971164,0.447022,1,0
3855,prcp/area,14610,0.247775,40.1751,0.497598,1.03911,0.393773,0.964565,0.389252,1,0
3855,prcp/coverage,14610,0.247707,40.1733,0.497582,1.0391,0.393771,0.964569,0.38926,1,0
3855,prcp_corrected/area,14610,0.246749,37.8972,0.487325,1.0678,0.399014,0.96957,0.395012,1,0
3855,prcp_corrected/coverage,14610,0.246749,37.8949,0.487307,1.0678,0.399013,0.969574,0.39502,1,0
3856,prcp/area,14610,0.2846,43.6089,0.668017,0.979717,0.386115,0.935361,0.39234,1,0
3856,prcp/coverage,14610,0.2846,43.6089,0.668017,0.979717,0.386115,0.935361,0.39234,1,0
3856,prcp_corrected/area,14610,0.2846,56.065,0.657233,1.01799,0.390244,0.939866,0.397416,1,0
3856,prcp_corrected/coverage,14610,0.2846,56.065,0.657233,1.01799,0.390244,0.939866,0.397416,1,0
3857,prcp/area,14610,0.295483,57.6046,0.549589,1.00993,0.357056,0.959815,0.38261,1,0
3857,prcp/coverage,14610,0.295483,57.6046,0.549589,1.00993,0.357056,0.959815,0.38261,1,0
3857,prcp_corrected/area,14610,0.295346,62.4709,0.541533,1.04071,0.362014,0.96261,0.387904,1,0
3857,prcp_corrected/coverage,14610,0.295346,62.4709,0.541533,1.04071,0.362014,0.96261,0.387904,1,0
3858,prcp/area,14610,0.276112,39.9658,0.655451,1.03886,0.38761,0.938833,0.443313,1,0
3858,prcp/coverage,14610,0.276112,39.9669,0.655451,1.03887,0.387608,0.938833,0.443313,1,0
3858,prcp_corrected/area,14610,0.275291,46.0012,0.65309,1.09131,0.391574,0.944724,0.447656,1,0
3858,prcp_corrected/coverage,14610,0.275291,46.0059,0.653087,1.09131,0.391572,0.944724,0.447655,1,0
3859,prcp/area,14610,0.231075,35.3954,0.476642,1.04876,0.340059,0.976358,0.353957,1,0
3859,prcp/coverage,14610,0.231006,35.3958,0.476601,1.04873,0.340057,0.976361,0.353959,1,0
3859,prcp_corrected/area,14610,0.23128,32.6171,0.462801,1.06688,0.340668,0.97864,0.355307,1,0
3859,prcp_corrected/coverage,14610,0.231211,32.6175,0.462764,1.06687,0.340666,0.978644,0.355309,1,0
3860,prcp/area,14610,0.213826,24.869,0.472763,0.994611,0.351109,0.979361,0.368115,1,0
3860,prcp/coverage,14610,0.213963,24.8627,0.472629,0.994586,0.351082,0.979375,0.36815,1,0
3860,prcp_corrected/area,14610,0.213415,23.8547,0.470824,1.02442,0.351587,0.980159,0.368676,1,0
3860,prcp_corrected/coverage,14610,0.213415,23.848,0.470691,1.02441,0.35156,0.980173,0.36871,1,0
3861,prcp/area,14610,0.205544,22.409,0.46563,0.996909,0.351555,0.980371,0.369637,1,0
3861,prcp/coverage,14610,0.20527,22.4081,0.465495,0.996873,0.351516,0.980385,0.369691,1,0
3861,prcp_corrected/area,14610,0.205955,21.4226,0.464865,1.02561,0.352389,0.980922,0.370364,1,0
3861,prcp_corrected/coverage,14610,0.206092,21.4213,0.464733,1.02559,0.352349,0.980936,0.370417,1,0
3862,prcp/area,14610,0.209856,25.9096,0.59271,0.96859,0.300263,0.974701,0.329827,1,0
3862,prcp/coverage,14610,0.209925,25.9091,0.592704,0.96859,0.30026,0.974702,0.329835,1,0
3862,prcp_corrected/area,14610,0.209103,24.0669,0.603747,1.00499,0.305621,0.973888,0.333356,1,0
3862,prcp_corrected/coverage,14610,0.209172,24.0668,0.603744,1.00499,0.305618,0.973888,0.333363,1,0
3863,prcp/area,14610,0.210062,32.0024,0.634804,0.993236,0.317855,0.966626,0.293902,1,0
3863,prcp/coverage,14610,0.21013,32.0025,0.634802,0.993236,0.317854,0.966626,0.293902,1,0
3863,prcp_corrected/area,14610,0.208419,34.3258,0.604581,1.01607,0.323747,0.972283,0.300396,1,0
3863,prcp_corrected/coverage,14610,0.208419,34.3272,0.60458,1.01607,0.323747,0.972283,0.300397,1,0
3864,prcp/area,14610,0.29473,22.2125,0.495996,0.960909,0.357859,0.971631,0.372751,1,0
3864,prcp/coverage,14610,0.29473,22.2125,0.496004,0.960908,0.357857,0.97163,0.372752,1,0
3864,prcp_corrected/area,14610,0.294182,21.4701,0.493845,1.02629,0.359112,0.973766,0.374621,1,0
3864,prcp_corrected/coverage,14610,0.294182,21.471,0.493851,1.02628,0.35911,0.973765,0.374622,1,0
3865,prcp/area,14610,0.218823,31.2058,0.450502,0.971129,0.335228,0.976884,0.342873,1,0
3865,prcp/coverage,14610,0.218891,31.1818,0.450482,0.971114,0.335199,0.976886,0.342916,1,0
3865,prcp_corrected/area,14610,0.219302,33.249,0.441315,0.990632,0.338038,0.978481,0.344854,1,0
3865,prcp_corrected/coverage,14610,0.219507,33.2227,0.441305,0.990608,0.338007,0.97848,0.344895,1,0
3866,prcp/area,14610,0.19384,22.7816,0.586364,0.988431,0.327983,0.972505,0.341946,1,0
3866,prcp/coverage,14610,0.19384,22.7828,0.586369,0.988422,0.327981,0.972504,0.341954,1,0
3866,prcp_corrected/area,14610,0.193361,23.7367,0.581614,0.992952,0.329251,0.973046,0.342761,1,0
3866,prcp_corrected/coverage,14610,0.193429,23.7377,0.58162,0.992939,0.329249,0.973045,0.342769,1,0
3867,prcp/area,14610,0.141273,38.2047,0.721467,0.991638,0.356229,0.959716,0.405061,1,0
3867,prcp/coverage,14610,0.141273,38.2059,0.721473,0.991622,0.356221,0.959713,0.405063,1,0
3867,prcp_corrected/area,14610,0.14011,34.3552,0.677639,1.02423,0.361276,0.967225,0.408936,1,0
3867,prcp_corrected/coverage,14610,0.140178,34.3562,0.677638,1.02421,0.361268,0.967222,0.408938,1,0
3868,prcp/area,14610,0.183231,37.8024,0.701608,0.983647,0.267903,0.96468,0.337981,1,0
3868,prcp/coverage,14610,0.183162,37.8029,0.701659,0.983641,0.267897,0.964675,0.337997,1,0
3868,prcp_corrected/area,14610,0.182957,31.9732,0.683068,0.991465,0.271049,0.968389,0.342498,1,0
3868,prcp_corrected/coverage,14610,0.182957,31.9739,0.683128,0.991462,0.271043,0.968384,0.342514,1,0
3869,prcp/area,14610,0.210267,36.4956,0.67998,0.965324,0.274185,0.970834,0.274527,1,0
3869,prcp/coverage,14610,0.210267,36.4929,0.679974,0.965323,0.274185,0.970835,0.274531,1,0
3869,prcp_corrected/area,14610,0.21013,36.9707,0.639513,0.977572,0.277139,0.976027,0.277648,1,0
3869,prcp_corrected/coverage,14610,0.21013,36.9681,0.639507,0.977576,0.277138,0.976028,0.277652,1,0
3870,prcp/area,14610,0.132854,39.3027,0.720136,0.980641,0.363426,0.972592,0.316957,1,0
3870,prcp/coverage,14610,0.132786,39.3007,0.720137,0.980625,0.363417,0.972593,0.316957,1,0
3870,prcp_corrected/area,14610,0.131211,58.3794,0.753029,1.04923,0.367457,0.974768,0.320499,1,0
3870,prcp_corrected/coverage,14610,0.131348,58.376,0.753039,1.04922,0.367448,0.97477,0.320498,1,0
3871,prcp/area,14610,0.143669,29.1715,0.819539,1.01013,0.401574,0.967652,0.389389,1,0
3871,prcp/coverage,14610,0.1436,29.1649,0.819532,1.01013,0.401574,0.967652,0.38939,1,0
3871,prcp_corrected/area,14610,0.143395,50.1943,0.848744,1.0326,0.408398,0.963639,0.396915,1,0
3871,prcp_corrected/coverage,14610,0.143463,50.1954,0.848727,1.03259,0.408398,0.96364,0.396916,1,0
3872,prcp/area,14610,0.10178,38.1311,0.695035,0.972602,0.437753,0.971742,0.416918,1,0
3872,prcp/coverage,14610,0.101916,38.1368,0.694831,0.9726,0.437746,0.971763,0.416929,1,0
3872,prcp_corrected/area,14610,0.102053,39.5895,0.725288,1.02349,0.444151,0.96975,0.423406,1,0
3872,prcp_corrected/coverage,14610,0.101985,39.5851,0.725025,1.02347,0.444151,0.969779,0.423418,1,0
3873,prcp/area,14610,0.303491,25.5283,0.42776,0.948256,0.405809,0.95877,0.394591,1,0
3873,prcp/coverage,14610,0.303559,25.5329,0.427752,0.948257,0.405805,0.958772,0.39459,1,0
3873,prcp_corrected/area,14610,0.301437,27.8844,0.446812,1.04772,0.408457,0.95962,0.397224,1,0
3873,prcp_corrected/coverage,14610,0.301437,27.8836,0.446806,1.04771,0.408452,0.959622,0.397222,1,0
3874,prcp/area,14610,0.242779,25.0827,0.498757,0.958729,0.377637,0.938006,0.417642,1,0
3874,prcp/coverage,14610,0.242847,25.0793,0.498747,0.958751,0.37764,0.938009,0.417634,1,0
3874,prcp_corrected/area,14610,0.24141,30.0837,0.50512,1.07736,0.386781,0.948428,0.428103,1,0
3874,prcp_corrected/coverage,14610,0.241205,30.0867,0.505108,1.07737,0.386785,0.948432,0.428096,1,0
3875,prcp/area,14610,0.275907,20.6509,0.423736,0.997195,0.370773,0.952522,0.401494,1,0
3875,prcp/coverage,14610,0.275838,20.649,0.423715,0.997213,0.370778,0.952531,0.401487,1,0
3875,prcp_corrected/area,14610,0.274401,31.4655,0.457574,1.10584,0.375518,0.953909,0.405689,1,0
3875,prcp_corrected/coverage,14610,0.274538,31.463,0.457556,1.10585,0.375524,0.953918,0.405683,1,0
3876,prcp/area,14610,0.273306,26.0017,0.459108,1.01016,0.373139,0.944263,0.413845,1,0
3876,prcp/coverage,14610,0.273306,26.0049,0.459088,1.01018,0.373146,0.944271,0.413831,1,0
3876,prcp_corrected/area,14610,0.272142,30.4648,0.496002,1.12875,0.380307,0.950618,0.421574,1,0
3876,prcp_corrected/coverage,14610,0.272211,30.4574,0.495974,1.12875,0.380314,0.950626,0.421562,1,0
3877,prcp/area,14610,0.265503,21.3795,0.423417,1.00414,0.373033,0.952974,0.407738,1,0
3877,prcp/coverage,14610,0.265366,21.3779,0.423394,1.00415,0.37304,0.952982,0.407724,1,0
3877,prcp_corrected/area,14610,0.263176,28.0252,0.456179,1.1152,0.378737,0.956259,0.413385,1,0
3877,prcp_corrected/coverage,14610,0.263107,28.0144,0.456151,1.1152,0.378744,0.956267,0.413372,1,0
3878,prcp/area,14610,0.273443,22.887,0.480893,1.04428,0.349923,0.94887,0.407894,1,0
3878,prcp/coverage,14610,0.273443,22.89,0.480883,1.04428,0.349924,0.948873,0.407892,1,0
3878,prcp_corrected/area,14610,0.271526,32.4137,0.512871,1.13411,0.356548,0.952198,0.415765,1,0
3878,prcp_corrected/coverage,14610,0.271458,32.4049,0.51286,1.1341,0.356549,0.952201,0.415762,1,0
3879,prcp/area,14610,0.27399,19.5465,0.346533,0.987625,0.431722,0.967712,0.419437,1,0
3879,prcp/coverage,14610,0.273854,19.5495,0.346537,0.987597,0.431721,0.967708,0.419456,1,0
3879,prcp_corrected/area,14610,0.274196,22.2185,0.359701,1.0561,0.435771,0.967978,0.423333,1,0
3879,prcp_corrected/coverage,14610,0.27399,22.2186,0.359704,1.05606,0.435768,0.967973,0.42335,1,0
3880,prcp/area,14610,0.266393,20.2823,0.346465,0.984128,0.429014,0.968996,0.419126,1,0
3880,prcp/coverage,14610,0.266667,20.2854,0.346471,0.984085,0.42901,0.968993,0.419149,1,0
3880,prcp_corrected/area,14610,0.265914,21.0076,0.355949,1.04951,0.433427,0.969403,0.423265,1,0
3880,prcp_corrected/coverage,14610,0.265777,21.0091,0.355951,1.04946,0.433422,0.969398,0.423286,1,0
3881,prcp/area,14610,0.233333,29.6951,0.505045,0.876199,0.370688,0.951558,0.392,1,0
3881,prcp/coverage,14610,0.233128,29.6949,0.50501,0.876218,0.370688,0.951565,0.392003,1,0
3881,prcp_corrected/area,14610,0.23039,30.8864,0.467805,1.00026,0.379653,0.959699,0.400452,1,0
3881,prcp_corrected/coverage,14610,0.230459,30.864,0.46778,1.00028,0.379653,0.959706,0.400456,1,0
3882,prcp/area,14610,0.219233,30.8445,0.480248,0.886986,0.36938,0.957348,0.383739,1,0
3882,prcp/coverage,14610,0.219233,30.8453,0.480218,0.887017,0.369384,0.957352,0.383727,1,0
3882,prcp_corrected/area,14610,0.216632,28.7876,0.435715,1.0049,0.379088,0.966251,0.392955,1,0
3882,prcp_corrected/coverage,14610,0.216701,28.7681,0.435707,1.00493,0.379092,0.966256,0.392944,1,0
3883,prcp/area,14610,0.270979,23.7084,0.507124,0.921998,0.341311,0.951869,0.389219,1,0
3883,prcp/coverage,14610,0.270979,23.7088,0.50713,0.922002,0.34131,0.951868,0.389217,1,0
3883,prcp_corrected/area,14610,0.270568,30.3573,0.516774,1.05228,0.348304,0.956842,0.396751,1,0
3883,prcp_corrected/coverage,14610,0.270568,30.3625,0.516783,1.05229,0.348303,0.95684,0.396749,1,0
3884,prcp/area,14610,0.240383,22.0841,0.545855,0.856853,0.368514,0.945985,0.388564,1,0
3884,prcp/coverage,14610,0.240452,22.0854,0.545842,0.856849,0.36851,0.945991,0.388571,1,0
3884,prcp_corrected/area,14610,0.238193,52.032,0.507963,0.963743,0.377569,0.952994,0.394781,1,0
3884,prcp_corrected/coverage,14610,0.238193,52.0204,0.50793,0.963741,0.377567,0.953002,0.394791,1,0
3885,prcp/area,14610,0.211499,25.417,0.50865,0.880046,0.374389,0.951771,0.391894,1,0
3885,prcp/coverage,14610,0.211499,25.44,0.508704,0.879983,0.374349,0.951762,0.391938,1,0
3885,prcp_corrected/area,14610,0.209582,48.5091,0.477982,0.993588,0.383378,0.95752,0.398187,1,0
3885,prcp_corrected/coverage,14610,0.209651,48.5099,0.478023,0.993518,0.383338,0.957513,0.398231,1,0
3886,prcp/area,14610,0.189049,24.1514,0.482276,0.874411,0.375229,0.960634,0.382536,1,0
3886,prcp/coverage,14610,0.188912,24.1796,0.482312,0.874374,0.375212,0.960633,0.38255,1,0
3886,prcp_corrected/area,14610,0.186448,43.0145,0.429107,0.994255,0.384717,0.966536,0.389368,1,0
3886,prcp_corrected/coverage,14610,0.18679,42.9898,0.429124,0.994231,0.384702,0.966539,0.389384,1,0
3887,prcp/area,14610,0.171253,21.3544,0.455236,0.879424,0.372795,0.966419,0.383947,1,0
3887,prcp/coverage,14610,0.171047,21.3861,0.45528,0.879439,0.372794,0.96641,0.383922,1,0
3887,prcp_corrected/area,14610,0.169678,35.7093,0.408932,1.00272,0.381604,0.971681,0.390102,1,0
3887,prcp_corrected/coverage,14610,0.169541,35.6709,0.409014,1.00277,0.381603,0.971677,0.390077,1,0
3888,prcp/area,14610,0.117796,19.4514,0.500971,0.948867,0.317937,0.969844,0.355798,1,0
3888,prcp/coverage,14610,0.117864,19.4533,0.500986,0.948854,0.317935,0.969842,0.355795,1,0
3888,prcp_corrected/area,14610,0.116427,32.037,0.539598,1.06373,0.322435,0.969306,0.359431,1,0
3888,prcp_corrected/coverage,14610,0.116427,32.0374,0.539598,1.06371,0.322433,0.969305,0.359428,1,0
3889,prcp/area,14610,0.086037,25.3879,0.49412,0.891263,0.332811,0.975985,0.341721,1,0
3889,prcp/coverage,14610,0.0859685,25.3837,0.494118,0.891248,0.332807,0.975987,0.341722,1,0
3889,prcp_corrected/area,14610,0.0863107,24.5668,0.451762,0.977165,0.340808,0.97891,0.349036,1,0
3889,prcp_corrected/coverage,14610,0.0862423,24.5689,0.451746,0.97715,0.340805,0.978912,0.349037,1,0
3890,prcp/area,14610,0.0776865,23.9257,0.463816,0.905266,0.344226,0.980376,0.361577,1,0
3890,prcp/coverage,14610,0.0775496,23.9213,0.463822,0.905253,0.344222,0.980376,0.36158,1,0
3890,prcp_corrected/area,14610,0.077755,25.8645,0.42631,0.999523,0.352339,0.98219,0.367845,1,0
3890,prcp_corrected/coverage,14610,0.077755,25.866,0.426304,0.999513,0.352333,0.982191,0.367847,1,0
3891,prcp/area,14610,0.21807,74.5806,0.695293,0.991346,0.246202,0.954081,0.280315,1,0
3891,prcp/coverage,14610,0.218001,74.5806,0.695289,0.991345,0.246203,0.954082,0.280313,1,0
3891,prcp_corrected/area,14610,0.216085,73.7317,0.718799,1.03487,0.251849,0.954,0.284165,1,0
3891,prcp_corrected/coverage,14610,0.216085,73.7317,0.718792,1.03487,0.25185,0.954001,0.284164,1,0
3892,prcp/area,14610,0.131006,53.1095,0.778589,0.977436,0.386238,0.964124,0.365297,1,0
3892,prcp/coverage,14610,0.131006,53.1094,0.778592,0.977436,0.386238,0.964124,0.365295,1,0
3892,prcp_corrected/area,14610,0.130869,70.638,0.81838,1.04756,0.392435,0.96515,0.369376,1,0
3892,prcp_corrected/coverage,14610,0.130938,70.6382,0.818383,1.04756,0.392435,0.96515,0.369374,1,0
3893,prcp/area,14610,0.118207,51.0453,1.0161,0.964098,0.4428,0.940014,0.395767,1,0
3893,prcp/coverage,14610,0.118207,51.0444,1.01614,0.964087,0.442802,0.94001,0.395753,1,0
3893,prcp_corrected/area,14610,0.11718,49.9603,1.08151,1.04932,0.447733,0.941399,0.401735,1,0
3893,prcp_corrected/coverage,14610,0.11718,49.9594,1.08156,1.04931,0.447735,0.941395,0.401721,1,0
3894,prcp/area,14610,0.158248,33.8362,0.710168,0.955872,0.398104,0.963429,0.397878,1,0
3894,prcp/coverage,14610,0.158316,33.8359,0.710152,0.955868,0.398104,0.963431,0.397879,1,0
3894,prcp_corrected/area,14610,0.156947,30.9389,0.702087,1.02913,0.404377,0.968613,0.401685,1,0
3894,prcp_corrected/coverage,14610,0.156947,30.9359,0.702071,1.02912,0.404377,0.968614,0.401685,1,0
3895,prcp/area,14610,0.130322,30.5499,0.647329,0.954378,0.431783,0.970829,0.443253,1,0
3895,prcp/coverage,14610,0.13039,30.5494,0.647463,0.954372,0.431777,0.970813,0.443229,1,0
3895,prcp_corrected/area,14610,0.130253,32.4841,0.627447,1.03661,0.43942,0.975059,0.448497,1,0
3895,prcp_corrected/coverage,14610,0.130459,32.4947,0.627598,1.03659,0.439415,0.975047,0.448469,1,0
3896,prcp/area,14610,0.121766,43.1646,0.779494,0.966999,0.449516,0.960725,0.43979,1,0
3896,prcp/coverage,14610,0.121697,43.1476,0.779427,0.966996,0.449515,0.960734,0.439807,1,0
3896,prcp_corrected/area,14610,0.120534,40.2378,0.787339,1.04205,0.455792,0.962223,0.444582,1,0
3896,prcp_corrected/coverage,14610,0.120671,40.2658,0.787232,1.04203,0.455793,0.962233,0.444597,1,0
3897,prcp/area,14610,0.123956,59.1167,0.957461,0.973608,0.437774,0.942411,0.401677,1,0
3897,prcp/coverage,14610,0.123956,59.1303,0.957502,0.973608,0.437776,0.942408,0.401664,1,0
3897,prcp_corrected/area,14610,0.122587,60.1002,1.01641,1.05754,0.442899,0.943913,0.407639,1,0
3897,prcp_corrected/coverage,14610,0.122382,60.1118,1.01645,1.05754,0.442902,0.94391,0.407626,1,0
3898,prcp/area,14610,0.132307,58.526,1.00538,0.970831,0.430766,0.937995,0.39834,1,0
3898,prcp/coverage,14610,0.132238,58.5253,1.00541,0.970831,0.430767,0.937993,0.398331,1,0
3898,prcp_corrected/area,14610,0.130732,57.7587,1.07802,1.06099,0.435281,0.939512,0.404225,1,0
3898,prcp_corrected/coverage,14610,0.130801,57.758,1.07805,1.06099,0.435282,0.93951,0.404216,1,0
3899,prcp/area,14610,0.144832,43.4772,0.971764,0.930195,0.419908,0.937123,0.419903,1,0
3899,prcp/coverage,14610,0.144901,43.4797,0.971754,0.930192,0.419909,0.937125,0.419905,1,0
3899,prcp_corrected/area,14610,0.14449,56.1657,1.0204,1.03415,0.433682,0.935264,0.43219,1,0
3899,prcp_corrected/coverage,14610,0.14449,56.162,1.02039,1.03414,0.433683,0.935266,0.432192,1,0
3900,prcp/area,14610,0.182478,43.8176,0.53769,0.908997,0.322155,0.966385,0.317703,1,0
3900,prcp/coverage,14610,0.182546,43.8242,0.537703,0.908984,0.322152,0.966383,0.317694,1,0
3900,prcp_corrected/area,14610,0.180356,39.7787,0.513453,0.994799,0.331438,0.970461,0.32545,1,0
3900,prcp_corrected/coverage,14610,0.180424,39.7739,0.513465,0.994789,0.331436,0.97046,0.325441,1,0
3901,prcp/area,14610,0.21718,40.4503,0.554796,0.8667,0.308888,0.969275,0.279891,1,0
3901,prcp/coverage,14610,0.21718,40.4522,0.554813,0.866692,0.308886,0.969274,0.27989,1,0
3901,prcp_corrected/area,14610,0.214374,37.7244,0.526904,0.954688,0.317181,0.971117,0.286155,1,0
3901,prcp_corrected/coverage,14610,0.214374,37.7265,0.526917,0.954682,0.317179,0.971115,0.286153,1,0
3902,prcp/area,14610,0.178166,41.7852,0.509394,0.899682,0.320904,0.971588,0.30875,1,0
3902,prcp/coverage,14610,0.178166,41.7966,0.509411,0.899668,0.320901,0.971586,0.308734,1,0
3902,prcp_corrected/area,14610,0.176249,35.7661,0.479345,0.982953,0.330183,0.97479,0.316202,1,0
3902,prcp_corrected/coverage,14610,0.176181,35.7588,0.479356,0.982943,0.33018,0.974789,0.316187,1,0
3903,prcp/area,14610,0.178439,41.7785,0.50726,0.899457,0.321017,0.97189,0.309079,1,0
3903,prcp/coverage,14610,0.178371,41.7897,0.507276,0.899443,0.321014,0.971887,0.309064,1,0
3903,prcp_corrected/area,14610,0.175633,35.5271,0.476405,0.982674,0.330308,0.975093,0.316542,1,0
3903,prcp_corrected/coverage,14610,0.175702,35.5199,0.476416,0.982663,0.330305,0.975093,0.316527,1,0
3904,prcp/area,14610,0.130116,46.1074,0.494675,0.896084,0.32543,0.975804,0.317462,1,0
3904,prcp/coverage,14610,0.130322,46.1161,0.494681,0.896043,0.325418,0.975806,0.317461,1,0
3904,prcp_corrected/area,14610,0.128268,29.7212,0.446332,0.973892,0.336144,0.979882,0.326013,1,0
3904,prcp_corrected/coverage,14610,0.128405,29.7176,0.446325,0.973862,0.336133,0.979885,0.326012,1,0
3905,prcp/area,14610,0.0972621,46.4479,0.474677,0.908195,0.335855,0.978724,0.327971,1,0
3905,prcp/coverage,14610,0.0973306,46.455,0.474678,0.908125,0.335843,0.978729,0.32798,1,0
3905,prcp_corrected/area,14610,0.0945243,23.8034,0.41735,0.9797,0.346729,0.983634,0.337064,1,0
3905,prcp_corrected/coverage,14610,0.0947981,23.8072,0.417313,0.979645,0.346717,0.983639,0.337073,1,0
3906,prcp/area,14610,0.0905544,42.3451,0.729228,1.02588,0.30958,0.955796,0.293561,1,0
3906,prcp/coverage,14610,0.0905544,42.3429,0.729226,1.02589,0.30958,0.955797,0.293558,1,0
3906,prcp_corrected/area,14610,0.0908966,41.0929,0.721375,1.04433,0.314221,0.957577,0.297904,1,0
3906,prcp_corrected/coverage,14610,0.0908282,41.091,0.721371,1.04434,0.314221,0.957578,0.2979,1,0
3907,prcp/area,14610,0.1141,40.6999,0.750708,0.991466,0.319029,0.957697,0.293866,1,0
3907,prcp/coverage,14610,0.1141,40.6999,0.750712,0.991468,0.319029,0.957696,0.293865,1,0
3907,prcp_corrected/area,14610,0.113347,39.6546,0.733143,1.01574,0.326414,0.960091,0.299143,1,0
3907,prcp_corrected/coverage,14610,0.113415,39.6546,0.733147,1.01574,0.326413,0.960091,0.299142,1,0
3908,prcp/area,14610,0.0779603,34.3979,0.588819,0.937541,0.327418,0.972534,0.355964,1,0
3908,prcp/coverage,14610,0.0780972,34.3966,0.588827,0.937519,0.327419,0.972533,0.355966,1,0
3908,prcp_corrected/area,14610,0.0792608,31.5812,0.563197,1.01122,0.336055,0.976025,0.363988,1,0
3908,prcp_corrected/coverage,14610,0.0793977,31.579,0.56321,1.01122,0.336055,0.976023,0.36399,1,0
3909,prcp/area,14610,0.0792608,33.8404,0.583613,0.942795,0.326995,0.9732,0.35204,1,0
3909,prcp/coverage,14610,0.0792608,33.839,0.583619,0.942771,0.326995,0.973199,0.352045,1,0
3909,prcp_corrected/area,14610,0.0797399,31.3145,0.556286,1.01079,0.335609,0.976621,0.36022,1,0
3909,prcp_corrected/coverage,14610,0.0798084,31.3121,0.556295,1.01079,0.335609,0.976619,0.360225,1,0
3910,prcp/area,14610,0.0841889,31.6214,0.56218,0.954671,0.347404,0.973389,0.353329,1,0
3910,prcp/coverage,14610,0.0837782,31.6147,0.562139,0.954674,0.347386,0.973393,0.353333,1,0
3910,prcp_corrected/area,14610,0.0824093,30.9233,0.536592,1.03108,0.355758,0.976452,0.360847,1,0
3910,prcp_corrected/coverage,14610,0.0824778,30.9346,0.536575,1.03106,0.355741,0.976457,0.36085,1,0
3911,prcp/area,14610,0.137235,54.4082,0.776917,0.975555,0.330288,0.947295,0.373601,1,0
3911,prcp/coverage,14610,0.137235,54.4088,0.776919,0.975559,0.330284,0.947296,0.373611,1,0
3911,prcp_corrected/area,14610,0.137166,63.259,0.78703,1.03212,0.337824,0.946416,0.378053,1,0
3911,prcp_corrected/coverage,14610,0.137098,63.2572,0.787028,1.03211,0.33782,0.946417,0.378063,1,0
3912,prcp/area,14610,0.146543,44.5022,0.646958,0.961183,0.367307,0.96425,0.386171,1,0
3912,prcp/coverage,14610,0.146543,44.5042,0.646967,0.961194,0.367293,0.96425,0.386181,1,0
3912,prcp_corrected/area,14610,0.144695,44.5912,0.658734,1.0442,0.374236,0.96344,0.389965,1,0
3912,prcp_corrected/coverage,14610,0.144627,44.6101,0.658736,1.04419,0.374224,0.963439,0.389975,1,0
3913,prcp/area,14610,0.170157,32.1622,0.623664,0.957396,0.396191,0.970877,0.385983,1,0
3913,prcp/coverage,14610,0.170226,32.1449,0.623652,0.957408,0.396187,0.970881,0.385995,1,0
3913,prcp_corrected/area,14610,0.1705,47.0624,0.624816,1.03415,0.402534,0.971804,0.38904,1,0
3913,prcp_corrected/coverage,14610,0.170431,47.0463,0.624804,1.03416,0.402531,0.971807,0.389052,1,0
3914,prcp/area,14610,0.16345,33.7429,0.837853,0.928635,0.398692,0.944012,0.418315,1,0
3914,prcp/coverage,14610,0.16345,33.741,0.837832,0.928636,0.398694,0.944015,0.41832,1,0
3914,prcp_corrected/area,14610,0.164476,41.1672,0.879383,0.986527,0.410119,0.937911,0.428093,1,0
3914,prcp_corrected/coverage,14610,0.164476,41.1643,0.879359,0.986526,0.410121,0.937915,0.428097,1,0
3915,prcp/area,14610,0.104175,51.1711,0.528219,0.95884,0.346516,0.970585,0.325777,1,0
3915,prcp/coverage,14610,0.104175,51.1748,0.528185,0.95881,0.346511,0.970589,0.325786,1,0
3915,prcp_corrected/area,14610,0.104312,34.0154,0.489438,0.943197,0.359296,0.976409,0.336765,1,0
3915,prcp_corrected/coverage,14610,0.104312,34.0129,0.489417,0.943195,0.359291,0.976412,0.336774,1,0
3916,prcp/area,14610,0.104312,44.8177,0.744716,0.977952,0.323023,0.955904,0.28368,1,0
3916,prcp/coverage,14610,0.104312,44.8175,0.744731,0.977954,0.323023,0.955902,0.283676,1,0
3916,prcp_corrected/area,14610,0.10486,37.0394,0.726036,0.981087,0.33171,0.959003,0.29085,1,0
3916,prcp_corrected/coverage,14610,0.104928,37.0404,0.726051,0.981091,0.33171,0.959001,0.290847,1,0
3917,prcp/area,14610,0.111225,67.4695,0.663626,0.967204,0.306272,0.961627,0.261788,1,0
3917,prcp/coverage,14610,0.111225,67.4686,0.663622,0.967196,0.306272,0.961628,0.261788,1,0
3917,prcp_corrected/area,14610,0.110541,59.7795,0.626399,0.968164,0.314489,0.96651,0.268129,1,0
3917,prcp_corrected/coverage,14610,0.110541,59.7795,0.626397,0.968164,0.314488,0.96651,0.268129,1,0
3918,prcp/area,14610,0.110198,67.486,0.663816,0.967231,0.306265,0.961621,0.261803,1,0
3918,prcp/coverage,14610,0.11013,67.4851,0.663812,0.967223,0.306265,0.961621,0.261803,1,0
3918,prcp_corrected/area,14610,0.110472,59.7884,0.626573,0.968131,0.314475,0.9665,0.268141,1,0
3918,prcp_corrected/coverage,14610,0.110335,59.7884,0.626571,0.96813,0.314475,0.9665,0.268141,1,0
3919,prcp/area,14610,0.0791239,43.2563,0.60482,0.996327,0.32105,0.968274,0.305071,1,0
3919,prcp/coverage,14610,0.0789185,43.2627,0.60483,0.996326,0.32105,0.968273,0.305061,1,0
3919,prcp_corrected/area,14610,0.0791239,37.8553,0.581463,1.01318,0.329525,0.971877,0.312552,1,0
3919,prcp_corrected/coverage,14610,0.0791923,37.8616,0.581467,1.01318,0.329525,0.971875,0.312541,1,0
3920,prcp/area,14610,0.0848734,45.1169,0.6039,1.01474,0.343312,0.963043,0.353274,1,0
3920,prcp/coverage,14610,0.0851472,45.1022,0.603904,1.01482,0.343305,0.963048,0.353214,1,0
3920,prcp_corrected/area,14610,0.0876112,41.443,0.602929,1.0472,0.350291,0.964375,0.359691,1,0
3920,prcp_corrected/coverage,14610,0.0876112,41.4302,0.6029,1.04726,0.350287,0.964383,0.35963,1,0
3921,prcp/area,14610,0.0870637,46.3,0.570165,1.00602,0.359824,0.965052,0.370825,1,0
3921,prcp/coverage,14610,0.0868583,46.2594,0.570177,1.00613,0.359806,0.965065,0.370749,1,0
3921,prcp_corrected/area,14610,0.0877481,43.465,0.572961,1.038,0.36643,0.965562,0.376935,1,0
3921,prcp_corrected/coverage,14610,0.0877481,43.4229,0.572923,1.03811,0.366417,0.965579,0.376857,1,0
3922,prcp/area,14610,0.125599,41.2488,0.605926,0.961116,0.405845,0.959617,0.429905,1,0
3922,prcp/coverage,14610,0.125394,41.2379,0.605907,0.961131,0.405841,0.959622,0.429895,1,0
3922,prcp_corrected/area,14610,0.12601,40.3691,0.605943,0.998867,0.413862,0.959442,0.435968,1,0
3922,prcp_corrected/coverage,14610,0.125873,40.3551,0.605926,0.998909,0.413859,0.95945,0.435956,1,0
3923,prcp/area,14610,0.125257,53.4986,0.763565,0.936905,0.423344,0.958366,0.452317,1,0
3923,prcp/coverage,14610,0.125394,53.4945,0.763621,0.936906,0.423351,0.95836,0.4523,1,0
3923,prcp_corrected/area,14610,0.12334,39.3116,0.807495,1.04563,0.435605,0.956611,0.464979,1,0
3923,prcp_corrected/coverage,14610,0.123614,39.3046,0.807535,1.04563,0.435615,0.956607,0.464965,1,0
3924,prcp/area,14610,0.143395,36.5165,0.603154,0.917107,0.393244,0.961412,0.398412,1,0
3924,prcp/coverage,14610,0.143258,36.5214,0.603159,0.917098,0.393241,0.961411,0.398424,1,0
3924,prcp_corrected/area,14610,0.141752,36.0358,0.571334,0.980873,0.404697,0.966658,0.408519,1,0
3924,prcp_corrected/coverage,14610,0.141547,36.038,0.571331,0.980865,0.404694,0.966657,0.408531,1,0
3925,prcp/area,14610,0.145517,38.3516,0.671352,0.896743,0.407343,0.957516,0.393491,1,0
3925,prcp/coverage,14610,0.145448,38.3517,0.671351,0.896744,0.407342,0.957517,0.393484,1,0
3925,prcp_corrected/area,14610,0.145927,35.4837,0.61067,0.969078,0.419739,0.966613,0.405519,1,0
3925,prcp_corrected/coverage,14610,0.145996,35.4842,0.610675,0.969079,0.419739,0.966614,0.405512,1,0
3926,prcp/area,14610,0.136277,38.3286,0.679356,0.919997,0.432146,0.95908,0.455641,1,0
3926,prcp/coverage,14610,0.136482,38.3294,0.679332,0.920001,0.432146,0.959082,0.455643,1,0
3926,prcp_corrected/area,14610,0.136961,49.0308,0.638795,0.968272,0.441779,0.96479,0.464462,1,0
3926,prcp_corrected/coverage,14610,0.137029,49.0323,0.638769,0.968275,0.441779,0.964792,0.464463,1,0
3927,prcp/area,14610,0.184668,41.5718,0.499575,0.920033,0.390153,0.96,0.38731,1,0
3927,prcp/coverage,14610,0.1846,41.5865,0.499543,0.920002,0.390125,0.96001,0.387323,1,0
3927,prcp_corrected/area,14610,0.18412,33.6524,0.468782,0.983569,0.397794,0.96295,0.393967,1,0
3927,prcp_corrected/coverage,14610,0.184394,33.6592,0.468725,0.983594,0.397768,0.96296,0.39398,1,0
3928,prcp/area,14610,0.166051,30.4183,0.436107,0.954585,0.419232,0.962084,0.388221,1,0
3928,prcp/coverage,14610,0.165366,30.3798,0.435668,0.954782,0.419247,0.962179,0.388371,1,0
3928,prcp_corrected/area,14610,0.166598,43.2578,0.421548,0.988594,0.424138,0.962597,0.393901,1,0
3928,prcp_corrected/coverage,14610,0.167625,43.2177,0.421065,0.988962,0.424162,0.962694,0.394056,1,0
3929,prcp/area,14610,0.13258,17.9425,0.385183,0.957179,0.46773,0.968873,0.416366,1,0
3929,prcp/coverage,14610,0.132238,17.8046,0.384443,0.957482,0.467588,0.969003,0.416531,1,0
3929,prcp_corrected/area,14610,0.131075,27.8705,0.384524,1.00422,0.47191,0.96693,0.420386,1,0
3929,prcp_corrected/coverage,14610,0.130801,27.9001,0.383714,1.00455,0.471791,0.967098,0.420566,1,0
3930,prcp/area,14610,0.153662,43.674,0.584729,0.906242,0.381713,0.959297,0.379509,1,0
3930,prcp/coverage,14610,0.153936,43.6842,0.584709,0.90624,0.381691,0.959305,0.379503,1,0
3930,prcp_corrected/area,14610,0.152772,27.3198,0.55605,0.929619,0.394062,0.964124,0.388659,1,0
3930,prcp_corrected/coverage,14610,0.152498,27.3175,0.555997,0.929685,0.39404,0.964136,0.388653,1,0
3931,prcp/area,14610,0.12909,38.5012,0.610152,0.934054,0.369471,0.957803,0.372924,1,0
3931,prcp/coverage,14610,0.129158,38.4958,0.610138,0.934048,0.369467,0.957806,0.372931,1,0
3931,prcp_corrected/area,14610,0.128679,37.4447,0.58739,0.90815,0.384244,0.962571,0.38452,1,0
3931,prcp_corrected/coverage,14610,0.128542,37.4372,0.587366,0.908175,0.384239,0.962576,0.384527,1,0
3932,prcp/area,14610,0.149897,38.4411,0.585256,0.991967,0.359694,0.962199,0.33972,1,0
3932,prcp/coverage,14610,0.150034,38.4425,0.585266,0.991981,0.359691,0.962198,0.339716,1,0
3932,prcp_corrected/area,14610,0.152361,42.8731,0.575274,0.920175,0.37118,0.963412,0.348482,1,0
3932,prcp_corrected/coverage,14610,0.152361,42.8645,0.575268,0.920196,0.371178,0.963413,0.348479,1,0
3933,prcp/area,14610,0.136961,41.3355,0.634884,0.978489,0.34419,0.961285,0.309851,1,0
3933,prcp/coverage,14610,0.136961,41.3359,0.634892,0.978493,0.344189,0.961284,0.309846,1,0
3933,prcp_corrected/area,14610,0.136893,40.4217,0.616432,0.91704,0.355525,0.962725,0.31852,1,0
3933,prcp_corrected/coverage,14610,0.136893,40.4201,0.616435,0.917045,0.355525,0.962724,0.318515,1,0
3934,prcp/area,14610,0.140999,37.5632,0.617272,0.956467,0.361583,0.958646,0.364268,1,0
3934,prcp/coverage,14610,0.141068,37.5614,0.617269,0.95647,0.361581,0.958647,0.364271,1,0
3934,prcp_corrected/area,14610,0.140999,38.0069,0.601279,0.912232,0.376159,0.961869,0.375333,1,0
3934,prcp_corrected/coverage,14610,0.140999,38.0046,0.601273,0.912245,0.376157,0.96187,0.375336,1,0
3935,prcp/area,14610,0.243121,46.3781,0.534995,0.899065,0.39198,0.954859,0.379223,1,0
3935,prcp/coverage,14610,0.243053,46.3754,0.534997,0.899093,0.391983,0.954859,0.379225,1,0
3935,prcp_corrected/area,14610,0.242094,35.7098,0.531386,0.930147,0.397749,0.953546,0.384073,1,0
3935,prcp_corrected/coverage,14610,0.242163,35.7125,0.531388,0.930165,0.397754,0.953546,0.384076,1,0
3936,prcp/area,14610,0.147981,28.8092,0.437227,0.962686,0.4039,0.972325,0.387131,1,0
3936,prcp/coverage,14610,0.147707,28.7516,0.437058,0.962878,0.403894,0.972347,0.387146,1,0
3936,prcp_corrected/area,14610,0.147159,26.4984,0.431382,0.944362,0.412744,0.972143,0.393974,1,0
3936,prcp_corrected/coverage,14610,0.146475,26.4247,0.43114,0.94454,0.41275,0.972179,0.393998,1,0
3937,prcp/area,14610,0.148392,28.0983,0.409931,0.959642,0.414574,0.973938,0.395262,1,0
3937,prcp/coverage,14610,0.147844,27.9746,0.409803,0.959972,0.414516,0.973953,0.395314,1,0
3937,prcp_corrected/area,14610,0.14668,25.3604,0.409087,0.9604,0.423086,0.972735,0.400526,1,0
3937,prcp_corrected/coverage,14610,0.14668,25.2266,0.40877,0.960606,0.42305,0.972789,0.400601,1,0
3938,prcp/area,14610,0.187337,32.7726,0.482929,0.983657,0.38628,0.965985,0.382234,1,0
3938,prcp/coverage,14610,0.187201,32.7497,0.482901,0.983736,0.386262,0.965992,0.382257,1,0
3938,prcp_corrected/area,14610,0.187406,46.4592,0.499608,0.996244,0.391028,0.960286,0.385228,1,0
3938,prcp_corrected/coverage,14610,0.187611,46.4269,0.499553,0.996287,0.391011,0.960297,0.385252,1,0
3939,prcp/area,14610,0.167899,33.0784,0.513929,0.990025,0.383853,0.965476,0.408078,1,0
3939,prcp/coverage,14610,0.167967,33.0733,0.513955,0.990033,0.383844,0.965475,0.408088,1,0
3939,prcp_corrected/area,14610,0.168994,48.5676,0.535399,0.988948,0.388465,0.958143,0.410551,1,0
3939,prcp_corrected/coverage,14610,0.168994,48.5609,0.535416,0.988958,0.388456,0.958143,0.410562,1,0
3940,prcp/area,14610,0.153525,34.3693,0.474919,0.982247,0.403717,0.96901,0.415836,1,0
3940,prcp/coverage,14610,0.153251,34.3574,0.474912,0.982289,0.403692,0.969016,0.415865,1,0
3940,prcp_corrected/area,14610,0.153388,53.5456,0.493497,0.993682,0.409216,0.96223,0.418845,1,0
3940,prcp_corrected/coverage,14610,0.153388,53.528,0.493469,0.993701,0.409192,0.962239,0.418874,1,0
3941,prcp/area,14610,0.170431,41.6246,0.728423,0.914422,0.413525,0.950149,0.454801,1,0
3941,prcp/coverage,14610,0.1705,41.6248,0.728418,0.914431,0.413531,0.95015,0.454796,1,0
3941,prcp_corrected/area,14610,0.169405,40.5974,0.687364,0.987869,0.426211,0.957002,0.466024,1,0
3941,prcp_corrected/coverage,14610,0.169268,40.5968,0.687361,0.987871,0.426216,0.957003,0.466018,1,0
3942,prcp/area,14610,0.156263,71.9186,0.677527,0.951645,0.448128,0.921282,0.381478,1,0
3942,prcp/coverage,14610,0.1564,71.9098,0.677495,0.951629,0.448124,0.921289,0.381488,1,0
3942,prcp_corrected/area,14610,0.155784,66.3512,0.674268,0.984928,0.454794,0.927687,0.388999,1,0
3942,prcp_corrected/coverage,14610,0.155784,66.3451,0.674232,0.984924,0.45479,0.927695,0.389009,1,0
3943,prcp/area,14610,0.1577,62.501,0.649565,0.949561,0.442315,0.933706,0.379514,1,0
3943,prcp/coverage,14610,0.157632,62.4942,0.649552,0.949553,0.442314,0.933708,0.379518,1,0
3943,prcp_corrected/area,14610,0.156468,55.9902,0.639876,0.976317,0.44982,0.940052,0.387121,1,0
3943,prcp_corrected/coverage,14610,0.1564,55.9848,0.639863,0.976315,0.449819,0.940055,0.387125,1,0
3944,prcp/area,14610,0.299658,25.5254,0.570859,0.867458,0.507406,0.908396,0.427921,1,0
3944,prcp/coverage,14610,0.299658,25.5252,0.570859,0.867456,0.507406,0.908396,0.427921,1,0
3944,prcp_corrected/area,14610,0.298631,31.845,0.644377,1.05572,0.498025,0.902962,0.418479,1,0
3944,prcp_corrected/coverage,14610,0.298631,31.845,0.644377,1.05572,0.498024,0.902962,0.418479,1,0
3945,prcp/area,14610,0.278919,31.6868,0.543826,1.02292,0.51248,0.919462,0.413299,1,0
3945,prcp/coverage,14610,0.278919,31.6815,0.543782,1.02286,0.512468,0.919469,0.413311,1,0
3945,prcp_corrected/area,14610,0.279466,30.453,0.554201,1.03913,0.504874,0.917558,0.408149,1,0
3945,prcp_corrected/coverage,14610,0.279535,30.4504,0.55418,1.03912,0.504862,0.917564,0.408162,1,0
3946,prcp/area,14610,0.304928,18.9271,0.528115,0.898716,0.503258,0.910515,0.427046,1,0
3946,prcp/coverage,14610,0.304997,18.9277,0.528121,0.898679,0.503252,0.910512,0.427043,1,0
3946,prcp_corrected/area,14610,0.303012,26.1914,0.631652,1.12242,0.497517,0.906064,0.421795,1,0
3946,prcp_corrected/coverage,14610,0.302943,26.1908,0.631661,1.12241,0.497514,0.906063,0.421795,1,0
3947,prcp/area,14610,0.266598,13.8846,0.406287,0.990794,0.513561,0.945168,0.459906,1,0
3947,prcp/coverage,14610,0.266667,13.8743,0.406243,0.990709,0.513542,0.945177,0.459917,1,0
3947,prcp_corrected/area,14610,0.265092,14.2845,0.399332,0.983897,0.50991,0.945419,0.458661,1,0
3947,prcp_corrected/coverage,14610,0.264956,14.2767,0.399309,0.983882,0.509891,0.945427,0.458674,1,0
3948,prcp/area,14610,0.264819,13.6406,0.40064,0.990388,0.513917,0.946265,0.460871,1,0
3948,prcp/coverage,14610,0.264819,13.6305,0.400598,0.990308,0.513897,0.946273,0.460882,1,0
3948,prcp_corrected/area,14610,0.264066,14.087,0.393702,0.983689,0.510511,0.946558,0.459793,1,0
3948,prcp_corrected/coverage,14610,0.264134,14.0793,0.393681,0.983679,0.510492,0.946566,0.459808,1,0
3949,prcp/area,14610,0.260507,9.27106,0.32972,0.976558,0.495979,0.959482,0.454959,1,0
3949,prcp/coverage,14610,0.260301,9.26898,0.329715,0.976504,0.495966,0.959482,0.454964,1,0
3949,prcp_corrected/area,14610,0.261123,9.50623,0.321487,0.971116,0.497667,0.961113,0.45641,1,0
3949,prcp_corrected/coverage,14610,0.261123,9.50015,0.321481,0.971095,0.497657,0.961115,0.45642,1,0
3950,prcp/area,14610,0.285695,24.5364,0.690764,1.27543,0.477414,0.91362,0.421212,1,0
3950,prcp/coverage,14610,0.285626,24.5368,0.690777,1.27546,0.477415,0.91362,0.421222,1,0
3950,prcp_corrected/area,14610,0.288433,21.5143,0.577792,1.06089,0.474013,0.912966,0.417335,1,0
3950,prcp_corrected/coverage,14610,0.288296,21.5155,0.577778,1.06086,0.474013,0.912966,0.417346,1,0
3951,prcp/area,14610,0.284052,24.7472,0.665695,1.2559,0.476537,0.913768,0.425462,1,0
3951,prcp/coverage,14610,0.284052,24.7475,0.665714,1.25595,0.47654,0.913772,0.425472,1,0
3951,prcp_corrected/area,14610,0.285969,20.3938,0.565136,1.05596,0.474846,0.913534,0.423961,1,0
3951,prcp_corrected/coverage,14610,0.286105,20.3944,0.565119,1.05596,0.474847,0.913538,0.42397,1,0
3952,prcp/area,14610,0.295209,19.3646,0.373463,1.03024,0.493467,0.944342,0.436028,1,0
3952,prcp/coverage,14610,0.295209,19.3652,0.373465,1.03024,0.493455,0.944347,0.436022,1,0
3952,prcp_corrected/area,14610,0.294524,23.3353,0.363894,1.02876,0.498364,0.946127,0.441091,1,0
3952,prcp_corrected/coverage,14610,0.294456,23.3346,0.36388,1.02872,0.498352,0.946133,0.441085,1,0
3953,prcp/area,14610,0.289938,18.8868,0.365894,1.02999,0.490649,0.946778,0.434937,1,0
3953,prcp/coverage,14610,0.28987,18.8864,0.365892,1.02998,0.490634,0.946784,0.434929,1,0
3953,prcp_corrected/area,14610,0.290212,23.0497,0.35645,1.02855,0.495436,0.948515,0.43995,1,0
3953,prcp_corrected/coverage,14610,0.290212,23.0483,0.356433,1.0285,0.495422,0.948522,0.439942,1,0
3954,prcp/area,14610,0.32026,23.0591,0.399479,1.07712,0.502256,0.91361,0.420271,1,0
3954,prcp/coverage,14610,0.320534,23.0551,0.399482,1.07716,0.502246,0.913619,0.420273,1,0
3954,prcp_corrected/area,14610,0.321766,31.9202,0.409069,1.11266,0.509383,0.914641,0.42811,1,0
3954,prcp_corrected/coverage,14610,0.321903,31.9268,0.409053,1.11263,0.509371,0.914652,0.42811,1,0
3955,prcp/area,14610,0.288775,22.4108,0.375916,1.01513,0.410835,0.946176,0.398139,1,0
3955,prcp/coverage,14610,0.288775,22.4083,0.375873,1.0151,0.410829,0.946191,0.398153,1,0
3955,prcp_corrected/area,14610,0.290486,21.2298,0.355839,0.994734,0.417584,0.951918,0.402854,1,0
3955,prcp_corrected/coverage,14610,0.290349,21.2267,0.355805,0.994734,0.417575,0.951929,0.402867,1,0
3956,prcp/area,14610,0.245859,24.8884,0.610184,1.27166,0.577432,0.914655,0.448798,1,0
3956,prcp/coverage,14610,0.246064,24.889,0.610215,1.27172,0.577422,0.914656,0.448813,1,0
3956,prcp_corrected/area,14610,0.24935,17.3828,0.484634,1.03363,0.574018,0.918664,0.444349,1,0
3956,prcp_corrected/coverage,14610,0.24935,17.3847,0.484642,1.03368,0.574003,0.918666,0.444361,1,0
3957,prcp/area,14610,0.281177,32.8819,0.55013,1.03802,0.452778,0.924887,0.389734,1,0
3957,prcp/coverage,14610,0.281177,32.8841,0.550126,1.03797,0.452769,0.924883,0.389738,1,0
3957,prcp_corrected/area,14610,0.281588,31.0233,0.559088,1.05305,0.445674,0.925143,0.384928,1,0
3957,prcp_corrected/coverage,14610,0.281588,31.0258,0.559091,1.05302,0.445666,0.925138,0.384932,1,0
3958,prcp/area,14610,0.254209,16.3902,0.603566,1.04459,0.596934,0.912879,0.427857,1,0
3958,prcp/coverage,14610,0.254209,16.3925,0.603591,1.04445,0.596933,0.912856,0.427833,1,0
3958,prcp_corrected/area,14610,0.254141,18.8528,0.596221,0.996272,0.591953,0.906013,0.423537,1,0
3958,prcp_corrected/coverage,14610,0.254141,18.8489,0.59626,0.996147,0.59195,0.905991,0.423512,1,0
3959,prcp/area,14610,0.269062,11.6067,0.265839,0.891314,0.434708,0.908081,0.364242,1,0
3959,prcp/coverage,14610,0.268994,11.5997,0.265817,0.891488,0.434758,0.908102,0.364243,1,0
3959,prcp_corrected/area,14610,0.267009,15.513,0.278527,0.993072,0.436561,0.898578,0.36725,1,0
3959,prcp_corrected/coverage,14610,0.266598,15.5201,0.278539,0.993355,0.436608,0.898608,0.367242,1,0
3960,prcp/area,14610,0.287064,12.8851,0.267032,0.919458,0.450452,0.961932,0.401099,1,0
3960,prcp/coverage,14610,0.287201,12.885,0.267106,0.91912,0.450375,0.961935,0.401034,1,0
3960,prcp_corrected/area,14610,0.284531,13.452,0.284289,1.09251,0.45467,0.961787,0.403766,1,0
3960,prcp_corrected/coverage,14610,0.284805,13.4505,0.284209,1.09215,0.454592,0.961789,0.403694,1,0
3961,prcp/area,14610,0.430116,18.4661,0.366505,0.995813,0.434367,0.950746,0.372442,1,0
3961,prcp/coverage,14610,0.430185,18.4698,0.366514,0.995925,0.434387,0.950749,0.372444,1,0
3961,prcp_corrected/area,14610,0.430869,29.6118,0.36176,0.982351,0.434127,0.941899,0.371336,1,0
3961,prcp_corrected/coverage,14610,0.430801,29.6103,0.361771,0.982441,0.434149,0.941898,0.371339,1,0
3962,prcp/area,14610,0.417864,12.3365,0.278852,0.946158,0.454675,0.95794,0.385256,1,0
3962,prcp/coverage,14610,0.418138,12.3198,0.278798,0.946138,0.454728,0.957944,0.385257,1,0
3962,prcp_corrected/area,14610,0.41807,26.5066,0.292741,1.02877,0.459035,0.948255,0.384423,1,0
3962,prcp_corrected/coverage,14610,0.417933,26.4775,0.292762,1.02885,0.459089,0.948246,0.384422,1,0
3963,prcp/area,14610,0.383368,17.8422,0.327764,0.9224,0.430661,0.959746,0.379353,1,0
3963,prcp/coverage,14610,0.383436,17.8427,0.327762,0.922517,0.430679,0.959746,0.379356,1,0
3963,prcp_corrected/area,14610,0.384257,20.8282,0.30836,0.954385,0.43263,0.961152,0.381145,1,0
3963,prcp_corrected/coverage,14610,0.38412,20.8228,0.308363,0.954474,0.43265,0.961149,0.38115,1,0
3964,prcp/area,14610,0.395551,11.2083,0.262551,0.938994,0.448551,0.964912,0.390555,1,0
3964,prcp/coverage,14610,0.395209,11.2113,0.262548,0.939049,0.448632,0.9649,0.390543,1,0
3964,prcp_corrected/area,14610,0.395619,22.7745,0.263668,1.00641,0.452272,0.960308,0.390623,1,0
3964,prcp_corrected/coverage,14610,0.395893,22.7813,0.26373,1.00656,0.452365,0.960281,0.390612,1,0
3965,prcp/area,14610,0.399521,10.864,0.245239,0.943949,0.448126,0.966105,0.394464,1,0
3965,prcp/coverage,14610,0.399521,10.8723,0.245238,0.944197,0.448213,0.966104,0.39444,1,0
3965,prcp_corrected/area,14610,0.399521,22.0835,0.248816,1.01532,0.45134,0.960717,0.393847,1,0
3965,prcp_corrected/coverage,14610,0.399863,22.0983,0.248887,1.01566,0.451438,0.960703,0.393825,1,0
3966,prcp/area,14610,0.203422,18.0097,0.41265,1.11923,0.568883,0.949806,0.448686,1,0
3966,prcp/coverage,14610,0.203354,18.017,0.412633,1.11932,0.568849,0.949818,0.448747,1,0
3966,prcp_corrected/area,14610,0.205202,13.2124,0.383419,1.05008,0.570034,0.947596,0.451762,1,0
3966,prcp_corrected/coverage,14610,0.205065,13.2219,0.38339,1.05013,0.569981,0.947614,0.451815,1,0
3967,prcp/area,14610,0.189117,12.7684,0.347832,0.993458,0.552515,0.959858,0.462699,1,0
3967,prcp/coverage,14610,0.189117,12.7582,0.347571,0.993463,0.552518,0.959919,0.46277,1,0
3967,prcp_corrected/area,14610,0.190897,15.2987,0.362909,1.01328,0.555881,0.954569,0.469302,1,0
3967,prcp_corrected/coverage,14610,0.191102,15.3026,0.36267,1.01324,0.555878,0.954632,0.46936,1,0
3968,prcp/area,14610,0.22204,16.5014,0.448192,0.973189,0.532424,0.940389,0.461467,1,0
3968,prcp/coverage,14610,0.222108,16.4946,0.448152,0.973424,0.532429,0.940411,0.46151,1,0
3968,prcp_corrected/area,14610,0.222587,22.9786,0.49685,1.05375,0.532668,0.927913,0.46375,1,0
3968,prcp_corrected/coverage,14610,0.222519,22.963,0.496739,1.05383,0.532681,0.927947,0.463795,1,0
3969,prcp/area,14610,0.334976,22.004,0.477466,1.17625,0.442418,0.87174,0.413645,1,0
3969,prcp/coverage,14610,0.334976,22.004,0.477466,1.17625,0.442418,0.87174,0.413645,1,0
3969,prcp_corrected/area,14610,0.334976,34.3338,0.746296,1.69537,0.443,0.869203,0.416916,1,0
3969,prcp_corrected/coverage,14610,0.334976,34.3338,0.746296,1.69537,0.443,0.869203,0.416916,1,0
3970,prcp/area,14610,0.377481,29.8258,0.602528,0.923426,0.417156,0.863294,0.692254,1,0
3970,prcp/coverage,14610,0.377413,29.8229,0.602446,0.923396,0.417216,0.863332,0.692219,1,0
3970,prcp_corrected/area,14610,0.375975,31.0673,0.639318,1.0643,0.425015,0.862975,0.691655,1,0
3970,prcp_corrected/coverage,14610,0.375975,31.0603,0.639224,1.06429,0.425081,0.863016,0.691617,1,0
3971,prcp/area,14610,0.338535,14.9603,0.338521,0.981582,0.452038,0.946289,0.442031,1,0
3971,prcp/coverage,14610,0.338535,14.9545,0.338496,0.981503,0.452034,0.946298,0.442032,1,0
3971,prcp_corrected/area,14610,0.340383,24.3966,0.433687,1.20791,0.450485,0.945149,0.442647,1,0
3971,prcp_corrected/coverage,14610,0.340383,24.3922,0.433673,1.20789,0.450483,0.945154,0.442647,1,0
3972,prcp/area,14610,0.400342,19.5224,0.400827,0.84122,0.49139,0.944048,0.424831,1,0
3972,prcp/coverage,14610,0.400411,19.521,0.400828,0.841287,0.491394,0.944045,0.424834,1,0
3972,prcp_corrected/area,14610,0.400137,18.0735,0.438103,1.08155,0.492096,0.93856,0.43021,1,0
3972,prcp_corrected/coverage,14610,0.400205,18.0691,0.438143,1.08165,0.4921,0.93856,0.430212,1,0
3973,prcp/area,14610,0.380287,13.2877,0.300646,0.875268,0.523032,0.960537,0.463702,1,0
3973,prcp/coverage,14610,0.380014,13.2729,0.300662,0.875222,0.52306,0.960544,0.463605,1,0
3973,prcp_corrected/area,14610,0.379398,23.5904,0.35186,1.14506,0.527695,0.955411,0.472745,1,0
3973,prcp_corrected/coverage,14610,0.379808,23.5941,0.351796,1.14496,0.527732,0.955433,0.472657,1,0
3974,prcp/area,14610,0.320808,11.9278,0.262094,0.891206,0.468528,0.971364,0.42066,1,0
3974,prcp/coverage,14610,0.320808,11.9348,0.262172,0.890977,0.468473,0.971348,0.420675,1,0
3974,prcp_corrected/area,14610,0.320055,12.7797,0.271525,1.03004,0.47511,0.971208,0.42598,1,0
3974,prcp_corrected/coverage,14610,0.320123,12.772,0.271488,1.02982,0.47506,0.971188,0.425999,1,0
3975,prcp/area,14610,0.303491,11.3653,0.264951,0.889726,0.494121,0.976028,0.43778,1,0
3975,prcp/coverage,14610,0.303559,11.3709,0.264945,0.889665,0.494078,0.976031,0.437813,1,0
3975,prcp_corrected/area,14610,0.30178,11.0065,0.270056,1.01724,0.499956,0.97508,0.441894,1,0
3975,prcp_corrected/coverage,14610,0.302053,11,0.269975,1.01715,0.499918,0.975084,0.441932,1,0
3976,prcp/area,14610,0.269062,11.5117,0.25348,0.898298,0.517323,0.982017,0.460957,1,0
3976,prcp/coverage,14610,0.268925,11.5217,0.25349,0.898073,0.517228,0.982027,0.46101,1,0
3976,prcp_corrected/area,14610,0.267488,8.52083,0.257621,1.00824,0.521778,0.98066,0.463493,1,0
3976,prcp_corrected/coverage,14610,0.267693,8.5183,0.257501,1.00799,0.521687,0.980664,0.463548,1,0
3977,prcp/area,14610,0.260917,11.4819,0.260746,0.90452,0.528935,0.981208,0.463988,1,0
3977,prcp/coverage,14610,0.261191,11.4936,0.260625,0.904167,0.528792,0.981249,0.464107,1,0
3977,prcp_corrected/area,14610,0.26037,10.4121,0.263504,1.00711,0.532909,0.981353,0.466932,1,0
3977,prcp_corrected/coverage,14610,0.26037,10.3784,0.263244,1.00677,0.53277,0.981374,0.467044,1,0
3978,prcp/area,14610,0.312115,18.4026,0.372514,0.941713,0.452714,0.965114,0.435074,1,0
3978,prcp/coverage,14610,0.312252,18.3933,0.37247,0.941709,0.452738,0.965121,0.435071,1,0
3978,prcp_corrected/area,14610,0.312252,20.7531,0.397868,1.03818,0.449821,0.965559,0.432072,1,0
3978,prcp_corrected/coverage,14610,0.312115,20.7461,0.397822,1.0382,0.449843,0.965568,0.432068,1,0
3979,prcp/area,14610,0.311704,19.9662,0.352464,0.942027,0.435142,0.966983,0.431183,1,0
3979,prcp/coverage,14610,0.311773,19.9582,0.352345,0.942122,0.435191,0.967004,0.431182,1,0
3979,prcp_corrected/area,14610,0.311773,24.8279,0.379499,1.04215,0.435596,0.968685,0.429313,1,0
3979,prcp_corrected/coverage,14610,0.311704,24.8191,0.37939,1.04224,0.435638,0.968705,0.429309,1,0
3980,prcp/area,14610,0.385763,19.4571,0.298195,0.946417,0.420358,0.9695,0.381087,1,0
3980,prcp/coverage,14610,0.385832,19.4568,0.298124,0.946685,0.42042,0.969518,0.381076,1,0
3980,prcp_corrected/area,14610,0.386516,31.9758,0.298228,1.00233,0.420972,0.9694,0.380829,1,0
3980,prcp_corrected/coverage,14610,0.386379,31.9714,0.298212,1.0026,0.421034,0.969417,0.380816,1,0
3981,prcp/area,14610,0.522313,20.5184,0.177482,0.986304,0.396246,0.95483,0.384504,1,0
3981,prcp/coverage,14610,0.522382,20.5209,0.17747,0.986706,0.396271,0.95487,0.384501,1,0
3981,prcp_corrected/area,14610,0.522245,32.2479,0.206399,1.14463,0.39278,0.950508,0.381319,1,0
3981,prcp_corrected/coverage,14610,0.522245,32.2499,0.206434,1.14509,0.392809,0.950554,0.381316,1,0
3982,prcp/area,14610,0.0451745,37.081,1.35536,0.785843,0.578063,0.956728,0.461847,1,0
3982,prcp/coverage,14610,0.045243,37.0818,1.35551,0.785815,0.578065,0.95672,0.461827,1,0
3982,prcp_corrected/area,14610,0.0464066,25.1498,1.18654,0.979821,0.579827,0.959252,0.464625,1,0
3982,prcp_corrected/coverage,14610,0.046475,25.1434,1.18661,0.979751,0.579829,0.959244,0.464607,1,0
3983,prcp/area,14610,0.000889802,124.878,3.74606,0.723562,0.514525,0.888174,0.548047,1,0
3983,prcp/coverage,14610,0.000889802,124.877,3.746,0.723609,0.514519,0.888169,0.548045,1,0
3983,prcp_corrected/area,14610,0.00164271,129.928,4.09318,0.615718,0.521759,0.892149,0.555589,1,0
3983,prcp_corrected/coverage,14610,0.00157426,129.928,4.09312,0.615745,0.521753,0.892144,0.555586,1,0
3984,prcp/area,14610,0.00670773,49.9652,1.25982,0.972512,0.45371,0.961274,0.413154,1,0
3984,prcp/coverage,14610,0.00670773,49.9652,1.25982,0.972512,0.45371,0.961274,0.413154,1,0
3984,prcp_corrected/area,14610,0.0065024,67.0465,1.66521,1.18376,0.447581,0.960466,0.408687,1,0
3984,prcp_corrected/coverage,14610,0.0065024,67.0465,1.66521,1.18376,0.447581,0.960466,0.408687,1,0
4363,prcp/area,14975,0.451486,5.89706,0.0986085,1.0268,0.230549,0.999516,0.230616,1,0
4363,prcp/coverage,14975,0.45202,5.89637,0.0986044,1.02681,0.230549,0.999516,0.230615,1,0
4363,prcp_corrected/area,14975,1,0.00743748,9.58544e-05,1,0.230678,1,0.230682,1,0
4363,prcp_corrected/coverage,14975,1,0.000187277,2.41255e-06,1,0.230678,1,0.230681,1,0
4364,prcp/area,14975,0.397396,7.5565,0.147545,0.953012,0.229725,0.999533,0.229445,1,0
4364,prcp/coverage,14975,0.397262,7.56204,0.147555,0.953009,0.229721,0.999533,0.22945,1,0
4364,prcp_corrected/area,14975,1,0.00629385,9.50698e-05,1,0.229551,1,0.229542,1,0
4364,prcp_corrected/coverage,14975,1,0.000265588,4.56915e-06,1,0.229547,1,0.229547,1,0
4365,prcp/area,14975,0.424908,7.13764,0.121215,0.996383,0.246304,0.998229,0.246281,1,0
4365,prcp/coverage,14975,0.425376,7.13425,0.121205,0.996372,0.246299,0.998229,0.246292,1,0
4365,prcp_corrected/area,14975,1,0.00564845,0.000139869,1.00001,0.247991,1,0.247966,1,0
4365,prcp_corrected/coverage,14975,1,0.000234341,5.2692e-06,1,0.247986,1,0.247977,1,0
4366,prcp/area,14975,0.421235,5.26119,0.138036,1.02742,0.265205,0.998541,0.264539,1,0
4366,prcp/coverage,14975,0.420902,5.26029,0.138054,1.02742,0.26521,0.99854,0.264519,1,0
4366,prcp_corrected/area,14975,1,0.00509092,0.0001739,1,0.266606,1,0.266612,1,0
4366,prcp_corrected/coverage,14975,1,0.000487726,1.65886e-05,1,0.26661,1,0.266592,1,0
4367,prcp/area,14975,0.405209,5.43157,0.126832,0.995873,0.227643,0.998509,0.227421,1,0
4367,prcp/coverage,14975,0.406344,5.42784,0.126836,0.995858,0.227653,0.998509,0.227393,1,0
4367,prcp_corrected/area,14975,1,0.0106436,0.000357959,1.00001,0.229126,1,0.229154,1,0
4367,prcp_corrected/coverage,14975,1,0.000145866,4.0858e-06,1,0.229135,1,0.229126,1,0
4368,prcp/area,14975,0.37596,8.80443,0.177883,0.979913,0.280629,0.997535,0.280461,1,0
4368,prcp/coverage,14975,0.37596,8.80453,0.177884,0.979912,0.280629,0.997535,0.280461,1,0
4368,prcp_corrected/area,14975,1,0.000407018,9.43507e-06,1,0.283586,1,0.283587,1,0
4368,prcp_corrected/coverage,14975,1,0.000210258,4.40296e-06,1,0.283587,1,0.283587,1,0
4369,prcp/area,14975,0.379165,13.7184,0.129845,1.005,0.279222,0.998646,0.279471,1,0
4369,prcp/coverage,14975,0.379165,13.7137,0.129831,1.00499,0.27922,0.998646,0.279472,1,0
4369,prcp_corrected/area,14975,1,0.00734641,0.00018581,1.00001,0.279582,1,0.279577,1,0
4369,prcp_corrected/coverage,14975,1,0.000191383,5.3284e-06,1,0.27958,1,0.279579,1,0
4370,prcp/area,14975,0.413022,10.2507,0.126424,0.966952,0.269475,0.99904,0.269463,1,0
4370,prcp/coverage,14975,0.413022,10.2549,0.126462,0.966933,0.269474,0.99904,0.269473,1,0
4370,prcp_corrected/area,14975,1,0.00858957,0.000173954,1.00001,0.271699,1,0.271672,1,0
4370,prcp_corrected/coverage,14975,1,0.000326473,5.76826e-06,1,0.271698,1,0.271682,1,0
4371,prcp/area,14975,0.460634,9.05427,0.156094,1.00736,0.244748,0.997647,0.244832,1,0
4371,prcp/coverage,14975,0.460968,9.05562,0.156088,1.00736,0.244748,0.997647,0.244837,1,0
4371,prcp_corrected/area,14975,1,0.00898266,0.000174179,0.999997,0.246313,1,0.246309,1,0
4371,prcp_corrected/coverage,14975,1,0.000183052,4.30259e-06,1,0.246313,1,0.246313,1,0
4372,prcp/area,14975,0.358798,10.8996,0.207338,0.971689,0.274841,0.997118,0.274597,1,0
4372,prcp/coverage,14975,0.358598,10.8982,0.2073,0.971706,0.274843,0.997118,0.274593,1,0
4372,prcp_corrected/area,14975,1,0.00532023,0.000174513,0.999991,0.278627,1,0.278649,1,0
4372,prcp_corrected/coverage,14975,1,0.000184282,5.2054e-06,1,0.278629,1,0.278644,1,0
4373,prcp/area,14975,0.35025,9.77639,0.192394,0.983366,0.277458,0.997115,0.276502,1,0
4373,prcp/coverage,14975,0.35025,9.77478,0.192398,0.983362,0.277464,0.997114,0.276503,1,0
4373,prcp_corrected/area,14975,1,0.00768265,0.000163394,0.999998,0.27889,1,0.278904,1,0
4373,prcp_corrected/coverage,14975,1,0.000245438,7.11546e-06,1,0.278895,1,0.278905,1,0
4374,prcp/area,14975,0.383105,10.7635,0.143574,1.00676,0.261928,0.998075,0.260844,1,0
4374,prcp/coverage,14975,0.383239,10.7622,0.143578,1.00675,0.261926,0.998075,0.260845,1,0
4374,prcp_corrected/area,14975,1,0.00727037,0.000194153,1.00001,0.262381,1,0.262384,1,0
4374,prcp_corrected/coverage,14975,1,0.000157968,4.35188e-06,1,0.262379,1,0.262385,1,0
4375,prcp/area,14975,0.350785,17.4208,0.210088,0.975814,0.261781,0.99607,0.260932,1,0
4375,prcp/coverage,14975,0.351119,17.4145,0.210083,0.975813,0.261782,0.996071,0.260919,1,0
4375,prcp_corrected/area,14975,1,0.00751837,0.00023855,1,0.26245,1,0.262463,1,0
4375,prcp_corrected/coverage,14975,1,0.000174151,5.49752e-06,1,0.262451,1,0.262449,1,0
4376,prcp/area,14975,0.35025,9.45539,0.178529,0.972012,0.32202,0.99772,0.321089,1,0
4376,prcp/coverage,14975,0.350117,9.45507,0.178529,0.972012,0.322018,0.99772,0.321085,1,0
4376,prcp_corrected/area,14975,1,0.00353398,0.00010225,1,0.322329,1,0.322333,1,0
4376,prcp_corrected/coverage,14975,1,0.00043691,1.47822e-05,1,0.322327,1,0.322329,1,0
4377,prcp/area,14975,0.388047,11.6582,0.159977,0.979858,0.256013,0.997831,0.255386,1,0
4377,prcp/coverage,14975,0.388047,11.6582,0.159977,0.979858,0.256013,0.997831,0.255386,1,0
4377,prcp_corrected/area,14975,1,0.000990081,1.63361e-05,1,0.255464,1,0.255454,1,0
4377,prcp_corrected/coverage,14975,1,0.000990081,1.63361e-05,1,0.255464,1,0.255454,1,0
4378,prcp/area,14975,0.323339,12.4327,0.342886,0.915991,0.291682,0.996077,0.291278,1,0
4378,prcp/coverage,14975,0.323472,12.4343,0.342969,0.915955,0.291688,0.996077,0.29126,1,0
4378,prcp_corrected/area,14975,1,0.0183896,0.000629015,1.00002,0.293635,1,0.293651,1,0
4378,prcp_corrected/coverage,14975,1,0.000169971,5.36054e-06,1,0.293642,1,0.293633,1,0
4379,prcp/area,14975,0.340434,12.7228,0.221539,0.984857,0.258683,0.997151,0.258796,1,0
4379,prcp/coverage,14975,0.340167,12.729,0.221528,0.984868,0.258684,0.997151,0.258789,1,0
4379,prcp_corrected/area,14975,1,0.0137156,0.000285842,0.999965,0.263163,1,0.263173,1,0
4379,prcp_corrected/coverage,14975,1,0.000369706,8.26591e-06,0.999999,0.263164,1,0.263166,1,0
4380,prcp/area,14975,0.424307,8.48661,0.175555,0.947794,0.264432,0.998929,0.264145,1,0
4380,prcp/coverage,14975,0.424174,8.48077,0.175566,0.947791,0.264431,0.99893,0.264146,1,0
4380,prcp_corrected/area,14975,1,0.00735651,0.000153329,1,0.265558,1,0.26555,1,0
4380,prcp_corrected/coverage,14975,1,0.000462745,8.21761e-06,1,0.265556,1,0.265551,1,0
4381,prcp/area,14975,0.369215,9.8162,0.217641,0.947507,0.317574,0.997528,0.316537,1,0
4381,prcp/coverage,14975,0.369282,9.81418,0.217653,0.947501,0.317563,0.997528,0.316552,1,0
4381,prcp_corrected/area,14975,1,0.00934503,0.000256176,1,0.318695,1,0.318664,1,0
4381,prcp_corrected/coverage,14975,1,0.00025081,6.10245e-06,1,0.318683,1,0.318679,1,0
4382,prcp/area,14975,0.313856,9.11496,0.180421,0.957286,0.319724,0.99936,0.319749,1,0
4382,prcp/coverage,14975,0.314124,9.11264,0.180362,0.957304,0.319721,0.99936,0.319749,1,0
4382,prcp_corrected/area,14975,1,0.0153022,0.000242227,0.999976,0.320802,1,0.320805,1,0
4382,prcp_corrected/coverage,14975,1,0.000894489,1.41936e-05,0.999998,0.320799,1,0.320805,1,0
4383,prcp/area,14975,0.29803,8.70924,0.216222,0.945625,0.285727,0.999427,0.285799,1,0
4383,prcp/coverage,14975,0.298097,8.70592,0.216089,0.945656,0.285738,0.999427,0.285773,1,0
4383,prcp_corrected/area,14975,1,0.0163647,0.000464373,0.999948,0.286925,1,0.286956,1,0
4383,prcp_corrected/coverage,14975,1,0.000434761,9.88252e-06,0.999999,0.286936,1,0.28693,1,0
4384,prcp/area,14975,0.326144,12.9451,0.284852,0.923088,0.343352,0.99887,0.343356,1,0
4384,prcp/coverage,14975,0.32621,12.9462,0.284855,0.923087,0.343352,0.99887,0.343359,1,0
4384,prcp_corrected/area,14975,1,0.00235954,8.22898e-05,1,0.345411,1,0.345404,1,0
4384,prcp_corrected/coverage,14975,1,0.000376965,7.67749e-06,1,0.345411,1,0.345407,1,0
4385,prcp/area,14975,0.328347,15.0783,0.326703,0.911275,0.327695,0.998694,0.327508,1,0
4385,prcp/coverage,14975,0.328347,15.0764,0.326699,0.911276,0.327694,0.998694,0.327514,1,0
4385,prcp_corrected/area,14975,1,0.0042561,0.00015627,0.999998,0.329738,1,0.329728,1,0
4385,prcp_corrected/coverage,14975,1,0.000491349,1.2829e-05,0.999999,0.329736,1,0.329735,1,0
4386,prcp/area,14975,0.353723,18.5539,0.422111,0.883704,0.314267,0.998055,0.313919,1,0
4386,prcp/coverage,14975,0.353723,18.5523,0.422109,0.883704,0.314267,0.998055,0.313921,1,0
4386,prcp_corrected/area,14975,1,0.00240856,5.53109e-05,0.999998,0.317336,1,0.317331,1,0
4386,prcp_corrected/coverage,14975,1,0.000323911,8.19008e-06,1,0.317335,1,0.317333,1,0
4387,prcp/area,14975,0.273189,19.0724,0.400139,0.932383,0.282752,0.998677,0.282403,1,0
4387,prcp/coverage,14975,0.273322,19.0679,0.400002,0.932413,0.282748,0.998677,0.282415,1,0
4387,prcp_corrected/area,14975,1,0.0134154,0.000508315,0.999949,0.28566,1,0.285616,1,0
4387,prcp_corrected/coverage,14975,1,0.000263377,1.00968e-05,0.999999,0.285656,1,0.285628,1,0
4388,prcp/area,14975,0.281603,17.3192,0.472785,0.916916,0.253623,0.997529,0.253458,1,0
4388,prcp/coverage,14975,0.281469,17.3252,0.472806,0.916912,0.253623,0.997529,0.253457,1,0
4388,prcp_corrected/area,14975,1,0.005323,0.000195864,0.999985,0.257507,1,0.25749,1,0
4388,prcp_corrected/coverage,14975,1,0.000384331,1.34694e-05,1,0.257507,1,0.257489,1,0
4389,prcp/area,14975,0.419699,12.9819,0.212516,0.960775,0.20478,0.996931,0.204932,1,0
4389,prcp/coverage,14975,0.419633,12.9775,0.212515,0.960776,0.204778,0.996931,0.20493,1,0
4389,prcp_corrected/area,14975,1,0.00587386,0.000106701,0.999997,0.205919,1,0.205911,1,0
4389,prcp_corrected/coverage,14975,1,0.000505964,9.2305e-06,1,0.205917,1,0.20591,1,0
4390,prcp/area,14975,0.391319,8.10166,0.156553,0.966607,0.250277,0.998278,0.249712,1,0
4390,prcp/coverage,14975,0.391653,8.10295,0.15654,0.966595,0.250271,0.998278,0.249739,1,0
4390,prcp_corrected/area,14975,1,0.0119722,0.000393434,0.999999,0.250544,1,0.250504,1,0
4390,prcp_corrected/coverage,14975,1,0.00016801,4.77361e-06,1,0.250538,1,0.250531,1,0
4391,prcp/area,14975,0.364341,11.4106,0.241933,0.951792,0.295761,0.996752,0.295754,1,0
4391,prcp/coverage,14975,0.364474,11.4099,0.241931,0.951794,0.29576,0.996752,0.295748,1,0
4391,prcp_corrected/area,14975,1,0.00313747,0.000112554,0.999999,0.296142,1,0.296141,1,0
4391,prcp_corrected/coverage,14975,1,0.00020055,6.26397e-06,1,0.296141,1,0.296135,1,0
4392,prcp/area,14975,0.390651,10.2374,0.24296,0.94956,0.295818,0.99674,0.295601,1,0
4392,prcp/coverage,14975,0.390451,10.2394,0.242959,0.94956,0.295815,0.99674,0.295608,1,0
4392,prcp_corrected/area,14975,1,0.00509305,0.000126266,1,0.298575,1,0.298559,1,0
4392,prcp_corrected/coverage,14975,1,0.000212961,4.58881e-06,1,0.298573,1,0.298566,1,0
4393,prcp/area,14975,0.371553,14.1346,0.251541,0.945737,0.297738,0.996647,0.297478,1,0
4393,prcp/coverage,14975,0.371619,14.1338,0.251543,0.945737,0.297738,0.996647,0.297477,1,0
4393,prcp_corrected/area,14975,1,0.00182289,5.0613e-05,1,0.299719,1,0.299711,1,0
4393,prcp_corrected/coverage,14975,1,0.000160889,4.21125e-06,1,0.299719,1,0.299709,1,0
4394,prcp/area,14975,0.355526,12.4797,0.239674,0.95334,0.265144,0.997102,0.265283,1,0
4394,prcp/coverage,14975,0.355659,12.4769,0.23968,0.953346,0.26514,0.997102,0.265273,1,0
4394,prcp_corrected/area,14975,1,0.00823781,0.000252515,0.99999,0.265931,1,0.265931,1,0
4394,prcp_corrected/coverage,14975,1,0.000142961,5.45622e-06,1,0.265926,1,0.265921,1,0
4395,prcp/area,14975,0.29409,23.2719,0.527837,0.879582,0.350851,0.99367,0.350352,1,0
4395,prcp/coverage,14975,0.29409,23.268,0.527857,0.879583,0.350843,0.993667,0.350367,1,0
4395,prcp_corrected/area,14975,0.99793,0.0277059,0.00073813,1.00001,0.361258,1,0.361227,1,0
4395,prcp_corrected/coverage,14975,1,0.00020292,5.13928e-06,1,0.36125,1,0.361242,1,0
4396,prcp/area,14975,0.249282,15.0913,0.333895,0.926758,0.436188,0.996464,0.436321,1,0
4396,prcp/coverage,14975,0.249215,15.0897,0.333872,0.926766,0.436187,0.996464,0.43632,1,0
4396,prcp_corrected/area,14975,1,0.00248739,8.02474e-05,0.999999,0.439104,1,0.439095,1,0
4396,prcp_corrected/coverage,14975,1,0.000233785,7.6923e-06,1,0.439103,1,0.439094,1,0
4397,prcp/area,14975,0.264174,40.4698,0.630222,0.830775,0.421833,0.997269,0.421705,1,0
4397,prcp/coverage,14975,0.26424,40.473,0.630221,0.830775,0.421829,0.997269,0.421711,1,0
4397,prcp_corrected/area,14975,1,0.0051873,0.000196039,1,0.427791,1,0.427772,1,0
4397,prcp_corrected/coverage,14975,1,0.000188141,6.33007e-06,1,0.427786,1,0.427778,1,0
4398,prcp/area,14975,0.297095,32.9133,0.562406,0.853142,0.380941,0.997044,0.380953,1,0
4398,prcp/coverage,14975,0.297095,32.9166,0.562404,0.853142,0.380941,0.997044,0.380955,1,0
4398,prcp_corrected/area,14975,1,0.00430554,0.000105733,0.999998,0.38741,1,0.3874,1,0
4398,prcp_corrected/coverage,14975,1,0.000234825,6.48891e-06,1,0.38741,1,0.387401,1,0
4399,prcp/area,14975,0.313923,25.9419,0.592852,0.844673,0.436315,0.996058,0.435648,1,0
4399,prcp/coverage,14975,0.313856,25.9424,0.59287,0.844669,0.436313,0.996058,0.435661,1,0
4399,prcp_corrected/area,14975,1,0.0171428,0.00037133,1,0.445017,1,0.444993,1,0
4399,prcp_corrected/coverage,14975,1,0.000650299,1.09309e-05,1,0.445014,1,0.445006,1,0
4400,prcp/area,14975,0.272788,20.0402,0.333976,0.931983,0.385037,0.996516,0.384624,1,0
4400,prcp/coverage,14975,0.272788,20.0292,0.333993,0.931977,0.385039,0.996516,0.384636,1,0
4400,prcp_corrected/area,14975,1,0.0135709,0.000414954,0.999991,0.389522,1,0.389502,1,0
4400,prcp_corrected/coverage,14975,1,0.000185613,7.06353e-06,1,0.389525,1,0.389514,1,0
4401,prcp/area,14975,0.276127,10.9086,0.245572,0.969752,0.472604,0.995907,0.4719,1,0
4401,prcp/coverage,14975,0.276127,10.9085,0.245589,0.969747,0.472606,0.995907,0.471892,1,0
4401,prcp_corrected/area,14975,1,0.00610176,0.000160492,0.999999,0.476688,1,0.476688,1,0
4401,prcp_corrected/coverage,14975,1,0.000413412,9.98786e-06,1,0.47669,1,0.47668,1,0
4402,prcp/area,14975,0.26591,9.7134,0.220229,0.971465,0.498519,0.996868,0.498156,1,0
4402,prcp/coverage,14975,0.265242,9.71149,0.220257,0.971457,0.498536,0.996868,0.498121,1,0
4402,prcp_corrected/area,14975,1,0.0211289,0.000633456,1,0.500997,1,0.50104,1,0
4402,prcp_corrected/coverage,14975,1,0.000292988,7.8211e-06,1,0.501015,1,0.501005,1,0
4403,prcp/area,14975,0.269316,15.9218,0.323767,0.929197,0.441472,0.997275,0.441705,1,0
4403,prcp/coverage,14975,0.269182,15.9125,0.323796,0.929191,0.44147,0.997274,0.441661,1,0
4403,prcp_corrected/area,14975,1,0.0127584,0.000468607,1.00001,0.445771,1,0.445802,1,0
4403,prcp_corrected/coverage,14975,1,0.000359892,1.24647e-05,1,0.445769,1,0.445758,1,0
4404,prcp/area,14975,0.275793,11.1341,0.264589,0.964717,0.508937,0.996214,0.507909,1,0
4404,prcp/coverage,14975,0.275659,11.1337,0.264577,0.964721,0.508942,0.996214,0.507902,1,0
4404,prcp_corrected/area,14975,1,0.00428758,0.000147717,1,0.512457,1,0.512459,1,0
4404,prcp_corrected/coverage,14975,1,0.000189174,6.79472e-06,1,0.512461,1,0.512452,1,0
4405,prcp/area,14975,0.310651,10.7938,0.222504,0.979923,0.487823,0.995901,0.486905,1,0
4405,prcp/coverage,14975,0.310918,10.7933,0.222508,0.979922,0.487827,0.9959,0.486897,1,0
4405,prcp_corrected/area,14975,1,0.00410993,0.000124975,1,0.491495,1,0.491498,1,0
4405,prcp_corrected/coverage,14975,1,0.000295349,8.44159e-06,1,0.491499,1,0.49149,1,0
4406,prcp/area,14975,0.29616,14.787,0.231718,0.996692,0.450707,0.99498,0.449806,1,0
4406,prcp/coverage,14975,0.296027,14.7884,0.23172,0.996688,0.450708,0.99498,0.449801,1,0
4406,prcp_corrected/area,14975,1,0.00567213,0.000138588,1,0.455285,1,0.455281,1,0
4406,prcp_corrected/coverage,14975,1,0.000509704,1.26915e-05,1,0.455286,1,0.455277,1,0
4407,prcp/area,14975,0.248881,17.0344,0.408861,0.898759,0.413992,0.997105,0.413059,1,0
4407,prcp/coverage,14975,0.248948,17.0377,0.408911,0.898745,0.413987,0.997104,0.413058,1,0
4407,prcp_corrected/area,14975,1,0.00973147,0.000347809,1,0.417244,1,0.41723,1,0
4407,prcp_corrected/coverage,14975,1,0.0002649,8.42608e-06,1,0.417239,1,0.417229,1,0
4408,prcp/area,14975,0.292354,19.6505,0.454579,0.912354,0.340366,0.99472,0.340173,1,0
4408,prcp/coverage,14975,0.292087,19.6438,0.454616,0.912347,0.340365,0.994719,0.340166,1,0
4408,prcp_corrected/area,14975,1,0.00930748,0.000159768,1,0.347606,1,0.347603,1,0
4408,prcp_corrected/coverage,14975,1,0.00025292,6.92046e-06,1,0.347606,1,0.347596,1,0
4409,prcp/area,14975,0.309382,17.1188,0.492248,0.88932,0.402618,0.997826,0.402279,1,0
4409,prcp/coverage,14975,0.309583,17.1209,0.49221,0.889328,0.402624,0.997825,0.402264,1,0
4409,prcp_corrected/area,14975,1,0.0110811,0.000300214,0.999997,0.407582,1,0.407595,1,0
4409,prcp_corrected/coverage,14975,1,0.000394455,6.15983e-06,1,0.407588,1,0.40758,1,0
4410,prcp/area,14975,0.335092,24.4443,0.402644,0.895773,0.264649,0.997409,0.264422,1,0
4410,prcp/coverage,14975,0.335092,24.4451,0.402655,0.895771,0.264648,0.997409,0.264425,1,0
4410,prcp_corrected/area,14975,1,0.00374951,8.31003e-05,0.999999,0.26741,1,0.267403,1,0
4410,prcp_corrected/coverage,14975,1,0.000281583,6.31004e-06,1,0.267409,1,0.267405,1,0
4411,prcp/area,14975,0.374958,10.5332,0.26984,0.964981,0.276111,0.995748,0.275871,1,0
4411,prcp/coverage,14975,0.374958,10.5341,0.269841,0.964981,0.27611,0.995748,0.275872,1,0
4411,prcp_corrected/area,14975,1,0.00126368,3.61386e-05,1,0.27936,1,0.279351,1,0
4411,prcp_corrected/coverage,14975,1,0.000201533,5.902e-06,1,0.27936,1,0.279352,1,0
4412,prcp/area,14975,0.334558,13.3259,0.242429,0.980172,0.278086,0.996649,0.277129,1,0
4412,prcp/coverage,14975,0.334424,13.3433,0.242461,0.980164,0.278067,0.996648,0.277154,1,0
4412,prcp_corrected/area,14975,0.998865,0.0242914,0.000728548,1,0.280202,1,0.280148,1,0
4412,prcp_corrected/coverage,14975,1,0.000149695,4.62262e-06,1,0.280183,1,0.280174,1,0
4413,prcp/area,14975,0.332354,26.9236,0.371264,0.928209,0.288957,0.994438,0.288243,1,0
4413,prcp/coverage,14975,0.332554,26.9372,0.371228,0.928213,0.288962,0.994437,0.288219,1,0
4413,prcp_corrected/area,14975,0.999466,0.0369894,0.000859823,1,0.29271,1,0.292739,1,0
4413,prcp_corrected/coverage,14975,1,0.000255018,5.66246e-06,1,0.292714,1,0.292714,1,0
4414,prcp/area,14975,0.329816,16.6841,0.322488,0.913853,0.290341,0.998852,0.290075,1,0
4414,prcp/coverage,14975,0.329616,16.6829,0.322534,0.913839,0.290337,0.998852,0.290066,1,0
4414,prcp_corrected/area,14975,1,0.0186662,0.000600605,0.999989,0.291769,1,0.291772,1,0
4414,prcp_corrected/coverage,14975,1,0.000237149,5.53649e-06,1,0.291766,1,0.291764,1,0
4415,prcp/area,14975,0.328414,33.5584,0.543429,0.876133,0.313054,0.99751,0.313061,1,0
4415,prcp/coverage,14975,0.32828,33.556,0.543437,0.876132,0.313054,0.99751,0.313058,1,0
4415,prcp_corrected/area,14975,1,0.00492951,0.000127979,1.00001,0.317937,1,0.317938,1,0
4415,prcp_corrected/coverage,14975,1,0.000321027,1.08996e-05,1,0.317936,1,0.317935,1,0
4416,prcp/area,14975,0.306511,17.9773,0.374322,0.902021,0.330091,0.999464,0.330066,1,0
4416,prcp/coverage,14975,0.306711,17.9709,0.3744,0.902001,0.330091,0.999464,0.330043,1,0
4416,prcp_corrected/area,14975,0.998264,0.0244511,0.000731843,0.999997,0.330969,1,0.331,1,0
4416,prcp_corrected/coverage,14975,1,0.000153308,5.12751e-06,1,0.330969,1,0.330977,1,0
4417,prcp/area,14975,0.314925,23.9704,0.423448,0.891197,0.342194,0.99853,0.341896,1,0
4417,prcp/coverage,14975,0.314725,23.9672,0.423503,0.891183,0.342193,0.99853,0.341907,1,0
4417,prcp_corrected/area,14975,1,0.0227893,0.000439367,1.00001,0.343488,1,0.343489,1,0
4417,prcp_corrected/coverage,14975,1,0.000249893,5.92954e-06,1,0.343486,1,0.343501,1,0
4418,prcp/area,14975,0.321803,17.7606,0.434904,0.907216,0.325095,0.996852,0.324672,1,0
4418,prcp/coverage,14975,0.321736,17.7583,0.434946,0.907205,0.325095,0.996853,0.324663,1,0
4418,prcp_corrected/area,14975,1,0.0120444,0.00027987,1.00001,0.326109,1,0.326134,1,0
4418,prcp_corrected/coverage,14975,1,0.000302628,6.84705e-06,1,0.32611,1,0.326125,1,0
4419,prcp/area,14975,0.342705,11.1242,0.222994,0.955598,0.239263,0.998656,0.239299,1,0
4419,prcp/coverage,14975,0.342705,11.1242,0.222994,0.955598,0.239263,0.998656,0.239299,1,0
4419,prcp_corrected/area,14975,1,9.40693e-05,2.87956e-06,1,0.240748,1,0.240825,1,0
4419,prcp_corrected/coverage,14975,1,5.24471e-05,1.49354e-06,1,0.240748,1,0.240825,1,0
4420,prcp/area,14975,0.266311,17.6198,0.528387,0.882464,0.284089,0.998645,0.28412,1,0
4420,prcp/coverage,14975,0.266311,17.6205,0.528391,0.882463,0.28409,0.998645,0.284121,1,0
4420,prcp_corrected/area,14975,1,0.00126614,4.47795e-05,1,0.285781,1,0.285825,1,0
4420,prcp_corrected/coverage,14975,1,0.000469735,1.69219e-05,1,0.285781,1,0.285827,1,0
4421,prcp/area,14975,0.344908,10.1446,0.267965,0.938199,0.245779,0.998031,0.245678,1,0
4421,prcp/coverage,14975,0.345309,10.1463,0.267965,0.938202,0.245778,0.99803,0.245679,1,0
4421,prcp_corrected/area,14975,1,0.00600456,0.000142634,0.999997,0.246412,1,0.246412,1,0
4421,prcp_corrected/coverage,14975,1,0.000416531,1.01575e-05,1,0.24641,1,0.246413,1,0
4422,prcp/area,14975,0.321068,15.941,0.457602,0.886772,0.2463,0.998148,0.246564,1,0
4422,prcp/coverage,14975,0.321135,15.9451,0.4576,0.886773,0.246301,0.998148,0.246556,1,0
4422,prcp_corrected/area,14975,0.9998,0.0182054,0.000594929,0.999995,0.247999,1,0.248013,1,0
4422,prcp_corrected/coverage,14975,1,0.000232258,8.77081e-06,1,0.248,1,0.248005,1,0
4423,prcp/area,14975,0.335025,12.4665,0.393752,0.902949,0.251056,0.998554,0.251309,1,0
4423,prcp/coverage,14975,0.334825,12.4641,0.393731,0.902956,0.251055,0.998554,0.251317,1,0
4423,prcp_corrected/area,14975,1,0.00856003,0.000279124,0.999994,0.251704,1,0.251694,1,0
4423,prcp_corrected/coverage,14975,1,0.000218435,7.22128e-06,1,0.251703,1,0.251702,1,0
4424,prcp/area,14975,0.359199,11.4784,0.217932,0.951087,0.254014,0.998665,0.253823,1,0
4424,prcp/coverage,14975,0.359199,11.4815,0.217921,0.951093,0.254005,0.998665,0.253847,1,0
4424,prcp_corrected/area,14975,1,0.0170664,0.000436456,0.999984,0.254728,1,0.254708,1,0
4424,prcp_corrected/coverage,14975,1,0.000316313,8.87932e-06,1,0.254718,1,0.254732,1,0
4425,prcp/area,14975,0.341035,22.7649,0.397618,0.908358,0.264623,0.997113,0.264493,1,0
4425,prcp/coverage,14975,0.341035,22.7629,0.397651,0.908345,0.264621,0.997113,0.264484,1,0
4425,prcp_corrected/area,14975,1,0.00951346,0.000292289,1.00001,0.266878,1,0.266889,1,0
4425,prcp_corrected/coverage,14975,1,0.000202186,6.52258e-06,1,0.266877,1,0.26688,1,0
4426,prcp/area,14975,0.425576,19.3736,0.257311,0.946258,0.245156,0.997841,0.244309,1,0
4426,prcp/coverage,14975,0.425576,19.3736,0.257313,0.946257,0.245155,0.997841,0.24431,1,0
4426,prcp_corrected/area,14975,1,0.00119459,4.14379e-05,1,0.246949,1,0.246147,1,0
4426,prcp_corrected/coverage,14975,1,0.000147229,5.23935e-06,1,0.246949,1,0.246148,1,0
4427,prcp/area,14975,0.359599,15.3932,0.326785,0.921493,0.283059,0.99831,0.282619,1,0
4427,prcp/coverage,14975,0.359399,15.3942,0.326807,0.921488,0.283058,0.99831,0.282625,1,0
4427,prcp_corrected/area,14975,1,0.0040966,0.000112315,1,0.285319,1,0.284936,1,0
4427,prcp_corrected/coverage,14975,1,0.00034584,8.50311e-06,1,0.285318,1,0.284942,1,0
4428,prcp/area,14975,0.346511,15.7888,0.271832,0.952017,0.236106,0.997716,0.235922,1,0
4428,prcp/coverage,14975,0.346511,15.792,0.271807,0.952024,0.236095,0.997716,0.235922,1,0
4428,prcp_corrected/area,14975,1,0.018569,0.000400332,0.999993,0.237082,1,0.236937,1,0
4428,prcp_corrected/coverage,14975,1,0.000307837,8.27486e-06,1,0.237071,1,0.236936,1,0
4429,prcp/area,14975,0.368881,16.055,0.256757,0.950789,0.255704,0.997686,0.255685,1,0
4429,prcp/coverage,14975,0.368948,16.0548,0.25675,0.950793,0.255704,0.997686,0.255685,1,0
4429,prcp_corrected/area,14975,1,0.00381032,9.17269e-05,0.999998,0.256241,1,0.256214,1,0
4429,prcp_corrected/coverage,14975,1,0.000668151,1.61887e-05,1,0.256241,1,0.256213,1,0
4430,prcp/area,14975,0.361736,18.1814,0.256691,0.951459,0.261501,0.997694,0.261405,1,0
4430,prcp/coverage,14975,0.362003,18.1821,0.256674,0.951465,0.261497,0.997694,0.261405,1,0
4430,prcp_corrected/area,14975,1,0.00835964,0.0002383,0.999994,0.262088,1,0.262025,1,0
4430,prcp_corrected/coverage,14975,1,0.000388027,1.11143e-05,1,0.262083,1,0.262024,1,0
4431,prcp/area,14975,0.370818,18.4184,0.318583,0.919425,0.247285,0.998234,0.247023,1,0
4431,prcp/coverage,14975,0.370885,18.4188,0.318582,0.919425,0.247285,0.998234,0.247024,1,0
4431,prcp_corrected/area,14975,1,0.00139794,3.75894e-05,1,0.249307,1,0.249316,1,0
4431,prcp_corrected/coverage,14975,1,0.000336211,1.05781e-05,1,0.249307,1,0.249317,1,0
4432,prcp/area,14975,0.362337,18.8647,0.420905,0.89931,0.248039,0.998303,0.248286,1,0
4432,prcp/coverage,14975,0.362337,18.864,0.420942,0.899301,0.248043,0.998303,0.248281,1,0
4432,prcp_corrected/area,14975,1,0.0044941,0.000143548,1,0.248557,1,0.248586,1,0
4432,prcp_corrected/coverage,14975,1,0.000226308,5.21788e-06,1,0.24856,1,0.248582,1,0
4433,prcp/area,14975,0.38424,16.4141,0.220216,0.953462,0.220131,0.99842,0.219916,1,0
4433,prcp/coverage,14975,0.384508,16.4294,0.220235,0.95346,0.220133,0.998419,0.21991,1,0
4433,prcp_corrected/area,14975,0.998664,0.0358489,0.00088965,0.999994,0.220842,1,0.220663,1,0
4433,prcp_corrected/coverage,14975,1,0.000306047,5.6191e-06,1,0.220846,1,0.220659,1,0
4434,prcp/area,14975,0.351519,21.8014,0.327185,0.927115,0.225139,0.998543,0.224986,1,0
4434,prcp/coverage,14975,0.35192,21.823,0.327186,0.927109,0.225128,0.998543,0.225002,1,0
4434,prcp_corrected/area,14975,1,0.0296446,0.000750238,1.00002,0.226562,1,0.226447,1,0
4434,prcp_corrected/coverage,14975,1,0.000216057,6.34432e-06,1,0.22655,1,0.226462,1,0
4435,prcp/area,14975,0.360534,30.3976,0.383518,0.926842,0.267342,0.997057,0.267556,1,0
4435,prcp/coverage,14975,0.360735,30.3975,0.383541,0.926837,0.267342,0.997056,0.267554,1,0
4435,prcp_corrected/area,14975,1,0.00557988,0.000112324,1,0.272989,1,0.273022,1,0
4435,prcp_corrected/coverage,14975,1,0.000380967,7.46489e-06,1,0.272989,1,0.273021,1,0
4436,prcp/area,14975,0.334758,13.1327,0.286434,0.953766,0.312353,0.998119,0.312405,1,0
4436,prcp/coverage,14975,0.334491,13.1311,0.28674,0.953708,0.312321,0.998118,0.312372,1,0
4436,prcp_corrected/area,14975,0.977295,0.0727523,0.00179886,1.00004,0.315268,1,0.315342,1,0
4436,prcp_corrected/coverage,14975,1,0.000361132,8.59599e-06,1,0.315238,1,0.315308,1,0
4437,prcp/area,14975,0.34384,28.4467,0.366869,0.937849,0.304734,0.996405,0.304673,1,0
4437,prcp/coverage,14975,0.343706,28.4473,0.366873,0.93785,0.304735,0.996405,0.304665,1,0
4437,prcp_corrected/area,14975,1,0.0121007,0.000331471,1,0.308664,1,0.308699,1,0
4437,prcp_corrected/coverage,14975,1,0.000463032,1.0497e-05,1,0.308665,1,0.30869,1,0
4438,prcp/area,14975,0.345843,34.2416,0.398151,0.915474,0.266384,0.997577,0.266212,1,0
4438,prcp/coverage,14975,0.347379,34.2494,0.398182,0.915458,0.266369,0.997576,0.26619,1,0
4438,prcp_corrected/area,14975,0.997262,0.045803,0.00110049,1.00002,0.270508,1,0.27054,1,0
4438,prcp_corrected/coverage,14975,1,0.000300114,8.58804e-06,1,0.270494,1,0.270516,1,0
4439,prcp/area,14975,0.339232,5.09022,0.149989,1.01699,0.233149,0.998548,0.232695,1,0
4439,prcp/coverage,14975,0.339299,5.0898,0.14997,1.01698,0.233143,0.998548,0.232699,1,0
4439,prcp_corrected/area,14975,1,0.00603546,0.00023998,1.00001,0.234705,1,0.234569,1,0
4439,prcp_corrected/coverage,14975,1,0.000181057,7.41292e-06,1,0.234699,1,0.234573,1,0
4440,prcp/area,14975,0.292755,20.221,0.525764,0.911116,0.251981,0.997226,0.251884,1,0
4440,prcp/coverage,14975,0.292755,20.2276,0.525858,0.911095,0.251982,0.997226,0.251882,1,0
4440,prcp_corrected/area,14975,1,0.00525591,0.00019425,1,0.257047,1,0.257083,1,0
4440,prcp_corrected/coverage,14975,1,0.000307724,1.03334e-05,1,0.257048,1,0.257081,1,0
4441,prcp/area,14975,0.237462,18.7429,0.544628,0.868051,0.289912,0.996073,0.291296,1,0
4441,prcp/coverage,14975,0.237129,18.7407,0.544908,0.867986,0.289902,0.996073,0.291315,1,0
4441,prcp_corrected/area,14975,1,0.0141446,0.000573128,1.00011,0.294677,1,0.294672,1,0
4441,prcp_corrected/coverage,14975,1,0.000248813,9.78279e-06,1,0.294669,1,0.294691,1,0
4442,prcp/area,14975,0.255225,19.785,0.52107,0.906087,0.262296,0.997389,0.261931,1,0
4442,prcp/coverage,14975,0.255359,19.7991,0.521217,0.906054,0.262295,0.997388,0.261935,1,0
4442,prcp_corrected/area,14975,1,0.0146643,0.000405451,1.00003,0.26657,1,0.266551,1,0
4442,prcp_corrected/coverage,14975,1,0.000448712,1.07722e-05,1,0.266569,1,0.266556,1,0
4443,prcp/area,14975,0.268581,20.3903,0.639857,0.879117,0.256026,0.993994,0.255905,1,0
4443,prcp/coverage,14975,0.268648,20.3916,0.639909,0.879104,0.256026,0.993993,0.255905,1,0
4443,prcp_corrected/area,14975,1,0.00554084,0.000161673,1.00001,0.26382,1,0.263858,1,0
4443,prcp_corrected/coverage,14975,1,0.00026216,1.10911e-05,1,0.26382,1,0.263859,1,0
4444,prcp/area,14975,0.284875,19.9944,0.466488,0.888088,0.273514,0.99805,0.272589,1,0
4444,prcp/coverage,14975,0.285075,19.9885,0.466489,0.888087,0.273513,0.998051,0.272615,1,0
4444,prcp_corrected/area,14975,0.999666,0.0189414,0.000684992,0.999977,0.275364,1,0.275007,1,0
4444,prcp_corrected/coverage,14975,1,0.000235334,7.54125e-06,1,0.275362,1,0.275033,1,0
4445,prcp/area,14975,0.417496,16.3913,0.311022,0.934579,0.268523,0.997598,0.267083,1,0
4445,prcp/coverage,14975,0.417563,16.3922,0.311028,0.934575,0.268521,0.997598,0.26709,1,0
4445,prcp_corrected/area,14975,1,0.00463358,0.000135759,1,0.269584,1,0.268592,1,0
4445,prcp_corrected/coverage,14975,1,0.000213703,6.75435e-06,1,0.269582,1,0.268599,1,0
4446,prcp/area,14975,0.343306,10.5659,0.18268,0.964015,0.31089,0.998942,0.310217,1,0
4446,prcp/coverage,14975,0.343239,10.5665,0.1827,0.964006,0.31089,0.998942,0.310206,1,0
4446,prcp_corrected/area,14975,1,0.011994,0.000264398,1.00001,0.311362,1,0.310707,1,0
4446,prcp_corrected/coverage,14975,1,0.000184624,6.05422e-06,1,0.311362,1,0.310696,1,0
4447,prcp/area,14975,0.415492,7.57765,0.159061,0.965898,0.237733,0.998589,0.237808,1,0
4447,prcp/coverage,14975,0.415492,7.57635,0.159065,0.965887,0.237732,0.998589,0.237801,1,0
4447,prcp_corrected/area,14975,1,0.00679657,0.000203918,1,0.238471,1,0.238103,1,0
4447,prcp_corrected/coverage,14975,1,0.000219869,5.87784e-06,1,0.23847,1,0.238097,1,0
4448,prcp/area,14975,0.341302,10.9614,0.203032,0.979706,0.28725,0.997434,0.287592,1,0
4448,prcp/coverage,14975,0.341302,10.9644,0.203068,0.979676,0.287242,0.997434,0.287622,1,0
4448,prcp_corrected/area,14975,1,0.0178757,0.000422762,1.00002,0.289327,1,0.289126,1,0
4448,prcp_corrected/coverage,14975,1,0.00016155,4.85611e-06,1,0.289318,1,0.289156,1,0
4449,prcp/area,14975,0.402738,11.7339,0.160147,0.978602,0.318,0.997198,0.31863,1,0
4449,prcp/coverage,14975,0.402003,11.7365,0.16012,0.978597,0.317992,0.997199,0.318631,1,0
4449,prcp_corrected/area,14975,0.998331,0.0361901,0.00079803,1.00001,0.319872,1,0.319773,1,0
4449,prcp_corrected/coverage,14975,1,0.000192442,4.95333e-06,1,0.319863,1,0.319773,1,0
4450,prcp/area,14975,0.425643,19.9684,0.215983,0.948156,0.253466,0.998022,0.253568,1,0
4450,prcp/coverage,14975,0.425309,19.9723,0.215992,0.948149,0.253464,0.998022,0.253569,1,0
4450,prcp_corrected/area,14975,1,0.0034398,6.8229e-05,1,0.255786,1,0.255539,1,0
4450,prcp_corrected/coverage,14975,1,0.000252562,4.74409e-06,1,0.255785,1,0.25554,1,0
4451,prcp/area,14975,0.373222,14.8539,0.200333,0.965609,0.300637,0.996808,0.301983,1,0
4451,prcp/coverage,14975,0.373489,14.8593,0.200358,0.9656,0.300628,0.996808,0.302006,1,0
4451,prcp_corrected/area,14975,1,0.0204124,0.000481655,1.00002,0.302883,1,0.302688,1,0
4451,prcp_corrected/coverage,14975,1,0.000195911,5.21135e-06,1,0.302874,1,0.302711,1,0
4452,prcp/area,14975,0.461503,11.6143,0.153534,0.988545,0.303453,0.995196,0.304342,1,0
4452,prcp/coverage,14975,0.461703,11.6124,0.153515,0.988504,0.303438,0.995198,0.30431,1,0
4452,prcp_corrected/area,14975,0.993456,0.0381652,0.000636444,1.00002,0.304201,1,0.30424,1,0
4452,prcp_corrected/coverage,14975,1,0.000113809,2.91364e-06,1,0.304184,1,0.30421,1,0
4453,prcp/area,14975,0.435259,10.2079,0.163863,1.00684,0.296995,0.99787,0.296879,1,0
4453,prcp/coverage,14975,0.435326,10.219,0.16385,1.00684,0.296989,0.99787,0.296913,1,0
4453,prcp_corrected/area,14975,0.9998,0.0181179,0.000380454,0.999991,0.297769,1,0.29774,1,0
4453,prcp_corrected/coverage,14975,1,0.000272627,6.23183e-06,1,0.297763,1,0.297774,1,0
4454,prcp/area,14975,0.413422,13.4911,0.23449,0.934146,0.31414,0.997697,0.313883,1,0
4454,prcp/coverage,14975,0.413689,13.4895,0.234493,0.934145,0.314138,0.997697,0.313884,1,0
4454,prcp_corrected/area,14975,1,0.00241429,5.3481e-05,1,0.314047,1,0.314041,1,0
4454,prcp_corrected/coverage,14975,1,0.000419512,1.0159e-05,1,0.314045,1,0.314043,1,0
4455,prcp/area,14975,0.428848,9.10555,0.159533,1.01249,0.286059,0.998122,0.285761,1,0
4455,prcp/coverage,14975,0.428781,9.10924,0.159533,1.01249,0.286054,0.998122,0.285777,1,0
4455,prcp_corrected/area,14975,1,0.00516013,0.000172974,1,0.286503,1,0.286503,1,0
4455,prcp_corrected/coverage,14975,1,0.000297407,8.14717e-06,1,0.286497,1,0.286519,1,0
4456,prcp/area,14975,0.420367,9.45218,0.169377,1.01469,0.288201,0.997952,0.287688,1,0
4456,prcp/coverage,14975,0.420768,9.45976,0.169329,1.01467,0.288186,0.997952,0.287713,1,0
4456,prcp_corrected/area,14975,1,0.0134096,0.000394082,1.00001,0.288613,1,0.288587,1,0
4456,prcp_corrected/coverage,14975,1,0.000195109,5.68542e-06,1,0.288597,1,0.288612,1,0
4457,prcp/area,14975,0.39025,21.6381,0.308194,0.947383,0.248505,0.995031,0.248443,1,0
4457,prcp/coverage,14975,0.390184,21.6368,0.308197,0.947382,0.248506,0.995031,0.248438,1,0
4457,prcp_corrected/area,14975,1,0.00658511,0.000135673,0.999998,0.251752,1,0.251506,1,0
4457,prcp_corrected/coverage,14975,1,0.000496624,6.54526e-06,1,0.251753,1,0.251502,1,0
4458,prcp/area,14975,0.386845,18.8116,0.269485,0.943122,0.264902,0.997157,0.264669,1,0
4458,prcp/coverage,14975,0.386912,18.8161,0.26949,0.943114,0.264902,0.997157,0.264673,1,0
4458,prcp_corrected/area,14975,1,0.00614312,0.000130428,1.00001,0.266508,1,0.266316,1,0
4458,prcp_corrected/coverage,14975,1,0.000516423,1.09003e-05,1,0.266508,1,0.266319,1,0
4459,prcp/area,14975,0.331085,19.0919,0.28073,0.932608,0.280374,0.999181,0.279864,1,0
4459,prcp/coverage,14975,0.331152,19.0692,0.280814,0.932588,0.28037,0.99918,0.279852,1,0
4459,prcp_corrected/area,14975,0.999866,0.0256504,0.000667362,1.00002,0.281275,1,0.280875,1,0
4459,prcp_corrected/coverage,14975,1,0.000195678,5.48077e-06,1,0.281271,1,0.280863,1,0
4460,prcp/area,14975,0.30985,16.0575,0.325892,0.924146,0.297881,0.999521,0.297703,1,0
4460,prcp/coverage,14975,0.309649,16.0563,0.325912,0.924141,0.297878,0.999521,0.297702,1,0
4460,prcp_corrected/area,14975,1,0.0117553,0.000191681,1,0.298497,1,0.298361,1,0
4460,prcp_corrected/coverage,14975,1,0.000262892,5.89607e-06,1,0.298495,1,0.29836,1,0
4461,prcp/area,14975,0.307579,13.4486,0.324346,0.92529,0.294758,0.999498,0.294544,1,0
4461,prcp/coverage,14975,0.308114,13.4385,0.324426,0.925271,0.294748,0.999498,0.29456,1,0
4461,prcp_corrected/area,14975,0.999533,0.0433092,0.000816243,1.00002,0.295569,1,0.2955,1,0
4461,prcp_corrected/coverage,14975,1,0.000289057,6.834e-06,1,0.295559,1,0.295515,1,0
4462,prcp/area,14975,0.328347,19.2429,0.386833,0.913887,0.263658,0.999167,0.263578,1,0
4462,prcp/coverage,14975,0.328347,19.242,0.386862,0.91388,0.263657,0.999167,0.263581,1,0
4462,prcp_corrected/area,14975,1,0.00823215,0.000203362,1,0.26537,1,0.265405,1,0
4462,prcp_corrected/coverage,14975,1,0.000418616,7.5549e-06,1,0.265369,1,0.265408,1,0
4463,prcp/area,14975,0.526277,14.091,0.124395,1.05704,0.381465,0.996641,0.38209,1,0
4463,prcp/coverage,14975,0.52621,14.0917,0.124385,1.05703,0.381462,0.99664,0.382094,1,0
4463,prcp_corrected/area,14975,1,0.00681611,0.000128394,1.00002,0.385058,1,0.385057,1,0
4463,prcp_corrected/coverage,14975,1,0.00019475,3.22667e-06,1,0.385056,1,0.385062,1,0
4464,prcp/area,14975,0.487947,6.85633,0.143377,0.973086,0.328591,0.99485,0.329005,1,0
4464,prcp/coverage,14975,0.488013,6.85644,0.143378,0.97308,0.328588,0.99485,0.329009,1,0
4464,prcp_corrected/area,14975,1,0.00415064,8.03295e-05,0.999997,0.331421,1,0.33143,1,0
4464,prcp_corrected/coverage,14975,1,0.000152397,2.98418e-06,1,0.331418,1,0.331434,1,0
4465,prcp/area,14975,0.427379,9.12728,0.136379,0.985308,0.361505,0.994596,0.3634,1,0
4465,prcp/coverage,14975,0.42778,9.12237,0.136378,0.98529,0.361495,0.994597,0.363399,1,0
4465,prcp_corrected/area,14975,1,0.0148656,0.000244663,1,0.366216,1,0.366215,1,0
4465,prcp_corrected/coverage,14975,1,0.000139968,2.36334e-06,1,0.366205,1,0.366213,1,0
4466,prcp/area,14975,0.506912,18.0111,0.15158,0.990958,0.309359,0.995038,0.30946,1,0
4466,prcp/coverage,14975,0.506845,18.0097,0.151576,0.990955,0.309356,0.995039,0.309467,1,0
4466,prcp_corrected/area,14975,1,0.00874826,0.000163767,0.999998,0.313718,1,0.313745,1,0
4466,prcp_corrected/coverage,14975,1,0.000218633,5.25607e-06,1,0.313715,1,0.313752,1,0
4467,prcp/area,14975,0.442738,10.5518,0.170413,0.988982,0.373792,0.996486,0.373641,1,0
4467,prcp/coverage,14975,0.442738,10.5588,0.170371,0.988996,0.373791,0.996486,0.373635,1,0
4467,prcp_corrected/area,14975,0.999933,0.0234409,0.00039104,0.999996,0.376945,1,0.377007,1,0
4467,prcp_corrected/coverage,14975,1,0.000237991,4.19257e-06,1,0.376943,1,0.377001,1,0
4468,prcp/area,14975,0.374825,15.0521,0.250496,0.962212,0.253674,0.997274,0.253515,1,0
4468,prcp/coverage,14975,0.374825,15.052,0.250496,0.962211,0.253674,0.997274,0.253516,1,0
4468,prcp_corrected/area,14975,1,0.00128825,3.08001e-05,1,0.255142,1,0.255083,1,0
4468,prcp_corrected/coverage,14975,1,0.000262776,7.68373e-06,1,0.255141,1,0.255084,1,0
4469,prcp/area,14975,0.454157,13.6294,0.143715,1.00993,0.308426,0.997728,0.307975,1,0
4469,prcp/coverage,14975,0.454491,13.636,0.143656,1.00992,0.308406,0.997729,0.308011,1,0
4469,prcp_corrected/area,14975,1,0.0226732,0.000549125,1,0.308236,1,0.307881,1,0
4469,prcp_corrected/coverage,14975,1,0.00026059,5.67567e-06,1,0.308216,1,0.307916,1,0
4470,prcp/area,14975,0.369215,23.5872,0.290308,0.95082,0.261617,0.997057,0.261487,1,0
4470,prcp/coverage,14975,0.369416,23.5869,0.290306,0.950819,0.261616,0.997057,0.261488,1,0
4470,prcp_corrected/area,14975,1,0.00388366,7.49176e-05,1,0.262645,1,0.262487,1,0
4470,prcp_corrected/coverage,14975,1,0.000301416,6.52649e-06,1,0.262643,1,0.262487,1,0
4471,prcp/area,14975,0.36187,11.9068,0.227643,0.991297,0.30234,0.996818,0.302304,1,0
4471,prcp/coverage,14975,0.361536,11.9052,0.227631,0.9913,0.302337,0.996819,0.302303,1,0
4471,prcp_corrected/area,14975,1,0.011343,0.000286805,0.999992,0.304649,1,0.304456,1,0
4471,prcp_corrected/coverage,14975,1,0.000197656,5.25873e-06,1,0.304646,1,0.304454,1,0
4472,prcp/area,14975,0.4398,20.4859,0.287881,0.935732,0.247605,0.997013,0.247232,1,0
4472,prcp/coverage,14975,0.441068,20.4884,0.287873,0.93572,0.247605,0.997013,0.247236,1,0
4472,prcp_corrected/area,14975,1,0.00881854,0.000182556,1.00001,0.249157,1,0.248958,1,0
4472,prcp_corrected/coverage,14975,1,0.000532223,1.22772e-05,1,0.249157,1,0.248962,1,0
4473,prcp/area,14975,0.341703,31.4494,0.417624,0.924929,0.28779,0.996442,0.28791,1,0
4473,prcp/coverage,14975,0.341636,31.452,0.417634,0.924932,0.287789,0.996441,0.287906,1,0
4473,prcp_corrected/area,14975,1,0.0148344,0.000303739,1,0.293519,1,0.293533,1,0
4473,prcp_corrected/coverage,14975,1,0.000236135,4.63758e-06,1,0.293519,1,0.293529,1,0
4474,prcp/area,14975,0.381102,20.2295,0.222136,1.00939,0.278302,0.996652,0.277844,1,0
4474,prcp/coverage,14975,0.381035,20.2345,0.222137,1.0094,0.278301,0.996652,0.277846,1,0
4474,prcp_corrected/area,14975,1,0.00926875,0.000148343,1,0.279375,1,0.279106,1,0
4474,prcp_corrected/coverage,14975,1,0.000348211,7.87108e-06,1,0.279375,1,0.279108,1,0
4475,prcp/area,14975,0.344574,23.26,0.331393,0.984727,0.23913,0.994856,0.23939,1,0
4475,prcp/coverage,14975,0.344641,23.2598,0.331407,0.984726,0.239127,0.994856,0.239392,1,0
4475,prcp_corrected/area,14975,1,0.00724446,0.000217415,1,0.243861,1,0.243612,1,0
4475,prcp_corrected/coverage,14975,1,0.000381102,7.76792e-06,1,0.243858,1,0.243614,1,0
4476,prcp/area,14975,0.450284,35.0689,0.255938,0.945516,0.32357,0.995042,0.323983,1,0
4476,prcp/coverage,14975,0.450351,35.0758,0.25594,0.945514,0.323567,0.995042,0.32399,1,0
4476,prcp_corrected/area,14975,1,0.0123289,0.000123386,1,0.325763,1,0.325804,1,0
4476,prcp_corrected/coverage,14975,1,0.000807897,6.96542e-06,1,0.32576,1,0.325811,1,0
4477,prcp/area,14975,0.342237,19.5441,0.269869,0.974327,0.322458,0.995308,0.322818,1,0
4477,prcp/coverage,14975,0.342237,19.5391,0.269878,0.974322,0.322452,0.995308,0.322828,1,0
4477,prcp_corrected/area,14975,1,0.0144089,0.000229947,1.00001,0.328205,1,0.328061,1,0
4477,prcp_corrected/coverage,14975,1,0.000299031,6.43399e-06,1,0.328199,1,0.328071,1,0
4478,prcp/area,14975,0.356995,24.5659,0.296973,0.950147,0.307228,0.995665,0.308146,1,0
4478,prcp/coverage,14975,0.357663,24.5717,0.297016,0.950126,0.307221,0.995664,0.308157,1,0
4478,prcp_corrected/area,14975,1,0.0268104,0.000430421,1.00003,0.313633,1,0.313635,1,0
4478,prcp_corrected/coverage,14975,1,0.000476868,8.20408e-06,1,0.313627,1,0.313646,1,0
4479,prcp/area,14975,0.311586,17.9298,0.278755,0.966775,0.344705,0.995781,0.344631,1,0
4479,prcp/coverage,14975,0.311252,17.9331,0.278801,0.966744,0.344688,0.995781,0.344635,1,0
4479,prcp_corrected/area,14975,1,0.0242315,0.000473387,1.00003,0.350289,1,0.350096,1,0
4479,prcp_corrected/coverage,14975,1,0.000302501,6.41257e-06,1,0.350273,1,0.3501,1,0
4480,prcp/area,14975,0.299098,17.295,0.279642,0.966607,0.355583,0.9959,0.355664,1,0
4480,prcp/coverage,14975,0.299232,17.2956,0.279747,0.966545,0.355541,0.995899,0.355665,1,0
4480,prcp_corrected/area,14975,0.994858,0.0626158,0.000998546,1.00006,0.361279,1,0.361086,1,0
4480,prcp_corrected/coverage,14975,1,0.000383711,6.45247e-06,1,0.361238,1,0.361087,1,0
4481,prcp/area,14975,0.532621,17.2155,0.102536,0.974153,0.336458,0.995815,0.336523,1,0
4481,prcp/coverage,14975,0.532487,17.2416,0.102548,0.974124,0.336443,0.995816,0.336514,1,0
4481,prcp_corrected/area,14975,0.992053,0.0344881,0.000607651,1.00001,0.339936,1,0.339935,1,0
4481,prcp_corrected/coverage,14975,1,0.000181797,2.78582e-06,1,0.339918,1,0.339924,1,0
4482,prcp/area,14975,0.57429,21.6857,0.114305,0.957529,0.348451,0.995945,0.348348,1,0
4482,prcp/coverage,14975,0.57429,21.6863,0.114304,0.957529,0.348452,0.995945,0.348345,1,0
4482,prcp_corrected/area,14975,1,0.0033915,6.59455e-05,0.999996,0.352712,1,0.352756,1,0
4482,prcp_corrected/coverage,14975,1,0.000302323,3.65549e-06,1,0.352714,1,0.352753,1,0
4483,prcp/area,14975,0.501503,11.5201,0.106904,0.964076,0.383722,0.997899,0.383676,1,0
4483,prcp/coverage,14975,0.500634,11.5115,0.106865,0.964085,0.383715,0.9979,0.383684,1,0
4483,prcp_corrected/area,14975,0.999265,0.0276317,0.000421413,0.99998,0.387782,1,0.387774,1,0
4483,prcp_corrected/coverage,14975,1,0.000226209,3.70427e-06,1,0.387774,1,0.387782,1,0
4484,prcp/area,14975,0.440067,15.1095,0.15719,0.988973,0.343615,0.99496,0.34378,1,0
4484,prcp/coverage,14975,0.440868,15.1387,0.157113,0.988955,0.343586,0.994961,0.343829,1,0
4484,prcp_corrected/area,14975,0.999666,0.0351849,0.000594362,1.00001,0.347574,1,0.347503,1,0
4484,prcp_corrected/coverage,14975,1,0.000246135,3.7604e-06,1,0.347543,1,0.34755,1,0
4485,prcp/area,14975,0.480868,14.9734,0.125053,0.974489,0.336426,0.99701,0.336287,1,0
4485,prcp/coverage,14975,0.480868,14.9757,0.125054,0.974486,0.336425,0.99701,0.336282,1,0
4485,prcp_corrected/area,14975,1,0.00536208,0.000101499,1.00001,0.33962,1,0.339802,1,0
4485,prcp_corrected/coverage,14975,1,0.000577996,7.4646e-06,1,0.339619,1,0.339797,1,0
4486,prcp/area,14975,0.414023,40.0158,0.188379,0.945882,0.327266,0.995153,0.327334,1,0
4486,prcp/coverage,14975,0.41389,40.0208,0.188384,0.945878,0.327264,0.995153,0.32734,1,0
4486,prcp_corrected/area,14975,1,0.00832821,8.86849e-05,1.00001,0.330974,1,0.330982,1,0
4486,prcp_corrected/coverage,14975,1,0.000497863,4.693e-06,1,0.330973,1,0.330989,1,0
4487,prcp/area,14975,0.370952,28.0631,0.247884,0.979177,0.328079,0.990947,0.328153,1,0
4487,prcp/coverage,14975,0.371152,28.0634,0.247882,0.979176,0.328077,0.990947,0.328148,1,0
4487,prcp_corrected/area,14975,1,0.012338,0.000137356,1,0.334624,1,0.334501,1,0
4487,prcp_corrected/coverage,14975,1,0.00033157,5.01478e-06,1,0.334621,1,0.334496,1,0
4488,prcp/area,14975,0.459566,20.9365,0.26705,0.886736,0.326996,0.990626,0.327512,1,0
4488,prcp/coverage,14975,0.459366,20.9375,0.267075,0.886715,0.326994,0.990626,0.327515,1,0
4488,prcp_corrected/area,14975,1,0.0108425,0.000191702,1.00001,0.33643,1,0.336499,1,0
4488,prcp_corrected/coverage,14975,1,0.00017349,4.44974e-06,1,0.336428,1,0.336502,1,0
4489,prcp/area,14975,0.503372,39.5637,0.194677,0.953659,0.272374,0.993894,0.272726,1,0
4489,prcp/coverage,14975,0.503773,39.5609,0.194679,0.953657,0.272375,0.993894,0.272726,1,0
4489,prcp_corrected/area,14975,1,0.00415188,3.53919e-05,1,0.280714,1,0.280591,1,0
4489,prcp_corrected/coverage,14975,1,0.000403879,4.52828e-06,1,0.280715,1,0.28059,1,0
4490,prcp/area,14975,0.456828,29.6197,0.212287,0.948755,0.304365,0.99406,0.304753,1,0
4490,prcp/coverage,14975,0.457362,29.6194,0.21229,0.948747,0.304364,0.99406,0.304754,1,0
4490,prcp_corrected/area,14975,1,0.00672045,7.20219e-05,1,0.313636,1,0.31354,1,0
4490,prcp_corrected/coverage,14975,1,0.000569087,5.03655e-06,1,0.313635,1,0.31354,1,0
4491,prcp/area,14975,0.408414,27.8203,0.225176,0.973337,0.304751,0.993011,0.305052,1,0
4491,prcp/coverage,14975,0.408414,27.8197,0.225175,0.973336,0.304751,0.993011,0.305051,1,0
4491,prcp_corrected/area,14975,1,0.00116274,1.2921e-05,1,0.314761,1,0.314644,1,0
4491,prcp_corrected/coverage,14975,1,0.000335928,5.93824e-06,1,0.314761,1,0.314643,1,0
4492,prcp/area,14975,0.309048,29.5014,0.256986,0.931094,0.392739,0.993793,0.394972,1,0
4492,prcp/coverage,14975,0.30778,29.5085,0.257051,0.931084,0.392732,0.993789,0.394935,1,0
4492,prcp_corrected/area,14975,0.996194,0.040179,0.00070282,1.00001,0.402167,1,0.402031,1,0
4492,prcp_corrected/coverage,14975,1,0.000280345,4.98697e-06,1,0.402158,1,0.401991,1,0
4493,prcp/area,14975,0.315593,18.5076,0.248661,0.927706,0.416336,0.995994,0.418285,1,0
4493,prcp/coverage,14975,0.315659,18.5118,0.248674,0.927701,0.416336,0.995994,0.418284,1,0
4493,prcp_corrected/area,14975,1,0.0165906,0.000276545,1,0.422594,1,0.422287,1,0
4493,prcp_corrected/coverage,14975,1,0.000177756,4.91017e-06,1,0.422595,1,0.422285,1,0
4494,prcp/area,14975,0.341836,31.2779,0.344717,0.917939,0.415587,0.98572,0.417213,1,0
4494,prcp/coverage,14975,0.341569,31.2789,0.344724,0.917938,0.415588,0.985719,0.417211,1,0
4494,prcp_corrected/area,14975,1,0.00568391,9.2001e-05,1.00001,0.436522,1,0.436352,1,0
4494,prcp_corrected/coverage,14975,1,0.000337451,4.74732e-06,1,0.436522,1,0.43635,1,0
4495,prcp/area,14975,0.462638,31.7544,0.256201,0.907453,0.317201,0.987018,0.317236,1,0
4495,prcp/coverage,14975,0.462905,31.7541,0.25621,0.907447,0.317199,0.987017,0.317226,1,0
4495,prcp_corrected/area,14975,1,0.00673852,9.69357e-05,1.00001,0.329081,1,0.329109,1,0
4495,prcp_corrected/coverage,14975,1,0.000274751,3.81699e-06,1,0.329079,1,0.3291,1,0
4496,prcp/area,14975,0.392321,26.2425,0.211631,0.935505,0.34677,0.995234,0.346156,1,0
4496,prcp/coverage,14975,0.392721,26.244,0.211624,0.935482,0.34677,0.995235,0.346162,1,0
4496,prcp_corrected/area,14975,1,0.0257557,0.000209369,1.00001,0.355407,1,0.355229,1,0
4496,prcp_corrected/coverage,14975,1,0.000566804,4.95e-06,1,0.355407,1,0.355235,1,0
4497,prcp/area,14975,0.35005,31.0216,0.263118,0.931559,0.387408,0.988197,0.389211,1,0
4497,prcp/coverage,14975,0.35025,31.0279,0.263127,0.931561,0.38741,0.988196,0.389201,1,0
4497,prcp_corrected/area,14975,1,0.0132151,0.000225335,0.999978,0.400014,1,0.39954,1,0
4497,prcp_corrected/coverage,14975,1,0.000302689,4.40841e-06,1,0.400017,1,0.39953,1,0
4498,prcp/area,14975,0.359466,31.1867,0.25616,0.956666,0.42675,0.985942,0.42821,1,0
4498,prcp/coverage,14975,0.359332,31.1842,0.256177,0.956658,0.426747,0.985941,0.42821,1,0
4498,prcp_corrected/area,14975,1,0.0116993,0.000182953,1.00001,0.444776,1,0.444474,1,0
4498,prcp_corrected/coverage,14975,1,0.000236521,4.12262e-06,1,0.444773,1,0.444473,1,0
4499,prcp/area,14975,0.365342,20.1762,0.225155,1.01238,0.344856,0.988774,0.343891,1,0
4499,prcp/coverage,14975,0.365342,20.1812,0.225137,1.01235,0.34485,0.988774,0.343898,1,0
4499,prcp_corrected/area,14975,1,0.0112057,0.00016011,1,0.359553,1,0.359436,1,0
4499,prcp_corrected/coverage,14975,1,0.000319951,4.39969e-06,1,0.359548,1,0.359442,1,0
4500,prcp/area,14975,0.344641,22.4679,0.264174,0.934275,0.417994,0.988019,0.418591,1,0
4500,prcp/coverage,14975,0.344975,22.4805,0.264224,0.934238,0.418003,0.988016,0.418569,1,0
4500,prcp_corrected/area,14975,1,0.0284003,0.000369338,1.00004,0.436604,1,0.436465,1,0
4500,prcp_corrected/coverage,14975,1,0.0002161,3.72326e-06,1,0.436614,1,0.436443,1,0
4501,prcp/area,14975,0.393055,22.6808,0.230096,0.914591,0.38125,0.990895,0.380546,1,0
4501,prcp/coverage,14975,0.393923,22.6633,0.230132,0.914549,0.381224,0.990894,0.380552,1,0
4501,prcp_corrected/area,14975,0.99813,0.0457518,0.000487981,1.00001,0.391699,1,0.391694,1,0
4501,prcp_corrected/coverage,14975,1,0.000301699,3.87811e-06,1,0.391674,1,0.391701,1,0
4502,prcp/area,14975,0.397129,13.6783,0.177998,0.943277,0.380929,0.993734,0.380482,1,0
4502,prcp/coverage,14975,0.396795,13.6703,0.178026,0.943222,0.380913,0.993734,0.380492,1,0
4502,prcp_corrected/area,14975,0.999599,0.0261998,0.000417047,1.00002,0.387814,1,0.387837,1,0
4502,prcp_corrected/coverage,14975,1,0.000312413,3.10255e-06,1,0.387799,1,0.387847,1,0
4503,prcp/area,14975,0.486745,23.3245,0.159547,0.965154,0.357591,0.986409,0.357535,1,0
4503,prcp/coverage,14975,0.486811,23.3246,0.159542,0.965168,0.35759,0.986408,0.357559,1,0
4503,prcp_corrected/area,14975,0.999933,0.0103857,0.000196662,0.999982,0.370307,1,0.370266,1,0
4503,prcp_corrected/coverage,14975,1,0.000177671,3.21678e-06,1,0.370307,1,0.37029,1,0
4504,prcp/area,14975,0.389316,23.7786,0.233967,0.963731,0.376319,0.988806,0.375776,1,0
4504,prcp/coverage,14975,0.388781,23.7842,0.233956,0.963686,0.376303,0.988806,0.375773,1,0
4504,prcp_corrected/area,14975,1,0.0337343,0.000346321,0.999981,0.388181,1,0.388165,1,0
4504,prcp_corrected/coverage,14975,1,0.000314382,3.85074e-06,1,0.388164,1,0.38816,1,0
4505,prcp/area,14975,0.408548,22.2917,0.22337,0.973724,0.38584,0.988895,0.385535,1,0
4505,prcp/coverage,14975,0.408681,22.2913,0.223371,0.973724,0.385836,0.988895,0.385534,1,0
4505,prcp_corrected/area,14975,1,0.0138214,0.000140156,0.999982,0.398514,1,0.398505,1,0
4505,prcp_corrected/coverage,14975,1,0.000427086,4.26208e-06,1,0.39851,1,0.398504,1,0
4506,prcp/area,14975,0.384641,19.7256,0.226356,1.03549,0.383805,0.988343,0.383477,1,0
4506,prcp/coverage,14975,0.385042,19.7324,0.226329,1.0355,0.383793,0.988343,0.383483,1,0
4506,prcp_corrected/area,14975,0.999933,0.0188689,0.000324288,0.999942,0.399666,1,0.399606,1,0
4506,prcp_corrected/coverage,14975,1,0.000227828,3.79937e-06,1,0.399654,1,0.39961,1,0
4507,prcp/area,14975,0.387379,21.516,0.221623,1.07201,0.345945,0.990309,0.346212,1,0
4507,prcp/coverage,14975,0.387446,21.5177,0.221625,1.07201,0.345944,0.990309,0.346213,1,0
4507,prcp_corrected/area,14975,1,0.00736626,8.69167e-05,0.999987,0.361914,1,0.361658,1,0
4507,prcp_corrected/coverage,14975,1,0.000264615,4.60314e-06,1,0.361913,1,0.361659,1,0
4508,prcp/area,14975,0.480601,29.3807,0.425851,0.65474,0.410339,0.983007,0.4074,1,0
4508,prcp/coverage,14975,0.480735,29.3763,0.425749,0.654823,0.410343,0.983004,0.407392,1,0
4508,prcp_corrected/area,14975,1,0.00964122,0.000210295,0.999947,0.420962,1,0.421121,1,0
4508,prcp_corrected/coverage,14975,1,0.000156037,2.87596e-06,0.999999,0.420967,1,0.421113,1,0
4509,prcp/area,14975,0.552988,17.0654,0.361645,0.756574,0.467406,0.993138,0.467165,1,0
4509,prcp/coverage,14975,0.552988,17.064,0.361591,0.75661,0.467407,0.993138,0.46716,1,0
4509,prcp_corrected/area,14975,1,0.00585761,0.000112737,0.999946,0.472554,1,0.47283,1,0
4509,prcp_corrected/coverage,14975,1,0.00109103,9.90796e-06,0.999999,0.472554,1,0.472825,1,0
4510,prcp/area,14975,0.525543,17.3378,0.319002,0.752555,0.528874,0.992765,0.528049,1,0
4510,prcp/coverage,14975,0.525543,17.3315,0.319107,0.752472,0.528885,0.992762,0.52799,1,0
4510,prcp_corrected/area,14975,1,0.0138315,0.000314335,1.00011,0.541435,1,0.541953,1,0
4510,prcp_corrected/coverage,14975,1,0.000297866,4.16884e-06,1,0.541453,1,0.5419,1,0
4511,prcp/area,14975,0.459499,12.0138,0.198228,0.959673,0.458611,0.986412,0.457892,1,0
4511,prcp/coverage,14975,0.459165,12.0155,0.198157,0.959719,0.458611,0.986419,0.457908,1,0
4511,prcp_corrected/area,14975,0.999866,0.0089013,0.000201322,0.999952,0.472505,1,0.472525,1,0
4511,prcp_corrected/coverage,14975,1,0.000112636,3.4883e-06,0.999999,0.472499,1,0.472535,1,0
4512,prcp/area,14975,0.465509,12.3982,0.236385,1.02905,0.498329,0.984858,0.499187,1,0
4512,prcp/coverage,14975,0.465042,12.4004,0.236344,1.02911,0.498321,0.984862,0.499209,1,0
4512,prcp_corrected/area,14975,1,0.00890538,0.000193096,0.999987,0.509456,1,0.509461,1,0
4512,prcp_corrected/coverage,14975,1,9.12823e-05,2.60821e-06,0.999999,0.509446,1,0.509481,1,0
4513,prcp/area,14975,0.609883,22.1449,0.247487,0.861088,0.443948,0.985218,0.443799,1,0
4513,prcp/coverage,14975,0.609883,22.1445,0.247484,0.86109,0.443948,0.985218,0.443799,1,0
4513,prcp_corrected/area,14975,1,0.00180744,3.66497e-05,1.00002,0.446757,1,0.446767,1,0
4513,prcp_corrected/coverage,14975,1,0.000186817,4.42108e-06,1,0.446756,1,0.446768,1,0
4514,prcp/area,14975,0.594591,28.4212,0.348905,0.736852,0.38869,0.975573,0.38787,1,0
4514,prcp/coverage,14975,0.594658,28.4209,0.348885,0.736867,0.38869,0.975573,0.38787,1,0
4514,prcp_corrected/area,14975,1,0.00338289,4.46321e-05,0.999975,0.393312,1,0.393325,1,0
4514,prcp_corrected/coverage,14975,1,0.000229536,3.51231e-06,0.999999,0.393313,1,0.393326,1,0
4515,prcp/area,14975,0.606945,26.9332,0.323749,0.751894,0.396615,0.97829,0.396509,1,0
4515,prcp/coverage,14975,0.606945,26.9342,0.323721,0.751916,0.396613,0.97829,0.396513,1,0
4515,prcp_corrected/area,14975,1,0.00269013,6.43975e-05,0.99996,0.401685,1,0.401688,1,0
4515,prcp_corrected/coverage,14975,1,0.000237747,4.8935e-06,1,0.401684,1,0.401693,1,0
4516,prcp/area,14975,0.599132,74.6567,0.566515,0.58927,0.459043,0.976368,0.45757,1,0
4516,prcp/coverage,14975,0.599065,74.6599,0.566574,0.589227,0.459043,0.976367,0.457573,1,0
4516,prcp_corrected/area,14975,1,0.0146475,0.000172786,1.00012,0.46217,1,0.462167,1,0
4516,prcp_corrected/coverage,14975,1,0.000424314,5.18901e-06,1,0.46217,1,0.46217,1,0
4517,prcp/area,14975,0.648948,69.4953,0.415781,0.600811,0.442275,0.964269,0.443464,1,0
4517,prcp/coverage,14975,0.649015,69.4958,0.415821,0.600773,0.442276,0.96427,0.443468,1,0
4517,prcp_corrected/area,14975,1,0.0215592,0.000189386,1.00017,0.449129,1,0.449128,1,0
4517,prcp_corrected/coverage,14975,1,0.00046986,5.57409e-06,0.999998,0.44913,1,0.449132,1,0
4518,prcp/area,14975,0.685676,104.277,0.660882,0.414885,0.414237,0.943802,0.419622,1,0
4518,prcp/coverage,14975,0.685676,104.277,0.66089,0.414878,0.414237,0.943802,0.419623,1,0
4518,prcp_corrected/area,14975,1,0.0129981,0.000101692,1.00009,0.426931,1,0.426931,1,0
4518,prcp_corrected/coverage,14975,1,0.000471454,5.05896e-06,0.999997,0.426931,1,0.426933,1,0
4519,prcp/area,14975,0.626311,80.2806,0.641164,0.634628,0.463482,0.973141,0.461413,1,0
4519,prcp/coverage,14975,0.626311,80.2861,0.641247,0.634581,0.463477,0.97314,0.461417,1,0
4519,prcp_corrected/area,14975,1,0.013498,0.000152762,1.00008,0.455581,1,0.455569,1,0
4519,prcp_corrected/coverage,14975,1,0.00139914,1.26037e-05,1.00001,0.455576,1,0.455574,1,0
4520,prcp/area,14975,0.682538,58.6452,0.433821,1.29212,0.470506,0.980721,0.470287,1,0
4520,prcp/coverage,14975,0.682538,58.6452,0.433821,1.29212,0.470506,0.980721,0.470287,1,0
4520,prcp_corrected/area,14975,1,0.000160089,1.73298e-06,1,0.464763,1,0.464761,1,0
4520,prcp_corrected/coverage,14975,1,0.000160089,1.73298e-06,1,0.464763,1,0.464761,1,0
4521,prcp/area,14975,0.702504,11.3995,0.0920336,0.964298,0.47343,0.997466,0.472866,1,0
4521,prcp/coverage,14975,0.702504,11.399,0.0920316,0.964304,0.47343,0.997466,0.472861,1,0
4521,prcp_corrected/area,14975,1,0.00316738,2.52587e-05,1.00001,0.471379,1,0.471383,1,0
4521,prcp_corrected/coverage,14975,1,0.000228546,1.68102e-06,1,0.47138,1,0.471378,1,0
4522,prcp/area,14975,0.668314,34.3967,0.264494,0.78502,0.431963,0.98666,0.430172,1,0
4522,prcp/coverage,14975,0.668447,34.3984,0.264505,0.785014,0.431957,0.986659,0.430174,1,0
4522,prcp_corrected/area,14975,1,0.00663121,7.93104e-05,1.00001,0.425968,1,0.425958,1,0
4522,prcp_corrected/coverage,14975,1,0.00019386,2.13229e-06,1,0.425962,1,0.42596,1,0
4523,prcp/area,14975,0.553923,13.7758,0.23409,0.949936,0.516313,0.994118,0.519025,1,0
4523,prcp/coverage,14975,0.553923,13.7764,0.2341,0.949928,0.516313,0.994118,0.519026,1,0
4523,prcp_corrected/area,14975,1,0.00163566,2.89115e-05,1.00001,0.514301,1,0.514295,1,0
4523,prcp_corrected/coverage,14975,1,0.000640439,1.07157e-05,1,0.514301,1,0.514295,1,0
4524,prcp/area,14975,0.579766,51.1877,0.588718,0.58619,0.446811,0.982269,0.444864,1,0
4524,prcp/coverage,14975,0.579766,51.1905,0.588758,0.586162,0.446812,0.982268,0.444865,1,0
4524,prcp_corrected/area,14975,1,0.0196275,0.000264533,1.00019,0.442231,1,0.442228,1,0
4524,prcp_corrected/coverage,14975,1,0.000253607,4.04086e-06,1,0.442233,1,0.442229,1,0
4525,prcp/area,14975,0.620434,38.543,0.454264,0.704936,0.462041,0.984448,0.463159,1,0
4525,prcp/coverage,14975,0.620434,38.5458,0.454299,0.704913,0.462041,0.984449,0.463163,1,0
4525,prcp_corrected/area,14975,1,0.00366266,6.00593e-05,0.999978,0.460793,1,0.460787,1,0
4525,prcp_corrected/coverage,14975,1,0.000525087,9.10826e-06,0.999994,0.460793,1,0.460791,1,0
4526,prcp/area,14975,0.603673,59.6061,0.755166,0.575776,0.468666,0.985666,0.470096,1,0
4526,prcp/coverage,14975,0.603673,59.6069,0.75518,0.575768,0.468665,0.985666,0.470097,1,0
4526,prcp_corrected/area,14975,1,0.00248229,2.69665e-05,1,0.468718,1,0.468713,1,0
4526,prcp_corrected/coverage,14975,1,0.000453955,7.41962e-06,0.999996,0.468717,1,0.468714,1,0
4527,prcp/area,14975,0.467446,34.2174,0.604018,0.847435,0.498142,0.994908,0.497611,1,0
4527,prcp/coverage,14975,0.467446,34.2144,0.603784,0.847514,0.498167,0.994908,0.497591,1,0
4527,prcp_corrected/area,14975,0.99793,0.0215826,0.000760537,0.999847,0.496583,1,0.496622,1,0
4527,prcp_corrected/coverage,14975,1,0.000263234,7.51717e-06,0.999999,0.496606,1,0.496602,1,0
4528,prcp/area,14975,0.507713,27.0737,0.413265,0.912339,0.501312,0.99426,0.497501,1,0
4528,prcp/coverage,14975,0.508114,27.0833,0.413332,0.912326,0.501339,0.994259,0.497487,1,0
4528,prcp_corrected/area,14975,1,0.0377769,0.00072238,1.00012,0.497046,1,0.497081,1,0
4528,prcp_corrected/coverage,14975,1,0.000381392,7.25395e-06,1,0.497072,1,0.497067,1,0
4529,prcp/area,14975,0.542104,77.3952,1.09575,0.687595,0.507559,0.988304,0.503594,1,0
4529,prcp/coverage,14975,0.542104,77.3961,1.09575,0.687599,0.507551,0.988305,0.503599,1,0
4529,prcp_corrected/area,14975,1,0.0103666,0.000241639,0.999935,0.503895,1,0.503878,1,0
4529,prcp_corrected/coverage,14975,1,0.000646187,1.53353e-05,0.999996,0.503887,1,0.503883,1,0
4530,prcp/area,14975,0.492354,28.8823,0.600184,0.841423,0.543775,0.996986,0.542623,1,0
4530,prcp/coverage,14975,0.492154,28.8775,0.600095,0.84145,0.543775,0.996986,0.542624,1,0
4530,prcp_corrected/area,14975,1,0.00738498,0.000142407,0.999964,0.542932,1,0.542927,1,0
4530,prcp_corrected/coverage,14975,1,0.000428545,5.82078e-06,1,0.542932,1,0.542927,1,0
4531,prcp/area,14975,0.435459,71.4836,1.3454,0.688177,0.5189,0.991063,0.518357,1,0
4531,prcp/coverage,14975,0.435326,71.482,1.34533,0.68819,0.518905,0.991064,0.518348,1,0
4531,prcp_corrected/area,14975,0.993389,0.0294281,0.000763456,0.99991,0.518655,1,0.518665,1,0
4531,prcp_corrected/coverage,14975,1,0.000366612,7.22615e-06,1,0.518659,1,0.518654,1,0
4532,prcp/area,14975,0.500968,58.9551,1.14215,0.772523,0.530123,0.99464,0.528419,1,0
4532,prcp/coverage,14975,0.500968,58.9547,1.14209,0.772537,0.530121,0.99464,0.52842,1,0
4532,prcp_corrected/area,14975,1,0.00517211,0.000116938,0.999983,0.530401,1,0.530394,1,0
4532,prcp_corrected/coverage,14975,1,0.000385605,8.54425e-06,0.999999,0.530399,1,0.530395,1,0
4533,prcp/area,14975,0.481336,48.6656,0.963174,0.812768,0.522153,0.995983,0.520741,1,0
4533,prcp/coverage,14975,0.481269,48.6684,0.963239,0.812754,0.522156,0.995983,0.520737,1,0
4533,prcp_corrected/area,14975,1,0.00706439,0.000178139,1.00001,0.523944,1,0.523948,1,0
4533,prcp_corrected/coverage,14975,1,0.000211575,7.22766e-06,0.999999,0.523948,1,0.523943,1,0
4534,prcp/area,14975,0.420434,60.2239,1.30382,0.749441,0.528921,0.995216,0.527137,1,0
4534,prcp/coverage,14975,0.420634,60.2195,1.30375,0.749454,0.528925,0.995217,0.527135,1,0
4534,prcp_corrected/area,14975,1,0.0154688,0.000417844,0.999979,0.529085,1,0.529087,1,0
4534,prcp_corrected/coverage,14975,1,0.000302267,7.92112e-06,0.999999,0.52909,1,0.529085,1,0
4535,prcp/area,14975,0.473723,48.9003,1.0596,0.758759,0.514941,0.993754,0.512489,1,0
4535,prcp/coverage,14975,0.473523,48.9013,1.05956,0.758767,0.514943,0.993754,0.512487,1,0
4535,prcp_corrected/area,14975,1,0.00822891,0.000129558,1.00001,0.513527,1,0.513527,1,0
4535,prcp_corrected/coverage,14975,1,0.000360489,6.09036e-06,1,0.51353,1,0.513525,1,0
4536,prcp/area,14975,0.292287,40.7746,1.15895,0.756868,0.511108,0.99712,0.510611,1,0
4536,prcp/coverage,14975,0.292287,40.773,1.15891,0.756875,0.511107,0.99712,0.510611,1,0
4536,prcp_corrected/area,14975,1,0.00276938,6.68788e-05,0.99999,0.512618,1,0.512612,1,0
4536,prcp_corrected/coverage,14975,1,0.000362059,8.7793e-06,1,0.512618,1,0.512611,1,0
4537,prcp/area,14975,0.317529,42.2438,0.81986,0.780932,0.508864,0.994232,0.506799,1,0
4537,prcp/coverage,14975,0.317462,42.2462,0.819736,0.780965,0.50887,0.994232,0.506794,1,0
4537,prcp_corrected/area,14975,0.998464,0.0286351,0.000737867,0.999931,0.50658,1,0.506586,1,0
4537,prcp_corrected/coverage,14975,1,0.000177647,6.53865e-06,1,0.506588,1,0.506583,1,0
4538,prcp/area,14975,0.442337,44.4206,0.898792,0.741163,0.534842,0.989874,0.532448,1,0
4538,prcp/coverage,14975,0.442337,44.4247,0.898974,0.741111,0.53485,0.989874,0.532451,1,0
4538,prcp_corrected/area,14975,1,0.0119065,0.000277455,0.999953,0.531585,1,0.531585,1,0
4538,prcp_corrected/coverage,14975,1,0.000589745,1.20634e-05,1,0.531593,1,0.531588,1,0
4539,prcp/area,14975,0.332354,49.948,1.16512,0.815424,0.533352,0.998053,0.532215,1,0
4539,prcp/coverage,14975,0.33222,49.9486,1.16495,0.81545,0.533348,0.998054,0.532236,1,0
4539,prcp_corrected/area,14975,0.997796,0.0545997,0.000877449,0.999942,0.534524,1,0.534492,1,0
4539,prcp_corrected/coverage,14975,1,0.000462358,1.07115e-05,0.999999,0.534519,1,0.534513,1,0
4540,prcp/area,14975,0.187446,37.1999,1.90387,0.756959,0.602432,0.999533,0.602235,1,0
4540,prcp/coverage,14975,0.187379,37.1979,1.90389,0.756957,0.602432,0.999533,0.602234,1,0
4540,prcp_corrected/area,14975,1,0.00508859,0.000158276,0.999999,0.602039,1,0.602035,1,0
4540,prcp_corrected/coverage,14975,1,0.00042133,1.39571e-05,1,0.602039,1,0.602034,1,0
4541,prcp/area,14975,0.155459,33.6542,1.49341,0.784743,0.607715,0.999444,0.607639,1,0
4541,prcp/coverage,14975,0.155459,33.6598,1.49357,0.784719,0.607712,0.999444,0.607642,1,0
4541,prcp_corrected/area,14975,1,0.010867,0.000379507,1.00005,0.607841,1,0.607831,1,0
4541,prcp_corrected/coverage,14975,1,0.000318968,9.70088e-06,1,0.607838,1,0.607833,1,0
4542,prcp/area,14975,0.162671,44.2406,1.69984,0.731655,0.598815,0.998902,0.599433,1,0
4542,prcp/coverage,14975,0.162604,44.2399,1.70001,0.731628,0.598803,0.998902,0.599437,1,0
4542,prcp_corrected/area,14975,1,0.0137007,0.000573413,1.00008,0.60035,1,0.600331,1,0
4542,prcp_corrected/coverage,14975,1,0.000264073,1.00476e-05,1,0.600338,1,0.600334,1,0
4543,prcp/area,14975,0.175092,42.9638,1.69247,0.681184,0.5468,0.998123,0.546461,1,0
4543,prcp/coverage,14975,0.175092,42.9634,1.69252,0.681176,0.5468,0.998123,0.546461,1,0
4543,prcp_corrected/area,14975,1,0.00750006,0.00035796,1.00007,0.549209,1,0.549201,1,0
4543,prcp_corrected/coverage,14975,1,0.000604288,2.54044e-05,1,0.549209,1,0.549201,1,0
4544,prcp/area,14975,0.163873,52.4133,2.80616,0.709161,0.58331,0.99889,0.584278,1,0
4544,prcp/coverage,14975,0.163873,52.4159,2.80632,0.709144,0.583312,0.99889,0.584277,1,0
4544,prcp_corrected/area,14975,1,0.00722236,0.00032807,1.00003,0.585865,1,0.585858,1,0
4544,prcp_corrected/coverage,14975,1,0.000390009,1.52093e-05,1,0.585867,1,0.585857,1,0
4545,prcp/area,14975,0.149048,25.1178,1.11331,0.796947,0.591314,0.998376,0.581125,1,0
4545,prcp/coverage,14975,0.149249,25.1232,1.11365,0.796884,0.591335,0.998374,0.581093,1,0
4545,prcp_corrected/area,14975,1,0.0288497,0.00107925,1.00019,0.58978,1,0.589818,1,0
4545,prcp_corrected/coverage,14975,1,0.00101258,3.8388e-05,1.00001,0.589799,1,0.58979,1,0
4546,prcp/area,14975,0.161135,23.5843,1.14766,0.799995,0.533,0.999716,0.533007,1,0
4546,prcp/coverage,14975,0.161135,23.5894,1.14789,0.799956,0.533003,0.999716,0.53299,1,0
4546,prcp_corrected/area,14975,1,0.0154326,0.000558306,1.00009,0.533363,1,0.533373,1,0
4546,prcp_corrected/coverage,14975,1,0.000764482,2.78114e-05,1,0.533366,1,0.533356,1,0
4547,prcp/area,14975,0.221503,10.8165,0.420387,0.944157,0.602442,0.998684,0.601838,1,0
4547,prcp/coverage,14975,0.221503,10.8165,0.420387,0.944157,0.602442,0.998684,0.601838,1,0
4547,prcp_corrected/area,14975,1,0.00031869,1.13529e-05,1,0.605435,1,0.605428,1,0
4547,prcp_corrected/coverage,14975,1,0.00031869,1.13529e-05,1,0.605435,1,0.605428,1,0
4548,prcp/area,14975,0.237663,36.18,1.04586,0.795191,0.528267,0.993847,0.528575,1,0
4548,prcp/coverage,14975,0.23793,36.181,1.046,0.79516,0.528262,0.993846,0.528564,1,0
4548,prcp_corrected/area,14975,1,0.00744388,0.000251239,1.00001,0.536496,1,0.536501,1,0
4548,prcp_corrected/coverage,14975,1,0.000285649,8.17191e-06,1,0.536492,1,0.536491,1,0
4549,prcp/area,14975,0.224174,35.1966,1.24474,0.777495,0.474014,0.997026,0.473614,1,0
4549,prcp/coverage,14975,0.224174,35.2005,1.24484,0.777478,0.474011,0.997026,0.473611,1,0
4549,prcp_corrected/area,14975,1,0.00641272,0.000189688,1.00002,0.477894,1,0.477899,1,0
4549,prcp_corrected/coverage,14975,1,0.000434607,1.52039e-05,1,0.477892,1,0.477896,1,0
4550,prcp/area,14975,0.292755,48.3041,2.16593,0.646929,0.580515,0.998892,0.580484,1,0
4550,prcp/coverage,14975,0.292755,48.3041,2.16593,0.646929,0.580515,0.998892,0.580484,1,0
4550,prcp_corrected/area,14975,1,0.00035496,1.28045e-05,1,0.580253,1,0.58025,1,0
4550,prcp_corrected/coverage,14975,1,0.00035496,1.28045e-05,1,0.580253,1,0.58025,1,0
4551,prcp/area,14975,0.333356,48.5547,1.3617,0.643427,0.521761,0.998573,0.521926,1,0
4551,prcp/coverage,14975,0.333356,48.5546,1.36165,0.643438,0.52176,0.998573,0.521926,1,0
4551,prcp_corrected/area,14975,1,0.00659149,0.000195254,1.00003,0.52525,1,0.525242,1,0
4551,prcp_corrected/coverage,14975,1,0.000303079,9.96746e-06,1,0.525249,1,0.525243,1,0
4552,prcp/area,14975,0.385576,28.523,0.626497,0.768015,0.501178,0.997467,0.500414,1,0
4552,prcp/coverage,14975,0.385576,28.523,0.626497,0.768015,0.501178,0.997467,0.500414,1,0
4552,prcp_corrected/area,14975,1,0.000427155,1.19083e-05,0.999996,0.505696,1,0.50569,1,0
4552,prcp_corrected/coverage,14975,1,0.000427155,1.19083e-05,0.999996,0.505696,1,0.50569,1,0
