UCIN,source,national_id,status,first_date,last_date,n_days_valid,frac_missing_1979_2019,n_years_ge_300_valid_days,note,area_km2,national_area_km2,mean_q_mmd
70117,hubeau,,unmapped,,,,,,no national station within 5 km with area within 2%,4425.4758765051,,
70118,hubeau,U2035020,ok,1967-08-25,2019-12-31,17600,0.101,35,Hub'Eau series: site | flags: Bonne/Expertisée/Donnée validée=16605; Douteuse/Expertisée/Donnée validée=922; Bonne/Expertisée/Donnée pré-validée=57; Bonne/Reconstituée/Donnée validée=16,165.030500140971,190.0,1.6897
70119,hubeau,,unmapped,,,,,,no national station within 5 km with area within 2%,528.242361390667,,
70120,hubeau,U2315220,ok,1971-09-10,1980-05-19,3175,0.9663,1,Hub'Eau series: U231522002 | flags: Bonne/Expertisée/Donnée validée=2977; Douteuse/Expertisée/Donnée validée=198,48.480764741872,44.0,1.3904
70121,hubeau,,unmapped,,,,,,no national station within 5 km with area within 2%,309.579352835423,,
70122,hubeau,,unmapped,,,,,,no national station within 5 km with area within 2%,1001.62211749927,,
70123,hubeau,,unmapped,,,,,,no national station within 5 km with area within 2%,1561.24190691086,,
70124,hubeau,,unmapped,,,,,,no national station within 5 km with area within 2%,10.3702552803567,,
70125,hubeau,,unmapped,,,,,,no national station within 5 km with area within 2%,164.190078355378,,
70126,hubeau,U3446412,ok,1973-01-01,1982-12-31,3615,0.9024,4,Hub'Eau series: U344641201 | flags: Bonne/Expertisée/Donnée validée=3213; Douteuse/Expertisée/Donnée validée=402,51.4610177725339,55.0,1.3052
70127,hubeau,,unmapped,,,,,,no national station within 5 km with area within 2%,1.04276585404053,,
70128,hubeau,,unmapped,,,,,,no national station within 5 km with area within 2%,436.032844934277,,
70129,hubeau,U3415020,ok,1968-01-13,2019-12-31,18604,0.0252,39,Hub'Eau series: site | flags: Bonne/Expertisée/Donnée validée=14531; Bonne/Expertisée/Donnée pré-validée=3059; Douteuse/Expertisée/Donnée validée=781; Douteuse/Expertisée/Donnée pré-validée=225; Bonne/Reconstituée/Donnée validée=8,37.6597158522653,37.0,1.4599
70130,hubeau,,unmapped,,,,,,no national station within 5 km with area within 2%,889.973847567765,,
70131,hubeau,,unmapped,,,,,,no national station within 5 km with area within 2%,0.0961142826648894,,
70132,hubeau,U2722010,ok,1966-08-24,2019-12-31,19390,0.0065,40,Hub'Eau series: site | flags: Bonne/Expertisée/Donnée validée=16953; Bonne/Expertisée/Donnée pré-validée=1766; Douteuse/Expertisée/Donnée validée=640; Douteuse/Expertisée/Donnée pré-validée=31,7009.75458487087,7395.0,2.1184
70133,hubeau,U2745010,ok,1969-01-01,1987-12-30,6786,0.788,9,Hub'Eau series: U274501001 | flags: Bonne/Expertisée/Donnée pré-validée=5619; Bonne/Expertisée/Donnée validée=1056; Douteuse/Expertisée/Donnée pré-validée=101; Douteuse/Expertisée/Donnée validée=10,157.663330253056,160.0,0.6926
70134,hubeau,U2222010,ok,1975-09-20,2019-12-31,16106,0.0045,41,Hub'Eau series: site | flags: Bonne/Expertisée/Donnée validée=14044; Bonne/Expertisée/Donnée pré-validée=1052; Douteuse/Expertisée/Donnée validée=964; Douteuse/Expertisée/Donnée pré-validée=46,2033.02134648683,2234.0,2.2599
70135,hubeau,U2315220,ok,1971-09-10,1980-05-19,3175,0.9663,1,Hub'Eau series: U231522002 | flags: Bonne/Expertisée/Donnée validée=2977; Douteuse/Expertisée/Donnée validée=198,46.8714730924152,44.0,1.4381
70136,hubeau,U4216010,ok,1968-01-01,2019-12-31,18070,0.0079,41,Hub'Eau series: site | flags: Bonne/Expertisée/Donnée validée=17885; Douteuse/Expertisée/Donnée validée=119; Douteuse/Calculée/Donnée validée=41; Bonne/Reconstituée/Donnée validée=21; Bonne/Calculée/Donnée validée=4,83.3541482612127,81.0,0.9539
70137,hubeau,,unmapped,,,,,,no national station within 5 km with area within 2%,16.9152373232396,,
70138,hubeau,U2345020,ok,1974-07-12,2019-12-31,16577,0.0021,41,Hub'Eau series: site | flags: Bonne/Expertisée/Donnée validée=16489; Douteuse/Expertisée/Donnée validée=88,30.355663323124,30.5,4.2495
70139,hubeau,U2315230,ok,1975-04-04,1990-01-22,5364,0.7302,11,Hub'Eau series: U231523001 | flags: Bonne/Expertisée/Donnée validée=5101; Douteuse/Expertisée/Donnée validée=238; Bonne/Expertisée/Donnée pré-validée=19; Douteuse/Expertisée/Donnée pré-validée=6,8.10771890261842,7.6,1.735
70140,hubeau,U2305210,ok,1974-07-27,2019-12-31,16290,0.02,39,Hub'Eau series: site | flags: Bonne/Expertisée/Donnée validée=14659; Douteuse/Expertisée/Donnée validée=1611; Douteuse/Expertisée/Donnée pré-validée=18; Douteuse/Calculée/Donnée validée=2,8.57714549609309,9.0,3.1265
70141,hubeau,,unmapped,,,,,,no national station within 5 km with area within 2%,164.143253378943,,
70142,hubeau,,unmapped,,,,,,no national station within 5 km with area within 2%,4915.8060549513,,
70143,hubeau,,unmapped,,,,,,no national station within 5 km with area within 2%,174.461373699204,,
70144,hubeau,V2924010,ok,1970-01-01,2019-12-31,18209,0.0,41,Hub'Eau series: site | flags: Bonne/Expertisée/Donnée validée=18158; Douteuse/Reconstituée/Donnée validée=49; Bonne/Reconstituée/Donnée validée=1; Douteuse/Calculée/Donnée validée=1,235.975240237157,232.0,2.2532
70145,hubeau,U4614010,ok,1975-01-01,1984-12-30,3652,0.8537,6,Hub'Eau series: U461401001 | flags: Bonne/Expertisée/Donnée validée=3583; Douteuse/Expertisée/Donnée validée=69,161.513610556095,161.0,1.5672
70146,hubeau,U4515420,ok,1981-01-01,1997-10-15,6056,0.5956,15,Hub'Eau series: U451542001 | flags: Bonne/Expertisée/Donnée validée=5579; Douteuse/Expertisée/Donnée validée=477,51.0642994655812,49.3,0.9112
70147,hubeau,U4405020,ok,1982-02-18,2019-12-31,13557,0.0947,36,Hub'Eau series: site | flags: Bonne/Expertisée/Donnée validée=13301; Douteuse/Expertisée/Donnée validée=113; Bonne/Reconstituée/Donnée validée=95; Douteuse/Calculée/Donnée validée=40; Bonne/Calculée/Donnée validée=8,186.753209295378,175.0,0.4491
70148,hubeau,U4405010,ok,1972-01-01,2019-12-31,16458,0.0689,37,Hub'Eau series: site | flags: Bonne/Expertisée/Donnée validée=16328; Douteuse/Calculée/Donnée validée=57; Bonne/Reconstituée/Donnée validée=49; Douteuse/Expertisée/Donnée validée=19; Bonne/Calculée/Donnée validée=5,69.8166714937739,87.0,0.5548
70149,hubeau,U1115210,ok,1976-09-20,2019-12-31,15807,0.0001,41,Hub'Eau series: site | flags: Bonne/Expertisée/Donnée validée=14268; Bonne/Expertisée/Donnée pré-validée=1442; Douteuse/Expertisée/Donnée validée=63; Bonne/Reconstituée/Donnée pré-validée=11; Bonne/Reconstituée/Donnée validée=10; Bonne/Calculée/Donnée pré-validée=7,12.2900659060473,11.5,0.6631
70150,hubeau,U4014020,ok,1983-01-01,2019-12-31,13493,0.099,37,Hub'Eau series: site | flags: Bonne/Expertisée/Donnée validée=13388; Bonne/Reconstituée/Donnée validée=73; Douteuse/Calculée/Donnée validée=30; Douteuse/Expertisée/Donnée validée=1; Bonne/Calculée/Donnée validée=1,131.234810527921,130.0,0.8463
70151,hubeau,U3445020,ok,1983-09-01,2019-12-31,13251,0.1151,36,Hub'Eau series: site | flags: Bonne/Expertisée/Donnée validée=11938; Bonne/Expertisée/Donnée pré-validée=988; Douteuse/Expertisée/Donnée validée=163; Douteuse/Expertisée/Donnée pré-validée=108; Douteuse/Reconstituée/Donnée validée=41; Bonne/Reconstituée/Donnée validée=8,58.0564611456968,61.0,1.345
70152,hubeau,,unmapped,,,,,,no national station within 5 km with area within 2%,37.0817246007901,,
70153,hubeau,,unmapped,,,,,,no national station within 5 km with area within 2%,44.547380170518,,
70154,hubeau,U2565010,ok,1974-03-13,1983-02-22,3267,0.899,4,Hub'Eau series: U256501001 | flags: Bonne/Expertisée/Donnée validée=2757; Douteuse/Expertisée/Donnée validée=510,120.564936422463,137.0,1.4776
70155,hubeau,U2426010,ok,1973-11-01,1991-11-19,6331,0.6918,12,Hub'Eau series: U242601001 | flags: Bonne/Expertisée/Donnée validée=5991; Douteuse/Expertisée/Donnée validée=340 | AREA MISMATCH polygon/national=0.0313,1.25030492663298,40.0,76.9463
70156,hubeau,,unmapped,,,,,,no national station within 5 km with area within 2%,64.9732652926209,,
70157,hubeau,,unmapped,,,,,,no national station within 5 km with area within 2%,126.925218152693,,
70158,hubeau,V1114010,ok,1968-01-01,2019-12-31,12167,0.3826,25,Hub'Eau series: site | flags: Bonne/Expertisée/Donnée validée=9812; Douteuse/Expertisée/Donnée validée=2355,176.649963654154,182.0,1.6128
70159,hubeau,V0355010,ok,1974-01-01,2019-12-31,16684,0.0016,41,Hub'Eau series: site | flags: Bonne/Expertisée/Donnée validée=16293; Douteuse/Expertisée/Donnée validée=366; Bonne/Reconstituée/Donnée validée=20; Bonne/Calculée/Donnée validée=5,54.667429871588,66.0,1.4119
70160,hubeau,V2924020,ok,1961-01-01,1994-02-14,12025,0.6323,15,Hub'Eau series: site | flags: Bonne/Expertisée/Donnée validée=11900; Douteuse/Expertisée/Donnée validée=125 | AREA MISMATCH polygon/national=1.26,170.244386783042,135.0,2.2561
70161,hubeau,,unmapped,,,,,,no national station within 5 km with area within 2%,318.963801995713,,
70162,hubeau,,unmapped,,,,,,no national station within 5 km with area within 2%,459.58966567513,,
70163,hubeau,V6155420,ok,1969-01-22,1988-12-31,6328,0.7715,9,Hub'Eau series: V615542001 | flags: Bonne/Expertisée/Donnée validée=5719; Douteuse/Expertisée/Donnée validée=609,264.048586042903,260.0,0.4629
70164,hubeau,,unmapped,,,,,,no national station within 5 km with area within 2%,0.316247423970276,,
70165,hubeau,V6052010,ok,1995-04-01,2019-12-31,8109,0.4585,19,Hub'Eau series: site | flags: Douteuse/Expertisée/Donnée validée=6470; Bonne/Expertisée/Donnée validée=1185; Douteuse/Reconstituée/Donnée pré-validée=454,592.847952257465,585.0,1.3872
70166,hubeau,V6035010,ok,1969-01-01,2019-12-31,18502,0.0058,41,Hub'Eau series: site | flags: Bonne/Expertisée/Donnée validée=17480; Douteuse/Expertisée/Donnée validée=972; Bonne/Reconstituée/Donnée validée=48; Bonne/Calculée/Donnée validée=2,167.931901262899,150.0,0.6741
70167,hubeau,,unmapped,,,,,,no national station within 5 km with area within 2%,476.66483747545,,
70168,hubeau,W3534020,ok,1969-01-01,2019-12-31,15265,0.145,33,Hub'Eau series: site | flags: Bonne/Expertisée/Donnée validée=14438; Douteuse/Expertisée/Donnée validée=729; Bonne/Reconstituée/Donnée validée=69; Bonne/Calculée/Donnée validée=28; Douteuse/Calculée/Donnée validée=1,183.12036547209,187.0,0.6758
70169,hubeau,W3340003,ok,1958-01-01,1981-04-30,8521,0.9432,2,Hub'Eau series: site | flags: Bonne/Expertisée/Donnée validée=4208; Non qualifiée/Expertisée/Donnée validée=4138; Douteuse/Expertisée/Donnée validée=175,18.2842110898337,21.0,5.418
70170,hubeau,,unmapped,,,,,,no national station within 5 km with area within 2%,8.69053654686764,,
70171,hubeau,W3005010,ok,1969-06-13,1987-12-31,6776,0.7805,9,Hub'Eau series: W300501001 | flags: Bonne/Expertisée/Donnée validée=5623; Douteuse/Expertisée/Donnée validée=1153,33.3926451086368,33.0,2.4881
70172,hubeau,V5214010,ok,1969-04-03,1986-04-06,3524,0.9536,1,Hub'Eau series: V521401001 | flags: Bonne/Expertisée/Donnée validée=3258; Douteuse/Expertisée/Donnée validée=266,171.074272500656,156.0,0.7455
70173,hubeau,,unmapped,,,,,,no national station within 5 km with area within 2%,204.500417933702,,
70174,hubeau,V4264010,ok,1966-01-01,2019-12-31,19008,0.0477,38,Hub'Eau series: site | flags: Bonne/Expertisée/Donnée validée=18414; Douteuse/Expertisée/Donnée validée=593; Douteuse/Calculée/Donnée validée=1,1129.7825869882,1150.0,1.3109
70175,hubeau,V4214010,ok,1950-01-01,2019-12-31,25355,0.0142,40,Hub'Eau series: site | flags: Bonne/Expertisée/Donnée validée=24282; Douteuse/Expertisée/Donnée validée=684; Douteuse/Calculée/Donnée validée=297; Bonne/Reconstituée/Donnée validée=76; Bonne/Calculée/Donnée validée=16,192.861359299953,194.0,1.0938
70176,hubeau,,unmapped,,,,,,no national station within 5 km with area within 2%,137.617363194821,,
70177,hubeau,,unmapped,,,,,,no national station within 5 km with area within 2%,63.2134231054894,,
70178,hubeau,V3224010,ok,1964-03-20,1988-12-30,8233,0.762,9,Hub'Eau series: V322401001 | flags: Bonne/Expertisée/Donnée validée=7836; Douteuse/Expertisée/Donnée validée=397,283.905831129119,301.0,0.9595
70179,hubeau,V3005610,ok,1981-01-01,2019-12-31,14188,0.0526,39,Hub'Eau series: site | flags: Bonne/Expertisée/Donnée validée=14170; Douteuse/Expertisée/Donnée validée=18,74.9963912395035,78.0,0.6041
70180,hubeau,V2814040,ok,1970-01-02,2019-12-31,14449,0.2462,30,Hub'Eau series: site | flags: Bonne/Expertisée/Donnée validée=13363; Douteuse/Expertisée/Donnée validée=816; Douteuse/Calculée/Donnée validée=212; Bonne/Expertisée/Donnée pré-validée=52; Douteuse/Expertisée/Donnée pré-validée=6,200.160529179079,193.0,1.6698
70181,hubeau,V2814030,ok,1969-01-01,2019-12-31,18169,0.013,40,Hub'Eau series: site | flags: Bonne/Expertisée/Donnée validée=17226; Douteuse/Expertisée/Donnée validée=895; Bonne/Expertisée/Donnée pré-validée=33; Bonne/Reconstituée/Donnée validée=10; Bonne/Calculée/Donnée validée=5,343.10074173104,349.0,1.6001
70182,hubeau,,unmapped,,,,,,no national station within 5 km with area within 2%,88.0532039317274,,
70183,hubeau,V1755010,ok,1967-04-01,1977-12-25,3921,1.0,0,Hub'Eau series: V175501001 | flags: Bonne/Expertisée/Donnée validée=3354; Douteuse/Expertisée/Donnée validée=567,153.984189746993,167.0,1.1016
70184,hubeau,,unmapped,,,,,,no national station within 5 km with area within 2%,45.4245007707996,,
70185,hubeau,,unmapped,,,,,,no national station within 5 km with area within 2%,151.956228929874,,
70186,hubeau,,unmapped,,,,,,no national station within 5 km with area within 2%,27.1219463778628,,
70187,hubeau,,unmapped,,,,,,no national station within 5 km with area within 2%,121.191408407801,,
70188,hubeau,V0245610,ok,1978-01-01,2019-12-31,15115,0.0149,41,Hub'Eau series: site | flags: Bonne/Expertisée/Donnée validée=14811; Douteuse/Expertisée/Donnée validée=286; Bonne/Reconstituée/Donnée validée=10; Bonne/Calculée/Donnée validée=8,48.9781199825975,40.1,1.1565
70189,hubeau,V2942010,ok,1959-01-01,2019-12-31,22280,0.0,41,Hub'Eau series: site | flags: Bonne/Expertisée/Donnée validée=21998; Douteuse/Expertisée/Donnée validée=282,3507.95787345756,3630.0,2.9485
70190,hubeau,V2934010,ok,1958-01-06,2019-12-31,22535,0.0,41,Hub'Eau series: site | flags: Bonne/Expertisée/Donnée validée=20061; Bonne/Reconstituée/Donnée validée=2412; Douteuse/Expertisée/Donnée validée=59; Douteuse/Reconstituée/Donnée validée=3 | negative flow on 8 days,318.704215835882,288.0,1.7569
70191,hubeau,V2444020,ok,1971-05-15,2019-12-31,17763,0.0,41,Hub'Eau series: site | flags: Bonne/Expertisée/Donnée validée=17680; Douteuse/Expertisée/Donnée validée=83,572.851410282402,650.0,4.4272
70192,hubeau,V5064010,ok,1950-01-01,2019-12-31,15978,0.0556,38,Hub'Eau series: site | flags: Bonne/Expertisée/Donnée validée=13024; Douteuse/Expertisée/Donnée pré-validée=1865; Bonne/Expertisée/Donnée pré-validée=691; Douteuse/Expertisée/Donnée validée=238; Bonne/Reconstituée/Donnée validée=139; Bonne/Calculée/Donnée validée=7,2276.73247424928,2258.0,3.575
70193,hubeau,,unmapped,,,,,,no national station within 5 km with area within 2%,298.812620157605,,
70194,hubeau,V4145211,ok,1953-01-01,2019-12-25,21630,0.1693,33,Hub'Eau series: site | flags: Bonne/Expertisée/Donnée validée=20205; Douteuse/Expertisée/Donnée validée=817; Bonne/Expertisée/Donnée pré-validée=531; Bonne/Reconstituée/Donnée validée=67; Bonne/Calculée/Donnée validée=9; Douteuse/Calculée/Donnée validée=1,453.355422404421,390.0,1.6512
70195,hubeau,V3124010,ok,1964-04-22,2019-12-31,17556,0.1827,33,Hub'Eau series: site | flags: Bonne/Expertisée/Donnée validée=17405; Douteuse/Expertisée/Donnée validée=124; Bonne/Reconstituée/Donnée validée=11; Douteuse/Calculée/Donnée validée=8; Bonne/Calculée/Donnée validée=8,415.154332973937,406.0,0.6483
70196,hubeau,V3035010,ok,1970-01-01,1985-01-06,5485,0.8532,6,Hub'Eau series: V303501001 | flags: Bonne/Expertisée/Donnée validée=5209; Douteuse/Expertisée/Donnée validée=276,81.9299074411238,79.0,0.6434
70197,hubeau,V3015010,ok,1969-10-28,2019-12-31,18308,0.0013,41,Hub'Eau series: site | flags: Bonne/Expertisée/Donnée validée=18016; Douteuse/Expertisée/Donnée validée=202; Bonne/Reconstituée/Donnée validée=45; Douteuse/Calculée/Donnée validée=36; Bonne/Calculée/Donnée validée=9,48.2657725786003,48.0,0.5727
70198,hubeau,Y1314010,ok,1970-12-30,2019-12-31,17364,0.0353,39,Hub'Eau series: site | flags: Bonne/Expertisée/Donnée validée=13345; Douteuse/Expertisée/Donnée validée=4019,210.820596861106,216.0,0.4459
70199,hubeau,,unmapped,,,,,,no national station within 5 km with area within 2%,8.36006459975384,,
70200,hubeau,,unmapped,,,,,,no national station within 5 km with area within 2%,19.4627758302888,,
70201,hubeau,V7105210,ok,1980-10-02,2011-03-19,10768,0.2809,28,Hub'Eau series: site | flags: Bonne/Expertisée/Donnée validée=10276; Bonne/Expertisée/Donnée pré-validée=290; Douteuse/Expertisée/Donnée validée=119; Bonne/Reconstituée/Donnée pré-validée=73; Douteuse/Reconstituée/Donnée pré-validée=6; Douteuse/Expertisée/Donnée pré-validée=2,31.1737005143665,30.5,1.9247
70202,hubeau,V7104010,ok,1980-10-03,2016-01-23,11521,0.2307,28,Hub'Eau series: V710401001 | flags: Bonne/Expertisée/Donnée validée=8134; Bonne/Expertisée/Donnée pré-validée=2466; Douteuse/Expertisée/Donnée validée=674; Douteuse/Expertisée/Donnée pré-validée=177; Douteuse/Calculée/Donnée pré-validée=39; Bonne/Reconstituée/Donnée pré-validée=17,32.2979655452466,30.5,1.5618
70203,hubeau,V6155620,ok,1967-12-01,1987-04-12,6960,0.7991,8,Hub'Eau series: V615562001 | flags: Bonne/Expertisée/Donnée validée=6931; Douteuse/Expertisée/Donnée validée=29 | AREA MISMATCH polygon/national=0.641,60.9313344905495,95.0,0.4994
70204,hubeau,V6155610,ok,1967-03-31,1988-12-31,7804,0.7644,9,Hub'Eau series: V615561001 | flags: Bonne/Expertisée/Donnée validée=7432; Douteuse/Expertisée/Donnée validée=372,33.7361143171899,37.0,0.3858
70205,hubeau,,unmapped,,,,,,no national station within 5 km with area within 2%,47.7065634621728,,
70206,hubeau,,unmapped,,,,,,match to V6110004 rejected: GSIM river 'MEDE' vs 'Le vallon des Paillasses à Saint-Pierre-de-Vassols',82.7460813701307,,
70207,hubeau,V6105610,ok,1968-02-20,1988-12-19,6879,0.7569,10,Hub'Eau series: V610561001 | flags: Bonne/Expertisée/Donnée validée=6808; Douteuse/Expertisée/Donnée validée=71,26.1432095637969,23.0,0.1585
70208,hubeau,,unmapped,,,,,,no national station within 5 km with area within 2%,27.8403743079392,,
70209,hubeau,V5404038,ok,1978-01-01,1985-09-08,604,0.9839,0,Hub'Eau series: V540403801 | flags: Bonne/Expertisée/Donnée validée=460; Douteuse/Expertisée/Donnée validée=144,74.7927241203015,69.0,3.9045
70210,hubeau,V5404025,ok,1992-01-16,2019-12-31,9319,0.3777,23,Hub'Eau series: site | flags: Douteuse/Expertisée/Donnée pré-validée=5531; Bonne/Expertisée/Donnée validée=3544; Douteuse/Expertisée/Donnée corrigée=244,112.102317801153,113.0,27.4774
70211,hubeau,,unmapped,,,,,,match to O5224010 rejected: GSIM river 'AYGUES' vs 'L'Alzou à Villefranche-de-Rouergue [Barrage Cabal]',200.501316978801,,
70212,hubeau,V4025010,ok,1981-02-10,2019-12-31,13488,0.0993,34,Hub'Eau series: site | flags: Bonne/Expertisée/Donnée validée=10875; Douteuse/Expertisée/Donnée validée=2573; Bonne/Reconstituée/Donnée validée=26; Bonne/Calculée/Donnée validée=14,6.71683805774369,7.4,1.5156
70213,hubeau,V4015030,ok,1979-06-12,2019-12-31,14765,0.014,40,Hub'Eau series: site | flags: Bonne/Expertisée/Donnée validée=14699; Douteuse/Expertisée/Donnée validée=34; Douteuse/Calculée/Donnée validée=24; Bonne/Calculée/Donnée validée=4; Bonne/Reconstituée/Donnée validée=3; Douteuse/Reconstituée/Donnée validée=1,10.7672000178327,9.6,1.1785
70214,hubeau,V3225420,ok,1969-01-01,2019-12-31,18612,0.001,41,Hub'Eau series: site | flags: Bonne/Expertisée/Donnée validée=18120; Douteuse/Expertisée/Donnée validée=490; Douteuse/Calculée/Donnée validée=2,85.6339779940501,87.5,0.8802
70215,hubeau,,unmapped,,,,,,"2 national stations qualify: U1215020, U1215030",318.574504413659,,
70216,hubeau,,unmapped,,,,,,no national station within 5 km with area within 2%,234.826995757293,,
70217,hubeau,U0724010,ok,1969-10-31,2019-12-31,18320,0.0,41,Hub'Eau series: site | flags: Bonne/Expertisée/Donnée validée=13012; Bonne/Expertisée/Donnée pré-validée=3273; Douteuse/Expertisée/Donnée validée=1649; Douteuse/Expertisée/Donnée pré-validée=385; Bonne/Reconstituée/Donnée validée=1,390.439816457549,390.0,0.9804
70218,hubeau,,unmapped,,,,,,no national station within 5 km with area within 2%,475.144090413087,,
70219,hubeau,U4505010,ok,1969-11-04,2019-12-31,18033,0.0192,40,Hub'Eau series: site | flags: Bonne/Expertisée/Donnée validée=17723; Douteuse/Expertisée/Donnée validée=263; Bonne/Reconstituée/Donnée validée=26; Douteuse/Calculée/Donnée validée=13; Bonne/Calculée/Donnée validée=8,53.7879595635626,54.5,1.3057
70220,hubeau,U3225010,ok,1970-05-05,2019-12-31,18011,0.0043,41,Hub'Eau series: site | flags: Bonne/Expertisée/Donnée validée=15588; Bonne/Expertisée/Donnée pré-validée=1682; Douteuse/Expertisée/Donnée pré-validée=445; Douteuse/Expertisée/Donnée validée=290; Douteuse/Calculée/Donnée validée=6,271.999467287535,272.0,0.6569
70221,hubeau,U3205210,ok,1968-05-12,2000-12-31,11922,0.4634,22,Hub'Eau series: U320521001 | flags: Bonne/Expertisée/Donnée validée=11273; Bonne/Expertisée/Donnée pré-validée=361; Douteuse/Expertisée/Donnée validée=278; Douteuse/Expertisée/Donnée pré-validée=10,32.4594627565375,31.2,1.4513
70222,hubeau,U1420010,ok,1965-01-01,2019-12-31,20087,0.0001,41,Hub'Eau series: site | flags: Bonne/Expertisée/Donnée validée=19765; Douteuse/Expertisée/Donnée validée=316; Douteuse/Calculée/Donnée validée=6,11658.0255735147,11673.0,1.1525
70223,hubeau,U1334010,ok,1967-07-11,2019-12-31,19167,0.0,41,Hub'Eau series: site | flags: Bonne/Expertisée/Donnée validée=18371; Douteuse/Expertisée/Donnée validée=796 | AREA MISMATCH polygon/national=0.532,479.553622350534,902.0,1.6113
70224,hubeau,U1304010,ok,1970-01-01,1981-11-28,4350,0.929,3,Hub'Eau series: U130401001 | flags: Bonne/Expertisée/Donnée validée=4329; Douteuse/Expertisée/Donnée validée=21,49.2126082794228,46.4,0.5734
70225,hubeau,U1235020,ok,1963-01-01,2019-12-31,20819,0.0,41,Hub'Eau series: site | flags: Bonne/Expertisée/Donnée validée=18828; Bonne/Expertisée/Donnée pré-validée=1785; Douteuse/Expertisée/Donnée validée=140; Douteuse/Expertisée/Donnée pré-validée=27; Bonne/Calculée/Donnée validée=12; Bonne/Reconstituée/Donnée pré-validée=8,221.917274069577,266.0,1.0706
70226,hubeau,,unmapped,,,,,,no national station within 5 km with area within 2%,1021.89691450844,,
70227,hubeau,U1074010,ok,1968-11-26,2000-04-09,11456,0.4811,21,Hub'Eau series: U107401001 | flags: Bonne/Expertisée/Donnée validée=10860; Douteuse/Expertisée/Donnée validée=593; Bonne/Reconstituée/Donnée validée=3,1762.37286378129,1707.0,1.4001
70228,hubeau,U0610010,ok,1964-05-20,2019-12-31,20314,0.0,41,Hub'Eau series: site | flags: Bonne/Expertisée/Donnée validée=17095; Douteuse/Expertisée/Donnée validée=2121; Bonne/Expertisée/Donnée pré-validée=1091; Douteuse/Expertisée/Donnée pré-validée=7,3741.70575520257,3740.0,1.355
70229,hubeau,,unmapped,,,,,,no national station within 5 km with area within 2%,1161.40254522517,,
70230,hubeau,,unmapped,,,,,,no national station within 5 km with area within 2%,0.106134159172618,,
70231,hubeau,V7185018,ok,1970-01-01,1982-11-08,4005,0.9508,2,Hub'Eau series: V718501801 | flags: Bonne/Expertisée/Donnée validée=3918; Douteuse/Expertisée/Donnée validée=87,1581.46736315362,1580.0,1.9929
70232,hubeau,V7144010,ok,1950-02-05,2019-12-31,11083,0.4363,16,Hub'Eau series: site | flags: Douteuse/Expertisée/Donnée pré-validée=7972; Bonne/Expertisée/Donnée validée=3073; Douteuse/Expertisée/Donnée validée=36; Douteuse/Reconstituée/Donnée validée=1; Douteuse/Calculée/Donnée pré-validée=1,547.12515461439,543.0,6.1165
70233,hubeau,,unmapped,,,,,,no national station within 5 km with area within 2%,1.50717460313851,,
70234,hubeau,V4174010,ok,1965-01-01,1991-04-28,7245,0.7357,8,Hub'Eau series: V417401001 | flags: Bonne/Expertisée/Donnée validée=6544; Douteuse/Expertisée/Donnée validée=679; Douteuse/Calculée/Donnée validée=22,793.087500745525,764.0,1.7346
70235,hubeau,,unmapped,,,,,,match to V3515610 rejected: GSIM river 'RUISSEAU DES PREAUX' vs 'L'Argental à Bourg-Argental',22.9283179257278,,
70236,hubeau,V3434010,ok,1981-12-24,2019-12-31,13696,0.0854,36,Hub'Eau series: site | flags: Bonne/Expertisée/Donnée validée=13389; Douteuse/Expertisée/Donnée validée=265; Bonne/Reconstituée/Donnée validée=30; Bonne/Calculée/Donnée validée=12,656.720793339368,650.0,0.3319
70237,hubeau,V3404310,ok,1976-05-27,2019-12-31,15448,0.0272,38,Hub'Eau series: site | flags: Bonne/Expertisée/Donnée validée=14695; Douteuse/Expertisée/Donnée validée=688; Bonne/Reconstituée/Donnée validée=61; Douteuse/Calculée/Donnée validée=2; Bonne/Calculée/Donnée validée=2,161.977460732915,180.0,0.3225
70238,hubeau,,unmapped,,,,,,no national station within 5 km with area within 2%,38.1227333270938,,
70239,hubeau,,unmapped,,,,,,no national station within 5 km with area within 2%,0.100011820356904,,
70240,hubeau,V3115010,ok,1969-01-01,1995-12-30,9530,0.5936,16,Hub'Eau series: V311501001 | flags: Bonne/Expertisée/Donnée validée=8702; Douteuse/Expertisée/Donnée validée=828,16.9302367840181,17.0,1.7477
70241,hubeau,,unmapped,,,,,,no national station within 5 km with area within 2%,264.24340447921,,
70242,hubeau,V3104010,ok,1972-01-01,1992-12-30,7448,0.6652,13,Hub'Eau series: V310401001 | flags: Bonne/Expertisée/Donnée validée=4461; Douteuse/Expertisée/Donnée validée=2972; Bonne/Reconstituée/Donnée validée=15,117.013451273807,114.0,0.9637
70243,hubeau,V3025110,ok,1972-01-01,2019-12-31,4537,0.8476,6,Hub'Eau series: site | flags: Bonne/Expertisée/Donnée validée=4024; Douteuse/Expertisée/Donnée validée=509; Bonne/Reconstituée/Donnée validée=4 | AREA MISMATCH polygon/national=722,49807.4382997235,69.0,0.001
70244,hubeau,X3500016,ok,1973-08-23,1988-12-08,5391,0.7707,9,Hub'Eau series: X350001601 | flags: Bonne/Expertisée/Donnée validée=5391 | AREA MISMATCH polygon/national=0.697,125.401303984266,180.0,2.1727
70245,hubeau,X3500015,ok,1973-08-23,1989-01-01,5471,0.7653,9,Hub'Eau series: X350001501 | flags: Bonne/Expertisée/Donnée validée=5469; Douteuse/Expertisée/Donnée validée=2 | AREA MISMATCH polygon/national=0.702,124.258009841672,177.0,2.6421
70246,hubeau,,unmapped,,,,,,no national station within 5 km with area within 2%,108.032152314847,,
70247,hubeau,V7135048,ok,1955-03-09,1989-09-18,11460,0.8118,7,Hub'Eau series: V713504801 | flags: Bonne/Expertisée/Donnée validée=9175; Bonne/Expertisée/Donnée pré-validée=1352; Douteuse/Expertisée/Donnée validée=926; Douteuse/Expertisée/Donnée pré-validée=7,103.170129002961,104.0,2.7939
70248,hubeau,V7135045,ok,1962-09-01,1985-09-07,5652,0.9953,0,Hub'Eau series: V713504501 | flags: Bonne/Expertisée/Donnée validée=5461; Douteuse/Expertisée/Donnée validée=191,127.291584782608,128.0,3.3661
70249,hubeau,,unmapped,,,,,,no national station within 5 km with area within 2%,222.311038191985,,
70250,hubeau,V5474010,ok,1961-01-01,2019-12-31,18720,0.1804,32,Hub'Eau series: site | flags: Bonne/Expertisée/Donnée validée=15931; Bonne/Expertisée/Donnée pré-validée=1670; Douteuse/Expertisée/Donnée validée=974; Bonne/Reconstituée/Donnée validée=81; Douteuse/Expertisée/Donnée pré-validée=20; Douteuse/Reconstituée/Donnée validée=19,1048.27846743117,1060.0,1.4636
70251,hubeau,V5424010,ok,1950-01-01,2019-12-31,17352,0.0234,38,Hub'Eau series: site | flags: Bonne/Expertisée/Donnée validée=13851; Bonne/Expertisée/Donnée pré-validée=1908; Douteuse/Expertisée/Donnée validée=804; Douteuse/Expertisée/Donnée pré-validée=689; Douteuse/Calculée/Donnée validée=87; Bonne/Calculée/Donnée validée=7,236.841224136036,230.0,4.3786
70252,hubeau,,unmapped,,,,,,no national station within 5 km with area within 2%,116.301417988637,,
70253,hubeau,,unmapped,,,,,,no national station within 5 km with area within 2%,750.473757559609,,
70254,hubeau,,unmapped,,,,,,no national station within 5 km with area within 2%,482.026976387684,,
70255,hubeau,V7124010,ok,1962-02-01,2009-12-20,16833,0.2702,29,Hub'Eau series: site | flags: Bonne/Expertisée/Donnée validée=13335; Bonne/Expertisée/Donnée pré-validée=2611; Douteuse/Expertisée/Donnée validée=862; Douteuse/Expertisée/Donnée pré-validée=22; Douteuse/Calculée/Donnée pré-validée=2; Bonne/Calculée/Donnée validée=1,247.624569903489,240.0,2.2168
70256,hubeau,V3724010,ok,1968-01-01,2019-12-31,15058,0.0485,36,Hub'Eau series: site | flags: Bonne/Expertisée/Donnée validée=14526; Douteuse/Expertisée/Donnée validée=438; Douteuse/Calculée/Donnée validée=60; Bonne/Reconstituée/Donnée validée=22; Bonne/Calculée/Donnée validée=7; Douteuse/Reconstituée/Donnée validée=5,376.756872754007,378.0,1.1338
70257,hubeau,V5048815,ok,1969-01-01,2019-12-31,18627,0.0,41,Hub'Eau series: site | flags: Bonne/Expertisée/Donnée validée=17718; Douteuse/Expertisée/Donnée validée=604; Non qualifiée/Expertisée/Donnée validée=305,61.2026232919306,63.0,3.7571
70258,hubeau,V5048814,ok,1971-01-01,2019-12-31,17754,0.0095,40,Hub'Eau series: site | flags: Bonne/Expertisée/Donnée validée=13343; Bonne/Expertisée/Donnée pré-validée=2555; Douteuse/Expertisée/Donnée validée=1461; Non qualifiée/Expertisée/Donnée brute=301; Douteuse/Expertisée/Donnée brute=64; Non qualifiée/Expertisée/Donnée validée=30,521.715142659589,507.0,2.5028
70259,hubeau,,unmapped,,,,,,no national station within 5 km with area within 2%,240.39414744124,,
70260,hubeau,,unmapped,,,,,,"2 national stations qualify: V2322010, V2322012",1075.1487904245,,
70261,hubeau,,unmapped,,,,,,no national station within 5 km with area within 2%,106.315782615806,,
70262,hubeau,,unmapped,,,,,,no national station within 5 km with area within 2%,193.145733239589,,
70263,hubeau,V1015020,ok,1962-01-01,1994-02-13,11424,0.6312,15,Hub'Eau series: V101502001 | flags: Bonne/Expertisée/Donnée validée=11121; Douteuse/Expertisée/Donnée validée=303,108.086275322441,105.0,3.229
70264,hubeau,,unmapped,,,,,,"2 national stations qualify: V2712010, V2712012",2645.607195775,,
70265,hubeau,,unmapped,,,,,,no national station within 5 km with area within 2%,43.7565061153426,,
70266,hubeau,V1774010,ok,1963-11-14,2019-12-31,20136,0.0244,40,Hub'Eau series: site | flags: Bonne/Expertisée/Donnée validée=19375; Douteuse/Expertisée/Donnée validée=694; Douteuse/Calculée/Donnée validée=63; Bonne/Calculée/Donnée validée=2; Bonne/Reconstituée/Donnée validée=2,706.526421188222,703.0,0.9269
70267,hubeau,V1534020,ok,2013-11-20,2019-12-31,1569,0.8952,2,Hub'Eau series: site | flags: Bonne/Expertisée/Donnée validée=1321; Douteuse/Expertisée/Donnée validée=248,595.722392499811,575.0,3.5607
70268,hubeau,U4710010,ok,2014-01-01,2019-12-31,489,0.9673,0,Hub'Eau series: site | flags: Bonne/Expertisée/Donnée validée=420; Douteuse/Expertisée/Donnée validée=69,28912.8939398299,29908.0,2.9193
70269,hubeau,U4300010,ok,1952-01-01,2019-12-31,23319,0.0489,39,Hub'Eau series: site | flags: Bonne/Expertisée/Donnée validée=22709; Douteuse/Expertisée/Donnée validée=607; Douteuse/Calculée/Donnée validée=3,25794.2433771265,26058.0,1.3514
70270,hubeau,,unmapped,,,,,,"2 national stations qualify: V7200005, V7200010",95057.1802433079,,
70271,hubeau,V3030020,ok,2017-03-03,2019-12-28,65,0.9957,0,Hub'Eau series: site | flags: Bonne/Expertisée/Donnée validée=41; Douteuse/Expertisée/Donnée validée=24,50456.7089625395,50560.0,4.0495
70272,hubeau,V4530010,ok,2016-01-01,2019-12-31,1461,0.9024,4,Hub'Eau series: site | flags: Non qualifiée/Calculée/Donnée brute=1303; Bonne/Calculée/Donnée corrigée=158,70375.2368002566,71054.0,1.7148
70273,hubeau,,unmapped,,,,,,no national station within 5 km with area within 2%,31.9966836626987,,
70274,hubeau,U0620510,ok,1976-11-19,1986-06-15,3494,0.8182,7,Hub'Eau series: U062051001 | flags: Bonne/Expertisée/Donnée validée=2748; Douteuse/Expertisée/Donnée validée=746,183.045974312199,201.0,1.523
70275,hubeau,,unmapped,,,,,,no national station within 5 km with area within 2%,16.7088931812937,,
70276,hubeau,U0104010,ok,1976-01-01,2019-12-31,15814,0.0172,39,Hub'Eau series: site | flags: Bonne/Expertisée/Donnée validée=15046; Bonne/Expertisée/Donnée pré-validée=535; Douteuse/Expertisée/Donnée validée=153; Bonne/Reconstituée/Donnée validée=42; Douteuse/Expertisée/Donnée pré-validée=31; Bonne/Calculée/Donnée validée=7,70.4408047783117,64.3,1.6053
70277,hubeau,,unmapped,,,,,,no national station within 5 km with area within 2%,7.38393965065386,,
70278,hubeau,,unmapped,,,,,,no national station within 5 km with area within 2%,19.8099336712804,,
70279,hubeau,U1334020,ok,1963-01-01,2019-12-31,16071,0.0487,39,Hub'Eau series: site | flags: Bonne/Expertisée/Donnée validée=13467; Bonne/Expertisée/Donnée pré-validée=1456; Douteuse/Expertisée/Donnée validée=1139; Douteuse/Expertisée/Donnée pré-validée=6; Douteuse/Calculée/Donnée validée=3,757.203500601942,873.0,0.982
70280,hubeau,,unmapped,,,,,,no national station within 5 km with area within 2%,183.623633150128,,
70281,hubeau,,unmapped,,,,,,no national station within 5 km with area within 2%,403.32231602144,,
70282,hubeau,U0635010,ok,1974-05-17,2019-12-31,16665,0.0,41,Hub'Eau series: site | flags: Bonne/Expertisée/Donnée validée=12370; Bonne/Expertisée/Donnée pré-validée=3493; Douteuse/Expertisée/Donnée validée=549; Douteuse/Expertisée/Donnée pré-validée=161; Bonne/Calculée/Donnée validée=48; Bonne/Reconstituée/Donnée validée=27,142.026213882191,140.0,1.0536
70283,hubeau,U0444310,ok,1974-05-17,2019-12-31,16497,0.0112,40,Hub'Eau series: site | flags: Bonne/Expertisée/Donnée validée=15916; Douteuse/Expertisée/Donnée validée=544; Bonne/Reconstituée/Donnée validée=23; Douteuse/Calculée/Donnée validée=14,191.248649140275,222.0,2.5058
70284,hubeau,,unmapped,,,,,,no national station within 5 km with area within 2%,611.133329159908,,
70285,hubeau,,unmapped,,,,,,no national station within 5 km with area within 2%,59.7006974203372,,
70286,hubeau,U1235010,ok,1970-12-29,1985-09-24,5384,0.8358,6,Hub'Eau series: U123501001 | flags: Bonne/Expertisée/Donnée validée=5201; Douteuse/Expertisée/Donnée validée=183,58.8412583728363,60.0,1.0289
70287,hubeau,,unmapped,,,,,,no national station within 5 km with area within 2%,3724.84842902545,,
70288,hubeau,,unmapped,,,,,,no national station within 5 km with area within 2%,3352.29270157358,,
70289,hubeau,U2655010,ok,1969-01-03,1983-06-22,5282,0.8909,4,Hub'Eau series: site | flags: Bonne/Expertisée/Donnée validée=4932; Douteuse/Expertisée/Donnée validée=350,152.2469653537,168.0,2.9017
70290,hubeau,,unmapped,,,,,,no national station within 5 km with area within 2%,260.172711966555,,
70291,hubeau,U2345810,ok,1968-06-28,1994-10-11,9431,0.6265,14,Hub'Eau series: U234581001 | flags: Bonne/Expertisée/Donnée validée=8810; Douteuse/Expertisée/Donnée validée=621,7.68206202892725,7.5,3.8388
70292,hubeau,U2345030,ok,1965-01-01,2019-12-31,20069,0.0,41,Hub'Eau series: site | flags: Bonne/Expertisée/Donnée validée=19783; Douteuse/Expertisée/Donnée validée=286,143.589663558356,141.0,2.5529
70293,hubeau,O2034010,ok,1968-09-28,2019-12-31,18349,0.0037,41,Hub'Eau series: site | flags: Bonne/Expertisée/Donnée validée=15761; Douteuse/Expertisée/Donnée validée=1182; Bonne/Expertisée/Donnée pré-validée=1156; Douteuse/Expertisée/Donnée pré-validée=250,169.182326064524,192.0,0.3946
70294,hubeau,O0624010,ok,1968-01-30,2019-12-31,18921,0.0011,41,Hub'Eau series: site | flags: Bonne/Expertisée/Donnée validée=13560; Bonne/Expertisée/Donnée pré-validée=5015; Douteuse/Expertisée/Donnée validée=264; Douteuse/Expertisée/Donnée pré-validée=82,89.4552378901033,91.0,0.9609
70295,hubeau,S5144010,ok,1989-01-01,2019-12-31,11300,0.2454,31,Hub'Eau series: site | flags: Bonne/Expertisée/Donnée pré-validée=9098; Non qualifiée/Calculée/Donnée corrigée=2191; Bonne/Calculée/Donnée pré-validée=11,142.318509509163,138.0,2.8659
70296,hubeau,S4214010,ok,1969-08-12,2019-12-31,18361,0.0029,41,Hub'Eau series: site | flags: Bonne/Expertisée/Donnée validée=17782; Bonne/Expertisée/Donnée pré-validée=358; Douteuse/Expertisée/Donnée validée=202; Bonne/Calculée/Donnée validée=11; Douteuse/Expertisée/Donnée pré-validée=7; Bonne/Reconstituée/Donnée validée=1 | AREA MISMATCH polygon/national=1.31,78.7360369596739,60.0,1.1642
70297,hubeau,,unmapped,,,,,,no national station within 5 km with area within 2%,0.0995064995241478,,
70298,hubeau,K4470010,ok,1950-01-01,2019-12-31,24033,0.1024,35,Hub'Eau series: site | flags: Bonne/Expertisée/Donnée validée=21028; Douteuse/Expertisée/Donnée validée=2862; Bonne/Reconstituée/Donnée validée=133; Bonne/Calculée/Donnée validée=10,38324.6831215284,38320.0,0.7878
70299,hubeau,M5300010,ok,1950-01-01,2019-12-31,25567,0.0,41,Hub'Eau series: site | flags: Bonne/Expertisée/Donnée validée=22975; Douteuse/Expertisée/Donnée validée=2592,109862.278686486,109930.0,0.6676
70300,hubeau,K6830021,ok,1960-01-01,1977-12-31,6575,1.0,0,Hub'Eau series: site | flags: Bonne/Expertisée/Donnée validée=6196; Douteuse/Expertisée/Donnée validée=379,59858.1946090335,56500.0,0.6896
70301,hubeau,K6720002,ok,1966-01-01,1999-12-27,11249,0.5659,18,Hub'Eau series: site | flags: Bonne/Expertisée/Donnée validée=11187; Douteuse/Expertisée/Donnée validée=62,13649.7564452101,13680.0,0.6172
70302,hubeau,K4900031,ok,1957-01-01,1995-12-17,11299,0.7577,10,Hub'Eau series: site | flags: Bonne/Expertisée/Donnée validée=8862; Douteuse/Expertisée/Donnée validée=2437,42104.0025400612,42130.0,0.7677
70303,hubeau,K4350010,ok,1964-01-01,2019-12-31,19699,0.0504,38,Hub'Eau series: site | flags: Bonne/Expertisée/Donnée validée=15928; Douteuse/Expertisée/Donnée validée=3660; Bonne/Reconstituée/Donnée validée=109; Bonne/Calculée/Donnée validée=2,37024.8430066705,36970.0,0.7837
70304,hubeau,,unmapped,,,,,,"2 national stations qualify: K1440010, K1440013",12964.1781897449,,
70305,hubeau,K6220910,ok,2013-08-28,2019-12-31,2317,0.8453,6,Hub'Eau series: site | flags: Bonne/Expertisée/Donnée pré-validée=1500; Bonne/Expertisée/Donnée validée=502; Douteuse/Expertisée/Donnée validée=227; Douteuse/Expertisée/Donnée pré-validée=88,9277.12682631096,9252.0,0.4989
70306,hubeau,L6020710,ok,1964-01-01,2019-12-31,20454,0.0,41,Hub'Eau series: site | flags: Bonne/Expertisée/Donnée validée=19359; Douteuse/Expertisée/Donnée validée=1050; Bonne/Reconstituée/Donnée validée=44; Bonne/Expertisée/Donnée pré-validée=1,8008.25282142152,7996.09,0.7919
70307,hubeau,K7530003,ok,1983-10-01,1992-11-24,3341,0.7769,9,Hub'Eau series: site | flags: Bonne/Expertisée/Donnée validée=2741; Douteuse/Expertisée/Donnée validée=600,34.3455391414649,34.7,0.3251
70308,hubeau,K6540001,ok,1980-04-19,1990-12-31,3909,0.739,10,Hub'Eau series: site | flags: Bonne/Expertisée/Donnée validée=3705; Douteuse/Expertisée/Donnée validée=204,19.3585254941595,22.3,0.4409
70309,hubeau,,unmapped,,,,,,no national station within 5 km with area within 2%,50038.2290942705,,
70310,hubeau,,unmapped,,,,,,"2 national stations qualify: M4101910, M4101920",22107.2868961032,,
70311,hubeau,,unmapped,,,,,,no national station within 5 km with area within 2%,80988.4141807389,,
70312,hubeau,L7000610,ok,1958-01-02,2019-12-31,22594,0.0,41,Hub'Eau series: site | flags: Bonne/Expertisée/Donnée validée=20530; Douteuse/Expertisée/Donnée validée=2058; Douteuse/Calculée/Donnée validée=5; Bonne/Expertisée/Donnée pré-validée=1,19792.6694529212,19851.96,0.8363
70313,hubeau,K1180010,ok,1958-01-01,2019-12-31,22544,0.0067,41,Hub'Eau series: site | flags: Bonne/Expertisée/Donnée validée=22439; Douteuse/Expertisée/Donnée validée=102; Bonne/Calculée/Donnée validée=3,9276.64626668093,9315.0,0.8153
70314,hubeau,,unmapped,,,,,,"2 national stations qualify: K4180010, K4180012",35575.386291699,,
70315,hubeau,L4530002,ok,1950-01-01,2014-12-31,23741,0.1219,36,Hub'Eau series: site | flags: Bonne/Expertisée/Donnée validée=23108; Non qualifiée/Expertisée/Donnée validée=366; Douteuse/Expertisée/Donnée validée=267,2426.16494535658,2400.0,0.9924
70316,hubeau,,unmapped,,,,,,no national station within 5 km with area within 2%,243.990530420062,,
70317,hubeau,L4200003,ok,1969-01-01,2013-12-31,16435,0.1464,35,Hub'Eau series: site | flags: Bonne/Expertisée/Donnée validée=14128; Bonne/Expertisée/Donnée pré-validée=1825; Douteuse/Expertisée/Donnée validée=482,745.813964051581,736.0,1.1144
70318,hubeau,L4653010,ok,1969-05-04,2019-12-31,18503,0.0001,41,Hub'Eau series: site | flags: Bonne/Expertisée/Donnée validée=18202; Douteuse/Expertisée/Donnée validée=299; Bonne/Expertisée/Donnée pré-validée=2,446.640006680239,435.67,0.5912
70319,hubeau,,unmapped,,,,,,no national station within 5 km with area within 2%,190.547270254161,,
70320,hubeau,L5014110,ok,1974-08-14,1993-12-30,7079,0.6342,15,Hub'Eau series: site | flags: Bonne/Expertisée/Donnée validée=6773; Douteuse/Expertisée/Donnée validée=306,16.9661691133857,18.5,1.2179
70321,hubeau,L5511910,ok,1972-01-01,2019-12-31,13897,0.2356,28,Hub'Eau series: site | flags: Bonne/Expertisée/Donnée validée=11443; Douteuse/Expertisée/Donnée validée=2443; Bonne/Reconstituée/Donnée validée=9; Bonne/Calculée/Donnée validée=1; Bonne/Expertisée/Donnée pré-validée=1,220.832262111756,223.46,0.6799
70322,hubeau,L5323010,ok,1971-10-19,2019-12-31,17455,0.0094,40,Hub'Eau series: site | flags: Bonne/Expertisée/Donnée validée=11711; Douteuse/Expertisée/Donnée validée=5336; Bonne/Expertisée/Donnée pré-validée=245; Douteuse/Expertisée/Donnée pré-validée=122; Bonne/Reconstituée/Donnée validée=41,230.878141776169,232.35,0.8455
70323,hubeau,L5114010,ok,1965-01-01,1978-12-01,4717,1.0,0,Hub'Eau series: site | flags: Bonne/Expertisée/Donnée validée=4717,21.480086352194,21.0,1.8813
70324,hubeau,L0614010,ok,1965-01-01,1993-12-31,10592,0.6341,15,Hub'Eau series: site | flags: Bonne/Expertisée/Donnée validée=7304; Douteuse/Expertisée/Donnée validée=3288,35.3618534703933,35.1,1.3619
70325,hubeau,L0123020,ok,1968-01-01,1989-12-31,8036,0.7317,11,Hub'Eau series: site | flags: Bonne/Expertisée/Donnée validée=6209; Douteuse/Expertisée/Donnée validée=1827 | AREA MISMATCH polygon/national=1.32,105.788823623722,80.0,1.8071
70326,hubeau,,unmapped,,,,,,no national station within 5 km with area within 2%,185.304573881565,,
70327,hubeau,L3200620,ok,1957-05-24,2019-12-31,22490,0.0001,41,Hub'Eau series: site | flags: Bonne/Expertisée/Donnée validée=17231; Douteuse/Expertisée/Donnée validée=4649; Bonne/Expertisée/Donnée pré-validée=582; Douteuse/Calculée/Donnée validée=20; Bonne/Reconstituée/Donnée validée=8,10000.816426292,10050.61,1.063
70328,hubeau,L3123010,ok,1968-01-01,2019-12-31,10777,0.4023,24,Hub'Eau series: site | flags: Bonne/Expertisée/Donnée validée=7459; Douteuse/Expertisée/Donnée validée=3317; Bonne/Expertisée/Donnée pré-validée=1,243.154137590671,241.51,0.2567
70329,hubeau,,unmapped,,,,,,no national station within 5 km with area within 2%,273.457605957925,,
70330,hubeau,,unmapped,,,,,,no national station within 5 km with area within 2%,306.103341907511,,
70331,hubeau,P7181520,ok,2002-01-13,2019-12-31,6099,0.5927,16,Hub'Eau series: site | flags: Bonne/Expertisée/Donnée validée=5060; Douteuse/Expertisée/Donnée validée=1037; Bonne/Calculée/Donnée validée=1; Bonne/Expertisée/Donnée pré-validée=1,3363.08046744712,3350.0,0.7475
70332,hubeau,P7001510,ok,1963-01-02,2019-12-31,20817,0.0001,41,Hub'Eau series: site | flags: Bonne/Expertisée/Donnée validée=20622; Douteuse/Expertisée/Donnée validée=195,1864.16136051816,1863.0,1.1605
70333,hubeau,P6342510,ok,1966-01-01,2019-12-31,18066,0.1107,31,Hub'Eau series: site | flags: Bonne/Expertisée/Donnée validée=14757; Bonne/Expertisée/Donnée pré-validée=2044; Douteuse/Expertisée/Donnée validée=722; Douteuse/Calculée/Donnée validée=211; Bonne/Reconstituée/Donnée validée=177; Douteuse/Expertisée/Donnée pré-validée=138 | negative flow on 1 days,585.515993233253,586.0,1.2659
70334,hubeau,,unmapped,,,,,,no national station within 5 km with area within 2%,204.725524697679,,
70335,hubeau,P6081510,ok,1965-01-01,2019-12-31,20083,0.0002,41,Hub'Eau series: site | flags: Bonne/Expertisée/Donnée validée=19936; Douteuse/Expertisée/Donnée validée=147,455.769525506537,432.0,1.1796
70336,hubeau,,unmapped,,,,,,no national station within 5 km with area within 2%,71.3610951233399,,
70337,hubeau,,unmapped,,,,,,no national station within 5 km with area within 2%,4992.84043623968,,
70338,hubeau,,unmapped,,,,,,no national station within 5 km with area within 2%,428.660147402615,,
70339,hubeau,,unmapped,,,,,,no national station within 5 km with area within 2%,4112.82899644074,,
70340,hubeau,,unmapped,,,,,,no national station within 5 km with area within 2%,3823.65604416918,,
70341,hubeau,,unmapped,,,,,,no national station within 5 km with area within 2%,2984.26135915043,,
70342,hubeau,R1030010,ok,1970-10-27,2019-12-31,17870,0.0042,41,Hub'Eau series: site | flags: Bonne/Expertisée/Donnée validée=16171; Douteuse/Expertisée/Donnée validée=951; Bonne/Expertisée/Donnée pré-validée=666; Bonne/Reconstituée/Donnée validée=43; Douteuse/Expertisée/Donnée pré-validée=39,139.006708366484,138.41,1.2297
70343,hubeau,R0220010,ok,1994-01-01,2003-01-20,1728,0.8846,4,Hub'Eau series: site | flags: Bonne/Expertisée/Donnée validée=1096; Bonne/Expertisée/Donnée pré-validée=619; Douteuse/Expertisée/Donnée pré-validée=13,1084.70743627025,1070.0,0.9414
70344,hubeau,R0020010,ok,1979-10-25,2019-12-31,13096,0.1255,35,Hub'Eau series: site | flags: Bonne/Expertisée/Donnée validée=7757; Douteuse/Expertisée/Donnée validée=5323; Bonne/Reconstituée/Donnée validée=11; Douteuse/Calculée/Donnée validée=5,108.822999544546,110.59,1.0855
70345,hubeau,R0110010,ok,1971-01-01,2019-12-31,16593,0.0803,36,Hub'Eau series: site | flags: Douteuse/Expertisée/Donnée validée=10667; Bonne/Expertisée/Donnée validée=5897; Bonne/Reconstituée/Donnée validée=26; Bonne/Calculée/Donnée validée=2; Bonne/Expertisée/Donnée pré-validée=1,503.223981307685,490.87,1.0417
70346,hubeau,,unmapped,,,,,,no national station within 5 km with area within 2%,223.395618336961,,
70347,hubeau,,unmapped,,,,,,no national station within 5 km with area within 2%,1035.95446739363,,
70348,hubeau,,unmapped,,,,,,no national station within 5 km with area within 2%,517.274362048283,,
70349,hubeau,R5123310,ok,1968-01-01,2019-12-31,17951,0.0696,35,Hub'Eau series: site | flags: Bonne/Expertisée/Donnée validée=12261; Douteuse/Expertisée/Donnée validée=3221; Bonne/Expertisée/Donnée pré-validée=1734; Douteuse/Expertisée/Donnée pré-validée=730; Bonne/Reconstituée/Donnée pré-validée=3; Bonne/Calculée/Donnée pré-validée=2,863.920169180953,877.57,0.6959
70350,hubeau,,unmapped,,,,,,no national station within 5 km with area within 2%,536.039970284537,,
70351,hubeau,,unmapped,,,,,,no national station within 5 km with area within 2%,452.76016060478,,
70352,hubeau,R1180010,ok,1969-01-01,2019-12-31,14142,0.1895,25,Hub'Eau series: R118001001 | flags: Bonne/Expertisée/Donnée validée=7031; Douteuse/Expertisée/Donnée validée=4336; Bonne/Expertisée/Donnée pré-validée=1571; Douteuse/Expertisée/Donnée pré-validée=1204,1188.79049967094,1196.38,0.3691
70353,hubeau,,unmapped,,,,,,no national station within 5 km with area within 2%,310.071121556899,,
70354,hubeau,,unmapped,,,,,,no national station within 5 km with area within 2%,526.719287965109,,
70355,hubeau,R1250010,ok,1968-03-01,2019-12-31,18169,0.051,39,Hub'Eau series: site | flags: Bonne/Expertisée/Donnée validée=15568; Bonne/Expertisée/Donnée pré-validée=1446; Douteuse/Expertisée/Donnée validée=1126; Douteuse/Expertisée/Donnée pré-validée=16; Bonne/Reconstituée/Donnée validée=13,209.225247921862,203.66,0.6415
70356,hubeau,N8220010,ok,1967-01-01,1985-07-04,4113,0.8473,5,Hub'Eau series: N822001001 | flags: Bonne/Expertisée/Donnée validée=4093; Douteuse/Expertisée/Donnée validée=20,77.1913728206769,78.0,0.7043
70357,hubeau,,unmapped,,,,,,no national station within 5 km with area within 2%,67.5600033655224,,
70358,hubeau,N3308210,ok,1969-01-01,1998-04-30,9254,0.5687,17,Hub'Eau series: site | flags: Bonne/Expertisée/Donnée validée=7280; Douteuse/Expertisée/Donnée validée=1853; Bonne/Expertisée/Donnée pré-validée=121,38.6365493688611,38.0,0.8507
70359,hubeau,,unmapped,,,,,,no national station within 5 km with area within 2%,766.759378437885,,
70360,hubeau,N4010610,ok,1971-01-01,2019-12-31,17819,0.0052,41,Hub'Eau series: site | flags: Bonne/Expertisée/Donnée validée=14851; Douteuse/Expertisée/Donnée validée=2584; Bonne/Expertisée/Donnée pré-validée=265; Douteuse/Expertisée/Donnée pré-validée=101; Bonne/Calculée/Donnée corrigée=10; Douteuse/Calculée/Donnée corrigée=7,283.911897258425,237.37,1.2546
70361,hubeau,,unmapped,,,,,,no national station within 5 km with area within 2%,252.135486991472,,
70362,hubeau,N3304110,ok,1968-01-01,1984-12-30,6015,0.857,6,Hub'Eau series: site | flags: Bonne/Expertisée/Donnée validée=6014; Douteuse/Expertisée/Donnée validée=1,125.294000981624,126.0,0.8109
70363,hubeau,N3222010,ok,1968-01-01,2019-12-31,17640,0.069,35,Hub'Eau series: site | flags: Bonne/Expertisée/Donnée validée=17482; Bonne/Reconstituée/Donnée validée=69; Douteuse/Expertisée/Donnée validée=56; Bonne/Calculée/Donnée validée=28; Douteuse/Calculée/Donnée validée=5,181.931087824592,180.0,0.7721
70364,hubeau,N0113010,ok,1972-11-21,2019-12-31,16935,0.0096,40,Hub'Eau series: site | flags: Bonne/Expertisée/Donnée validée=15311; Bonne/Expertisée/Donnée pré-validée=1328; Douteuse/Expertisée/Donnée validée=108; Douteuse/Expertisée/Donnée pré-validée=69; Bonne/Reconstituée/Donnée validée=59; Non qualifiée/Expertisée/Donnée pré-validée=52,31.6945600309851,31.0,0.898
70365,hubeau,M8503010,ok,1972-02-08,1978-04-29,362,1.0,0,Hub'Eau series: site | flags: Bonne/Expertisée/Donnée validée=362,253.724695523207,250.0,1.1285
70366,hubeau,,unmapped,,,,,,no national station within 5 km with area within 2%,195.23008319433,,
70367,hubeau,M8144010,ok,1981-07-17,2019-12-31,13822,0.077,37,Hub'Eau series: site | flags: Bonne/Expertisée/Donnée validée=13430; Douteuse/Expertisée/Donnée validée=392,125.102132168246,130.0,0.8007
70368,hubeau,M7314010,ok,1982-09-16,2019-12-31,13621,0.0904,37,Hub'Eau series: site | flags: Bonne/Expertisée/Donnée validée=13237; Bonne/Expertisée/Donnée pré-validée=342; Douteuse/Expertisée/Donnée pré-validée=22; Douteuse/Expertisée/Donnée validée=20,97.9270338275242,90.0,0.6579
70369,hubeau,M7044010,ok,1980-11-14,2019-12-31,13958,0.0679,38,Hub'Eau series: site | flags: Bonne/Expertisée/Donnée validée=13561; Bonne/Expertisée/Donnée pré-validée=367; Douteuse/Expertisée/Donnée validée=30,61.766692490721,61.0,0.8806
70370,hubeau,M5214010,ok,1967-01-02,2019-12-31,19356,0.0,41,Hub'Eau series: site | flags: Bonne/Expertisée/Donnée validée=17585; Douteuse/Expertisée/Donnée validée=1768; Bonne/Reconstituée/Donnée validée=3,152.417363637698,151.0,0.4715
70371,hubeau,M5014210,ok,1967-12-01,2019-12-31,16540,0.0927,37,Hub'Eau series: site | flags: Bonne/Expertisée/Donnée validée=14240; Douteuse/Expertisée/Donnée validée=1203; Bonne/Calculée/Donnée validée=1027; Douteuse/Calculée/Donnée validée=69; Bonne/Reconstituée/Donnée validée=1,171.341660412107,172.0,0.279
70372,hubeau,L8307310,ok,1973-01-01,1985-08-11,4606,0.8387,6,Hub'Eau series: L830731001 | flags: Bonne/Expertisée/Donnée validée=4580; Douteuse/Expertisée/Donnée validée=26,42.5814885801181,42.0,0.7289
70373,hubeau,,unmapped,,,,,,no national station within 5 km with area within 2%,59.9366664796724,,
70374,hubeau,L8114010,ok,1974-01-01,1994-04-13,7358,0.6306,15,Hub'Eau series: L811401001 | flags: Bonne/Expertisée/Donnée validée=6813; Douteuse/Expertisée/Donnée validée=545,33.1229491444603,33.0,1.067
70375,hubeau,M7453010,ok,1975-06-17,2019-12-31,16197,0.0032,41,Hub'Eau series: site | flags: Bonne/Expertisée/Donnée validée=15983; Douteuse/Expertisée/Donnée validée=214,610.075663500588,597.0,0.7661
70376,hubeau,M8205020,ok,1964-12-01,2019-12-31,19145,0.0196,38,Hub'Eau series: site | flags: Bonne/Expertisée/Donnée validée=17641; Bonne/Expertisée/Donnée pré-validée=974; Douteuse/Expertisée/Donnée validée=419; Douteuse/Expertisée/Donnée pré-validée=108; Bonne/Calculée/Donnée validée=3,147.398480746705,147.0,0.7067
70377,hubeau,,unmapped,,,,,,no national station within 5 km with area within 2%,718.802300992438,,
70378,hubeau,,unmapped,,,,,,no national station within 5 km with area within 2%,141.136014584359,,
70379,hubeau,L8343010,ok,1969-02-01,2019-12-31,18111,0.0303,39,Hub'Eau series: site | flags: Bonne/Expertisée/Donnée validée=13529; Douteuse/Expertisée/Donnée validée=4581; Bonne/Expertisée/Donnée pré-validée=1 | negative flow on 4 days,627.682172880046,626.91,0.6254
70380,hubeau,,unmapped,,,,,,no national station within 5 km with area within 2%,312.267012633908,,
70381,hubeau,,unmapped,,,,,,no national station within 5 km with area within 2%,206.574375493936,,
70382,hubeau,L8523010,ok,1967-10-25,2019-12-31,10503,0.4027,24,Hub'Eau series: site | flags: Bonne/Expertisée/Donnée validée=8027; Douteuse/Expertisée/Donnée validée=2446; Bonne/Expertisée/Donnée pré-validée=30,796.155762659559,785.0,0.2642
70383,hubeau,L8602110,ok,2006-06-27,2019-12-31,4931,0.6707,13,Hub'Eau series: site | flags: Bonne/Expertisée/Donnée validée=2562; Douteuse/Expertisée/Donnée validée=2368; Douteuse/Expertisée/Donnée pré-validée=1,3273.06379987344,3267.69,0.4491
70384,hubeau,L3200610,ok,1999-02-10,2019-12-29,349,0.9767,0,Hub'Eau series: site | flags: Bonne/Expertisée/Donnée validée=232; Douteuse/Expertisée/Donnée validée=67; Bonne/Expertisée/Donnée pré-validée=42; Douteuse/Expertisée/Donnée pré-validée=8,9939.57816682134,9989.85,3.6894
70385,hubeau,,unmapped,,,,,,no national station within 5 km with area within 2%,64.3161200904832,,
70386,hubeau,L2303010,ok,1977-03-30,1994-12-31,6212,0.628,13,Hub'Eau series: L230301001 | flags: Bonne/Expertisée/Donnée validée=3285; Bonne/Expertisée/Donnée pré-validée=2916; Douteuse/Expertisée/Donnée pré-validée=6; Douteuse/Expertisée/Donnée validée=5,16.4007185796619,16.6,0.8187
70387,hubeau,L1200003,ok,1956-01-01,1978-12-31,8401,1.0,0,Hub'Eau series: L120000301 | flags: Bonne/Expertisée/Donnée validée=8401,4965.55760382715,4970.0,1.2378
70388,hubeau,L0201510,ok,1968-01-01,2011-08-03,15512,0.2325,31,Hub'Eau series: site | flags: Bonne/Expertisée/Donnée validée=12565; Bonne/Expertisée/Donnée pré-validée=1224; Douteuse/Expertisée/Donnée validée=906; Douteuse/Expertisée/Donnée pré-validée=817,79.6850527908327,79.0,1.4666
70389,hubeau,L0010611,ok,1969-01-01,2019-12-31,18627,0.0,41,Hub'Eau series: site | flags: Non qualifiée/Expertisée/Donnée validée=9202; Bonne/Expertisée/Donnée validée=8490; Douteuse/Expertisée/Donnée validée=935,70.1579675465995,71.0,2.3513
70390,hubeau,O7234010,ok,1971-01-01,2019-12-31,17897,0.0,41,Hub'Eau series: site | flags: Bonne/Expertisée/Donnée validée=17806; Douteuse/Expertisée/Donnée validée=79; Bonne/Calculée/Donnée validée=12,116.422941398694,116.0,1.3318
70391,hubeau,O9785310,ok,1972-11-15,2019-12-31,17213,0.0,41,Hub'Eau series: site | flags: Bonne/Expertisée/Donnée validée=12271; Douteuse/Expertisée/Donnée validée=1654; Bonne/Expertisée/Donnée pré-validée=1648; Douteuse/Expertisée/Donnée pré-validée=1601; Bonne/Calculée/Donnée pré-validée=35; Douteuse/Calculée/Donnée pré-validée=4 | AREA MISMATCH polygon/national=1.26,29.0327786645988,23.0,0.4637
70392,hubeau,O9285010,ok,1974-05-22,1990-08-06,5546,0.7422,9,Hub'Eau series: O928501001 | flags: Bonne/Expertisée/Donnée validée=5515; Douteuse/Expertisée/Donnée validée=31,40.3537171501248,41.0,0.6301
70393,hubeau,O8481530,ok,2013-11-20,2019-12-31,2232,0.851,6,Hub'Eau series: site | flags: Non qualifiée/Calculée/Donnée brute=2229; Douteuse/Calculée/Donnée brute=3,10712.504431444,10760.0,1.0821
70394,hubeau,,unmapped,,,,,,"2 national stations qualify: O8180001, O7981510",7001.07466562236,,
70395,hubeau,O7944020,ok,1974-09-01,2019-12-31,15523,0.028,40,Hub'Eau series: site | flags: Bonne/Expertisée/Donnée validée=9236; Bonne/Expertisée/Donnée pré-validée=4754; Douteuse/Expertisée/Donnée validée=828; Douteuse/Expertisée/Donnée pré-validée=702; Douteuse/Calculée/Donnée pré-validée=3,174.494019991424,149.0,0.8471
70396,hubeau,O7814010,ok,1978-09-02,2004-06-27,9385,0.3814,25,Hub'Eau series: site | flags: Bonne/Expertisée/Donnée validée=7076; Bonne/Expertisée/Donnée pré-validée=1743; Douteuse/Expertisée/Donnée validée=257; Douteuse/Calculée/Donnée pré-validée=203; Douteuse/Expertisée/Donnée pré-validée=64; Douteuse/Calculée/Donnée validée=42,82.7895914562625,84.0,0.9729
70397,hubeau,O7664010,not_found,,,,,,no daily flow returned for 1950-2019,295.909041524066,299.0,
70398,hubeau,O7265010,ok,1970-09-17,2019-12-31,18003,0.0,41,Hub'Eau series: site | flags: Bonne/Expertisée/Donnée validée=17781; Douteuse/Expertisée/Donnée validée=213; Bonne/Expertisée/Donnée pré-validée=9,82.4049065681183,76.0,1.0441
70399,hubeau,O7245010,ok,1971-11-02,2019-12-31,17592,0.0,41,Hub'Eau series: site | flags: Bonne/Expertisée/Donnée validée=17536; Douteuse/Expertisée/Donnée validée=53; Bonne/Calculée/Donnée pré-validée=3,67.3243726687006,67.0,1.027
70400,hubeau,O7191510,ok,1972-01-01,2019-12-31,16748,0.0524,39,Hub'Eau series: site | flags: Bonne/Expertisée/Donnée validée=12203; Bonne/Expertisée/Donnée pré-validée=4083; Douteuse/Expertisée/Donnée pré-validée=277; Douteuse/Expertisée/Donnée validée=185,2114.89107114725,2180.0,1.3037
70401,hubeau,O7145220,ok,1961-01-01,2019-12-31,21549,0.0,41,Hub'Eau series: site | flags: Bonne/Expertisée/Donnée validée=17383; Non qualifiée/Expertisée/Donnée validée=3423; Douteuse/Expertisée/Donnée validée=646; Douteuse/Reconstituée/Donnée validée=48; Bonne/Reconstituée/Donnée validée=46; Non qualifiée/Reconstituée/Donnée validée=2,54.1487254436933,53.0,2.4748
70402,hubeau,,unmapped,,,,,,"2 national stations qualify: O7234031, O7234032",1653.77170784522,,
70403,hubeau,O7085010,ok,1976-11-26,2019-12-31,15640,0.0067,41,Hub'Eau series: site | flags: Bonne/Expertisée/Donnée validée=12684; Bonne/Expertisée/Donnée pré-validée=2532; Douteuse/Expertisée/Donnée validée=399; Douteuse/Expertisée/Donnée pré-validée=25,83.3787999083414,83.0,0.8838
70404,hubeau,O7015810,ok,1978-03-22,2019-12-31,15171,0.0025,41,Hub'Eau series: site | flags: Bonne/Expertisée/Donnée validée=12522; Bonne/Expertisée/Donnée pré-validée=2557; Douteuse/Expertisée/Donnée validée=81; Bonne/Calculée/Donnée validée=6; Bonne/Reconstituée/Donnée validée=5,34.099342122946,31.0,1.1948
70405,hubeau,,unmapped,,,,,,no national station within 5 km with area within 2%,10.298572395261,,
70406,hubeau,O8344020,ok,1971-10-15,2019-12-31,17606,0.0003,41,Hub'Eau series: site | flags: Bonne/Expertisée/Donnée validée=12381; Bonne/Expertisée/Donnée pré-validée=4938; Douteuse/Expertisée/Donnée pré-validée=172; Douteuse/Expertisée/Donnée validée=111; Douteuse/Calculée/Donnée pré-validée=4,99.3723239119475,102.0,0.2675
70407,hubeau,,unmapped,,,,,,no national station within 5 km with area within 2%,568.238808937784,,
70408,hubeau,O7692510,ok,1972-01-01,1988-12-30,6209,0.7561,10,Hub'Eau series: site | flags: Bonne/Expertisée/Donnée validée=6124; Douteuse/Expertisée/Donnée validée=85,3280.49421574855,3280.0,1.8807
70409,hubeau,O7692511,ok,1950-01-01,2019-12-31,24836,0.0488,39,Hub'Eau series: site | flags: Bonne/Expertisée/Donnée validée=23721; Douteuse/Expertisée/Donnée validée=1115 | negative flow on 5 days,2398.4571520852,2462.0,1.4126
70410,hubeau,O7600002,ok,1950-01-01,2019-12-31,25567,0.0,41,Hub'Eau series: site | flags: Bonne/Expertisée/Donnée validée=22549; Douteuse/Expertisée/Donnée validée=2653; Bonne/Expertisée/Donnée pré-validée=365,1784.23673638556,1782.0,1.2137
70411,hubeau,,unmapped,,,,,,no national station within 5 km with area within 2%,586.125673858983,,
70412,hubeau,,unmapped,,,,,,no national station within 5 km with area within 2%,259.17108039645,,
70413,hubeau,O7011510,ok,1975-09-02,2006-12-31,11444,0.3171,28,Hub'Eau series: O701151001 | flags: Bonne/Expertisée/Donnée validée=11409; Douteuse/Expertisée/Donnée validée=34; Bonne/Expertisée/Donnée pré-validée=1,189.321990974804,189.0,1.7384
70414,hubeau,O9675210,ok,1971-01-01,1977-07-12,76,1.0,0,Hub'Eau series: O967521001 | flags: Douteuse/Expertisée/Donnée validée=49; Bonne/Expertisée/Donnée validée=27,10.4436957641377,9.25,1.0268
70415,hubeau,,unmapped,,,,,,no national station within 5 km with area within 2%,1080.93228312036,,
70416,hubeau,O9196210,ok,1969-10-04,2019-11-02,17855,0.0331,38,Hub'Eau series: site | flags: Bonne/Expertisée/Donnée validée=14933; Bonne/Expertisée/Donnée pré-validée=1547; Douteuse/Expertisée/Donnée pré-validée=1285; Douteuse/Expertisée/Donnée validée=90,9.31069350730674,9.7,0.3482
70417,hubeau,O9034010,ok,1970-10-28,2019-12-31,17659,0.0096,41,Hub'Eau series: site | flags: Bonne/Expertisée/Donnée validée=13818; Bonne/Expertisée/Donnée pré-validée=3275; Douteuse/Expertisée/Donnée validée=546; Douteuse/Calculée/Donnée validée=10; Douteuse/Expertisée/Donnée pré-validée=6; Bonne/Calculée/Donnée validée=3,260.150311441279,255.0,0.4303
70418,hubeau,O8584010,ok,1970-10-28,2019-12-31,17443,0.0013,41,Hub'Eau series: site | flags: Bonne/Expertisée/Donnée validée=11100; Douteuse/Expertisée/Donnée validée=3055; Bonne/Expertisée/Donnée pré-validée=2913; Douteuse/Expertisée/Donnée pré-validée=375,403.312988376106,411.0,0.4694
70419,hubeau,O8394310,ok,1968-10-15,2019-12-31,18705,0.0,41,Hub'Eau series: site | flags: Bonne/Expertisée/Donnée validée=18645; Douteuse/Expertisée/Donnée validée=34; Bonne/Calculée/Donnée validée=26,219.426564947924,234.0,0.4766
70420,hubeau,O8255010,ok,1968-02-02,2019-12-31,18820,0.0001,41,Hub'Eau series: site | flags: Bonne/Expertisée/Donnée validée=16041; Bonne/Expertisée/Donnée pré-validée=2540; Douteuse/Expertisée/Donnée validée=169; Douteuse/Reconstituée/Donnée validée=48; Douteuse/Expertisée/Donnée pré-validée=17; Douteuse/Calculée/Donnée validée=3,120.256558819338,117.0,0.9678
70421,hubeau,,unmapped,,,,,,"2 national stations qualify: O8430001, O8231530",9142.98329474135,,
70422,hubeau,,unmapped,,,,,,"2 national stations qualify: O8133520, O8133510",1237.46457312034,,
70423,hubeau,,unmapped,,,,,,no national station within 5 km with area within 2%,6295.32638555313,,
70424,hubeau,O7635020,not_found,,,,,,no daily flow returned for 1950-2019,108.791540459747,111.0,
70425,hubeau,O7234030,ok,1968-06-01,2019-12-31,18476,0.0,41,Hub'Eau series: site | flags: Bonne/Expertisée/Donnée validée=17731; Douteuse/Expertisée/Donnée validée=730; Bonne/Calculée/Donnée validée=15,80.4473949175924,81.0,1.5323
70426,hubeau,O7202510,ok,1951-01-01,2019-12-31,24522,0.0101,40,Hub'Eau series: site | flags: Bonne/Expertisée/Donnée validée=22999; Douteuse/Expertisée/Donnée validée=771; Bonne/Calculée/Donnée validée=405; Non qualifiée/Calculée/Donnée validée=325; Non qualifiée/Expertisée/Donnée validée=20; Douteuse/Calculée/Donnée validée=2,68.2625515469122,72.0,2.7469
70427,hubeau,O7175010,ok,1961-01-01,1972-12-31,4322,1.0,0,Hub'Eau series: site | flags: Bonne/Expertisée/Donnée validée=4288; Douteuse/Expertisée/Donnée validée=34,40.9155545896649,41.0,2.0206
70428,hubeau,O7155010,ok,1961-01-01,1972-12-31,4383,1.0,0,Hub'Eau series: site | flags: Bonne/Expertisée/Donnée validée=4200; Douteuse/Expertisée/Donnée validée=183,101.314152047025,100.0,2.5183
70429,hubeau,O7145210,ok,1961-01-01,1972-12-31,3867,1.0,0,Hub'Eau series: site | flags: Bonne/Expertisée/Donnée validée=3466; Douteuse/Expertisée/Donnée validée=401,18.7007390963279,18.0,3.0354
70430,hubeau,O7101510,ok,1950-01-01,2019-12-31,25318,0.0166,40,Hub'Eau series: site | flags: Bonne/Expertisée/Donnée validée=20762; Bonne/Expertisée/Donnée pré-validée=3824; Douteuse/Expertisée/Donnée pré-validée=558; Douteuse/Expertisée/Donnée validée=156; Bonne/Reconstituée/Donnée validée=13; Bonne/Calculée/Donnée validée=5,1260.66139223101,1160.0,1.0491
70431,hubeau,O7094010,ok,2014-01-02,2019-12-31,2190,0.8538,6,Hub'Eau series: site | flags: Bonne/Expertisée/Donnée pré-validée=2188; Douteuse/Expertisée/Donnée pré-validée=2,459.882026013594,461.0,0.8306
70432,hubeau,O7035010,ok,1970-01-01,2019-12-31,18262,0.0,41,Hub'Eau series: site | flags: Bonne/Expertisée/Donnée validée=15568; Bonne/Expertisée/Donnée pré-validée=2557; Douteuse/Expertisée/Donnée validée=137,109.169731633757,116.0,1.3693
70433,hubeau,,unmapped,,,,,,match to P5715210 rejected: GSIM river 'COURMERAN' vs 'Le ruisseau de Gourmeron à Martres [Boissonneau]',16.0683398088661,,
70434,hubeau,P4015010,ok,1970-09-11,2019-12-31,18007,0.0,41,Hub'Eau series: site | flags: Bonne/Expertisée/Donnée validée=14822; Douteuse/Expertisée/Donnée validée=2029; Bonne/Expertisée/Donnée pré-validée=980; Douteuse/Expertisée/Donnée pré-validée=118; Douteuse/Calculée/Donnée validée=53; Bonne/Reconstituée/Donnée validée=5,57.0615265399328,64.0,1.2697
70435,hubeau,P3245010,ok,1968-01-01,2001-04-02,12119,0.4589,22,Hub'Eau series: site | flags: Bonne/Expertisée/Donnée validée=10726; Bonne/Expertisée/Donnée pré-validée=673; Douteuse/Expertisée/Donnée validée=594; Douteuse/Expertisée/Donnée pré-validée=126,52.7456559744216,49.0,1.1485
70436,hubeau,,unmapped,,,,,,no national station within 5 km with area within 2%,327.438393822408,,
70437,hubeau,,unmapped,,,,,,no national station within 5 km with area within 2%,74.9333155556986,,
70438,hubeau,P0870001,ok,1950-01-01,1969-12-31,7183,1.0,0,Hub'Eau series: P087000101 | flags: Bonne/Expertisée/Donnée validée=7096; Douteuse/Expertisée/Donnée validée=87,286.290955898993,284.0,1.5818
70439,hubeau,P4001010,ok,1960-01-03,2019-12-30,20494,0.0944,36,Hub'Eau series: site | flags: Bonne/Expertisée/Donnée validée=18400; Douteuse/Expertisée/Donnée validée=1287; Bonne/Reconstituée/Donnée validée=441; Bonne/Expertisée/Donnée pré-validée=251; Douteuse/Expertisée/Donnée pré-validée=115,2467.87306103342,2485.0,1.6638
70440,hubeau,P3020001,ok,1951-01-01,2019-12-31,25138,0.0002,41,Hub'Eau series: site | flags: Bonne/Expertisée/Donnée validée=14930; Non qualifiée/Expertisée/Donnée validée=9163; Bonne/Expertisée/Donnée pré-validée=586; Douteuse/Expertisée/Donnée validée=436; Douteuse/Expertisée/Donnée pré-validée=23,149.540352661065,143.0,2.497
70441,hubeau,P2315020,ok,1971-10-28,2019-12-31,15604,0.1331,36,Hub'Eau series: site | flags: Bonne/Expertisée/Donnée validée=15521; Douteuse/Expertisée/Donnée validée=75; Bonne/Reconstituée/Donnée validée=6; Bonne/Calculée/Donnée validée=2,121.190801231941,120.0,1.079
70442,hubeau,,unmapped,,,,,,"2 national stations qualify: P2070020, P2060001",6988.31900907236,,
70443,hubeau,P1860001,ok,1950-01-01,1986-12-31,13514,0.8049,8,Hub'Eau series: P186000101 | flags: Bonne/Expertisée/Donnée validée=12159; Douteuse/Expertisée/Donnée validée=1355,696.671953501819,691.0,2.4814
70444,hubeau,P1500001,ok,1961-01-01,2019-12-31,21549,0.0,41,Hub'Eau series: site | flags: Bonne/Expertisée/Donnée validée=20244; Douteuse/Expertisée/Donnée validée=1305,464.90694905068,513.0,2.597
70445,hubeau,,unmapped,,,,,,no national station within 5 km with area within 2%,5351.57107190469,,
70446,hubeau,P1220001,ok,1969-01-01,2017-12-10,17858,0.0514,39,Hub'Eau series: site | flags: Bonne/Expertisée/Donnée validée=16599; Douteuse/Expertisée/Donnée validée=557; Bonne/Expertisée/Donnée brute=343; Bonne/Expertisée/Donnée pré-validée=292; Non qualifiée/Expertisée/Donnée validée=67 | negative flow on 81 days,4083.37850836661,4319.0,1.9839
70447,hubeau,P0180001,ok,1950-01-01,2019-12-31,25567,0.0,41,Hub'Eau series: site | flags: Bonne/Expertisée/Donnée validée=23174; Douteuse/Expertisée/Donnée validée=1877; Non qualifiée/Expertisée/Donnée validée=516,1007.10337040865,1010.0,1.9476
70448,hubeau,P1150001,ok,1961-01-01,2019-12-31,21549,0.0,41,Hub'Eau series: site | flags: Non qualifiée/Expertisée/Donnée validée=14566; Bonne/Expertisée/Donnée pré-validée=3895; Bonne/Expertisée/Donnée validée=2936; Douteuse/Expertisée/Donnée validée=138; Douteuse/Expertisée/Donnée pré-validée=14,252.998104609045,252.0,2.2061
70449,hubeau,,unmapped,,,,,,no national station within 5 km with area within 2%,122.444754148957,,
70450,hubeau,,unmapped,,,,,,no national station within 5 km with area within 2%,196.284224789514,,
70451,hubeau,,unmapped,,,,,,match to P5685610 rejected: GSIM river 'CORRAL' vs 'Le ruisseau du Courbut à Ruch',3.79762354938858,,
70452,hubeau,P5404010,ok,1966-12-09,2019-12-31,16647,0.1826,32,Hub'Eau series: site | flags: Bonne/Expertisée/Donnée validée=13932; Bonne/Expertisée/Donnée pré-validée=1711; Douteuse/Expertisée/Donnée validée=922; Douteuse/Expertisée/Donnée pré-validée=66; Douteuse/Calculée/Donnée validée=10; Bonne/Calculée/Donnée pré-validée=2,74.452692260916,73.5,0.6077
70453,hubeau,P5140010,ok,1958-08-29,2019-12-31,19577,0.1888,29,Hub'Eau series: site | flags: Bonne/Expertisée/Donnée validée=19259; Douteuse/Expertisée/Donnée validée=317; Bonne/Expertisée/Donnée pré-validée=1,13911.3034034041,14040.0,1.7793
70454,hubeau,P4161010,ok,1950-01-01,2019-12-31,25534,0.0005,41,Hub'Eau series: site | flags: Bonne/Expertisée/Donnée validée=24767; Douteuse/Expertisée/Donnée validée=590; Bonne/Reconstituée/Donnée validée=166; Bonne/Calculée/Donnée validée=10; Douteuse/Calculée/Donnée validée=1,3157.12064970012,3125.0,1.5279
70455,hubeau,P4135010,ok,1966-01-01,2019-12-31,13569,0.3378,27,Hub'Eau series: site | flags: Bonne/Expertisée/Donnée validée=13323; Douteuse/Expertisée/Donnée validée=204; Douteuse/Calculée/Donnée validée=42,171.66551596582,167.0,0.7628
70456,hubeau,P4114010,ok,1966-01-01,2019-12-31,14262,0.2915,29,Hub'Eau series: site | flags: Bonne/Expertisée/Donnée validée=13363; Douteuse/Expertisée/Donnée validée=899,88.2510430567841,98.0,0.8908
70457,hubeau,P3994010,ok,1971-01-01,2019-12-31,16219,0.1121,35,Hub'Eau series: site | flags: Bonne/Expertisée/Donnée validée=10229; Douteuse/Expertisée/Donnée validée=5931; Bonne/Reconstituée/Donnée validée=37; Douteuse/Calculée/Donnée validée=19; Bonne/Calculée/Donnée validée=3,159.353042596739,162.0,1.4493
70458,hubeau,P3922520,ok,1950-01-01,2019-12-31,24172,0.093,36,Hub'Eau series: site | flags: Bonne/Expertisée/Donnée validée=21784; Bonne/Expertisée/Donnée pré-validée=2202; Douteuse/Expertisée/Donnée validée=177; Douteuse/Expertisée/Donnée pré-validée=5; Douteuse/Calculée/Donnée validée=4,939.480734959607,940.0,1.8475
70459,hubeau,P3614010,ok,1957-01-01,2019-12-31,22984,0.0017,41,Hub'Eau series: site | flags: Bonne/Expertisée/Donnée validée=22309; Douteuse/Expertisée/Donnée validée=594; Bonne/Reconstituée/Donnée validée=79; Bonne/Calculée/Donnée validée=2,43.1235963837749,43.0,2.4177
70460,hubeau,P3502510,ok,1957-01-01,2019-12-31,22894,0.0077,40,Hub'Eau series: site | flags: Bonne/Expertisée/Donnée validée=21334; Douteuse/Expertisée/Donnée validée=1550; Douteuse/Reconstituée/Donnée validée=8; Douteuse/Calculée/Donnée validée=2,370.382520510922,356.0,2.2711
70461,hubeau,P3464010,ok,1961-01-01,1996-01-01,12419,0.5853,17,Hub'Eau series: site | flags: Bonne/Expertisée/Donnée validée=12187; Douteuse/Expertisée/Donnée validée=230; Bonne/Expertisée/Donnée pré-validée=2 | AREA MISMATCH polygon/national=0.799,117.422346612523,147.0,2.5494
70462,hubeau,P3352520,ok,1990-01-01,2019-12-31,10155,0.3219,27,Hub'Eau series: site | flags: Bonne/Expertisée/Donnée validée=7942; Bonne/Reconstituée/Donnée validée=958; Bonne/Expertisée/Donnée pré-validée=699; Douteuse/Expertisée/Donnée validée=315; Douteuse/Reconstituée/Donnée validée=104; Bonne/Calculée/Donnée validée=98,171.026365270762,170.0,2.8652
70463,hubeau,P3322510,ok,1950-01-01,2019-12-31,23799,0.0244,40,Hub'Eau series: site | flags: Bonne/Expertisée/Donnée validée=23480; Douteuse/Expertisée/Donnée validée=245; Bonne/Reconstituée/Donnée validée=63; Bonne/Calculée/Donnée validée=11,54.3806523043607,54.0,3.1209
70464,hubeau,,unmapped,,,,,,no national station within 5 km with area within 2%,0.103140412165445,,
70465,hubeau,P3131020,ok,1950-01-01,2019-12-31,25389,0.0119,40,Hub'Eau series: site | flags: Bonne/Expertisée/Donnée pré-validée=11976; Bonne/Expertisée/Donnée validée=11544; Douteuse/Expertisée/Donnée validée=1777; Douteuse/Expertisée/Donnée pré-validée=77; Bonne/Reconstituée/Donnée validée=15,593.618239492357,601.0,2.1568
70466,hubeau,P3001010,ok,1957-01-01,2019-12-31,22501,0.0258,40,Hub'Eau series: site | flags: Bonne/Expertisée/Donnée validée=20548; Douteuse/Expertisée/Donnée validée=1919; Bonne/Reconstituée/Donnée validée=22; Douteuse/Calculée/Donnée validée=12,53.932626758425,52.0,2.2471
70467,hubeau,P2380010,ok,1950-01-01,2019-12-31,25566,0.0001,41,Hub'Eau series: site | flags: Bonne/Expertisée/Donnée validée=25390; Douteuse/Expertisée/Donnée validée=173; Bonne/Calculée/Donnée validée=2; Bonne/Expertisée/Donnée pré-validée=1,8639.45723950692,8705.0,1.8289
70468,hubeau,P2184310,ok,1971-11-05,2005-01-25,11718,0.3921,25,Hub'Eau series: P218431001 | flags: Bonne/Expertisée/Donnée validée=11180; Douteuse/Expertisée/Donnée validée=538,187.821528558295,202.0,0.9729
70469,hubeau,,unmapped,,,,,,no national station within 5 km with area within 2%,237.465868119093,,
70470,hubeau,P1770001,ok,1969-01-01,2019-12-31,18627,0.0,41,Hub'Eau series: site | flags: Non qualifiée/Expertisée/Donnée validée=9326; Bonne/Expertisée/Donnée validée=9011; Douteuse/Expertisée/Donnée validée=287; Bonne/Expertisée/Donnée pré-validée=3,357.536469978137,350.0,2.7733
70471,hubeau,P1744010,ok,1970-10-01,2019-12-31,12606,0.3559,24,Hub'Eau series: site | flags: Bonne/Expertisée/Donnée pré-validée=8436; Bonne/Expertisée/Donnée validée=3040; Douteuse/Expertisée/Donnée pré-validée=920; Douteuse/Expertisée/Donnée validée=56; Bonne/Reconstituée/Donnée pré-validée=49; Douteuse/Calculée/Donnée pré-validée=47,113.346059561472,105.0,3.3819
70472,hubeau,P1712910,ok,1959-01-01,2019-12-31,22251,0.0019,41,Hub'Eau series: site | flags: Bonne/Expertisée/Donnée validée=17251; Bonne/Expertisée/Donnée pré-validée=4186; Douteuse/Expertisée/Donnée validée=600; Douteuse/Expertisée/Donnée pré-validée=124; Douteuse/Calculée/Donnée pré-validée=53; Bonne/Calculée/Donnée pré-validée=11,90.9507139217617,88.0,3.8908
70473,hubeau,P1630010,ok,1961-01-01,2019-12-31,21422,0.0,41,Hub'Eau series: site | flags: Bonne/Expertisée/Donnée validée=21380; Douteuse/Expertisée/Donnée validée=20; Bonne/Reconstituée/Donnée validée=12; Douteuse/Calculée/Donnée validée=8; Bonne/Calculée/Donnée validée=2,5432.30192712728,5410.0,2.0419
70474,hubeau,P1592510,ok,1950-01-01,2019-12-31,25266,0.0201,40,Hub'Eau series: site | flags: Bonne/Expertisée/Donnée validée=25111; Douteuse/Expertisée/Donnée validée=152; Douteuse/Calculée/Donnée validée=3,816.341894455918,821.0,2.0548
70475,hubeau,P1454010,ok,1950-01-01,2019-12-31,12784,0.5832,17,Hub'Eau series: site | flags: Bonne/Expertisée/Donnée validée=9978; Bonne/Expertisée/Donnée pré-validée=2466; Douteuse/Expertisée/Donnée pré-validée=95; Douteuse/Expertisée/Donnée validée=86; Bonne/Reconstituée/Donnée validée=46; Bonne/Reconstituée/Donnée pré-validée=44,113.684451544451,115.0,2.6554
70476,hubeau,P1350010,ok,1950-01-01,2019-12-31,22191,0.2254,32,Hub'Eau series: site | flags: Bonne/Expertisée/Donnée validée=22045; Douteuse/Expertisée/Donnée validée=145; Bonne/Expertisée/Donnée pré-validée=1,4405.22690003604,4420.0,1.9795
70477,hubeau,,unmapped,,,,,,no national station within 5 km with area within 2%,84.547756361182,,
70478,hubeau,P0924010,ok,1961-03-01,2019-12-31,20099,0.0684,36,Hub'Eau series: site | flags: Bonne/Expertisée/Donnée validée=18497; Douteuse/Expertisée/Donnée validée=1572; Bonne/Reconstituée/Donnée validée=16; Douteuse/Calculée/Donnée validée=12; Bonne/Calculée/Donnée validée=2,76.3467964086456,79.0,1.9522
70479,hubeau,,unmapped,,,,,,"2 national stations qualify: P0890001, P0890002",416.212153088256,,
70480,hubeau,,unmapped,,,,,,no national station within 5 km with area within 2%,54.6392309755745,,
70481,hubeau,P0714010,ok,1959-01-01,2019-12-31,20728,0.0033,41,Hub'Eau series: site | flags: Bonne/Expertisée/Donnée validée=20005; Douteuse/Expertisée/Donnée validée=587; Douteuse/Calculée/Donnée validée=109; Bonne/Reconstituée/Donnée validée=22; Bonne/Calculée/Donnée validée=5,228.180053437164,225.0,1.779
70482,hubeau,P0630001,ok,1971-01-01,1986-12-31,3653,0.9268,3,Hub'Eau series: site | flags: Bonne/Expertisée/Donnée validée=3555; Douteuse/Expertisée/Donnée validée=98,93.8171065792682,93.0,0.6741
70483,hubeau,P0212510,ok,1956-01-01,2019-12-31,23287,0.0039,41,Hub'Eau series: site | flags: Bonne/Expertisée/Donnée validée=22221; Douteuse/Expertisée/Donnée validée=891; Bonne/Reconstituée/Donnée validée=90; Douteuse/Calculée/Donnée validée=49; Bonne/Calculée/Donnée validée=24; Douteuse/Reconstituée/Donnée validée=12,49.8197239740343,40.0,2.8162
70484,hubeau,,unmapped,,,,,,no national station within 5 km with area within 2%,61.5760826903235,,
70485,hubeau,,unmapped,,,,,,no national station within 5 km with area within 2%,73.6400974527874,,
70486,hubeau,,unmapped,,,,,,no national station within 5 km with area within 2%,355.26794484936,,
70487,hubeau,P0064310,ok,1950-01-01,1973-12-31,8707,1.0,0,Hub'Eau series: P006431001 | flags: Bonne/Expertisée/Donnée validée=8707,281.506222458906,282.0,1.4831
70488,hubeau,P0010010,ok,1950-01-01,2019-12-31,25477,0.0039,41,Hub'Eau series: site | flags: Bonne/Expertisée/Donnée validée=24883; Douteuse/Expertisée/Donnée validée=514; Bonne/Reconstituée/Donnée validée=49; Douteuse/Calculée/Donnée validée=11; Douteuse/Reconstituée/Donnée validée=10; Bonne/Calculée/Donnée validée=9,107.360975424135,87.0,2.945
70489,hubeau,O7625210,ok,1961-01-01,1980-09-20,7111,0.958,1,Hub'Eau series: site | flags: Bonne/Expertisée/Donnée validée=6853; Douteuse/Expertisée/Donnée validée=258,36.5233851146983,37.0,2.1122
70490,hubeau,,unmapped,,,,,,match to P9435110 rejected: GSIM river 'BARBEFER' vs 'Le ruisseau de Bourdillot à Pugnac',26.4334622296256,,
70491,hubeau,P9414010,ok,1972-12-02,1977-07-30,1702,1.0,0,Hub'Eau series: P941401001 | flags: Bonne/Expertisée/Donnée validée=1667; Douteuse/Expertisée/Donnée validée=35,31.7485426688207,31.4,0.6335
70492,hubeau,,unmapped,,,,,,no national station within 5 km with area within 2%,47.4452837442778,,
70493,hubeau,P8215010,ok,1972-01-28,2019-12-31,17504,0.0,41,Hub'Eau series: site | flags: Bonne/Expertisée/Donnée validée=13305; Bonne/Expertisée/Donnée pré-validée=3943; Douteuse/Expertisée/Donnée validée=177; Douteuse/Expertisée/Donnée pré-validée=79,38.5135843552006,40.0,0.6967
70494,hubeau,P7041510,ok,1961-01-01,2019-12-31,21549,0.0,41,Hub'Eau series: site | flags: Bonne/Expertisée/Donnée validée=19065; Douteuse/Expertisée/Donnée validée=2484,2115.91280282622,2123.0,1.0828
70495,hubeau,P8394310,ok,1969-02-11,2019-12-31,17749,0.0436,39,Hub'Eau series: site | flags: Bonne/Expertisée/Donnée validée=14147; Bonne/Expertisée/Donnée pré-validée=1824; Douteuse/Expertisée/Donnée pré-validée=1095; Douteuse/Expertisée/Donnée validée=683,317.957666042879,318.0,0.6961
70496,hubeau,,unmapped,,,,,,no national station within 5 km with area within 2%,1906.97212488099,,
70497,hubeau,,unmapped,,,,,,no national station within 5 km with area within 2%,1884.05266477972,,
70498,hubeau,,unmapped,,,,,,no national station within 5 km with area within 2%,129.512197485949,,
70499,hubeau,J7083110,ok,1962-01-01,2019-12-31,21146,0.0025,41,Hub'Eau series: site | flags: Bonne/Expertisée/Donnée validée=14533; Bonne/Expertisée/Donnée pré-validée=5778; Douteuse/Expertisée/Donnée validée=768; Douteuse/Expertisée/Donnée pré-validée=67,151.395865256446,151.29,0.6864
70500,hubeau,J0121510,ok,1968-01-01,2019-12-31,18988,0.0003,41,Hub'Eau series: site | flags: Bonne/Expertisée/Donnée validée=9948; Bonne/Expertisée/Donnée pré-validée=8481; Douteuse/Expertisée/Donnée pré-validée=295; Douteuse/Expertisée/Donnée validée=264,546.429339975036,517.0,0.7684
70501,hubeau,,unmapped,,,,,,no national station within 5 km with area within 2%,48.109316848965,,
70502,hubeau,J5606810,ok,1971-01-01,1987-06-16,4139,0.8115,5,Hub'Eau series: site | flags: Bonne/Expertisée/Donnée pré-validée=3835; Bonne/Expertisée/Donnée validée=300; Douteuse/Expertisée/Donnée pré-validée=4,11.099396048313,12.02,1.4549
70503,hubeau,,unmapped,,,,,,no national station within 5 km with area within 2%,19.2589740586544,,
70504,hubeau,,unmapped,,,,,,no national station within 5 km with area within 2%,123.310198490994,,
70505,hubeau,,unmapped,,,,,,no national station within 5 km with area within 2%,73.8846449351192,,
70506,hubeau,J4313010,ok,1976-01-01,2019-12-31,16046,0.0017,41,Hub'Eau series: site | flags: Bonne/Expertisée/Donnée validée=11853; Bonne/Expertisée/Donnée pré-validée=4037; Bonne/Reconstituée/Donnée pré-validée=67; Bonne/Reconstituée/Donnée validée=38; Douteuse/Expertisée/Donnée pré-validée=37; Douteuse/Expertisée/Donnée validée=12,170.823556903721,179.67,1.9158
70507,hubeau,J4224010,ok,1966-06-10,2019-12-31,19562,0.0001,41,Hub'Eau series: site | flags: Bonne/Expertisée/Donnée validée=17282; Bonne/Expertisée/Donnée pré-validée=1462; Bonne/Reconstituée/Donnée validée=659; Douteuse/Expertisée/Donnée validée=156; Bonne/Calculée/Donnée validée=3,111.899563172692,107.43,1.7644
70508,hubeau,,unmapped,,,,,,no national station within 5 km with area within 2%,45.6370090127165,,
70509,hubeau,J4014010,ok,1967-01-01,2019-12-31,19358,0.0,41,Hub'Eau series: site | flags: Bonne/Expertisée/Donnée pré-validée=12928; Bonne/Expertisée/Donnée validée=6196; Douteuse/Expertisée/Donnée pré-validée=223; Douteuse/Expertisée/Donnée validée=11,89.2384087580863,89.2,1.4043
70510,hubeau,J3713010,ok,1972-01-14,2019-12-31,17141,0.0013,41,Hub'Eau series: site | flags: Bonne/Expertisée/Donnée validée=15408; Bonne/Expertisée/Donnée pré-validée=1249; Douteuse/Expertisée/Donnée validée=270; Douteuse/Expertisée/Donnée pré-validée=205; Bonne/Calculée/Donnée pré-validée=8; Douteuse/Calculée/Donnée pré-validée=1,262.25468301563,258.5,1.4519
70511,hubeau,J3601810,ok,1974-06-27,2019-12-31,16559,0.0043,41,Hub'Eau series: site | flags: Bonne/Expertisée/Donnée validée=16094; Douteuse/Expertisée/Donnée validée=408; Bonne/Calculée/Donnée validée=57,116.390420713889,117.6,1.6786
70512,hubeau,,unmapped,,,,,,no national station within 5 km with area within 2%,63.4278339326747,,
70513,hubeau,,unmapped,,,,,,no national station within 5 km with area within 2%,24.7829161097896,,
70514,hubeau,,unmapped,,,,,,no national station within 5 km with area within 2%,21.4339202538034,,
70515,hubeau,,unmapped,,,,,,"2 national stations qualify: J3205711, J3204010",38.2506275178111,,
70516,hubeau,,unmapped,,,,,,"2 national stations qualify: J2603015, J2603016",99.3054981800557,,
70517,hubeau,J2605410,ok,1976-11-05,2019-12-31,15761,0.0001,41,Hub'Eau series: site | flags: Bonne/Expertisée/Donnée validée=15743; Douteuse/Expertisée/Donnée validée=8; Bonne/Reconstituée/Donnée validée=6; Bonne/Calculée/Donnée validée=3; Bonne/Expertisée/Donnée pré-validée=1,41.7868514028152,41.7,1.2691
70518,hubeau,J2233010,ok,1972-08-23,2019-12-31,17297,0.0,41,Hub'Eau series: site | flags: Bonne/Expertisée/Donnée validée=16853; Bonne/Expertisée/Donnée pré-validée=366; Douteuse/Expertisée/Donnée validée=70; Bonne/Reconstituée/Donnée validée=6; Douteuse/Calculée/Donnée validée=1; Bonne/Calculée/Donnée validée=1,264.705283547986,265.0,1.5518
70519,hubeau,J2023010,ok,1981-11-27,2019-12-31,13914,0.0709,38,Hub'Eau series: site | flags: Bonne/Expertisée/Donnée pré-validée=13440; Bonne/Expertisée/Donnée validée=391; Douteuse/Expertisée/Donnée pré-validée=76; Douteuse/Expertisée/Donnée validée=7,167.733120738797,165.32,0.9059
70520,hubeau,,unmapped,,,,,,no national station within 5 km with area within 2%,107.539056843543,,
70521,hubeau,J4623010,ok,1966-09-06,1994-07-11,10171,0.6213,15,Hub'Eau series: site | flags: Bonne/Expertisée/Donnée validée=9738; Douteuse/Expertisée/Donnée validée=409; Bonne/Reconstituée/Donnée validée=19; Bonne/Calculée/Donnée validée=5,181.093607270104,185.3,1.7181
70522,hubeau,J2723010,ok,1967-01-01,2019-12-31,18901,0.0011,41,Hub'Eau series: site | flags: Bonne/Expertisée/Donnée validée=10756; Bonne/Expertisée/Donnée pré-validée=7275; Douteuse/Expertisée/Donnée validée=738; Bonne/Reconstituée/Donnée validée=104; Bonne/Reconstituée/Donnée pré-validée=14; Douteuse/Expertisée/Donnée pré-validée=14,149.231027483731,141.6,1.6279
70523,hubeau,J3213020,ok,1966-07-01,2019-12-31,19533,0.0,41,Hub'Eau series: site | flags: Bonne/Expertisée/Donnée validée=17518; Bonne/Expertisée/Donnée pré-validée=1805; Bonne/Reconstituée/Donnée validée=90; Douteuse/Expertisée/Donnée validée=65; Douteuse/Reconstituée/Donnée validée=20; Douteuse/Expertisée/Donnée pré-validée=20 | AREA MISMATCH polygon/national=0.734,19.7437018797598,26.9,2.1804
70524,hubeau,J3834010,ok,1966-06-24,2019-12-31,19549,0.0,41,Hub'Eau series: site | flags: Bonne/Expertisée/Donnée validée=19320; Bonne/Expertisée/Donnée pré-validée=192; Douteuse/Expertisée/Donnée validée=32; Douteuse/Calculée/Donnée validée=5,154.537773611414,138.73,1.8478
70525,hubeau,J4214510,ok,1967-06-30,2019-12-31,19174,0.0003,41,Hub'Eau series: site | flags: Bonne/Expertisée/Donnée validée=13111; Bonne/Expertisée/Donnée pré-validée=6031; Bonne/Reconstituée/Donnée pré-validée=13; Douteuse/Expertisée/Donnée validée=10; Douteuse/Expertisée/Donnée pré-validée=9,7.20001837642799,7.17,1.8727
70526,hubeau,,unmapped,,,,,,no national station within 5 km with area within 2%,670.674330754565,,
70527,hubeau,K7420002,ok,1966-02-12,1996-02-20,9414,0.6856,13,Hub'Eau series: K742000201 | flags: Bonne/Expertisée/Donnée validée=8387; Douteuse/Expertisée/Donnée validée=1027,74.8208645495596,75.5,0.4425
70528,hubeau,K7433032,ok,1966-02-08,1976-12-31,3907,1.0,0,Hub'Eau series: site | flags: Bonne/Expertisée/Donnée validée=1497; Bonne/Expertisée/Donnée pré-validée=1419; Douteuse/Expertisée/Donnée validée=655; Douteuse/Expertisée/Donnée pré-validée=336,335.058794029679,337.0,0.4372
70529,hubeau,K7202610,ok,1965-01-01,2019-12-31,18868,0.0571,39,Hub'Eau series: site | flags: Bonne/Expertisée/Donnée validée=15525; Douteuse/Expertisée/Donnée validée=3343,687.495850968583,685.0,0.6461
70530,hubeau,K6593020,ok,1970-01-01,2019-12-31,16744,0.1014,37,Hub'Eau series: site | flags: Bonne/Expertisée/Donnée validée=11898; Douteuse/Expertisée/Donnée validée=2545; Bonne/Expertisée/Donnée pré-validée=2285; Douteuse/Expertisée/Donnée pré-validée=12; Bonne/Reconstituée/Donnée validée=4,991.991806642027,1002.0,0.4676
70531,hubeau,,unmapped,,,,,,no national station within 5 km with area within 2%,1.1592020513063,,
70532,hubeau,K5490902,ok,1965-01-01,2010-01-01,16284,0.254,31,Hub'Eau series: site | flags: Bonne/Expertisée/Donnée validée=11098; Douteuse/Expertisée/Donnée validée=4459; Bonne/Expertisée/Donnée pré-validée=727,4500.48434294648,4527.0,0.6629
70533,hubeau,K5090900,ok,1950-01-01,2019-12-31,21356,0.0373,38,Hub'Eau series: site | flags: Bonne/Expertisée/Donnée validée=15174; Bonne/Expertisée/Donnée pré-validée=5864; Douteuse/Expertisée/Donnée validée=162; Douteuse/Expertisée/Donnée pré-validée=156,526.93935205625,517.0,0.9461
70534,hubeau,K5383021,ok,1970-01-01,2008-07-14,12114,0.404,23,Hub'Eau series: site | flags: Bonne/Expertisée/Donnée validée=11191; Bonne/Expertisée/Donnée pré-validée=533; Douteuse/Expertisée/Donnée validée=389; Douteuse/Expertisée/Donnée pré-validée=1,932.365184890368,928.0,0.6365
70535,hubeau,K6334010,ok,1970-01-01,2019-12-31,14420,0.2566,30,Hub'Eau series: site | flags: Bonne/Expertisée/Donnée validée=13381; Bonne/Expertisée/Donnée pré-validée=521; Douteuse/Expertisée/Donnée validée=494; Douteuse/Expertisée/Donnée pré-validée=23; Bonne/Calculée/Donnée validée=1,75.5533626075334,79.0,0.7143
70536,hubeau,K6373020,ok,1971-01-01,2019-12-31,14031,0.2582,30,Hub'Eau series: site | flags: Bonne/Expertisée/Donnée validée=12341; Bonne/Expertisée/Donnée pré-validée=1027; Douteuse/Expertisée/Donnée validée=655; Bonne/Reconstituée/Donnée validée=7; Douteuse/Expertisée/Donnée pré-validée=1,317.539575079941,318.0,0.8684
70537,hubeau,K4670001,ok,1970-11-03,1985-12-31,5538,0.8292,7,Hub'Eau series: site | flags: Bonne/Expertisée/Donnée validée=4564; Douteuse/Expertisée/Donnée validée=974,1082.72871444501,1102.0,0.4775
70538,hubeau,K4780002,ok,1967-10-04,1991-06-06,8283,0.7211,11,Hub'Eau series: site | flags: Bonne/Expertisée/Donnée validée=6847; Douteuse/Expertisée/Donnée validée=1426; Bonne/Reconstituée/Donnée validée=8; Bonne/Expertisée/Donnée pré-validée=2,698.639052770112,702.0,0.4586
70539,hubeau,,unmapped,,,,,,match to K0943010 rejected: GSIM river 'REIMS' vs 'Le Rhins à Amplepuis',123.504200176114,,
70540,hubeau,K0624510,ok,1971-01-01,2019-12-31,16721,0.0785,38,Hub'Eau series: site | flags: Bonne/Expertisée/Donnée validée=15740; Bonne/Expertisée/Donnée pré-validée=700; Douteuse/Expertisée/Donnée validée=175; Bonne/Reconstituée/Donnée validée=72; Bonne/Calculée/Donnée validée=29; Douteuse/Calculée/Donnée validée=2,110.382720268523,106.0,0.6354
70541,hubeau,K0614010,ok,1968-01-01,2019-12-28,16728,0.1269,35,Hub'Eau series: site | flags: Bonne/Expertisée/Donnée validée=14121; Bonne/Expertisée/Donnée pré-validée=2182; Douteuse/Calculée/Donnée validée=210; Douteuse/Expertisée/Donnée validée=195; Bonne/Calculée/Donnée validée=18; Douteuse/Expertisée/Donnée pré-validée=2,180.372700326606,178.0,1.1563
70542,hubeau,,unmapped,,,,,,no national station within 5 km with area within 2%,192.505902063288,,
70543,hubeau,,unmapped,,,,,,"3 national stations qualify: K0433030, K0433020, K0436511",351.623955803932,,
70544,hubeau,K0763310,ok,1969-01-01,2013-03-27,14302,0.2888,29,Hub'Eau series: site | flags: Bonne/Expertisée/Donnée validée=12347; Bonne/Expertisée/Donnée pré-validée=1911; Douteuse/Expertisée/Donnée validée=36; Douteuse/Calculée/Donnée validée=5; Bonne/Calculée/Donnée pré-validée=3,41.933844175148,43.3,1.2804
70545,hubeau,K0733220,ok,1958-01-01,2019-12-31,22142,0.0305,39,Hub'Eau series: site | flags: Bonne/Expertisée/Donnée validée=22024; Bonne/Reconstituée/Donnée validée=81; Bonne/Calculée/Donnée validée=20; Douteuse/Expertisée/Donnée validée=17,60.9492659569117,60.5,2.4198
70546,hubeau,,unmapped,,,,,,no national station within 5 km with area within 2%,176.813261496105,,
70547,hubeau,K0813010,ok,1965-01-01,1995-12-31,10957,0.5854,17,Hub'Eau series: K081301001 | flags: Bonne/Expertisée/Donnée validée=6637; Douteuse/Expertisée/Donnée validée=4320,171.587382281407,174.0,1.4793
70548,hubeau,K0773221,ok,1966-01-01,1993-12-31,10227,0.6341,15,Hub'Eau series: site | flags: Bonne/Expertisée/Donnée validée=5646; Douteuse/Expertisée/Donnée validée=4581,676.20494545648,666.0,1.0837
70549,hubeau,K0260010,ok,1950-01-01,2019-12-31,24976,0.0375,39,Hub'Eau series: site | flags: Bonne/Expertisée/Donnée validée=19578; Bonne/Expertisée/Donnée pré-validée=5013; Douteuse/Expertisée/Donnée validée=284; Douteuse/Expertisée/Donnée pré-validée=56; Bonne/Reconstituée/Donnée pré-validée=39; Bonne/Calculée/Donnée pré-validée=6,1308.43160941821,1310.0,0.9349
70550,hubeau,K0253010,ok,1950-01-01,1983-12-31,12409,0.8781,5,Hub'Eau series: site | flags: Bonne/Expertisée/Donnée validée=9822; Douteuse/Expertisée/Donnée validée=2587,431.146878282244,428.0,0.7526
70551,hubeau,,unmapped,,,,,,no national station within 5 km with area within 2%,869.482562758106,,
70552,hubeau,K0550010,ok,1950-01-01,2019-12-31,25567,0.0,41,Hub'Eau series: site | flags: Bonne/Expertisée/Donnée validée=20223; Bonne/Expertisée/Donnée pré-validée=5103; Douteuse/Expertisée/Donnée validée=180; Douteuse/Reconstituée/Donnée validée=40; Douteuse/Expertisée/Donnée pré-validée=7; Bonne/Reconstituée/Donnée validée=5,3235.54524240434,3234.0,0.9366
70553,hubeau,K0983010,ok,1969-01-01,2019-12-31,18453,0.0116,40,Hub'Eau series: site | flags: Bonne/Expertisée/Donnée validée=13598; Douteuse/Expertisée/Donnée validée=4792; Bonne/Reconstituée/Donnée validée=45; Douteuse/Calculée/Donnée validée=12; Bonne/Calculée/Donnée validée=6,428.948010281164,427.0,1.0269
70554,hubeau,K0910010,ok,1950-01-01,2019-12-31,25567,0.0,41,Hub'Eau series: site | flags: Bonne/Expertisée/Donnée validée=20402; Bonne/Expertisée/Donnée pré-validée=5107; Douteuse/Expertisée/Donnée validée=51; Bonne/Calculée/Donnée pré-validée=5; Douteuse/Expertisée/Donnée pré-validée=2,6556.39903097963,6585.0,0.8523
70555,hubeau,K1833010,ok,1970-02-11,2019-12-31,11352,0.4587,21,Hub'Eau series: site | flags: Bonne/Expertisée/Donnée validée=10546; Bonne/Expertisée/Donnée pré-validée=741; Douteuse/Expertisée/Donnée validée=29; Bonne/Reconstituée/Donnée validée=29; Bonne/Reconstituée/Donnée pré-validée=7,386.572639609211,389.0,0.5593
70556,hubeau,K1363010,ok,1981-03-18,2019-12-31,14158,0.0546,38,Hub'Eau series: site | flags: Bonne/Expertisée/Donnée validée=9169; Bonne/Expertisée/Donnée pré-validée=4515; Douteuse/Expertisée/Donnée validée=238; Douteuse/Expertisée/Donnée pré-validée=229; Douteuse/Calculée/Donnée pré-validée=7,346.119628461602,343.0,0.8095
70557,hubeau,K1263110,not_found,,,,,,no daily flow returned for 1950-2019,19.909054039038,16.1,
70558,hubeau,K1391810,ok,1958-01-01,2019-12-31,21562,0.0723,36,Hub'Eau series: site | flags: Bonne/Expertisée/Donnée validée=21046; Douteuse/Expertisée/Donnée validée=493; Bonne/Reconstituée/Donnée validée=23,3165.40506043382,3166.0,0.9318
70559,hubeau,K1321810,ok,1971-10-27,2019-12-31,17418,0.0104,41,Hub'Eau series: site | flags: Bonne/Expertisée/Donnée validée=17063; Douteuse/Expertisée/Donnée validée=269; Bonne/Reconstituée/Donnée validée=86,1794.80229268187,1798.0,1.0691
70560,hubeau,K1960001,ok,1971-01-01,1985-12-31,5461,0.8305,7,Hub'Eau series: K196000101 | flags: Bonne/Expertisée/Donnée validée=4319; Douteuse/Expertisée/Donnée validée=1142,495.056212904999,501.0,0.9239
70561,hubeau,,unmapped,,,,,,no national station within 5 km with area within 2%,190.523720258257,,
70562,hubeau,K1914510,ok,1968-04-11,2019-12-31,18892,0.0,41,Hub'Eau series: site | flags: Bonne/Expertisée/Donnée validée=17532; Bonne/Expertisée/Donnée pré-validée=1096; Douteuse/Expertisée/Donnée validée=261; Bonne/Calculée/Donnée validée=3,116.482622524764,115.0,0.9166
70563,hubeau,K1775510,ok,1968-04-11,1999-01-17,11083,0.5215,19,Hub'Eau series: K177551001 | flags: Bonne/Expertisée/Donnée validée=9254; Bonne/Expertisée/Donnée pré-validée=1475; Douteuse/Expertisée/Donnée validée=350; Douteuse/Expertisée/Donnée pré-validée=4,65.5822208501333,66.6,0.9608
70564,hubeau,,unmapped,,,,,,no national station within 5 km with area within 2%,175.012546584031,,
70565,hubeau,K1273110,ok,1967-09-01,2019-12-31,19115,0.0,41,Hub'Eau series: site | flags: Bonne/Expertisée/Donnée validée=16661; Bonne/Expertisée/Donnée pré-validée=2188; Douteuse/Expertisée/Donnée validée=262; Douteuse/Expertisée/Donnée pré-validée=4,260.009879365245,257.0,1.1966
70566,hubeau,K1211810,ok,1970-01-01,1986-07-29,6046,0.8152,7,Hub'Eau series: K121181001 | flags: Bonne/Expertisée/Donnée validée=5849; Douteuse/Expertisée/Donnée validée=197,247.318504702102,243.0,0.7099
70567,hubeau,K1173210,ok,1970-01-01,2019-12-31,18170,0.0061,41,Hub'Eau series: site | flags: Bonne/Expertisée/Donnée validée=18030; Douteuse/Expertisée/Donnée validée=140,600.755965145548,599.0,0.819
70568,hubeau,K1753110,ok,1969-06-24,2019-12-31,18143,0.0187,40,Hub'Eau series: site | flags: Bonne/Expertisée/Donnée validée=16597; Bonne/Expertisée/Donnée pré-validée=952; Douteuse/Expertisée/Donnée validée=442; Douteuse/Expertisée/Donnée pré-validée=142; Douteuse/Calculée/Donnée validée=8; Douteuse/Calculée/Donnée pré-validée=2,340.892743156342,338.0,1.1024
70569,hubeau,K1773010,ok,1970-01-01,2019-12-31,15476,0.186,33,Hub'Eau series: site | flags: Bonne/Expertisée/Donnée validée=15307; Douteuse/Expertisée/Donnée validée=169,1460.59688769497,1465.0,1.0438
70570,hubeau,K4094010,ok,1969-09-25,2019-12-31,17999,0.0,41,Hub'Eau series: site | flags: Bonne/Expertisée/Donnée validée=17197; Douteuse/Expertisée/Donnée validée=802,462.399825490244,473.0,0.6493
70571,hubeau,,unmapped,,,,,,no national station within 5 km with area within 2%,0.195288001050019,,
70572,hubeau,L9100001,ok,1968-01-01,1978-12-31,3776,1.0,0,Hub'Eau series: site | flags: Bonne/Expertisée/Donnée validée=3139; Douteuse/Expertisée/Donnée validée=293; Bonne/Expertisée/Donnée pré-validée=290; Douteuse/Expertisée/Donnée pré-validée=54,480.782326897187,477.0,0.3719
70573,hubeau,,unmapped,,,,,,no national station within 5 km with area within 2%,17.1106046992827,,
70574,hubeau,L9200002,ok,1967-02-22,1983-12-29,5993,0.8883,4,Hub'Eau series: site | flags: Bonne/Expertisée/Donnée validée=4827; Bonne/Expertisée/Donnée pré-validée=812; Douteuse/Expertisée/Donnée validée=214; Douteuse/Expertisée/Donnée pré-validée=140,40.0819390354804,37.0,0.4826
70575,hubeau,L9110004,ok,1967-04-01,1978-06-30,4099,1.0,0,Hub'Eau series: site | flags: Bonne/Expertisée/Donnée validée=3590; Bonne/Expertisée/Donnée pré-validée=319; Douteuse/Expertisée/Donnée validée=147; Douteuse/Expertisée/Donnée pré-validée=43,59.222643831333,54.0,0.391
70576,hubeau,K4873120,ok,1968-11-13,2019-12-31,18642,0.0023,41,Hub'Eau series: site | flags: Bonne/Expertisée/Donnée validée=16143; Douteuse/Expertisée/Donnée validée=1331; Bonne/Expertisée/Donnée pré-validée=1145; Bonne/Reconstituée/Donnée validée=21; Douteuse/Expertisée/Donnée pré-validée=1; Bonne/Calculée/Donnée validée=1,255.794928510588,263.0,0.4122
70577,hubeau,L9110006,ok,1967-01-01,2019-12-31,8711,0.7103,12,Hub'Eau series: site | flags: Bonne/Expertisée/Donnée validée=5521; Bonne/Calculée/Donnée validée=2513; Bonne/Expertisée/Donnée pré-validée=362; Douteuse/Expertisée/Donnée validée=313; Douteuse/Expertisée/Donnée pré-validée=2,321.125928734582,291.0,0.3246
70578,hubeau,,unmapped,,,,,,no national station within 5 km with area within 2%,0.418128994172795,,
70579,hubeau,L9220002,ok,1967-05-23,1976-12-31,3502,1.0,0,Hub'Eau series: site | flags: Bonne/Expertisée/Donnée validée=3452; Douteuse/Expertisée/Donnée validée=50,36.8185543219053,42.5,0.223
70580,hubeau,,unmapped,,,,,,match to L9000006 rejected: GSIM river 'CHANGEON' vs 'L'Authion à Benais',116.379222434588,,
70581,hubeau,L9000005,ok,1967-01-01,1982-12-30,5732,0.9065,4,Hub'Eau series: site | flags: Bonne/Expertisée/Donnée validée=4740; Douteuse/Expertisée/Donnée validée=647; Bonne/Expertisée/Donnée pré-validée=279; Douteuse/Expertisée/Donnée pré-validée=66 | AREA MISMATCH polygon/national=0.0135,0.405832222193227,30.0,36.1919
70582,hubeau,K4853012,ok,1966-07-19,1992-04-22,8533,0.7299,11,Hub'Eau series: site | flags: Bonne/Expertisée/Donnée validée=7746; Douteuse/Expertisée/Donnée validée=787,63.1944170807653,63.2,0.38
70583,hubeau,,unmapped,,,,,,no national station within 5 km with area within 2%,524.210662145675,,
70584,hubeau,,unmapped,,,,,,no national station within 5 km with area within 2%,87.1973439800767,,
70585,hubeau,M1313010,ok,1982-11-05,2019-12-31,13569,0.0939,37,Hub'Eau series: site | flags: Bonne/Expertisée/Donnée validée=12778; Douteuse/Expertisée/Donnée validée=407; Bonne/Expertisée/Donnée pré-validée=291; Douteuse/Expertisée/Donnée pré-validée=75; Bonne/Reconstituée/Donnée validée=18,149.16499878439,156.0,0.5292
70586,hubeau,M1124810,ok,1969-01-01,2019-12-31,13145,0.3661,25,Hub'Eau series: site | flags: Bonne/Expertisée/Donnée validée=10873; Douteuse/Expertisée/Donnée validée=1614; Bonne/Expertisée/Donnée pré-validée=594; Bonne/Reconstituée/Donnée validée=28; Douteuse/Expertisée/Donnée pré-validée=25; Douteuse/Calculée/Donnée validée=11,280.038977759553,276.0,0.4487
70587,hubeau,M1114015,ok,1977-02-11,1992-03-11,4750,0.7141,10,Hub'Eau series: site | flags: Bonne/Expertisée/Donnée validée=2490; Bonne/Expertisée/Donnée pré-validée=1834; Douteuse/Expertisée/Donnée validée=275; Douteuse/Expertisée/Donnée pré-validée=151,282.098357206714,282.0,0.3813
70588,hubeau,M1034020,ok,1973-10-13,2019-12-31,16869,0.0008,41,Hub'Eau series: site | flags: Bonne/Expertisée/Donnée validée=15438; Douteuse/Expertisée/Donnée validée=947; Bonne/Expertisée/Donnée pré-validée=366; Bonne/Reconstituée/Donnée validée=90; Bonne/Calculée/Donnée validée=26; Douteuse/Reconstituée/Donnée validée=2,277.195991933109,268.0,0.4498
70589,hubeau,M1463020,ok,1972-01-01,1997-01-24,9156,0.5593,18,Hub'Eau series: site | flags: Bonne/Expertisée/Donnée validée=6297; Douteuse/Expertisée/Donnée validée=2834; Bonne/Expertisée/Donnée pré-validée=25,224.252085157867,224.0,0.4508
70590,hubeau,M1020003,ok,1972-07-20,1982-08-07,1897,0.9372,0,Hub'Eau series: site | flags: Bonne/Expertisée/Donnée validée=1890; Douteuse/Expertisée/Donnée validée=7,232.829043790516,203.0,0.0339
70591,hubeau,M1020002,ok,1972-07-19,1979-01-17,1177,0.9998,0,Hub'Eau series: site | flags: Bonne/Expertisée/Donnée validée=1146; Douteuse/Expertisée/Donnée validée=31,123.050423163981,122.0,0.0751
70592,hubeau,M1213013,ok,1970-09-05,2002-01-23,11464,0.4375,23,Hub'Eau series: site | flags: Bonne/Expertisée/Donnée validée=10609; Douteuse/Expertisée/Donnée validée=833; Bonne/Reconstituée/Donnée validée=22,88.6975431210953,85.0,0.5009
70593,hubeau,,unmapped,,,,,,"3 national stations qualify: M1233020, M1233030, M1233010",547.575653185058,,
70594,hubeau,M1531610,ok,1961-01-01,2019-12-31,21394,0.0104,40,Hub'Eau series: site | flags: Bonne/Expertisée/Donnée validée=19998; Bonne/Reconstituée/Donnée validée=717; Bonne/Expertisée/Donnée pré-validée=577; Douteuse/Expertisée/Donnée validée=97; Douteuse/Expertisée/Donnée pré-validée=5,7840.70244846599,7920.0,0.3475
70595,hubeau,,unmapped,,,,,,no national station within 5 km with area within 2%,1502.58062374264,,
70596,hubeau,M1041610,ok,1967-01-01,2019-12-31,18744,0.0335,37,Hub'Eau series: site | flags: Bonne/Expertisée/Donnée validée=18619; Douteuse/Expertisée/Donnée validée=114; Bonne/Reconstituée/Donnée validée=9; Bonne/Calculée/Donnée validée=2,1049.45083435286,1160.0,0.2722
70597,hubeau,M1020001,ok,1971-12-14,1982-04-05,3766,0.9205,3,Hub'Eau series: site | flags: Bonne/Expertisée/Donnée validée=3594; Douteuse/Expertisée/Donnée validée=76; Bonne/Expertisée/Donnée pré-validée=61; Douteuse/Expertisée/Donnée pré-validée=35,619.440358092478,764.0,0.2832
70598,hubeau,M0680610,ok,1971-01-01,2019-12-31,17897,0.0,41,Hub'Eau series: site | flags: Bonne/Expertisée/Donnée validée=17515; Bonne/Reconstituée/Donnée validée=257; Douteuse/Expertisée/Donnée validée=125,7544.30419161837,7380.0,0.5432
70599,hubeau,M0674010,ok,1981-12-24,2019-12-31,13447,0.102,36,Hub'Eau series: site | flags: Bonne/Expertisée/Donnée validée=11378; Bonne/Expertisée/Donnée pré-validée=1812; Douteuse/Expertisée/Donnée validée=171; Douteuse/Calculée/Donnée validée=67; Douteuse/Expertisée/Donnée pré-validée=19,47.6201663432359,48.0,0.4877
70600,hubeau,M0566220,ok,1982-08-25,2019-12-31,13643,0.0889,37,Hub'Eau series: site | flags: Bonne/Expertisée/Donnée validée=9553; Bonne/Expertisée/Donnée pré-validée=2455; Douteuse/Expertisée/Donnée validée=1475; Douteuse/Calculée/Donnée pré-validée=67; Bonne/Reconstituée/Donnée validée=47; Douteuse/Expertisée/Donnée pré-validée=26,25.7849282680124,22.0,0.5779
70601,hubeau,M0401510,ok,1974-01-01,1984-12-30,4017,0.8537,6,Hub'Eau series: site | flags: Bonne/Expertisée/Donnée validée=3823; Douteuse/Expertisée/Donnée validée=194,1468.90401505412,1420.0,0.7348
70602,hubeau,M0653110,ok,1980-09-18,2019-12-31,14349,0.0418,39,Hub'Eau series: site | flags: Bonne/Expertisée/Donnée validée=12891; Bonne/Expertisée/Donnée pré-validée=736; Douteuse/Expertisée/Donnée validée=706; Bonne/Reconstituée/Donnée validée=12; Bonne/Calculée/Donnée validée=4,239.229285249165,233.0,0.5266
70603,hubeau,M0583020,ok,1980-11-18,2019-12-31,14288,0.0459,39,Hub'Eau series: site | flags: Bonne/Expertisée/Donnée validée=13226; Bonne/Expertisée/Donnée pré-validée=732; Douteuse/Expertisée/Donnée validée=322; Bonne/Calculée/Donnée pré-validée=4; Bonne/Calculée/Donnée validée=3; Bonne/Reconstituée/Donnée validée=1,400.283120269003,401.0,0.6778
70604,hubeau,M0361510,ok,1972-01-01,2019-12-31,17532,0.0,41,Hub'Eau series: site | flags: Bonne/Expertisée/Donnée validée=16447; Douteuse/Expertisée/Donnée validée=1011; Bonne/Reconstituée/Donnée validée=65; Bonne/Calculée/Donnée validée=9,836.875505514362,827.0,0.6436
70605,hubeau,M0361515,ok,1971-11-06,1990-06-26,6808,0.7199,11,Hub'Eau series: site | flags: Bonne/Expertisée/Donnée validée=5794; Douteuse/Expertisée/Donnée validée=1014,92.4039782686184,79.0,0.554
70606,hubeau,M0064351,not_found,,,,,,no daily flow returned for 1950-2019,112.907721656621,109.0,
70607,hubeau,M0633010,ok,1972-10-03,2019-12-31,17176,0.0053,41,Hub'Eau series: site | flags: Bonne/Expertisée/Donnée validée=15096; Bonne/Expertisée/Donnée pré-validée=1092; Douteuse/Expertisée/Donnée validée=970; Douteuse/Expertisée/Donnée pré-validée=9; Bonne/Reconstituée/Donnée validée=7; Bonne/Calculée/Donnée validée=2,393.486782810999,380.0,0.6014
70608,hubeau,M0583010,ok,1967-11-08,1980-12-31,4803,0.9512,2,Hub'Eau series: site | flags: Bonne/Expertisée/Donnée validée=4668; Douteuse/Expertisée/Donnée validée=135,360.723309163141,360.0,0.5461
70609,hubeau,,unmapped,,,,,,no national station within 5 km with area within 2%,5449.87622609118,,
70610,hubeau,M6315610,ok,1975-06-01,1991-01-16,5614,0.7126,11,Hub'Eau series: site | flags: Bonne/Expertisée/Donnée validée=5083; Douteuse/Expertisée/Donnée validée=531,33.4205839705716,37.0,0.5564
70611,hubeau,M6214010,ok,1973-10-16,1990-02-14,1629,0.9951,0,Hub'Eau series: site | flags: Bonne/Expertisée/Donnée validée=1609; Douteuse/Expertisée/Donnée validée=20,60.6438791599558,60.0,0.7042
70612,hubeau,M3834010,ok,1968-08-28,2019-12-31,15729,0.081,37,Hub'Eau series: site | flags: Bonne/Expertisée/Donnée validée=14883; Douteuse/Expertisée/Donnée validée=793; Bonne/Reconstituée/Donnée validée=51; Bonne/Calculée/Donnée validée=2,151.011465336499,155.0,0.4076
70613,hubeau,M3744010,ok,1981-06-17,1983-12-31,928,0.938,2,Hub'Eau series: site | flags: Bonne/Expertisée/Donnée validée=928,20.0885399309421,21.0,0.7525
70614,hubeau,M3103010,ok,1980-10-02,2019-12-31,14335,0.0427,39,Hub'Eau series: site | flags: Bonne/Expertisée/Donnée validée=12562; Bonne/Expertisée/Donnée pré-validée=1449; Bonne/Reconstituée/Donnée validée=136; Douteuse/Expertisée/Donnée validée=121; Douteuse/Calculée/Donnée validée=52; Douteuse/Calculée/Donnée pré-validée=9,203.673546707797,201.3,1.1963
70615,hubeau,M3813010,ok,1975-06-01,1991-12-23,6043,0.6839,13,Hub'Eau series: site | flags: Bonne/Expertisée/Donnée validée=5257; Douteuse/Expertisée/Donnée validée=786,103.105456265896,103.0,0.5365
70616,hubeau,M3771810,ok,1973-01-01,2019-12-31,16585,0.0328,39,Hub'Eau series: site | flags: Bonne/Expertisée/Donnée validée=15341; Bonne/Expertisée/Donnée pré-validée=724; Douteuse/Expertisée/Donnée validée=508; Douteuse/Calculée/Donnée pré-validée=9; Bonne/Reconstituée/Donnée validée=2; Bonne/Calculée/Donnée validée=1,732.068157046538,734.0,0.4764
70617,hubeau,M3313010,ok,1970-09-12,2019-12-31,18008,0.0,41,Hub'Eau series: site | flags: Bonne/Expertisée/Donnée validée=13715; Bonne/Expertisée/Donnée pré-validée=3903; Douteuse/Expertisée/Donnée validée=169; Douteuse/Expertisée/Donnée pré-validée=116; Douteuse/Calculée/Donnée validée=67; Bonne/Reconstituée/Donnée validée=28,114.933946418057,115.0,1.0328
70618,hubeau,,unmapped,,,,,,no national station within 5 km with area within 2%,217.124093937782,,
70619,hubeau,,unmapped,,,,,,match to M6204010 rejected: GSIM river 'DONNEAU' vs 'Le Hâvre à Mésanger [Pont-Esnault]',81.7004957035096,,
70620,hubeau,M3774010,ok,1971-12-11,2019-12-31,17509,0.0028,41,Hub'Eau series: site | flags: Bonne/Expertisée/Donnée validée=14803; Bonne/Expertisée/Donnée pré-validée=1412; Douteuse/Expertisée/Donnée validée=1241; Douteuse/Expertisée/Donnée pré-validée=53,83.0866980755687,85.0,0.5112
70621,hubeau,M3504010,ok,1973-01-01,2019-12-31,17160,0.0004,41,Hub'Eau series: site | flags: Bonne/Expertisée/Donnée validée=14111; Bonne/Expertisée/Donnée pré-validée=2175; Douteuse/Expertisée/Donnée validée=859; Douteuse/Expertisée/Donnée pré-validée=8; Bonne/Reconstituée/Donnée pré-validée=5; Bonne/Calculée/Donnée pré-validée=2,239.645790731853,235.0,0.6839
70622,hubeau,M3253110,ok,1974-01-01,2019-12-31,16801,0.0,41,Hub'Eau series: site | flags: Bonne/Expertisée/Donnée validée=14503; Bonne/Expertisée/Donnée pré-validée=2164; Douteuse/Expertisée/Donnée validée=59; Bonne/Reconstituée/Donnée validée=44; Douteuse/Expertisée/Donnée pré-validée=30; Bonne/Calculée/Donnée validée=1,185.012975769551,188.0,0.8907
70623,hubeau,M3861810,ok,1969-01-01,2001-01-01,9630,0.5438,18,Hub'Eau series: site | flags: Bonne/Expertisée/Donnée validée=6986; Bonne/Expertisée/Donnée pré-validée=1180; Douteuse/Expertisée/Donnée validée=1163; Bonne/Reconstituée/Donnée pré-validée=166; Douteuse/Expertisée/Donnée pré-validée=115; Bonne/Reconstituée/Donnée validée=17,1414.86850314337,1409.0,0.4399
70624,hubeau,M3630910,ok,1965-03-01,2019-12-31,19620,0.0,41,Hub'Eau series: site | flags: Bonne/Expertisée/Donnée validée=18960; Bonne/Reconstituée/Donnée validée=477; Douteuse/Expertisée/Donnée validée=183,4156.4707087935,4160.0,0.8173
70625,hubeau,,unmapped,,,,,,no national station within 5 km with area within 2%,3914.44891691279,,
70626,hubeau,,unmapped,,,,,,no national station within 5 km with area within 2%,117.051509997507,,
70627,hubeau,,unmapped,,,,,,no national station within 5 km with area within 2%,93.4369733689923,,
70628,hubeau,,unmapped,,,,,,no national station within 5 km with area within 2%,23.1452585148554,,
70629,hubeau,J8133010,ok,1982-01-29,2019-12-31,13815,0.0775,38,Hub'Eau series: site | flags: Bonne/Expertisée/Donnée validée=13733; Douteuse/Expertisée/Donnée validée=82,296.819956362402,298.4,1.0099
70630,hubeau,J8022310,ok,1978-10-19,2019-12-31,13762,0.0859,37,Hub'Eau series: site | flags: Bonne/Expertisée/Donnée validée=11478; Bonne/Expertisée/Donnée pré-validée=1644; Douteuse/Expertisée/Donnée validée=353; Douteuse/Calculée/Donnée pré-validée=184; Bonne/Calculée/Donnée validée=90; Douteuse/Expertisée/Donnée pré-validée=10,256.138824564433,251.3,1.0858
70631,hubeau,,unmapped,,,,,,no national station within 5 km with area within 2%,31.3962180259393,,
70632,hubeau,,unmapped,,,,,,no national station within 5 km with area within 2%,409.676536144559,,
70633,hubeau,J7373110,ok,1972-01-01,1987-12-30,5843,0.7806,9,Hub'Eau series: site | flags: Bonne/Expertisée/Donnée validée=4988; Bonne/Expertisée/Donnée pré-validée=727; Douteuse/Expertisée/Donnée validée=125; Douteuse/Expertisée/Donnée pré-validée=3,62.2324211509148,60.8,0.5373
70634,hubeau,,unmapped,,,,,,no national station within 5 km with area within 2%,10.7755074934431,,
70635,hubeau,,unmapped,,,,,,no national station within 5 km with area within 2%,14.6992080573661,,
70636,hubeau,J0323010,ok,1967-11-18,2019-12-31,18962,0.005,41,Hub'Eau series: site | flags: Bonne/Expertisée/Donnée validée=11447; Bonne/Expertisée/Donnée pré-validée=7156; Douteuse/Expertisée/Donnée validée=248; Douteuse/Expertisée/Donnée pré-validée=111,67.4763369314693,62.7,0.6055
70637,hubeau,,unmapped,,,,,,no national station within 5 km with area within 2%,64.5586399271519,,
70638,hubeau,J1103010,ok,1972-01-04,2019-12-31,17519,0.0,41,Hub'Eau series: site | flags: Bonne/Expertisée/Donnée validée=16582; Bonne/Expertisée/Donnée pré-validée=733; Douteuse/Expertisée/Donnée validée=204,104.677428862473,103.5,0.6744
70639,hubeau,J0621610,ok,1950-01-01,2014-12-31,23736,0.1223,36,Hub'Eau series: site | flags: Bonne/Expertisée/Donnée validée=21414; Bonne/Expertisée/Donnée pré-validée=1820; Douteuse/Expertisée/Donnée validée=502 | negative flow on 27 days,371.675937601332,374.4,0.6444
70640,hubeau,J8143010,ok,1969-01-01,1980-12-14,4366,0.9523,2,Hub'Eau series: site | flags: Bonne/Expertisée/Donnée validée=4354; Douteuse/Expertisée/Donnée validée=12,380.722903630896,374.7,0.8686
70641,hubeau,,unmapped,,,,,,no national station within 5 km with area within 2%,111.685156272402,,
70642,hubeau,,unmapped,,,,,,no national station within 5 km with area within 2%,801.371928365432,,
70643,hubeau,K4150013,ok,1968-09-21,1992-06-29,5470,0.8854,4,Hub'Eau series: site | flags: Bonne/Expertisée/Donnée validée=5140; Douteuse/Expertisée/Donnée validée=330,28.3826941209315,27.0,0.4772
70644,hubeau,K2944010,ok,1965-01-01,2019-12-31,19648,0.0294,40,Hub'Eau series: site | flags: Bonne/Expertisée/Donnée validée=19499; Douteuse/Expertisée/Donnée validée=85; Bonne/Reconstituée/Donnée validée=64,71.210152478553,74.5,1.5583
70645,hubeau,,unmapped,,,,,,no national station within 5 km with area within 2%,7.24675347647813,,
70646,hubeau,K2834010,ok,1965-01-01,2019-12-31,19087,0.0425,37,Hub'Eau series: site | flags: Bonne/Expertisée/Donnée validée=19050; Douteuse/Expertisée/Donnée validée=37,78.2543639758587,70.0,1.2573
70647,hubeau,K2544010,ok,1970-01-01,2019-12-31,17560,0.0127,40,Hub'Eau series: site | flags: Bonne/Expertisée/Donnée validée=16800; Douteuse/Expertisée/Donnée validée=675; Douteuse/Calculée/Donnée validée=84; Bonne/Expertisée/Donnée pré-validée=1,70.0576454547786,66.2,0.6884
70648,hubeau,,unmapped,,,,,,no national station within 5 km with area within 2%,79.2087829943684,,
70649,hubeau,K2365510,ok,1969-06-07,2018-07-09,16999,0.0939,37,Hub'Eau series: K236551001 | flags: Bonne/Expertisée/Donnée validée=16529; Douteuse/Expertisée/Donnée validée=274; Bonne/Expertisée/Donnée pré-validée=184; Douteuse/Calculée/Donnée validée=12 | AREA MISMATCH polygon/national=0.595,27.4788724599013,46.2,0.724
70650,hubeau,K2010820,ok,1976-01-01,2019-12-31,15844,0.0152,40,Hub'Eau series: site | flags: Bonne/Expertisée/Donnée validée=11224; Bonne/Expertisée/Donnée pré-validée=4306; Douteuse/Expertisée/Donnée validée=256; Bonne/Reconstituée/Donnée pré-validée=35; Bonne/Calculée/Donnée pré-validée=8; Bonne/Calculée/Donnée validée=5,39.282403412559,48.8,3.7754
70651,hubeau,K3382010,ok,1967-01-01,2019-12-31,19303,0.0037,41,Hub'Eau series: site | flags: Bonne/Expertisée/Donnée validée=12743; Bonne/Expertisée/Donnée pré-validée=6434; Douteuse/Expertisée/Donnée pré-validée=118; Douteuse/Calculée/Donnée pré-validée=6; Douteuse/Expertisée/Donnée validée=2,2440.66558615457,2458.0,0.867
70652,hubeau,K3322010,ok,1972-01-01,2019-12-31,16479,0.0703,38,Hub'Eau series: site | flags: Bonne/Expertisée/Donnée validée=9478; Bonne/Expertisée/Donnée pré-validée=6937; Douteuse/Expertisée/Donnée validée=31; Bonne/Reconstituée/Donnée validée=22; Douteuse/Calculée/Donnée validée=10; Douteuse/Expertisée/Donnée pré-validée=1,1639.60468920282,1648.0,1.0421
70653,hubeau,K3292020,ok,1950-01-01,2019-08-31,25445,0.0081,40,Hub'Eau series: site | flags: Bonne/Expertisée/Donnée validée=25179; Douteuse/Expertisée/Donnée validée=265; Bonne/Expertisée/Donnée pré-validée=1,1295.60590501771,1300.0,1.1327
70654,hubeau,K2783010,ok,1970-10-12,2019-12-31,17712,0.0017,41,Hub'Eau series: site | flags: Bonne/Expertisée/Donnée validée=12621; Bonne/Expertisée/Donnée pré-validée=4670; Douteuse/Expertisée/Donnée validée=344; Douteuse/Expertisée/Donnée pré-validée=56; Douteuse/Calculée/Donnée pré-validée=21,831.709940384192,713.0,0.4193
70655,hubeau,,unmapped,,,,,,no national station within 5 km with area within 2%,0.102429948249944,,
70656,hubeau,,unmapped,,,,,,no national station within 5 km with area within 2%,94.3039974127381,,
70657,hubeau,K2316210,ok,1970-01-01,2019-12-31,17483,0.0276,39,Hub'Eau series: site | flags: Bonne/Expertisée/Donnée validée=16116; Bonne/Expertisée/Donnée pré-validée=1058; Douteuse/Expertisée/Donnée validée=271; Douteuse/Expertisée/Donnée pré-validée=25; Douteuse/Calculée/Donnée pré-validée=13,155.740868031477,130.0,0.6888
70658,hubeau,,unmapped,,,,,,"2 national stations qualify: K2240820, K2240822",1482.49095672806,,
70659,hubeau,,unmapped,,,,,,no national station within 5 km with area within 2%,1048.68468830614,,
70660,hubeau,K2234032,ok,1969-01-01,2019-12-31,18627,0.0,41,Hub'Eau series: site | flags: Bonne/Expertisée/Donnée validée=18587; Douteuse/Expertisée/Donnée validée=40,232.399566095765,225.0,1.049
70661,hubeau,K2753010,ok,1967-01-02,2019-12-31,19342,0.0001,41,Hub'Eau series: site | flags: Bonne/Expertisée/Donnée validée=18704; Bonne/Expertisée/Donnée pré-validée=398; Douteuse/Expertisée/Donnée validée=190; Douteuse/Calculée/Donnée validée=48; Douteuse/Calculée/Donnée pré-validée=2,116.042457357402,117.0,0.7463
70662,hubeau,K2283110,ok,1970-01-01,2019-12-31,17561,0.0208,39,Hub'Eau series: site | flags: Bonne/Expertisée/Donnée validée=10675; Bonne/Expertisée/Donnée pré-validée=6584; Douteuse/Expertisée/Donnée pré-validée=185; Douteuse/Expertisée/Donnée validée=99; Douteuse/Calculée/Donnée validée=12; Bonne/Reconstituée/Donnée validée=6,137.691404845811,140.0,1.048
70663,hubeau,K3153010,ok,1970-01-01,2019-12-31,18223,0.0001,41,Hub'Eau series: site | flags: Bonne/Expertisée/Donnée validée=12168; Bonne/Expertisée/Donnée pré-validée=4217; Douteuse/Expertisée/Donnée validée=1673; Douteuse/Expertisée/Donnée pré-validée=147; Douteuse/Calculée/Donnée pré-validée=18,199.276505566028,210.0,0.41
70664,hubeau,K3222010,ok,1965-01-01,2019-12-31,20059,0.0019,41,Hub'Eau series: site | flags: Bonne/Expertisée/Donnée validée=13522; Bonne/Expertisée/Donnée pré-validée=6345; Douteuse/Expertisée/Donnée pré-validée=132; Douteuse/Calculée/Donnée pré-validée=43; Bonne/Reconstituée/Donnée validée=9; Bonne/Calculée/Donnée validée=8,356.565172816378,353.0,1.4834
70665,hubeau,K2674010,ok,1961-01-01,2019-12-31,20751,0.0045,41,Hub'Eau series: site | flags: Bonne/Expertisée/Donnée validée=20425; Douteuse/Expertisée/Donnée validée=310; Bonne/Reconstituée/Donnée validée=7; Douteuse/Calculée/Donnée validée=4; Bonne/Calculée/Donnée validée=3; Bonne/Expertisée/Donnée pré-validée=2,154.499813319472,159.0,1.4123
70666,hubeau,,unmapped,,,,,,no national station within 5 km with area within 2%,314.716274174678,,
70667,hubeau,,unmapped,,,,,,no national station within 5 km with area within 2%,403.760105764593,,
70668,hubeau,K2330810,ok,1950-01-01,2019-12-31,25548,0.0013,41,Hub'Eau series: site | flags: Bonne/Expertisée/Donnée validée=20305; Bonne/Expertisée/Donnée pré-validée=5090; Douteuse/Expertisée/Donnée validée=128; Bonne/Reconstituée/Donnée pré-validée=15; Douteuse/Expertisée/Donnée pré-validée=7; Bonne/Calculée/Donnée pré-validée=2,2247.948298259,2269.0,1.0649
70669,hubeau,K2254010,ok,1952-01-01,2019-12-31,24025,0.0055,41,Hub'Eau series: site | flags: Bonne/Expertisée/Donnée validée=23989; Douteuse/Expertisée/Donnée validée=24; Douteuse/Calculée/Donnée validée=12,114.078470247224,122.0,1.1426
70670,hubeau,K2064010,ok,1954-01-02,2019-12-31,24007,0.0026,41,Hub'Eau series: site | flags: Bonne/Expertisée/Donnée validée=20543; Douteuse/Expertisée/Donnée validée=3451; Douteuse/Calculée/Donnée validée=13,67.4018856339165,66.0,1.9133
70671,hubeau,,unmapped,,,,,,"2 national stations qualify: K2080822, K2080820",395.618761431829,,
70672,hubeau,K2363010,ok,1961-01-01,2019-12-31,21357,0.0087,41,Hub'Eau series: site | flags: Bonne/Expertisée/Donnée validée=15884; Bonne/Expertisée/Donnée pré-validée=5307; Douteuse/Expertisée/Donnée pré-validée=108; Douteuse/Expertisée/Donnée validée=56; Bonne/Reconstituée/Donnée pré-validée=2,174.745749288327,155.0,0.7437
70673,hubeau,K2884010,ok,1965-01-01,2019-12-31,20015,0.0049,41,Hub'Eau series: site | flags: Bonne/Expertisée/Donnée validée=19906; Douteuse/Expertisée/Donnée validée=109,72.7797808032128,72.0,1.9104
70674,hubeau,K2784510,ok,1969-01-01,1983-05-21,4449,0.9468,2,Hub'Eau series: site | flags: Bonne/Expertisée/Donnée validée=4135; Douteuse/Expertisée/Donnée validée=314,57.3431750283532,60.0,0.507
70675,hubeau,K3030810,ok,1967-01-01,2019-12-31,19358,0.0,41,Hub'Eau series: site | flags: Bonne/Expertisée/Donnée validée=13982; Bonne/Expertisée/Donnée pré-validée=5033; Douteuse/Expertisée/Donnée validée=292; Douteuse/Expertisée/Donnée pré-validée=36; Bonne/Reconstituée/Donnée pré-validée=13; Bonne/Calculée/Donnée pré-validée=2,8913.88897169551,8940.0,0.9155
70676,hubeau,K3450810,ok,1968-01-01,2019-12-31,18732,0.0174,40,Hub'Eau series: site | flags: Bonne/Expertisée/Donnée validée=13769; Douteuse/Expertisée/Donnée validée=3520; Bonne/Expertisée/Donnée pré-validée=1432; Bonne/Reconstituée/Donnée validée=11,12979.0911633093,12980.0,0.8862
70677,hubeau,K3650810,ok,1955-01-01,2019-12-31,21025,0.1814,33,Hub'Eau series: site | flags: Bonne/Expertisée/Donnée validée=18904; Douteuse/Expertisée/Donnée validée=1164; Bonne/Expertisée/Donnée pré-validée=948; Douteuse/Expertisée/Donnée pré-validée=9,14307.1220663907,14310.0,0.8552
70678,hubeau,K1084010,ok,1971-10-21,2015-04-26,15744,0.1219,36,Hub'Eau series: site | flags: Bonne/Expertisée/Donnée validée=13031; Bonne/Expertisée/Donnée pré-validée=2647; Douteuse/Calculée/Donnée validée=29; Bonne/Reconstituée/Donnée pré-validée=17; Douteuse/Expertisée/Donnée validée=10; Bonne/Calculée/Donnée pré-validée=10,25.7769684546518,23.0,1.0807
70679,hubeau,,unmapped,,,,,,no national station within 5 km with area within 2%,488.759314896514,,
70680,hubeau,K1004510,ok,1973-01-01,2015-07-22,15384,0.119,36,Hub'Eau series: site | flags: Bonne/Expertisée/Donnée validée=15157; Douteuse/Expertisée/Donnée validée=193; Douteuse/Calculée/Donnée validée=34,32.429991030349,32.0,0.5818
70681,hubeau,K0643110,ok,1971-01-01,2019-12-31,17436,0.0261,40,Hub'Eau series: site | flags: Bonne/Expertisée/Donnée validée=16615; Bonne/Expertisée/Donnée pré-validée=683; Bonne/Reconstituée/Donnée validée=72; Douteuse/Expertisée/Donnée validée=24; Douteuse/Calculée/Donnée validée=16; Douteuse/Expertisée/Donnée pré-validée=13,90.9004303235069,95.2,0.8146
70682,hubeau,L2501610,ok,1965-01-01,2019-12-31,18597,0.0996,37,Hub'Eau series: site | flags: Bonne/Expertisée/Donnée validée=17073; Douteuse/Expertisée/Donnée validée=1523; Bonne/Expertisée/Donnée pré-validée=1,2815.50221055167,2883.22,0.639
70683,hubeau,,unmapped,,,,,,no national station within 5 km with area within 2%,0.477265706027238,,
70684,hubeau,L0513010,ok,1966-10-22,1996-01-08,10671,0.5848,17,Hub'Eau series: site | flags: Bonne/Expertisée/Donnée validée=10490; Douteuse/Expertisée/Donnée validée=181,130.868428613368,125.0,1.0728
70685,hubeau,L0321510,ok,1980-01-01,2019-12-31,14610,0.0244,40,Hub'Eau series: site | flags: Bonne/Expertisée/Donnée validée=13853; Douteuse/Expertisée/Donnée validée=391; Bonne/Expertisée/Donnée pré-validée=354; Bonne/Reconstituée/Donnée pré-validée=10; Douteuse/Expertisée/Donnée pré-validée=2,1026.30857505731,1030.0,1.5208
70686,hubeau,,unmapped,,,,,,no national station within 5 km with area within 2%,665.761186834463,,
70687,hubeau,L0140610,ok,1950-01-01,2019-12-31,23739,0.0,41,Hub'Eau series: site | flags: Bonne/Expertisée/Donnée validée=22145; Douteuse/Expertisée/Donnée validée=1189; Bonne/Expertisée/Donnée pré-validée=298; Douteuse/Expertisée/Donnée pré-validée=69; Bonne/Reconstituée/Donnée validée=38,1164.16166834312,1154.66,1.818
70688,hubeau,,unmapped,,,,,,no national station within 5 km with area within 2%,189.318513670217,,
70689,hubeau,L0920610,ok,1969-12-02,2019-01-11,17001,0.0862,35,Hub'Eau series: site | flags: Bonne/Expertisée/Donnée validée=16036; Bonne/Expertisée/Donnée pré-validée=508; Douteuse/Expertisée/Donnée validée=230; Douteuse/Expertisée/Donnée pré-validée=162; Bonne/Reconstituée/Donnée validée=62; Douteuse/Calculée/Donnée validée=3,4112.50468580929,4101.38,1.6685
70690,hubeau,L0624010,ok,1968-06-12,2000-08-04,11727,0.4733,21,Hub'Eau series: site | flags: Bonne/Expertisée/Donnée validée=10731; Bonne/Expertisée/Donnée pré-validée=551; Douteuse/Expertisée/Donnée validée=413; Douteuse/Expertisée/Donnée pré-validée=32,161.049745876446,152.0,0.9022
70691,hubeau,,unmapped,,,,,,no national station within 5 km with area within 2%,2308.51638578238,,
70692,hubeau,L0140611,ok,1968-01-01,2000-03-31,11779,0.4817,21,Hub'Eau series: site | flags: Bonne/Expertisée/Donnée validée=11613; Bonne/Expertisée/Donnée pré-validée=91; Douteuse/Expertisée/Donnée validée=75,1137.59235028006,997.0,1.7448
70693,hubeau,L0231510,ok,1950-01-01,2019-12-31,25567,0.0,41,Hub'Eau series: site | flags: Bonne/Expertisée/Donnée validée=22938; Douteuse/Expertisée/Donnée validée=1137; Bonne/Expertisée/Donnée pré-validée=932; Douteuse/Expertisée/Donnée pré-validée=531; Bonne/Reconstituée/Donnée validée=26; Bonne/Calculée/Donnée validée=3,391.138439623442,385.0,1.4496
70694,hubeau,L0244510,ok,1967-11-09,1992-12-30,9184,0.6586,14,Hub'Eau series: site | flags: Bonne/Expertisée/Donnée validée=8923; Douteuse/Expertisée/Donnée validée=261,62.5852199038327,62.0,1.2973
70695,hubeau,L5411810,ok,1955-01-01,2019-12-31,21579,0.1199,36,Hub'Eau series: site | flags: Bonne/Expertisée/Donnée validée=21070; Douteuse/Expertisée/Donnée validée=508; Bonne/Calculée/Donnée validée=1,1853.230542843,1867.37,0.9987
70696,hubeau,,unmapped,,,,,,no national station within 5 km with area within 2%,175.066288383409,,
70697,hubeau,L5741910,ok,1969-01-01,2019-12-31,14342,0.2861,29,Hub'Eau series: site | flags: Bonne/Expertisée/Donnée validée=14248; Douteuse/Expertisée/Donnée validée=93; Bonne/Expertisée/Donnée pré-validée=1,1614.41983090591,1636.85,0.639
70698,hubeau,L6210005,not_found,,,,,,no daily flow returned for 1950-2019,80.1923344447295,76.4,
70699,hubeau,L6202010,ok,1973-03-01,1975-10-23,28,1.0,0,Hub'Eau series: site | flags: Douteuse/Expertisée/Donnée validée=28,1019.80602301278,900.0,0.2152
70700,hubeau,L4710710,ok,1970-08-28,2019-12-31,17986,0.0025,41,Hub'Eau series: site | flags: Bonne/Expertisée/Donnée validée=14191; Douteuse/Expertisée/Donnée validée=3786; Bonne/Reconstituée/Donnée validée=8; Bonne/Expertisée/Donnée pré-validée=1,3357.69015799432,3333.96,0.9328
70701,hubeau,S1215010,ok,1975-11-20,1989-12-04,4798,0.7485,10,Hub'Eau series: S121501001 | flags: Bonne/Expertisée/Donnée validée=4294; Douteuse/Expertisée/Donnée validée=504 | AREA MISMATCH polygon/national=1.29,42.9157633664532,33.2,0.5189
70702,hubeau,,unmapped,,,,,,no national station within 5 km with area within 2%,30.0247410696176,,
70703,hubeau,H0810010,ok,1966-01-02,2019-12-31,19541,0.0062,40,Hub'Eau series: site | flags: Bonne/Expertisée/Donnée validée=18437; Douteuse/Expertisée/Donnée validée=1023; Bonne/Reconstituée/Donnée validée=37; Douteuse/Calculée/Donnée validée=34; Bonne/Calculée/Donnée validée=10,3877.54563557605,3880.0,0.749
70704,hubeau,H1713010,ok,1970-07-30,2019-12-31,17972,0.0053,40,Hub'Eau series: site | flags: Bonne/Expertisée/Donnée validée=17763; Douteuse/Expertisée/Donnée validée=209,158.252758028173,159.0,0.3611
70705,hubeau,F2400003,not_found,,,,,,no daily flow returned for 1950-2019,10208.1642765835,10100.0,
70706,hubeau,F4600002,ok,1968-08-31,1984-01-01,5375,0.8783,5,Hub'Eau series: site | flags: Bonne/Expertisée/Donnée validée=5267; Douteuse/Expertisée/Donnée validée=108,50.4758157101278,58.3,0.4445
70707,hubeau,,unmapped,,,,,,no national station within 5 km with area within 2%,25.0998980916244,,
70708,hubeau,,unmapped,,,,,,no national station within 5 km with area within 2%,117.232538146442,,
70709,hubeau,F2320001,ok,1974-02-22,2019-12-31,16550,0.0133,40,Hub'Eau series: site | flags: Bonne/Expertisée/Donnée validée=12368; Douteuse/Expertisée/Donnée validée=3569; Bonne/Expertisée/Donnée pré-validée=348; Douteuse/Calculée/Donnée validée=198; Douteuse/Reconstituée/Donnée validée=35; Douteuse/Expertisée/Donnée pré-validée=15,320.938701350696,280.0,0.4567
70710,hubeau,,unmapped,,,,,,no national station within 5 km with area within 2%,328.511444112805,,
70711,hubeau,H2482010,ok,1950-01-01,2019-12-31,23985,0.0313,38,Hub'Eau series: site | flags: Bonne/Expertisée/Donnée validée=13286; Bonne/Expertisée/Donnée pré-validée=10270; Douteuse/Expertisée/Donnée pré-validée=297; Douteuse/Expertisée/Donnée validée=123; Douteuse/Calculée/Donnée validée=9,2980.0906180738,2982.0,0.8295
70712,hubeau,H2473010,ok,1960-01-04,2019-12-31,20679,0.0765,38,Hub'Eau series: site | flags: Bonne/Expertisée/Donnée validée=17665; Douteuse/Expertisée/Donnée validée=1535; Bonne/Expertisée/Donnée pré-validée=1455; Bonne/Reconstituée/Donnée validée=9; Bonne/Calculée/Donnée validée=6; Douteuse/Expertisée/Donnée pré-validée=5,489.466597453734,480.0,0.6726
70713,hubeau,H2482020,ok,1963-01-01,1994-11-28,11453,0.6254,15,Hub'Eau series: H248202001 | flags: Bonne/Expertisée/Donnée validée=10503; Douteuse/Expertisée/Donnée validée=950,2156.94774396182,2160.0,0.8034
70714,hubeau,,unmapped,,,,,,no national station within 5 km with area within 2%,1113.38764664604,,
70715,hubeau,,unmapped,,,,,,"2 national stations qualify: H2442310, H2442330",609.679226186449,,
70716,hubeau,H2402010,ok,1968-05-01,2019-12-31,18824,0.0032,41,Hub'Eau series: site | flags: Bonne/Expertisée/Donnée validée=16870; Bonne/Expertisée/Donnée pré-validée=1089; Douteuse/Expertisée/Donnée validée=523; Douteuse/Expertisée/Donnée pré-validée=324; Bonne/Reconstituée/Donnée validée=10; Bonne/Calculée/Donnée validée=4,232.963176422642,222.0,0.6117
70717,hubeau,H2322010,ok,1969-06-01,2019-12-31,18365,0.0024,41,Hub'Eau series: site | flags: Bonne/Expertisée/Donnée validée=14105; Bonne/Expertisée/Donnée pré-validée=3693; Douteuse/Expertisée/Donnée pré-validée=306; Douteuse/Expertisée/Donnée validée=208; Douteuse/Calculée/Donnée validée=26; Bonne/Reconstituée/Donnée pré-validée=14,265.643469799253,266.0,0.7468
70718,hubeau,,unmapped,,,,,,no national station within 5 km with area within 2%,52.0053015758711,,
70719,hubeau,,unmapped,,,,,,no national station within 5 km with area within 2%,225.581868235037,,
70720,hubeau,,unmapped,,,,,,no national station within 5 km with area within 2%,104.679098375339,,
70721,hubeau,,unmapped,,,,,,no national station within 5 km with area within 2%,228.276979010422,,
70722,hubeau,H2172310,ok,1950-01-01,1995-08-03,15214,0.6914,12,Hub'Eau series: H217231001 | flags: Bonne/Expertisée/Donnée validée=13298; Douteuse/Expertisée/Donnée validée=1916,240.741783504319,249.0,1.198
70723,hubeau,H2322020,ok,1950-01-01,1995-11-15,16380,0.6097,15,Hub'Eau series: H232202001 | flags: Bonne/Expertisée/Donnée validée=14736; Douteuse/Expertisée/Donnée validée=1644,479.916759730634,488.0,0.7059
70724,hubeau,H2323810,ok,1972-01-01,1979-06-02,1752,0.9999,0,Hub'Eau series: H232381001 | flags: Bonne/Expertisée/Donnée validée=1751; Douteuse/Expertisée/Donnée validée=1,6.13822404352736,7.0,0.6673
70725,hubeau,H2062010,ok,1967-10-20,2019-12-31,19066,0.0,41,Hub'Eau series: site | flags: Bonne/Expertisée/Donnée validée=17862; Bonne/Expertisée/Donnée pré-validée=1070; Douteuse/Expertisée/Donnée validée=88; Douteuse/Expertisée/Donnée pré-validée=26; Bonne/Calculée/Donnée validée=10; Douteuse/Calculée/Donnée validée=10,267.103069925926,263.0,0.7005
70726,hubeau,H2073110,ok,1967-01-31,2019-12-31,19328,0.0,41,Hub'Eau series: site | flags: Bonne/Expertisée/Donnée validée=18082; Bonne/Expertisée/Donnée pré-validée=1085; Douteuse/Expertisée/Donnée validée=147; Douteuse/Expertisée/Donnée pré-validée=11; Douteuse/Calculée/Donnée validée=3,88.4517996048289,80.4,0.9396
70727,hubeau,,unmapped,,,,,,match to H2083110 rejected: GSIM river 'DRUYES' vs 'Le ruisseau d'Andryes à Surgy',195.943710648228,,
70728,hubeau,H2081020,not_found,,,,,,no daily flow returned for 1950-2019,1915.48950288667,1956.0,
70729,hubeau,H2182010,ok,1962-01-01,2019-12-31,20953,0.0154,40,Hub'Eau series: site | flags: Bonne/Expertisée/Donnée validée=17654; Douteuse/Expertisée/Donnée validée=1650; Bonne/Expertisée/Donnée pré-validée=1560; Douteuse/Expertisée/Donnée pré-validée=67; Douteuse/Calculée/Donnée validée=17; Douteuse/Calculée/Donnée pré-validée=3,1161.76062547988,1182.0,1.2067
70730,hubeau,H2221010,ok,1954-03-01,2019-12-31,23963,0.0,41,Hub'Eau series: site | flags: Bonne/Expertisée/Donnée validée=22452; Douteuse/Expertisée/Donnée validée=725; Bonne/Expertisée/Donnée pré-validée=709; Douteuse/Calculée/Donnée validée=46; Douteuse/Expertisée/Donnée pré-validée=25; Bonne/Calculée/Donnée validée=3,3802.7132679924,3807.0,0.9288
70731,hubeau,,unmapped,,,,,,no national station within 5 km with area within 2%,8621.91773766772,,
70732,hubeau,,unmapped,,,,,,no national station within 5 km with area within 2%,141.669497465106,,
70733,hubeau,,unmapped,,,,,,no national station within 5 km with area within 2%,10695.0578653311,,
70734,hubeau,F3570001,ok,1963-01-01,2019-12-31,18508,0.1115,32,Hub'Eau series: site | flags: Bonne/Expertisée/Donnée validée=15541; Douteuse/Expertisée/Donnée validée=2675; Douteuse/Reconstituée/Donnée validée=110; Douteuse/Calculée/Donnée validée=88; Bonne/Reconstituée/Donnée validée=66; Bonne/Calculée/Donnée validée=28,860.954042690539,866.0,0.5327
70735,hubeau,F4380002,ok,1969-01-01,2019-12-31,16702,0.1041,36,Hub'Eau series: site | flags: Bonne/Expertisée/Donnée validée=15475; Douteuse/Expertisée/Donnée validée=1141; Douteuse/Calculée/Donnée validée=62; Bonne/Reconstituée/Donnée validée=15; Bonne/Calculée/Donnée validée=9,235.655780893091,252.0,0.255
70736,hubeau,F4160002,ok,1969-01-01,2019-12-31,17050,0.1053,36,Hub'Eau series: site | flags: Bonne/Expertisée/Donnée validée=14156; Bonne/Calculée/Donnée validée=1681; Douteuse/Expertisée/Donnée validée=1032; Douteuse/Calculée/Donnée validée=181,884.101654032811,883.0,0.4787
70737,hubeau,F4150001,ok,1969-01-01,2019-12-31,18403,0.015,40,Hub'Eau series: site | flags: Bonne/Expertisée/Donnée validée=16216; Bonne/Calculée/Donnée validée=1806; Douteuse/Expertisée/Donnée validée=301; Douteuse/Calculée/Donnée validée=70; Bonne/Reconstituée/Donnée validée=10,566.435914184289,562.0,0.5514
70738,hubeau,F4210004,ok,1972-09-22,1985-01-18,4207,0.8693,5,Hub'Eau series: site | flags: Bonne/Expertisée/Donnée validée=4091; Douteuse/Expertisée/Donnée validée=116,68.3775832300446,67.5,0.2833
70739,hubeau,H3203310,ok,1972-08-19,2019-12-31,16846,0.024,38,Hub'Eau series: site | flags: Bonne/Expertisée/Donnée validée=15705; Douteuse/Expertisée/Donnée validée=1032; Douteuse/Reconstituée/Donnée validée=75; Bonne/Reconstituée/Donnée validée=22; Bonne/Calculée/Donnée validée=9; Douteuse/Calculée/Donnée validée=3,88.7921224745671,94.0,0.4458
70740,hubeau,F4220002,ok,1966-06-21,2019-12-31,19423,0.0,41,Hub'Eau series: site | flags: Bonne/Expertisée/Donnée validée=18167; Douteuse/Expertisée/Donnée validée=1036; Douteuse/Calculée/Donnée validée=173; Bonne/Reconstituée/Donnée validée=26; Bonne/Calculée/Donnée validée=12; Douteuse/Reconstituée/Donnée validée=9,2251.81460344486,2300.0,0.4744
70741,hubeau,H3522010,ok,2017-01-16,2019-12-31,983,0.9344,2,Hub'Eau series: site | flags: Non qualifiée/Calculée/Donnée brute=983,398.639839679075,375.0,0.3021
70742,hubeau,,unmapped,,,,,,match to F4500003 rejected: GSIM river 'OEUF' vs 'L'Essonne à Bondaroy',248.410078816388,,
70743,hubeau,,unmapped,,,,,,no national station within 5 km with area within 2%,0.105081352797785,,
70744,hubeau,,unmapped,,,,,,no national station within 5 km with area within 2%,6.87472838729778,,
70745,hubeau,,unmapped,,,,,,no national station within 5 km with area within 2%,780.49177118672,,
70746,hubeau,E5497010,ok,1969-01-01,1981-12-01,4460,0.9357,2,Hub'Eau series: E549701001 | flags: Bonne/Expertisée/Donnée validée=3993; Douteuse/Expertisée/Donnée validée=467 | AREA MISMATCH polygon/national=1.48,65.185687773518,44.0,0.484
70747,hubeau,,unmapped,,,,,,no national station within 5 km with area within 2%,919.326315044294,,
70748,hubeau,E5310210,ok,1965-03-18,1991-12-31,9738,0.6861,13,Hub'Eau series: E531021001 | flags: Bonne/Expertisée/Donnée validée=8948; Douteuse/Expertisée/Donnée validée=790,207.866631076415,196.0,1.2512
70749,hubeau,E5300210,ok,1973-01-01,2019-12-31,17123,0.0029,41,Hub'Eau series: site | flags: Bonne/Expertisée/Donnée validée=16911; Douteuse/Expertisée/Donnée validée=192; Bonne/Reconstituée/Donnée validée=20,103.47641324384,100.0,1.5185
70750,hubeau,,unmapped,,,,,,no national station within 5 km with area within 2%,34.3323005123989,,
70751,hubeau,,unmapped,,,,,,no national station within 5 km with area within 2%,81.2769248004956,,
70752,hubeau,,unmapped,,,,,,no national station within 5 km with area within 2%,63.6291139399413,,
70753,hubeau,,unmapped,,,,,,no national station within 5 km with area within 2%,55.9556569547292,,
70754,hubeau,,unmapped,,,,,,no national station within 5 km with area within 2%,24.5721964956738,,
70755,hubeau,,unmapped,,,,,,no national station within 5 km with area within 2%,48.6882538595943,,
70756,hubeau,E2366610,ok,1982-11-13,1995-11-06,4703,0.6859,13,Hub'Eau series: E236661001 | flags: Bonne/Expertisée/Donnée validée=3879; Bonne/Expertisée/Donnée pré-validée=750; Douteuse/Expertisée/Donnée validée=74,40.5188573375878,38.7,0.4503
70757,hubeau,E2365010,ok,1982-11-10,2003-01-13,6940,0.5366,16,Hub'Eau series: E236501001 | flags: Bonne/Expertisée/Donnée validée=6621; Douteuse/Expertisée/Donnée validée=305; Bonne/Expertisée/Donnée pré-validée=14,44.6746694252492,42.0,0.3424
70758,hubeau,E4905710,ok,1971-12-07,2019-12-31,17415,0.0095,40,Hub'Eau series: site | flags: Bonne/Expertisée/Donnée validée=17032; Douteuse/Expertisée/Donnée validée=359; Bonne/Reconstituée/Donnée validée=23; Non qualifiée/Calculée/Donnée validée=1,270.453112904673,239.0,0.5652
70759,hubeau,E4306010,ok,1966-01-01,2019-12-31,18613,0.0668,38,Hub'Eau series: site | flags: Bonne/Expertisée/Donnée validée=18054; Douteuse/Expertisée/Donnée validée=490; Bonne/Reconstituée/Donnée validée=69,103.360662778379,105.0,1.2787
70760,hubeau,E4035710,ok,1964-01-01,2019-12-31,20371,0.0055,41,Hub'Eau series: site | flags: Bonne/Expertisée/Donnée validée=19248; Douteuse/Expertisée/Donnée validée=971; Non qualifiée/Expertisée/Donnée validée=109; Bonne/Reconstituée/Donnée validée=30; Non qualifiée/Calculée/Donnée validée=13,379.563785062792,392.0,1.1658
70761,hubeau,,unmapped,,,,,,no national station within 5 km with area within 2%,2821.60036675776,,
70762,hubeau,E3671250,ok,1970-01-01,2019-12-31,14071,0.2727,28,Hub'Eau series: site | flags: Bonne/Expertisée/Donnée validée=8657; Non qualifiée/Calculée/Donnée brute=5129; Douteuse/Expertisée/Donnée validée=285,1753.70295283933,1661.0,0.5375
70763,hubeau,E3646210,ok,1969-01-01,2019-12-31,17065,0.0554,37,Hub'Eau series: site | flags: Bonne/Expertisée/Donnée validée=14919; Douteuse/Expertisée/Donnée validée=2118; Bonne/Reconstituée/Donnée validée=28,169.436150846633,156.0,0.5789
70764,hubeau,E3511220,ok,1954-01-01,2019-12-31,23950,0.0002,41,Hub'Eau series: site | flags: Bonne/Expertisée/Donnée validée=22435; Douteuse/Expertisée/Donnée validée=1395; Bonne/Reconstituée/Donnée validée=111; Bonne/Calculée/Donnée validée=9,161.93164778339,161.0,1.0806
70765,hubeau,E3346010,ok,1966-01-01,2019-12-31,19181,0.0222,40,Hub'Eau series: site | flags: Bonne/Expertisée/Donnée validée=17931; Douteuse/Expertisée/Donnée validée=1173; Bonne/Reconstituée/Donnée validée=76; Douteuse/Calculée/Donnée validée=1,131.76340187589,135.0,0.6079
70766,hubeau,,unmapped,,,,,,no national station within 5 km with area within 2%,0.093567251477267,,
70767,hubeau,,unmapped,,,,,,no national station within 5 km with area within 2%,527.648862693761,,
70768,hubeau,,unmapped,,,,,,no national station within 5 km with area within 2%,2822.23919590448,,
70769,hubeau,,unmapped,,,,,,no national station within 5 km with area within 2%,223.825823857201,,
70770,hubeau,E1766010,ok,1963-01-01,2019-12-31,20216,0.0403,39,Hub'Eau series: site | flags: Bonne/Expertisée/Donnée validée=19506; Douteuse/Expertisée/Donnée validée=570; Bonne/Reconstituée/Donnée validée=140,80.9412099840342,88.4,0.6494
70771,hubeau,E1727510,ok,1962-01-01,2019-12-31,21035,0.0099,40,Hub'Eau series: site | flags: Bonne/Expertisée/Donnée validée=20423; Douteuse/Expertisée/Donnée validée=584; Bonne/Reconstituée/Donnée validée=28,171.517311452084,173.0,0.6122
70772,hubeau,,unmapped,,,,,,no national station within 5 km with area within 2%,246.12262178485,,
70773,hubeau,B5572010,ok,1969-10-10,2019-12-31,13550,0.1312,34,Hub'Eau series: site | flags: Bonne/Expertisée/Donnée validée=13059; Bonne/Expertisée/Donnée pré-validée=224; Douteuse/Expertisée/Donnée validée=166; Bonne/Reconstituée/Donnée validée=65; Bonne/Calculée/Donnée validée=20; Douteuse/Calculée/Donnée validée=16,366.582223463053,369.0,1.3797
70774,hubeau,,unmapped,,,,,,no national station within 5 km with area within 2%,115.301242056992,,
70775,hubeau,D0156520,ok,1962-01-01,2019-12-31,20654,0.0109,40,Hub'Eau series: site | flags: Bonne/Expertisée/Donnée validée=19019; Douteuse/Expertisée/Donnée validée=1623; Bonne/Reconstituée/Donnée validée=11; Douteuse/Calculée/Donnée validée=1,313.659850601989,320.0,1.0366
70776,hubeau,,unmapped,,,,,,no national station within 5 km with area within 2%,195.512294886624,,
70777,hubeau,,unmapped,,,,,,no national station within 5 km with area within 2%,270.605530785897,,
70778,hubeau,,unmapped,,,,,,no national station within 5 km with area within 2%,161.433795365622,,
70779,hubeau,B2012010,ok,1979-09-20,2019-12-16,9627,0.3571,26,Hub'Eau series: site | flags: Bonne/Expertisée/Donnée validée=9481; Douteuse/Expertisée/Donnée validée=111; Douteuse/Calculée/Donnée validée=34; Bonne/Reconstituée/Donnée validée=1,31.8416786486039,38.5,1.0588
70780,hubeau,B1340010,ok,1973-01-01,2019-12-31,17166,0.0,41,Hub'Eau series: site | flags: Bonne/Expertisée/Donnée validée=16362; Bonne/Expertisée/Donnée pré-validée=570; Bonne/Reconstituée/Donnée pré-validée=157; Bonne/Reconstituée/Donnée validée=51; Douteuse/Calculée/Donnée validée=9; Bonne/Calculée/Donnée validée=7,1734.93189235029,1717.0,0.9645
70781,hubeau,B5322010,ok,1968-11-01,2019-12-31,18433,0.017,40,Hub'Eau series: site | flags: Bonne/Expertisée/Donnée validée=18404; Douteuse/Expertisée/Donnée validée=29,127.658290460553,126.0,1.483
70782,hubeau,B5172010,ok,1970-01-06,2019-12-31,17868,0.0055,41,Hub'Eau series: site | flags: Bonne/Expertisée/Donnée validée=17744; Douteuse/Expertisée/Donnée validée=124,431.833951521269,384.0,1.0269
70783,hubeau,B3103010,ok,1972-03-24,1985-01-07,4673,0.8532,6,Hub'Eau series: site | flags: Bonne/Expertisée/Donnée validée=4506; Douteuse/Expertisée/Donnée validée=158; Bonne/Expertisée/Donnée pré-validée=9,58.1008690507514,61.0,1.3112
70784,hubeau,B2220010,ok,1968-06-27,2019-12-31,18815,0.0,41,Hub'Eau series: site | flags: Bonne/Expertisée/Donnée validée=18353; Douteuse/Expertisée/Donnée validée=421; Douteuse/Calculée/Donnée validée=33; Bonne/Calculée/Donnée validée=8,2551.63735293633,2540.0,1.0219
70785,hubeau,B2052010,ok,1969-08-06,1989-12-29,7309,0.7318,11,Hub'Eau series: site | flags: Bonne/Expertisée/Donnée validée=6373; Bonne/Expertisée/Donnée pré-validée=690; Douteuse/Expertisée/Donnée validée=206; Douteuse/Expertisée/Donnée pré-validée=40,249.512606697782,265.0,0.2663
70786,hubeau,B2042010,ok,1969-08-02,2019-12-31,18265,0.0026,41,Hub'Eau series: site | flags: Bonne/Expertisée/Donnée validée=17153; Douteuse/Expertisée/Donnée validée=1069; Bonne/Reconstituée/Donnée validée=25; Douteuse/Calculée/Donnée validée=14; Bonne/Calculée/Donnée validée=4,186.435753434669,198.0,0.2997
70787,hubeau,B1282010,ok,1969-01-01,2019-12-31,17800,0.0199,39,Hub'Eau series: site | flags: Bonne/Expertisée/Donnée validée=16279; Douteuse/Expertisée/Donnée validée=1358; Bonne/Reconstituée/Donnée validée=100; Douteuse/Calculée/Donnée validée=33; Douteuse/Reconstituée/Donnée validée=16; Bonne/Calculée/Donnée validée=14,440.368466134777,443.0,0.9623
70788,hubeau,B1150010,ok,1969-01-01,2019-12-31,16368,0.0183,40,Hub'Eau series: site | flags: Bonne/Expertisée/Donnée validée=14184; Bonne/Expertisée/Donnée pré-validée=2163; Douteuse/Expertisée/Donnée validée=21,1038.33970723134,1031.0,1.0974
70789,hubeau,B1092010,ok,1968-07-20,2019-12-31,18752,0.0027,41,Hub'Eau series: site | flags: Bonne/Expertisée/Donnée validée=13574; Bonne/Expertisée/Donnée pré-validée=3684; Douteuse/Expertisée/Donnée validée=1148; Douteuse/Expertisée/Donnée pré-validée=299; Bonne/Reconstituée/Donnée validée=16; Bonne/Reconstituée/Donnée pré-validée=11,399.54441079966,405.0,0.9656
70790,hubeau,B0220010,ok,1971-09-15,2019-12-31,17640,0.0,41,Hub'Eau series: site | flags: Bonne/Expertisée/Donnée validée=17156; Douteuse/Expertisée/Donnée validée=387; Douteuse/Calculée/Donnée validée=56; Bonne/Reconstituée/Donnée validée=29; Bonne/Calculée/Donnée validée=11; Bonne/Expertisée/Donnée pré-validée=1,370.098612711865,364.0,0.9419
70791,hubeau,B4253010,ok,1973-10-01,1991-12-31,6662,0.6829,13,Hub'Eau series: site | flags: Bonne/Expertisée/Donnée validée=4942; Bonne/Expertisée/Donnée pré-validée=1445; Douteuse/Expertisée/Donnée validée=257; Douteuse/Expertisée/Donnée pré-validée=18,55.0674980483438,54.3,1.3035
70792,hubeau,B4224310,ok,1976-11-30,2019-12-31,15217,0.0334,38,Hub'Eau series: site | flags: Bonne/Expertisée/Donnée validée=12699; Bonne/Expertisée/Donnée pré-validée=2505; Douteuse/Expertisée/Donnée validée=4; Bonne/Calculée/Donnée validée=4; Bonne/Reconstituée/Donnée validée=3; Douteuse/Calculée/Donnée validée=2,311.454299632572,311.0,1.3395
70793,hubeau,,unmapped,,,,,,no national station within 5 km with area within 2%,28.0333112628696,,
70794,hubeau,B7322010,ok,1960-01-01,2019-12-31,17007,0.0974,36,Hub'Eau series: site | flags: Bonne/Expertisée/Donnée validée=14217; Bonne/Expertisée/Donnée pré-validée=1574; Douteuse/Expertisée/Donnée validée=1016; Douteuse/Calculée/Donnée validée=112; Bonne/Reconstituée/Donnée validée=60; Douteuse/Reconstituée/Donnée validée=19,186.389777024386,186.0,1.4913
70795,hubeau,B6111010,ok,1965-12-31,2019-12-31,16148,0.0206,40,Hub'Eau series: site | flags: Bonne/Expertisée/Donnée validée=15460; Bonne/Expertisée/Donnée pré-validée=643; Douteuse/Calculée/Donnée validée=21; Douteuse/Expertisée/Donnée validée=16; Bonne/Calculée/Donnée validée=4; Bonne/Reconstituée/Donnée validée=4,1322.12633921055,1335.0,1.9146
70796,hubeau,B4601010,ok,1961-01-01,2019-12-31,18073,0.0193,40,Hub'Eau series: site | flags: Bonne/Expertisée/Donnée validée=16879; Douteuse/Expertisée/Donnée validée=548; Bonne/Expertisée/Donnée pré-validée=547; Bonne/Reconstituée/Donnée validée=88; Bonne/Calculée/Donnée validée=11,1698.74322724439,1709.0,1.1423
70797,hubeau,B4572010,ok,1969-08-26,2019-12-31,18269,0.0081,41,Hub'Eau series: site | flags: Bonne/Expertisée/Donnée validée=16452; Douteuse/Expertisée/Donnée validée=1177; Bonne/Expertisée/Donnée pré-validée=417; Bonne/Reconstituée/Donnée validée=130; Douteuse/Expertisée/Donnée pré-validée=78; Bonne/Calculée/Donnée validée=11,346.57517044044,347.0,0.9557
70798,hubeau,B4352010,ok,1967-12-19,2019-12-31,11104,0.4595,16,Hub'Eau series: site | flags: Bonne/Expertisée/Donnée pré-validée=5464; Douteuse/Expertisée/Donnée validée=3024; Douteuse/Expertisée/Donnée pré-validée=1569; Bonne/Expertisée/Donnée validée=996; Douteuse/Reconstituée/Donnée pré-validée=23; Douteuse/Calculée/Donnée pré-validée=21,247.746548188753,247.0,1.2729
70799,hubeau,B4132010,ok,1967-12-19,2019-12-31,14879,0.0625,38,Hub'Eau series: site | flags: Bonne/Expertisée/Donnée validée=14657; Douteuse/Expertisée/Donnée validée=153; Bonne/Reconstituée/Donnée validée=60; Bonne/Calculée/Donnée validée=8; Bonne/Expertisée/Donnée pré-validée=1,197.400165324023,210.0,1.0338
70800,hubeau,,unmapped,,,,,,no national station within 5 km with area within 2%,278.312500297934,,
70801,hubeau,E1715510,ok,1961-01-01,1971-12-31,4017,1.0,0,Hub'Eau series: site | flags: Bonne/Expertisée/Donnée validée=3649; Douteuse/Expertisée/Donnée validée=368,850.21834245734,720.0,0.3969
70802,hubeau,H4033010,ok,1969-05-30,2017-01-22,17279,0.0764,37,Hub'Eau series: site | flags: Bonne/Expertisée/Donnée validée=13535; Bonne/Expertisée/Donnée pré-validée=2864; Douteuse/Expertisée/Donnée validée=515; Douteuse/Calculée/Donnée validée=323; Bonne/Reconstituée/Donnée validée=21; Douteuse/Expertisée/Donnée pré-validée=12,209.99476779561,199.0,0.376
70803,hubeau,F4580001,ok,1961-01-01,1981-12-31,5744,0.9268,3,Hub'Eau series: site | flags: Bonne/Expertisée/Donnée validée=5223; Douteuse/Expertisée/Donnée validée=521,704.615500192197,700.0,0.3669
70804,hubeau,F4590001,ok,1964-01-01,2019-12-31,20454,0.0,41,Hub'Eau series: site | flags: Bonne/Expertisée/Donnée validée=14207; Bonne/Calculée/Donnée validée=3540; Douteuse/Calculée/Donnée validée=2300; Douteuse/Expertisée/Donnée validée=407,1877.30013609705,1870.0,0.3802
70805,hubeau,,unmapped,,,,,,no national station within 5 km with area within 2%,872.176961466493,,
70806,hubeau,,unmapped,,,,,,no national station within 5 km with area within 2%,496.981806149349,,
70807,hubeau,,unmapped,,,,,,no national station within 5 km with area within 2%,506.82902118748,,
70808,hubeau,H5071010,ok,1950-01-01,2019-12-31,25464,0.0067,40,Hub'Eau series: site | flags: Bonne/Expertisée/Donnée validée=23937; Douteuse/Expertisée/Donnée validée=1518; Douteuse/Calculée/Donnée validée=6; Bonne/Calculée/Donnée validée=3,2371.32457664485,2380.0,0.9324
70809,hubeau,,unmapped,,,,,,no national station within 5 km with area within 2%,39.0372692023533,,
70810,hubeau,H5062010,ok,1968-08-13,2019-12-31,18516,0.0,41,Hub'Eau series: site | flags: Bonne/Expertisée/Donnée validée=18514; Douteuse/Expertisée/Donnée validée=2,613.142820285742,614.0,1.3225
70811,hubeau,,unmapped,,,,,,no national station within 5 km with area within 2%,808.71860143486,,
70812,hubeau,H5142610,ok,1968-01-01,2019-12-31,18993,0.0,41,Hub'Eau series: site | flags: Bonne/Expertisée/Donnée validée=18751; Douteuse/Expertisée/Donnée validée=241; Bonne/Calculée/Donnée validée=1,114.912550089607,113.0,1.1679
70813,hubeau,,unmapped,,,,,,no national station within 5 km with area within 2%,682.272136218565,,
70814,hubeau,H5142620,ok,1971-01-01,2019-12-31,16382,0.1012,37,Hub'Eau series: site | flags: Bonne/Expertisée/Donnée validée=15931; Douteuse/Expertisée/Donnée validée=449; Bonne/Reconstituée/Donnée validée=1; Bonne/Calculée/Donnée validée=1,223.157153333469,215.0,0.966
70815,hubeau,H5172010,ok,1957-01-01,2019-12-31,22631,0.0253,39,Hub'Eau series: site | flags: Bonne/Expertisée/Donnée validée=21076; Douteuse/Expertisée/Donnée validée=1555,2122.81752270974,2100.0,1.066
70816,hubeau,H5153010,ok,1971-01-01,2019-12-31,16626,0.0849,37,Hub'Eau series: site | flags: Bonne/Expertisée/Donnée validée=15546; Douteuse/Expertisée/Donnée validée=1080,200.09871800934,166.0,0.5954
70817,hubeau,H7201010,ok,1981-01-01,2019-12-31,13639,0.0892,37,Hub'Eau series: site | flags: Bonne/Expertisée/Donnée validée=7865; Bonne/Expertisée/Donnée pré-validée=4626; Douteuse/Expertisée/Donnée validée=703; Non qualifiée/Calculée/Donnée validée=202; Douteuse/Expertisée/Donnée pré-validée=149; Douteuse/Calculée/Donnée pré-validée=46,3285.533346324,3296.0,0.8719
70818,hubeau,H6412010,ok,1968-04-01,2019-12-31,15181,0.1227,36,Hub'Eau series: site | flags: Bonne/Expertisée/Donnée validée=14697; Douteuse/Expertisée/Donnée validée=473; Bonne/Reconstituée/Donnée validée=9; Bonne/Calculée/Donnée validée=2,784.320951266728,762.0,0.3527
70819,hubeau,H6023210,ok,1975-02-20,2019-12-31,16210,0.0118,39,Hub'Eau series: site | flags: Bonne/Expertisée/Donnée validée=16140; Douteuse/Expertisée/Donnée validée=70,98.2604875297297,113.0,0.7932
70820,hubeau,,unmapped,,,,,,no national station within 5 km with area within 2%,147.568700373507,,
70821,hubeau,,unmapped,,,,,,no national station within 5 km with area within 2%,93.7519848926567,,
70822,hubeau,,unmapped,,,,,,no national station within 5 km with area within 2%,240.649510113731,,
70823,hubeau,,unmapped,,,,,,no national station within 5 km with area within 2%,0.190540141599185,,
70824,hubeau,,unmapped,,,,,,no national station within 5 km with area within 2%,75.454292385467,,
70825,hubeau,H1680006,not_found,,,,,,no daily flow returned for 1950-2019,7876.04632196369,7874.84,
70826,hubeau,H7423710,ok,1968-07-15,2019-12-31,18609,0.0126,40,Hub'Eau series: site | flags: Bonne/Expertisée/Donnée validée=17186; Douteuse/Expertisée/Donnée validée=1371; Bonne/Reconstituée/Donnée validée=31; Non qualifiée/Calculée/Donnée validée=13; Bonne/Calculée/Donnée validée=8,279.879342543051,282.0,0.3696
70827,hubeau,,unmapped,,,,,,no national station within 5 km with area within 2%,15294.3835385671,,
70828,hubeau,,unmapped,,,,,,no national station within 5 km with area within 2%,458.031048361522,,
70829,hubeau,H7742020,ok,1950-01-01,2019-12-31,25566,0.0001,41,Hub'Eau series: site | flags: Bonne/Expertisée/Donnée validée=17065; Bonne/Expertisée/Donnée pré-validée=7524; Douteuse/Expertisée/Donnée validée=829; Douteuse/Expertisée/Donnée pré-validée=148,1206.64926098975,1218.0,0.5603
70830,hubeau,H7742010,ok,1968-01-01,2019-12-31,18648,0.023,39,Hub'Eau series: site | flags: Bonne/Expertisée/Donnée validée=16983; Douteuse/Expertisée/Donnée validée=1330; Bonne/Expertisée/Donnée pré-validée=307; Douteuse/Expertisée/Donnée pré-validée=28,766.458211694273,750.0,0.6115
70831,hubeau,H7713010,ok,1968-09-02,2019-12-31,18499,0.0122,39,Hub'Eau series: site | flags: Bonne/Expertisée/Donnée pré-validée=10512; Bonne/Expertisée/Donnée validée=6286; Douteuse/Expertisée/Donnée validée=1067; Douteuse/Expertisée/Donnée pré-validée=634,214.076122569538,213.0,0.6196
70832,hubeau,H7702010,ok,1968-07-16,2019-12-31,18756,0.0027,41,Hub'Eau series: site | flags: Bonne/Expertisée/Donnée validée=18377; Douteuse/Expertisée/Donnée validée=379,206.533485190494,201.0,0.6784
70833,hubeau,H7733010,ok,1968-07-18,2019-12-31,13879,0.3279,27,Hub'Eau series: site | flags: Bonne/Expertisée/Donnée pré-validée=6710; Bonne/Expertisée/Donnée validée=5250; Douteuse/Expertisée/Donnée validée=1845; Douteuse/Expertisée/Donnée pré-validée=74,179.059812133295,171.0,0.4919
70834,hubeau,H2260002,ok,1968-12-29,2019-12-31,18630,0.0,41,Hub'Eau series: site | flags: Bonne/Expertisée/Donnée validée=15487; Bonne/Expertisée/Donnée pré-validée=1972; Douteuse/Expertisée/Donnée validée=463; Bonne/Reconstituée/Donnée validée=352; Douteuse/Calculée/Donnée pré-validée=156; Bonne/Calculée/Donnée validée=104,100.768808288142,101.0,0.452
70835,hubeau,H2240005,ok,1968-06-29,2019-12-31,17468,0.0772,38,Hub'Eau series: site | flags: Bonne/Expertisée/Donnée validée=13766; Bonne/Expertisée/Donnée pré-validée=2169; Douteuse/Expertisée/Donnée validée=1254; Douteuse/Calculée/Donnée validée=227; Bonne/Reconstituée/Donnée validée=18; Douteuse/Expertisée/Donnée pré-validée=17,57.7170031814915,57.3,0.3019
70836,hubeau,H7813010,ok,1968-07-15,2019-03-06,17323,0.0979,35,Hub'Eau series: site | flags: Bonne/Expertisée/Donnée pré-validée=9274; Bonne/Expertisée/Donnée validée=7044; Douteuse/Expertisée/Donnée validée=777; Douteuse/Expertisée/Donnée pré-validée=228,332.007516803907,339.0,0.404
70837,hubeau,H7513010,ok,1968-07-15,2019-12-31,18550,0.0045,40,Hub'Eau series: site | flags: Bonne/Expertisée/Donnée validée=17901; Douteuse/Expertisée/Donnée validée=630; Bonne/Reconstituée/Donnée validée=17; Bonne/Calculée/Donnée validée=2,298.751547506503,276.0,0.5773
70838,hubeau,H6432010,ok,1967-09-05,2019-12-31,13249,0.3383,27,Hub'Eau series: site | flags: Bonne/Expertisée/Donnée validée=12841; Douteuse/Expertisée/Donnée validée=408,1441.88442927782,1440.0,0.4434
70839,hubeau,H6423010,ok,1969-01-01,2019-12-31,18367,0.0,41,Hub'Eau series: site | flags: Bonne/Expertisée/Donnée validée=17999; Douteuse/Expertisée/Donnée validée=368,293.870494917454,297.0,0.4326
70840,hubeau,H1501010,ok,1960-01-01,2019-12-31,21559,0.0238,40,Hub'Eau series: site | flags: Bonne/Expertisée/Donnée validée=20988; Douteuse/Expertisée/Donnée validée=566; Bonne/Calculée/Donnée validée=3; Bonne/Reconstituée/Donnée validée=2,3526.23394034927,3590.0,0.8124
70841,hubeau,,unmapped,,,,,,"2 national stations qualify: H0800010, H0800013",3368.91424834703,,
70842,hubeau,H0503010,ok,1970-07-31,2019-12-31,18051,0.0,41,Hub'Eau series: site | flags: Bonne/Expertisée/Donnée validée=17403; Douteuse/Expertisée/Donnée validée=648 | AREA MISMATCH polygon/national=0.00172,0.42904825547362,249.0,291.3198
70843,hubeau,H0400020,ok,1966-09-27,2019-12-31,19261,0.0029,41,Hub'Eau series: site | flags: Bonne/Expertisée/Donnée validée=18125; Douteuse/Expertisée/Donnée validée=1136,2373.26964673502,2380.0,0.5785
70844,hubeau,H0400010,ok,1950-01-01,2019-12-31,25567,0.0,41,Hub'Eau series: site | flags: Bonne/Expertisée/Donnée validée=24464; Douteuse/Expertisée/Donnée validée=847; Bonne/Reconstituée/Donnée validée=252; Bonne/Calculée/Donnée validée=4,2328.3148522465,2340.0,0.9035
70845,hubeau,H0210010,ok,1950-01-01,1991-08-19,14269,0.7545,10,Hub'Eau series: H021001001 | flags: Bonne/Expertisée/Donnée validée=13473; Douteuse/Expertisée/Donnée validée=796,1445.74926007156,1457.0,0.8967
70846,hubeau,H0321040,ok,1969-01-14,1994-05-19,9023,0.6249,15,Hub'Eau series: H032104001 | flags: Bonne/Expertisée/Donnée validée=8263; Bonne/Expertisée/Donnée pré-validée=732; Douteuse/Expertisée/Donnée validée=28,740.869278608589,729.0,1.0093
70847,hubeau,,unmapped,,,,,,no national station within 5 km with area within 2%,633.219435638137,,
70848,hubeau,H0100020,ok,1967-08-18,2019-12-31,19129,0.0,41,Hub'Eau series: site | flags: Bonne/Expertisée/Donnée validée=16392; Bonne/Expertisée/Donnée pré-validée=2532; Douteuse/Expertisée/Donnée validée=180; Douteuse/Expertisée/Donnée pré-validée=25,685.798724658322,704.0,1.4002
70849,hubeau,H0321030,ok,1967-08-18,2019-12-31,19090,0.0,41,Hub'Eau series: site | flags: Bonne/Expertisée/Donnée validée=15270; Bonne/Expertisée/Donnée pré-validée=3287; Douteuse/Expertisée/Donnée validée=532; Douteuse/Expertisée/Donnée pré-validée=1,580.426338970204,548.0,0.9299
70850,hubeau,H0321020,ok,1970-03-17,1986-04-23,5599,0.8323,6,Hub'Eau series: H032102001 | flags: Bonne/Expertisée/Donnée validée=5559; Douteuse/Expertisée/Donnée validée=40,410.911017639064,406.0,0.8593
70851,hubeau,,unmapped,,,,,,match to H0203010 rejected: GSIM river 'LAIGNES' vs 'Le ruisseau de Marcenay à Chaume-lès-Baigneux',85.6841881606155,,
70852,hubeau,H0321010,ok,1970-12-29,1981-12-30,4020,0.9269,3,Hub'Eau series: H032101001 | flags: Bonne/Expertisée/Donnée validée=3991; Douteuse/Expertisée/Donnée validée=29,307.013394838372,306.0,1.0768
70853,hubeau,H1051020,ok,1969-07-17,2019-12-31,18308,0.0029,41,Hub'Eau series: site | flags: Bonne/Expertisée/Donnée validée=18288; Douteuse/Expertisée/Donnée validée=17; Douteuse/Calculée/Donnée validée=3,637.001757288275,657.0,1.0058
70854,hubeau,H1122010,ok,1972-02-09,2000-01-03,10043,0.4975,21,Hub'Eau series: H112201001 | flags: Bonne/Expertisée/Donnée validée=9874; Douteuse/Expertisée/Donnée validée=165; Douteuse/Expertisée/Donnée pré-validée=4,485.967195740564,481.0,1.1612
70855,hubeau,,unmapped,,,,,,"2 national stations qualify: H1231010, H1231011",1642.82664300356,,
70856,hubeau,H1362010,ok,1969-04-22,1998-03-19,10234,0.5314,19,Hub'Eau series: H136201001 | flags: Bonne/Expertisée/Donnée validée=10225; Douteuse/Expertisée/Donnée validée=9,814.675568156499,896.0,0.7274
70857,hubeau,H1503910,ok,1970-07-31,2019-12-31,17860,0.0128,40,Hub'Eau series: site | flags: Bonne/Expertisée/Donnée validée=16398; Douteuse/Expertisée/Donnée validée=1462,84.9330675700826,87.0,0.3133
70858,hubeau,H1603010,ok,1970-07-30,2019-12-31,18052,0.0,41,Hub'Eau series: site | flags: Bonne/Expertisée/Donnée validée=17854; Douteuse/Expertisée/Donnée validée=198,356.948971287734,320.0,0.3844
70859,hubeau,F4860001,ok,1975-06-14,2019-12-31,15797,0.0317,38,Hub'Eau series: site | flags: Bonne/Expertisée/Donnée validée=9335; Bonne/Calculée/Donnée validée=4171; Douteuse/Expertisée/Donnée validée=1694; Douteuse/Calculée/Donnée validée=589; Bonne/Reconstituée/Donnée validée=7; Douteuse/Reconstituée/Donnée validée=1,57.0299549974451,55.4,0.4421
70860,hubeau,F6630002,ok,1979-10-12,1996-12-31,6268,0.5814,17,Hub'Eau series: site | flags: Bonne/Expertisée/Donnée validée=5848; Douteuse/Expertisée/Donnée validée=413; Bonne/Calculée/Donnée validée=7,23.2743170441746,23.7,0.4689
70861,hubeau,F6630001,ok,1979-07-19,2012-03-04,11759,0.2148,31,Hub'Eau series: site | flags: Bonne/Expertisée/Donnée validée=10699; Douteuse/Expertisée/Donnée validée=556; Douteuse/Calculée/Donnée validée=388; Bonne/Expertisée/Donnée pré-validée=65; Bonne/Reconstituée/Donnée validée=42; Bonne/Calculée/Donnée validée=8,20.0874886562749,19.6,0.4746
70862,hubeau,H5503010,ok,1976-04-07,1985-01-14,3205,0.8527,6,Hub'Eau series: H550301001 | flags: Bonne/Expertisée/Donnée validée=3179; Douteuse/Expertisée/Donnée validée=26,44.8553953752052,50.0,0.4707
70863,hubeau,H5083020,ok,1972-12-15,2000-02-06,9914,0.4854,21,Hub'Eau series: H508302001 | flags: Bonne/Expertisée/Donnée validée=9304; Bonne/Expertisée/Donnée pré-validée=403; Douteuse/Expertisée/Donnée validée=207,111.898930255938,116.0,1.4054
70864,hubeau,F4490001,ok,1974-12-10,1988-02-20,4783,0.7795,9,Hub'Eau series: site | flags: Bonne/Expertisée/Donnée validée=4660; Douteuse/Expertisée/Donnée validée=123,17.7276431469091,20.0,0.4591
70865,hubeau,F4490004,ok,1974-01-01,1984-01-01,3392,0.8782,5,Hub'Eau series: site | flags: Bonne/Expertisée/Donnée validée=2832; Douteuse/Expertisée/Donnée validée=560 | AREA MISMATCH polygon/national=0.777,38.3620049821695,49.4,0.5522
70866,hubeau,F4740001,ok,1967-11-30,2019-12-31,18944,0.0054,40,Hub'Eau series: site | flags: Bonne/Expertisée/Donnée validée=16967; Douteuse/Expertisée/Donnée validée=1453; Bonne/Expertisée/Donnée pré-validée=356; Douteuse/Calculée/Donnée validée=93; Bonne/Reconstituée/Donnée validée=42; Bonne/Calculée/Donnée validée=18,422.500083524031,429.0,0.3034
70867,hubeau,F6430001,not_found,,,,,,no daily flow returned for 1950-2019,10890.7216421681,10800.0,
70868,hubeau,F6410001,ok,1969-05-21,2019-12-31,16535,0.1304,35,Hub'Eau series: site | flags: Bonne/Calculée/Donnée validée=11193; Bonne/Expertisée/Donnée validée=4580; Douteuse/Calculée/Donnée validée=619; Douteuse/Expertisée/Donnée validée=143,166.309852123585,167.0,0.2978
70869,hubeau,F6610001,ok,1968-07-01,1988-09-02,6746,0.7686,9,Hub'Eau series: site | flags: Bonne/Expertisée/Donnée validée=5614; Douteuse/Expertisée/Donnée validée=774; Bonne/Expertisée/Donnée pré-validée=269; Douteuse/Expertisée/Donnée pré-validée=89,96.3708880486069,97.6,0.3748
70870,hubeau,F6640001,ok,1974-01-01,2019-12-31,16784,0.0011,41,Hub'Eau series: site | flags: Bonne/Calculée/Donnée validée=12314; Bonne/Expertisée/Donnée validée=3979; Douteuse/Calculée/Donnée validée=287; Douteuse/Expertisée/Donnée validée=204,12545.125255926,12598.0,0.7467
70871,hubeau,,unmapped,,,,,,"3 national stations qualify: F6580002, F6580003, F6580004",1174.05382179244,,
70872,hubeau,F6550001,ok,1969-01-01,2019-12-31,18261,0.0,41,Hub'Eau series: site | flags: Bonne/Expertisée/Donnée validée=16152; Douteuse/Expertisée/Donnée validée=1996; Douteuse/Calculée/Donnée validée=65; Bonne/Calculée/Donnée validée=37; Bonne/Reconstituée/Donnée validée=11,752.649138272603,770.0,0.6252
70873,hubeau,H5213310,ok,1968-03-06,2019-12-31,17990,0.0488,39,Hub'Eau series: site | flags: Bonne/Expertisée/Donnée validée=17990,105.231322967042,105.0,0.4361
70874,hubeau,,unmapped,,,,,,no national station within 5 km with area within 2%,7076.95772081156,,
70875,hubeau,H5091010,ok,1974-01-01,2019-12-31,16408,0.0262,40,Hub'Eau series: site | flags: Bonne/Expertisée/Donnée validée=15131; Douteuse/Expertisée/Donnée validée=1247; Douteuse/Calculée/Donnée validée=22; Bonne/Reconstituée/Donnée validée=5; Bonne/Calculée/Donnée validée=3,3346.68532779202,3290.0,1.092
70876,hubeau,H5173110,ok,1969-01-01,2019-12-31,17160,0.098,37,Hub'Eau series: site | flags: Bonne/Expertisée/Donnée validée=16635; Douteuse/Expertisée/Donnée validée=525,110.153558236147,136.0,0.8211
70877,hubeau,,unmapped,,,,,,match to F6540003 rejected: GSIM river 'L'ORGEVAL' vs 'Le ru du Rognon à Boissy-le-Châtel [Le Theil]',97.5952556580476,,
70878,hubeau,F6540004,not_found,,,,,,no daily flow returned for 1950-2019,39.9429103057568,45.0,
70879,hubeau,,unmapped,,,,,,match to F6540012 rejected: GSIM river 'LES AVENELLES' vs 'Le ru de l'Orgeval à Saint-Germain-sous-Doue [La Gouge]',22.8598487701545,,
70880,hubeau,F6540005,ok,1989-09-14,2019-12-31,10713,0.2846,27,Hub'Eau series: F654000501 | flags: Bonne/Expertisée/Donnée pré-validée=10220; Bonne/Expertisée/Donnée validée=364; Douteuse/Expertisée/Donnée pré-validée=108; Bonne/Calculée/Donnée pré-validée=13; Bonne/Reconstituée/Donnée pré-validée=8,8.10539704244561,7.1,0.6172
70881,hubeau,F6250001,ok,1962-01-01,2019-12-31,19627,0.104,35,Hub'Eau series: site | flags: Bonne/Calculée/Donnée validée=9614; Bonne/Expertisée/Donnée validée=8004; Douteuse/Calculée/Donnée validée=1746; Douteuse/Expertisée/Donnée validée=263,612.025477385732,605.0,0.473
70882,hubeau,F6190001,ok,1961-01-01,2019-12-31,20201,0.09,35,Hub'Eau series: site | flags: Bonne/Calculée/Donnée validée=10368; Bonne/Expertisée/Donnée validée=7758; Douteuse/Calculée/Donnée validée=1779; Douteuse/Expertisée/Donnée validée=281; Bonne/Reconstituée/Donnée validée=15,426.164367875676,454.0,0.5213
70883,hubeau,F6240002,ok,1969-01-08,2019-12-31,17711,0.0,41,Hub'Eau series: site | flags: Bonne/Calculée/Donnée validée=16085; Douteuse/Calculée/Donnée validée=1356; Bonne/Expertisée/Donnée validée=270,352.302378226548,354.0,0.4746
70884,hubeau,H6412020,ok,1967-07-24,2019-12-31,15908,0.2143,32,Hub'Eau series: site | flags: Bonne/Expertisée/Donnée validée=15228; Douteuse/Expertisée/Donnée validée=648; Douteuse/Calculée/Donnée validée=32,830.081872427545,828.0,0.4375
70885,hubeau,H6321011,ok,1982-01-01,2019-12-31,13487,0.0994,36,Hub'Eau series: site | flags: Bonne/Expertisée/Donnée validée=12757; Douteuse/Calculée/Donnée validée=494; Douteuse/Reconstituée/Donnée validée=133; Bonne/Reconstituée/Donnée validée=52; Douteuse/Expertisée/Donnée validée=39; Bonne/Calculée/Donnée validée=12,5166.76005026116,5235.0,0.5807
70886,hubeau,H6303810,ok,1970-01-08,1988-12-03,6693,0.7701,9,Hub'Eau series: H630381001 | flags: Bonne/Expertisée/Donnée validée=6693,321.246899812684,322.0,0.4642
70887,hubeau,H6313020,ok,1968-01-15,2019-12-31,18979,0.0,41,Hub'Eau series: site | flags: Bonne/Expertisée/Donnée validée=18699; Douteuse/Expertisée/Donnée validée=280,799.114710206687,802.0,0.4523
70888,hubeau,H6313210,ok,1969-01-03,1985-08-15,6069,0.8385,6,Hub'Eau series: H631321001 | flags: Bonne/Expertisée/Donnée validée=6069,91.0972529441973,89.0,0.5452
70889,hubeau,H6402010,ok,1967-09-01,2019-07-30,16765,0.1569,34,Hub'Eau series: site | flags: Bonne/Expertisée/Donnée validée=15938; Douteuse/Expertisée/Donnée validée=827,283.165535981123,286.0,0.4738
70890,hubeau,H6053010,ok,1972-07-12,2019-12-31,16446,0.0596,38,Hub'Eau series: site | flags: Bonne/Expertisée/Donnée validée=16070; Douteuse/Expertisée/Donnée validée=376,69.9456208152632,70.4,1.0628
70891,hubeau,H6102010,ok,1969-01-01,2019-12-31,18627,0.0,41,Hub'Eau series: site | flags: Bonne/Expertisée/Donnée validée=18461; Douteuse/Expertisée/Donnée validée=86; Bonne/Reconstituée/Donnée validée=78; Bonne/Calculée/Donnée validée=2,278.705176897461,282.0,1.1676
70892,hubeau,H6113010,ok,1969-01-01,2002-01-20,11143,0.4384,23,Hub'Eau series: site | flags: Bonne/Expertisée/Donnée validée=9212; Bonne/Expertisée/Donnée pré-validée=1117; Douteuse/Expertisée/Donnée validée=814,165.82828627949,166.0,1.3379
70893,hubeau,H6122010,ok,1968-08-01,2019-12-31,18733,0.0031,41,Hub'Eau series: site | flags: Bonne/Expertisée/Donnée validée=17978; Douteuse/Expertisée/Donnée validée=721; Douteuse/Calculée/Donnée validée=24; Bonne/Calculée/Donnée validée=10,629.479739560812,627.0,1.2016
70894,hubeau,H6162010,ok,1960-01-01,2019-12-31,21915,0.0,41,Hub'Eau series: site | flags: Bonne/Expertisée/Donnée validée=20517; Douteuse/Expertisée/Donnée validée=1398,950.785104148103,1000.0,1.2115
70895,hubeau,H6201010,ok,1951-05-08,2019-12-31,23985,0.003,41,Hub'Eau series: site | flags: Bonne/Expertisée/Donnée validée=23017; Douteuse/Expertisée/Donnée validée=968,2217.73660364622,2280.0,0.9325
70896,hubeau,H6221010,ok,1969-01-01,2019-12-31,18492,0.0,41,Hub'Eau series: site | flags: Bonne/Expertisée/Donnée validée=16843; Douteuse/Expertisée/Donnée validée=1568; Douteuse/Calculée/Donnée validée=43; Bonne/Reconstituée/Donnée validée=29; Bonne/Calculée/Donnée validée=9,2874.62574521316,2940.0,0.9341
70897,hubeau,H6233010,ok,1968-05-20,1983-09-30,5466,0.8842,4,Hub'Eau series: H623301001 | flags: Bonne/Expertisée/Donnée validée=5288; Douteuse/Expertisée/Donnée validée=178,336.752053798875,324.0,0.9735
70898,hubeau,,unmapped,,,,,,"2 national stations qualify: H7153010, H7153012",397.306084447928,,
70899,hubeau,,unmapped,,,,,,no national station within 5 km with area within 2%,740.542157399302,,
70900,hubeau,H7162010,ok,1950-01-01,2019-12-31,24757,0.0541,37,Hub'Eau series: site | flags: Bonne/Expertisée/Donnée validée=18678; Bonne/Expertisée/Donnée pré-validée=4750; Douteuse/Expertisée/Donnée validée=1250; Douteuse/Expertisée/Donnée pré-validée=46; Douteuse/Calculée/Donnée validée=25; Bonne/Calculée/Donnée validée=7,1635.79197236547,1637.0,0.6927
70901,hubeau,H7021010,ok,1965-01-01,2019-12-31,19958,0.0087,40,Hub'Eau series: site | flags: Bonne/Expertisée/Donnée validée=19954; Douteuse/Expertisée/Donnée validée=4,312.281273370661,314.0,1.3674
70902,hubeau,H7041010,ok,1968-01-01,2003-09-29,12483,0.4347,22,Hub'Eau series: H704101001 | flags: Bonne/Expertisée/Donnée validée=9323; Bonne/Expertisée/Donnée pré-validée=2053; Douteuse/Expertisée/Donnée validée=1089; Douteuse/Expertisée/Donnée pré-validée=16; Bonne/Calculée/Donnée pré-validée=2,855.83555851014,852.0,1.1769
70903,hubeau,,unmapped,,,,,,no national station within 5 km with area within 2%,1129.53896170409,,
70904,hubeau,,unmapped,,,,,,no national station within 5 km with area within 2%,53.6530460158171,,
70905,hubeau,H5040620,ok,1980-10-13,2019-12-31,14324,0.0435,39,Hub'Eau series: site | flags: Bonne/Expertisée/Donnée validée=10530; Bonne/Expertisée/Donnée pré-validée=3647; Douteuse/Expertisée/Donnée validée=139; Douteuse/Expertisée/Donnée pré-validée=8,83.854829765051,84.9,0.7295
70906,hubeau,G7100610,ok,1980-03-20,2019-12-31,14405,0.0381,38,Hub'Eau series: site | flags: Bonne/Expertisée/Donnée validée=11771; Bonne/Expertisée/Donnée pré-validée=2189; Douteuse/Expertisée/Donnée validée=263; Bonne/Reconstituée/Donnée validée=115; Douteuse/Calculée/Donnée validée=32; Bonne/Calculée/Donnée validée=32,89.2322889455198,89.3,0.804
70907,hubeau,G4000210,ok,1980-05-13,1993-12-30,4303,0.7127,9,Hub'Eau series: G400021010 | flags: Bonne/Expertisée/Donnée validée=2868; Douteuse/Expertisée/Donnée validée=688; Bonne/Expertisée/Donnée pré-validée=624; Douteuse/Expertisée/Donnée pré-validée=123,36.7606206664381,35.5,0.3736
70908,hubeau,G1110410,ok,1978-01-01,2019-12-31,15299,0.0027,41,Hub'Eau series: site | flags: Bonne/Expertisée/Donnée validée=15142; Douteuse/Expertisée/Donnée validée=141; Bonne/Reconstituée/Donnée validée=11; Douteuse/Expertisée/Donnée pré-validée=5,266.848774399922,267.0,0.906
70909,hubeau,H3250410,ok,1973-01-01,2019-12-31,17166,0.0,41,Hub'Eau series: site | flags: Bonne/Expertisée/Donnée validée=12697; Bonne/Expertisée/Donnée pré-validée=4385; Douteuse/Calculée/Donnée validée=47; Douteuse/Expertisée/Donnée validée=37,375.015797250048,377.0,0.9065
70910,hubeau,,unmapped,,,,,,no national station within 5 km with area within 2%,199.50721196791,,
70911,hubeau,H5060620,ok,1965-06-16,1992-12-30,10060,0.6586,14,Hub'Eau series: H506062010 | flags: Bonne/Expertisée/Donnée validée=9092; Douteuse/Expertisée/Donnée validée=968,204.659280931539,209.0,0.8015
70912,hubeau,,unmapped,,,,,,no national station within 5 km with area within 2%,57.1665156528468,,
70913,hubeau,,unmapped,,,,,,no national station within 5 km with area within 2%,1379.13538542121,,
70914,hubeau,,unmapped,,,,,,no national station within 5 km with area within 2%,99.2523806158189,,
70915,hubeau,H3110410,ok,1969-01-01,2019-12-31,18573,0.0023,41,Hub'Eau series: site | flags: Bonne/Expertisée/Donnée validée=13250; Bonne/Expertisée/Donnée pré-validée=5021; Douteuse/Expertisée/Donnée validée=182; Douteuse/Expertisée/Donnée pré-validée=93; Bonne/Reconstituée/Donnée validée=27,252.009344572624,247.0,0.6421
70916,hubeau,E6456510,ok,1980-11-06,2019-03-26,13722,0.0837,36,Hub'Eau series: site | flags: Bonne/Expertisée/Donnée pré-validée=10892; Bonne/Expertisée/Donnée validée=2344; Douteuse/Expertisée/Donnée validée=255; Douteuse/Expertisée/Donnée pré-validée=231,264.855588540934,269.0,0.6772
70917,hubeau,,unmapped,,,,,,no national station within 5 km with area within 2%,541.652527885659,,
70918,hubeau,,unmapped,,,,,,no national station within 5 km with area within 2%,139.360857479294,,
70919,hubeau,,unmapped,,,,,,no national station within 5 km with area within 2%,119.545512116382,,
70920,hubeau,,unmapped,,,,,,no national station within 5 km with area within 2%,1217.52030251924,,
70921,hubeau,,unmapped,,,,,,no national station within 5 km with area within 2%,216.974109128409,,
70922,hubeau,E5406510,ok,1969-01-01,2019-12-31,18242,0.0099,41,Hub'Eau series: site | flags: Bonne/Expertisée/Donnée validée=17344; Douteuse/Expertisée/Donnée validée=782; Bonne/Reconstituée/Donnée validée=116,338.846159525543,345.0,1.148
70923,hubeau,F4380001,ok,1976-08-06,2019-12-31,15564,0.0095,40,Hub'Eau series: site | flags: Bonne/Expertisée/Donnée validée=12178; Douteuse/Expertisée/Donnée validée=2469; Bonne/Reconstituée/Donnée pré-validée=385; Bonne/Expertisée/Donnée pré-validée=267; Douteuse/Reconstituée/Donnée validée=129; Douteuse/Calculée/Donnée validée=74,150.356452525465,163.0,0.2809
70924,hubeau,,unmapped,,,,,,no national station within 5 km with area within 2%,148.762004741654,,
70925,hubeau,H3322010,ok,1980-10-29,2019-12-31,14308,0.0445,39,Hub'Eau series: site | flags: Bonne/Expertisée/Donnée validée=12824; Douteuse/Expertisée/Donnée validée=747; Bonne/Expertisée/Donnée pré-validée=707; Douteuse/Expertisée/Donnée pré-validée=27; Bonne/Reconstituée/Donnée validée=3,298.015914399511,339.0,0.427
70926,hubeau,F4390002,ok,1977-11-17,2011-03-08,11804,0.2391,30,Hub'Eau series: site | flags: Bonne/Expertisée/Donnée validée=8478; Douteuse/Expertisée/Donnée validée=1715; Douteuse/Calculée/Donnée validée=838; Bonne/Expertisée/Donnée pré-validée=730; Bonne/Reconstituée/Donnée validée=30; Douteuse/Expertisée/Donnée pré-validée=7,109.138726013149,108.0,0.2835
70927,hubeau,F4100006,ok,1980-10-31,2019-12-31,14005,0.0648,38,Hub'Eau series: site | flags: Bonne/Calculée/Donnée validée=11804; Bonne/Expertisée/Donnée validée=943; Douteuse/Expertisée/Donnée validée=683; Douteuse/Calculée/Donnée validée=558; Bonne/Reconstituée/Donnée validée=17,369.789486954462,409.0,0.4744
70928,hubeau,,unmapped,,,,,,no national station within 5 km with area within 2%,106.460484867564,,
70929,hubeau,,unmapped,,,,,,no national station within 5 km with area within 2%,1.22584434317163,,
70930,hubeau,F4110003,not_found,,,,,,no daily flow returned for 1950-2019,1.53681952725408,1.75,
70931,hubeau,,unmapped,,,,,,match to H3113310 rejected: GSIM river 'RU DU FOUR' vs 'Le ru de Septfonds à Saint-Fargeau [Ronchères]',5.81893825967859,,
70932,hubeau,,unmapped,,,,,,no national station within 5 km with area within 2%,2.2340487295678,,
70933,hubeau,,unmapped,,,,,,no national station within 5 km with area within 2%,6.91341879313782,,
70934,hubeau,F4450001,ok,1982-12-23,2019-12-31,13465,0.1008,37,Hub'Eau series: site | flags: Bonne/Expertisée/Donnée validée=12429; Douteuse/Expertisée/Donnée validée=785; Douteuse/Calculée/Donnée validée=145; Bonne/Reconstituée/Donnée validée=64; Bonne/Calculée/Donnée validée=42,169.02372607199,181.0,0.2652
70935,hubeau,,unmapped,,,,,,no national station within 5 km with area within 2%,70.3928076060651,,
70936,hubeau,H3040001,ok,1968-12-25,1998-11-18,9314,0.5393,19,Hub'Eau series: site | flags: Bonne/Expertisée/Donnée validée=8069; Douteuse/Expertisée/Donnée validée=1245,28.4326233836942,31.8,0.387
70937,hubeau,H3050001,ok,1967-12-29,2019-12-31,18239,0.0472,39,Hub'Eau series: site | flags: Bonne/Expertisée/Donnée validée=14327; Bonne/Expertisée/Donnée pré-validée=2185; Douteuse/Expertisée/Donnée validée=1276; Bonne/Reconstituée/Donnée validée=214; Douteuse/Calculée/Donnée validée=125; Bonne/Calculée/Donnée validée=63,218.200815012495,226.0,0.4008
70938,hubeau,H4040212,ok,1969-12-20,1983-03-15,1816,0.9937,0,Hub'Eau series: site | flags: Bonne/Expertisée/Donnée validée=1609; Douteuse/Expertisée/Donnée validée=207,47.5637103079116,45.3,0.0262
70939,hubeau,,unmapped,,,,,,no national station within 5 km with area within 2%,409.949928777542,,
70940,hubeau,H4250420,ok,1971-05-18,2019-12-31,17627,0.0089,41,Hub'Eau series: site | flags: Bonne/Expertisée/Donnée validée=11042; Bonne/Expertisée/Donnée pré-validée=5024; Bonne/Reconstituée/Donnée validée=1299; Douteuse/Expertisée/Donnée validée=187; Douteuse/Expertisée/Donnée pré-validée=64; Bonne/Reconstituée/Donnée pré-validée=11,869.620095455532,880.0,0.3486
70941,hubeau,H4370420,ok,1967-04-18,2019-12-31,18886,0.0239,39,Hub'Eau series: site | flags: Bonne/Expertisée/Donnée validée=12771; Bonne/Expertisée/Donnée pré-validée=4903; Douteuse/Expertisée/Donnée validée=985; Douteuse/Expertisée/Donnée pré-validée=210; Bonne/Reconstituée/Donnée validée=14; Bonne/Calculée/Donnée validée=3,1041.49764340411,1031.0,0.297
70942,hubeau,H4320210,ok,1968-01-01,2019-12-31,18056,0.0626,36,Hub'Eau series: site | flags: Bonne/Expertisée/Donnée validée=11666; Bonne/Expertisée/Donnée pré-validée=3619; Douteuse/Expertisée/Donnée validée=2723; Douteuse/Expertisée/Donnée pré-validée=34; Bonne/Reconstituée/Donnée validée=11; Bonne/Calculée/Donnée validée=3,4519.30769331333,4598.0,0.3376
70943,hubeau,F4660001,ok,1968-01-01,2019-12-31,18324,0.0403,36,Hub'Eau series: site | flags: Bonne/Expertisée/Donnée validée=13284; Douteuse/Expertisée/Donnée validée=2681; Bonne/Expertisée/Donnée pré-validée=1678; Bonne/Reconstituée/Donnée validée=372; Douteuse/Expertisée/Donnée pré-validée=149; Douteuse/Reconstituée/Donnée validée=88,240.152923469807,224.0,0.4768
70944,hubeau,F4670001,ok,1984-01-01,2019-12-31,13134,0.1229,36,Hub'Eau series: site | flags: Bonne/Calculée/Donnée validée=11962; Douteuse/Calculée/Donnée validée=1172,951.340931426402,922.0,0.3508
70945,hubeau,H3050004,ok,1969-01-01,2019-12-31,16026,0.1249,36,Hub'Eau series: site | flags: Bonne/Expertisée/Donnée validée=14732; Douteuse/Expertisée/Donnée validée=976; Douteuse/Calculée/Donnée validée=193; Bonne/Expertisée/Donnée pré-validée=110; Bonne/Calculée/Donnée validée=9; Bonne/Reconstituée/Donnée validée=6,395.581028851621,375.0,0.4446
70946,hubeau,,unmapped,,,,,,no national station within 5 km with area within 2%,4.44643121379143,,
70947,hubeau,H4033011,ok,1969-01-01,1985-12-31,5844,0.8536,6,Hub'Eau series: site | flags: Bonne/Expertisée/Donnée validée=5698; Douteuse/Expertisée/Donnée validée=146,660.468760730169,568.0,0.3135
70948,hubeau,H4180410,ok,1974-02-13,2003-07-15,10527,0.4161,23,Hub'Eau series: H418041010 | flags: Bonne/Expertisée/Donnée validée=8676; Douteuse/Expertisée/Donnée validée=916; Bonne/Expertisée/Donnée pré-validée=746; Bonne/Reconstituée/Donnée validée=170; Douteuse/Expertisée/Donnée pré-validée=19,431.819218156065,413.0,0.3927
70949,hubeau,,unmapped,,,,,,no national station within 5 km with area within 2%,108.075240589929,,
70950,hubeau,,unmapped,,,,,,no national station within 5 km with area within 2%,107.493888420783,,
70951,hubeau,,unmapped,,,,,,no national station within 5 km with area within 2%,67.8902162342184,,
70952,hubeau,,unmapped,,,,,,no national station within 5 km with area within 2%,230.134493943322,,
70953,hubeau,H3030001,ok,1978-04-12,2005-06-01,8356,0.4596,19,Hub'Eau series: site | flags: Bonne/Expertisée/Donnée validée=4509; Douteuse/Expertisée/Donnée validée=2207; Bonne/Calculée/Donnée pré-validée=565; Bonne/Expertisée/Donnée pré-validée=497; Douteuse/Expertisée/Donnée pré-validée=383; Douteuse/Calculée/Donnée pré-validée=195,25.3931507622156,23.0,0.9459
70954,hubeau,,unmapped,,,,,,no national station within 5 km with area within 2%,1790.75828752836,,
70955,hubeau,,unmapped,,,,,,"2 national stations qualify: H6056414, H6050220",482.0291198373,,
70956,hubeau,H6120430,ok,1970-07-08,2003-12-31,12228,0.3903,25,Hub'Eau series: H612043010 | flags: Bonne/Expertisée/Donnée validée=10865; Bonne/Expertisée/Donnée pré-validée=1043; Douteuse/Expertisée/Donnée validée=266; Douteuse/Expertisée/Donnée pré-validée=52; Douteuse/Calculée/Donnée pré-validée=2,258.082455623363,256.0,0.7136
70957,hubeau,,unmapped,,,,,,no national station within 5 km with area within 2%,288.271992427122,,
70958,hubeau,,unmapped,,,,,,no national station within 5 km with area within 2%,661.138414052887,,
70959,hubeau,,unmapped,,,,,,no national station within 5 km with area within 2%,139.296365616171,,
70960,hubeau,I2213110,ok,1970-02-04,1980-12-31,3984,0.9512,2,Hub'Eau series: site | flags: Bonne/Expertisée/Donnée validée=3984,97.4762048444632,93.0,0.2398
70961,hubeau,I2203110,ok,1970-10-15,1981-12-29,3360,0.976,1,Hub'Eau series: I220311001 | flags: Bonne/Expertisée/Donnée validée=3347; Douteuse/Expertisée/Donnée validée=13,80.4121801682274,66.0,0.5798
70962,hubeau,I2213610,ok,1969-09-17,2019-12-31,18096,0.0182,40,Hub'Eau series: site | flags: Bonne/Expertisée/Donnée validée=17185; Douteuse/Expertisée/Donnée validée=519; Bonne/Expertisée/Donnée pré-validée=308; Douteuse/Expertisée/Donnée pré-validée=58; Douteuse/Calculée/Donnée validée=19; Bonne/Reconstituée/Donnée validée=4,57.29342415359,57.0,0.6951
70963,hubeau,,unmapped,,,,,,"2 national stations qualify: I1143010, I1143020",50.7198977974651,,
70964,hubeau,,unmapped,,,,,,no national station within 5 km with area within 2%,177.424935839087,,
70965,hubeau,,unmapped,,,,,,no national station within 5 km with area within 2%,12.124090024308,,
70966,hubeau,H6260610,ok,1973-01-01,1989-12-30,6208,0.7318,11,Hub'Eau series: H626061010 | flags: Bonne/Expertisée/Donnée validée=6107; Douteuse/Expertisée/Donnée validée=101,64.1359917375085,66.1,1.0051
70967,hubeau,I1031010,ok,1980-10-24,2019-12-31,14238,0.0492,39,Hub'Eau series: site | flags: Bonne/Expertisée/Donnée validée=11827; Bonne/Expertisée/Donnée pré-validée=2174; Douteuse/Expertisée/Donnée validée=134; Douteuse/Calculée/Donnée validée=40; Bonne/Reconstituée/Donnée validée=28; Douteuse/Expertisée/Donnée pré-validée=18,291.410568516815,289.0,0.7578
70968,hubeau,H6056010,ok,1978-01-18,1989-09-13,1895,0.8825,0,Hub'Eau series: site | flags: Douteuse/Calculée/Donnée validée=1882; Douteuse/Expertisée/Donnée validée=13,16.8093989420295,19.5,1.1631
70969,hubeau,,unmapped,,,,,,no national station within 5 km with area within 2%,3.27072640925008,,
70970,hubeau,H6100410,ok,1980-09-13,2018-07-08,13742,0.0823,36,Hub'Eau series: site | flags: Bonne/Expertisée/Donnée validée=9007; Bonne/Expertisée/Donnée pré-validée=4280; Douteuse/Expertisée/Donnée pré-validée=219; Douteuse/Expertisée/Donnée validée=151; Douteuse/Calculée/Donnée pré-validée=73; Douteuse/Calculée/Donnée validée=10,65.229756918861,65.8,0.7034
70971,hubeau,,unmapped,,,,,,no national station within 5 km with area within 2%,83.0718727829281,,
70972,hubeau,,unmapped,,,,,,no national station within 5 km with area within 2%,337.704781372823,,
70973,hubeau,,unmapped,,,,,,no national station within 5 km with area within 2%,91.6070965770692,,
70974,hubeau,I3343010,ok,1975-12-18,1986-10-15,3955,0.81,7,Hub'Eau series: I334301001 | flags: Bonne/Expertisée/Donnée validée=3654; Douteuse/Expertisée/Donnée validée=301,20.5572971664516,22.7,1.0981
70975,hubeau,I4032010,ok,1971-09-28,2019-12-31,17610,0.0011,41,Hub'Eau series: site | flags: Bonne/Expertisée/Donnée validée=17372; Douteuse/Expertisée/Donnée validée=197; Bonne/Reconstituée/Donnée validée=38; Bonne/Calculée/Donnée validée=2; Bonne/Expertisée/Donnée pré-validée=1,259.355572019393,256.0,0.8407
70976,hubeau,I4053010,ok,1970-08-25,2013-03-17,15443,0.1725,34,Hub'Eau series: site | flags: Bonne/Expertisée/Donnée validée=15029; Douteuse/Expertisée/Donnée validée=185; Douteuse/Calculée/Donnée validée=152; Douteuse/Expertisée/Donnée pré-validée=58; Bonne/Expertisée/Donnée pré-validée=19,100.273651281393,96.2,0.2902
70977,hubeau,I3521010,ok,1965-01-01,1980-12-31,5725,0.9512,2,Hub'Eau series: site | flags: Bonne/Expertisée/Donnée validée=5249; Douteuse/Expertisée/Donnée validée=476,2230.5731604169,2227.0,0.8259
70978,hubeau,,unmapped,,,,,,"2 national stations qualify: I2230001, I2230002",1039.04317973115,,
70979,hubeau,I5053010,ok,1969-07-30,2019-12-31,18326,0.006,40,Hub'Eau series: site | flags: Bonne/Expertisée/Donnée validée=17570; Bonne/Expertisée/Donnée pré-validée=625; Douteuse/Expertisée/Donnée validée=82; Bonne/Reconstituée/Donnée validée=29; Douteuse/Expertisée/Donnée pré-validée=9; Douteuse/Calculée/Donnée pré-validée=8,95.5410534190883,115.0,1.4986
70980,hubeau,,unmapped,,,,,,no national station within 5 km with area within 2%,386.199231631102,,
70981,hubeau,I5013010,ok,1971-01-01,1995-10-15,7229,0.7123,11,Hub'Eau series: site | flags: Bonne/Reconstituée/Donnée validée=3577; Bonne/Expertisée/Donnée validée=3572; Douteuse/Expertisée/Donnée validée=80,30.8778764025662,29.5,1.7205
70982,hubeau,I5013610,ok,1970-09-30,2019-12-31,16890,0.0675,36,Hub'Eau series: site | flags: Bonne/Expertisée/Donnée validée=16271; Douteuse/Expertisée/Donnée validée=390; Bonne/Reconstituée/Donnée validée=172; Douteuse/Calculée/Donnée validée=56; Bonne/Expertisée/Donnée pré-validée=1,39.5384988054588,42.0,1.8589
70983,hubeau,I5021010,ok,1952-01-01,2000-03-29,14778,0.6661,12,Hub'Eau series: I502101001 | flags: Bonne/Expertisée/Donnée validée=13787; Douteuse/Expertisée/Donnée validée=587; Douteuse/Calculée/Donnée validée=378; Bonne/Reconstituée/Donnée validée=26,128.730696389858,133.0,1.7024
70984,hubeau,,unmapped,,,,,,no national station within 5 km with area within 2%,19.3167321071319,,
70985,hubeau,,unmapped,,,,,,"2 national stations qualify: I7021020, I7021010",84.5773152421755,,
70986,hubeau,I7913610,ok,1970-09-15,2019-12-31,17904,0.0017,41,Hub'Eau series: site | flags: Bonne/Expertisée/Donnée validée=16020; Douteuse/Expertisée/Donnée validée=993; Bonne/Expertisée/Donnée pré-validée=730; Bonne/Reconstituée/Donnée validée=90; Douteuse/Calculée/Donnée validée=64; Bonne/Calculée/Donnée validée=5,72.894080597931,73.1,1.1841
70987,hubeau,I7222020,ok,1977-11-01,2019-12-31,15062,0.0226,40,Hub'Eau series: site | flags: Bonne/Expertisée/Donnée validée=12263; Bonne/Expertisée/Donnée pré-validée=1832; Douteuse/Expertisée/Donnée validée=565; Bonne/Reconstituée/Donnée validée=197; Douteuse/Calculée/Donnée validée=167; Douteuse/Expertisée/Donnée pré-validée=27,148.552767466624,141.8,1.4438
70988,hubeau,I5221010,ok,1971-01-01,2019-12-31,15662,0.1492,35,Hub'Eau series: site | flags: Bonne/Expertisée/Donnée validée=14765; Douteuse/Expertisée/Donnée validée=764; Douteuse/Calculée/Donnée validée=94; Douteuse/Reconstituée/Donnée validée=19; Bonne/Reconstituée/Donnée validée=17; Bonne/Calculée/Donnée validée=2,892.839146713709,868.0,1.2283
70989,hubeau,I3612010,ok,1973-06-20,2002-01-10,10359,0.443,23,Hub'Eau series: site | flags: Bonne/Expertisée/Donnée validée=9798; Douteuse/Expertisée/Donnée validée=486; Bonne/Reconstituée/Donnée validée=69; Bonne/Calculée/Donnée validée=6,94.1616612127604,95.0,0.7614
70990,hubeau,I9122010,ok,1973-01-01,2019-12-31,16600,0.0351,38,Hub'Eau series: site | flags: Bonne/Expertisée/Donnée validée=15055; Bonne/Expertisée/Donnée pré-validée=1448; Douteuse/Expertisée/Donnée validée=37; Bonne/Reconstituée/Donnée validée=31; Douteuse/Calculée/Donnée validée=22; Douteuse/Expertisée/Donnée pré-validée=5,147.543125203758,149.7,1.0805
70991,hubeau,I4013010,ok,1981-07-01,1985-12-29,1615,0.8922,4,Hub'Eau series: I401301001 | flags: Bonne/Expertisée/Donnée validée=1597; Douteuse/Expertisée/Donnée validée=18,14.737557570677,13.4,1.1337
70992,hubeau,I4022010,ok,1981-09-29,2019-12-31,13554,0.0949,37,Hub'Eau series: site | flags: Bonne/Expertisée/Donnée validée=12264; Douteuse/Expertisée/Donnée validée=1045; Bonne/Reconstituée/Donnée validée=149; Douteuse/Calculée/Donnée validée=77; Douteuse/Reconstituée/Donnée validée=15; Bonne/Calculée/Donnée validée=3,134.602651313499,133.0,0.9795
70993,hubeau,,unmapped,,,,,,no national station within 5 km with area within 2%,53.4584993504511,,
70994,hubeau,I5321510,ok,1981-09-29,2019-12-31,13940,0.0691,38,Hub'Eau series: site | flags: Bonne/Expertisée/Donnée validée=13768; Douteuse/Expertisée/Donnée validée=80; Bonne/Reconstituée/Donnée validée=77; Douteuse/Calculée/Donnée validée=10; Bonne/Calculée/Donnée validée=5,137.579964522174,135.0,0.6892
70995,hubeau,I5352010,ok,1981-09-17,2019-12-31,13250,0.1152,35,Hub'Eau series: site | flags: Bonne/Expertisée/Donnée validée=12386; Bonne/Expertisée/Donnée pré-validée=366; Douteuse/Expertisée/Donnée validée=332; Bonne/Reconstituée/Donnée validée=118; Douteuse/Calculée/Donnée validée=46; Bonne/Calculée/Donnée validée=2,242.597007202781,245.0,0.9325
70996,hubeau,,unmapped,,,,,,no national station within 5 km with area within 2%,7.46931880343584,,
70997,hubeau,,unmapped,,,,,,no national station within 5 km with area within 2%,113.109228489169,,
70998,hubeau,B3150020,ok,1963-08-27,2019-12-31,20581,0.0,41,Hub'Eau series: site | flags: Bonne/Expertisée/Donnée validée=20462; Douteuse/Calculée/Donnée validée=66; Douteuse/Expertisée/Donnée validée=28; Bonne/Reconstituée/Donnée validée=17; Bonne/Calculée/Donnée validée=8,3907.57486562793,3919.0,1.0819
70999,hubeau,B7200000,ok,1953-01-01,2019-12-31,24471,0.0,41,Hub'Eau series: site | flags: Bonne/Reconstituée/Donnée validée=13546; Bonne/Expertisée/Donnée validée=8890; Douteuse/Expertisée/Donnée validée=1692; Bonne/Expertisée/Donnée pré-validée=266; Douteuse/Expertisée/Donnée pré-validée=63; Bonne/Calculée/Donnée validée=14,10160.979161567,10141.0,1.2273
71000,hubeau,B5600010,ok,1972-02-03,1995-02-27,8291,0.6148,15,Hub'Eau series: site | flags: Bonne/Expertisée/Donnée pré-validée=6535; Bonne/Expertisée/Donnée validée=1756,7776.09889303432,7757.0,1.1604
71001,hubeau,,unmapped,,,,,,no national station within 5 km with area within 2%,65367.5205134692,,
71002,hubeau,,unmapped,,,,,,no national station within 5 km with area within 2%,0.19897809621174,,
71003,hubeau,F7000001,ok,1990-01-01,2019-12-31,10957,0.2683,30,Hub'Eau series: site | flags: Bonne/Expertisée/Donnée validée=10933; Bonne/Reconstituée/Donnée validée=13; Bonne/Calculée/Donnée validée=10; Bonne/Expertisée/Donnée pré-validée=1,43469.6552123982,43800.0,0.6086
71004,hubeau,,unmapped,,,,,,no national station within 5 km with area within 2%,30592.5528649376,,
71005,hubeau,H3080002,not_found,,,,,,no daily flow returned for 1950-2019,62452.8129247275,62859.0,
71006,hubeau,A2160100,ok,1960-01-01,1973-12-31,5052,1.0,0,Hub'Eau series: site | flags: Bonne/Expertisée/Donnée validée=5052,560.85968434221,514.0,0.8525
71007,hubeau,,unmapped,,,,,,no national station within 5 km with area within 2%,1544.59552928267,,
71008,hubeau,A2350200,ok,1965-12-21,2019-12-31,19673,0.0041,41,Hub'Eau series: site | flags: Bonne/Expertisée/Donnée validée=18570; Douteuse/Expertisée/Donnée validée=519; Bonne/Expertisée/Donnée pré-validée=367; Bonne/Reconstituée/Donnée validée=116; Douteuse/Calculée/Donnée validée=83; Bonne/Calculée/Donnée validée=18,303.575123675741,260.0,0.9359
71009,hubeau,A2510200,ok,1973-12-19,2019-12-31,16814,0.0,41,Hub'Eau series: site | flags: Bonne/Expertisée/Donnée validée=16643; Douteuse/Expertisée/Donnée validée=147; Douteuse/Calculée/Donnée validée=20; Bonne/Calculée/Donnée validée=2; Bonne/Reconstituée/Donnée validée=2,40.6369965223444,41.8,1.641
71010,hubeau,A2760110,not_found,,,,,,no daily flow returned for 1950-2019,431.760545719116,432.0,
71011,hubeau,A2020300,ok,1976-08-28,2019-12-31,15502,0.0173,40,Hub'Eau series: site | flags: Bonne/Expertisée/Donnée validée=14159; Douteuse/Expertisée/Donnée validée=1292; Bonne/Reconstituée/Donnée validée=49; Bonne/Calculée/Donnée validée=2,45.4095498950301,45.8,2.5801
71012,hubeau,A3300100,ok,1966-05-12,2019-12-31,19592,0.0,41,Hub'Eau series: site | flags: Bonne/Expertisée/Donnée validée=19509; Douteuse/Calculée/Donnée validée=40; Bonne/Reconstituée/Donnée validée=19; Douteuse/Expertisée/Donnée validée=16; Bonne/Calculée/Donnée validée=8,656.135929567973,622.0,0.7179
71013,hubeau,A3310100,ok,1969-01-31,1970-12-31,700,1.0,0,Hub'Eau series: site | flags: Bonne/Expertisée/Donnée pré-validée=699; Douteuse/Expertisée/Donnée pré-validée=1,685.814141073821,679.0,1.1591
71014,hubeau,A3410200,ok,1966-10-04,2019-12-31,19447,0.0,41,Hub'Eau series: site | flags: Bonne/Expertisée/Donnée validée=18072; Bonne/Expertisée/Donnée pré-validée=1224; Douteuse/Expertisée/Donnée validée=84; Douteuse/Calculée/Donnée validée=58; Bonne/Calculée/Donnée validée=7; Douteuse/Expertisée/Donnée pré-validée=1,183.275629701366,185.0,1.019
71015,hubeau,A3480200,ok,1950-01-01,2019-12-31,25536,0.002,41,Hub'Eau series: site | flags: Bonne/Expertisée/Donnée validée=25508; Douteuse/Expertisée/Donnée validée=15; Douteuse/Calculée/Donnée validée=13,658.558888622884,688.0,0.7514
71016,hubeau,A3610110,ok,1966-12-08,2001-01-09,12452,0.4628,22,Hub'Eau series: site | flags: Bonne/Expertisée/Donnée validée=10913; Bonne/Expertisée/Donnée pré-validée=1461; Douteuse/Expertisée/Donnée validée=54; Douteuse/Expertisée/Donnée pré-validée=24,190.188501382592,192.0,0.8443
71017,hubeau,,unmapped,,,,,,no national station within 5 km with area within 2%,403.36173812136,,
71018,hubeau,A3800200,ok,1976-01-01,2019-12-31,16071,0.0,41,Hub'Eau series: site | flags: Bonne/Expertisée/Donnée validée=15792; Douteuse/Expertisée/Donnée validée=206; Douteuse/Calculée/Donnée validée=73,283.043531143034,278.0,0.7462
71019,hubeau,A3150200,not_found,,,,,,no daily flow returned for 1950-2019,342.467436038099,339.0,
71020,hubeau,,unmapped,,,,,,no national station within 5 km with area within 2%,65.0552742145093,,
71021,hubeau,A9013050,ok,1968-08-01,2019-12-31,18391,0.0256,40,Hub'Eau series: site | flags: Bonne/Expertisée/Donnée pré-validée=9310; Bonne/Expertisée/Donnée validée=8846; Douteuse/Expertisée/Donnée pré-validée=175; Douteuse/Expertisée/Donnée validée=60,88.6008101862332,89.0,1.4272
71022,hubeau,A9062150,ok,1969-01-01,2019-12-31,17971,0.0438,38,Hub'Eau series: site | flags: Bonne/Expertisée/Donnée pré-validée=9340; Bonne/Expertisée/Donnée validée=7484; Douteuse/Expertisée/Donnée pré-validée=600; Douteuse/Expertisée/Donnée validée=547,137.778346945445,147.0,1.0081
71023,hubeau,A9091060,ok,1967-01-01,2019-12-31,18816,0.0362,39,Hub'Eau series: site | flags: Bonne/Expertisée/Donnée validée=10351; Bonne/Expertisée/Donnée pré-validée=7574; Douteuse/Expertisée/Donnée pré-validée=654; Douteuse/Expertisée/Donnée validée=226; Douteuse/Calculée/Donnée pré-validée=11,868.276212354602,879.0,0.8939
71024,hubeau,A9192050,ok,1967-01-01,2019-12-31,12789,0.4363,22,Hub'Eau series: site | flags: Bonne/Expertisée/Donnée validée=8938; Bonne/Expertisée/Donnée pré-validée=3834; Douteuse/Expertisée/Donnée pré-validée=17,413.944495930094,406.0,0.7433
71025,hubeau,A9311080,ok,1964-01-01,2019-12-31,19056,0.0933,37,Hub'Eau series: site | flags: Bonne/Expertisée/Donnée validée=11262; Bonne/Expertisée/Donnée pré-validée=6965; Douteuse/Expertisée/Donnée pré-validée=428; Douteuse/Expertisée/Donnée validée=383; Douteuse/Calculée/Donnée validée=11; Bonne/Calculée/Donnée validée=4,1745.00470132278,1760.0,0.8855
71026,hubeau,A9260001,ok,1968-05-01,2019-12-31,16898,0.1318,35,Hub'Eau series: site | flags: Bonne/Expertisée/Donnée validée=15097; Bonne/Expertisée/Donnée pré-validée=971; Douteuse/Expertisée/Donnée validée=830,281.278266127628,277.0,0.8817
71027,hubeau,A9322150,ok,1969-10-25,2019-12-31,15696,0.1759,33,Hub'Eau series: site | flags: Bonne/Expertisée/Donnée validée=7946; Bonne/Expertisée/Donnée pré-validée=7038; Douteuse/Expertisée/Donnée pré-validée=373; Douteuse/Expertisée/Donnée validée=312; Douteuse/Calculée/Donnée validée=18; Bonne/Reconstituée/Donnée validée=7,93.5779374904208,95.0,0.7819
71028,hubeau,A9532050,ok,1966-01-01,2019-12-31,16649,0.1857,33,Hub'Eau series: site | flags: Bonne/Expertisée/Donnée validée=10405; Bonne/Expertisée/Donnée pré-validée=6005; Douteuse/Expertisée/Donnée validée=222; Douteuse/Expertisée/Donnée pré-validée=17,187.216770519614,190.0,0.7729
71029,hubeau,A9752010,ok,1969-01-01,2019-12-31,17106,0.0866,35,Hub'Eau series: site | flags: Bonne/Expertisée/Donnée validée=16607; Douteuse/Expertisée/Donnée validée=393; Douteuse/Calculée/Donnée validée=106,490.578498029648,499.0,0.6687
71030,hubeau,A9862010,ok,1969-01-01,2019-12-31,18605,0.0015,41,Hub'Eau series: site | flags: Bonne/Expertisée/Donnée validée=18350; Douteuse/Expertisée/Donnée validée=202; Bonne/Reconstituée/Donnée validée=31; Douteuse/Calculée/Donnée validée=20; Bonne/Calculée/Donnée validée=2,359.850183771655,364.0,0.8456
71031,hubeau,A9942020,ok,1964-11-06,2019-12-31,20119,0.0017,41,Hub'Eau series: site | flags: Bonne/Expertisée/Donnée validée=19241; Douteuse/Expertisée/Donnée validée=844; Bonne/Reconstituée/Donnée validée=19; Bonne/Calculée/Donnée validée=8; Douteuse/Calculée/Donnée validée=7,1128.50425512782,1170.0,0.7978
71032,hubeau,A9071050,ok,1970-07-01,2019-12-31,17653,0.0286,40,Hub'Eau series: site | flags: Bonne/Expertisée/Donnée validée=8674; Bonne/Expertisée/Donnée pré-validée=8405; Douteuse/Expertisée/Donnée pré-validée=365; Douteuse/Expertisée/Donnée validée=202; Bonne/Calculée/Donnée pré-validée=5; Bonne/Reconstituée/Donnée pré-validée=2,722.85141280629,733.0,0.8849
71033,hubeau,,unmapped,,,,,,no national station within 5 km with area within 2%,187.576628860652,,
71034,hubeau,A9311090,ok,2011-06-01,2018-01-02,2408,0.8392,6,Hub'Eau series: site | flags: Bonne/Expertisée/Donnée validée=1902; Douteuse/Expertisée/Donnée validée=248; Bonne/Expertisée/Donnée pré-validée=103; Douteuse/Reconstituée/Donnée validée=99; Douteuse/Expertisée/Donnée pré-validée=53; Douteuse/Calculée/Donnée validée=3,3711.39853464495,3740.0,0.7884
71035,hubeau,,unmapped,,,,,,no national station within 5 km with area within 2%,1785.42072534822,,
71036,hubeau,,unmapped,,,,,,no national station within 5 km with area within 2%,41.9647702237553,,
71037,hubeau,A9737310,ok,1981-01-01,1991-12-29,3902,0.7394,11,Hub'Eau series: site | flags: Bonne/Expertisée/Donnée validée=2657; Bonne/Expertisée/Donnée pré-validée=1004; Douteuse/Expertisée/Donnée validée=193; Douteuse/Expertisée/Donnée pré-validée=48,15.7014306097694,16.2,0.8513
71038,hubeau,A4020610,ok,1972-01-01,2019-12-31,16142,0.0558,36,Hub'Eau series: site | flags: Bonne/Expertisée/Donnée validée=15726; Douteuse/Calculée/Donnée validée=186; Douteuse/Expertisée/Donnée validée=128; Bonne/Reconstituée/Donnée validée=92; Bonne/Calculée/Donnée validée=9; Bonne/Expertisée/Donnée pré-validée=1,72.6569553337155,71.0,3.955
71039,hubeau,A4050620,ok,1968-08-30,2019-12-31,18017,0.0138,40,Hub'Eau series: site | flags: Bonne/Expertisée/Donnée validée=13109; Douteuse/Expertisée/Donnée validée=4377; Bonne/Expertisée/Donnée pré-validée=287; Douteuse/Expertisée/Donnée pré-validée=159; Douteuse/Calculée/Donnée validée=33; Bonne/Calculée/Donnée validée=26,152.425274703805,152.0,3.8311
71040,hubeau,,unmapped,,,,,,no national station within 5 km with area within 2%,0.100218006520544,,
71041,hubeau,,unmapped,,,,,,no national station within 5 km with area within 2%,63.3590262853523,,
71042,hubeau,A4362030,ok,1970-01-01,2019-12-31,18245,0.0011,41,Hub'Eau series: site | flags: Bonne/Expertisée/Donnée validée=15304; Bonne/Expertisée/Donnée pré-validée=1708; Douteuse/Expertisée/Donnée validée=1107; Douteuse/Expertisée/Donnée pré-validée=89; Douteuse/Calculée/Donnée validée=13; Bonne/Reconstituée/Donnée pré-validée=13,357.167610866318,355.0,2.2827
71043,hubeau,A4442010,ok,1971-01-01,1988-12-30,6574,0.7561,10,Hub'Eau series: site | flags: Bonne/Expertisée/Donnée validée=5921; Bonne/Expertisée/Donnée pré-validée=328; Douteuse/Expertisée/Donnée validée=286; Douteuse/Expertisée/Donnée pré-validée=39,148.651900669833,145.0,1.1226
71044,hubeau,A4632010,ok,1970-01-01,2019-12-31,18023,0.0158,40,Hub'Eau series: site | flags: Bonne/Expertisée/Donnée validée=12633; Douteuse/Expertisée/Donnée validée=4442; Bonne/Expertisée/Donnée pré-validée=937; Bonne/Calculée/Donnée validée=8; Douteuse/Calculée/Donnée validée=3,102.884873905094,105.0,1.0295
71045,hubeau,A5422010,ok,1969-08-06,2007-06-12,13722,0.3131,27,Hub'Eau series: site | flags: Bonne/Expertisée/Donnée validée=11806; Bonne/Expertisée/Donnée pré-validée=1607; Douteuse/Calculée/Donnée pré-validée=224; Douteuse/Expertisée/Donnée pré-validée=39; Douteuse/Expertisée/Donnée validée=29; Bonne/Reconstituée/Donnée pré-validée=10,149.93308695129,139.0,0.8186
71046,hubeau,A5730610,ok,1960-01-01,2019-12-31,21899,0.001,41,Hub'Eau series: site | flags: Bonne/Expertisée/Donnée validée=14330; Bonne/Expertisée/Donnée pré-validée=6731; Douteuse/Expertisée/Donnée validée=761; Douteuse/Expertisée/Donnée pré-validée=43; Bonne/Reconstituée/Donnée pré-validée=21; Bonne/Calculée/Donnée pré-validée=4,3402.52386402955,3338.0,1.586
71047,hubeau,,unmapped,,,,,,no national station within 5 km with area within 2%,67.5624912955361,,
71048,hubeau,A6142010,ok,1969-08-12,1984-12-31,5255,0.8781,5,Hub'Eau series: site | flags: Bonne/Expertisée/Donnée validée=5107; Douteuse/Expertisée/Donnée validée=148,148.39984571802,153.0,2.0257
71049,hubeau,A6232010,ok,1970-01-01,2019-12-31,18082,0.012,41,Hub'Eau series: site | flags: Bonne/Expertisée/Donnée validée=16384; Bonne/Expertisée/Donnée pré-validée=1667; Douteuse/Calculée/Donnée validée=25; Bonne/Calculée/Donnée validée=2; Douteuse/Expertisée/Donnée validée=2; Douteuse/Calculée/Donnée pré-validée=2,119.52629342647,116.0,1.5531
71050,hubeau,A6571110,ok,1969-01-01,2019-12-31,18278,0.0021,41,Hub'Eau series: site | flags: Douteuse/Expertisée/Donnée validée=8449; Bonne/Expertisée/Donnée validée=5813; Bonne/Expertisée/Donnée pré-validée=2066; Douteuse/Expertisée/Donnée pré-validée=1929; Douteuse/Calculée/Donnée pré-validée=12; Douteuse/Calculée/Donnée validée=6,556.867998366342,559.0,0.9775
71051,hubeau,A6621212,ok,1970-01-01,2019-12-31,18135,0.0085,40,Hub'Eau series: site | flags: Bonne/Expertisée/Donnée validée=6390; Douteuse/Expertisée/Donnée validée=5629; Bonne/Expertisée/Donnée pré-validée=4062; Douteuse/Expertisée/Donnée pré-validée=1821; Douteuse/Calculée/Donnée pré-validée=180; Bonne/Calculée/Donnée pré-validée=35,97.4961746229092,100.0,1.3526
71052,hubeau,A6731220,ok,1977-08-02,2019-12-31,15481,0.0005,41,Hub'Eau series: site | flags: Bonne/Expertisée/Donnée validée=7654; Bonne/Expertisée/Donnée pré-validée=2996; Douteuse/Expertisée/Donnée validée=2343; Bonne/Calculée/Donnée pré-validée=1090; Non qualifiée/Expertisée/Donnée pré-validée=729; Douteuse/Expertisée/Donnée pré-validée=623,495.808198439242,493.0,0.9801
71053,hubeau,A6812010,ok,1969-10-22,2005-12-17,12983,0.3572,26,Hub'Eau series: site | flags: Bonne/Expertisée/Donnée validée=9181; Bonne/Expertisée/Donnée pré-validée=2927; Douteuse/Expertisée/Donnée validée=651; Douteuse/Calculée/Donnée validée=224,68.8951134240611,73.0,1.1249
71054,hubeau,A6903810,ok,1968-08-18,1988-12-30,7390,0.7563,10,Hub'Eau series: site | flags: Bonne/Expertisée/Donnée validée=6647; Douteuse/Expertisée/Donnée validée=376; Bonne/Expertisée/Donnée pré-validée=364; Douteuse/Expertisée/Donnée pré-validée=3,20.5156529984248,21.4,0.573
71055,hubeau,,unmapped,,,,,,no national station within 5 km with area within 2%,2851.89726748465,,
71056,hubeau,A6953010,ok,1971-08-07,2005-12-23,12558,0.342,27,Hub'Eau series: site | flags: Bonne/Expertisée/Donnée validée=9750; Bonne/Expertisée/Donnée pré-validée=2301; Douteuse/Expertisée/Donnée pré-validée=265; Douteuse/Expertisée/Donnée validée=242,81.9932980385988,84.8,0.7539
71057,hubeau,A7010610,ok,1973-01-26,2019-12-31,17140,0.0001,41,Hub'Eau series: site | flags: Bonne/Expertisée/Donnée validée=16367; Bonne/Expertisée/Donnée pré-validée=730; Bonne/Reconstituée/Donnée validée=22; Douteuse/Calculée/Donnée validée=15; Douteuse/Expertisée/Donnée validée=3; Bonne/Calculée/Donnée validée=2,6823.15618581033,6830.0,1.3977
71058,hubeau,A7122010,ok,1969-08-07,2019-12-31,17997,0.0275,39,Hub'Eau series: site | flags: Bonne/Expertisée/Donnée validée=13319; Bonne/Expertisée/Donnée pré-validée=4259; Douteuse/Expertisée/Donnée validée=299; Douteuse/Expertisée/Donnée pré-validée=108; Bonne/Reconstituée/Donnée pré-validée=4; Douteuse/Calculée/Donnée validée=2,202.671104465916,231.0,0.5939
71059,hubeau,A7352010,ok,1964-08-18,2019-12-31,20222,0.0,41,Hub'Eau series: site | flags: Bonne/Expertisée/Donnée validée=18682; Douteuse/Expertisée/Donnée validée=1434; Douteuse/Calculée/Donnée validée=97; Bonne/Calculée/Donnée validée=5; Bonne/Reconstituée/Donnée validée=4,378.261867087035,358.0,0.7408
71060,hubeau,,unmapped,,,,,,no national station within 5 km with area within 2%,232.858448085512,,
71061,hubeau,A7642010,ok,1969-01-01,2019-12-31,14646,0.2636,29,Hub'Eau series: site | flags: Bonne/Expertisée/Donnée validée=14389; Douteuse/Expertisée/Donnée validée=251; Bonne/Expertisée/Donnée pré-validée=5; Douteuse/Calculée/Donnée validée=1,153.694325593945,143.0,0.7203
71062,hubeau,A7821010,ok,1969-01-01,2019-12-31,18575,0.0035,41,Hub'Eau series: site | flags: Bonne/Expertisée/Donnée validée=17505; Bonne/Expertisée/Donnée pré-validée=670; Douteuse/Expertisée/Donnée validée=327; Douteuse/Expertisée/Donnée pré-validée=63; Douteuse/Calculée/Donnée validée=10,947.734238937866,925.0,0.692
71063,hubeau,,unmapped,,,,,,no national station within 5 km with area within 2%,422.397127088979,,
71064,hubeau,A8182010,ok,1960-01-01,2007-01-28,11525,0.3807,24,Hub'Eau series: site | flags: Bonne/Expertisée/Donnée validée=10201; Douteuse/Expertisée/Donnée pré-validée=1056; Bonne/Expertisée/Donnée pré-validée=260; Douteuse/Expertisée/Donnée validée=8,364.32701469167,383.0,0.9808
71065,hubeau,A8322010,ok,1967-06-15,2019-12-31,19192,0.0001,41,Hub'Eau series: site | flags: Bonne/Expertisée/Donnée validée=18954; Douteuse/Expertisée/Donnée validée=150; Bonne/Reconstituée/Donnée validée=42; Douteuse/Calculée/Donnée validée=38; Bonne/Calculée/Donnée validée=8,80.975597685994,75.0,1.3269
71066,hubeau,,unmapped,,,,,,no national station within 5 km with area within 2%,85.191019619747,,
71067,hubeau,A8710001,ok,1970-07-29,1988-12-28,6173,0.7589,10,Hub'Eau series: site | flags: Bonne/Expertisée/Donnée validée=5863; Douteuse/Expertisée/Donnée validée=310,32.4403012782813,32.8,0.6041
71068,hubeau,A8732010,ok,1971-01-01,2019-12-31,17581,0.0015,41,Hub'Eau series: site | flags: Bonne/Expertisée/Donnée validée=14814; Bonne/Expertisée/Donnée pré-validée=2101; Douteuse/Expertisée/Donnée validée=560; Douteuse/Expertisée/Donnée pré-validée=49; Douteuse/Calculée/Donnée pré-validée=31; Douteuse/Calculée/Donnée validée=14,111.150658853495,110.0,0.6731
71069,hubeau,A8853010,ok,1969-09-16,1984-12-31,5583,0.8538,6,Hub'Eau series: site | flags: Bonne/Expertisée/Donnée validée=5006; Douteuse/Expertisée/Donnée validée=577,44.6897948466629,47.0,0.8493
71070,hubeau,A5242010,ok,1980-01-01,2019-12-31,14291,0.0457,39,Hub'Eau series: site | flags: Bonne/Expertisée/Donnée validée=12062; Bonne/Expertisée/Donnée pré-validée=2141; Douteuse/Calculée/Donnée validée=49; Douteuse/Expertisée/Donnée validée=18; Douteuse/Expertisée/Donnée pré-validée=11; Douteuse/Calculée/Donnée pré-validée=9,117.155064046526,114.0,1.0398
71071,hubeau,A5303010,ok,1980-01-01,2008-06-30,10160,0.3215,26,Hub'Eau series: site | flags: Bonne/Expertisée/Donnée validée=8734; Bonne/Expertisée/Donnée pré-validée=1229; Douteuse/Expertisée/Donnée validée=128; Douteuse/Calculée/Donnée validée=52; Douteuse/Expertisée/Donnée pré-validée=13; Douteuse/Calculée/Donnée pré-validée=3,63.8904448007747,62.1,0.9889
71072,hubeau,A6151030,ok,1973-11-01,2019-12-31,16409,0.0297,38,Hub'Eau series: site | flags: Bonne/Expertisée/Donnée validée=10930; Bonne/Expertisée/Donnée pré-validée=5469; Douteuse/Calculée/Donnée pré-validée=6; Douteuse/Expertisée/Donnée validée=4,721.498359548432,727.0,1.7108
71073,hubeau,A6761010,ok,1973-01-02,2019-12-31,17143,0.0015,41,Hub'Eau series: site | flags: Bonne/Expertisée/Donnée validée=14855; Bonne/Expertisée/Donnée pré-validée=1778; Douteuse/Expertisée/Donnée validée=458; Bonne/Reconstituée/Donnée pré-validée=26; Douteuse/Expertisée/Donnée pré-validée=13; Douteuse/Calculée/Donnée pré-validée=9,2306.22139399352,2280.0,1.2541
71074,hubeau,A7930610,ok,1960-01-01,2019-12-31,21267,0.0431,39,Hub'Eau series: site | flags: Bonne/Expertisée/Donnée validée=19328; Bonne/Expertisée/Donnée pré-validée=1205; Douteuse/Expertisée/Donnée validée=468; Douteuse/Expertisée/Donnée pré-validée=212; Douteuse/Calculée/Donnée pré-validée=42; Douteuse/Calculée/Donnée validée=4,9385.79915860903,9387.0,1.1836
71075,hubeau,A8431010,ok,1967-12-17,2019-12-31,16822,0.0023,41,Hub'Eau series: site | flags: Bonne/Expertisée/Donnée validée=16633; Douteuse/Expertisée/Donnée validée=176; Douteuse/Calculée/Donnée validée=13,1246.21095542002,1238.0,0.8513
71076,hubeau,A8883010,ok,1965-01-01,1969-12-31,1826,1.0,0,Hub'Eau series: site | flags: Bonne/Expertisée/Donnée validée=1619; Douteuse/Expertisée/Donnée validée=207,7.15167320159811,7.2,2.5749
71077,hubeau,A7213010,ok,1980-06-12,2008-06-29,10243,0.316,27,Hub'Eau series: site | flags: Bonne/Expertisée/Donnée validée=8902; Bonne/Expertisée/Donnée pré-validée=909; Douteuse/Expertisée/Donnée validée=416; Douteuse/Calculée/Donnée validée=14; Douteuse/Expertisée/Donnée pré-validée=2,36.6676117768498,38.7,0.8648
71078,hubeau,A2730110,ok,1956-03-02,2019-12-31,20731,0.0001,41,Hub'Eau series: site | flags: Bonne/Expertisée/Donnée validée=19854; Bonne/Expertisée/Donnée pré-validée=761; Bonne/Calculée/Donnée validée=48; Bonne/Reconstituée/Donnée validée=27; Douteuse/Calculée/Donnée validée=21; Douteuse/Expertisée/Donnée validée=14,218.334214856372,229.0,2.3395
71079,hubeau,A1050030,ok,1962-11-21,2019-12-31,20840,0.0,41,Hub'Eau series: site | flags: Bonne/Expertisée/Donnée validée=20660; Douteuse/Expertisée/Donnée validée=70; Douteuse/Calculée/Donnée validée=61; Bonne/Reconstituée/Donnée validée=43; Bonne/Calculée/Donnée validée=6,228.351382346822,233.0,0.9121
71080,hubeau,A1160030,ok,1964-01-01,2019-12-31,18196,0.0235,39,Hub'Eau series: site | flags: Bonne/Expertisée/Donnée validée=16549; Bonne/Expertisée/Donnée pré-validée=1450; Douteuse/Expertisée/Donnée validée=133; Bonne/Reconstituée/Donnée validée=64,665.384378683721,666.0,0.842
71081,hubeau,A1120200,ok,1964-02-04,2008-01-09,16014,0.2937,29,Hub'Eau series: site | flags: Bonne/Expertisée/Donnée validée=14426; Bonne/Expertisée/Donnée pré-validée=1469; Bonne/Reconstituée/Donnée validée=100; Douteuse/Expertisée/Donnée validée=17; Douteuse/Expertisée/Donnée pré-validée=2,133.626571997787,129.0,0.7803
71082,hubeau,A1200202,ok,1962-01-08,1974-12-31,4741,1.0,0,Hub'Eau series: site | flags: Bonne/Expertisée/Donnée validée=4741 | AREA MISMATCH polygon/national=0.737,3.8323877812612,5.2,5.4442
71083,hubeau,A1200203,ok,1961-12-01,2019-12-31,12859,0.5565,17,Hub'Eau series: site | flags: Bonne/Expertisée/Donnée validée=11037; Bonne/Expertisée/Donnée pré-validée=1463; Bonne/Reconstituée/Donnée validée=206; Douteuse/Expertisée/Donnée validée=132; Douteuse/Calculée/Donnée validée=15; Bonne/Calculée/Donnée validée=6,8.38129067310503,8.9,4.4087
71084,hubeau,,unmapped,,,,,,no national station within 5 km with area within 2%,21.9063247575326,,
71085,hubeau,,unmapped,,,,,,match to A1200201 rejected: GSIM river 'WAGENSTHALBACH' vs 'La Doller à Sewen [Lerchenmatt]',3.21253860375766,,
71086,hubeau,,unmapped,,,,,,match to A1200200 rejected: GSIM river 'SEEBACH' vs 'Le ruisseau de l'Alfeld à Sewen [Village]',10.0413207634,,
71087,hubeau,,unmapped,,,,,,no national station within 5 km with area within 2%,87.7950911393256,,
71088,hubeau,A1220690,ok,1966-01-01,1981-12-07,5518,0.945,1,Hub'Eau series: site | flags: Bonne/Expertisée/Donnée validée=4826; Douteuse/Expertisée/Donnée validée=692,13.8605984528185,13.0,1.8436
71089,hubeau,A1230500,ok,1965-12-22,1981-01-02,5312,0.9526,2,Hub'Eau series: site | flags: Bonne/Expertisée/Donnée validée=4194; Douteuse/Expertisée/Donnée validée=1107; Douteuse/Expertisée/Donnée pré-validée=8; Bonne/Expertisée/Donnée pré-validée=3,2.96418355739133,3.05,1.4972
71090,hubeau,,unmapped,,,,,,match to A1250201 rejected: GSIM river 'DOLLER' vs 'Le ruisseau le Dollerbaechlein à Pfastatt',237.260902466506,,
71091,hubeau,,unmapped,,,,,,no national station within 5 km with area within 2%,1195.53088157465,,
71092,hubeau,A1470031,ok,1957-05-01,1985-02-02,10019,0.8528,6,Hub'Eau series: site | flags: Bonne/Expertisée/Donnée validée=9798; Douteuse/Expertisée/Donnée validée=221 | AREA MISMATCH polygon/national=1.32,1743.31430170915,1320.0,0.5967
71093,hubeau,A1610030,ok,1958-11-11,2019-12-31,21994,0.0001,41,Hub'Eau series: site | flags: Bonne/Expertisée/Donnée validée=21750; Douteuse/Expertisée/Donnée validée=215; Bonne/Calculée/Donnée validée=19; Bonne/Reconstituée/Donnée validée=10,2068.8139092121,1784.0,0.8118
71094,hubeau,A1430200,ok,1966-05-28,2019-12-31,19471,0.007,41,Hub'Eau series: site | flags: Bonne/Expertisée/Donnée validée=18350; Bonne/Expertisée/Donnée pré-validée=1097; Douteuse/Expertisée/Donnée validée=21; Bonne/Calculée/Donnée validée=3,162.203974688315,159.0,2.7136
71095,hubeau,A1460200,ok,1957-01-02,1976-08-09,7020,1.0,0,Hub'Eau series: site | flags: Bonne/Expertisée/Donnée validée=6985; Douteuse/Expertisée/Donnée validée=35 | AREA MISMATCH polygon/national=1.35,367.247318273489,273.0,1.2056
71096,hubeau,,unmapped,,,,,,no national station within 5 km with area within 2%,15.8159832145935,,
71097,hubeau,A1510200,ok,1965-01-01,1970-12-26,2027,1.0,0,Hub'Eau series: site | flags: Bonne/Expertisée/Donnée validée=2027,73.1856907220088,68.1,2.636
71098,hubeau,,unmapped,,,,,,no national station within 5 km with area within 2%,291.943654813464,,
71099,hubeau,,unmapped,,,,,,no national station within 5 km with area within 2%,315.417272643114,,
71100,hubeau,A2040101,ok,1958-01-01,2007-01-08,16844,0.3168,28,Hub'Eau series: site | flags: Bonne/Expertisée/Donnée validée=12326; Bonne/Expertisée/Donnée pré-validée=4391; Douteuse/Expertisée/Donnée validée=99; Bonne/Reconstituée/Donnée validée=26; Douteuse/Expertisée/Donnée pré-validée=2,213.4727265806,211.0,2.066
71101,hubeau,A2140100,ok,1972-04-29,2019-12-31,17210,0.0136,40,Hub'Eau series: site | flags: Bonne/Expertisée/Donnée validée=17044; Douteuse/Expertisée/Donnée validée=98; Bonne/Reconstituée/Donnée validée=62; Bonne/Calculée/Donnée validée=6,527.600027259016,447.0,1.08
71102,hubeau,A2150300,ok,1971-06-26,2003-01-09,11480,0.4156,24,Hub'Eau series: site | flags: Bonne/Expertisée/Donnée validée=11390; Douteuse/Expertisée/Donnée validée=80; Bonne/Reconstituée/Donnée validée=10,30.2968117758669,31.7,1.0532
71103,hubeau,,unmapped,,,,,,no national station within 5 km with area within 2%,118.326616634474,,
71104,hubeau,A2130200,ok,1968-12-10,1985-06-27,4799,0.9249,3,Hub'Eau series: site | flags: Bonne/Expertisée/Donnée validée=4371; Douteuse/Expertisée/Donnée validée=428,170.811155095013,164.0,1.4403
71105,hubeau,A2430030,ok,1975-01-01,2019-12-31,14053,0.1591,34,Hub'Eau series: site | flags: Bonne/Expertisée/Donnée validée=13413; Douteuse/Expertisée/Donnée validée=613; Bonne/Reconstituée/Donnée validée=21; Bonne/Calculée/Donnée validée=2; Douteuse/Calculée/Donnée validée=2; Douteuse/Reconstituée/Donnée validée=2,3637.21490654481,3130.0,0.9753
71106,hubeau,,unmapped,,,,,,no national station within 5 km with area within 2%,6.04506392421864,,
71107,hubeau,A2340211,ok,1969-01-01,1983-12-31,5458,0.879,5,Hub'Eau series: site | flags: Bonne/Expertisée/Donnée validée=5453; Douteuse/Expertisée/Donnée validée=5,131.546803959153,127.0,1.3508
71108,hubeau,A2350200,ok,1965-12-21,2019-12-31,19673,0.0041,41,Hub'Eau series: site | flags: Bonne/Expertisée/Donnée validée=18570; Douteuse/Expertisée/Donnée validée=519; Bonne/Expertisée/Donnée pré-validée=367; Bonne/Reconstituée/Donnée validée=116; Douteuse/Calculée/Donnée validée=83; Bonne/Calculée/Donnée validée=18,297.318128153921,260.0,0.9556
71109,hubeau,A2610200,ok,1972-01-01,2019-12-31,17532,0.0,41,Hub'Eau series: site | flags: Bonne/Expertisée/Donnée validée=16806; Douteuse/Expertisée/Donnée validée=702; Bonne/Reconstituée/Donnée validée=20; Bonne/Calculée/Donnée validée=4,57.5003632830314,57.6,0.756
71110,hubeau,A2700110,ok,1965-09-01,2001-01-07,12909,0.4629,22,Hub'Eau series: site | flags: Bonne/Expertisée/Donnée validée=11906; Bonne/Expertisée/Donnée pré-validée=853; Douteuse/Expertisée/Donnée validée=150,32.994020970181,39.0,2.4773
71111,hubeau,A2710370,ok,1967-02-22,1979-02-11,4373,0.9972,0,Hub'Eau series: site | flags: Bonne/Expertisée/Donnée validée=4366; Douteuse/Expertisée/Donnée validée=7,3.03381178128637,3.33,2.8321
71112,hubeau,A2730110,ok,1956-03-02,2019-12-31,20731,0.0001,41,Hub'Eau series: site | flags: Bonne/Expertisée/Donnée validée=19854; Bonne/Expertisée/Donnée pré-validée=761; Bonne/Calculée/Donnée validée=48; Bonne/Reconstituée/Donnée validée=27; Douteuse/Calculée/Donnée validée=21; Douteuse/Expertisée/Donnée validée=14,218.334214856372,229.0,2.3395
71113,hubeau,A2860110,ok,1965-01-01,2019-12-31,20087,0.0001,41,Hub'Eau series: site | flags: Bonne/Expertisée/Donnée validée=19165; Douteuse/Expertisée/Donnée validée=896; Douteuse/Calculée/Donnée validée=20; Bonne/Calculée/Donnée validée=5; Bonne/Reconstituée/Donnée validée=1,697.700434339272,680.0,1.0019
71114,hubeau,A2840200,ok,1970-11-14,2019-12-31,17924,0.0001,41,Hub'Eau series: site | flags: Bonne/Expertisée/Donnée validée=17871; Douteuse/Expertisée/Donnée validée=35; Douteuse/Calculée/Donnée validée=15; Bonne/Calculée/Donnée validée=2; Bonne/Reconstituée/Donnée validée=1,159.296771649342,163.0,0.7151
71115,hubeau,A2320210,ok,1966-01-01,1999-02-02,11720,0.5101,20,Hub'Eau series: site | flags: Bonne/Expertisée/Donnée validée=11682; Douteuse/Expertisée/Donnée validée=38,20.3815108896586,18.8,1.9614
71116,hubeau,A1470030,ok,1970-12-02,1997-12-11,9261,0.5786,15,Hub'Eau series: site | flags: Bonne/Expertisée/Donnée validée=8884; Douteuse/Expertisée/Donnée validée=339; Bonne/Expertisée/Donnée pré-validée=30; Bonne/Calculée/Donnée validée=5; Bonne/Reconstituée/Donnée validée=3 | AREA MISMATCH polygon/national=1.27,1642.36757618993,1290.0,0.6898
71117,hubeau,,unmapped,,,,,,no national station within 5 km with area within 2%,270.196975944067,,
71118,hubeau,A2540200,ok,1973-12-29,1986-06-02,4539,0.819,7,Hub'Eau series: site | flags: Bonne/Expertisée/Donnée validée=4154; Bonne/Expertisée/Donnée pré-validée=366; Douteuse/Expertisée/Donnée validée=19,143.570178386969,158.0,0.8724
71119,hubeau,A2930200,ok,1975-05-14,1994-03-15,6881,0.6292,15,Hub'Eau series: site | flags: Bonne/Expertisée/Donnée validée=6760; Douteuse/Expertisée/Donnée validée=121,119.446598925109,119.0,0.2157
71120,hubeau,A1070200,ok,1980-11-15,2019-12-31,14267,0.0473,39,Hub'Eau series: site | flags: Bonne/Expertisée/Donnée validée=14190; Douteuse/Expertisée/Donnée validée=66; Bonne/Reconstituée/Donnée validée=11,69.2455665577402,70.0,0.7324
71121,hubeau,A1160030,ok,1964-01-01,2019-12-31,18196,0.0235,39,Hub'Eau series: site | flags: Bonne/Expertisée/Donnée validée=16549; Bonne/Expertisée/Donnée pré-validée=1450; Douteuse/Expertisée/Donnée validée=133; Bonne/Reconstituée/Donnée validée=64,658.913862599484,666.0,0.8503
71122,hubeau,,unmapped,,,,,,no national station within 5 km with area within 2%,21.6862730228597,,
71123,hubeau,A1402020,ok,1979-10-17,2019-12-31,14533,0.0295,39,Hub'Eau series: site | flags: Bonne/Expertisée/Donnée validée=14258; Douteuse/Expertisée/Donnée validée=193; Bonne/Reconstituée/Donnée validée=43; Bonne/Calculée/Donnée validée=23; Douteuse/Calculée/Donnée validée=16,6.60078378334616,7.6,4.8238
71124,hubeau,A1430690,ok,1979-11-10,1997-02-25,6128,0.5908,16,Hub'Eau series: site | flags: Bonne/Expertisée/Donnée validée=6126; Douteuse/Expertisée/Donnée validée=2,20.4791725866137,21.0,1.5585
71125,hubeau,,unmapped,,,,,,"2 national stations qualify: A1460201, A1460200",362.116407270227,,
71126,hubeau,A1500200,ok,1951-01-01,2019-12-31,20831,0.1047,35,Hub'Eau series: site | flags: Bonne/Expertisée/Donnée validée=20461; Douteuse/Expertisée/Donnée validée=311; Douteuse/Calculée/Donnée validée=23; Bonne/Reconstituée/Donnée validée=20; Bonne/Calculée/Donnée validée=16,27.3956498051237,28.3,2.6732
71127,hubeau,A1510580,ok,1965-01-01,1977-12-29,4618,1.0,0,Hub'Eau series: site | flags: Bonne/Expertisée/Donnée validée=4312; Douteuse/Expertisée/Donnée validée=306,7.55859234669963,7.6,1.5748
71128,hubeau,A1520200,ok,1975-10-17,2019-12-31,15879,0.0179,39,Hub'Eau series: site | flags: Bonne/Expertisée/Donnée validée=15707; Douteuse/Expertisée/Donnée validée=82; Bonne/Reconstituée/Donnée validée=62; Douteuse/Calculée/Donnée validée=26; Bonne/Calculée/Donnée validée=2,78.5999475736544,79.9,1.7536
71129,hubeau,,unmapped,,,,,,no national station within 5 km with area within 2%,45.5663652654642,,
71130,hubeau,,unmapped,,,,,,no national station within 5 km with area within 2%,3.08280661925499,,
71131,hubeau,A2010100,ok,1978-09-23,2019-12-31,8677,0.4272,23,Hub'Eau series: site | flags: Bonne/Expertisée/Donnée validée=8354; Douteuse/Expertisée/Donnée validée=323,75.566977768353,74.0,3.1215
71132,hubeau,A2030530,ok,1976-08-20,1997-08-05,7656,0.5464,18,Hub'Eau series: site | flags: Bonne/Expertisée/Donnée validée=7334; Douteuse/Expertisée/Donnée validée=322,24.5698528281307,24.0,0.9635
71133,hubeau,A2140101,ok,1958-01-01,2019-12-31,4751,0.9988,0,Hub'Eau series: site | flags: Bonne/Expertisée/Donnée validée=4733; Non qualifiée/Calculée/Donnée corrigée=18,444.915220881552,424.0,1.1421
71134,hubeau,,unmapped,,,,,,no national station within 5 km with area within 2%,0.32066448311186,,
71135,hubeau,,unmapped,,,,,,no national station within 5 km with area within 2%,0.0994235610730913,,
71136,hubeau,,unmapped,,,,,,no national station within 5 km with area within 2%,300.15641248815,,
71137,hubeau,,unmapped,,,,,,no national station within 5 km with area within 2%,685.051415990198,,
71138,hubeau,K5653010,ok,1966-12-20,2019-12-31,19016,0.0126,41,Hub'Eau series: site | flags: Bonne/Expertisée/Donnée validée=17406; Douteuse/Expertisée/Donnée validée=1237; Bonne/Expertisée/Donnée pré-validée=368; Bonne/Reconstituée/Donnée validée=5,579.356681942539,585.0,0.5423
71139,hubeau,P4271010,ok,1968-01-01,2019-12-31,18993,0.0,41,Hub'Eau series: site | flags: Bonne/Expertisée/Donnée validée=18685; Douteuse/Expertisée/Donnée validée=308,3637.08952452931,3736.0,1.3636
71140,hubeau,,unmapped,,,,,,no national station within 5 km with area within 2%,0.105603081388209,,
71141,hubeau,,unmapped,,,,,,no national station within 5 km with area within 2%,0.213772513512443,,
71142,hubeau,,unmapped,,,,,,no national station within 5 km with area within 2%,1828.21491510607,,
71143,hubeau,,unmapped,,,,,,no national station within 5 km with area within 2%,15.5082365531921,,
71144,hubeau,,unmapped,,,,,,no national station within 5 km with area within 2%,30.6363993608633,,
71145,hubeau,Y1105010,ok,1955-05-14,2019-12-31,21879,0.1123,36,Hub'Eau series: site | flags: Bonne/Expertisée/Donnée validée=12423; Bonne/Expertisée/Donnée pré-validée=8271; Douteuse/Expertisée/Donnée pré-validée=655; Douteuse/Expertisée/Donnée validée=530 | AREA MISMATCH polygon/national=1.66,225.770635274709,136.0,0.595
71146,hubeau,,unmapped,,,,,,no national station within 5 km with area within 2%,442.820263079422,,
71147,hubeau,,unmapped,,,,,,no national station within 5 km with area within 2%,315.926145265922,,
71148,hubeau,,unmapped,,,,,,no national station within 5 km with area within 2%,92925.5472642072,,
71149,hubeau,,unmapped,,,,,,no national station within 5 km with area within 2%,0.500590635451045,,
71150,hubeau,J2603010,ok,1966-07-01,2019-12-31,19363,0.012,40,Hub'Eau series: site | flags: Bonne/Expertisée/Donnée validée=15988; Bonne/Expertisée/Donnée pré-validée=3286; Douteuse/Expertisée/Donnée validée=86; Douteuse/Expertisée/Donnée pré-validée=3,41.7868514028152,43.5,1.5006
71151,hubeau,,unmapped,,,,,,no national station within 5 km with area within 2%,156.331920360161,,
71152,hubeau,U1025010,ok,1968-01-01,2019-12-31,18926,0.0043,41,Hub'Eau series: site | flags: Bonne/Expertisée/Donnée validée=18361; Douteuse/Expertisée/Donnée validée=563; Bonne/Calculée/Donnée validée=2,36.7150167917692,33.0,3.8469
71153,hubeau,V3614010,ok,1980-02-15,2019-12-31,14534,0.0294,40,Hub'Eau series: site | flags: Bonne/Expertisée/Donnée validée=14359; Douteuse/Expertisée/Donnée validée=143; Bonne/Calculée/Donnée validée=19; Bonne/Reconstituée/Donnée validée=10; Douteuse/Calculée/Donnée validée=2; Douteuse/Reconstituée/Donnée validée=1,227.130278125719,232.0,0.8007
71154,hubeau,,unmapped,,,,,,no national station within 5 km with area within 2%,76.3793418959587,,
71155,hubeau,H2122010,ok,1961-09-12,1997-06-04,13023,0.5524,18,Hub'Eau series: H212201001 | flags: Bonne/Expertisée/Donnée validée=11577; Douteuse/Expertisée/Donnée validée=543; Bonne/Expertisée/Donnée pré-validée=507; Douteuse/Calculée/Donnée validée=224; Bonne/Calculée/Donnée validée=102; Bonne/Reconstituée/Donnée validée=68,210.124532234031,216.0,2.0748
71156,hubeau,H0100010,ok,1968-05-01,2019-12-31,18872,0.0,41,Hub'Eau series: site | flags: Bonne/Expertisée/Donnée validée=15510; Bonne/Expertisée/Donnée pré-validée=3287; Douteuse/Expertisée/Donnée validée=73; Douteuse/Expertisée/Donnée pré-validée=2,373.467775755966,371.0,1.0567
71157,hubeau,A3150100,ok,1968-01-01,1990-02-16,8082,0.7286,11,Hub'Eau series: site | flags: Bonne/Expertisée/Donnée validée=6897; Bonne/Expertisée/Donnée pré-validée=1096; Douteuse/Expertisée/Donnée validée=89,285.792562088726,282.0,0.7694
71158,hubeau,V3614010,ok,1980-02-15,2019-12-31,14534,0.0294,40,Hub'Eau series: site | flags: Bonne/Expertisée/Donnée validée=14359; Douteuse/Expertisée/Donnée validée=143; Bonne/Calculée/Donnée validée=19; Bonne/Reconstituée/Donnée validée=10; Douteuse/Calculée/Donnée validée=2; Douteuse/Reconstituée/Donnée validée=1,227.130278125719,232.0,0.8007
71159,hubeau,,unmapped,,,,,,no national station within 5 km with area within 2%,215.681275098687,,
71160,hubeau,A511061001,ok,1980-08-20,2019-12-31,13232,0.1164,36,Hub'Eau series: A511061001 | flags: Bonne/Expertisée/Donnée validée=9886; Bonne/Expertisée/Donnée pré-validée=3227; Douteuse/Expertisée/Donnée validée=43; Bonne/Reconstituée/Donnée pré-validée=42; Douteuse/Expertisée/Donnée pré-validée=13; Douteuse/Calculée/Donnée validée=7,1970.00572062434,1976.0,2.0423
71161,hubeau,A550061001,ok,1988-09-16,2019-12-31,11403,0.2385,31,Hub'Eau series: A550061001 | flags: Bonne/Expertisée/Donnée validée=9012; Bonne/Expertisée/Donnée pré-validée=1810; Douteuse/Expertisée/Donnée validée=562; Bonne/Reconstituée/Donnée pré-validée=10; Bonne/Calculée/Donnée pré-validée=9,3063.98749832945,3070.0,1.5161
71162,hubeau,A850061001,ok,1981-10-02,2019-12-31,13957,0.068,38,Hub'Eau series: A850061001 | flags: Bonne/Expertisée/Donnée validée=12065; Bonne/Expertisée/Donnée pré-validée=1437; Douteuse/Expertisée/Donnée validée=416; Douteuse/Calculée/Donnée pré-validée=14; Douteuse/Calculée/Donnée validée=12; Bonne/Reconstituée/Donnée pré-validée=10,10743.0706578707,10770.0,1.1226
71163,hubeau,B403101001,ok,1968-09-20,2019-12-31,18370,0.0137,40,Hub'Eau series: B403101001 | flags: Bonne/Expertisée/Donnée validée=16425; Bonne/Expertisée/Donnée pré-validée=1744; Douteuse/Expertisée/Donnée validée=68; Douteuse/Expertisée/Donnée pré-validée=56; Douteuse/Calculée/Donnée validée=30; Douteuse/Calculée/Donnée pré-validée=28,283.083979572556,288.0,1.3841
71164,hubeau,B720000002,ok,1953-01-01,2019-12-31,24471,0.0,41,Hub'Eau series: B720000002 | flags: Bonne/Reconstituée/Donnée validée=13519; Bonne/Expertisée/Donnée validée=7953; Douteuse/Expertisée/Donnée validée=2667; Bonne/Expertisée/Donnée pré-validée=266; Douteuse/Expertisée/Donnée pré-validée=63; Bonne/Calculée/Donnée validée=3,10133.1125272774,10141.0,1.2292
71165,hubeau,E334602001,ok,1984-08-03,2019-12-31,12456,0.1682,34,Hub'Eau series: E334602001 | flags: Bonne/Expertisée/Donnée validée=12209; Bonne/Reconstituée/Donnée validée=157; Douteuse/Expertisée/Donnée validée=90,32.9110783971592,35.0,0.5895
71166,hubeau,E639701001,ok,1975-12-16,2019-12-31,14206,0.1256,36,Hub'Eau series: E639701001 | flags: Bonne/Expertisée/Donnée validée=13836; Douteuse/Expertisée/Donnée validée=339; Bonne/Expertisée/Donnée pré-validée=31,117.592102689774,118.0,0.4078
71167,hubeau,E645651001,ok,1980-11-06,2019-03-26,13722,0.0837,36,Hub'Eau series: E645651001 | flags: Bonne/Expertisée/Donnée pré-validée=10892; Bonne/Expertisée/Donnée validée=2344; Douteuse/Expertisée/Donnée validée=255; Douteuse/Expertisée/Donnée pré-validée=231,268.673441711103,269.0,0.6676
71168,hubeau,F439000101,ok,1950-01-01,2019-12-31,25567,0.0,41,Hub'Eau series: F439000101 | flags: Bonne/Expertisée/Donnée validée=25151; Douteuse/Calculée/Donnée validée=157; Douteuse/Expertisée/Donnée validée=122; Bonne/Reconstituée/Donnée validée=113; Bonne/Calculée/Donnée validée=23; Douteuse/Reconstituée/Donnée validée=1,3904.57010528499,3900.0,0.4053
71169,hubeau,F466000101,ok,1968-01-01,2019-12-31,18324,0.0403,36,Hub'Eau series: F466000101 | flags: Bonne/Expertisée/Donnée validée=13284; Douteuse/Expertisée/Donnée validée=2681; Bonne/Expertisée/Donnée pré-validée=1678; Bonne/Reconstituée/Donnée validée=372; Douteuse/Expertisée/Donnée pré-validée=149; Douteuse/Reconstituée/Donnée validée=88,230.341033810988,224.0,0.4971
71170,hubeau,F467000101,ok,1984-01-01,2019-12-31,13134,0.1229,36,Hub'Eau series: F467000101 | flags: Bonne/Calculée/Donnée validée=11962; Douteuse/Calculée/Donnée validée=1172,930.624106045314,922.0,0.3587
71171,hubeau,G111041010,ok,1978-01-01,2019-12-31,15299,0.0027,41,Hub'Eau series: G111041010 | flags: Bonne/Expertisée/Donnée validée=15142; Douteuse/Expertisée/Donnée validée=141; Bonne/Reconstituée/Donnée validée=11; Douteuse/Expertisée/Donnée pré-validée=5,261.221983206248,267.0,0.9255
71172,hubeau,H200102001,ok,1990-01-25,2019-12-31,10897,0.2723,30,Hub'Eau series: H200102001 | flags: Bonne/Expertisée/Donnée validée=9619; Bonne/Expertisée/Donnée pré-validée=1023; Douteuse/Expertisée/Donnée validée=180; Douteuse/Calculée/Donnée pré-validée=51; Douteuse/Expertisée/Donnée pré-validée=22; Douteuse/Calculée/Donnée validée=2,105.876196704283,106.0,2.2238
71173,hubeau,H201301001,ok,1990-08-01,2019-12-31,10745,0.2825,29,Hub'Eau series: H201301001 | flags: Bonne/Expertisée/Donnée validée=9439; Bonne/Expertisée/Donnée pré-validée=1059; Douteuse/Expertisée/Donnée validée=210; Douteuse/Expertisée/Donnée pré-validée=20; Douteuse/Calculée/Donnée pré-validée=17,60.5870629170097,60.0,2.1797
71174,hubeau,H248201001,ok,1950-01-01,2019-12-31,23985,0.0313,38,Hub'Eau series: H248201001 | flags: Bonne/Expertisée/Donnée validée=13286; Bonne/Expertisée/Donnée pré-validée=10270; Douteuse/Expertisée/Donnée pré-validée=297; Douteuse/Expertisée/Donnée validée=123; Douteuse/Calculée/Donnée validée=9,2971.12242100412,2982.0,0.832
71175,hubeau,H303000201,ok,1982-10-22,2019-12-31,12020,0.1973,30,Hub'Eau series: H303000201 | flags: Bonne/Expertisée/Donnée validée=9038; Bonne/Calculée/Donnée validée=2663; Douteuse/Expertisée/Donnée validée=282; Douteuse/Calculée/Donnée validée=32; Bonne/Reconstituée/Donnée validée=5,33.7728016679544,34.1,0.3796
71176,hubeau,H305000101,ok,1982-08-21,2019-12-31,12940,0.1359,35,Hub'Eau series: H305000101 | flags: Bonne/Expertisée/Donnée validée=9835; Bonne/Expertisée/Donnée pré-validée=2185; Douteuse/Expertisée/Donnée validée=469; Bonne/Reconstituée/Donnée validée=214; Douteuse/Calculée/Donnée validée=125; Bonne/Calculée/Donnée validée=63,213.570678604867,226.0,0.4093
71177,hubeau,H413041010,ok,1987-12-01,2019-12-31,11717,0.2176,32,Hub'Eau series: H413041010 | flags: Bonne/Expertisée/Donnée validée=7741; Bonne/Expertisée/Donnée pré-validée=3580; Douteuse/Expertisée/Donnée validée=234; Douteuse/Calculée/Donnée validée=50; Douteuse/Expertisée/Donnée pré-validée=45; Bonne/Reconstituée/Donnée validée=34,228.54195144955,231.0,0.3326
71178,hubeau,H504063010,ok,1963-04-12,2019-12-31,17719,0.1524,35,Hub'Eau series: H504063010 | flags: Bonne/Expertisée/Donnée validée=13399; Bonne/Expertisée/Donnée pré-validée=3323; Douteuse/Expertisée/Donnée validée=637; Douteuse/Expertisée/Donnée pré-validée=332; Bonne/Reconstituée/Donnée validée=28,197.184863603182,199.0,1.1329
71179,hubeau,H740101001,ok,1955-01-01,2019-12-31,23741,0.0,41,Hub'Eau series: H740101001 | flags: Bonne/Expertisée/Donnée validée=22739; Douteuse/Expertisée/Donnée validée=1002,4295.42168703884,4316.0,0.6763
71180,hubeau,I346301001,ok,1975-07-10,2019-12-31,15903,0.0229,40,Hub'Eau series: I346301001 | flags: Bonne/Expertisée/Donnée validée=13363; Bonne/Expertisée/Donnée pré-validée=1788; Douteuse/Expertisée/Donnée validée=490; Bonne/Reconstituée/Donnée validée=196; Douteuse/Expertisée/Donnée pré-validée=34; Douteuse/Calculée/Donnée validée=27,113.737891741407,110.0,1.1665
71181,hubeau,I501361001,ok,1970-09-30,2019-12-31,16890,0.0675,36,Hub'Eau series: I501361001 | flags: Bonne/Expertisée/Donnée validée=16271; Douteuse/Expertisée/Donnée validée=390; Bonne/Reconstituée/Donnée validée=172; Douteuse/Calculée/Donnée validée=56; Bonne/Expertisée/Donnée pré-validée=1,39.9662190245415,42.0,1.839
71182,hubeau,I510101001,ok,1991-02-08,2019-12-31,10485,0.2998,29,Hub'Eau series: I510101001 | flags: Bonne/Expertisée/Donnée validée=10150; Bonne/Reconstituée/Donnée validée=151; Douteuse/Expertisée/Donnée validée=105; Douteuse/Calculée/Donnée validée=76; Bonne/Calculée/Donnée validée=2; Bonne/Expertisée/Donnée pré-validée=1,476.397840622308,469.0,1.3259
71183,hubeau,I522101001,ok,1971-01-01,2019-12-31,15662,0.1492,35,Hub'Eau series: I522101001 | flags: Bonne/Expertisée/Donnée validée=14765; Douteuse/Expertisée/Donnée validée=764; Douteuse/Calculée/Donnée validée=94; Douteuse/Reconstituée/Donnée validée=19; Bonne/Reconstituée/Donnée validée=17; Bonne/Calculée/Donnée validée=2,878.944061843652,868.0,1.2477
71184,hubeau,I524301001,ok,1990-09-12,2019-12-31,10335,0.3098,27,Hub'Eau series: I524301001 | flags: Bonne/Expertisée/Donnée validée=9843; Bonne/Expertisée/Donnée pré-validée=351; Douteuse/Expertisée/Donnée validée=74; Douteuse/Calculée/Donnée validée=67,57.928914556684,57.0,0.9874
71185,hubeau,J032301001,ok,1967-11-18,2019-12-31,18962,0.005,41,Hub'Eau series: J032301001 | flags: Bonne/Expertisée/Donnée validée=11447; Bonne/Expertisée/Donnée pré-validée=7156; Douteuse/Expertisée/Donnée validée=248; Douteuse/Expertisée/Donnée pré-validée=111,62.1099204834448,62.7,0.6578
71186,hubeau,J152401001,ok,1990-10-31,2019-12-31,10654,0.2885,29,Hub'Eau series: J152401001 | flags: Bonne/Expertisée/Donnée validée=10049; Bonne/Expertisée/Donnée pré-validée=360; Douteuse/Expertisée/Donnée validée=230; Bonne/Reconstituée/Donnée validée=7; Douteuse/Expertisée/Donnée pré-validée=6; Bonne/Calculée/Donnée validée=2,29.193560836267,29.2,0.8376
71187,hubeau,J171171001,ok,1980-10-16,2019-12-31,14321,0.0437,39,Hub'Eau series: J171171001 | flags: Bonne/Expertisée/Donnée pré-validée=13044; Bonne/Expertisée/Donnée validée=1136; Douteuse/Expertisée/Donnée pré-validée=118; Douteuse/Expertisée/Donnée validée=23,183.006126171668,183.39,1.2521
71188,hubeau,J172172001,ok,1989-11-15,2019-12-31,11004,0.2652,30,Hub'Eau series: J172172001 | flags: Bonne/Expertisée/Donnée pré-validée=10945; Bonne/Expertisée/Donnée validée=45; Douteuse/Expertisée/Donnée pré-validée=14,414.651644803605,418.87,1.1187
71189,hubeau,J223301001,ok,1972-08-23,2019-12-31,17297,0.0,41,Hub'Eau series: J223301001 | flags: Bonne/Expertisée/Donnée validée=16853; Bonne/Expertisée/Donnée pré-validée=366; Douteuse/Expertisée/Donnée validée=70; Bonne/Reconstituée/Donnée validée=6; Douteuse/Calculée/Donnée validée=1; Bonne/Calculée/Donnée validée=1,263.643124770548,265.0,1.558
71190,hubeau,J260301001,ok,1966-07-01,2019-12-31,19363,0.012,40,Hub'Eau series: J260301001 | flags: Bonne/Expertisée/Donnée validée=15988; Bonne/Expertisée/Donnée pré-validée=3286; Douteuse/Expertisée/Donnée validée=86; Douteuse/Expertisée/Donnée pré-validée=3,43.3983751693115,43.5,1.4449
71191,hubeau,J261401002,ok,1988-12-14,2019-12-31,11257,0.2483,30,Hub'Eau series: J261401002 | flags: Bonne/Expertisée/Donnée validée=10864; Bonne/Expertisée/Donnée pré-validée=347; Douteuse/Expertisée/Donnée validée=24; Douteuse/Calculée/Donnée pré-validée=20; Bonne/Calculée/Donnée validée=2,95.22780220975,95.3,1.6
71192,hubeau,J272301001,ok,1967-01-01,2019-12-31,18901,0.0011,41,Hub'Eau series: J272301001 | flags: Bonne/Expertisée/Donnée validée=10756; Bonne/Expertisée/Donnée pré-validée=7275; Douteuse/Expertisée/Donnée validée=738; Bonne/Reconstituée/Donnée validée=104; Bonne/Reconstituée/Donnée pré-validée=14; Douteuse/Expertisée/Donnée pré-validée=14,142.424789059847,141.6,1.7057
71193,hubeau,J320571001,ok,1966-06-23,2019-12-31,19550,0.0,41,Hub'Eau series: J320571001 | flags: Bonne/Expertisée/Donnée validée=18151; Bonne/Expertisée/Donnée pré-validée=1097; Douteuse/Expertisée/Donnée validée=264; Bonne/Reconstituée/Donnée validée=20; Bonne/Calculée/Donnée validée=18,24.3497470196676,24.7,1.6076
71194,hubeau,J321302002,ok,1978-10-07,2019-12-31,15061,0.0,41,Hub'Eau series: J321302002 | flags: Bonne/Expertisée/Donnée validée=13193; Bonne/Expertisée/Donnée pré-validée=1805; Douteuse/Expertisée/Donnée validée=33; Douteuse/Expertisée/Donnée pré-validée=20; Douteuse/Calculée/Donnée validée=9; Douteuse/Calculée/Donnée pré-validée=1,26.9802707986968,26.9,1.6769
71195,hubeau,J340411001,ok,1983-07-07,2019-12-31,13327,0.1101,36,Hub'Eau series: J340411001 | flags: Bonne/Expertisée/Donnée validée=8898; Bonne/Expertisée/Donnée pré-validée=4371; Douteuse/Expertisée/Donnée validée=26; Douteuse/Calculée/Donnée validée=18; Douteuse/Expertisée/Donnée pré-validée=14,8.66895580928078,8.64,2.616
71196,hubeau,J351401001,ok,1971-04-08,2019-12-31,15976,0.0001,41,Hub'Eau series: J351401001 | flags: Bonne/Expertisée/Donnée validée=10172; Bonne/Expertisée/Donnée pré-validée=5380; Douteuse/Expertisée/Donnée pré-validée=201; Bonne/Reconstituée/Donnée pré-validée=147; Douteuse/Expertisée/Donnée validée=54; Bonne/Calculée/Donnée pré-validée=22,66.6904054335237,66.4,1.8813
71197,hubeau,J401401001,ok,1967-01-01,2019-12-31,19358,0.0,41,Hub'Eau series: J401401001 | flags: Bonne/Expertisée/Donnée pré-validée=12928; Bonne/Expertisée/Donnée validée=6196; Douteuse/Expertisée/Donnée pré-validée=223; Douteuse/Expertisée/Donnée validée=11,88.718047684312,89.2,1.4125
71198,hubeau,J412442001,ok,1984-06-29,2019-12-31,12960,0.1346,35,Hub'Eau series: J412442001 | flags: Bonne/Expertisée/Donnée pré-validée=11655; Bonne/Reconstituée/Donnée pré-validée=633; Douteuse/Expertisée/Donnée pré-validée=487; Bonne/Expertisée/Donnée validée=168; Douteuse/Expertisée/Donnée validée=17,32.3793459563203,32.0,1.452
71199,hubeau,J422401001,ok,1966-06-10,2019-12-31,19562,0.0001,41,Hub'Eau series: J422401001 | flags: Bonne/Expertisée/Donnée validée=17282; Bonne/Expertisée/Donnée pré-validée=1462; Bonne/Reconstituée/Donnée validée=659; Douteuse/Expertisée/Donnée validée=156; Bonne/Calculée/Donnée validée=3,107.511895530219,107.43,1.8364
71200,hubeau,J431301001,ok,1984-09-22,2016-05-12,11556,0.2283,31,Hub'Eau series: J431301001 | flags: Bonne/Expertisée/Donnée validée=11005; Bonne/Expertisée/Donnée pré-validée=470; Bonne/Reconstituée/Donnée validée=38; Bonne/Reconstituée/Donnée pré-validée=29; Douteuse/Expertisée/Donnée validée=12; Bonne/Calculée/Donnée pré-validée=2,179.349603603827,179.67,1.8797
71201,hubeau,J461401001,ok,1966-06-21,2019-12-31,19552,0.0,41,Hub'Eau series: J461401001 | flags: Bonne/Expertisée/Donnée validée=13519; Bonne/Expertisée/Donnée pré-validée=5214; Douteuse/Expertisée/Donnée validée=720; Douteuse/Expertisée/Donnée pré-validée=99,71.8961808604802,72.1,1.8352
71202,hubeau,J473401001,ok,1979-02-01,2019-12-31,14936,0.0026,41,Hub'Eau series: J473401001 | flags: Bonne/Expertisée/Donnée validée=13334; Bonne/Expertisée/Donnée pré-validée=1092; Douteuse/Expertisée/Donnée validée=476; Bonne/Reconstituée/Donnée validée=28; Douteuse/Expertisée/Donnée pré-validée=4; Bonne/Calculée/Donnée validée=2,117.507372494387,118.27,1.6988
71203,hubeau,J570481001,ok,1964-01-02,2019-12-31,20431,0.0,41,Hub'Eau series: J570481001 | flags: Bonne/Expertisée/Donnée validée=18283; Bonne/Expertisée/Donnée pré-validée=1991; Bonne/Reconstituée/Donnée pré-validée=83; Douteuse/Expertisée/Donnée validée=68; Douteuse/Expertisée/Donnée pré-validée=6,45.7391950277399,45.5,1.562
71204,hubeau,J735301001,ok,1968-09-25,2019-12-31,18725,0.0,41,Hub'Eau series: J735301001 | flags: Bonne/Expertisée/Donnée validée=16570; Bonne/Expertisée/Donnée pré-validée=1808; Douteuse/Expertisée/Donnée validée=328; Douteuse/Expertisée/Donnée pré-validée=19,475.080537747259,473.1,0.5637
71205,hubeau,J748301001,ok,1967-11-22,2014-07-23,17046,0.1327,35,Hub'Eau series: J748301001 | flags: Bonne/Expertisée/Donnée validée=16918; Douteuse/Expertisée/Donnée validée=111; Bonne/Calculée/Donnée validée=13; Bonne/Reconstituée/Donnée validée=3; Douteuse/Calculée/Donnée validée=1,806.635883126852,786.5,0.5107
71206,hubeau,J763301001,ok,1970-11-05,2019-12-31,17954,0.0,41,Hub'Eau series: J763301001 | flags: Bonne/Expertisée/Donnée validée=16327; Bonne/Expertisée/Donnée pré-validée=1462; Douteuse/Expertisée/Donnée validée=157; Bonne/Reconstituée/Donnée validée=5; Bonne/Calculée/Donnée validée=3,404.421374911914,404.1,0.5923
71207,hubeau,J863241001,ok,1968-09-13,2019-12-31,18706,0.0021,41,Hub'Eau series: J863241001 | flags: Bonne/Expertisée/Donnée validée=18028; Bonne/Expertisée/Donnée pré-validée=369; Douteuse/Expertisée/Donnée validée=294; Bonne/Reconstituée/Donnée validée=11; Douteuse/Calculée/Donnée validée=2; Bonne/Calculée/Donnée validée=1,341.854798766771,344.85,0.6766
71208,hubeau,K045401001,ok,1950-01-01,2019-12-31,25359,0.0139,41,Hub'Eau series: K045401001 | flags: Bonne/Expertisée/Donnée validée=22668; Bonne/Expertisée/Donnée pré-validée=2480; Douteuse/Expertisée/Donnée validée=145; Bonne/Reconstituée/Donnée pré-validée=35; Douteuse/Calculée/Donnée validée=10; Bonne/Calculée/Donnée pré-validée=9,216.852727648086,228.0,1.2692
71209,hubeau,K053000101,ok,1950-01-01,2019-12-31,25567,0.0,41,Hub'Eau series: K053000101 | flags: Non qualifiée/Expertisée/Donnée validée=21587; Bonne/Expertisée/Donnée validée=3675; Douteuse/Expertisée/Donnée validée=305,345.758015804593,354.0,1.0747
71210,hubeau,K067331001,ok,1961-01-01,2019-12-31,17525,0.2687,30,Hub'Eau series: K067331001 | flags: Bonne/Expertisée/Donnée validée=12555; Douteuse/Expertisée/Donnée validée=4970,180.068862095996,181.0,0.7545
71211,hubeau,K073322001,ok,1958-01-01,2019-12-31,22142,0.0305,39,Hub'Eau series: K073322001 | flags: Bonne/Expertisée/Donnée validée=22024; Bonne/Reconstituée/Donnée validée=81; Bonne/Calculée/Donnée validée=20; Douteuse/Expertisée/Donnée validée=17,60.307719664214,60.5,2.4455
71212,hubeau,K075321001,ok,1982-01-01,2019-12-31,13879,0.0732,38,Hub'Eau series: K075321001 | flags: Bonne/Expertisée/Donnée validée=13817; Bonne/Reconstituée/Donnée validée=39; Bonne/Calculée/Donnée validée=20; Douteuse/Expertisée/Donnée validée=3,370.89062285453,371.0,1.2596
71213,hubeau,K076331001,ok,1969-01-01,2013-03-27,14302,0.2888,29,Hub'Eau series: K076331001 | flags: Bonne/Expertisée/Donnée validée=12347; Bonne/Expertisée/Donnée pré-validée=1911; Douteuse/Expertisée/Donnée validée=36; Douteuse/Calculée/Donnée validée=5; Bonne/Calculée/Donnée pré-validée=3,41.3540287086243,43.3,1.2983
71214,hubeau,K077322001,ok,1966-01-01,2019-12-31,19723,0.0,41,Hub'Eau series: K077322001 | flags: Bonne/Expertisée/Donnée validée=19670; Douteuse/Expertisée/Donnée validée=28; Bonne/Reconstituée/Donnée validée=18; Bonne/Calculée/Donnée validée=7,660.702747674958,664.0,1.0359
71215,hubeau,K098301001,ok,1969-01-01,2019-12-31,18453,0.0116,40,Hub'Eau series: K098301001 | flags: Bonne/Expertisée/Donnée validée=13598; Douteuse/Expertisée/Donnée validée=4792; Bonne/Reconstituée/Donnée validée=45; Douteuse/Calculée/Donnée validée=12; Bonne/Calculée/Donnée validée=6,434.196591131743,427.0,1.0145
71216,hubeau,K125181001,ok,1984-02-28,2019-10-01,13000,0.1319,35,Hub'Eau series: K125181001 | flags: Bonne/Expertisée/Donnée validée=10854; Bonne/Expertisée/Donnée pré-validée=1670; Douteuse/Expertisée/Donnée validée=410; Douteuse/Expertisée/Donnée pré-validée=60; Douteuse/Calculée/Donnée pré-validée=6,770.390909502355,776.0,0.6947
71217,hubeau,K128481001,ok,1969-09-04,2019-12-31,18322,0.0039,41,Hub'Eau series: K128481001 | flags: Bonne/Expertisée/Donnée validée=15276; Bonne/Expertisée/Donnée pré-validée=2494; Douteuse/Expertisée/Donnée validée=409; Douteuse/Calculée/Donnée validée=129; Bonne/Calculée/Donnée validée=5; Douteuse/Expertisée/Donnée pré-validée=5,135.142749156782,138.0,1.9055
71218,hubeau,K132181010,ok,1971-10-27,2019-12-31,17418,0.0104,41,Hub'Eau series: K132181010 | flags: Bonne/Expertisée/Donnée validée=17063; Douteuse/Expertisée/Donnée validée=269; Bonne/Reconstituée/Donnée validée=86,1787.66257819632,1798.0,1.0734
71219,hubeau,K134181001,ok,1967-11-01,2019-12-31,18205,0.0567,38,Hub'Eau series: K134181001 | flags: Bonne/Expertisée/Donnée validée=18099; Bonne/Reconstituée/Donnée validée=56; Douteuse/Expertisée/Donnée validée=47; Bonne/Calculée/Donnée validée=3,2265.48607677748,2277.0,1.0413
71220,hubeau,K177301001,ok,1970-01-01,2019-12-31,15476,0.186,33,Hub'Eau series: K177301001 | flags: Bonne/Expertisée/Donnée validée=15307; Douteuse/Expertisée/Donnée validée=169,1463.88216883379,1465.0,1.0415
71221,hubeau,K222302001,ok,1982-01-01,2019-12-31,13808,0.0779,38,Hub'Eau series: K222302001 | flags: Bonne/Expertisée/Donnée validée=13148; Douteuse/Expertisée/Donnée validée=649; Douteuse/Calculée/Donnée validée=11,81.0756296360986,80.0,1.2793
71222,hubeau,K222303001,ok,1983-09-09,2019-12-31,13026,0.1302,34,Hub'Eau series: K222303001 | flags: Bonne/Expertisée/Donnée validée=10694; Bonne/Expertisée/Donnée pré-validée=2112; Douteuse/Expertisée/Donnée validée=159; Douteuse/Expertisée/Donnée pré-validée=50; Douteuse/Calculée/Donnée validée=11,159.732792213678,161.0,1.0665
71223,hubeau,K251402001,ok,1991-06-27,2019-12-31,10328,0.3103,28,Hub'Eau series: K251402001 | flags: Bonne/Expertisée/Donnée validée=8941; Douteuse/Expertisée/Donnée validée=1386; Bonne/Expertisée/Donnée pré-validée=1,66.4662509330799,63.7,1.7653
71224,hubeau,K282191001,ok,1991-01-01,2019-12-31,10430,0.3035,29,Hub'Eau series: K282191001 | flags: Bonne/Expertisée/Donnée validée=10397; Douteuse/Expertisée/Donnée validée=33,104.868262020641,105.0,0.8789
71225,hubeau,K287191001,ok,1950-01-01,2019-12-31,25438,0.0086,40,Hub'Eau series: K287191001 | flags: Bonne/Expertisée/Donnée validée=25266; Bonne/Reconstituée/Donnée validée=120; Douteuse/Expertisée/Donnée validée=46; Bonne/Calculée/Donnée validée=5; Douteuse/Calculée/Donnée validée=1,792.922920967007,800.0,1.1654
71226,hubeau,K288401001,ok,1965-01-01,2019-12-31,20015,0.0049,41,Hub'Eau series: K288401001 | flags: Bonne/Expertisée/Donnée validée=19906; Douteuse/Expertisée/Donnée validée=109,72.5276486747577,72.0,1.917
71227,hubeau,K298191001,ok,1991-06-01,2019-12-31,10393,0.306,28,Hub'Eau series: K298191001 | flags: Bonne/Expertisée/Donnée validée=10137; Douteuse/Expertisée/Donnée validée=216; Bonne/Reconstituée/Donnée validée=40,1518.50993397964,1523.0,1.0842
71228,hubeau,K327301001,ok,1986-01-01,2019-12-31,12418,0.1708,34,Hub'Eau series: K327301001 | flags: Bonne/Reconstituée/Donnée validée=9495; Bonne/Expertisée/Donnée validée=2922; Douteuse/Reconstituée/Donnée validée=1,468.359667448064,472.0,1.0664
71229,hubeau,K337301001,ok,1967-01-01,2019-12-31,16751,0.0522,36,Hub'Eau series: K337301001 | flags: Bonne/Expertisée/Donnée validée=10285; Bonne/Expertisée/Donnée pré-validée=6325; Douteuse/Expertisée/Donnée pré-validée=84; Douteuse/Calculée/Donnée pré-validée=29; Douteuse/Expertisée/Donnée validée=28,561.243200439019,555.0,0.5799
71230,hubeau,K518302002,ok,1950-01-01,2008-04-19,18322,0.3131,28,Hub'Eau series: K518302002 | flags: Bonne/Expertisée/Donnée validée=17359; Bonne/Expertisée/Donnée pré-validée=833; Douteuse/Expertisée/Donnée validée=122; Bonne/Calculée/Donnée pré-validée=5; Douteuse/Expertisée/Donnée pré-validée=3,858.593345768518,850.0,0.8855
71231,hubeau,K538302101,ok,1970-01-01,2008-07-14,12114,0.404,23,Hub'Eau series: K538302101 | flags: Bonne/Expertisée/Donnée validée=11191; Bonne/Expertisée/Donnée pré-validée=533; Douteuse/Expertisée/Donnée validée=389; Douteuse/Expertisée/Donnée pré-validée=1,927.167736958311,928.0,0.64
71232,hubeau,K565301001,ok,1966-12-20,2019-12-31,19016,0.0126,41,Hub'Eau series: K565301001 | flags: Bonne/Expertisée/Donnée validée=17406; Douteuse/Expertisée/Donnée validée=1237; Bonne/Expertisée/Donnée pré-validée=368; Bonne/Reconstituée/Donnée validée=5,573.516629618609,585.0,0.5479
71233,hubeau,K633252001,ok,1989-11-03,2019-12-31,10837,0.2763,30,Hub'Eau series: K633252001 | flags: Bonne/Expertisée/Donnée validée=10088; Bonne/Expertisée/Donnée pré-validée=731; Douteuse/Expertisée/Donnée validée=18,614.871433660133,606.0,0.6067
71234,hubeau,K649251001,ok,1965-01-01,2014-12-29,17786,0.1537,35,Hub'Eau series: K649251001 | flags: Bonne/Expertisée/Donnée validée=15117; Bonne/Expertisée/Donnée pré-validée=2509; Douteuse/Expertisée/Donnée validée=113; Non qualifiée/Calculée/Donnée brute=39; Douteuse/Expertisée/Donnée pré-validée=8,2290.74570271373,2287.0,0.5574
71235,hubeau,K751401001,ok,1967-12-22,2019-12-31,19002,0.0001,41,Hub'Eau series: K751401001 | flags: Bonne/Expertisée/Donnée validée=17547; Douteuse/Expertisée/Donnée validée=733; Bonne/Expertisée/Donnée pré-validée=691; Douteuse/Expertisée/Donnée pré-validée=26; Douteuse/Calculée/Donnée validée=3; Douteuse/Reconstituée/Donnée validée=2,127.865063233991,127.0,0.4111
71236,hubeau,L001061001,ok,1957-01-01,2019-12-31,22933,0.0051,40,Hub'Eau series: L001061001 | flags: Bonne/Expertisée/Donnée validée=20071; Douteuse/Expertisée/Donnée validée=2843; Bonne/Reconstituée/Donnée validée=19,64.2975667904663,60.26,2.3333
71237,hubeau,L009302002,ok,1967-01-01,2002-07-30,12995,0.4249,23,Hub'Eau series: L009302002 | flags: Bonne/Expertisée/Donnée validée=11629; Bonne/Expertisée/Donnée pré-validée=713; Douteuse/Expertisée/Donnée validée=423; Douteuse/Expertisée/Donnée pré-validée=228; Douteuse/Calculée/Donnée pré-validée=2,187.056565177193,170.85,1.7161
71238,hubeau,L081301001,ok,1967-11-10,2019-12-31,19044,0.0,41,Hub'Eau series: L081301001 | flags: Bonne/Expertisée/Donnée validée=18279; Douteuse/Expertisée/Donnée validée=726; Bonne/Reconstituée/Donnée validée=33; Bonne/Calculée/Donnée validée=3; Douteuse/Calculée/Donnée validée=2; Bonne/Expertisée/Donnée pré-validée=1,297.225107962521,296.78,1.1136
71239,hubeau,L401071001,ok,1958-01-01,2019-12-31,22612,0.0022,41,Hub'Eau series: L401071001 | flags: Bonne/Expertisée/Donnée validée=21870; Douteuse/Expertisée/Donnée validée=700; Bonne/Reconstituée/Donnée validée=41; Bonne/Calculée/Donnée validée=1,194.147682921203,194.08,1.6544
71240,hubeau,L403301001,ok,1959-01-01,2019-12-31,22279,0.0001,41,Hub'Eau series: L403301001 | flags: Bonne/Expertisée/Donnée validée=21434; Douteuse/Expertisée/Donnée validée=781; Bonne/Reconstituée/Donnée validée=64,189.192864411972,188.63,1.1395
71241,hubeau,L440000101,ok,1967-01-01,2019-12-31,19358,0.0,41,Hub'Eau series: L440000101 | flags: Non qualifiée/Expertisée/Donnée validée=14992; Bonne/Expertisée/Donnée validée=4009; Bonne/Expertisée/Donnée brute=212; Douteuse/Expertisée/Donnée validée=145,560.158405671623,558.0,0.8101
71242,hubeau,L441171001,ok,1958-01-01,2019-12-31,22645,0.0,41,Hub'Eau series: L441171001 | flags: Bonne/Expertisée/Donnée validée=21945; Douteuse/Expertisée/Donnée validée=680; Bonne/Reconstituée/Donnée validée=20,851.277412119339,852.86,0.8435
71243,hubeau,L510181001,ok,1960-01-01,2019-12-31,21915,0.0,41,Hub'Eau series: L510181001 | flags: Bonne/Expertisée/Donnée validée=21105; Douteuse/Expertisée/Donnée validée=771; Bonne/Reconstituée/Donnée validée=35; Bonne/Calculée/Donnée validée=4,566.910385306021,567.44,1.2108
71244,hubeau,L522302001,ok,1991-01-01,2019-12-31,10592,0.2927,29,Hub'Eau series: L522302001 | flags: Bonne/Expertisée/Donnée validée=8830; Douteuse/Expertisée/Donnée validée=1566; Douteuse/Calculée/Donnée validée=182; Bonne/Reconstituée/Donnée validée=12; Bonne/Calculée/Donnée validée=2,285.580252544112,285.31,1.0502
71245,hubeau,L620201002,ok,1977-01-01,2017-12-31,14916,0.0509,39,Hub'Eau series: L620201002 | flags: Bonne/Expertisée/Donnée validée=14448; Douteuse/Expertisée/Donnée validée=465; Bonne/Reconstituée/Donnée validée=3,884.132575227334,900.0,0.4259
71246,hubeau,M325311010,ok,1974-01-01,2019-12-31,16801,0.0,41,Hub'Eau series: M325311010 | flags: Bonne/Expertisée/Donnée validée=14503; Bonne/Expertisée/Donnée pré-validée=2164; Douteuse/Expertisée/Donnée validée=59; Bonne/Reconstituée/Donnée validée=44; Douteuse/Expertisée/Donnée pré-validée=30; Bonne/Calculée/Donnée validée=1,184.313295793623,188.0,0.894
71247,hubeau,M334091010,ok,1971-01-01,2019-12-31,17897,0.0,41,Hub'Eau series: M334091010 | flags: Bonne/Expertisée/Donnée validée=17560; Bonne/Reconstituée/Donnée validée=337,2897.41548922757,2890.0,0.8846
71248,hubeau,M350401010,ok,1973-01-01,2019-12-31,17160,0.0004,41,Hub'Eau series: M350401010 | flags: Bonne/Expertisée/Donnée validée=14111; Bonne/Expertisée/Donnée pré-validée=2175; Douteuse/Expertisée/Donnée validée=859; Douteuse/Expertisée/Donnée pré-validée=8; Bonne/Reconstituée/Donnée pré-validée=5; Bonne/Calculée/Donnée pré-validée=2,239.417828794513,235.0,0.6845
71249,hubeau,M360091010,ok,1970-01-01,2019-12-31,18262,0.0,41,Hub'Eau series: M360091010 | flags: Bonne/Expertisée/Donnée validée=17559; Bonne/Reconstituée/Donnée validée=387; Douteuse/Expertisée/Donnée validée=316,3910.71280055093,3910.0,0.8029
71250,hubeau,M363091010,ok,1965-03-01,2019-12-31,19620,0.0,41,Hub'Eau series: M363091010 | flags: Bonne/Expertisée/Donnée validée=18960; Bonne/Reconstituée/Donnée validée=477; Douteuse/Expertisée/Donnée validée=183,4147.70582125294,4160.0,0.819
71251,hubeau,M377181010,ok,1973-01-01,2019-12-31,16585,0.0328,39,Hub'Eau series: M377181010 | flags: Bonne/Expertisée/Donnée validée=15341; Bonne/Expertisée/Donnée pré-validée=724; Douteuse/Expertisée/Donnée validée=508; Douteuse/Calculée/Donnée pré-validée=9; Bonne/Reconstituée/Donnée validée=2; Bonne/Calculée/Donnée validée=1,729.431419381926,734.0,0.4782
71252,hubeau,M382301010,ok,1990-12-01,2019-12-31,10621,0.2908,29,Hub'Eau series: M382301010 | flags: Bonne/Expertisée/Donnée validée=8037; Bonne/Expertisée/Donnée pré-validée=1683; Douteuse/Expertisée/Donnée validée=752; Douteuse/Expertisée/Donnée pré-validée=145; Bonne/Reconstituée/Donnée validée=4,202.306483951514,205.0,0.5189
71253,hubeau,M521401020,ok,1980-10-01,2019-12-31,14336,0.0427,39,Hub'Eau series: M521401020 | flags: Bonne/Expertisée/Donnée validée=13634; Douteuse/Expertisée/Donnée validée=699; Bonne/Reconstituée/Donnée validée=3,152.767202735932,151.0,0.5086
71254,hubeau,M530001010,ok,1950-01-01,2019-12-31,25567,0.0,41,Hub'Eau series: M530001010 | flags: Bonne/Expertisée/Donnée validée=22975; Douteuse/Expertisée/Donnée validée=2592,109893.517995551,109930.0,0.6674
71255,hubeau,M601401010,ok,1975-01-01,2019-12-31,16242,0.013,40,Hub'Eau series: M601401010 | flags: Bonne/Expertisée/Donnée validée=15392; Douteuse/Expertisée/Donnée validée=850,37.7843835899177,38.0,0.6994
71256,hubeau,M741301010,ok,1990-12-01,2019-12-31,10623,0.2906,29,Hub'Eau series: M741301010 | flags: Bonne/Expertisée/Donnée validée=9820; Douteuse/Expertisée/Donnée validée=802; Bonne/Expertisée/Donnée pré-validée=1,131.848309528024,131.0,0.8547
71257,hubeau,O148432002,ok,1969-10-23,2019-12-31,18314,0.0001,41,Hub'Eau series: O148432002 | flags: Bonne/Expertisée/Donnée validée=14562; Bonne/Expertisée/Donnée pré-validée=3189; Douteuse/Expertisée/Donnée validée=418; Douteuse/Expertisée/Donnée pré-validée=99; Bonne/Reconstituée/Donnée validée=46,28.7934634060563,29.2,3.863
71258,hubeau,O203401001,ok,1968-09-28,2019-12-31,18349,0.0037,41,Hub'Eau series: O203401001 | flags: Bonne/Expertisée/Donnée validée=15761; Douteuse/Expertisée/Donnée validée=1182; Bonne/Expertisée/Donnée pré-validée=1156; Douteuse/Expertisée/Donnée pré-validée=250,187.224864334233,192.0,0.3566
71259,hubeau,O234401001,ok,1968-09-28,2019-12-31,14787,0.2602,30,Hub'Eau series: O234401001 | flags: Bonne/Expertisée/Donnée validée=14194; Bonne/Expertisée/Donnée pré-validée=472; Douteuse/Expertisée/Donnée validée=88; Douteuse/Expertisée/Donnée pré-validée=16; Non qualifiée/Expertisée/Donnée validée=14; Non qualifiée/Calculée/Donnée validée=3,521.843890438779,526.0,0.3998
71260,hubeau,O519251003,ok,1968-01-01,2019-12-31,18992,0.0001,41,Hub'Eau series: O519251003 | flags: Bonne/Expertisée/Donnée validée=15639; Bonne/Expertisée/Donnée pré-validée=1720; Douteuse/Expertisée/Donnée validée=960; Douteuse/Calculée/Donnée validée=484; Douteuse/Expertisée/Donnée pré-validée=107; Bonne/Reconstituée/Donnée validée=65,1055.95541853492,1042.0,1.0175
71261,hubeau,O529251001,ok,1959-12-31,2019-12-31,21849,0.0029,41,Hub'Eau series: O529251001 | flags: Bonne/Expertisée/Donnée validée=18523; Bonne/Expertisée/Donnée pré-validée=2808; Douteuse/Expertisée/Donnée validée=446; Douteuse/Expertisée/Donnée pré-validée=72,1597.67731178852,1582.0,0.9818
71262,hubeau,O619461001,ok,1968-10-15,2019-12-31,18321,0.0255,40,Hub'Eau series: O619461001 | flags: Bonne/Expertisée/Donnée validée=17977; Douteuse/Expertisée/Donnée validée=333; Bonne/Reconstituée/Donnée validée=11,462.642740565774,463.0,0.5431
71263,hubeau,O701151001,ok,1975-09-02,2006-12-31,11444,0.3171,28,Hub'Eau series: O701151001 | flags: Bonne/Expertisée/Donnée validée=11409; Douteuse/Expertisée/Donnée validée=34; Bonne/Expertisée/Donnée pré-validée=1,186.158415807676,189.0,1.7679
71264,hubeau,O704000101,ok,1966-01-01,2019-12-31,19723,0.0,41,Hub'Eau series: O704000101 | flags: Non qualifiée/Expertisée/Donnée validée=15169; Bonne/Expertisée/Donnée validée=4046; Douteuse/Expertisée/Donnée validée=508,466.814726665924,465.0,1.4364
71265,hubeau,O726501001,ok,1970-09-17,2019-12-31,18003,0.0,41,Hub'Eau series: O726501001 | flags: Bonne/Expertisée/Donnée validée=17781; Douteuse/Expertisée/Donnée validée=213; Bonne/Expertisée/Donnée pré-validée=9,77.3953047446182,76.0,1.1117
71266,hubeau,O811351001,ok,1950-01-01,2004-12-30,20088,0.3659,26,Hub'Eau series: O811351001 | flags: Bonne/Expertisée/Donnée validée=19574; Douteuse/Expertisée/Donnée validée=511; Bonne/Reconstituée/Donnée validée=3,675.296002317939,676.0,1.6119
71267,hubeau,O813352001,ok,1971-07-01,2019-12-31,17716,0.0,41,Hub'Eau series: O813352001 | flags: Bonne/Expertisée/Donnée validée=16804; Douteuse/Expertisée/Donnée validée=546; Bonne/Expertisée/Donnée pré-validée=357; Douteuse/Expertisée/Donnée pré-validée=9,1242.3011094465,1194.0,1.2257
71268,hubeau,P115000101,ok,1961-01-01,2019-12-31,21549,0.0,41,Hub'Eau series: P115000101 | flags: Non qualifiée/Expertisée/Donnée validée=14566; Bonne/Expertisée/Donnée pré-validée=3895; Bonne/Expertisée/Donnée validée=2936; Douteuse/Expertisée/Donnée validée=138; Douteuse/Expertisée/Donnée pré-validée=14,249.771251062848,252.0,2.2346
71269,hubeau,P301541001,ok,1956-01-01,2019-12-31,22378,0.0544,36,Hub'Eau series: P301541001 | flags: Bonne/Expertisée/Donnée validée=21659; Douteuse/Expertisée/Donnée validée=682; Douteuse/Calculée/Donnée validée=22; Bonne/Reconstituée/Donnée validée=15,29.9827600588067,33.0,2.7999
71270,hubeau,P392252001,ok,1970-01-01,2019-12-31,13466,0.2951,27,Hub'Eau series: P392252001 | flags: Bonne/Expertisée/Donnée validée=10191; Bonne/Expertisée/Donnée pré-validée=3223; Douteuse/Expertisée/Donnée validée=46; Douteuse/Calculée/Donnée validée=4; Douteuse/Expertisée/Donnée pré-validée=2,937.317359972673,940.0,1.8574
71271,hubeau,P392252002,ok,1950-01-01,2016-02-01,23771,0.1199,36,Hub'Eau series: P392252002 | flags: Bonne/Expertisée/Donnée validée=22493; Bonne/Expertisée/Donnée pré-validée=1125; Douteuse/Expertisée/Donnée validée=150; Douteuse/Expertisée/Donnée pré-validée=3,951.626664710414,940.0,1.8566
71272,hubeau,P427101001,ok,1968-01-01,2019-12-31,18993,0.0,41,Hub'Eau series: P427101001 | flags: Bonne/Expertisée/Donnée validée=18685; Douteuse/Expertisée/Donnée validée=308,3646.39804223296,3736.0,1.3601
71273,hubeau,P726151001,ok,1966-10-11,2019-12-31,19029,0.0066,40,Hub'Eau series: P726151001 | flags: Bonne/Expertisée/Donnée validée=16885; Douteuse/Expertisée/Donnée validée=2137; Bonne/Reconstituée/Donnée validée=7,3746.23597587836,3752.0,0.8753
71274,hubeau,P831252001,ok,1970-01-01,2019-12-31,17874,0.0259,40,Hub'Eau series: P831252001 | flags: Bonne/Expertisée/Donnée validée=17644; Douteuse/Expertisée/Donnée validée=230,1906.46132752908,1935.0,0.8741
71275,hubeau,Q022402001,ok,1968-10-01,2019-12-31,18719,0.0,41,Hub'Eau series: Q022402001 | flags: Bonne/Expertisée/Donnée pré-validée=11700; Bonne/Expertisée/Donnée validée=7006; Douteuse/Expertisée/Donnée validée=11; Douteuse/Expertisée/Donnée pré-validée=2,153.48003859533,168.0,1.6692
71276,hubeau,Q028003001,ok,1968-10-01,2019-12-31,18166,0.0159,39,Hub'Eau series: Q028003001 | flags: Bonne/Expertisée/Donnée validée=9532; Bonne/Expertisée/Donnée pré-validée=8522; Douteuse/Expertisée/Donnée validée=102; Douteuse/Expertisée/Donnée pré-validée=9; Bonne/Calculée/Donnée pré-validée=1,871.33488982586,906.0,1.529
71277,hubeau,Q045001001,ok,1973-06-06,2019-12-31,15017,0.1331,35,Hub'Eau series: Q045001001 | flags: Bonne/Expertisée/Donnée pré-validée=8699; Bonne/Expertisée/Donnée validée=6244; Douteuse/Expertisée/Donnée validée=49; Bonne/Reconstituée/Donnée pré-validée=22; Bonne/Calculée/Donnée pré-validée=2; Douteuse/Expertisée/Donnée pré-validée=1,1272.0450739939,1290.0,1.4735
71278,hubeau,Q259331001,ok,1967-01-01,2019-12-31,19266,0.0061,41,Hub'Eau series: Q259331001 | flags: Bonne/Expertisée/Donnée validée=13373; Bonne/Expertisée/Donnée pré-validée=5802; Douteuse/Expertisée/Donnée validée=60; Bonne/Reconstituée/Donnée pré-validée=28; Bonne/Calculée/Donnée pré-validée=3,2467.21786716014,2500.0,0.7137
71279,hubeau,Q346401001,ok,1967-01-01,2019-12-31,19233,0.0074,41,Hub'Eau series: Q346401001 | flags: Bonne/Expertisée/Donnée validée=12621; Bonne/Expertisée/Donnée pré-validée=6451; Douteuse/Expertisée/Donnée validée=146; Douteuse/Expertisée/Donnée pré-validée=15,1138.90232015727,1150.0,1.339
71280,hubeau,Q550101001,ok,1950-01-01,2017-07-26,24499,0.0713,38,Hub'Eau series: Q550101001 | flags: Bonne/Expertisée/Donnée validée=17730; Bonne/Expertisée/Donnée pré-validée=5946; Douteuse/Expertisée/Donnée validée=467; Douteuse/Expertisée/Donnée pré-validée=320; Non qualifiée/Calculée/Donnée brute=24; Douteuse/Calculée/Donnée brute=8,2577.91278180103,2575.0,2.777
71281,hubeau,Q732252002,ok,1967-01-01,2011-12-11,16403,0.1973,33,Hub'Eau series: Q732252002 | flags: Bonne/Expertisée/Donnée validée=11700; Bonne/Expertisée/Donnée pré-validée=3892; Douteuse/Expertisée/Donnée pré-validée=430; Douteuse/Expertisée/Donnée validée=347; Bonne/Reconstituée/Donnée pré-validée=25; Douteuse/Calculée/Donnée pré-validée=7,495.56374135511,480.0,4.1579
71282,hubeau,Q803251001,ok,1969-10-15,2019-12-31,18225,0.0077,40,Hub'Eau series: Q803251001 | flags: Bonne/Expertisée/Donnée validée=14434; Bonne/Expertisée/Donnée pré-validée=1914; Douteuse/Expertisée/Donnée validée=980; Douteuse/Expertisée/Donnée pré-validée=895; Bonne/Calculée/Donnée validée=2,244.198164511735,246.0,1.8962
71283,hubeau,R202001001,ok,1972-01-01,2014-10-31,14115,0.2035,32,Hub'Eau series: R202001001 | flags: Bonne/Expertisée/Donnée validée=10968; Bonne/Expertisée/Donnée pré-validée=1915; Douteuse/Expertisée/Donnée pré-validée=681; Douteuse/Expertisée/Donnée validée=530; Bonne/Reconstituée/Donnée validée=17; Bonne/Calculée/Donnée validée=4,2961.19853156002,2830.81,0.6505
71284,hubeau,R222001001,ok,1977-11-17,2019-12-31,14857,0.0353,39,Hub'Eau series: R222001001 | flags: Bonne/Expertisée/Donnée validée=12777; Bonne/Expertisée/Donnée pré-validée=920; Douteuse/Expertisée/Donnée validée=677; Douteuse/Expertisée/Donnée pré-validée=477; Bonne/Reconstituée/Donnée validée=4; Bonne/Calculée/Donnée validée=2,3706.34380078447,3722.38,0.6905
71285,hubeau,U123502001,ok,1963-01-01,2019-12-31,20819,0.0,41,Hub'Eau series: U123502001 | flags: Bonne/Expertisée/Donnée validée=18828; Bonne/Expertisée/Donnée pré-validée=1785; Douteuse/Expertisée/Donnée validée=140; Douteuse/Expertisée/Donnée pré-validée=27; Bonne/Calculée/Donnée validée=12; Bonne/Reconstituée/Donnée pré-validée=8,269.862387236377,266.0,0.8804
71286,hubeau,U234504001,ok,1986-06-05,2019-12-31,12200,0.1853,33,Hub'Eau series: U234504001 | flags: Bonne/Expertisée/Donnée validée=12120; Douteuse/Expertisée/Donnée validée=80,234.70932501802,235.0,2.1932
71287,hubeau,U254201001,ok,1960-01-01,2019-12-31,21188,0.0485,39,Hub'Eau series: U254201001 | flags: Bonne/Expertisée/Donnée validée=18805; Bonne/Expertisée/Donnée pré-validée=915; Douteuse/Expertisée/Donnée validée=749; Douteuse/Expertisée/Donnée pré-validée=526; Bonne/Reconstituée/Donnée validée=187; Bonne/Calculée/Donnée validée=4,5155.63307141653,5195.0,1.7949
71288,hubeau,U272201001,ok,1966-08-24,2019-12-31,19390,0.0065,40,Hub'Eau series: U272201001 | flags: Bonne/Expertisée/Donnée validée=16953; Bonne/Expertisée/Donnée pré-validée=1766; Douteuse/Expertisée/Donnée validée=640; Douteuse/Expertisée/Donnée pré-validée=31,7327.30759047045,7395.0,2.0266
71289,hubeau,U303401001,ok,1990-10-04,2019-12-31,10671,0.2874,29,Hub'Eau series: U303401001 | flags: Bonne/Expertisée/Donnée validée=6462; Bonne/Expertisée/Donnée pré-validée=3959; Douteuse/Expertisée/Donnée validée=189; Douteuse/Expertisée/Donnée pré-validée=61,985.318978891772,992.0,0.6468
71290,hubeau,U320521001,ok,1968-05-12,2000-12-31,11922,0.4634,22,Hub'Eau series: U320521001 | flags: Bonne/Expertisée/Donnée validée=11273; Bonne/Expertisée/Donnée pré-validée=361; Douteuse/Expertisée/Donnée validée=278; Douteuse/Expertisée/Donnée pré-validée=10,30.8664785341259,31.2,1.5262
71291,hubeau,U452521001,ok,1987-09-11,2019-12-31,11616,0.2243,30,Hub'Eau series: U452521001 | flags: Bonne/Expertisée/Donnée validée=11243; Douteuse/Calculée/Donnée validée=316; Douteuse/Expertisée/Donnée validée=57,67.4458927066191,68.0,0.5691
71292,hubeau,U463661001,ok,1987-01-09,2017-05-31,11067,0.261,30,Hub'Eau series: U463661001 | flags: Bonne/Expertisée/Donnée validée=10918; Douteuse/Expertisée/Donnée validée=98; Douteuse/Calculée/Donnée validée=41; Bonne/Reconstituée/Donnée validée=8; Bonne/Calculée/Donnée validée=2,168.235850030072,161.0,0.7552
71293,hubeau,U464401001,ok,1965-01-01,2019-12-31,19129,0.064,38,Hub'Eau series: U464401001 | flags: Bonne/Expertisée/Donnée validée=18857; Douteuse/Expertisée/Donnée validée=259; Douteuse/Calculée/Donnée validée=13,796.16266925118,792.0,0.7941
71294,hubeau,V041501001,ok,1990-03-29,2019-12-31,10556,0.2951,28,Hub'Eau series: V041501001 | flags: Bonne/Expertisée/Donnée validée=10450; Douteuse/Expertisée/Donnée validée=63; Bonne/Reconstituée/Donnée validée=27; Bonne/Calculée/Donnée validée=10; Douteuse/Calculée/Donnée validée=6,38.4186662194921,37.5,1.8313
71295,hubeau,V177401001,ok,1963-11-14,2019-12-31,20136,0.0244,40,Hub'Eau series: V177401001 | flags: Bonne/Expertisée/Donnée validée=19375; Douteuse/Expertisée/Donnée validée=694; Douteuse/Calculée/Donnée validée=63; Bonne/Calculée/Donnée validée=2; Bonne/Reconstituée/Donnée validée=2,694.628214772829,703.0,0.9428
71296,hubeau,V301501001,ok,1969-10-28,2019-12-31,18308,0.0013,41,Hub'Eau series: V301501001 | flags: Bonne/Expertisée/Donnée validée=18016; Douteuse/Expertisée/Donnée validée=202; Bonne/Reconstituée/Donnée validée=45; Douteuse/Calculée/Donnée validée=36; Bonne/Calculée/Donnée validée=9,46.3135869541207,48.0,0.5969
71297,hubeau,V322542002,ok,1988-01-01,2019-12-31,11673,0.2205,32,Hub'Eau series: V322542002 | flags: Bonne/Expertisée/Donnée validée=11421; Douteuse/Expertisée/Donnée validée=250; Douteuse/Calculée/Donnée validée=2,85.5984244768129,87.5,0.8183
71298,hubeau,V331501001,ok,1978-01-01,2014-10-28,13330,0.1277,36,Hub'Eau series: V331501001 | flags: Bonne/Expertisée/Donnée validée=12875; Bonne/Expertisée/Donnée pré-validée=299; Douteuse/Expertisée/Donnée validée=84; Douteuse/Calculée/Donnée validée=37; Bonne/Calculée/Donnée validée=28; Bonne/Reconstituée/Donnée validée=4,36.5325619634724,37.0,0.8301
71299,hubeau,V372401001,ok,1968-01-01,2019-12-31,15058,0.0485,36,Hub'Eau series: V372401001 | flags: Bonne/Expertisée/Donnée validée=14526; Douteuse/Expertisée/Donnée validée=438; Douteuse/Calculée/Donnée validée=60; Bonne/Reconstituée/Donnée validée=22; Bonne/Calculée/Donnée validée=7; Douteuse/Reconstituée/Donnée validée=5,378.723500686982,378.0,1.128
71300,hubeau,Y320002001,ok,1975-01-01,2019-12-31,16404,0.0021,41,Hub'Eau series: Y320002001 | flags: Bonne/Expertisée/Donnée validée=15925; Douteuse/Expertisée/Donnée validée=479,113.300078573119,115.0,1.6193
71301,hubeau,Y510661001,ok,1974-07-04,2019-12-31,16503,0.0076,41,Hub'Eau series: Y510661001 | flags: Bonne/Expertisée/Donnée validée=11924; Bonne/Expertisée/Donnée pré-validée=2243; Douteuse/Expertisée/Donnée validée=1975; Douteuse/Expertisée/Donnée pré-validée=319; Bonne/Reconstituée/Donnée validée=25; Bonne/Calculée/Donnée validée=17,230.183779086839,235.3,0.5584
71302,hubeau,Y521502001,ok,1968-08-01,2019-12-31,18447,0.0209,39,Hub'Eau series: Y521502001 | flags: Bonne/Expertisée/Donnée validée=15362; Bonne/Expertisée/Donnée pré-validée=1634; Douteuse/Expertisée/Donnée validée=1179; Douteuse/Expertisée/Donnée pré-validée=177; Bonne/Reconstituée/Donnée validée=54; Bonne/Calculée/Donnée validée=39,228.142539059717,227.82,0.9329
71303,hubeau,Y531201001,ok,1970-12-24,2019-12-31,17267,0.0313,37,Hub'Eau series: Y531201001 | flags: Bonne/Expertisée/Donnée validée=14848; Bonne/Expertisée/Donnée pré-validée=1823; Douteuse/Expertisée/Donnée validée=412; Bonne/Reconstituée/Donnée validée=112; Douteuse/Calculée/Donnée validée=50; Bonne/Calculée/Donnée validée=13,2500.07573347409,2512.05,0.6447
71304,hubeau,Y532501001,ok,1970-04-22,2019-12-31,17412,0.0483,38,Hub'Eau series: Y532501001 | flags: Bonne/Expertisée/Donnée validée=14613; Douteuse/Expertisée/Donnée validée=1039; Douteuse/Expertisée/Donnée pré-validée=750; Bonne/Expertisée/Donnée pré-validée=708; Douteuse/Reconstituée/Donnée validée=135; Bonne/Reconstituée/Donnée validée=127,72.8066525905509,72.63,0.7326
71305,hubeau,Y881000102,ok,1969-01-01,2012-04-29,14698,0.2136,32,Hub'Eau series: Y881000102 | flags: Bonne/Expertisée/Donnée validée=9394; Douteuse/Expertisée/Donnée validée=3324; Bonne/Expertisée/Donnée pré-validée=1797; Douteuse/Expertisée/Donnée pré-validée=150; Bonne/Reconstituée/Donnée validée=33,129.447424985049,130.0,2.353
65568,hydat,08EG013,ok,1964-02-21,1965-06-10,444,1.0,0,flags: A=25; E=7 | AREA MISMATCH polygon/national=1.31,43.4967730300452,33.20000076293945,6.704
65569,hydat,08EG015,ok,1964-04-16,1972-10-29,3091,1.0,0,HYDAT: regulated | flags: E=240; B=23; A=11,6.88832716743746,,49.2578
65570,hydat,08FA004,ok,1950-01-01,1952-05-28,771,1.0,0,flags: E=1,4.94982992116336,5.800000190734863,6.4733
65571,hydat,08FD002,ok,1950-01-01,1952-05-24,875,1.0,0,flags: E=87,16.0245703020467,14.109999656677246,5.1704
65572,hydat,08GA018,not_found,,,,,,HYDAT daily flow 1918-1919; no valid daily flow in 1950-2019 | AREA MISMATCH polygon/national=0.759,2.1711125144629,2.859999895095825,
65573,hydat,08GA019,not_found,,,,,,HYDAT: regulated; HYDAT daily flow 1918-1919; no valid daily flow in 1950-2019 | AREA MISMATCH polygon/national=0.6,1.75239125983447,2.9200000762939453,
65574,hydat,08GA045,ok,1958-07-10,1958-09-15,68,1.0,0,HYDAT: regulated | flags: E=21 | AREA MISMATCH polygon/national=0.00278,0.188074020883756,67.55999755859375,201.282
65575,hydat,08GA049,ok,1964-09-15,1968-12-31,955,1.0,0,flags: E=64; A=14,5.80163917670478,5.230000019073486,8.1735
65576,hydat,08GA052,ok,1960-02-01,1976-12-23,5015,1.0,0,flags: E=1782 | AREA MISMATCH polygon/national=1.3,6.2788530801866,4.820000171661377,6.4688
65577,hydat,08GA058,ok,1967-10-16,1968-08-24,314,1.0,0,HYDAT: regulated | flags: E=25; A=12 | AREA MISMATCH polygon/national=0.551,2.19182017652417,3.9800000190734863,4.3783
65578,hydat,08GA059,not_found,,,,,,HYDAT: regulated; HYDAT daily flow 1906-1910; no valid daily flow in 1950-2019 | AREA MISMATCH polygon/national=0.011,2.0523148698757,186.6999969482422,
65579,hydat,08GA061,ok,1970-12-21,2019-12-31,17264,0.0066,40,flags: E=763; A=63; B=12 | AREA MISMATCH polygon/national=1.34,3.87207620911301,2.900000095367432,5.2072
65580,hydat,08GA063,ok,1974-01-01,1977-06-02,1249,1.0,0,flags: E=107; A=44; B=15 | AREA MISMATCH polygon/national=0.367,0.191086743210013,0.5199999809265137,15.3702
65581,hydat,08GA068,ok,1980-03-27,1985-10-21,1058,0.9293,0,HYDAT: regulated | flags: E=52 | AREA MISMATCH polygon/national=0.62,2.48138101537482,4.0,2.9763
65582,hydat,08GB003,not_found,,,,,,HYDAT: regulated; HYDAT daily flow 1921-1944; no valid daily flow in 1950-2019,452.7147596452,455.7000122070313,
65583,hydat,08GB010,ok,1975-01-20,1981-12-31,2398,0.9268,3,flags: E=106; B=61; A=20 | AREA MISMATCH polygon/national=0.0184,0.388192047285006,21.049999237060547,125.1433
65584,hydat,08GB011,ok,1977-02-15,1977-10-26,254,1.0,0,flags: E=94 | AREA MISMATCH polygon/national=0.0288,0.0954579015391165,3.309999942779541,25.1257
65585,hydat,08GC008,ok,2003-10-16,2019-12-31,5921,0.6046,16,flags: E=408; A=35; B=22 | AREA MISMATCH polygon/national=0.00197,0.188019631720078,95.20999908447266,2154.4456
65586,hydat,08GF004,ok,1971-02-09,1972-12-31,595,1.0,0,,75.3594629044648,76.81999969482422,7.0441
65587,hydat,08HA004,ok,1976-11-01,1989-12-31,3281,0.8337,6,HYDAT: regulated | flags: E=1232; A=23,69.1912295281869,71.33999633789062,1.6982
65588,hydat,08HA005,ok,1950-01-01,1966-11-30,5854,1.0,0,HYDAT: regulated,71.9923588964129,70.41000366210938,2.7055
65589,hydat,08HA006,ok,1950-01-01,1966-11-30,6084,1.0,0,HYDAT: regulated,71.9912655997724,70.3499984741211,0.6725
65590,hydat,08HA008,ok,1952-11-12,1955-03-31,662,1.0,0,flags: E=238,15.7840357426328,17.040000915527344,2.8457
65591,hydat,08HA014,ok,1961-05-30,1963-07-16,733,1.0,0,HYDAT: regulated | flags: E=526 | AREA MISMATCH polygon/national=0.694,46.3444886801691,66.77999877929688,2.6606
65592,hydat,08HA015,ok,1961-05-29,1989-09-30,2681,0.878,0,HYDAT: regulated | flags: E=628,16.7840268258918,17.110000610351562,0.6521
65593,hydat,08HA017,ok,1963-06-14,1966-03-05,996,1.0,0,flags: E=41,94.2441903159066,99.97000122070312,5.342
65594,hydat,08HA018,ok,1963-07-01,1965-06-26,506,1.0,0,HYDAT: regulated | flags: E=107,257.376333157951,263.79998779296875,3.9362
65595,hydat,08HA019,ok,1964-05-22,1964-09-30,59,1.0,0,flags: E=4 | AREA MISMATCH polygon/national=0.0409,0.559175066569049,13.670000076293944,7.3721
65596,hydat,08HA022,ok,1968-05-13,1968-09-30,141,1.0,0,flags: E=2,15.2008404697762,14.600000381469728,0.1287
65597,hydat,08HA027,ok,1970-04-01,1970-09-30,183,1.0,0,flags: E=17,6.84943866590414,8.079999923706055,0.1336
65598,hydat,08HA034,ok,1974-06-12,1981-12-31,2486,0.9335,2,flags: E=130; B=11 | AREA MISMATCH polygon/national=0.705,13.9211948432253,19.739999771118164,1.9178
65599,hydat,08HA036,ok,1975-04-14,1979-09-28,907,0.9888,0,HYDAT: regulated | flags: E=221 | AREA MISMATCH polygon/national=0.529,0.496859486023544,0.9399999976158142,3.0214
65600,hydat,08HA040,ok,1979-03-21,1985-09-30,1275,0.9149,0,HYDAT: regulated | flags: E=10 | AREA MISMATCH polygon/national=0.0167,0.194034070725193,11.600000381469728,1.1452
65601,hydat,08HA042,ok,1980-03-25,1982-09-30,555,0.9629,0,flags: E=2,2.53876117102633,2.309999942779541,0.237
65602,hydat,08HA043,ok,1980-03-25,1982-09-30,554,0.963,0,flags: E=1 | AREA MISMATCH polygon/national=1.54,2.53876117102633,1.649999976158142,0.2353
65603,hydat,08HA045,ok,1981-03-23,1982-09-30,358,0.9761,0,,286.935096795914,301.79998779296875,1.1359
65604,hydat,08HA054,ok,1982-03-04,1992-10-02,2028,0.8646,0,HYDAT: regulated | AREA MISMATCH polygon/national=0.618,8.34827042189533,13.510000228881836,0.3664
65605,hydat,08HA055,ok,1983-03-14,1993-09-30,2030,0.8644,0,HYDAT: regulated | flags: E=12 | AREA MISMATCH polygon/national=0.778,16.1085579791327,20.700000762939453,0.4439
65606,hydat,08HA056,ok,1983-03-28,1989-09-30,1289,0.9139,0,flags: E=4,25.0783912780723,21.770000457763672,0.5003
65607,hydat,08HA059,ok,1989-02-22,1997-12-31,3214,0.7854,9,HYDAT: regulated | flags: A=80; E=78; B=9,266.660406338357,271.29998779296875,3.2086
65608,hydat,08HA060,ok,1993-04-07,2009-09-30,5791,0.6133,15,HYDAT: regulated | flags: E=212; A=28; B=2 | AREA MISMATCH polygon/national=0.497,2.86074298002793,5.760000228881836,1.8031
65609,hydat,08HA063,ok,1996-01-01,1996-12-31,366,0.9756,1,HYDAT: regulated | AREA MISMATCH polygon/national=0.609,10.3333455280225,16.969999313354492,2.294
65610,hydat,08HA066,ok,1997-01-01,1999-12-31,1095,0.9269,3,flags: A=191; E=44,1.10530511236776,,0.8228
65611,hydat,08HA067,ok,1997-01-01,1999-12-31,1095,0.9269,3,flags: A=178; E=26,2.18364148343436,2.700000047683716,2.3783
65612,hydat,08HA071,ok,1997-01-01,2001-12-31,1826,0.8781,5,HYDAT: regulated | flags: E=151; A=20; B=3,5.90941053113397,6.28000020980835,1.4192
65613,hydat,08HA073,ok,2003-09-11,2005-07-04,663,0.9557,1,flags: A=3 | AREA MISMATCH polygon/national=0.0112,0.388132904816924,34.5099983215332,216.1728
65614,hydat,08HB001,ok,1956-06-26,1974-12-31,6441,1.0,0,HYDAT: regulated | flags: E=289,139.732941992967,143.89999389648438,4.6227
65615,hydat,08HB003,ok,1950-01-01,1998-10-02,5424,0.9261,0,flags: E=684; A=96; B=10,99.2212071561299,94.80999755859376,3.1844
65616,hydat,08HB005,ok,1950-01-01,1964-09-30,5345,1.0,0,HYDAT: regulated | flags: E=405; A=89; B=13,668.808772415675,659.7999877929688,5.3213
65617,hydat,08HB012,not_found,,,,,,HYDAT daily flow 1924-1931; no valid daily flow in 1950-2019,143.518123596419,142.0,
65618,hydat,08HB018,ok,1958-05-30,1962-08-18,1526,1.0,0,flags: E=155; A=45,109.920979217976,112.5,4.3947
65619,hydat,08HB027,ok,1961-04-01,1974-12-31,3419,1.0,0,flags: E=309,52.8670980436003,54.72999954223633,2.4926
65620,hydat,08HB030,ok,1962-04-01,1978-12-31,6075,1.0,0,HYDAT: regulated | flags: E=2278; B=11; A=4 | AREA MISMATCH polygon/national=0.457,1.25104433736696,2.740000009536743,2.4009
65621,hydat,08HB034,ok,1965-05-29,2019-12-31,19940,0.0,41,HYDAT: regulated | flags: E=242; B=129; A=56,673.743044467229,675.2999877929688,5.0831
65622,hydat,08HB035,ok,1968-06-16,1969-10-30,274,1.0,0,flags: E=8,16.171477061272,15.81999969482422,0.7547
65623,hydat,08HB036,ok,1969-04-18,1981-09-30,1105,0.9631,0,AREA MISMATCH polygon/national=0.0133,0.0957967549273891,7.210000038146973,164.9107
65624,hydat,08HB037,ok,1968-05-27,1978-12-31,3229,1.0,0,flags: E=94; B=32,54.1040908435643,43.790000915527344,4.3707
65625,hydat,08HB038,ok,1969-04-01,1989-10-03,1841,0.9138,0,flags: E=27,39.2419546496879,46.29999923706055,1.0984
65626,hydat,08HB039,ok,1970-04-01,1972-10-02,554,1.0,0,flags: E=1,35.4468105245423,33.310001373291016,0.415
65627,hydat,08HB040,ok,1970-04-01,1971-09-30,367,1.0,0,flags: E=1 | AREA MISMATCH polygon/national=0.717,3.3786125189064,4.710000038146973,0.7084
65628,hydat,08HB041,ok,1970-10-06,2019-12-31,17714,0.0126,39,HYDAT: regulated | flags: E=500; A=93; B=59,58.6651051280731,59.5,7.0027
65629,hydat,08HB042,ok,1971-03-29,1971-09-30,184,1.0,0,AREA MISMATCH polygon/national=0.0419,0.46841628587178,11.18000030517578,10.8305
65630,hydat,08HB043,ok,1971-04-01,1999-03-31,3481,0.8043,4,flags: A=212; E=61 | AREA MISMATCH polygon/national=1.48,12.4271131918303,8.369999885559082,4.4239
65631,hydat,08HB044,ok,1971-04-06,1976-09-30,1058,1.0,0,flags: E=115 | AREA MISMATCH polygon/national=0.798,65.3535038543843,81.8499984741211,2.0994
65632,hydat,08HB045,ok,1971-04-06,1978-12-31,2597,1.0,0,flags: E=108 | AREA MISMATCH polygon/national=0.479,3.109785136107,6.489999771118164,2.9097
65633,hydat,08HB050,ok,1974-06-10,1976-10-26,535,1.0,0,flags: E=35 | AREA MISMATCH polygon/national=0.717,3.02637881213117,4.21999979019165,6.3728
65634,hydat,08HB051,ok,1975-04-01,1979-09-30,766,0.9877,0,flags: E=16,1.00530302978367,,0.1371
65635,hydat,08HB052,ok,1975-04-01,1979-09-30,766,0.9877,0,flags: E=16,1.00530302978367,,0.065
65636,hydat,08HB059,ok,1977-04-14,1981-09-30,938,0.9631,0,AREA MISMATCH polygon/national=0.446,6.42505922828104,14.390000343322754,6.4077
65637,hydat,08HB062,ok,1977-11-03,1979-12-31,789,0.9756,1,flags: E=1,3.32095057044446,3.650000095367432,4.466
65638,hydat,08HB063,ok,1978-03-21,1981-09-18,721,0.9642,0,flags: E=63,21.0062656016344,19.81999969482422,0.9504
65639,hydat,08HB068,ok,1980-04-01,1985-09-30,1089,0.9273,0,flags: E=65 | AREA MISMATCH polygon/national=0.0127,0.191286188929483,15.029999732971191,80.5453
65640,hydat,08HB072,ok,1982-03-10,1989-09-30,1451,0.9031,0,flags: E=51 | AREA MISMATCH polygon/national=1.52,7.62352857561539,5.03000020980835,1.4165
65641,hydat,08HB073,ok,1982-03-10,1987-10-02,1108,0.926,0,flags: E=3 | AREA MISMATCH polygon/national=0.00988,0.0956994479373498,9.6899995803833,382.598
65642,hydat,08HB077,ok,1990-03-30,1995-10-05,1139,0.9239,0,HYDAT: regulated | flags: E=127; A=32,107.524927549479,97.4000015258789,1.6019
65643,hydat,08HB078,ok,1990-03-20,1996-03-31,1471,0.9018,1,flags: A=223; E=132; B=7,63.161110941087,65.23999786376953,1.8611
65644,hydat,08HB079,ok,1990-09-12,1991-12-31,464,0.969,1,flags: B=5; A=1,40.9318664297983,41.52999877929688,1.5606
65645,hydat,08HB088,ok,1997-07-14,2007-11-07,2367,0.8419,5,flags: E=85; A=13; B=4 | AREA MISMATCH polygon/national=2.64,9.26425935515537,3.509999990463257,7.2295
65646,hydat,08HB090,ok,1997-04-30,1999-08-04,827,0.9448,1,HYDAT: regulated | flags: E=29; A=7 | AREA MISMATCH polygon/national=0.00339,0.094936722874041,28.040000915527344,1776.795
65647,hydat,08HB092,ok,1997-07-28,2019-12-31,6685,0.5536,15,HYDAT: regulated | flags: E=307; A=57,208.455827332675,206.3000030517578,5.4271
65648,hydat,08HB093,ok,1998-04-15,1999-06-18,430,0.9713,0,flags: E=34; A=8 | AREA MISMATCH polygon/national=0.00212,0.0959992432601424,45.220001220703125,6199.4289
65649,hydat,08HC003,ok,1982-03-30,1989-10-12,1317,0.9121,0,flags: A=27; E=12,2.61435202817418,2.509999990463257,4.1568
65650,hydat,08HC010,ok,1998-01-01,1998-09-24,267,0.9822,0,flags: E=19; A=2 | AREA MISMATCH polygon/national=0.122,0.986006749516655,8.09000015258789,143.2987
65651,hydat,08HD008,ok,1968-06-11,1968-10-09,113,1.0,0,AREA MISMATCH polygon/national=0.667,38.6693290983634,57.93999862670898,0.0192
65652,hydat,08HD009,ok,1969-04-01,1969-09-30,183,1.0,0,flags: E=2,20.2181197482047,16.989999771118164,5.3393
65653,hydat,08HD012,ok,1976-08-01,1980-12-31,1614,0.9512,2,flags: E=526; B=32,13.1289472291538,14.010000228881836,3.589
65654,hydat,08HD013,ok,1978-03-17,1980-09-30,486,0.9753,0,flags: E=12,0.323100534345522,,1.1599
65655,hydat,08HD014,ok,1980-03-26,1989-09-30,1721,0.8851,0,HYDAT: regulated | flags: E=94 | AREA MISMATCH polygon/national=3.52,87.7591269164235,24.93000030517578,0.221
65656,hydat,08HD017,ok,1990-03-28,1992-09-30,541,0.9639,0,flags: E=36,1.49206569733875,1.649999976158142,0.4716
65657,hydat,08HD026,ok,1997-01-01,2019-12-31,8400,0.4391,23,HYDAT: regulated | flags: E=780; A=56; B=53 | AREA MISMATCH polygon/national=0.111,0.0945915598322396,0.8500000238418579,818.9374
65658,hydat,08HE001,ok,1969-10-01,1971-09-30,634,1.0,0,HYDAT: regulated,522.267868353494,467.8999938964844,8.9219
65659,hydat,08HE003,not_found,,,,,,HYDAT daily flow 1925-1931; no valid daily flow in 1950-2019,231.867774474917,226.5,
65660,hydat,08HE004,not_found,,,,,,HYDAT daily flow 1925-1926; no valid daily flow in 1950-2019,115.025453722371,112.9000015258789,
65661,hydat,08HE007,ok,1998-03-23,2009-12-09,4280,0.7142,11,flags: E=270; A=16 | AREA MISMATCH polygon/national=0.289,1.86097319569022,6.440000057220459,57.6033
65662,hydat,08HF001,not_found,,,,,,HYDAT daily flow 1927-1941; no valid daily flow in 1950-2019,292.576712195721,289.70001220703125,
65663,hydat,08HF003,ok,1957-09-01,1970-06-30,4526,1.0,0,flags: E=300,272.730842137681,268.8999938964844,5.6317
65664,hydat,08MF036,ok,1952-04-01,1957-09-30,1047,1.0,0,flags: E=35 | AREA MISMATCH polygon/national=0.0325,1.73220793749513,53.380001068115234,68.7406
65665,hydat,08MF049,ok,1960-03-25,1964-09-30,1651,1.0,0,flags: E=30; B=3 | AREA MISMATCH polygon/national=0.224,0.096118530179245,0.4300000071525574,62.6779
65666,hydat,08MF052,ok,1960-01-01,1963-04-17,521,1.0,0,flags: E=11,33.0201637546736,37.380001068115234,7.4729
65667,hydat,08MF054,ok,1960-01-01,1963-04-07,528,1.0,0,flags: E=22 | AREA MISMATCH polygon/national=0.798,4.78633198068361,6.0,10.8526
65668,hydat,08MF059,ok,1961-02-20,1964-04-30,767,1.0,0,AREA MISMATCH polygon/national=1.93,17.5754047666352,9.100000381469728,1.894
65669,hydat,08MF061,ok,1960-09-14,1964-05-04,949,1.0,0,flags: E=22 | AREA MISMATCH polygon/national=0.00392,0.0961286695258038,24.549999237060547,1278.4582
65670,hydat,08MG009,ok,1953-06-01,1964-04-30,2698,1.0,0,flags: E=266,42.18373055743,40.77000045776367,6.108
65671,hydat,08MG010,not_found,,,,,,HYDAT daily flow 1946-1946; no valid daily flow in 1950-2019 | AREA MISMATCH polygon/national=2.66,38.8258289033807,14.600000381469728,
65672,hydat,08MG017,ok,1959-12-18,1964-05-01,1105,1.0,0,flags: E=163 | AREA MISMATCH polygon/national=0.00839,0.0958777881929811,11.43000030517578,562.841
65673,hydat,08MG018,ok,1959-12-18,1964-05-01,1105,1.0,0,flags: E=155; B=8 | AREA MISMATCH polygon/national=0.0154,0.0959203357031388,6.21999979019165,117.4917
65674,hydat,08MH003,not_found,,,,,,HYDAT: regulated; HYDAT daily flow 1911-1912; no valid daily flow in 1950-2019 | AREA MISMATCH polygon/national=5.35,17.8021613230506,3.3299999237060547,
65675,hydat,08MH009,not_found,,,,,,HYDAT daily flow 1912-1913; no valid daily flow in 1950-2019 | AREA MISMATCH polygon/national=0.00401,0.0956588816767989,23.86000061035156,
65676,hydat,08MH014,not_found,,,,,,HYDAT: regulated; HYDAT daily flow 1916-1925; no valid daily flow in 1950-2019 | AREA MISMATCH polygon/national=0.00437,0.882772599108441,201.8999938964844,
65677,hydat,08MH018,ok,1959-05-01,1986-03-31,8963,0.8256,7,flags: E=1475; B=151; A=64,18.301222942608,17.899999618530273,2.6205
65678,hydat,08MH019,not_found,,,,,,HYDAT daily flow 1926-1928; no valid daily flow in 1950-2019 | AREA MISMATCH polygon/national=1.38,1.01015912479889,0.7300000190734863,
65679,hydat,08MH020,ok,1952-06-06,1980-11-26,9332,0.9647,1,flags: E=576; A=90; B=69,36.7699749538458,34.27000045776367,2.4631
65680,hydat,08MH021,not_found,,,,,,HYDAT: regulated; HYDAT daily flow 1926-1935; no valid daily flow in 1950-2019 | AREA MISMATCH polygon/national=0.0336,1.88621559770331,56.13999938964844,
65681,hydat,08MH022,not_found,,,,,,HYDAT daily flow 1929-1935; no valid daily flow in 1950-2019 | AREA MISMATCH polygon/national=0.741,8.07495251475173,10.899999618530272,
65682,hydat,08MH026,ok,1950-01-01,1971-04-17,5666,1.0,0,HYDAT: regulated | flags: E=190; A=17,66.8223729495946,66.87999725341797,4.1094
65683,hydat,08MH045,ok,1960-01-01,1964-04-30,818,1.0,0,flags: E=15 | AREA MISMATCH polygon/national=2.23,0.779097818287746,0.3499999940395355,14.0243
65684,hydat,08MH049,ok,1960-01-01,1963-04-30,792,1.0,0,flags: E=5 | AREA MISMATCH polygon/national=0.00643,0.0962660421191822,14.970000267028809,550.4054
65685,hydat,08MH050,ok,1952-06-06,1963-09-30,4134,1.0,0,HYDAT: regulated | flags: E=395 | AREA MISMATCH polygon/national=0.651,70.6150201698284,108.5,4.0098
65686,hydat,08MH051,ok,1955-06-14,1956-09-30,444,1.0,0,flags: E=46 | AREA MISMATCH polygon/national=0.171,0.474406747422858,2.7699999809265137,5.1281
65687,hydat,08MH059,ok,1961-04-16,1964-09-30,1264,1.0,0,flags: E=495 | AREA MISMATCH polygon/national=0.637,33.0730723681562,51.880001068115234,2.2756
65688,hydat,08MH060,ok,1961-04-17,1966-09-30,1124,1.0,0,flags: E=497,13.067987944968,13.970000267028809,2.5728
65689,hydat,08MH061,ok,1958-04-01,1978-02-28,5290,1.0,0,HYDAT: regulated | flags: E=138; A=30; B=10,11.0653473974541,10.920000076293944,3.5015
65690,hydat,08MH068,ok,1961-02-16,1971-06-06,1138,1.0,0,HYDAT: regulated | flags: E=23; A=1 | AREA MISMATCH polygon/national=0.606,24.43748172526,40.310001373291016,5.8977
65691,hydat,08MH070,ok,1960-01-19,1964-04-30,1064,1.0,0,flags: E=95 | AREA MISMATCH polygon/national=0.0222,0.189388025810339,8.529999732971191,227.7978
65692,hydat,08MH072,ok,1960-03-22,1986-11-24,2067,0.9724,0,flags: A=183; E=119,32.2842680406525,34.900001525878906,3.2185
65693,hydat,08MH073,ok,1960-01-13,1964-05-13,839,1.0,0,flags: E=30 | AREA MISMATCH polygon/national=0.047,0.391816001172203,8.34000015258789,104.6894
65694,hydat,08MH077,ok,1960-01-01,1964-04-30,1090,1.0,0,flags: E=176 | AREA MISMATCH polygon/national=1.26,4.55606511430756,3.619999885559082,4.84
65695,hydat,08MH079,ok,1961-02-21,1964-05-22,818,1.0,0,flags: E=1 | AREA MISMATCH polygon/national=0.192,0.530802105444151,2.7699999809265137,20.2592
65696,hydat,08MH080,ok,1960-11-10,1964-05-23,889,1.0,0,flags: E=37 | AREA MISMATCH polygon/national=0.0444,0.0963709926689637,2.1700000762939453,793.1131
65697,hydat,08MH081,ok,1961-02-21,1964-04-30,796,1.0,0,flags: E=1 | AREA MISMATCH polygon/national=0.183,0.45459434810844,2.4800000190734863,41.1274
65698,hydat,08MH082,ok,1960-01-01,1964-04-30,848,1.0,0,flags: E=8 | AREA MISMATCH polygon/national=0.725,8.40505963040433,11.59000015258789,4.8697
65699,hydat,08MH084,ok,1959-12-22,1990-11-07,2223,0.9253,0,flags: E=65 | AREA MISMATCH polygon/national=1.44,40.5667469989997,28.1200008392334,1.8485
65700,hydat,08MH088,ok,1960-09-08,1964-09-09,1357,1.0,0,flags: E=166; A=14,35.6753299500122,32.279998779296875,2.0285
65701,hydat,08MH089,ok,1960-07-19,1963-09-30,1115,1.0,0,flags: E=98 | AREA MISMATCH polygon/national=0.00165,0.0961529224478151,58.31999969482422,1481.074
65702,hydat,08MH090,ok,1960-01-20,2019-12-31,20124,0.0075,40,HYDAT: regulated | flags: E=569; B=437; A=42,51.5317522650672,46.41999816894531,2.4199
65703,hydat,08MH092,ok,1960-01-14,1964-04-30,1077,1.0,0,flags: E=130 | AREA MISMATCH polygon/national=0.357,0.49290671125825,1.3799999952316284,24.2377
65704,hydat,08MH095,ok,1960-01-01,1964-04-30,1090,1.0,0,flags: E=99 | AREA MISMATCH polygon/national=0.0667,0.428122038530804,6.420000076293945,236.3553
65705,hydat,08MH096,ok,1961-02-22,1964-05-14,796,1.0,0,AREA MISMATCH polygon/national=0.296,0.192652429382679,0.6499999761581421,20.2355
65706,hydat,08MH097,ok,1960-09-13,1978-01-31,5858,1.0,0,flags: E=187; B=21,6.19748004466801,5.679999828338623,2.1933
65707,hydat,08MH098,ok,1960-01-19,2019-12-31,19934,0.0357,38,HYDAT: regulated | flags: E=980; B=477; A=183,11.169557809459,11.420000076293944,3.3663
65708,hydat,08MH104,ok,1965-04-07,1987-07-15,8128,0.7923,8,flags: B=53; E=14,25.9153031053969,26.43000030517578,2.2755
65709,hydat,08MH105,ok,1965-04-01,1984-11-01,7155,0.8576,6,flags: B=218; A=161; E=109,56.0859972610931,65.9000015258789,2.7654
65710,hydat,08MH107,ok,1965-04-20,1968-12-31,1285,1.0,0,flags: E=163; B=3,25.2657456674852,26.93000030517578,2.3541
65711,hydat,08MH108,ok,1965-05-13,1979-09-28,5035,0.9819,0,flags: E=315; B=153; A=28 | AREA MISMATCH polygon/national=1.37,11.7709901210466,8.569999694824219,6.8503
65712,hydat,08MH112,ok,1965-06-15,1965-09-30,108,1.0,0,flags: E=39 | AREA MISMATCH polygon/national=0.65,8.07484788058414,12.420000076293944,0.7091
65713,hydat,08MH117,ok,1965-07-14,1965-09-30,79,1.0,0,flags: E=26 | AREA MISMATCH polygon/national=9.5,62.8201417477415,6.610000133514404,0.0306
65714,hydat,08MH123,ok,1966-04-05,1994-11-01,2121,0.8703,0,HYDAT: regulated | flags: E=22; A=8 | AREA MISMATCH polygon/national=0.451,21.2440360070494,47.09000015258789,1.2032
65715,hydat,08MH134,ok,1972-01-01,1984-12-31,3189,0.8602,5,HYDAT: regulated | flags: E=45; B=40; A=12 | AREA MISMATCH polygon/national=0.433,1.0304124855153,2.380000114440918,5.6182
65716,hydat,08MH138,ok,1980-03-27,1984-09-30,928,0.938,0,HYDAT: regulated | flags: E=7 | AREA MISMATCH polygon/national=0.041,0.329255361194126,8.039999961853027,57.4987
65717,hydat,08MH139,ok,1980-04-01,1980-11-19,186,0.9876,0,HYDAT: regulated | flags: E=13 | AREA MISMATCH polygon/national=0.288,2.34154511192479,8.130000114440918,11.311
65718,hydat,08MH145,ok,1982-05-07,1985-10-02,703,0.9531,0,flags: E=23 | AREA MISMATCH polygon/national=0.328,1.37896274180867,4.210000038146973,6.4995
65719,hydat,08MH146,ok,1982-08-06,1984-02-14,558,0.9627,1,HYDAT: regulated | flags: E=29; A=11 | AREA MISMATCH polygon/national=0.00528,0.0961145522204869,18.209999084472656,47.06
65720,hydat,08MH151,ok,1984-03-01,1992-12-31,2566,0.8286,7,HYDAT: regulated | flags: E=16; A=9; B=6 | AREA MISMATCH polygon/national=0.00485,0.0961388087117392,19.81999969482422,42.2862
65721,hydat,08MH152,ok,1984-03-23,2012-12-31,6363,0.5751,5,HYDAT: regulated | flags: E=110; A=38,46.9799361084072,43.77999877929688,1.0378
65722,hydat,08MH153,ok,1984-04-01,2019-12-31,12483,0.1664,32,HYDAT: regulated | flags: E=583; B=72; A=68,18.1284893973917,20.1299991607666,3.8359
65723,hydat,08MH154,ok,1985-01-01,1998-12-31,5009,0.6655,13,flags: E=151; B=119; A=23 | AREA MISMATCH polygon/national=0.00742,0.191757636424962,25.86000061035156,367.9736
65724,hydat,08MH156,ok,1985-05-01,2019-10-31,6571,0.5612,0,HYDAT: regulated | flags: E=78; A=56,11.700786828501,9.4399995803833,1.4447
65725,hydat,08MH168,ok,2009-05-28,2019-12-31,3727,0.7511,9,flags: E=411; B=36; A=8,15.9264441329241,12.989999771118164,9.7939
65726,hydat,08OA001,ok,1962-06-21,1964-03-30,90,1.0,0,,306.013639484391,286.79998779296875,5.7678
65727,hydat,08OA003,ok,1971-01-01,2019-10-29,16828,0.0541,38,flags: E=710; A=238; B=15 | AREA MISMATCH polygon/national=0.639,0.357802553755585,0.5600000023841858,4.3974
65728,hydat,08OA004,ok,1985-05-01,2019-12-31,6724,0.551,1,flags: E=177; B=27; A=6,46.7781235638019,47.09000015258789,2.5749
65729,hydat,08OA005,ok,1993-08-25,2019-12-31,5938,0.6035,4,flags: E=298; A=52; B=23,11.5504124929657,9.869999885559082,3.8723
65730,hydat,08OB001,ok,1962-06-24,1963-09-30,161,1.0,0,flags: E=16,57.0327918226329,57.16999816894531,3.6203
65731,hydat,08OB003,ok,1962-06-25,1964-07-04,94,1.0,0,flags: E=12,79.3353683757931,77.3499984741211,5.5291
78595,hydat,08HA070,ok,1997-01-01,2019-12-31,8193,0.4529,22,flags: E=231; A=24; B=7,29.8966358404434,27.940000534057617,8.3415
78597,hydat,08HB014,ok,1950-01-01,2019-12-31,24537,0.0027,41,flags: E=5383; A=485; B=6,165.518728823149,162.0,10.2297
78601,hydat,08HB075,ok,1985-01-01,2019-12-31,12690,0.1526,34,flags: E=652; B=332; A=51 | AREA MISMATCH polygon/national=0.65,27.6141884809256,42.470001220703125,6.24
78602,hydat,08HB086,ok,1995-01-03,2019-12-31,8994,0.3994,24,flags: E=555; A=58,38.7740724580475,39.02999877929688,15.2593
78608,hydat,08OB002,ok,1962-06-23,2019-12-31,18418,0.0652,37,flags: E=689; A=62; B=24,74.147514579208,81.29000091552734,9.2626
73102,usgs,01195200,ok,1961-09-01,1981-11-02,7368,0.9308,3,flags: A=7368 | AREA MISMATCH polygon/national=0.0128,0.217744896203881,16.9644221227008,131.0679
73103,usgs,01300500,ok,1950-01-01,1989-09-29,14517,0.7379,10,"flags: A=14491; A, e=26 | AREA MISMATCH polygon/national=0.019",0.221978978657965,11.654946496512,72.4663
73104,usgs,01301000,ok,1950-01-01,1989-09-29,13786,0.7379,10,"flags: A=13762; A, e=24 | AREA MISMATCH polygon/national=0.00607",0.355262810359501,58.5337312935936,253.4862
73105,usgs,01302500,ok,1950-01-01,2010-09-29,20297,0.3519,25,"flags: A=19545; A, e=752 | AREA MISMATCH polygon/national=0.752",28.0393272128512,37.2958287888384,0.6412
73106,usgs,01303000,ok,1950-01-01,2019-12-31,22595,0.1985,31,"flags: A=22387; A, e=208 | AREA MISMATCH polygon/national=1.28",28.5245933591139,22.22209798668288,0.7678
73107,usgs,01303500,ok,1950-07-01,2019-12-31,25386,0.0,41,"flags: A=24795; A, e=591",20.241082583428,20.27960690393088,0.3281
73108,usgs,01304000,ok,1950-01-01,2019-09-30,25475,0.0061,40,"flags: A=25350; A, e=125 | AREA MISMATCH polygon/national=0.00159",0.111176373991668,69.929678979072,963.0492
73109,usgs,01305000,ok,1950-01-01,2019-12-31,25567,0.0,41,"flags: A=25024; A, e=543",183.150028799109,189.3281308655616,0.3282
73110,usgs,01305500,ok,1950-01-01,2019-12-31,25567,0.0,41,"flags: A=24946; A, e=621",23.8776410334133,20.90120405041152,1.2673
73111,usgs,01306000,ok,1950-01-01,1976-09-29,8307,1.0,0,flags: A=8307,37.7854852823441,34.7058406785024,1.3357
73112,usgs,01306440,ok,1978-03-09,2013-09-29,12772,0.1607,33,"flags: A=12595; A, e=177",45.717045136118,42.2168061984768,0.3538
73113,usgs,01306460,ok,1977-11-10,2019-12-31,15392,0.0,41,"flags: A=15088; A, e=304 | AREA MISMATCH polygon/national=0.76",43.1061742484064,56.720739616358394,1.5184
73114,usgs,01306500,ok,1950-01-01,2019-12-31,25214,0.0,41,"flags: A=22688; A, e=2526 | AREA MISMATCH polygon/national=0.00175",0.111343976907625,63.454708703231994,852.5387
73115,usgs,01307000,ok,1950-01-01,1969-09-29,7212,1.0,0,flags: A=7212,15.3614344373493,13.416138411540478,1.1206
73116,usgs,01307500,ok,1950-01-01,1976-09-29,9769,1.0,0,flags: A=9769 | AREA MISMATCH polygon/national=1.36,18.5286407402422,13.597437579264,0.8462
73117,usgs,01308000,ok,1950-01-01,2019-12-31,25202,0.0,41,"flags: A=25043; A, e=159",64.6079994141101,58.7927301046272,0.3661
73118,usgs,01309000,ok,1950-01-01,1969-09-29,7212,1.0,0,flags: A=7212 | AREA MISMATCH polygon/national=0.0111,0.111444638763879,10.07505374920704,87.2305
73119,usgs,01309500,ok,1950-01-01,2019-12-31,22507,0.1739,32,"flags: A=22392; A, e=115 | AREA MISMATCH polygon/national=0.00111",0.111444638763456,99.9735410589696,188.5088
73120,usgs,01310000,ok,1950-01-01,2019-12-31,22096,0.2318,29,"flags: A=21670; A, e=426",42.3547194209393,36.88143069118464,0.4768
73121,usgs,01310500,ok,1950-01-01,2019-12-31,22563,0.174,32,"flags: A=22241; A, e=322",77.3810006917535,74.33265876664319,0.3485
73122,usgs,01311000,ok,1950-01-01,1999-01-31,17722,0.5101,20,"flags: A=17667; A, e=55 | AREA MISMATCH polygon/national=1.84",48.054961579675,26.1588799143936,0.1417
73123,usgs,01311500,ok,1954-07-01,2019-12-31,23925,0.0,41,"flags: A=23408; A, e=517 | AREA MISMATCH polygon/national=0.0386",0.377233380777246,9.76425517596672,16.0471
73124,usgs,01311810,ok,1993-08-25,2013-04-30,5059,0.6622,11,"flags: A=4574; A, e=485",30.3551495842934,33.4108466233344,0.2276
73125,usgs,01376500,ok,1950-01-01,1995-09-29,15348,0.6709,12,"flags: A=15298; A, e=50 | AREA MISMATCH polygon/national=0.00657",0.435737422937915,66.3036956246016,197.9778
73126,usgs,01377000,ok,1950-01-01,2019-12-31,25567,0.0,41,"flags: A=25533; A, e=34 | AREA MISMATCH polygon/national=0.000738",0.11092433438657,150.219310399488,1884.347
73127,usgs,01392210,ok,1977-05-18,1997-09-30,7441,0.5427,18,"flags: A=7197; A, e=244",33.9200018341759,30.5618597019648,1.5066
73128,usgs,01393450,ok,1950-01-01,2019-12-31,25567,0.0,41,"flags: A=25492; A, e=75 | AREA MISMATCH polygon/national=0.0533",2.33277084284153,43.77079906467839,30.0024
73129,usgs,01393500,ok,1950-01-01,1972-12-19,8389,1.0,0,flags: A=8389,46.9366914514988,52.3177598287872,1.503
73130,usgs,01394500,ok,1950-01-01,2019-12-31,25567,0.0,41,"flags: A=25146; A, e=421 | AREA MISMATCH polygon/national=0.00169",0.111449893691043,66.044696813568,733.7146
73131,usgs,01395000,ok,1950-01-01,2019-12-31,25567,0.0,41,"flags: A=25229; A, e=336; A, [4]=2 | AREA MISMATCH polygon/national=0.00208",0.219929639206152,105.9305137127424,602.2034
73132,usgs,01403400,ok,1979-06-27,2019-12-31,14798,0.0118,40,"flags: A=14164; A, e=634 | AREA MISMATCH polygon/national=0.359",5.79633652780062,16.13562592739328,4.324
73133,usgs,01405000,ok,1950-01-01,1990-06-05,14766,0.7213,11,"flags: A=14759; A, e=7 | AREA MISMATCH polygon/national=0.00618",0.55034651856605,89.0955909955584,172.9701
73134,usgs,01405030,ok,1988-12-22,2019-12-31,11045,0.2624,29,"flags: A=10604; A, e=441 | AREA MISMATCH polygon/national=0.736",85.5412707333764,116.2904661540864,1.5897
73135,usgs,01405400,ok,1957-01-01,2019-12-31,23010,0.0,41,"flags: A=20988; A, e=2022 | AREA MISMATCH polygon/national=0.00209",0.220684988038396,105.4125160906752,699.9228
73136,usgs,01405500,ok,1950-01-01,1988-10-04,14157,0.7619,9,"flags: A=13811; A, e=346 | AREA MISMATCH polygon/national=0.0009",0.22062771479147,245.0128752377856,1568.3236
73137,usgs,01406050,ok,2000-10-01,2019-12-31,7031,0.5305,19,"flags: A=6859; A, e=172",43.9761081919461,41.439809765376,1.357
73138,usgs,01407290,ok,2003-08-12,2019-12-31,5986,0.6003,16,"flags: A=5138; A, e=847; A, [4]=1",17.2148598195971,16.62772366835712,1.799
73139,usgs,01407500,ok,1950-01-01,2019-12-31,25567,0.0,41,"flags: A=25326; A, e=241",137.890215933058,127.4274150285312,0.9834
73140,usgs,01407705,ok,1966-10-01,2019-12-31,19450,0.0,41,"flags: A=18938; A, e=512 | AREA MISMATCH polygon/national=1.57",40.4786462956082,25.79628157894656,0.9567
73141,usgs,01407760,ok,1966-10-01,2019-12-31,19450,0.0,41,"flags: A=19159; A, e=291 | AREA MISMATCH polygon/national=0.797",13.3375304924129,16.73132319277056,1.8781
73142,usgs,01408000,ok,1950-01-01,2019-12-31,25567,0.0,41,"flags: A=25332; A, e=235 | AREA MISMATCH polygon/national=1.27",145.066672401386,113.959476854784,1.2655
73143,usgs,01408029,ok,1989-11-08,2019-12-31,10796,0.2791,29,"flags: A=10634; A, e=162",163.632332234023,163.9462473842688,1.2578
73144,usgs,01408120,ok,1972-10-01,2019-12-31,17258,0.0,41,"flags: A=16932; A, e=326",97.0207193528532,90.3905850507264,1.5525
73145,usgs,01408500,ok,1950-01-01,2019-12-31,25567,0.0,41,"flags: A=25340; A, e=227",316.944333577388,318.56853757132797,1.6579
73146,usgs,01409000,ok,1950-01-01,2012-04-30,6708,0.7896,8,"flags: A=6589; A, e=119",144.521822528153,138.0463662809088,1.7535
73147,usgs,01409280,ok,1973-10-01,2019-12-31,11511,0.3594,25,"flags: A=11235; A, e=276",44.9739465633508,40.9218121433088,1.7451
73148,usgs,01409400,ok,1957-09-01,2019-12-31,22767,0.0,41,"flags: A=22479; A, e=288 | AREA MISMATCH polygon/national=1.28",154.605153438624,120.9524447526912,1.6742
73149,usgs,01409500,ok,1950-01-01,2005-09-30,20362,0.3476,26,"flags: A=20018; A, e=344",161.289872109954,175.60119388078078,1.802
73150,usgs,01409810,ok,1974-10-01,2019-12-31,13124,0.2273,31,"flags: A=12889; A, e=235 | AREA MISMATCH polygon/national=0.00331",0.721832976803181,217.8180000792576,473.5586
73151,usgs,01410000,ok,1950-01-01,2019-12-31,25567,0.0,41,"flags: A=25218; A, e=349",175.17350658081,187.77413799936,1.1816
73152,usgs,01410150,ok,1978-01-01,2019-12-31,15340,0.0,41,"flags: A=15002; A, e=338 | AREA MISMATCH polygon/national=0.00539",0.113207377941411,21.00480357482496,363.3752
73153,usgs,01410500,ok,1950-01-01,2018-08-09,16599,0.5989,16,"flags: A=16029; A, e=570",43.7980844891645,46.360787175014394,1.0098
73154,usgs,01411000,ok,1950-01-01,2019-12-31,25567,0.0,41,"flags: A=25478; A, e=89 | AREA MISMATCH polygon/national=0.00228",0.336520608063631,147.8883211001856,634.843
73155,usgs,01411456,ok,1987-10-28,2016-09-30,10448,0.3023,28,"flags: A=10121; A, e=327 | AREA MISMATCH polygon/national=0.00447",0.113152150837328,25.304183837982716,243.4186
73156,usgs,01411500,ok,1950-01-01,2019-12-31,25567,0.0,41,"flags: A=25464; A, e=103",254.120189301677,290.07866835763195,1.5783
73157,usgs,01463500,ok,1950-01-01,2019-12-31,25567,0.0,41,"flags: A=25053; A, e=514 | AREA MISMATCH polygon/national=1.9e-05",0.333444396888254,17560.119388078077,89330.502
73158,usgs,01463620,ok,1972-09-22,2019-12-31,12691,0.3056,24,"flags: A=12354; A, e=337",99.1508090149411,88.83659218452479,1.1928
73159,usgs,01464000,ok,1950-01-01,2019-12-31,25567,0.0,41,"flags: A=25482; A, e=85",218.773986447452,234.65292279644157,1.6436
73160,usgs,01464500,ok,1950-01-01,2019-12-31,25201,0.0,41,"flags: A=24611; A, e=590 | AREA MISMATCH polygon/national=0.0052",1.09714116430106,211.084030992384,299.8929
73161,usgs,01464907,ok,1998-11-25,2019-12-31,7707,0.4853,21,"flags: A=7413; A, e=294",72.2597191581591,69.4116813570048,1.7645
73162,usgs,01465500,ok,1950-01-01,2019-12-31,24471,0.0732,37,"kept 00060_Mean of 2 00060 series | flags: A=23781; A, e=690",549.211026966021,543.89750317056,1.4626
73163,usgs,01465798,ok,1965-07-01,2019-12-31,19906,0.0001,41,"flags: A=19100; A, e=580; A, R=226 | AREA MISMATCH polygon/national=0.539",29.8589879004015,55.4257455611904,2.6622
73164,usgs,01465850,ok,1961-07-01,2019-12-31,12280,0.5304,18,"flags: A=12118; A, e=162",147.450380771199,167.05423311667198,1.5967
73165,usgs,01466500,ok,1953-10-01,2019-12-31,24198,0.0,41,"flags: A=23388; A, e=810 | AREA MISMATCH polygon/national=0.0559",0.340022000073004,6.0864720592896,15.1263
73166,usgs,01466900,ok,1998-05-11,2019-12-31,7886,0.4734,21,"flags: A=7552; A, e=322; A, R=12 | AREA MISMATCH polygon/national=0.608",122.677363883065,201.7600737951744,1.9443
73167,usgs,01467000,ok,1950-01-01,2019-12-31,25567,0.0,41,"flags: A=25423; A, e=144 | AREA MISMATCH polygon/national=0.0652",19.9193232310253,305.618597019648,21.1294
73168,usgs,01467042,ok,1964-08-13,2019-12-31,10740,0.6337,14,"flags: A=10669; A, e=71 | AREA MISMATCH polygon/national=0.00115",0.112436329680653,98.16054938173438,1509.8055
73169,usgs,01467048,ok,1965-06-01,2019-12-31,19937,0.0,41,"flags: A=18462; A, e=1475 | AREA MISMATCH polygon/national=0.000872",0.112503401983128,128.9814078947328,1980.3066
73170,usgs,01467081,ok,1967-10-01,2019-12-31,18881,0.0,41,"flags: A=18318; A, e=563",19.0987126798916,23.25809323081728,2.3932
73171,usgs,01467086,ok,1965-10-01,2019-12-31,13653,0.4115,24,"flags: A=13472; A, e=181",40.1675610907603,43.252801442611194,1.6053
73172,usgs,01467087,ok,1982-07-01,2019-12-31,13698,0.0853,37,"flags: A=12891; A, e=537; A, R=270",76.5875814052612,78.73563855421439,1.3313
73173,usgs,01467150,ok,1963-10-01,2019-12-31,20546,0.0,41,"flags: A=19706; A, e=840 | AREA MISMATCH polygon/national=1.72",75.5217676949347,44.029797875712,1.0456
73174,usgs,01473120,ok,1966-05-01,1994-09-29,10379,0.616,15,"flags: A=10046; A, e=333 | AREA MISMATCH polygon/national=0.00317",0.440802028433096,139.0823615250432,439.7654
73175,usgs,01473169,ok,1982-10-01,2019-12-31,13606,0.0914,37,"flags: A=13421; A, e=185",57.2204592957557,53.8717526949888,1.4885
73176,usgs,01473900,ok,1961-09-01,2019-12-31,9922,0.5223,19,"flags: A=9816; A, e=106",107.486580574579,105.6715149017088,1.6021
73177,usgs,01474000,ok,1965-10-01,2019-12-31,19815,0.0,41,"flags: A=19479; A, e=336 | AREA MISMATCH polygon/national=0.000679",0.112560129455335,165.759239061504,2412.9769
73178,usgs,01474500,ok,1950-01-01,2019-12-31,25567,0.0,41,"flags: A=25427; A, e=140 | AREA MISMATCH polygon/national=0.000171",0.83644611636369,4902.847492866048,8591.5649
73179,usgs,01475300,ok,1972-04-28,1997-09-30,9287,0.5427,18,"flags: A=9225; A, e=62",13.2472259078278,13.3384387682304,1.6531
73180,usgs,01475510,ok,1964-02-01,1990-09-29,9738,0.7135,11,"kept 00060_Mean of 2 00060 series | flags: A=9586; A, e=152",98.8418802735745,96.8655553265664,1.5915
73181,usgs,01475530,ok,1964-10-01,2019-12-31,11800,0.5596,17,"flags: A=11705; A, e=95",15.1551366407943,12.38014316740608,1.2164
73182,usgs,01475548,ok,2005-10-18,2019-12-31,5188,0.6536,14,"flags: A=4972; A, e=216",51.3922606192322,51.54076339568639,1.3869
73183,usgs,01475550,ok,1964-01-01,1990-10-03,9765,0.7138,11,"flags: A=9671; A, e=94",56.8881910149851,56.97973842739199,1.3065
73184,usgs,01475850,ok,1981-10-01,2019-12-31,13971,0.067,38,"flags: A=13749; A, e=222",40.1638628040747,40.9218121433088,1.4913
73185,usgs,01476480,ok,1986-10-01,2019-12-31,11687,0.2196,31,"flags: A=11056; A, e=631",79.0208066728796,78.994637365248,1.4232
73186,usgs,01477000,ok,1950-01-01,2019-12-31,25567,0.0,41,"flags: A=24844; A, e=723 | AREA MISMATCH polygon/national=0.00143",0.225592312670879,158.24827354152958,1075.4879
73187,usgs,01477120,ok,1966-04-01,2019-12-31,19633,0.0,41,"flags: A=18880; A, e=753 | AREA MISMATCH polygon/national=0.00162",0.113014825248762,69.67068016803839,874.8294
73188,usgs,01477800,ok,1950-01-01,2019-12-31,25567,0.0,41,"flags: A=23314; A, R=1221; A, e=1032 | AREA MISMATCH polygon/national=0.0171",0.330716244370205,19.32131130310656,77.1371
73189,usgs,01478000,ok,1950-01-01,2019-12-31,25567,0.0,41,"flags: A=25108; A, e=459",51.3571852490357,53.094756261887994,1.4133
73190,usgs,01478120,ok,2007-10-01,2019-12-31,4475,0.7012,12,"flags: A=4404; A, e=71",29.7771034700986,29.2668656467968,1.326
73191,usgs,01478245,ok,1996-08-01,2019-12-31,8553,0.4288,23,"flags: A=7965; A, e=588 | AREA MISMATCH polygon/national=0.572",87.7027166754551,153.3272961318912,2.4348
73192,usgs,01478500,ok,1952-03-01,1980-01-16,9178,0.9746,1,flags: A=9178,172.00961952739,172.7522069594112,1.2477
73193,usgs,01478650,ok,1994-03-01,2019-12-31,9435,0.3699,26,"flags: A=8830; A, e=605",178.808803268731,178.70917961318398,1.3348
73194,usgs,01479000,ok,1950-01-01,2019-12-31,24836,0.0,41,"flags: A=24045; A, e=791",231.236767803343,230.76794063093757,1.2793
73195,usgs,01479820,ok,1988-01-01,2019-12-31,11688,0.2195,32,"flags: A=11369; A, e=319",70.5003864001512,73.2966635225088,1.5076
73196,usgs,01480000,ok,1950-01-01,2019-12-31,25567,0.0,41,"flags: A=25011; A, e=553; A, R=3 | AREA MISMATCH polygon/national=0.00183",0.222732352940709,121.729441185792,725.0767
73197,usgs,01480015,ok,1988-10-01,2019-12-31,11414,0.2378,31,"flags: A=10341; A, e=1073 | AREA MISMATCH polygon/national=0.00994",1.34857871983125,135.7153769816064,144.375
73198,usgs,01481000,ok,1950-01-01,2019-12-31,22279,0.0,41,"flags: A=21907; A, e=372 | AREA MISMATCH polygon/national=0.000152",0.112800975733826,743.3265876664319,9616.4071
73199,usgs,01482500,ok,1950-01-01,2019-12-31,19342,0.4157,23,"flags: A=19015; A, e=327 | AREA MISMATCH polygon/national=0.0232",0.878338019079129,37.8138264109056,55.7236
73200,usgs,01483000,ok,1952-10-01,1972-10-25,7330,1.0,0,flags: A=7330,46.2262617567911,52.576758639820795,1.2509
73201,usgs,01483155,ok,2001-04-01,2019-12-31,6849,0.5426,18,"flags: A=6041; A, e=808 | AREA MISMATCH polygon/national=0.0868",0.389137257842819,4.480679430881279,20.0419
73202,usgs,01483200,ok,1956-10-01,2019-12-31,23102,0.0,41,"flags: A=22857; A, e=245 | AREA MISMATCH polygon/national=2.91",30.5999945185016,10.51535172796416,0.4023
73203,usgs,01483700,ok,1958-01-01,2019-12-31,22645,0.0,41,"flags: A=19929; A, e=2716",84.7964364816084,82.62062071971839,1.1554
73204,usgs,01484000,ok,1960-06-01,2019-12-31,12060,0.6479,12,"flags: A=11940; A, e=120 | AREA MISMATCH polygon/national=0.00682",0.227856052274301,33.4108466233344,193.1643
73205,usgs,01484300,ok,1956-10-01,1978-09-29,8034,1.0,0,flags: A=8034 | AREA MISMATCH polygon/national=0.149,2.73455570231956,18.33711582117888,9.0477
73206,usgs,01484500,ok,1950-01-01,2004-09-29,19996,0.372,25,"flags: A=19991; A, e=5 | AREA MISMATCH polygon/national=0.029",0.393520335387673,13.57153769816064,45.0446
73207,usgs,01484525,ok,1986-05-01,2019-12-31,11402,0.2386,29,"flags: A=10896; A, e=506 | AREA MISMATCH polygon/national=0.00522",0.833913724098917,159.8022664077312,270.9466
73208,usgs,0148471320,ok,1999-12-01,2019-12-31,7336,0.5101,20,"flags: A=6971; A, e=365 | AREA MISMATCH polygon/national=0.00697",0.115171340496539,16.524124143943677,193.5743
73209,usgs,01484800,ok,1963-11-21,1996-10-22,12025,0.5656,17,"flags: A=11401; A, e=624 | AREA MISMATCH polygon/national=0.155",0.764733230525419,4.920977409638399,4.1438
73210,usgs,01485000,ok,1950-01-01,2019-12-31,24836,0.0488,38,"flags: A=24669; A, e=167",181.420286454674,156.694280675328,0.9976
73211,usgs,01486500,ok,1950-01-01,2017-09-30,15612,0.5854,16,"flags: A=14322; A, R=1247; A, e=43 | AREA MISMATCH polygon/national=0.00456",0.230504129847631,50.504768151552,272.9067
73212,usgs,01488500,ok,1950-01-01,2019-12-31,24015,0.0427,39,"flags: A=23772; A, e=243",143.078615473101,121.2114435637248,0.9588
73213,usgs,01489000,ok,1950-08-01,1992-02-19,15178,0.6796,13,flags: A=15178 | AREA MISMATCH polygon/national=0.00624,0.114680088100813,18.388915583385597,192.0999
73214,usgs,01490000,ok,1951-05-01,2019-12-31,17805,0.4859,20,"flags: A=17053; A, e=752 | AREA MISMATCH polygon/national=1.51",58.8373400538037,38.84982165504,0.7414
73215,usgs,01491500,ok,1951-04-01,2019-12-31,9009,0.5326,19,"flags: A=8850; A, e=159 | AREA MISMATCH polygon/national=0.104",22.9539104227791,220.6669870006272,11.6081
73216,usgs,01492000,ok,1950-08-01,2011-09-29,12113,0.8843,3,"flags: A=12080; A, e=33 | AREA MISMATCH polygon/national=0.0151",0.229031026003436,15.151430445465598,74.8992
73217,usgs,01492500,ok,1951-06-26,2019-12-31,8966,0.5297,19,"flags: A=8526; A, e=333; A, R=107 | AREA MISMATCH polygon/national=0.0109",0.228540707828399,20.95300381261824,109.0425
73218,usgs,01493000,ok,1950-01-01,2019-12-31,25201,0.0244,39,"flags: A=25076; A, e=125 | AREA MISMATCH polygon/national=0.105",5.34206279315946,51.0227657736192,12.0619
73219,usgs,01493500,ok,1951-05-31,2019-12-31,24686,0.0244,39,"flags: A=23648; A, e=1038",30.9953603294682,32.892849001267194,0.9055
73220,usgs,01494150,ok,2006-12-20,2017-09-30,3938,0.737,10,"flags: A, e=2503; A=1435",27.615580231631,24.604887048192,0.9152
73221,usgs,01495000,ok,1950-01-01,2019-12-31,25567,0.0,41,"flags: A=24914; A, e=653",134.072416998857,133.6433864933376,1.3018
73222,usgs,01496000,ok,1950-01-01,1984-09-29,12691,0.8598,5,flags: A=12691,63.9323765441416,62.936711081164795,1.3863
73223,usgs,01496200,ok,1967-06-01,1992-04-02,9073,0.6767,13,"flags: A=9012; A, e=61",24.6137005870523,23.387592636334077,1.2208
73224,usgs,01568500,ok,1950-01-01,1996-12-31,17167,0.5609,18,flags: A=17167 | AREA MISMATCH polygon/national=2.4,139.826888495776,58.27473248256,0.3511
73225,usgs,01576500,ok,1950-01-01,2019-12-31,25567,0.0,41,"flags: A=25233; A, e=334 | AREA MISMATCH polygon/national=0.000464",0.389286631772589,839.156147748864,2760.0188
73226,usgs,01580000,ok,1950-01-01,2019-12-31,25567,0.0,41,"flags: A=24793; A, e=774",243.804324013415,244.4948776157184,1.3146
73227,usgs,01580520,ok,2000-01-01,2019-12-31,7305,0.5122,20,"flags: A=6111; A, e=817; A, R=374; A, >=3",428.832339210232,424.7580500951039,1.3474
73228,usgs,01581500,ok,1950-01-01,2019-12-31,13550,0.4979,20,"flags: A=13272; A, e=278",19.6653327063058,22.066698700062716,1.6435
73229,usgs,01581649,ok,2004-10-01,2019-12-31,5570,0.628,15,"flags: A=5315; A, e=255",26.5190103154483,23.6983912095744,1.4264
73230,usgs,01581690,ok,2008-10-01,2009-09-29,364,0.9757,0,"flags: A=326; A, e=38 | AREA MISMATCH polygon/national=0.0275",0.226654194428085,8.23616219086848,39.0351
73231,usgs,01581700,ok,1967-08-01,2019-12-31,19146,0.0,41,"flags: A=18349; A, e=797",91.6062052130468,90.1315862396928,1.4052
73232,usgs,01581810,ok,2000-04-01,2019-12-31,7214,0.5183,19,"flags: A=6829; A, e=385 | AREA MISMATCH polygon/national=0.00162",0.113093006573464,69.929678979072,810.0539
73233,usgs,01581830,ok,2000-03-25,2019-12-31,7221,0.5178,19,"flags: A=6774; A, e=447",20.794522422418,19.891108687380477,1.2382
73234,usgs,01581870,ok,2000-03-25,2019-12-31,7221,0.5178,19,"flags: A=6809; A, e=412",39.6934491916662,40.9218121433088,1.3138
73235,usgs,01581920,ok,2000-07-19,2019-12-31,7105,0.5255,19,"flags: A=6965; A, e=140",209.627507681716,211.084030992384,1.2904
73236,usgs,01581960,ok,1999-10-01,2019-12-31,7396,0.5061,20,"flags: A=6862; A, e=466; A, R=68 | AREA MISMATCH polygon/national=0.00899",0.226234786785736,25.17468443246592,152.2481
73237,usgs,01582000,ok,1950-01-01,2019-12-31,25567,0.0,41,"flags: A=25000; A, e=567",137.436839093267,137.0103710367744,1.2557
73238,usgs,01582500,ok,1977-10-01,2019-12-31,14513,0.0614,38,"flags: A=13806; A, e=707",409.406729708259,414.39809765376,1.2789
73239,usgs,01583000,ok,1950-01-01,2011-03-31,12143,0.8964,3,"flags: A=12119; A, e=24",5.73906671341552,5.413075150602239,1.0222
73240,usgs,01583100,ok,1982-05-10,2019-12-31,10614,0.2912,28,"flags: A=10314; A, e=300",32.9379802855053,31.8568537571328,1.1851
73241,usgs,01583500,ok,1950-01-01,2019-12-31,25567,0.0,41,"flags: A=24949; A, e=614; A, R=4",156.549273227707,154.88128899809277,1.1253
73242,usgs,01583580,ok,1964-08-01,2019-12-31,9283,0.506,20,"flags: A=8753; A, e=527; A, R=3 | AREA MISMATCH polygon/national=0.0298",0.113442767260606,3.807282522193919,34.5807
73243,usgs,01583600,ok,1982-10-01,2019-12-31,13606,0.0914,37,"flags: A=13138; A, e=468",53.5607147565987,54.13075150602239,1.4445
73244,usgs,0158397967,ok,2001-10-01,2019-12-31,6666,0.5549,18,"flags: A=6459; A, e=197; A, R=10",6.17471384909332,5.33537550729216,1.1649
73245,usgs,01584500,ok,1950-01-01,2019-12-31,15340,0.4817,21,"flags: A=14961; A, e=379",100.637272169366,93.4985707831296,1.1115
73246,usgs,01585090,ok,1995-01-01,2019-12-31,9131,0.3903,25,"flags: A=8332; A, e=799",8.0147991005402,7.070667541217279,1.4298
73247,usgs,01585100,ok,1959-02-01,2019-12-31,21362,0.0592,38,"flags: A=20387; A, e=967; A, R=8 | AREA MISMATCH polygon/national=1.58",31.2347192507743,19.70980951965696,1.0176
73248,usgs,01585200,ok,1957-07-01,2019-12-31,19326,0.2196,31,"flags: A=15158; A, R=3729; A, e=439",4.4496562735698,5.516674675015679,1.5674
73249,usgs,01585230,ok,1996-07-23,2019-12-31,8562,0.4282,23,"flags: A=8031; A, e=531",8.23288257552666,9.11675814838272,1.4157
73250,usgs,01585500,ok,1950-01-01,2019-12-31,25567,0.0,41,"flags: A=24998; A, e=540; A, R=29 | AREA MISMATCH polygon/national=0.0133",0.113256653137699,8.52106088300544,69.96
73251,usgs,01586000,ok,1950-01-01,2019-12-31,25567,0.0,41,"flags: A=25160; A, e=407",140.991201657607,146.5933270450176,1.1517
73252,usgs,01586210,ok,1982-10-01,2019-12-31,13606,0.0914,37,"flags: A=12760; A, e=846",37.2497913632049,36.259833544703994,1.1627
73253,usgs,01586610,ok,1982-10-01,2019-12-31,13606,0.0914,37,"flags: A=12656; A, e=950 | AREA MISMATCH polygon/national=0.00536",0.389017250662734,72.51966708940799,227.296
73254,usgs,01587500,ok,1950-01-01,1980-09-29,11230,0.9574,1,flags: A=11230,163.72233874166,166.79523430563842,1.1114
73255,usgs,01589000,ok,1950-01-01,2019-12-31,21204,0.2914,26,"flags: A=20570; A, e=634",736.179922109423,738.14661144576,0.65
73256,usgs,01589100,ok,1957-08-01,2019-12-31,19511,0.2195,31,"flags: A=18612; A, e=899 | AREA MISMATCH polygon/national=2.68",17.1505463271826,6.39727063252992,0.4992
73257,usgs,01589197,ok,1998-10-01,2019-12-31,7762,0.4817,21,"flags: A=6871; A, R=530; A, e=361",12.0737323057388,10.95564970672128,1.1739
73258,usgs,01589290,ok,2005-09-30,2019-12-31,5206,0.6524,14,"flags: A=4408; A, R=500; A, e=298 | AREA MISMATCH polygon/national=0.0272",0.227251898512265,8.36566159638528,50.3416
73259,usgs,01589300,ok,1957-02-01,2019-12-31,20057,0.1951,32,"flags: A=19634; A, e=423",85.8279544419441,84.17461358592,1.2194
73260,usgs,01589305,ok,2005-11-01,2019-10-14,5096,0.6597,13,"flags: A=4700; A, e=396",8.84950955308463,9.42755672162304,1.5573
73261,usgs,01589312,ok,2007-10-01,2019-12-31,4475,0.7012,12,"flags: A=4025; A, e=399; A, R=51 | AREA MISMATCH polygon/national=0.732",1.4967995348528,2.04609060716544,1.7882
73262,usgs,01589317,ok,2008-04-01,2019-12-31,4292,0.7134,11,"flags: A=2911; A, R=1234; A, e=147 | AREA MISMATCH polygon/national=0.384",0.507056867468948,1.32089393627136,5.1603
73263,usgs,01589330,ok,1959-10-01,2019-12-31,18073,0.2627,29,"flags: A=17616; A, e=457 | AREA MISMATCH polygon/national=0.00795",0.113712354613104,14.296734369054718,190.502
73264,usgs,01589352,ok,1998-10-01,2019-12-31,7762,0.4817,21,"flags: A=7302; A, e=460",161.793391687118,170.68021647114242,1.5126
73265,usgs,01589440,ok,1966-04-01,2019-12-31,16711,0.1951,32,"flags: A=16284; A, e=427",69.0380293711057,65.26770038046719,1.1723
73266,usgs,01589500,ok,1950-01-01,2019-12-31,14255,0.1151,36,"flags: A=13963; A, e=292 | AREA MISMATCH polygon/national=0.00885",0.113942229513286,12.87224090836992,115.8207
73267,usgs,01589795,ok,1989-08-29,2019-12-31,8629,0.4238,22,"flags: A=8105; A, e=524 | AREA MISMATCH polygon/national=1.37",3.55616574954025,2.589988110336,0.4504
73268,usgs,01590000,ok,1950-01-01,1974-09-29,9038,1.0,0,flags: A=9038 | AREA MISMATCH polygon/national=0.0103,0.227817037897858,22.014898937856,100.3317
73269,usgs,01591000,ok,1950-01-01,2019-12-31,25567,0.0,41,"flags: A=25091; A, e=476",91.5252442655444,90.1315862396928,1.0907
73270,usgs,01591400,ok,1978-06-06,2019-12-31,15184,0.0,41,"flags: A=14481; A, e=703",55.4719474573101,59.310727726694395,1.181
73271,usgs,01591610,ok,1980-10-01,2019-12-31,14336,0.0427,39,"flags: A=14164; A, e=172 | AREA MISMATCH polygon/national=0.0011",0.224572233044293,203.5730654724096,968.6213
73272,usgs,01591700,ok,1978-06-07,2019-12-31,15183,0.0,41,"flags: A=13970; A, e=1213",65.9984879474917,69.929678979072,1.1388
73273,usgs,01592500,ok,1950-01-01,2019-12-31,25567,0.0,41,"flags: A=25526; A, e=41 | AREA MISMATCH polygon/national=0.00149",0.511015058691431,341.87843056435196,398.0052
73274,usgs,01593500,ok,1950-01-01,2019-12-31,25567,0.0,41,"flags: A=24871; A, e=695; A, R=1",94.7461320032421,98.419548192768,1.2139
73275,usgs,01594000,ok,1950-01-01,2019-12-31,17668,0.1128,35,"flags: A=17098; A, e=570 | AREA MISMATCH polygon/national=0.000447",0.114005398331712,254.8548300570624,2587.6625
73276,usgs,01594400,ok,1950-01-01,2009-09-29,3558,0.9757,0,"flags: A=3510; A, e=48 | AREA MISMATCH polygon/national=0.0233",0.699521854815296,30.043862079897597,52.9954
73277,usgs,01594440,ok,1977-06-27,2019-12-31,15528,0.0,41,"flags: A=15273; A, e=255",887.729085878629,901.315862396928,1.0956
73278,usgs,01594500,ok,1950-01-01,1975-09-29,9401,1.0,0,flags: A=9401 | AREA MISMATCH polygon/national=0.0119,0.927096313117919,78.21764093214719,85.86
73279,usgs,01594526,ok,1985-10-01,2019-12-31,11444,0.2358,30,"flags: A=10436; A, R=675; A, e=333",234.92923677987,232.3219334971392,1.0865
73280,usgs,01609000,ok,1967-06-01,2019-12-31,11324,0.5264,17,"flags: A=10819; A, e=505 | AREA MISMATCH polygon/national=0.000583",0.223408500295085,383.318240329728,1902.3182
73281,usgs,01613900,ok,1960-08-01,2019-12-31,19618,0.1392,35,"flags: A=18906; A, e=712 | AREA MISMATCH polygon/national=0.0312",1.28497749247534,41.1808109543424,30.0731
73282,usgs,01614500,ok,1950-01-01,2019-12-31,25567,0.0,41,"flags: A=25006; A, e=561 | AREA MISMATCH polygon/national=0.00452",5.78562515433379,1279.4541265059838,266.8695
73283,usgs,01614830,ok,2000-12-06,2009-10-28,3249,0.783,9,"flags: A=3205; A, e=44",38.3739454367813,39.367819277107195,0.4696
73284,usgs,01615000,ok,1950-01-01,2019-12-31,23760,0.1207,35,"flags: A=23201; A, e=559",139.826888495776,150.7373080215552,0.8705
73285,usgs,01616000,ok,1950-01-01,1994-11-14,9552,0.6242,15,"flags: A=9380; A, e=172",50.4430059972551,44.029797875712,1.0478
73286,usgs,01616100,ok,2002-08-22,2019-12-31,6341,0.5766,17,"flags: A=5912; A, e=429",33.8280334097501,28.489869213695997,0.7683
73287,usgs,01616500,ok,1950-01-01,2019-12-31,25567,0.0,41,"flags: A=25297; A, e=270",702.671035487694,704.476766011392,0.8831
73288,usgs,01617000,ok,1950-01-01,2019-12-31,13684,0.6653,13,"flags: A=13577; A, e=107 | AREA MISMATCH polygon/national=0.00374",0.113456356927777,30.302860890931196,248.297
73289,usgs,01617800,ok,1963-10-01,2019-12-31,20546,0.0,41,"flags: A=19817; A, e=729",48.9517087964456,48.9507752853504,0.618
73290,usgs,01618000,ok,1950-01-01,2019-12-31,19000,0.4385,21,"flags: A=18720; A, e=280 | AREA MISMATCH polygon/national=0.000482",7.42847839183784,15423.37919705088,2147.5055
73291,usgs,01619500,ok,1950-01-01,2019-12-31,25567,0.0,41,"flags: A=25265; A, e=209; A, R=93",721.463418874823,727.7866590044159,1.0416
73292,usgs,01621050,ok,1993-04-13,2019-12-31,9759,0.3483,26,"flags: A=9226; A, e=533 | AREA MISMATCH polygon/national=0.00311",0.115041919208275,37.0368299778048,223.938
73293,usgs,01622000,ok,1950-01-01,2019-12-31,24634,0.0,41,"flags: A=24433; A, e=201 | AREA MISMATCH polygon/national=0.000761",0.741141093806322,973.835529486336,1297.683
73294,usgs,01624800,ok,1967-10-01,1997-10-06,10964,0.5423,18,"flags: A=10856; A, e=108",158.495735616501,189.069132054528,1.12
73295,usgs,01625000,ok,1950-01-01,2019-12-31,25567,0.0,41,"flags: A=25157; A, e=410 | AREA MISMATCH polygon/national=0.000119",0.115401598730098,966.065565155328,6917.7712
73296,usgs,01626000,ok,1952-10-01,2019-12-31,24563,0.0,41,"flags: A=24184; A, e=379 | AREA MISMATCH polygon/national=0.000352",0.115725181936837,328.928490012672,3178.7594
73297,usgs,01626850,ok,1974-04-23,2019-12-31,13545,0.2099,32,"flags: A=13107; A, e=438",427.121574326716,383.318240329728,1.1841
73298,usgs,01627500,ok,1950-01-01,2019-12-31,19356,0.0,41,"flags: A=19061; A, e=295",585.802593098051,549.0774793912319,1.1342
73299,usgs,01629500,ok,1950-01-01,2019-12-31,15461,0.0101,40,"flags: A=14879; A, e=582 | AREA MISMATCH polygon/national=3.23e-05",0.114791175237744,3553.463687380992,31767.0508
73300,usgs,01630700,ok,2002-05-29,2009-10-27,2709,0.8191,7,"flags: A=2535; A, e=174",61.9655075571217,53.094756261887994,1.1614
73301,usgs,01631000,ok,1950-01-01,2019-12-31,25567,0.0,41,"flags: A=25128; A, e=439",4228.71761283976,4232.040572289024,0.936
73302,usgs,01632082,ok,1985-08-09,2019-12-31,12562,0.1611,34,"flags: A=12008; A, e=554",121.482380108738,118.3624566423552,0.782
73303,usgs,01632900,ok,1960-08-01,2019-12-31,21702,0.0,41,"flags: A=20994; A, e=708 | AREA MISMATCH polygon/national=0.00151",0.367153884654732,242.42288712744957,504.4102
73304,usgs,01633000,ok,1950-01-01,2019-12-31,25567,0.0,41,"flags: A=25234; A, e=333 | AREA MISMATCH polygon/national=8.71e-05",0.114630806162339,1315.713960050688,8788.2381
73305,usgs,01634000,ok,1950-01-01,2019-12-31,25567,0.0,41,"flags: A=25123; A, e=444",2021.1699721995,1994.29084495872,0.7609
73306,usgs,01634500,ok,1950-01-01,2019-12-31,25567,0.0,41,"flags: A=24703; A, e=864",285.566178041117,264.178787254272,0.8828
73307,usgs,01635090,ok,2000-11-15,2009-10-27,3269,0.7817,9,"flags: A=3102; A, e=167",391.22007410495,398.858168991744,0.8614
73308,usgs,01635500,ok,1950-01-01,2019-12-31,25567,0.0,41,"flags: A=24829; A, e=738 | AREA MISMATCH polygon/national=0.00473",1.05910043663638,224.03397154406397,170.4522
73309,usgs,01636210,ok,1950-01-01,1977-10-19,10154,1.0,0,flags: A=10154,37.9863043751142,36.259833544703994,0.8927
73310,usgs,01636242,ok,2004-10-27,2009-10-27,1827,0.878,5,"flags: A=1760; A, e=67 | AREA MISMATCH polygon/national=0.000941",0.114294897204186,121.4704423747584,574.3855
73311,usgs,0163626650,ok,2002-05-01,2009-10-12,2722,0.8182,6,"flags: A=2529; A, e=193",29.8339576375001,29.007866835763195,1.2305
73312,usgs,01636316,ok,2002-08-22,2019-12-31,6341,0.5766,17,"flags: A=5989; A, e=352 | AREA MISMATCH polygon/national=0.00206",0.114113249188908,55.4257455611904,472.3909
73313,usgs,01636690,ok,2001-10-01,2019-12-31,6666,0.5549,18,"flags: A=6345; A, e=321 | AREA MISMATCH polygon/national=0.00325",0.113709924726589,34.964839489536,330.9855
73314,usgs,01637500,ok,1950-01-01,2019-12-31,25567,0.0,41,"flags: A=24659; A, e=908",176.576644697504,173.2702045814784,1.0987
73315,usgs,01638350,ok,2001-07-01,2019-12-31,6758,0.5487,18,"flags: A=6451; A, e=307",81.4453938693961,81.8436242866176,1.156
73316,usgs,01638420,ok,2001-07-20,2019-12-31,6739,0.55,18,"flags: A=6433; A, e=306 | AREA MISMATCH polygon/national=2.4",143.850654611653,59.8287253487616,0.4455
73317,usgs,01638500,ok,1950-01-01,2019-12-31,25567,0.0,41,"flags: A=24806; A, e=761 | AREA MISMATCH polygon/national=4.55e-06",0.113770840348844,24995.975252852735,212124.6193
73318,usgs,01639500,ok,1950-01-01,2019-12-31,25567,0.0,41,"flags: A=24809; A, e=758 | AREA MISMATCH polygon/national=0.0192",5.08009174187316,264.178787254272,56.7593
73319,usgs,01640500,ok,1950-01-01,1984-09-29,12691,0.8598,5,flags: A=12691 | AREA MISMATCH polygon/national=1.34,20.5405263242584,15.358629494292478,1.1579
73320,usgs,01641000,ok,1950-01-01,1992-02-18,15389,0.6797,13,"flags: A=15144; A, e=245 | AREA MISMATCH polygon/national=0.00238",0.113258393768612,47.65578123018239,572.1276
73321,usgs,01641500,ok,1950-01-01,2011-09-29,13420,0.8112,6,"flags: A=13385; A, e=35 | AREA MISMATCH polygon/national=0.76",14.3498656308539,18.88101332434944,2.0189
73322,usgs,01642190,ok,2003-10-01,2019-12-31,5936,0.6036,16,"flags: A=5531; A, e=405",1827.4395392883,1820.761641566208,1.3298
73323,usgs,01642438,ok,2008-07-17,2010-12-31,898,0.94,2,"flags: A=832; A, e=66",146.275063241768,146.5933270450176,0.9589
73324,usgs,01642500,ok,1950-01-01,1982-09-29,11960,0.9086,3,flags: A=11960 | AREA MISMATCH polygon/national=0.000533,0.113542204189389,213.1560214806528,1851.3044
73325,usgs,01643000,ok,1950-01-01,2019-12-31,25567,0.0,41,"flags: A=25248; A, e=319",2121.39304971452,2116.020286144512,1.1549
73326,usgs,01643395,ok,2004-01-26,2019-12-31,5819,0.6114,16,"flags: A=5298; A, e=521 | AREA MISMATCH polygon/national=10.4",31.4986380764157,3.03028608909312,0.1283
73327,usgs,01643500,ok,1950-01-01,2019-12-31,22706,0.0,41,"flags: A=21717; A, e=989",166.160668361735,162.6512533291008,1.0642
73328,usgs,01643590,ok,2001-08-23,2019-12-31,6705,0.5523,18,"flags: A=6613; A, e=92 | AREA MISMATCH polygon/national=0.547",11.1548561670246,20.40910630944768,2.1054
73329,usgs,01643700,ok,1965-10-01,2019-12-31,17564,0.1076,36,"flags: A=16914; A, e=650",314.420474727668,315.978549460992,1.0632
73330,usgs,01643805,ok,2001-07-19,2019-12-31,6740,0.5499,18,"flags: A=5969; A, e=771",101.254393628639,98.6785470038016,1.1696
73331,usgs,01643880,ok,2001-07-18,2019-12-31,6741,0.5498,18,"flags: A=6461; A, e=280",123.987191845161,122.2474388078592,1.0521
73332,usgs,01644280,ok,2001-10-01,2019-12-31,6666,0.5549,18,"flags: A=6468; A, e=198 | AREA MISMATCH polygon/national=0.0115",2.25769472573555,197.09809519656957,140.9009
73333,usgs,01644371,ok,2004-05-19,2019-12-31,5705,0.619,15,"flags: A=5438; A, e=267 | AREA MISMATCH polygon/national=0.102",0.113840899940238,1.11369488744448,15.2291
73334,usgs,01644375,ok,2004-06-24,2019-12-31,5669,0.6214,15,"flags: A=5256; A, e=413 | AREA MISMATCH polygon/national=0.0326",0.113894275792424,3.4964839489536,48.1515
73335,usgs,01644380,ok,2004-06-01,2019-12-31,5692,0.6199,15,"flags: A=4801; A, e=891 | AREA MISMATCH polygon/national=0.338",0.691508877084404,2.04609060716544,3.6746
73336,usgs,01644600,ok,1997-07-01,2009-09-29,4474,0.7012,11,"flags: A=4373; A, e=101 | AREA MISMATCH polygon/national=0.0286",3.75434405260522,131.3123971940352,55.0648
73337,usgs,01645000,ok,1950-01-01,2019-12-31,25567,0.0,41,"flags: A=25293; A, e=274 | AREA MISMATCH polygon/national=0.00192",0.502082844725944,261.588799143936,616.7101
73338,usgs,01645200,ok,1957-10-01,1987-09-29,10956,0.7867,8,"flags: A=10874; A, e=82",10.9116932691224,9.5829560082432,0.9231
73339,usgs,01645704,ok,2007-09-21,2019-12-31,4485,0.7005,12,"flags: A=4345; A, e=140",15.8809902147557,14.21903472574464,1.3842
73340,usgs,01645762,ok,2007-09-20,2019-12-31,4486,0.7004,12,"flags: A=4233; A, e=253",7.33856385637306,7.018867779010559,1.0307
73341,usgs,01646000,ok,1950-01-01,2019-12-31,25567,0.0,41,"flags: A=24938; A, e=629 | AREA MISMATCH polygon/national=0.00152",0.227867230590704,149.70131277742078,700.5673
73342,usgs,01646305,ok,2008-01-10,2019-12-31,4374,0.7079,12,"flags: A=4235; A, e=139",5.31580623368795,5.309475626188799,1.1523
73343,usgs,01646500,ok,1950-01-01,2019-12-31,25567,0.0,41,"flags: A=25419; A, e=148 | AREA MISMATCH polygon/national=7.63e-06",0.228591344488222,29940.26255548416,126807.2124
73344,usgs,01646502,ok,1950-01-01,2019-12-31,25567,0.0,41,"flags: A=25516; A, e=51 | AREA MISMATCH polygon/national=7.63e-06",0.228591344488222,29940.26255548416,132143.1919
73345,usgs,01646550,ok,1950-01-01,1979-01-17,9816,0.9989,0,flags: A=9816,9.71871619725156,10.6189512523776,0.8526
73346,usgs,01647850,ok,2006-11-18,2019-12-31,4792,0.68,13,"flags: A=3960; A, R=534; A, e=298 | AREA MISMATCH polygon/national=1.32",9.36555141026979,7.09656742232064,0.9244
73347,usgs,01648000,ok,1950-01-01,2019-12-31,25567,0.0,41,"flags: A=25273; A, e=294 | AREA MISMATCH polygon/national=0.00758",1.22163808676032,161.0972604628992,138.7104
73348,usgs,01649150,ok,2006-11-10,2019-12-31,4800,0.6795,13,"flags: A=4273; A, e=527 | AREA MISMATCH polygon/national=0.793",2.13501578081938,2.69358763474944,1.1357
73349,usgs,01649190,ok,2007-10-01,2019-12-31,4475,0.7012,12,"flags: A, R=2298; A=1831; A, e=346",37.0331243743754,33.9288442454016,0.9893
73350,usgs,01649500,ok,1950-01-01,2019-12-31,25567,0.0,41,"flags: A=24848; A, e=719",190.47181476552,188.55113443246077,1.1642
73351,usgs,01650500,ok,1950-01-01,2019-12-31,20396,0.3453,26,"flags: A=19954; A, e=429; A, R=13",54.5521586297946,54.389750317056,1.0604
73352,usgs,01650800,ok,2008-10-01,2019-12-31,4109,0.7256,11,"flags: A=3905; A, e=204",17.5265762030732,16.7054233116672,1.2443
73353,usgs,01651000,ok,1950-01-01,2019-12-31,25567,0.0,41,"flags: A=23863; A, R=871; A, e=833 | AREA MISMATCH polygon/national=0.00309",0.395491209044631,127.9454126505984,336.4465
73354,usgs,01651800,ok,1992-06-19,2019-12-31,10057,0.3284,27,"flags: A=9196; A, e=518; A, R=343 | AREA MISMATCH polygon/national=1.6",13.8998724390947,8.70236005072896,0.8071
73355,usgs,01652500,ok,1951-05-04,2019-12-31,16480,0.3973,24,"flags: A=16126; A, e=353; A, R=1",34.2091967655646,32.633850190233595,1.4342
73356,usgs,01653000,ok,1955-06-01,2019-12-31,21215,0.1586,33,"flags: A=20676; A, e=539 | AREA MISMATCH polygon/national=0.0013",0.114529023836993,87.80059694039039,872.6716
73357,usgs,01653500,ok,1950-01-01,1978-09-29,10499,1.0,0,flags: A=10499,45.9570014290859,43.252801442611194,1.0498
73358,usgs,01653600,ok,1965-10-01,2019-12-31,19449,0.0244,39,"flags: A=18776; A, e=662; A, R=11",109.623639786087,102.304530358272,1.0341
73359,usgs,01654000,ok,1950-01-01,2019-12-31,25567,0.0,41,"flags: A=24478; A, e=1089",61.523673906456,61.90071583703039,1.1837
73360,usgs,01655500,ok,1950-10-01,1987-01-06,13247,0.8045,8,flags: A=13247 | AREA MISMATCH polygon/national=0.00676,0.229261763000493,33.9288442454016,134.2749
73361,usgs,01656000,ok,1950-10-01,2019-12-31,24308,0.0658,38,"flags: A=23612; A, e=696 | AREA MISMATCH polygon/national=0.00234",0.566066946529659,241.9048895053824,388.3155
73362,usgs,01656500,ok,1950-10-01,1987-01-06,12880,0.829,6,flags: A=12880,122.204904543689,130.0174031388672,1.0256
73363,usgs,01656903,ok,2007-09-21,2019-12-31,4485,0.7005,12,"flags: A=4273; A, e=212 | AREA MISMATCH polygon/national=1.3",14.1321741736402,10.8779500634112,1.2196
73364,usgs,01657000,ok,1950-10-01,1981-09-29,11322,0.933,2,flags: A=11322,382.081371860991,378.138264109056,1.004
73365,usgs,01658000,ok,1950-01-01,2019-12-31,15224,0.5382,19,"flags: A=15089; A, e=129; A, R=6 | AREA MISMATCH polygon/national=0.000809",0.114868084853146,141.93134844641278,1225.4647
73366,usgs,01659000,ok,1951-05-01,2011-10-19,5376,0.7915,7,"flags: A=5150; A, e=226 | AREA MISMATCH polygon/national=0.0156",0.229825717351983,14.73703234781184,50.8774
73367,usgs,01659500,ok,1951-05-01,2011-10-19,5010,0.8159,6,"flags: A=4587; A, e=423 | AREA MISMATCH polygon/national=0.00995",0.114929832245486,11.55134697209856,76.7843
73368,usgs,01660000,ok,1951-05-01,2011-10-18,5375,0.7915,7,"flags: A=4764; A, e=611",5.31441795677049,6.37137075142656,1.3078
73369,usgs,01660400,ok,1971-09-01,2019-12-31,16905,0.05,38,"flags: A=15401; A, e=1504 | AREA MISMATCH polygon/national=0.00429",0.389227075885541,90.64958386176,222.1163
73370,usgs,01660920,ok,1983-06-14,2019-12-31,12984,0.133,34,"flags: A=11804; A, e=1180",194.940459035298,206.9400500158464,1.1398
73371,usgs,01661000,ok,1950-01-01,1972-09-29,8308,1.0,0,flags: A=8308 | AREA MISMATCH polygon/national=0.00428,0.115213270640159,26.9358763474944,206.8855
73372,usgs,01661050,ok,1968-10-01,2019-12-31,18353,0.0244,39,"flags: A=17764; A, e=589",45.0014878237222,47.914780041216,1.0772
73373,usgs,01661500,ok,1950-01-01,2019-12-31,25201,0.0244,39,"flags: A=25007; A, e=194 | AREA MISMATCH polygon/national=0.00186",0.115436458967795,62.159714648064,548.6389
73374,usgs,01661800,ok,1963-10-01,1987-01-13,8323,0.804,8,flags: A=8323,19.0444095078352,17.53421950697472,0.9348
73375,usgs,01662000,ok,1950-01-01,1986-10-08,13430,0.8105,7,flags: A=13430 | AREA MISMATCH polygon/national=0.00127,0.641740668994735,505.04768151552,733.3769
73376,usgs,01662500,ok,1953-10-01,1977-09-29,8765,1.0,0,flags: A=8765,37.9036808726145,37.8138264109056,1.0581
73377,usgs,01662800,ok,1958-05-01,2019-12-31,21712,0.0543,38,"flags: A=20957; A, e=755",68.6072484175064,66.8216932466688,0.9696
73378,usgs,01663500,ok,1950-01-01,2019-12-31,22018,0.237,29,"flags: A=21604; A, e=414",757.924209597822,738.14661144576,1.108
73379,usgs,01665000,ok,1950-01-01,1997-09-29,17439,0.5428,18,"flags: A=17248; A, e=191 | AREA MISMATCH polygon/national=0.00946",0.394360810182737,41.6988085764096,107.6629
73380,usgs,01665500,ok,1950-01-01,2019-12-31,24379,0.0793,37,"flags: A=23650; A, e=729",297.798648593358,297.84863268864,1.287
73381,usgs,01668000,ok,1950-01-01,2019-12-31,25567,0.0,41,"flags: A=24771; A, e=796 | AREA MISMATCH polygon/national=0.00062",2.56181035979792,4131.0310359859195,1628.6095
73382,usgs,01668500,ok,1950-01-01,1999-09-29,18169,0.494,20,"flags: A=17904; A, e=265 | AREA MISMATCH polygon/national=0.00098",0.115753311197497,118.1034578313216,971.2468
73383,usgs,01668800,ok,1964-10-01,1987-01-13,7901,0.804,8,flags: A=7901 | AREA MISMATCH polygon/national=0.0058,0.231187399750942,39.8858168991744,175.505
73384,usgs,01669500,ok,1950-01-01,1981-09-29,11595,0.933,2,flags: A=11595,207.00163319246,222.738977488896,0.9795
73385,usgs,01670000,ok,1950-01-01,1989-01-18,14263,0.7549,10,"flags: A=14110; A, e=153",17.1525696172312,18.5184149889024,1.006
73386,usgs,01670400,ok,1978-10-01,2019-12-31,10872,0.2801,28,"flags: A=10777; A, e=95",890.083418270739,885.775933734912,0.7355
73387,usgs,01671000,ok,1950-01-01,1987-01-12,13526,0.8041,8,flags: A=13526 | AREA MISMATCH polygon/national=0.000326,0.371213969006585,1139.59476854784,2459.5867
73388,usgs,01671020,ok,1979-10-01,2019-12-31,14702,0.0182,40,"flags: A=14127; A, e=575 | AREA MISMATCH polygon/national=0.000459",0.549122078762355,1196.574506975232,1648.8601
73389,usgs,01671025,ok,2004-06-29,2019-12-31,5474,0.6345,15,"flags: A=5263; A, e=211 | AREA MISMATCH polygon/national=0.255",307.923468242574,1209.524447526912,2.163
73390,usgs,01671100,ok,1961-10-01,2019-12-31,20919,0.0238,39,"flags: A=20491; A, e=428 | AREA MISMATCH polygon/national=0.0081",2.24415001086722,277.128727805952,102.5092
73391,usgs,01671500,ok,1950-01-01,1979-09-29,10864,0.9818,0,flags: A=10864 | AREA MISMATCH polygon/national=0.0103,0.115767177208298,11.24054839885824,97.3539
73392,usgs,01672500,ok,1950-01-01,2019-12-31,23470,0.14,34,"flags: A=22980; A, e=490",1015.58604654124,1023.04530358272,0.8738
73393,usgs,01673000,ok,1950-01-01,2019-12-31,25567,0.0,41,"flags: A=25146; A, e=421 | AREA MISMATCH polygon/national=4.16e-05",0.116184196606894,2792.0071829422077,20611.4635
73394,usgs,01673500,ok,1950-01-01,1977-09-29,10134,1.0,0,flags: A=10134 | AREA MISMATCH polygon/national=0.0249,0.372303763878245,14.94423139663872,37.0915
73395,usgs,01673550,ok,1977-10-01,2019-12-31,15432,0.0,41,"flags: A=14556; A, e=876",59.7103981168558,66.044696813568,1.126
73396,usgs,01673638,ok,1998-10-01,2009-10-21,4039,0.7303,10,"flags: A=3900; A, e=139 | AREA MISMATCH polygon/national=0.0175",0.399001333825609,22.81779525206016,43.8363
73397,usgs,01673800,ok,1962-10-01,2019-12-31,20911,0.0,41,"flags: A=20193; A, e=718 | AREA MISMATCH polygon/national=0.000575",0.115546369375498,200.98307736207357,1567.715
73398,usgs,01674000,ok,1950-01-01,2019-12-31,25567,0.0,41,"flags: A=24713; A, e=854 | AREA MISMATCH polygon/national=0.000175",0.115717204398425,663.036956246016,4881.2751
73399,usgs,01674500,ok,1950-01-01,2019-12-31,25567,0.0,41,"flags: A=24155; A, e=1412",1533.42811350722,1561.762830532608,0.8971
73400,usgs,02011800,ok,1973-10-01,2019-12-31,16893,0.0,41,"flags: A=16874; A, e=19 | AREA MISMATCH polygon/national=0.00013",0.115893110802869,893.5458980659199,9477.0097
73401,usgs,02012500,ok,1950-01-01,1984-03-31,12509,0.872,5,flags: A=12509 | AREA MISMATCH polygon/national=0.000218,0.231377587571499,1061.89512523776,5313.5027
73402,usgs,02013000,ok,1950-01-01,2019-12-31,25567,0.0,41,"flags: A=25257; A, e=310 | AREA MISMATCH polygon/national=0.000277",0.116125259592481,419.578073874432,3666.8426
73403,usgs,02013100,ok,1974-10-01,2019-12-31,16528,0.0,41,"flags: A=16475; A, e=53 | AREA MISMATCH polygon/national=7.33e-05",0.116148977842342,1585.072723525632,15240.5609
73404,usgs,02014000,ok,1950-01-01,2019-12-31,22279,0.0,41,"flags: A=22044; A, e=235 | AREA MISMATCH polygon/national=0.000993",0.393316983153138,396.268180881408,1135.5484
73405,usgs,02016500,ok,1950-01-01,2019-12-31,25567,0.0,41,"flags: A=25448; A, e=119 | AREA MISMATCH polygon/national=6.54e-05",0.23233122340974,3550.873699270656,17600.1656
73406,usgs,02017500,ok,1950-01-01,2019-12-31,25567,0.0,41,"flags: A=24924; A, e=643 | AREA MISMATCH polygon/national=0.00129",0.351520249516931,271.94875158528,919.4125
73407,usgs,02018000,ok,1950-01-01,2019-12-31,25567,0.0,41,"flags: A=25348; A, e=219 | AREA MISMATCH polygon/national=0.00427",3.63579457337029,852.106088300544,266.8105
73408,usgs,02018500,ok,1950-01-01,2019-12-31,25567,0.0,41,"flags: A=25133; A, e=434 | AREA MISMATCH polygon/national=0.634",56.3619465488663,88.83659218452479,1.497
73409,usgs,02019500,ok,1950-01-01,2019-12-31,25567,0.0,41,"flags: A=25406; A, e=161 | AREA MISMATCH polygon/national=0.762",4092.43096476521,5369.045352726528,1.4881
73410,usgs,02021500,ok,1950-01-01,2019-12-31,25567,0.0,41,"flags: A=25137; A, e=430",838.474411968013,852.106088300544,1.1664
73411,usgs,02022500,ok,1950-01-01,2019-12-31,25567,0.0,41,"flags: A=25031; A, e=536",96.2515710378991,90.9085826727936,0.9118
73412,usgs,02024000,ok,1950-01-01,2019-12-31,25567,0.0,41,"flags: A=25262; A, e=305",1671.67059799935,1675.722307387392,1.0143
73413,usgs,02024752,ok,2005-10-01,2019-12-31,5205,0.6524,14,"flags: A=4756; A, e=449",6701.57518148802,7966.803427393536,1.3391
73414,usgs,02024915,ok,2002-11-08,2019-12-31,6263,0.5818,17,"flags: A=6025; A, e=238 | AREA MISMATCH polygon/national=0.101",7.11448384162187,70.1886777901056,14.3049
73415,usgs,02025500,ok,1950-01-01,2019-12-31,25566,0.0001,41,"flags: A=25121; A, e=445",7154.00928880355,8433.001287254016,1.2572
73416,usgs,02026000,ok,1950-01-01,2019-12-31,25567,0.0,41,"flags: A=25091; A, e=436; A, R=40",8251.56825892369,9450.866614616065,1.2583
73417,usgs,02027000,ok,1950-01-01,2019-12-31,25567,0.0,41,"flags: A=24478; A, e=1089 | AREA MISMATCH polygon/national=0.0302",7.28214024300291,240.868894261248,54.2051
73418,usgs,02027500,ok,1950-01-01,2019-12-31,25567,0.0,41,"flags: A=24782; A, e=785",125.905880961081,123.5424328630272,1.8521
73419,usgs,02027800,ok,1960-08-01,1995-09-30,12844,0.5915,16,"flags: A=12377; A, e=467",385.329610938253,383.318240329728,1.087
73420,usgs,02029000,ok,1950-01-01,2019-12-31,25567,0.0,41,"flags: A=25343; A, e=224",10585.0949492855,11864.735533449217,1.2141
73421,usgs,02030000,ok,1950-01-01,2019-12-31,25211,0.0238,39,"flags: A=24669; A, e=542",298.694553672324,300.438620798976,1.059
73422,usgs,02030500,ok,1950-01-01,2019-12-31,22029,0.2363,30,"flags: A=21823; A, e=206 | AREA MISMATCH polygon/national=0.000397",0.23256002240927,585.337312935936,2259.1728
73423,usgs,02031000,ok,1950-01-01,2019-12-31,15339,0.0182,40,"flags: A=14457; A, e=882 | AREA MISMATCH polygon/national=0.000469",0.115652668643804,246.8258669150208,2286.7948
73424,usgs,02032250,ok,1979-10-01,2019-12-31,11866,0.2076,31,"flags: A=10667; A, e=1199 | AREA MISMATCH polygon/national=0.00116",0.230519872929833,199.429084495872,1067.1103
73425,usgs,02032640,ok,1993-10-01,2019-12-31,9463,0.3681,25,"flags: A=8693; A, e=770 | AREA MISMATCH polygon/national=0.00209",0.585649991109891,279.718715916288,550.9025
73426,usgs,02032680,ok,1970-03-26,1992-10-05,8230,0.6643,13,"flags: A=7657; A, e=573 | AREA MISMATCH polygon/national=0.00554",2.49709801243829,450.657931198464,229.0454
73427,usgs,02034000,ok,1950-01-01,2019-12-31,25567,0.0,41,"flags: A=25358; A, e=209 | AREA MISMATCH polygon/national=0.000135",0.232075432472592,1717.162117152768,7521.4873
73428,usgs,02034500,ok,1950-01-01,1987-01-06,13520,0.8045,8,flags: A=13520,679.185204420844,678.576884908032,0.8874
73429,usgs,02035000,ok,1950-01-01,2019-12-31,25567,0.0,41,"flags: A=25074; A, e=493",14915.3164837527,16192.60566582067,1.1468
73430,usgs,02036500,ok,1950-01-01,2019-12-31,25565,0.0001,41,"flags: A=24839; A, e=726",55.8583303304063,58.01573367152639,0.8507
73431,usgs,02037500,ok,1950-01-01,2019-12-31,25567,0.0,41,"flags: A=25415; A, e=152 | AREA MISMATCH polygon/national=3.11e-05",0.544346750960426,17490.189709099006,31543.5589
73432,usgs,02038000,ok,1955-10-01,1994-12-07,14313,0.6114,16,"flags: A=14116; A, e=197",85.2314661959889,85.7286064521216,0.9409
73433,usgs,02039000,ok,1950-01-01,2019-12-31,25567,0.0,41,"flags: A=24946; A, e=621 | AREA MISMATCH polygon/national=0.113",20.3117431501071,180.2631724793856,7.8754
73434,usgs,02039500,ok,1950-01-01,2019-12-31,25567,0.0,41,"flags: A=25225; A, e=342 | AREA MISMATCH polygon/national=0.798",624.012225281438,782.176409321472,1.097
73435,usgs,02040000,ok,1950-01-01,2019-12-31,25567,0.0,41,"flags: A=24468; A, e=1099 | AREA MISMATCH polygon/national=6.22e-05",0.116727171719601,1877.7413799936,14442.6303
73436,usgs,02041000,ok,1950-01-01,2019-12-31,25567,0.0,41,"flags: A=25230; A, e=337 | AREA MISMATCH polygon/national=0.000967",0.395675873005613,409.218121433088,876.0976
73437,usgs,02041650,ok,1969-10-01,2019-12-31,18354,0.0,41,"flags: A=18203; A, e=151 | AREA MISMATCH polygon/national=0.000427",1.48406337469341,3475.764044070912,2071.6078
73438,usgs,02042500,ok,1950-01-01,2019-12-31,25567,0.0,41,"flags: A=25320; A, e=247",658.876916934332,650.087015694336,0.9974
73439,usgs,02043500,ok,1953-10-01,1996-09-29,13341,0.5671,17,"flags: A=13143; A, e=198 | AREA MISMATCH polygon/national=0.00193",0.117954849083217,61.1237194039296,538.1207
73440,usgs,02044000,ok,1950-01-01,1987-01-13,13527,0.804,8,flags: A=13527,100.501040324452,100.2325398700032,0.9332
73441,usgs,02044500,ok,1950-10-01,2019-12-31,25294,0.0,41,"flags: A=24991; A, e=303 | AREA MISMATCH polygon/national=0.000143",0.117403518528358,821.0262309765119,6133.366
73442,usgs,02045500,ok,1950-01-01,2019-12-31,25566,0.0001,41,"flags: A=24582; A, e=984 | AREA MISMATCH polygon/national=0.000502",0.749669728343553,1494.423139663872,1751.6
73443,usgs,02047000,ok,1950-01-01,2019-12-31,25567,0.0,41,"flags: A=25113; A, e=453; A, <=1 | AREA MISMATCH polygon/national=0.000282",1.05300517539041,3732.172866994176,3118.5189
73444,usgs,02047500,ok,1950-01-01,2019-12-31,25001,0.0378,39,"flags: A=24797; A, e=204 | AREA MISMATCH polygon/national=0.000156",0.117339898211634,751.09655199744,6528.8259
73445,usgs,02048000,ok,1950-01-01,1989-01-03,14248,0.7559,10,"flags: A=14069; A, e=179",1145.77016536494,1168.084637761536,1.0732
73446,usgs,02049500,ok,1950-01-01,2019-12-31,25567,0.0,41,"flags: A=25341; A, e=226 | AREA MISMATCH polygon/national=0.000458",0.72670606324923,1587.662711635968,2152.4013
73447,usgs,02051600,ok,1958-05-01,1987-01-07,10479,0.8044,8,flags: A=10479 | AREA MISMATCH polygon/national=0.00148,0.117669819245395,79.7716337983488,631.6377
73448,usgs,02052000,ok,1951-01-30,2019-12-31,25173,0.0,41,"flags: A=24952; A, e=221 | AREA MISMATCH polygon/national=0.000274",0.528196263092729,1926.951154089984,3120.0775
73449,usgs,02052500,ok,1953-10-01,1997-02-04,15832,0.5587,18,"flags: A=15674; A, e=158 | AREA MISMATCH polygon/national=0.00132",0.23525405707876,177.9321831800832,696.0449
73450,usgs,02053500,ok,1950-02-01,2019-12-31,25536,0.0,41,"flags: A=25299; A, e=237 | AREA MISMATCH polygon/national=1.42",232.28166981775,163.9462473842688,0.6489
73451,usgs,02053800,ok,1960-10-01,2019-12-31,21641,0.0,41,"flags: A=21322; A, e=319",290.807559044635,282.30870402662396,0.9626
73452,usgs,02054500,ok,1950-01-01,2019-12-31,25567,0.0,41,"flags: A=25249; A, e=318",673.778787801892,657.856980025344,0.8647
73453,usgs,02054530,ok,1991-12-12,2019-12-31,10247,0.3157,28,"flags: A=10022; A, e=225 | AREA MISMATCH polygon/national=0.0267",19.3987542290466,727.7866590044159,34.5413
73454,usgs,02055000,ok,1950-01-01,2019-12-31,25567,0.0,41,"flags: A=25279; A, e=288",1010.52239166345,994.555434369024,0.8723
73455,usgs,02056000,ok,1950-01-01,2019-12-31,25567,0.0,41,"flags: A=25270; A, e=297",1297.63620950551,1318.303948161024,0.9885
73456,usgs,02056650,ok,1974-07-01,2019-12-31,16620,0.0,41,"flags: A=16079; A, e=541",148.321163198429,144.5213365567488,1.0045
73457,usgs,02058400,ok,1963-06-01,2019-12-31,20668,0.0,41,"flags: A=20316; A, e=352 | AREA MISMATCH polygon/national=0.000129",0.117459947823233,909.085826727936,7839.072
73458,usgs,02059485,ok,2006-12-13,2014-06-30,2757,0.8159,7,"flags: A=2599; A, e=158 | AREA MISMATCH polygon/national=0.000723",0.233934028087255,323.748513792,1086.7683
73459,usgs,02060500,ok,1980-09-30,2019-12-31,14337,0.0426,39,"flags: A=14273; A, e=64 | AREA MISMATCH polygon/national=8.79e-05",0.405619967567559,4615.3588126187515,10745.9432
73460,usgs,02061000,ok,1950-01-01,2014-06-30,6683,0.8159,7,"flags: A=6539; A, e=144 | AREA MISMATCH polygon/national=0.00116",0.341940679926222,295.258644578304,902.7038
73461,usgs,02061500,ok,1950-01-01,2019-12-31,25567,0.0,41,"flags: A=24757; A, e=810 | AREA MISMATCH polygon/national=0.000286",0.233451297123485,815.8462547558399,3407.2963
73462,usgs,02062500,ok,1950-01-01,2019-12-31,25567,0.0,41,"flags: A=25156; A, e=411",5977.66350382605,6226.331417247744,0.9705
73463,usgs,02066000,ok,1950-10-01,2019-12-31,25293,0.0001,41,"flags: A=25125; A, e=168 | AREA MISMATCH polygon/national=0.0013",9.99660169011766,7681.904735256576,711.9802
73464,usgs,02066500,ok,1950-01-01,1972-09-29,8308,1.0,0,flags: A=8308 | AREA MISMATCH polygon/national=0.000336,0.117483136216928,349.64839489535996,2165.4841
73465,usgs,02068500,ok,1950-01-01,2019-12-31,24056,0.1009,36,"flags: A=23882; A, e=174 | AREA MISMATCH polygon/national=0.00506",1.69174676461339,334.10846623334396,279.7213
73466,usgs,02069000,ok,1986-04-01,2019-12-31,5787,0.6136,15,"flags: A=5409; A, R=315; A, e=63",1274.41566618448,1297.584043278336,1.2443
73467,usgs,02070500,ok,1950-01-01,2019-12-31,17536,0.3597,26,"flags: A=17093; A, e=443 | AREA MISMATCH polygon/national=0.000188",0.118094656028839,626.777122701312,6388.8815
73468,usgs,02071000,ok,1950-01-01,2019-12-31,25567,0.0,41,"flags: A=25293; A, e=274 | AREA MISMATCH polygon/national=0.00134",3.66463483453216,2727.2574801838077,788.2221
73469,usgs,02071530,ok,1994-10-01,2019-12-31,9223,0.3841,25,"flags: A=8963; A, e=260",69.9532839727392,68.11668730183679,1.6451
73470,usgs,02072000,ok,1950-01-01,2019-12-31,25567,0.0,41,"flags: A=25476; A, e=91",573.741859965606,556.84744372224,1.2031
73471,usgs,02072500,ok,1950-01-01,2019-12-31,25567,0.0,41,"flags: A=25345; A, e=222",694.153511231305,670.806920577024,1.1905
73472,usgs,02073000,ok,1950-01-01,2019-12-31,25567,0.0,41,"flags: A=25502; A, e=65 | AREA MISMATCH polygon/national=0.00012",0.117897838529769,981.605493817344,10010.2867
73473,usgs,02074000,ok,1950-01-01,2019-12-31,25567,0.0,41,"flags: A=25308; A, e=259 | AREA MISMATCH polygon/national=8.48e-05",0.118108087761059,1393.413603360768,13486.274
73474,usgs,02075000,ok,1950-01-01,1995-09-30,16709,0.5915,16,"flags: A=16494; A, e=215",5450.23742960142,5335.375507292159,1.027
73475,usgs,02075045,ok,1995-10-01,2019-12-31,8857,0.4085,24,"flags: A=8639; A, e=218 | AREA MISMATCH polygon/national=4.3e-05",0.235429289148056,5480.414841470975,23209.0466
73476,usgs,02075500,ok,1950-10-01,2019-12-31,25294,0.0,41,"flags: A=25048; A, e=246 | AREA MISMATCH polygon/national=5.15e-05",0.345224083618656,6700.299241439232,19404.2686
73477,usgs,02076500,ok,1950-01-01,1997-10-08,17448,0.5422,18,"flags: A=17017; A, e=431 | AREA MISMATCH polygon/national=0.00494",0.117473498844726,23.77609085288448,209.5419
73478,usgs,02077000,ok,1950-01-01,2019-12-31,25456,0.0074,41,"flags: A=24505; A, e=951 | AREA MISMATCH polygon/national=0.000166",0.234775593519049,1416.723496353792,5082.8285
73479,usgs,02077303,ok,1973-10-01,2019-12-31,16829,0.0043,41,"flags: A=15828; A, R=506; A, e=495",547.143361709306,523.177598287872,0.6977
73480,usgs,02077500,ok,1950-10-01,2014-03-31,23193,0.1403,35,"flags: A=22980; A, e=213",752.016423566573,745.916575776768,0.8191
73481,usgs,02077670,ok,1977-07-29,2019-12-31,15481,0.001,41,"flags: A=14419; A, e=1062",151.548589507595,138.564363902976,0.6093
73482,usgs,02079640,ok,1961-10-01,2019-12-31,19835,0.0962,36,"flags: A=18442; A, e=1312; A, R=81",139.940192971016,138.564363902976,0.7575
73483,usgs,02080500,ok,1950-01-01,2019-12-31,25565,0.0001,41,"flags: A=25465; A, e=100 | AREA MISMATCH polygon/national=4.19e-05",0.910765196049963,21714.460317057023,21135.9765
73484,usgs,0208111310,ok,1987-06-01,2019-12-31,11900,0.2053,32,"flags: A=11611; A, e=289 | AREA MISMATCH polygon/national=0.00198",0.555180461051702,279.718715916288,484.4352
73485,usgs,02081747,ok,1963-11-07,2019-12-31,17756,0.0,41,"flags: A=17428; A, e=328",1121.3407560146,1105.924923113472,0.933
73486,usgs,02082000,ok,1950-01-01,1971-01-19,7689,1.0,0,flags: A=7689 | AREA MISMATCH polygon/national=0.00228,4.13519916833903,1815.581665345536,386.8968
73487,usgs,02082506,ok,1972-08-01,2012-02-29,14457,0.1911,33,"flags: A=14157; A, e=300 | AREA MISMATCH polygon/national=0.000118",0.238121629934567,2012.420761731072,7849.2707
73488,usgs,02082585,ok,1976-08-01,2019-12-31,15856,0.0001,41,"flags: A=15712; A, e=143; A, R=1 | AREA MISMATCH polygon/national=0.001",2.39644441053906,2395.7390020608,899.1815
73489,usgs,02082770,ok,1963-08-01,2019-12-31,20447,0.0107,40,"flags: A=20067; A, e=380 | AREA MISMATCH polygon/national=0.000552",0.237478238942275,429.938026315776,1628.8464
73490,usgs,02083000,ok,1950-01-01,2019-12-31,25565,0.0001,41,"flags: A=25356; A, e=209 | AREA MISMATCH polygon/national=0.00086",1.17198062427432,1362.333746036736,971.5311
73491,usgs,02083500,ok,1950-01-01,2019-12-31,25564,0.0002,41,"flags: A=25283; A, e=281 | AREA MISMATCH polygon/national=0.000506",2.85959289499429,5653.944044863488,1829.3241
73492,usgs,02083800,ok,1956-12-01,2002-06-30,16646,0.427,23,"flags: A=16215; A, e=431",208.612766503383,202.27807141724156,0.9086
73493,usgs,02084000,ok,1997-04-23,2019-12-31,8273,0.4475,22,"flags: A=7897; A, e=261; A, R=115 | negative flow on 27 days | AREA MISMATCH polygon/national=1.73e-05",0.119484565834938,6889.3683734937595,50711.0737
73494,usgs,02084160,ok,1975-10-01,2019-12-31,14314,0.1235,35,"flags: A=13869; A, e=445 | AREA MISMATCH polygon/national=0.00205",0.239132720446731,116.54946496512,578.3148
73495,usgs,02084472,ok,2000-09-30,2008-06-30,2770,0.815,7,"flags: A=2685; A, e=85 | negative flow on 407 days",8121.19038784264,8287.961953075199,0.8203
73496,usgs,02084557,ok,1977-04-20,2019-12-31,15596,0.0,41,"flags: A=15210; A, e=386 | AREA MISMATCH polygon/national=0.002",0.119310041234204,59.569726537727995,547.3741
73497,usgs,02085000,ok,1950-01-01,2019-12-31,20459,0.1646,34,"flags: A=20165; A, e=294 | AREA MISMATCH polygon/national=0.00995",1.70151286382173,170.93921528217598,80.4256
73498,usgs,02085070,ok,1963-09-01,2019-12-31,20538,0.0025,41,"flags: A=20106; A, e=432",363.715531223327,365.1883235573759,0.8424
73499,usgs,0208521324,ok,1987-09-30,2019-12-31,11779,0.2134,32,"flags: A=11159; A, e=620 | AREA MISMATCH polygon/national=0.00201",0.406854690298063,202.5370702282752,428.4507
73500,usgs,02085220,ok,1961-09-01,1987-09-29,9525,0.7867,8,"flags: A=9484; A, e=41",193.771656720917,208.2350440710144,0.9219
73501,usgs,0208524090,ok,1994-10-01,2019-12-31,9217,0.3845,25,"flags: A=8745; A, e=472 | AREA MISMATCH polygon/national=0.00575",0.118680170094639,20.64220523937792,144.4173
73502,usgs,0208524975,ok,1995-10-24,2019-12-31,8830,0.4104,24,"flags: A=8020; A, e=810 | AREA MISMATCH polygon/national=0.00139",0.355542836569777,256.1498241122304,449.1353
73503,usgs,02085500,ok,1950-01-01,2019-12-31,25565,0.0001,41,"flags: A=24970; A, e=595 | AREA MISMATCH polygon/national=0.000615",0.237268967235847,385.908228440064,1441.3692
73504,usgs,02086000,ok,1950-01-01,1991-10-30,8895,0.9452,2,"flags: A=8838; A, e=57",13.105777214351,12.25064376188928,0.7207
73505,usgs,02086500,ok,1950-01-01,2019-12-31,15761,0.3111,26,"flags: A=15435; A, e=214; A, R=112 | AREA MISMATCH polygon/national=0.000273",0.118680170094299,435.118002536448,2898.963
73506,usgs,0208650112,ok,1988-03-01,2012-09-29,7686,0.4867,20,"flags: A=7409; A, e=277 | AREA MISMATCH polygon/national=0.523",1.54290998195202,2.9525864457830395,1.395
73507,usgs,02086624,ok,1982-10-01,2019-12-31,9850,0.3422,26,"flags: A=8841; A, e=940; A, R=69 | AREA MISMATCH polygon/national=0.00312",0.347497321193169,111.369488744448,262.2862
73508,usgs,0208675010,ok,2008-08-01,2019-12-31,4166,0.7218,11,"flags: A=4121; A, e=45 | AREA MISMATCH polygon/national=0.272",4.22697449110843,15.56582854311936,4.6363
73509,usgs,02086849,ok,1982-10-01,2019-12-31,8891,0.4063,22,"flags: A=8403; A, e=488",55.6961467230718,56.720739616358394,1.8587
73510,usgs,02087183,ok,1970-06-26,2019-12-31,18083,0.0001,41,"flags: A=17756; A, e=327 | AREA MISMATCH polygon/national=0.000119",0.237312509856544,1996.880833069056,6756.4581
73511,usgs,0208726005,ok,1987-12-01,2019-12-31,10131,0.3235,27,"flags: A=9419; A, e=712",195.930996038169,196.839096385536,1.1864
73512,usgs,02087275,ok,1997-06-01,2019-12-31,8247,0.4493,22,"flags: A=7987; A, e=260 | AREA MISMATCH polygon/national=0.0327",8.25354282544513,252.7828395687936,38.5788
73513,usgs,02087324,ok,1990-06-01,2019-12-31,10806,0.2784,29,"flags: A=10581; A, e=225 | AREA MISMATCH polygon/national=0.0371",11.6364782663848,313.388561350656,32.3231
73514,usgs,0208732885,ok,1984-01-01,2019-12-31,13149,0.1219,36,"flags: A=12609; A, e=540",19.2910551332917,17.715518674698238,1.2218
73515,usgs,0208735012,ok,1992-06-26,2019-12-31,9370,0.3743,23,"flags: A=7484; A, R=1507; A, e=379",2.52634381246662,3.03028608909312,2.2565
73516,usgs,02087359,ok,1996-05-01,2019-12-31,8645,0.4227,23,"flags: A=8065; A, e=560; A, R=20 | AREA MISMATCH polygon/national=0.00155",0.119272578734433,77.1816456880128,765.481
73517,usgs,02087500,ok,1950-01-01,2019-12-31,25567,0.0,41,"flags: A=25416; A, e=151",2982.61587467506,2978.4863268863996,0.8891
73518,usgs,02087570,ok,1970-10-01,1991-09-29,7669,0.6891,12,"flags: A=7580; A, e=89 | AREA MISMATCH polygon/national=0.000292",0.91185273944997,3123.525661065216,3499.103
73519,usgs,02087580,ok,2002-03-01,2019-12-31,6495,0.5663,18,"flags: A=6153; A, e=342 | AREA MISMATCH polygon/national=0.0163",0.888033503649311,54.389750317056,66.4857
73520,usgs,0208758850,ok,1987-12-01,2019-12-31,11561,0.228,30,"flags: A=11289; A, e=272",95.3608648126158,92.7215743500288,0.9107
73521,usgs,0208773375,ok,2008-10-01,2019-12-31,4109,0.7256,11,"flags: A=4070; A, e=39 | AREA MISMATCH polygon/national=0.00182",0.535762525768067,294.48164814520317,466.7731
73522,usgs,02088000,ok,1950-01-01,2019-12-31,25560,0.0005,41,"flags: A=24832; A, R=412; A, e=316",199.196906442538,216.264007213056,1.1213
73523,usgs,02088383,ok,2008-10-01,2019-12-31,4091,0.7268,11,"flags: A=4080; A, e=11",143.762709841324,142.44934606848,0.9056
73524,usgs,02088470,ok,1964-08-01,1989-10-05,9197,0.7375,10,"flags: A=9149; A, e=48",491.127147304964,494.687729074176,0.9349
73525,usgs,02088500,ok,1950-01-01,2019-12-31,25567,0.0,41,"flags: A=25356; A, e=211",598.153214232606,600.877241597952,0.9965
73526,usgs,02089000,ok,1950-01-01,2019-12-31,25567,0.0,41,"flags: A=25515; A, e=52 | AREA MISMATCH polygon/national=0.000108",0.668548604286052,6213.381476696064,8940.1684
73527,usgs,0208925200,ok,1987-10-01,2015-11-29,10287,0.3131,28,"flags: A=10146; A, e=141 | AREA MISMATCH polygon/national=0.0121",1.80501036826101,149.4423139663872,97.0874
73528,usgs,02089500,ok,1950-01-01,2019-12-31,25567,0.0,41,"flags: A=25469; A, e=98 | AREA MISMATCH polygon/national=0.00508",35.4368407918172,6972.247993024512,193.4026
73529,usgs,02090380,ok,1964-10-01,2019-12-31,20178,0.0001,41,"flags: A=19946; A, e=232 | AREA MISMATCH polygon/national=0.000286",0.119372428304922,416.988085764096,3152.6909
73530,usgs,02091000,ok,1954-04-01,2019-12-31,24015,0.0001,41,"flags: A=23711; A, e=304 | AREA MISMATCH polygon/national=0.00381",0.792675408130247,208.2350440710144,259.4982
73531,usgs,02091500,ok,1950-01-01,2019-12-31,25565,0.0001,41,"flags: A=25329; A, e=236",1893.38919780507,1898.461284876288,1.001
73532,usgs,02091700,ok,1956-10-01,1987-09-29,11321,0.7867,8,flags: A=11321 | AREA MISMATCH polygon/national=0.000495,0.119587730030586,241.64589069434876,2335.2647
73533,usgs,02091814,ok,1996-10-01,2019-12-31,8490,0.4331,23,"flags: A=8089; A, e=401",10171.9107085017,10100.9536303104,0.9929
73534,usgs,02092000,ok,1950-02-01,1989-10-03,14490,0.7376,10,"flags: A=14484; A, e=6",514.617562933865,471.377836081152,0.9539
73535,usgs,02093000,ok,1950-01-01,2019-12-31,20549,0.2072,32,"flags: A=20024; A, e=525 | AREA MISMATCH polygon/national=0.000991",0.241235206177818,243.458882371584,1205.9739
73536,usgs,02093500,ok,1950-01-01,1971-10-05,7948,1.0,0,flags: A=7948 | AREA MISMATCH polygon/national=0.000272,0.118526544448633,435.118002536448,2754.2069
73537,usgs,02093800,ok,1955-10-01,2019-12-31,23384,0.0056,41,"flags: A=23140; A, e=244 | AREA MISMATCH polygon/national=0.00752",0.401426944431729,53.3537550729216,140.3305
73538,usgs,02093877,ok,2004-04-01,2019-12-31,5753,0.6158,15,"flags: A=5594; A, e=159",14.4784327820288,13.7269369847808,1.1779
73539,usgs,0209399200,ok,1999-06-01,2019-12-31,7519,0.4979,20,"flags: A=6920; A, e=371; A, R=228 | AREA MISMATCH polygon/national=0.0657",2.70716328834744,41.1808109543424,18.0832
73540,usgs,02094500,ok,1950-01-01,2019-12-31,25566,0.0001,41,"flags: A=24588; A, e=868; A, R=110",342.768619348585,339.288442454016,0.6534
73541,usgs,02094659,ok,1999-06-01,2019-12-31,7519,0.4979,20,"flags: A=6187; A, R=776; A, e=556 | AREA MISMATCH polygon/national=0.0125",0.2376667504314,18.98461284876288,121.2758
73542,usgs,02094770,ok,1998-08-01,2019-12-31,7823,0.4776,21,"flags: A=7363; A, e=460",49.6795976005221,39.8858168991744,1.1232
73543,usgs,02094775,ok,1998-08-01,2019-12-31,7823,0.4776,21,"flags: A=7264; A, e=459; A, R=100 | AREA MISMATCH polygon/national=0.0847",0.904040047781997,10.67075101458432,14.843
73544,usgs,02095000,ok,1950-01-01,2019-12-31,11017,0.4776,21,"flags: A=10210; A, e=677; A, R=130",89.4978456845691,88.059595751424,1.2981
73545,usgs,02095181,ok,1999-06-01,2019-12-31,7517,0.498,20,"flags: A=6633; A, R=449; A, e=435 | AREA MISMATCH polygon/national=0.0048",0.118785833305803,24.7343864537088,253.8731
73546,usgs,02095271,ok,1998-08-01,2019-12-31,7822,0.4777,21,"flags: A=7682; A, e=140 | AREA MISMATCH polygon/national=0.0118",0.432647211214005,36.77783116677119,120.1896
73547,usgs,02095500,ok,1950-01-01,2019-12-31,22736,0.189,33,"flags: A=22648; A, e=88 | AREA MISMATCH polygon/national=0.00246",0.236767127936889,96.0885588934656,630.8797
73548,usgs,0209553650,ok,1998-08-01,2019-12-31,7823,0.4776,21,"flags: A=7739; A, e=84 | AREA MISMATCH polygon/national=0.000518",0.118710261253704,229.213947764736,3279.4268
73549,usgs,02096500,ok,1950-01-01,2019-12-31,25562,0.0003,41,"flags: A=25107; A, R=295; A, e=160 | AREA MISMATCH polygon/national=0.000437",0.685110521245011,1569.532794863616,2132.5149
73550,usgs,02096960,ok,1973-09-26,2019-12-31,16898,0.0,41,"flags: A=15743; A, R=1066; A, e=89 | AREA MISMATCH polygon/national=7.22e-05",0.23851951400388,3302.2348406784,12552.2174
73551,usgs,02097000,ok,1950-01-01,1973-10-02,8676,1.0,0,flags: A=8676 | AREA MISMATCH polygon/national=0.0213,72.1612331433489,3392.8844245401597,39.1683
73552,usgs,0209722970,ok,2008-08-01,2019-12-31,4170,0.7215,11,"flags: A=4008; A, e=162",14.3948068713573,12.09524447526912,1.2502
73553,usgs,02097280,ok,2008-08-01,2019-12-31,4170,0.7215,11,"flags: A=3930; A, e=240",39.9519710041686,38.305924151869434,1.1681
73554,usgs,02097314,ok,1982-10-01,2019-12-31,13606,0.0914,37,"flags: A=12765; A, e=841",208.066766036782,196.5800975745024,1.1344
73555,usgs,0209741955,ok,1982-10-01,2019-12-31,13060,0.1279,35,"flags: A=12233; A, e=772; A, R=55",59.6630656673538,54.6487491280896,1.3416
73556,usgs,02097464,ok,1988-11-01,2019-12-31,11383,0.2399,31,"flags: A=10461; A, e=922",20.6582136454734,21.626400721305597,0.7985
73557,usgs,02097517,ok,1982-11-01,2019-12-31,13575,0.0935,37,"flags: A=13059; A, e=516 | AREA MISMATCH polygon/national=0.00112",0.119066129281448,106.189512523776,859.4082
73558,usgs,0209782609,ok,1999-09-01,2019-12-31,7396,0.5061,20,"flags: A=6626; A, e=770",33.5315885647667,30.8208585129984,0.9155
73559,usgs,02098000,ok,1950-01-01,1973-10-02,8676,1.0,0,flags: A=8676 | AREA MISMATCH polygon/national=0.000162,0.119298700384603,738.14661144576,5780.8922
73560,usgs,02098198,ok,2008-11-18,2012-07-24,1167,0.9221,2,flags: A=1167 | AREA MISMATCH polygon/national=2.73e-05,0.119432199940239,4374.4899183575035,27907.9162
73561,usgs,02099000,ok,1950-01-01,2019-12-31,24284,0.0857,37,"flags: A=23869; A, e=413; A, R=2 | AREA MISMATCH polygon/national=0.0319",1.22159704328101,38.3318240329728,38.0238
73562,usgs,02099500,ok,1950-01-01,2004-09-29,19996,0.372,25,"flags: A=19844; A, e=152 | AREA MISMATCH polygon/national=0.00811",2.62661593023761,323.748513792,122.5895
73563,usgs,02100500,ok,1950-01-01,2019-12-31,25567,0.0,41,"flags: A=25318; A, e=249",913.816430134037,903.905850507264,0.9331
73564,usgs,02101000,ok,1950-01-01,1971-10-07,7950,1.0,0,flags: A=7950,351.03269970577,354.828371116032,0.9915
73565,usgs,0210166029,ok,1988-05-01,2019-12-31,11567,0.2276,31,"flags: A=10899; A, e=668",16.5899744711586,19.21771177869312,0.9964
73566,usgs,02101726,ok,2009-01-16,2019-12-31,4002,0.7328,11,"flags: A=3980; A, e=22",170.363418137993,177.9321831800832,0.7992
73567,usgs,02101800,ok,1958-07-01,2019-12-31,17870,0.3068,27,"flags: A=17546; A, e=324",42.3202065259676,40.144815710208,0.7606
73568,usgs,02102000,ok,1950-01-01,2019-12-31,25567,0.0,41,"flags: A=25372; A, e=195",3729.26509898487,3714.042950221824,0.9094
73569,usgs,02102192,ok,1972-06-01,2019-12-31,17380,0.0,41,"flags: A=16344; A, e=1036 | AREA MISMATCH polygon/national=0.0156",3.08090623462271,197.6160928186368,42.4544
73570,usgs,02102500,ok,1950-01-01,2019-12-31,25567,0.0,41,"flags: A=25498; A, e=69 | AREA MISMATCH polygon/national=9.94e-05",0.891502005657259,8971.718814203903,8892.0842
73571,usgs,02103000,ok,1950-01-01,2019-12-31,6665,0.5731,17,"flags: A=6566; A, e=99",920.387385254482,901.315862396928,1.0121
73572,usgs,02103500,ok,1950-01-01,1971-10-06,7949,1.0,0,flags: A=7949 | AREA MISMATCH polygon/national=0.000201,0.239330842038167,1188.8045426442238,5644.8001
73573,usgs,02104220,ok,1988-07-01,2019-12-31,11506,0.2317,31,"flags: A=11456; A, e=50",245.052739908356,241.1278930722816,1.1206
73574,usgs,02105500,ok,1950-01-01,2019-12-31,25567,0.0,41,"flags: A=25230; A, e=337 | AREA MISMATCH polygon/national=0.000124",1.56043432842739,12566.622311350273,7440.1818
73575,usgs,02105769,ok,1969-07-01,2019-12-31,18444,0.0001,41,"flags: A=18348; A, e=96 | AREA MISMATCH polygon/national=3.05e-05",0.41567020795843,13610.387519815678,31276.1206
73576,usgs,02105900,ok,1956-10-01,2010-09-29,12418,0.5854,16,"flags: A=12188; A, e=230 | AREA MISMATCH polygon/national=0.00434",0.242896524279823,55.9437431832576,348.4151
73577,usgs,02106000,ok,1950-02-01,1992-03-24,15393,0.6773,13,"flags: A=15355; A, e=38 | AREA MISMATCH polygon/national=0.0022",0.528098123815676,240.35089663918075,526.626
73578,usgs,02106500,ok,1951-10-01,2019-12-31,24929,0.0,41,"flags: A=24750; A, e=179",1756.93336003509,1750.831962587136,1.0934
73579,usgs,02107000,ok,1951-10-01,1986-09-29,12783,0.8111,7,flags: A=12783 | AREA MISMATCH polygon/national=0.000425,0.417604823715704,981.605493817344,2430.2125
73580,usgs,02107500,ok,1950-02-01,1971-10-04,7916,1.0,0,flags: A=7916 | AREA MISMATCH polygon/national=0.000433,0.121176803187028,279.718715916288,2286.0531
73581,usgs,02108500,ok,1955-08-01,1981-10-08,9566,0.9324,2,flags: A=9566,180.645514672952,179.48617604628478,1.2984
73582,usgs,02109500,ok,1950-01-01,2019-12-31,25250,0.0212,39,"flags: A=24567; A, e=683 | AREA MISMATCH polygon/national=0.000138",0.243430910999904,1761.1919150284798,7302.4795
73583,usgs,02110701,ok,2000-02-11,2019-12-31,4850,0.6761,11,"flags: A=4834; A, e=16 | negative flow on 601 days | AREA MISMATCH polygon/national=0.00492",0.240606417776949,48.9507752853504,249.0321
73584,usgs,02110704,ok,1994-07-28,2019-12-31,9075,0.394,25,"flags: A=9049; A, e=26 | negative flow on 221 days | AREA MISMATCH polygon/national=0.0401",149.451284667644,3729.58287888384,27.7508
73585,usgs,02111000,ok,1950-01-01,2019-12-31,25567,0.0,41,"flags: A=25350; A, e=217 | AREA MISMATCH polygon/national=0.00581",0.433265933212062,74.5916575776768,286.8545
73586,usgs,0211139110,ok,2007-11-01,2019-12-31,4439,0.7036,12,"flags: A=4430; A, e=9",965.295721496427,950.525636493312,1.657
73587,usgs,02112000,ok,1950-01-01,2019-12-31,25567,0.0,41,"flags: A=25414; A, e=153",1343.11372992658,1305.354007609344,1.4881
73588,usgs,02112250,ok,1964-04-01,2019-12-31,20363,0.0,41,"flags: A=19650; A, e=713",2268.69253571144,2242.929703550976,1.4616
73589,usgs,02113000,ok,1950-01-01,2010-09-29,22187,0.2257,31,"flags: A=21841; A, e=346 | AREA MISMATCH polygon/national=0.000704",0.233402587154832,331.518478123008,1874.3974
73590,usgs,02113850,ok,1964-04-01,2019-12-31,20363,0.0,41,"flags: A=19767; A, e=596 | AREA MISMATCH polygon/national=0.000395",0.236586542407609,598.287253487616,3271.3828
73591,usgs,02114450,ok,1960-08-01,2019-12-31,21702,0.0,41,"flags: A=21372; A, e=330 | AREA MISMATCH polygon/national=0.0417",4.62115080620071,110.8514911223808,23.7543
73592,usgs,02115500,ok,1950-01-01,1971-10-05,7948,1.0,0,flags: A=7948 | AREA MISMATCH polygon/national=0.00207,0.118703959451463,57.2387372384256,474.9871
73593,usgs,02115860,ok,1964-07-01,2010-09-29,8103,0.8126,5,"flags: A=8084; A, e=19 | AREA MISMATCH polygon/national=0.000494",0.237817605685359,481.737788522496,2361.2301
73594,usgs,02116500,ok,1950-01-01,2019-12-31,25561,0.0004,41,"flags: A=24893; A, e=668 | AREA MISMATCH polygon/national=2.02e-05",0.119118526989216,5905.17289156608,61258.5006
73595,usgs,02117500,ok,1950-01-01,1971-10-04,7947,1.0,0,flags: A=7947 | AREA MISMATCH polygon/national=0.000455,0.11905334572925,261.588799143936,2278.2724
73596,usgs,02118000,ok,1950-01-01,2019-12-31,25567,0.0,41,"flags: A=25367; A, e=200",796.053280111366,792.536361762816,1.0481
73597,usgs,02120500,ok,1950-01-01,1971-10-15,7958,1.0,0,flags: A=7958 | AREA MISMATCH polygon/national=0.00294,0.665140207387965,226.3649608433664,329.1663
73598,usgs,02120780,ok,1979-04-01,2019-12-31,14885,0.006,40,"flags: A=14166; A, e=719 | AREA MISMATCH polygon/national=0.000781",0.23864080363516,305.618597019648,1040.6382
73599,usgs,02121000,not_found,,,,,,no daily flow returned for 1950-2019,8980.17377621518,8935.4589806592,
73600,usgs,02121500,ok,1988-10-01,2019-12-31,11414,0.2378,31,"flags: A=11075; A, e=339 | AREA MISMATCH polygon/national=0.00148",0.666662454527547,450.657931198464,648.2886
73601,usgs,02123500,ok,2019-03-27,2019-12-31,280,0.9813,0,flags: A=280 | AREA MISMATCH polygon/national=0.0244,21.6504090586288,885.775933734912,27.3667
73602,usgs,02123567,ok,1981-10-01,2004-09-29,7673,0.4876,19,"flags: A=7330; A, e=343",10.522743090534,8.909559099555839,0.809
73603,usgs,0212393300,ok,2004-07-01,2019-12-31,5661,0.622,15,"flags: A=5613; A, e=48 | AREA MISMATCH polygon/national=0.341",18.3815345211479,53.8717526949888,2.2181
73604,usgs,02124080,ok,2003-07-21,2019-12-31,6008,0.5988,16,"flags: A=5871; A, e=137",58.7557991598891,56.720739616358394,0.8086
73605,usgs,0212414900,ok,1994-12-01,2019-12-31,9162,0.3882,25,"flags: A=8909; A, e=253",92.2576944924805,89.6135886176256,1.0782
73606,usgs,0212419274,ok,2002-09-24,2019-12-31,6304,0.579,17,"flags: A=6228; A, e=76 | AREA MISMATCH polygon/national=0.00204",0.11964839577958,58.7927301046272,387.7814
73607,usgs,0212430293,ok,2007-09-08,2019-12-31,4498,0.6996,12,"flags: A=4439; A, e=59 | AREA MISMATCH polygon/national=0.0399",1.30105899183477,32.633850190233595,21.4722
73608,usgs,0212430653,ok,2007-07-13,2019-12-31,4555,0.6958,12,"flags: A=4527; A, e=22; A, R=6",14.868865214271,14.91833151553536,0.7754
73609,usgs,0212433550,ok,2000-04-01,2019-12-31,6640,0.5566,18,"flags: A=6560; A, e=80 | AREA MISMATCH polygon/national=0.000929",0.668671913343148,720.016694673408,580.0482
73610,usgs,0212466000,ok,2002-10-01,2019-12-31,6301,0.5792,17,"flags: A=6184; A, e=117",31.7117494121894,32.633850190233595,0.8162
73611,usgs,0212467595,ok,2002-09-11,2019-12-31,6320,0.578,17,"flags: A=6284; A, e=36",27.3471894556683,28.489869213695997,0.942
73612,usgs,02124692,ok,1999-11-01,2015-10-11,5824,0.6111,15,"flags: A=5772; A, e=52 | AREA MISMATCH polygon/national=0.00387",0.240339872760116,62.159714648064,192.9771
73613,usgs,02124742,ok,2000-04-01,2012-09-29,4316,0.7118,11,"flags: A=4255; A, e=61 | AREA MISMATCH polygon/national=0.00102",1.65485472946151,1626.512533291008,537.977
73614,usgs,02126000,ok,1950-01-01,2019-12-31,25567,0.0,41,"flags: A=25156; A, e=405; A, R=6 | AREA MISMATCH polygon/national=0.0976",348.791203550276,3574.1835922636797,9.2423
73615,usgs,02127000,ok,1950-01-01,1971-10-29,7972,1.0,0,flags: A=7972,294.279551578341,284.89869213696,0.7558
73616,usgs,02129000,ok,1950-01-01,2019-12-31,25567,0.0,41,"flags: A=25552; A, e=15 | AREA MISMATCH polygon/national=1.36e-05",0.240953629784492,17775.088401235967,78316.77
73617,usgs,02130561,ok,1990-11-03,2019-12-31,10651,0.2887,29,"flags: A=10414; A, e=237",20218.1738499551,20150.10749841408,0.9214
73618,usgs,02130840,ok,2007-09-30,2019-12-31,4471,0.7014,12,"flags: A=4422; A, e=49 | AREA MISMATCH polygon/national=0.00672",0.899664836980596,133.9023853043712,144.7362
73619,usgs,02130900,ok,1959-10-01,2019-12-31,22007,0.0,41,"flags: A=21863; A, e=144 | AREA MISMATCH polygon/national=0.000866",0.2422046050058,279.718715916288,1429.3187
73620,usgs,02130910,ok,1960-10-01,2019-12-31,21641,0.0,41,"flags: A=21458; A, e=183",445.70378805481,448.06794308812795,1.101
73621,usgs,02130980,ok,2001-10-01,2019-12-31,6666,0.5549,18,"flags: A=6555; A, e=111",1099.5691818687,1134.414792327168,0.9106
73622,usgs,02131000,ok,1950-01-01,2019-12-31,25564,0.0002,41,"flags: A=25447; A, e=117",22942.5875580508,22869.595014266877,1.0085
73623,usgs,02131010,ok,1996-10-01,2019-12-31,8490,0.4331,23,"flags: A=8121; A, e=369 | AREA MISMATCH polygon/national=1.84e-05",0.420890964702129,22921.3947764736,48091.047
73624,usgs,02131110,ok,2008-03-18,2011-04-17,1123,0.925,2,"flags: A=1074; A, e=49 | AREA MISMATCH polygon/national=0.00332",0.416784599066163,125.3554245402624,219.5
73625,usgs,02131309,ok,1976-08-27,1997-09-29,7704,0.5428,18,flags: A=7704,63.9652317544642,62.936711081164795,0.9792
73626,usgs,02131320,ok,1990-10-01,2012-09-29,5345,0.6431,12,"flags: A=4884; A, e=461",38.425337389028,38.84982165504,0.8856
73627,usgs,02131472,ok,1980-10-01,2019-12-31,9228,0.3838,24,"flags: A=9076; A, e=152 | AREA MISMATCH polygon/national=0.0292",1.86009265086029,63.7137075142656,31.3732
73628,usgs,02131500,ok,1950-01-01,2019-12-31,14481,0.5634,18,"flags: A=14397; A, e=84 | AREA MISMATCH polygon/national=6.95e-05",0.121484535070423,1748.2419744768,13489.1174
73629,usgs,02132320,ok,1987-06-01,2019-12-31,11886,0.2063,32,"flags: A=11391; A, e=495 | AREA MISMATCH polygon/national=0.00056",0.120758141970272,215.7460095909888,1859.2284
73630,usgs,02132500,ok,1950-01-01,1971-09-29,7942,1.0,0,flags: A=7942,1392.20428161069,1357.153769816064,1.049
73631,usgs,02133500,ok,1950-01-01,2019-12-31,25567,0.0,41,"flags: A=24397; A, R=1085; A, e=85 | AREA MISMATCH polygon/national=0.00103",0.489654177098533,473.967824191488,1158.7402
73632,usgs,02133624,ok,1987-06-01,2019-12-31,11897,0.2055,32,"flags: A=11614; A, e=283 | AREA MISMATCH polygon/national=0.00122",1.15249421393648,945.34566027264,920.7196
73633,usgs,02134170,ok,2000-07-02,2019-12-31,7121,0.5245,19,"flags: A=7063; A, e=58",1896.23414492625,1849.251510779904,0.9271
73634,usgs,02134480,ok,1985-10-01,2019-12-31,12510,0.1646,34,"flags: A=12163; A, e=206; A, R=141 | AREA MISMATCH polygon/national=0.000407",0.241637573353791,593.1072772669439,2137.3544
73635,usgs,02134500,ok,1950-01-01,2019-12-31,25566,0.0001,41,"flags: A=25251; A, e=268; A, R=47",3103.82642609563,3180.505399492608,1.0149
73636,usgs,02135000,ok,1950-01-01,2019-12-31,25379,0.0126,39,"flags: A=25345; A, e=34 | AREA MISMATCH polygon/national=8.29e-05",0.599250715062652,7226.06682783744,11842.7544
73637,usgs,02135300,ok,1968-07-26,2003-09-29,12849,0.3965,24,"flags: A=12766; A, e=83",250.163715933958,248.638858592256,0.9493
73638,usgs,02136000,ok,1950-01-01,2019-12-31,25567,0.0,41,"flags: A=25494; A, e=73 | AREA MISMATCH polygon/national=3.77e-05",0.122326221447751,3242.665114140672,19286.6757
73639,usgs,02138000,ok,1950-01-01,1981-10-02,11598,0.9328,2,flags: A=11598 | AREA MISMATCH polygon/national=0.0129,5.72932084654015,445.477954977792,149.2318
73640,usgs,02138500,ok,1950-01-01,2019-12-31,25567,0.0,41,"flags: A=24846; A, e=721 | AREA MISMATCH polygon/national=0.00069",0.119215627198207,172.7522069594112,3257.0658
73641,usgs,0213903612,ok,1991-07-01,2009-10-20,6687,0.5535,17,"flags: A=6634; A, e=53",1380.11759479771,1315.713960050688,1.4981
73642,usgs,02142000,ok,1953-01-01,2019-12-31,23740,0.0488,38,"flags: A=23403; A, e=337 | AREA MISMATCH polygon/national=0.53",38.7294993740569,73.03766471147519,2.3546
73643,usgs,0214253361,ok,2007-05-01,2010-09-29,1248,0.9167,2,"flags: A=1239; A, e=9 | AREA MISMATCH polygon/national=0.063",2.54401077504084,40.4038145212416,16.0169
73644,usgs,0214253830,ok,1983-12-01,2007-01-23,8455,0.4354,23,"flags: A=8165; A, e=290 | AREA MISMATCH polygon/national=0.0358",0.665623319508831,18.59611463221248,29.5591
73645,usgs,02142654,ok,2006-05-01,2019-12-31,4993,0.6666,13,"flags: A=4982; A, e=11 | AREA MISMATCH polygon/national=1.99",52.5086835826833,26.417878725427197,0.7672
73646,usgs,0214265808,ok,2007-08-17,2019-12-31,4368,0.7083,11,"flags: A=4330; A, e=38 | AREA MISMATCH polygon/national=1.36",25.7169134752501,18.88101332434944,0.5528
73647,usgs,0214266000,ok,1996-11-26,2019-12-31,8436,0.4367,23,"flags: A=8295; A, e=141",65.3009526231107,68.11668730183679,1.0305
73648,usgs,0214266080,ok,2002-10-01,2019-12-31,6301,0.5792,17,"flags: A=6233; A, e=68",10.042976611754,9.194457791692798,0.5417
73649,usgs,0214269560,ok,1990-06-13,2019-12-31,9789,0.3463,27,"flags: A=9564; A, e=225 | AREA MISMATCH polygon/national=0.00127",0.119755662095218,94.2755672162304,538.0473
73650,usgs,02142900,ok,1965-06-01,2019-12-31,19907,0.002,41,"flags: A=19426; A, e=481 | AREA MISMATCH polygon/national=0.00977",0.414926710231545,42.475805009510395,109.4029
73651,usgs,02142914,ok,2004-05-01,2019-12-31,5721,0.618,15,"flags: A=5666; A, e=55 | AREA MISMATCH polygon/national=0.137",1.86865070238383,13.67513722257408,7.2741
73652,usgs,0214291555,ok,1998-10-01,2019-12-31,7762,0.4817,21,"flags: A=7554; A, e=208 | AREA MISMATCH polygon/national=0.0293",2.39257345958703,81.58462547558399,35.2397
73653,usgs,0214295600,ok,1994-10-01,2019-12-31,9222,0.3842,25,"flags: A=8882; A, e=340",33.3044808143323,26.9358763474944,0.7652
73654,usgs,0214297160,ok,2003-01-01,2019-12-31,6151,0.5892,17,"flags: A=6052; A, e=99",11.4731966081455,11.57724685320192,0.4055
73655,usgs,02143500,ok,1951-09-01,2019-12-31,24959,0.0,41,"flags: A=24878; A, e=81",182.548650046664,179.2271772352512,1.1258
73656,usgs,02144000,ok,1953-01-01,2019-12-31,24471,0.0,41,"flags: A=24315; A, e=156",80.6535833366512,82.3616219086848,0.9537
73657,usgs,02145000,ok,1950-01-01,2019-12-31,20964,0.1308,35,"kept 00060_Mean of 2 00060 series | flags: A=20869; A, e=95 | AREA MISMATCH polygon/national=0.00116",1.88173048098489,1626.512533291008,1000.9166
73658,usgs,021457492,ok,2008-04-09,2019-12-31,4283,0.714,11,"flags: A=4181; A, e=102",100.841958564163,104.3765208465408,0.6261
73659,usgs,021459367,ok,2006-09-29,2019-12-31,4840,0.6768,13,"flags: A=4573; A, e=267",44.5420090277731,43.77079906467839,0.8048
73660,usgs,02146000,ok,1950-01-01,2019-12-31,25512,0.0037,41,"flags: A=25464; A, e=48",7904.20409781436,7899.4637365248,1.2161
73661,usgs,02146110,ok,2006-12-07,2019-12-31,4769,0.6815,13,"flags: A=4650; A, e=119",13.1074555711121,15.021931039948798,0.9775
73662,usgs,02146211,ok,1981-09-30,2019-12-31,12061,0.1946,32,"flags: A=11865; A, e=196 | AREA MISMATCH polygon/national=1.58",24.4874582172349,15.46222901870592,0.735
73663,usgs,0214627970,ok,2000-06-01,2019-12-31,7153,0.5223,19,"flags: A=7082; A, e=71",25.6745492663635,23.49119216074752,1.5897
73664,usgs,02146285,ok,2000-10-01,2019-12-31,6666,0.5549,19,"flags: A=6642; A, e=24 | AREA MISMATCH polygon/national=2.26",64.8522428149557,28.748868024729596,0.4849
73665,usgs,02146300,ok,1962-05-01,2019-12-31,21063,0.0001,41,"flags: A=20866; A, e=197",82.3965536245935,79.5126349873152,1.3283
73666,usgs,02146315,ok,1998-07-01,2019-12-31,7854,0.4755,21,"flags: A=7628; A, e=119; A, R=107",13.5391882595955,14.78883211001856,1.1362
73667,usgs,02146348,ok,1998-10-01,2019-12-31,7760,0.4818,21,"flags: A=7523; A, e=237",25.3414948845782,23.67249132847104,1.0747
73668,usgs,02146381,ok,1994-10-01,2019-12-31,9223,0.3841,25,"flags: A=9074; A, e=149",175.133192112602,169.12622360494078,1.3385
73669,usgs,02146409,ok,1994-10-01,2019-12-31,9223,0.3841,25,"flags: A=9140; A, e=83 | AREA MISMATCH polygon/national=0.00393",0.12009220893233,30.5618597019648,411.7641
73670,usgs,0214642825,ok,1998-04-01,2019-12-31,7942,0.4696,21,"flags: A=7884; A, e=58",14.1302592016829,13.4679381737472,0.9565
73671,usgs,0214645022,ok,1995-12-01,2019-12-31,8797,0.4126,24,"flags: A=8732; A, e=65 | AREA MISMATCH polygon/national=0.0577",2.84116256008124,49.209774096383995,20.4196
73672,usgs,02146470,ok,1982-12-01,2019-12-31,12112,0.1912,33,"flags: A=11952; A, e=158; A, R=2 | AREA MISMATCH polygon/national=0.0176",0.12014948037378,6.811668730183679,65.8903
73673,usgs,02146500,ok,1950-01-01,1978-01-27,10243,1.0,0,flags: A=10243,106.006879166216,106.189512523776,1.1232
73674,usgs,02146507,ok,1977-10-01,2019-12-31,15432,0.0,41,"flags: A=15270; A, e=162 | AREA MISMATCH polygon/national=0.0144",1.58609618460245,110.3334935003136,126.353
73675,usgs,02146530,ok,1997-06-01,2019-12-31,8247,0.4493,22,"flags: A=8120; A, R=64; A, e=63 | AREA MISMATCH polygon/national=0.000944",0.120265194517568,127.4274150285312,1793.3238
73676,usgs,0214655255,ok,1999-06-01,2019-12-31,7519,0.4979,20,"flags: A=7388; A, e=131 | AREA MISMATCH polygon/national=0.00633",0.120135321640458,18.98461284876288,143.3114
73677,usgs,02146562,ok,1999-07-01,2019-12-31,7489,0.4999,20,"flags: A=7441; A, e=48 | AREA MISMATCH polygon/national=0.016",0.236808943361785,14.78883211001856,63.1731
73678,usgs,0214657975,ok,1999-06-01,2019-12-31,7519,0.4979,20,"flags: A=7348; A, e=171",23.3024251506498,21.678200483512317,0.6955
73679,usgs,02146600,ok,1962-04-01,2019-12-31,21094,0.0,41,"flags: A=20794; A, e=222; A, R=78",101.259734792885,99.9735410589696,1.0457
73680,usgs,02146700,ok,1962-04-01,2019-12-31,21093,0.0001,41,"flags: A=20863; A, e=230 | AREA MISMATCH polygon/national=0.0134",0.240364484203518,18.0004173668352,85.0072
73681,usgs,02146750,ok,1974-04-01,2019-12-31,16711,0.0,41,"flags: A=16433; A, e=278",242.13146355882,239.3149013950464,1.2247
73682,usgs,0214676115,ok,2005-10-01,2019-12-31,4864,0.6752,14,"flags: A=4771; A, R=72; A, e=21",250.1987000365,248.3798597812224,1.1989
73683,usgs,0214678175,ok,1998-05-01,2019-12-31,7914,0.4715,21,"flags: A=7836; A, e=78 | AREA MISMATCH polygon/national=0.00672",0.120241742255003,17.896817842421758,172.3413
73684,usgs,02146800,ok,2006-04-01,2019-12-31,5023,0.6646,13,"flags: A=4991; A, e=32",684.018664526283,678.576884908032,1.4467
73685,usgs,0214685800,ok,2007-10-01,2019-12-31,4474,0.7012,12,"flags: A=4344; A, e=130",53.1936216941637,52.576758639820795,0.8999
73686,usgs,02146900,ok,1960-10-01,2004-02-29,15857,0.3862,25,"flags: A=15678; A, e=179",196.883499477486,198.134090440704,0.8982
73687,usgs,02147000,ok,1967-10-01,1992-01-31,8889,0.6809,13,flags: A=8889,9163.61942329817,9142.65802948608,1.3772
73688,usgs,02147020,ok,1992-01-25,2019-12-31,9837,0.3431,26,"flags: A=9752; A, e=85",9169.69409692174,9168.55791058944,1.1323
73689,usgs,02147126,ok,2002-04-27,2015-09-29,4662,0.6887,11,"flags: A=4553; A, e=109",93.4148202167834,90.9085826727936,0.5242
73690,usgs,021473426,ok,1998-08-24,2019-12-31,6008,0.5988,15,"flags: A=5686; A, e=322",25.7592890453266,24.863885859225597,0.5514
73691,usgs,021473428,ok,1998-08-25,2019-12-31,6101,0.5926,16,"kept 00060_Mean of 2 00060 series | flags: A=5991; A, e=110 | AREA MISMATCH polygon/national=0.00157",0.120555085167336,76.9226468769792,424.2456
73692,usgs,02147500,ok,1951-03-01,2019-12-31,23370,0.1184,35,"flags: A=22631; A, e=739",506.907589666646,502.457693405184,0.783
73693,usgs,02148315,ok,1968-07-30,2014-07-14,14974,0.23,26,"flags: A=14867; A, e=107 | AREA MISMATCH polygon/national=6.57e-05",0.951915736870584,14478.03353677824,11874.5292
73694,usgs,02150495,ok,1998-10-01,2019-12-31,7762,0.4817,21,"flags: A=7672; A, e=90 | AREA MISMATCH polygon/national=0.000537",0.119800457689056,223.2569751109632,2237.2858
73695,usgs,02151000,ok,1950-01-01,1996-12-31,17167,0.5609,18,"flags: A=16952; A, e=215",561.1258618813,569.79738427392,1.3939
73696,usgs,02151500,ok,1950-01-01,2019-12-31,25567,0.0,41,"flags: A=25375; A, e=192",2256.94502211137,2266.239596544,1.5879
73697,usgs,02152285,ok,2008-04-01,2009-09-30,548,0.9634,0,"flags: A=527; A, e=21 | AREA MISMATCH polygon/national=0.00123",0.41044909258329,334.10846623334396,559.893
73698,usgs,02152474,ok,2008-04-01,2019-12-31,4290,0.7135,11,"flags: A=4244; A, e=46 | AREA MISMATCH polygon/national=0.000243",0.119779319671814,492.0977409638399,4300.2937
73699,usgs,02152500,ok,1950-01-01,1971-10-13,7956,1.0,0,flags: A=7956 | AREA MISMATCH polygon/national=0.000456,0.236240869192379,517.9976220671999,2839.7582
73700,usgs,02153200,ok,1997-09-24,2019-12-31,8132,0.457,22,"flags: A=8037; A, e=95 | AREA MISMATCH polygon/national=0.000737",2.52129225100893,3418.78430564352,1735.8228
73701,usgs,02153500,not_found,,,,,,no daily flow returned for 1950-2019,3877.74654762247,3859.08228440064,
73702,usgs,02153551,ok,1998-10-30,2019-12-31,7733,0.4836,21,"flags: A=7150; A, e=583",4035.24027911881,4014.4815710208,1.192
73703,usgs,02153590,ok,2006-04-01,2019-12-31,5022,0.6646,13,"flags: A=4891; A, e=131",76.4793127991759,72.2606682783744,0.6135
73704,usgs,021536097,ok,2008-07-30,2013-09-08,1856,0.8761,4,"flags: A=1810; A, e=46",50.315969641932,52.835757450854395,0.8324
73705,usgs,02153700,ok,2006-03-31,2019-12-31,5024,0.6645,13,"flags: A=4944; A, e=80",64.9708475765938,62.936711081164795,0.8161
73706,usgs,02153780,ok,1980-10-01,2002-09-29,8034,0.4635,21,"flags: A=7971; A, e=63 | AREA MISMATCH polygon/national=0.00193",0.120277480142169,62.4187134590976,406.0921
73707,usgs,02154500,ok,1950-01-01,2019-12-31,25567,0.0,41,"flags: A=25425; A, e=142 | AREA MISMATCH polygon/national=0.0004",0.120216748162114,300.438620798976,4013.8558
73708,usgs,02154790,ok,1989-01-06,2019-12-31,11317,0.2443,31,"flags: A=11111; A, e=206 | AREA MISMATCH polygon/national=0.000838",0.120237760248728,143.4853413126144,1832.0383
73709,usgs,02155500,ok,1950-01-01,2019-12-31,24644,0.0616,36,"flags: A=24307; A, e=337",545.454021402232,549.0774793912319,1.4241
73710,usgs,021556525,ok,1993-11-01,2019-12-31,9557,0.3618,26,"flags: A=9421; A, e=136",720.649099647191,707.066754121728,1.1588
73711,usgs,02156000,ok,1950-01-01,1971-09-29,7942,1.0,0,flags: A=7942 | AREA MISMATCH polygon/national=0.000813,0.673671546555127,828.79619530752,1780.1924
73712,usgs,02156050,ok,1979-10-01,2007-07-08,10143,0.3227,27,"flags: A=9976; A, e=167",17.5305462764638,16.73132319277056,1.301
73713,usgs,02156500,ok,1950-01-01,2019-12-31,25567,0.0,41,"flags: A=25507; A, e=60 | AREA MISMATCH polygon/national=0.00237",17.0924614524027,7200.16694673408,530.0265
73714,usgs,02156999,ok,2007-05-30,2013-11-06,2353,0.8429,6,"flags: A=2295; A, e=58 | AREA MISMATCH polygon/national=0.00637",0.562910365870489,88.3185945624576,120.999
73715,usgs,02157000,ok,1950-10-01,2019-12-31,14275,0.7358,10,"flags: A=14240; A, e=35 | AREA MISMATCH polygon/national=0.00355",0.407730204437923,114.99547209891838,385.9529
73716,usgs,02157470,ok,2002-02-15,2019-12-31,6529,0.564,18,"flags: A=6388; A, e=141",92.101038951405,84.43361239695359,1.2764
73717,usgs,02157490,ok,2002-03-07,2014-09-07,4568,0.695,12,"flags: A=4414; A, e=154 | AREA MISMATCH polygon/national=0.00292",0.120431557581213,41.1808109543424,434.275
73718,usgs,02157510,ok,2000-02-12,2019-12-31,7263,0.515,20,"flags: A=7135; A, e=128",180.90406392584,178.70917961318398,1.0857
73719,usgs,02158408,ok,2001-02-17,2017-12-17,6148,0.5894,17,"flags: A=6115; A, e=33 | AREA MISMATCH polygon/national=0.000493",0.120513720626701,244.4948776157184,2461.8505
73720,usgs,02159000,ok,1950-01-01,1971-09-29,7942,1.0,0,flags: A=7942 | AREA MISMATCH polygon/national=0.00199,0.898616655424896,450.657931198464,641.3744
73721,usgs,02160000,ok,1950-01-01,1971-09-29,7942,1.0,0,flags: A=7942 | AREA MISMATCH polygon/national=0.000979,0.474312451471995,484.327776632832,1095.537
73722,usgs,02160105,ok,1973-10-01,2019-12-31,16893,0.0,41,"flags: A=16863; A, e=30",1955.30675682104,1965.800975745024,1.1028
73723,usgs,02160326,ok,1993-03-10,2019-12-31,9793,0.346,26,"flags: A=9719; A, e=74",217.935945070651,218.0769988902912,1.6609
73724,usgs,02160381,ok,1994-07-06,2019-12-31,9310,0.3783,25,"flags: A=8974; A, e=336 | AREA MISMATCH polygon/national=0.00362",0.120809436485639,33.4108466233344,304.6122
73725,usgs,02160390,ok,1993-02-09,2019-12-31,9822,0.3441,27,"flags: A=9505; A, e=317 | AREA MISMATCH polygon/national=0.00149",0.960112679039056,644.907039473664,890.4123
73726,usgs,02160500,ok,1950-01-01,1977-09-29,9902,1.0,0,flags: A=9902 | AREA MISMATCH polygon/national=0.000597,0.474693967546508,795.126349873152,2277.7261
73727,usgs,02160700,ok,1973-10-01,2019-12-31,16893,0.0,41,"flags: A=16873; A, e=20",1157.16575207589,1149.954720989184,1.0951
73728,usgs,02161000,ok,1980-10-01,2019-12-31,14336,0.0427,39,"flags: A=14175; A, e=161 | AREA MISMATCH polygon/national=3.84e-05",0.476804409546283,12406.043048509438,26612.8087
73729,usgs,02161500,ok,1950-01-01,1983-09-30,12326,0.8842,4,flags: A=12326,12519.9398862692,12561.4423351296,1.2282
73730,usgs,02162010,ok,1966-12-01,1996-09-29,10381,0.6015,15,flags: A=10381,135.119936303841,126.6504185954304,0.7656
73731,usgs,02162093,ok,1976-07-12,2019-12-31,14785,0.073,33,"flags: A=14588; A, e=197",15.1587322251529,14.68523258560512,1.4376
73732,usgs,02162350,ok,1980-10-01,2019-12-31,11120,0.2574,29,"flags: A=11108; A, e=12",55.6463247809114,54.389750317056,2.6431
73733,usgs,02162500,ok,1950-01-01,2019-12-31,21401,0.2721,30,"flags: A=21383; A, e=18 | AREA MISMATCH polygon/national=0.00447",3.45323598991474,771.8164568801279,430.3032
73734,usgs,02163000,ok,1950-01-01,1971-09-29,7942,1.0,0,flags: A=7942 | AREA MISMATCH polygon/national=0.000369,0.386877671115353,1048.94518468608,4886.5167
73735,usgs,02163001,ok,1995-05-02,2019-12-31,9008,0.3985,24,"flags: A=8769; A, e=239",1088.17388489853,1072.255077679104,1.5656
73736,usgs,02163500,ok,1950-01-01,2019-12-31,25567,0.0,41,"flags: A=25492; A, e=61; A, R=14 | AREA MISMATCH polygon/national=8.07e-05",0.121282252267133,1502.19310399488,19140.4185
73737,usgs,02164000,ok,1950-01-01,2019-12-31,19842,0.2054,32,"flags: A=19754; A, e=84; A, <=4 | AREA MISMATCH polygon/national=0.252",31.735786918703,125.8734221623296,6.0513
73738,usgs,02164110,ok,1993-09-01,2019-12-31,9618,0.3577,26,"flags: A=9484; A, e=134",286.981818998342,284.89869213696,1.6741
73739,usgs,02165000,ok,1950-01-01,2004-09-29,19996,0.372,25,"flags: A=19924; A, e=72 | AREA MISMATCH polygon/national=0.000198",0.121246020168129,611.237194039296,7308.2461
73740,usgs,021650905,ok,2004-11-25,2019-12-31,5510,0.6321,15,"flags: A=5459; A, e=51 | AREA MISMATCH polygon/national=0.000187",0.12128225226696,650.087015694336,5779.7361
73741,usgs,02165200,ok,1967-01-25,2019-12-31,16198,0.2094,31,"flags: A=15985; A, e=213 | AREA MISMATCH polygon/national=0.0438",3.34734359443099,76.404649254912,23.6498
73742,usgs,021652801,ok,2008-08-22,2019-12-31,4149,0.7229,11,"flags: A=4039; A, e=110 | AREA MISMATCH polygon/national=0.00253",0.242182559298421,95.5705612713984,320.4976
73743,usgs,02166501,ok,1994-10-13,2019-12-31,8574,0.4274,23,"flags: A=8535; A, e=39 | AREA MISMATCH polygon/national=7.91e-05",0.239738179103482,3030.2860890931197,14206.4421
73744,usgs,02166970,ok,1980-10-01,2001-09-29,7669,0.4879,20,"kept 00060_published_Mean of 2 00060 series | flags: A=7664; A, e=5",46.8276778657882,46.1017883639808,0.8169
73745,usgs,02167000,ok,1950-01-01,2019-12-31,25567,0.0,41,"flags: A=25402; A, e=165",3524.63089028492,3522.3838300569596,1.1953
73746,usgs,02167450,ok,1990-03-30,2019-12-31,10865,0.2745,29,"flags: A=10573; A, e=292",592.635054706232,580.1573367152639,0.6384
73747,usgs,02167705,ok,1990-03-07,2019-12-31,5006,0.6657,12,"flags: A=4987; A, e=19 | negative flow on 644 days | AREA MISMATCH polygon/national=0.000427",0.12178442405895,284.89869213696,2501.6412
73748,usgs,02168504,ok,1988-10-01,2019-12-31,11411,0.238,31,"flags: A=11360; A, e=51",6277.97963682534,6267.77122701312,0.8456
73749,usgs,02169000,ok,1950-01-01,2019-12-31,25565,0.0001,41,"flags: A=25505; A, e=60",6526.99085509399,6526.7700380467195,0.9572
73750,usgs,02169500,ok,1950-01-01,2019-12-31,25565,0.0001,41,"flags: A=25047; A, R=325; A, e=193",20309.3033293511,20331.4066661376,1.0243
73751,usgs,02169550,ok,1959-10-01,1980-09-29,7670,0.9574,1,flags: A=7670,355.536181162777,315.978549460992,1.5258
73752,usgs,02169570,ok,1966-10-01,2019-12-31,19448,0.0001,41,"flags: A=19388; A, e=60 | AREA MISMATCH polygon/national=0.00273",0.421678407031703,154.3632913760256,407.1962
73753,usgs,02169630,ok,1966-07-16,1993-09-29,9938,0.6403,14,flags: A=9938 | AREA MISMATCH polygon/national=0.00472,0.122222098135038,25.89988110336,272.155
73754,usgs,02171500,ok,1950-01-01,2019-12-31,25496,0.0047,41,"flags: A=25222; A, e=274 | AREA MISMATCH polygon/national=3.22e-06",0.122625376543777,38072.825221939194,38190.0344
73755,usgs,02171680,ok,1966-09-07,1992-09-29,9182,0.6647,13,flags: A=9182 | AREA MISMATCH polygon/national=0.00849,0.364870661780864,42.9938026315776,96.7128
73756,usgs,02172300,ok,1995-10-01,2019-12-31,7633,0.4903,20,"flags: A=7521; A, e=112",43.5324335659385,40.4038145212416,0.8553
73757,usgs,02172305,ok,2007-06-13,2009-11-30,866,0.9422,1,"flags: A=849; A, e=17 | AREA MISMATCH polygon/national=1.25",99.5765759208337,79.5126349873152,0.5297
73758,usgs,02173000,ok,1950-01-01,2019-12-31,22251,0.0427,39,"flags: A=22187; A, e=64 | AREA MISMATCH polygon/national=6.58e-05",0.1227092693913,1864.79143944192,13697.7316
73759,usgs,02173030,ok,1991-06-29,2019-12-31,10413,0.3046,28,"flags: A=10340; A, e=73 | AREA MISMATCH polygon/national=6.26e-05",0.12276218731173,1960.620999524352,13016.2048
73760,usgs,02173051,ok,1991-04-09,2019-12-31,10494,0.2992,28,"flags: A=10473; A, e=21 | AREA MISMATCH polygon/national=5.87e-05",0.122788202726908,2090.120405041152,15882.1284
73761,usgs,02173212,ok,2008-04-08,2019-12-31,4285,0.7139,11,"flags: A=4244; A, e=41",110.232191327332,114.2184756658176,0.3833
73762,usgs,02173500,ok,1950-01-01,2019-12-31,25562,0.0003,41,"flags: A=25457; A, e=105",1776.2590422798,1768.961879359488,0.9757
73763,usgs,02174000,ok,1950-01-01,1996-09-30,17075,0.5671,17,flags: A=17075 | AREA MISMATCH polygon/national=0.000201,0.896397886297873,4454.77954977792,5354.9358
73764,usgs,02174250,not_found,,,,,,no daily flow returned for 1950-2019 | AREA MISMATCH polygon/national=1.65,99.9460923829351,60.60572178186239,
73765,usgs,02175000,ok,1950-01-01,2019-12-31,25567,0.0,41,"flags: A=25256; A, e=311",6914.09888295916,7070.66754121728,0.8392
73766,usgs,02175500,ok,1951-02-14,2019-12-31,25158,0.0,41,"flags: A=25103; A, e=55 | AREA MISMATCH polygon/national=0.00106",0.939868373346415,883.185945624576,821.1538
73767,usgs,02176500,ok,1951-02-13,2019-12-31,25159,0.0,41,"flags: A=25075; A, e=84 | AREA MISMATCH polygon/national=0.632",332.251992391298,525.767586398208,1.1476
73768,usgs,02181580,ok,1997-11-15,2019-12-31,8082,0.4603,22,"flags: A=7935; A, e=147",482.294194821947,477.5938075459584,0.3439
73769,usgs,02182000,ok,1950-01-01,2013-11-12,9402,0.9025,4,"flags: A=9388; A, e=14",83.2707649142714,84.17461358592,1.9044
73770,usgs,02185200,ok,1967-03-04,2003-09-30,13360,0.3964,24,"kept 00060_from dcp_Mean of 2 00060 series | flags: A=13333; A, e=27 | AREA MISMATCH polygon/national=0.0102",1.90443345878813,186.479143944192,222.9137
73771,usgs,02186000,ok,1954-08-01,2019-12-31,13748,0.3299,26,"flags: A=13608; A, e=140 | AREA MISMATCH polygon/national=0.00044",0.120681475173417,274.53873969561596,3657.4745
73772,usgs,02187500,ok,1950-10-01,1981-09-29,11322,0.933,2,flags: A=11322,5439.85459795621,5778.263474159616,2.0101
73773,usgs,02187910,ok,1989-05-25,2019-12-31,10267,0.3144,26,"flags: A=9889; A, e=294; A, R=84",287.218511262101,287.488680247296,1.0424
73774,usgs,02188500,ok,1950-01-01,1977-09-29,10134,1.0,0,flags: A=10134,99.3388726682421,99.4555434369024,1.2151
73775,usgs,02191200,ok,1959-06-01,1979-09-29,7426,0.9818,0,flags: A=7426 | AREA MISMATCH polygon/national=0.000769,0.121358810709013,157.7302759194624,2234.7898
73776,usgs,02191300,ok,1997-10-01,2019-12-31,8127,0.4573,22,"flags: A=7815; A, e=312 | AREA MISMATCH polygon/national=6.18e-05",0.121738689340486,1968.39096385536,16975.281
73777,usgs,02192000,ok,1950-01-01,2019-12-31,25567,0.0,41,"flags: A=24380; A, e=1187 | AREA MISMATCH polygon/national=3.31e-05",0.121884815475665,3677.78311667712,33441.0849
73778,usgs,02192500,ok,1950-01-01,2019-12-31,19405,0.2102,31,"flags: A=19312; A, e=93",553.2535819956,562.0274199429119,0.8036
73779,usgs,02196690,ok,2005-04-06,2019-12-31,5383,0.6405,14,"flags: A=5357; A, e=26",405.425124151874,401.44815710208,1.0444
73780,usgs,02196820,ok,1968-10-01,1991-01-22,8149,0.7058,12,"flags: A=8103; A, e=46",20.3876732577589,19.42491082752,0.9502
73781,usgs,02196835,ok,2001-10-01,2016-05-31,5332,0.6439,14,"flags: A=5091; A, e=241",29.6218044839646,27.194875158528,0.8832
73782,usgs,02197000,ok,1950-01-01,2019-12-31,25566,0.0001,41,"flags: A=25425; A, e=141 | AREA MISMATCH polygon/national=3.55e-05",0.673571658656408,18984.61284876288,31566.2381
73783,usgs,02197020,ok,2001-10-01,2019-12-31,6659,0.5553,18,"flags: A=6512; A, e=147 | AREA MISMATCH polygon/national=0.0126",0.573442195951918,45.5837907419136,79.1227
73784,usgs,02197300,ok,1966-06-10,2002-09-29,13261,0.4208,23,"flags: A=13255; A, e=6 | AREA MISMATCH polygon/national=0.000545",0.122721247256853,225.328965599232,2050.1542
73785,usgs,02197310,ok,1974-06-05,2002-09-29,10025,0.4421,22,"flags: A=10012; A, e=13",494.521388277677,455.83790741913595,1.0132
73786,usgs,02197315,ok,1974-06-06,2002-09-29,10018,0.4233,23,"flags: A=10010; A, e=8",515.166305224656,525.767586398208,1.1183
73787,usgs,02197320,ok,1971-10-01,2002-09-29,10732,0.4492,21,"flags: A=10620; A, e=112 | AREA MISMATCH polygon/national=2.01e-05",0.421445739428167,21004.80357482496,51262.9566
73788,usgs,021973269,ok,2005-01-22,2019-12-31,5077,0.661,15,"flags: A=4959; A, e=118 | AREA MISMATCH polygon/national=1.14e-05",0.246117701068747,21496.9013157888,64362.4987
73789,usgs,02197334,ok,1972-10-01,1999-09-29,9713,0.4941,20,"flags: A=9680; A, e=33 | AREA MISMATCH polygon/national=0.0977",1.5058486702355,15.4104292564992,11.7091
73790,usgs,02197338,ok,1972-10-01,2002-09-29,10927,0.4222,23,"flags: A=10924; A, e=3 | AREA MISMATCH polygon/national=0.665",0.482162836777994,0.72519667089408,13.5159
73791,usgs,02197339,ok,1980-10-01,2002-09-29,8034,0.4635,21,"flags: A=7933; A, e=101 | AREA MISMATCH polygon/national=14.7",21.6675629039375,1.4762932228915198,0.3348
73792,usgs,02197340,ok,1972-10-01,2002-09-29,10902,0.4216,23,"flags: A=10856; A, e=46",21.6675629039375,19.50261047083008,1.2624
73793,usgs,02197342,ok,1972-10-01,2002-09-29,10868,0.421,23,"flags: A=10846; A, e=22 | AREA MISMATCH polygon/national=0.0038",0.122923462935524,32.374851379199995,335.8176
73794,usgs,02197344,ok,1976-11-01,2002-09-29,9399,0.4252,23,"flags: A=9388; A, e=11",60.6348742108237,56.97973842739199,5.3013
73795,usgs,02197348,ok,1976-11-01,2002-09-29,9001,0.4485,21,"flags: A=8907; A, e=94",50.5743434258766,54.9077479391232,8.394
73796,usgs,02197380,ok,1974-05-08,2002-09-29,8637,0.5274,18,"flags: A=8634; A, e=3",95.6010486195998,90.3905850507264,0.853
73797,usgs,02197400,ok,1974-03-07,2002-09-29,10278,0.4313,22,"flags: A=10261; A, e=17",155.161356773649,153.58629494292478,1.2185
73798,usgs,02197500,ok,1950-01-01,2019-12-31,20827,0.1152,35,"flags: A=20782; A, e=45",18922.6886036301,22403.397154406397,1.2315
73799,usgs,02197520,ok,1967-07-18,1993-10-11,9583,0.6395,14,"flags: A=9442; A, e=141",148.560989303714,144.0033389346816,0.7676
73800,usgs,02197598,ok,2005-06-15,2019-12-31,5313,0.6452,14,"flags: A=5149; A, e=164",55.49346818149,56.4617408053248,0.5432
73801,usgs,02197600,ok,1958-05-29,2005-06-13,17183,0.3549,26,"flags: A=17093; A, e=90",77.6542574164351,72.51966708940799,0.7864
73802,usgs,02197830,ok,1969-07-01,2019-12-31,13203,0.3501,26,"flags: A=13138; A, e=65",1220.81090470481,1225.064376188928,0.8381
73803,usgs,02198000,ok,1950-01-01,2019-12-31,25567,0.0,41,"flags: A=25395; A, e=172",1670.54756664271,1673.132319277056,0.824
73804,usgs,02198500,ok,1950-01-01,2019-12-31,25556,0.0007,41,"flags: A=25347; A, e=209 | AREA MISMATCH polygon/national=2.75e-05",0.701343530834421,25511.3828868096,38377.8147
73805,usgs,02198690,ok,1990-03-01,2019-12-31,10898,0.2723,30,"flags: A=10767; A, e=131 | AREA MISMATCH polygon/national=0.532",223.192128171939,419.578073874432,1.2922
73806,usgs,02201000,ok,1980-05-07,2019-12-31,14483,0.0329,39,"flags: A=14200; A, e=283",282.227959405615,282.30870402662396,0.7936
73807,usgs,02201230,ok,2003-02-27,2019-12-31,6152,0.5892,17,"flags: A=3969; A, R=2016; A, e=167",3483.21109959393,3470.58406785024,0.624
73808,usgs,02202040,ok,2002-09-27,2019-12-31,6305,0.579,17,"flags: A=6224; A, e=81",5309.87559992481,5050.4768151552,0.5986
73809,usgs,02202500,ok,1950-01-01,2019-12-31,25567,0.0,41,"flags: A=25380; A, e=187",6928.98889490615,6863.4684923904,0.7517
73810,usgs,02203559,not_found,,,,,,no daily flow returned for 1950-2019,260.322524728839,,
73811,usgs,02203603,not_found,,,,,,no daily flow returned for 1950-2019 | AREA MISMATCH polygon/national=1.56,9.75087817632682,6.267771227013119,
73812,usgs,02203655,ok,2002-11-20,2019-12-31,6250,0.5826,17,"flags: A=6073; A, e=177 | AREA MISMATCH polygon/national=0.0021",0.122305766402127,58.27473248256,698.0258
73813,usgs,02203700,ok,2003-04-04,2019-12-31,6114,0.5917,16,"flags: A=5757; A, e=357",26.3922178529808,27.4538739695616,1.4282
73814,usgs,02204070,ok,1983-10-01,2019-12-31,13241,0.1158,36,"flags: A=12750; A, e=491",483.342717620414,471.377836081152,1.5614
73815,usgs,02204130,ok,2002-11-02,2019-12-31,6164,0.5884,16,"flags: A=5897; A, e=267",64.2891116598965,67.339690868736,1.2762
73816,usgs,02204285,ok,1977-08-09,2019-12-31,7403,0.5397,18,"flags: A=7266; A, e=137",31.1548397635431,30.8208585129984,2.0028
73817,usgs,02205000,ok,1953-10-01,1982-09-29,10591,0.9086,3,flags: A=10591,3.11349876138271,3.31518478123008,1.3383
73818,usgs,02205522,ok,2003-03-28,2017-06-10,4660,0.6888,11,"flags: A=4513; A, e=147 | AREA MISMATCH polygon/national=0.0284",0.546491446713652,19.21771177869312,47.7944
73819,usgs,02206500,ok,1950-01-01,2019-12-31,14163,0.5846,16,"flags: A=13481; A, e=570; A, R=112",349.549884091813,352.238383005696,1.4143
73820,usgs,02207120,ok,1996-05-18,2019-12-31,6713,0.5517,18,"flags: A=5705; A, R=826; A, e=182",490.930639271922,416.988085764096,1.3189
73821,usgs,02207185,ok,2001-03-01,2019-12-31,6880,0.5406,19,"flags: A=6455; A, e=425",27.0043215833218,26.1588799143936,1.2897
73822,usgs,02207220,ok,2002-11-27,2019-12-31,6244,0.583,17,"flags: A=6106; A, e=138 | AREA MISMATCH polygon/national=0.00671",3.69927151924398,551.667467501568,224.1442
73823,usgs,02207335,ok,2001-11-01,2019-12-31,6634,0.557,18,"flags: A=6195; A, e=439",663.02141996748,673.39690868736,1.4834
73824,usgs,02207385,ok,1998-10-05,2019-12-31,6928,0.5374,19,"flags: A=6712; A, e=216",46.231696390386,44.8067943088128,1.3505
73825,usgs,02207400,ok,1998-10-20,2019-12-31,6962,0.5351,19,"flags: A=6487; A, e=475 | AREA MISMATCH polygon/national=0.0284",0.601944043884045,21.18610274254848,48.6076
73826,usgs,02207418,ok,2001-10-12,2019-12-31,6449,0.5693,17,"flags: A=6358; A, e=91",119.969168933288,119.91644950855678,1.2244
73827,usgs,02207435,ok,2001-10-16,2019-12-31,5928,0.6041,16,"flags: A=5685; A, e=243",68.4980246575747,66.8216932466688,1.2834
73828,usgs,02207448,ok,2002-06-22,2017-12-18,5638,0.6235,15,"flags: A=5004; A, e=634",210.741535722199,212.379025047552,1.0157
73829,usgs,02208130,ok,2006-10-01,2017-10-02,3254,0.7827,7,"flags: A=3193; A, e=61",13.8467664871807,14.14133508243456,1.1142
73830,usgs,02208150,ok,2001-03-07,2019-12-31,6874,0.541,19,"flags: A=6519; A, e=327; A, R=28",80.8058813412817,79.7716337983488,1.3663
73831,usgs,02208450,ok,1972-01-26,2019-12-31,17507,0.0,41,"flags: A=17203; A, e=304",478.518217278254,481.737788522496,1.1966
73832,usgs,02210500,ok,1950-01-01,2019-12-31,18477,0.1076,36,"flags: A=18363; A, e=114 | AREA MISMATCH polygon/national=3.34e-05",0.12283549966035,3677.78311667712,34860.3229
73833,usgs,02211375,ok,2003-10-17,2019-12-31,5920,0.6047,16,"flags: A=5724; A, e=196",13.6371933415227,11.37004780437504,1.2525
73834,usgs,02213000,ok,1950-01-01,2019-12-31,25567,0.0,41,"flags: A=25404; A, e=163 | AREA MISMATCH polygon/national=7.3e-05",0.423282718057069,5801.57336715264,15095.3288
73835,usgs,02213500,ok,1950-01-01,2019-12-31,25557,0.0007,41,"flags: A=25209; A, e=348",477.332028698108,471.377836081152,0.891
73836,usgs,02214500,ok,1950-01-01,1971-07-31,7882,1.0,0,flags: A=7882,268.333973900255,264.178787254272,0.7577
73837,usgs,02215000,ok,1950-01-01,2019-12-31,8148,0.6936,12,"flags: A=7959; A, e=189",9802.04195333762,9841.9548192768,0.8537
73838,usgs,02215500,ok,1950-01-01,2019-12-31,25567,0.0,41,"flags: A=25443; A, e=124",13654.8412805844,13416.13841154048,0.9339
73839,usgs,02217000,ok,1951-07-07,1971-09-29,7390,1.0,0,flags: A=7390,48.6322327190645,48.6917764743168,1.2733
73840,usgs,02217274,ok,2001-06-29,2019-12-31,6760,0.5486,18,"flags: A=6234; A, e=459; A, R=67",3.11069128513476,3.39288442454016,1.5865
73841,usgs,02217297,ok,2007-07-18,2019-12-31,4549,0.6962,12,"flags: A=4360; A, e=189",309.024078697941,282.30870402662396,1.0117
73842,usgs,02217475,ok,1987-03-01,2019-12-31,11994,0.1991,33,"flags: A=11689; A, e=305",868.479442141202,859.8760526315519,1.1848
73843,usgs,02217500,ok,1950-01-01,2019-12-31,25567,0.0,41,"flags: A=25494; A, e=73",1017.63262913913,1030.815267913728,1.1881
73844,usgs,02217770,ok,2002-08-10,2019-12-31,6353,0.5758,17,"flags: A=6306; A, e=47 | AREA MISMATCH polygon/national=0.000587",0.417817635084939,712.2467303423999,1809.5601
73845,usgs,02218500,ok,1950-01-01,1978-09-29,10499,1.0,0,flags: A=10499,2788.79763247317,2823.08704026624,1.1791
73846,usgs,02218565,ok,2001-07-13,2019-12-31,6746,0.5495,18,"flags: A=6567; A, e=178; A, R=1",15.6986354212412,14.6334328233984,1.4294
73847,usgs,02219500,ok,1950-01-01,1978-09-29,10499,1.0,0,flags: A=10499,1156.96479220055,1129.2348161064958,1.1557
73848,usgs,02220550,ok,1960-06-22,1986-04-16,9430,0.8222,7,flags: A=9430,49.8893043313846,42.9938026315776,0.7236
73849,usgs,02221000,ok,1951-10-01,1971-09-29,7304,1.0,0,flags: A=7304,60.6452504828151,60.3467229708288,1.0221
73850,usgs,02223000,ok,1950-01-01,2019-12-31,25566,0.0001,41,"flags: A=25345; A, e=221",7637.87995554793,7640.464925491199,0.9198
73851,usgs,02223056,ok,1992-11-04,2019-12-31,9431,0.3702,26,"flags: A=8614; A, e=817",8339.80970972374,8207.672321654783,0.6321
73852,usgs,02223248,ok,1992-11-01,2019-12-31,9921,0.3375,27,"flags: A=9477; A, e=444",9961.87802851541,9764.25517596672,0.8313
73853,usgs,02223500,ok,1950-01-01,2019-12-31,25567,0.0,41,"flags: A=25418; A, e=149",11447.3564736614,11395.9476854784,0.8812
73854,usgs,02224000,ok,1951-12-01,1976-09-29,9070,1.0,0,flags: A=9070 | AREA MISMATCH polygon/national=0.0216,3.44055353361902,159.28426878566398,42.0536
73855,usgs,02224500,ok,1950-01-01,2019-12-31,6515,0.7113,12,"flags: A=6403; A, e=112 | AREA MISMATCH polygon/national=9.4e-06",0.124381584565383,13234.83924381696,78842.7489
73856,usgs,02224940,ok,2008-12-12,2019-12-31,4037,0.7304,11,"flags: A=3127; A, e=910",29759.5167359189,29525.864457830397,0.8228
73857,usgs,02225000,ok,1950-01-01,2019-12-31,18535,0.0,41,"flags: A=18348; A, e=187",30105.8245107816,30043.862079897597,0.8747
73858,usgs,02226000,ok,1950-01-01,2019-12-31,25566,0.0001,41,"flags: A=25167; A, e=399",35520.0705942939,35223.8383005696,0.8891
73859,usgs,02226100,ok,1958-07-01,2001-03-27,15611,0.4576,22,"flags: A=15438; A, e=173 | AREA MISMATCH polygon/national=0.000232",0.125228228591109,538.717526949888,3518.7241
73860,usgs,02227000,ok,1951-10-01,1971-10-08,7306,1.0,0,flags: A=7306,393.562171102594,360.008347336704,0.6957
73861,usgs,02227500,ok,1951-01-27,2019-12-31,25176,0.0,41,"flags: A=25095; A, e=81 | AREA MISMATCH polygon/national=7.35e-05",0.12537636581178,1706.802164711424,9602.8726
73862,usgs,02228000,ok,1950-01-01,2019-12-31,25567,0.0,41,"flags: A=25483; A, e=84 | AREA MISMATCH polygon/national=0.000132",0.956516535709632,7226.06682783744,5481.2878
73863,usgs,02228500,ok,1950-10-01,2019-12-31,24234,0.0708,36,"flags: A=23968; A, e=266 | AREA MISMATCH polygon/national=0.713",295.581387441067,414.39809765376,1.1205
73864,usgs,02229000,ok,1955-10-01,2001-09-30,13697,0.4451,22,"flags: A=13195; A, e=502 | AREA MISMATCH polygon/national=0.00116",0.376538484326759,323.748513792,673.8927
73865,usgs,02230500,ok,1950-01-01,1971-10-05,7948,1.0,0,flags: A=7948 | AREA MISMATCH polygon/national=0.000314,0.126924052386142,404.038145212416,2950.1127
73866,usgs,02231268,ok,1981-10-01,2004-09-29,8400,0.4391,22,"flags: A=7780; A, e=620 | AREA MISMATCH polygon/national=0.0154",0.557331824385347,36.259833544703994,58.3104
73867,usgs,02231280,ok,1965-01-01,2004-09-29,14370,0.3818,24,"flags: A=14189; A, e=181 | AREA MISMATCH polygon/national=0.00164",0.126687489241459,77.44064449904639,681.4585
73868,usgs,02231396,ok,1995-12-14,2019-12-31,8784,0.4134,24,"flags: A=8648; A, e=136 | AREA MISMATCH polygon/national=0.000957",0.260189592300303,271.94875158528,895.4525
73869,usgs,02231600,ok,1953-10-01,2019-12-31,24198,0.0,41,"flags: A=23985; A, e=213 | AREA MISMATCH polygon/national=0.000398",0.255654207149554,642.317051363328,2003.1786
73870,usgs,02232000,ok,1950-01-01,2019-12-31,25567,0.0,41,"flags: A=24996; A, e=571 | negative flow on 399 days",3079.76166268936,2507.108490805248,0.5318
73871,usgs,02232155,ok,1994-08-16,2019-12-31,9137,0.3898,24,"flags: A=8508; A, e=486; A, R=143",45.9432962114396,44.5477954977792,0.9602
73872,usgs,02232200,ok,1956-01-01,2019-12-31,23375,0.0001,41,"flags: A=23087; A, e=237; A, R=51",58.8940554412325,66.5626944356352,1.2765
73873,usgs,02232400,ok,1953-10-01,2019-12-31,24198,0.0,41,"flags: A=23977; A, e=217; A, [4]=2; A, R=2 | negative flow on 184 days",3781.67828663325,3447.2741748572157,0.6607
73874,usgs,02232500,ok,1950-01-01,2019-12-31,25567,0.0,41,"flags: A=25254; A, e=313 | negative flow on 91 days | AREA MISMATCH polygon/national=6.39e-05",0.254529060787098,3985.991701807104,12211.847
73875,usgs,02233104,ok,2008-12-10,2011-09-29,1024,0.9316,2,"flags: A=1020; A, e=4 | AREA MISMATCH polygon/national=0.00273",0.917672562489101,336.69845434368,275.6822
73876,usgs,02233200,ok,1959-10-01,2019-12-31,22007,0.0,41,"flags: A=21534; A, e=473 | AREA MISMATCH polygon/national=0.00184",0.129135601234564,70.1886777901056,640.4249
73877,usgs,02233460,ok,2001-11-15,2009-09-29,2876,0.8079,7,"flags: A=2860; A, e=16 | AREA MISMATCH polygon/national=0.00554",0.258157917740978,46.619785986048,375.1838
73878,usgs,02233475,ok,1996-10-01,2019-12-31,8492,0.4329,23,"flags: A=8380; A, e=112",181.736588748317,188.2921356214272,1.7704
73879,usgs,02233484,ok,2001-12-04,2019-12-31,6602,0.5591,18,"flags: A=6267; A, e=273; A, R=62",619.519092838152,590.517289156608,1.2064
73880,usgs,02233500,ok,1950-01-01,2019-12-31,25567,0.0,41,"flags: A=24739; A, e=828",665.547025470159,624.1871345909759,1.0739
73881,usgs,02234000,ok,1981-10-01,2019-12-31,13971,0.067,38,"flags: A=13696; A, e=275 | negative flow on 38 days",5741.07196137748,5291.345709416448,0.8031
73882,usgs,02234010,ok,2005-02-17,2011-09-29,2416,0.8387,6,"flags: A=2171; A, e=245 | negative flow on 146 days | AREA MISMATCH polygon/national=2.24e-05",0.128805171884862,5762.7235454976,29802.8666
73883,usgs,02234308,ok,1996-10-01,2019-12-31,8492,0.4329,23,"flags: A=8038; A, e=454 | AREA MISMATCH polygon/national=0.00242",0.129005431023333,53.3537550729216,306.9302
73884,usgs,02234324,ok,1972-02-01,2019-12-31,16991,0.0341,39,"flags: A=16603; A, e=388 | AREA MISMATCH polygon/national=0.0899",6.79662744248802,75.6276528218112,10.6073
73885,usgs,02234344,ok,1999-06-21,2019-12-31,7499,0.4992,20,"flags: A=7298; A, R=113; A, e=88 | AREA MISMATCH polygon/national=0.000957",0.128930907234969,134.679381737472,1267.5168
73886,usgs,02234384,ok,1972-02-01,2019-12-31,14211,0.1708,33,"flags: A=13322; A, e=889 | AREA MISMATCH polygon/national=0.347",19.0737694227649,54.9077479391232,1.5807
73887,usgs,02234400,ok,1972-01-24,2019-12-31,15366,0.1431,34,"flags: A=14650; A, e=716 | AREA MISMATCH polygon/national=0.00389",0.128915511190501,33.1518478123008,311.1909
73888,usgs,02234440,ok,2005-01-18,2012-09-29,2812,0.8122,7,"flags: A=2659; A, e=153 | negative flow on 233 days | AREA MISMATCH polygon/national=0.000122",0.821958818464599,6733.9690868736,5654.9257
73889,usgs,02234500,ok,1987-05-01,2019-12-31,9952,0.3354,26,"flags: A=9594; A, e=358 | negative flow on 825 days",7106.67509386325,6687.349300887551,0.7769
73890,usgs,02234990,ok,1972-02-01,2019-12-31,16404,0.0733,37,"flags: A=16243; A, e=161 | AREA MISMATCH polygon/national=0.00117",0.128938793152624,109.8154958782464,656.0682
73891,usgs,02235000,ok,1950-01-01,2019-12-31,25567,0.0,41,"flags: A=25454; A, e=113 | AREA MISMATCH polygon/national=0.738",361.302846561133,489.507752853504,1.9674
73892,usgs,02236000,ok,1950-01-01,2019-12-31,25567,0.0,41,"flags: A=25046; A, e=521 | negative flow on 929 days | AREA MISMATCH polygon/national=3.24e-05",0.257084545896346,7940.903546290176,28315.3551
73893,usgs,02236125,ok,1994-02-10,2019-12-31,9259,0.3817,25,"flags: A=8703; A, e=556 | negative flow on 686 days",9038.98751802207,8624.66040741888,0.8769
73894,usgs,02236500,ok,1958-07-17,2019-12-31,22448,0.0,41,"flags: A=22343; A, e=105 | AREA MISMATCH polygon/national=0.000734",0.129230118536123,176.119191502848,444.415
73895,usgs,02236900,ok,1957-03-01,2019-12-31,22951,0.0,41,"flags: A=22805; A, e=146 | negative flow on 101 days | AREA MISMATCH polygon/national=0.000884",0.377772063652205,427.34803820544,218.5199
73896,usgs,02237293,ok,1970-01-01,2019-12-31,17799,0.0039,41,"flags: A=17484; A, e=315 | AREA MISMATCH polygon/national=0.000225",0.128866900505718,572.387372384256,612.502
73897,usgs,02237734,ok,1992-01-10,2019-12-31,10218,0.3177,28,"flags: A=9930; A, e=288 | AREA MISMATCH polygon/national=0.124",1.50524823661839,12.09524447526912,2.7732
73898,usgs,02238500,ok,2008-10-01,2019-12-31,3824,0.7446,10,flags: A=3824 | AREA MISMATCH polygon/national=0.000181,0.41108191948169,2276.599548985344,656.6275
73899,usgs,02240000,ok,1977-10-01,2019-12-31,15432,0.0,41,"flags: A=14809; A, e=623 | AREA MISMATCH polygon/national=8.28e-05",0.256561848181347,3097.6257799618556,8570.5467
73900,usgs,02240500,ok,1950-01-01,2019-12-31,15310,0.0508,39,"flags: A=14743; A, e=567 | AREA MISMATCH polygon/national=7.24e-05",0.256167153638666,3540.513746829312,9400.6794
73901,usgs,02240902,ok,1978-08-24,2002-04-30,8651,0.431,23,"flags: A=8522; A, e=129 | AREA MISMATCH polygon/national=0.000433",0.127783086978189,295.258644578304,1126.6952
73902,usgs,02240954,ok,1971-11-19,2002-09-30,11274,0.4208,23,"flags: A=11133; A, e=141 | AREA MISMATCH polygon/national=0.388",41.4066848861303,106.7075101458432,1.0982
73903,usgs,02243000,ok,1950-01-01,2019-12-31,23256,0.0,41,"flags: A=22961; A, e=295",2675.0710891971,2898.196695465984,0.0963
73904,usgs,02244040,ok,1992-10-02,2019-12-31,9779,0.347,27,"flags: A=9327; A, e=452 | negative flow on 1457 days | AREA MISMATCH polygon/national=7.5e-06",0.127798927301503,17042.121766010878,92452.8317
73905,usgs,02244420,ok,1951-01-01,2002-09-30,18901,0.4208,23,flags: A=18901 | AREA MISMATCH polygon/national=2.58,622.630185032051,240.868894261248,0.318
73906,usgs,02244440,ok,1978-01-01,2019-12-31,12426,0.1898,28,"flags: A=12072; A, e=354 | negative flow on 4226 days | AREA MISMATCH polygon/national=0.000891",1.35042317819434,1515.1430445465598,851.6
73907,usgs,02244473,ok,1973-10-01,2004-07-05,11236,0.3778,25,"flags: A=11202; A, e=34 | AREA MISMATCH polygon/national=0.536",60.0181259219051,111.8874863665152,1.7234
73908,usgs,02245050,ok,1973-10-01,2004-07-06,9215,0.5127,19,"flags: A=9009; A, e=206 | AREA MISMATCH polygon/national=0.000225",0.127648120092002,567.207396163584,1669.3647
73909,usgs,02245140,ok,1973-10-01,2004-07-05,11084,0.3778,25,"flags: A=10320; A, e=764",152.429627349285,122.5064376188928,0.7837
73910,usgs,02245255,ok,1975-06-01,2007-09-29,11809,0.2989,28,"flags: A=11139; A, e=670 | AREA MISMATCH polygon/national=0.00238",0.127693210331904,53.61275388395519,202.5265
73911,usgs,02245260,ok,1992-05-01,2019-12-31,9885,0.3399,27,"flags: A=9725; A, e=160 | negative flow on 758 days | AREA MISMATCH polygon/national=2.03",318.17502188892,156.694280675328,0.4972
73912,usgs,02246025,ok,1981-10-01,2011-02-01,6084,0.5937,14,"flags: A=6022; A, e=62 | negative flow on 96 days",954.850554591233,1043.765208465408,1.1625
73913,usgs,02246150,ok,1966-08-22,2007-09-29,13310,0.2989,28,"flags: A=13052; A, e=258 | AREA MISMATCH polygon/national=0.00361",0.127088125466737,35.2238383005696,215.9959
73914,usgs,02246300,ok,1965-01-01,2003-04-14,13685,0.4276,22,"flags: A=13157; A, e=528 | AREA MISMATCH polygon/national=1.32",105.572265930539,80.0306326093824,0.9155
73915,usgs,02246318,ok,2002-03-21,2019-12-31,5005,0.6658,12,"flags: A=4964; A, e=41 | AREA MISMATCH polygon/national=1.27",149.181471565144,117.844459020288,0.8899
73916,usgs,02246459,ok,1993-11-17,2019-12-31,5216,0.6517,11,"flags: A=4927; A, R=237; A, e=52 | negative flow on 1607 days",67.7412995917682,59.0517289156608,1.5878
73917,usgs,02246500,ok,1971-10-01,2019-12-31,11383,0.313,24,"flags: A=10732; A, R=350; A, e=301 | negative flow on 3361 days | AREA MISMATCH polygon/national=0.000737",16.8842487851788,22921.3947764736,991.5529
73918,usgs,02246900,ok,1961-10-01,1992-09-30,11322,0.6647,13,"flags: A=11317; A, e=5 | AREA MISMATCH polygon/national=0.00975",0.500242926345663,51.2817645846528,84.5701
73919,usgs,02247222,ok,2001-12-06,2019-12-31,5102,0.6593,12,"flags: A=5056; A, e=46 | negative flow on 1456 days",1.04228681229282,,132.3078
73920,usgs,02247510,ok,1964-10-01,2019-12-31,20179,0.0001,41,"flags: A=19996; A, e=183",209.087460983125,198.9110868738048,0.5939
73921,usgs,02248000,ok,1951-05-01,2019-12-31,25082,0.0,41,"flags: A=24840; A, e=241; A, <=1 | AREA MISMATCH polygon/national=2.37",204.808560807053,86.50560288522239,0.3621
73922,usgs,02251000,ok,1993-08-30,2019-12-31,9559,0.3617,26,"flags: A=9256; A, e=303 | AREA MISMATCH polygon/national=0.0503",4.56020578751231,90.64958386176,54.0171
73923,usgs,02256500,ok,1950-01-01,2019-12-31,25567,0.0,41,"flags: A=25536; A, e=31 | AREA MISMATCH polygon/national=1.41",1138.65027100894,805.4863023144959,0.5501
73924,usgs,02262900,ok,1959-09-01,2019-12-31,22037,0.0,41,"flags: A=21418; A, e=619 | AREA MISMATCH polygon/national=0.0583",12.6175713860364,216.52300602408957,13.1532
73925,usgs,02263800,ok,1958-10-01,2019-12-31,22372,0.0,41,"flags: A=21786; A, e=350; A, R=236 | AREA MISMATCH polygon/national=0.00056",0.129405137268564,231.0269394419712,1706.258
73926,usgs,02263869,ok,1972-06-16,2019-12-31,15903,0.0976,36,"flags: A=14229; A, e=1674 | AREA MISMATCH polygon/national=0.0195",0.129275914433323,6.63036956246016,13.3423
73927,usgs,02264000,ok,1950-01-01,2019-12-31,24821,0.0498,39,"flags: A=24503; A, e=318 | AREA MISMATCH polygon/national=0.0017",0.129295806774853,75.8866516328448,122.1374
73928,usgs,02264100,ok,1966-05-03,2019-12-31,19599,0.0,41,"flags: A=18836; A, e=763 | AREA MISMATCH polygon/national=0.00112",0.12938255614115,115.7724685320192,532.5786
73929,usgs,02266200,ok,1966-05-04,2019-12-31,19366,0.0156,40,"flags: A=18906; A, e=460 | AREA MISMATCH polygon/national=0.00403",0.129303651222037,32.115852568166396,111.7707
73930,usgs,02266205,ok,1986-10-01,2019-12-31,12145,0.189,33,"flags: A=10048; A, e=2097 | AREA MISMATCH polygon/national=0.00384",0.129296250432118,33.669845434368,61.6933
73931,usgs,02266300,ok,1966-05-03,2019-12-31,19599,0.0,41,"flags: A=19454; A, e=145 | AREA MISMATCH polygon/national=1.47",322.277982716047,219.1129941344256,0.3664
73932,usgs,02266480,ok,1969-02-01,2019-12-31,18596,0.0,41,"flags: A=18106; A, e=490 | AREA MISMATCH polygon/national=0.00217",0.129445655198249,59.569726537727995,278.7141
73933,usgs,02266496,ok,1989-10-01,2019-12-31,10134,0.3233,25,"flags: A=9698; A, e=405; A, R=31",470.809850822836,450.657931198464,0.3348
73934,usgs,02266500,ok,1950-01-01,2019-12-31,21089,0.085,36,"flags: A=20809; A, e=280 | AREA MISMATCH polygon/national=0.00604",2.76853299772832,458.427895529472,58.576
73935,usgs,02267000,ok,1950-01-01,2011-09-29,22552,0.2013,32,"flags: A=22412; A, e=140 | AREA MISMATCH polygon/national=0.000851",0.129821140253813,152.55029969879038,723.8467
73936,usgs,02268390,ok,1991-04-01,2019-12-31,10502,0.2987,28,"flags: A=9901; A, e=601 | AREA MISMATCH polygon/national=0.000951",0.129998326436925,136.7513722257408,829.7913
73937,usgs,02268903,ok,1969-10-01,2004-09-29,12783,0.372,25,"flags: A=12663; A, e=120 | AREA MISMATCH polygon/national=3.12e-05",0.130008298040537,4162.110893309952,18574.8336
73938,usgs,02269160,ok,2007-06-08,2011-09-29,1575,0.8948,3,"flags: A=1554; A, e=21 | AREA MISMATCH polygon/national=2.48e-05",0.130452038081263,5270.62580453376,15682.8378
73939,usgs,02269500,ok,1950-01-01,1971-10-13,7956,1.0,0,flags: A=7956 | AREA MISMATCH polygon/national=0.00264,0.416418703928543,157.7302759194624,188.9783
73940,usgs,02269520,ok,1991-03-01,2019-12-31,10533,0.2966,29,"flags: A=9791; A, e=742 | AREA MISMATCH polygon/national=0.00248",0.769761064283697,310.79857324031997,202.3562
73941,usgs,02270000,ok,1954-10-01,2019-12-31,14915,0.2966,29,"flags: A=14622; A, e=293 | AREA MISMATCH polygon/national=0.0319",3.20997690646592,100.4915386810368,18.3014
73942,usgs,02270500,ok,1950-01-01,2019-12-31,25420,0.0098,41,"flags: A=24928; A, e=492 | negative flow on 3 days | AREA MISMATCH polygon/national=0.000455",0.447083927287562,981.605493817344,1577.9668
73943,usgs,02274005,ok,2003-07-10,2019-12-31,5906,0.6056,15,"flags: A=5747; A, e=107; A, [4]=49; A, R=3 | AREA MISMATCH polygon/national=0.00589",0.130513202276141,22.17029822447616,75.3976
73944,usgs,02274010,ok,2003-08-07,2019-12-31,5991,0.5999,16,"flags: A=5615; A, e=376 | negative flow on 30 days | AREA MISMATCH polygon/national=3.3",387.489768274348,117.5854602092544,0.2486
73945,usgs,02274325,ok,2004-08-12,2019-12-31,5556,0.629,15,"flags: A=5432; A, e=124 | negative flow on 416 days | AREA MISMATCH polygon/national=0.00635",0.965211167157005,152.0323020767232,132.5659
73946,usgs,02274500,ok,1955-07-01,1982-01-04,9685,0.9265,3,flags: A=9685 | AREA MISMATCH polygon/national=2.26,578.693315446049,255.6318264901632,0.3859
73947,usgs,02275503,ok,1992-09-12,2011-09-29,6460,0.5686,16,"flags: A=6367; A, e=93 | negative flow on 2389 days",640.967898358118,,0.0131
73948,usgs,02275625,ok,2003-09-03,2008-09-29,1854,0.8762,4,"flags: A=1838; A, e=16 | negative flow on 35 days | AREA MISMATCH polygon/national=2.3",144.150604254211,62.677712270131195,0.2156
73949,usgs,02277000,ok,1952-10-01,2003-09-29,18512,0.4041,24,"flags: A=18484; A, e=28",637.179834851466,,2.772
73950,usgs,02277600,ok,1971-04-01,2019-12-31,17442,0.0244,39,"flags: A=17213; A, e=229",0.131025455601662,,1649.6314
73951,usgs,02291500,ok,1950-01-01,2019-12-31,13749,0.1997,32,"flags: A=12638; A, e=1111",0.131723102670335,,1906.6744
73952,usgs,02291580,ok,1987-02-04,2019-12-31,12018,0.1975,33,"flags: A=11806; A, e=212",0.131599584846316,,182.0477
73953,usgs,02294161,ok,2005-07-08,2019-12-31,5290,0.6467,14,"flags: A=5164; A, e=126 | AREA MISMATCH polygon/national=0.000245",0.129866214736165,530.4295649968128,1921.5309
73954,usgs,02294290,ok,2009-02-07,2019-12-31,3974,0.7346,11,"flags: A=3926; A, e=48 | negative flow on 60 days | AREA MISMATCH polygon/national=0.025",3.94237946306146,157.989274730496,32.0406
73955,usgs,02294330,ok,2008-12-24,2019-12-31,4025,0.7312,11,"flags: A=3979; A, e=46 | AREA MISMATCH polygon/national=0.00234",0.129776010161402,55.4257455611904,243.3909
73956,usgs,02294491,ok,1963-12-01,2014-10-07,18574,0.1276,35,"flags: A=18218; A, e=356 | AREA MISMATCH polygon/national=0.000732",0.255970824820015,349.64839489535996,567.506
73957,usgs,02294650,ok,1950-01-01,2019-12-31,25567,0.0,41,"flags: A=25227; A, e=340 | AREA MISMATCH polygon/national=0.00243",2.4515839976008,1010.09536303104,205.5678
73958,usgs,02294775,ok,2002-05-15,2019-12-31,6440,0.5699,17,"flags: A=6145; A, e=295 | AREA MISMATCH polygon/national=0.0669",68.5725669520313,1025.635291693056,6.7238
73959,usgs,02294781,ok,2001-10-01,2019-12-31,6666,0.5549,18,"flags: A=6471; A, e=195 | AREA MISMATCH polygon/national=0.000122",0.129991129727138,1064.485113348096,3853.3493
73960,usgs,02295013,ok,1964-03-01,2019-12-31,12213,0.2962,29,"flags: A=11571; A, e=642 | AREA MISMATCH polygon/national=0.00812",0.992193542997934,122.2474388078592,82.718
73961,usgs,02295163,ok,2000-11-21,2019-12-31,4981,0.6674,4,"flags: A=4938; A, e=43 | AREA MISMATCH polygon/national=0.00117",0.130125555278653,111.369488744448,474.4685
73962,usgs,02295420,ok,1963-10-01,2019-12-31,16528,0.0182,40,"flags: A=15846; A, e=682 | AREA MISMATCH polygon/national=0.691",216.39647067974,313.388561350656,1.3506
73963,usgs,02295637,ok,1950-01-01,2019-12-31,25567,0.0,41,"flags: A=25277; A, e=290",2339.41449523972,2139.3301791375357,0.5967
73964,usgs,02296223,ok,1952-02-01,1983-09-29,11564,0.8843,4,flags: A=11564 | AREA MISMATCH polygon/national=0.729,79.0967846076228,108.5205018230784,1.0984
73965,usgs,02296260,ok,2004-04-01,2019-12-31,5542,0.6299,14,"flags: A=5523; A, e=19 | AREA MISMATCH polygon/national=0.00129",0.642994946136677,497.277717184512,538.0108
73966,usgs,02296750,ok,1950-01-01,2019-12-31,25567,0.0,41,"flags: A=25457; A, e=110",3711.52553754055,3540.513746829312,0.6592
73967,usgs,02297105,ok,2007-03-29,2016-10-01,3475,0.7679,8,"flags: A=3182; A, e=293 | AREA MISMATCH polygon/national=0.000896",3.87403529317126,4325.28014426112,544.1006
73968,usgs,02298110,ok,2007-04-01,2019-12-31,4657,0.689,12,"flags: A=4402; A, e=255",0.130906244266644,,3109.2749
73969,usgs,02298488,ok,1998-12-23,2019-12-31,7312,0.5117,19,"flags: A=7181; A, e=131 | AREA MISMATCH polygon/national=0.00172",0.130454173952664,75.6276528218112,619.854
73970,usgs,02298495,ok,1999-01-01,2019-12-31,7669,0.4879,21,"flags: A=7557; A, e=112 | AREA MISMATCH polygon/national=0.462",4.70550582858992,10.17865327362048,3.755
73971,usgs,02298530,ok,1999-04-01,2019-12-31,7580,0.4938,20,"flags: A=7467; A, e=108; A, R=5 | AREA MISMATCH polygon/national=0.00764",0.130476649227797,17.06802164711424,444.8517
73972,usgs,02298554,ok,2001-10-01,2019-12-31,6666,0.5549,18,"flags: A=6377; A, e=219; A, R=70",268.912035360541,,0.9854
73973,usgs,02298760,ok,1983-10-19,2019-12-31,11395,0.2391,30,"flags: A=11069; A, e=326 | AREA MISMATCH polygon/national=0.00252",0.13061626266073,51.79976220672,395.1914
73974,usgs,02298880,ok,2008-03-01,2019-12-31,4323,0.7113,12,"flags: A=4261; A, e=62",714.505099849749,655.2669919150079,0.9016
73975,usgs,02299450,ok,2001-06-28,2019-12-31,6761,0.5485,18,"flags: A=6539; A, e=222 | AREA MISMATCH polygon/national=0.00125",0.261636831073286,209.789036937216,491.0087
73976,usgs,02299472,ok,2007-07-18,2019-12-31,4550,0.6962,12,"flags: A=4329; A, e=221",273.455388927656,221.9619810557952,0.561
73977,usgs,02300018,ok,2000-10-01,2019-12-31,7030,0.5306,19,"flags: A=6346; A, e=684",118.829630145438,131.0533983830016,1.4656
73978,usgs,02300021,ok,2006-02-28,2016-10-12,3755,0.7492,9,"flags: A=3749; A, e=6 | negative flow on 1264 days | AREA MISMATCH polygon/national=0.000233",0.130348482799836,559.437431832576,3464.7971
73979,usgs,02300033,ok,2005-12-21,2019-12-31,5124,0.6578,14,"flags: A=4749; A, e=375",78.5018063041967,66.32959550570496,1.1721
73980,usgs,02300042,ok,1992-04-01,2019-12-31,10136,0.3231,27,"flags: A=10027; A, e=109",182.633673481818,154.104292564992,1.2948
73981,usgs,02300210,ok,2000-10-01,2019-12-31,7031,0.5305,19,"flags: A=6984; A, e=47 | AREA MISMATCH polygon/national=0.0047",0.260497271789741,55.4257455611904,236.602
73982,usgs,02300300,ok,1987-10-01,2019-12-31,7520,0.4978,20,"flags: A=6942; A, e=578",91.0490104398489,99.4555434369024,1.3436
73983,usgs,02300500,ok,1950-01-01,2019-12-31,25565,0.0001,41,"flags: A=24435; A, e=1130",442.195771753821,385.908228440064,0.9144
73984,usgs,02300882,ok,2008-09-26,2019-12-31,4114,0.7253,11,"flags: A=3952; A, e=162 | AREA MISMATCH polygon/national=0.0178",1.80229761532752,101.009536303104,66.2854
73985,usgs,02301000,ok,1950-05-01,2019-12-31,24444,0.067,37,"flags: A=23780; A, e=664",377.19191176494,349.64839489535996,0.9772
73986,usgs,02301150,ok,2008-10-01,2019-12-31,4109,0.7256,11,"flags: A=4053; A, e=56 | AREA MISMATCH polygon/national=0.00748",1.40725699855444,188.0331368103936,96.4882
73987,usgs,02301300,ok,1963-01-01,2019-12-31,20819,0.0,41,"flags: A=20271; A, e=545; A, R=3",264.626663204103,277.128727805952,0.9326
73988,usgs,02301500,ok,1950-01-01,2019-12-31,25567,0.0,41,"flags: A=25096; A, e=471",869.511144882789,867.64601696256,0.9001
73989,usgs,02301719,ok,1999-11-13,2015-02-24,4741,0.6834,11,flags: A=4741 | negative flow on 582 days,1110.09282566734,1085.205018230784,0.7799
73990,usgs,02301738,ok,1999-02-01,2019-12-31,7639,0.4899,21,"flags: A=7421; A, e=218 | AREA MISMATCH polygon/national=0.0929",0.697471727883026,7.510965519974399,11.7714
73991,usgs,02301750,ok,1984-10-01,2019-12-31,12875,0.1402,35,"flags: A=12207; A, e=666; A, >=2 | AREA MISMATCH polygon/national=0.612",25.5049363510813,41.6988085764096,0.98
73992,usgs,02301800,ok,1956-10-01,1974-09-29,6006,1.0,0,flags: A=6006 | AREA MISMATCH polygon/national=1.27,92.1976753032516,72.51966708940799,1.5714
73993,usgs,02301900,ok,1964-01-01,2019-12-31,20454,0.0,41,"flags: A=20171; A, e=283 | AREA MISMATCH polygon/national=0.0461",1.1353119588501,24.604887048192,19.758
73994,usgs,02302010,ok,1983-10-01,2019-12-31,8706,0.4186,21,"flags: A=8684; A, e=22",0.768282247022412,,292.1407
73995,usgs,02302500,ok,1951-01-01,2019-12-31,25202,0.0,41,"flags: A=24810; A, e=392 | AREA MISMATCH polygon/national=0.799",227.576363380012,284.89869213696,0.8628
73996,usgs,02303000,ok,1950-01-01,2019-12-31,25565,0.0001,41,"flags: A=25358; A, e=207",612.012921131002,569.79738427392,0.9233
73997,usgs,02303205,ok,1992-04-01,2019-12-31,9729,0.3503,25,"flags: A=9109; A, e=620",66.7007486693543,70.96567422320639,0.798
73998,usgs,02303300,ok,1956-10-01,1991-09-29,8129,0.7133,10,"flags: A=8081; A, e=48 | AREA MISMATCH polygon/national=0.75",116.583423433227,155.39928662015998,0.7534
73999,usgs,02303330,ok,1972-07-01,2019-12-31,17048,0.0202,39,"flags: A=16793; A, e=255",1051.4513367637,971.245541376,0.6137
74000,usgs,02303350,ok,1974-06-01,2019-12-31,16650,0.0,41,"flags: A=16446; A, e=204 | AREA MISMATCH polygon/national=0.782",46.5893225091837,59.569726537727995,1.2082
74001,usgs,02303800,ok,1964-03-01,2019-12-31,20394,0.0,41,"flags: A=19578; A, R=551; A, e=265 | AREA MISMATCH polygon/national=0.000313",0.129665961428215,414.39809765376,1575.8311
74002,usgs,02304500,ok,1950-01-01,2019-12-31,25501,0.0044,41,"flags: A=25461; A, e=40 | AREA MISMATCH polygon/national=8.03e-05",0.129745892548619,1616.152580849664,6925.4437
74003,usgs,02304510,ok,2003-07-02,2019-12-31,2307,0.8459,5,flags: A=2307 | negative flow on 460 days,1734.98746745725,1618.74256896,0.3096
74004,usgs,02306500,ok,1951-10-01,2019-12-31,24929,0.0,41,"flags: A=24390; A, e=539",19.6067053518188,19.24361165979648,0.8116
74005,usgs,02306647,ok,1985-10-01,2019-12-31,12509,0.1647,34,"flags: A=12101; A, e=405; A, R=3",32.4480964651041,37.0368299778048,1.677
74006,usgs,02306774,ok,1985-10-01,2019-12-31,12510,0.1646,34,"flags: A=11952; A, e=558 | AREA MISMATCH polygon/national=1.37",63.3242327765755,46.1017883639808,0.6382
74007,usgs,02306950,ok,1993-06-01,2019-12-31,9710,0.3516,26,"flags: A=9321; A, e=389",0.258638078476721,,219.9823
74008,usgs,02307000,ok,1953-01-01,2019-12-31,24471,0.0,41,"flags: A=23641; A, e=830",83.3956859135899,90.64958386176,1.2055
74009,usgs,02307323,ok,1970-08-19,2019-12-31,12655,0.3591,26,"flags: A=12606; A, e=49",44.4536447057873,44.029797875712,0.5019
74010,usgs,02307668,ok,1995-10-01,2019-12-31,6302,0.5792,16,"flags: A=6057; A, e=245 | AREA MISMATCH polygon/national=0.783",7.44344423115372,9.50525636493312,1.5458
74011,usgs,02307671,ok,1982-05-01,2009-10-04,6176,0.5876,14,"flags: A=5946; A, e=230",16.0316125986057,15.980226640773118,1.5154
74012,usgs,02308935,ok,1984-08-28,2018-05-28,9129,0.3904,23,"flags: A=9056; A, e=73",7.5018086006881,6.604469681356799,1.703
74013,usgs,02309415,ok,1999-08-09,2019-12-31,7449,0.5026,20,"flags: A=6916; A, e=533",1.27105588029627,1.4762932228915198,1.9949
74014,usgs,02309421,ok,2002-06-13,2019-12-31,6410,0.572,17,"flags: A=5989; A, R=223; A, e=198",7.55926987283151,8.8059595751424,3.1451
74015,usgs,02309848,ok,1970-02-01,2019-12-31,18231,0.0,41,"flags: A=17822; A, e=409",38.1991907653528,44.2887966867456,0.3233
74016,usgs,02310000,ok,1950-01-01,2019-12-31,25566,0.0001,41,"flags: A=25056; A, e=510",232.695716467712,187.77413799936,0.7001
74017,usgs,02310650,ok,1997-02-20,2019-12-31,7299,0.5126,18,"flags: A=7298; A, e=1",312.979667533418,,0.4738
74018,usgs,02310747,ok,2002-08-14,2019-12-31,6073,0.5945,17,"flags: A=5925; A, R=148 | negative flow on 706 days",470.096931669126,,2.3948
74019,usgs,02311500,ok,1983-10-01,2019-12-31,13241,0.1158,36,"flags: A=12897; A, e=344 | AREA MISMATCH polygon/national=0.000443",0.447615000300907,1010.09536303104,914.8813
74020,usgs,02312000,ok,1950-01-01,2019-12-31,25567,0.0,41,"flags: A=25116; A, e=451",1345.61426187931,1476.29322289152,0.5451
74021,usgs,02312300,ok,2004-03-01,2019-12-31,5784,0.6138,16,"flags: A=5741; A, e=43",1430.09066164114,1629.102521401344,0.4341
74022,usgs,02312500,ok,1950-01-01,2019-12-31,25567,0.0,41,"flags: A=25224; A, e=343",1883.3594592224,2097.89036937216,0.5066
74023,usgs,02312558,ok,2004-03-01,2019-12-31,5784,0.6138,16,"flags: A=5708; A, e=41; A, <=35 | AREA MISMATCH polygon/national=0.00012",0.25428702844648,2113.430298034176,3033.8122
74024,usgs,02312598,ok,2005-10-27,2019-12-31,5179,0.6542,14,"flags: A=4704; A, <=344; A, e=131 | AREA MISMATCH polygon/national=0.00112",2.68931092625781,2408.68894261248,255.3695
74025,usgs,02312600,ok,1983-10-01,2019-12-31,13241,0.1158,36,"flags: A=12508; A, <=505; A, e=228 | AREA MISMATCH polygon/national=0.000246",0.634108629344721,2577.03816978432,1309.0581
74026,usgs,02312667,ok,1982-02-09,2019-12-31,13418,0.104,35,"flags: A=13150; A, e=268 | AREA MISMATCH polygon/national=0.00622",0.128836048458994,20.719904882688,688.554
74027,usgs,02312700,ok,1962-10-01,2019-12-28,20058,0.0081,40,"flags: A=19523; A, e=488; A, R=47 | negative flow on 32 days | AREA MISMATCH polygon/national=0.000237",0.257603855481706,1087.79500634112,1506.6219
74028,usgs,02312720,ok,1965-08-10,2019-12-31,19502,0.0244,39,"flags: A=18993; A, e=509 | AREA MISMATCH polygon/national=0.664",2613.0493674928,3936.78192771072,0.5372
74029,usgs,02312722,ok,2005-10-01,2019-12-31,5205,0.6524,14,"flags: A=5101; A, e=61; A, R=43",3333.29598630746,,0.3158
74030,usgs,02312762,ok,2001-10-01,2019-12-31,6666,0.5549,18,"flags: A=6361; A, e=172; A, R=133 | AREA MISMATCH polygon/national=0.000129",0.569670591253461,4402.9797875712,2440.0814
74031,usgs,02313000,ok,1950-01-01,2019-12-31,25567,0.0,41,"flags: A=25318; A, e=249",4102.29332397636,4726.7283013631995,0.5288
74032,usgs,02313230,ok,1969-10-01,2019-12-31,18334,0.0013,41,"flags: A=18299; A, e=35",4601.12562264838,5231.775982878719,0.2052
74033,usgs,02315000,ok,1975-10-01,2015-10-04,12074,0.2731,28,"flags: A=11660; A, e=414",5527.5134137898,5413.07515060224,0.5797
74034,usgs,02315550,ok,1974-10-01,2019-12-31,11049,0.3659,25,"flags: A=10817; A, e=232",7236.28329228378,6811.66873018368,0.6045
74035,usgs,02317500,ok,1950-01-01,2019-12-31,25567,0.0,41,"flags: A=25433; A, e=134",3640.92787933456,3548.28371116032,0.7099
74036,usgs,02317620,ok,1976-07-28,2019-12-31,9292,0.4387,20,"flags: A=9271; A, e=19; A, R=2",4200.38590032296,4351.18002536448,0.766
74037,usgs,023177483,ok,1988-06-11,2019-12-31,11522,0.2306,31,"flags: A=11242; A, e=280",1226.63870295278,1300.174031388672,0.8408
74038,usgs,02319000,ok,1950-01-01,2019-12-31,25550,0.0011,41,"flags: A=24695; A, R=799; A, e=56",5578.69988981558,5490.77479391232,0.7444
74039,usgs,02319300,ok,2004-11-10,2018-09-30,5073,0.6612,13,"flags: A=4853; A, e=220 | AREA MISMATCH polygon/national=6.99e-05",0.405392813666341,5801.57336715264,9091.9832
74040,usgs,02319394,ok,2000-11-01,2019-12-31,6635,0.5569,17,"flags: A=5881; A, e=754 | AREA MISMATCH polygon/national=0.000228",1.37512332176336,6034.67229708288,3532.7674
74041,usgs,02319500,ok,1950-01-01,2019-12-31,25567,0.0,41,"flags: A=25479; A, e=88",18103.8952645121,18052.217129041917,0.8014
74042,usgs,02319800,ok,1996-10-01,2019-12-31,8489,0.4331,23,"flags: A=6856; A, R=1380; A, e=253",18743.4046854355,18622.01451331584,0.655
74043,usgs,02320000,ok,1996-09-27,2019-12-31,8496,0.4327,23,"flags: A=8228; A, R=140; A, e=128",19258.6889968807,18855.11344324608,0.6724
74044,usgs,02320500,ok,1950-01-01,2019-12-31,25567,0.0,41,"flags: A=25449; A, e=118",20391.0648658232,20409.10630944768,0.8057
74045,usgs,02321000,ok,1950-01-01,2019-12-31,18331,0.3062,28,"flags: A=17902; A, e=429 | AREA MISMATCH polygon/national=0.0106",5.22587639095822,494.687729074176,70.7996
74046,usgs,02322500,ok,1950-01-01,2019-12-31,25567,0.0,41,"flags: A=25388; A, e=179",3169.49949185191,2634.017908211712,1.1056
74047,usgs,02322698,ok,2002-02-14,2012-09-29,3751,0.7495,9,"flags: A=3645; A, e=106 | AREA MISMATCH polygon/national=0.0275",14.8320555313088,538.717526949888,50.912
74048,usgs,02322700,ok,2002-02-05,2019-12-31,6539,0.5633,18,"flags: A=6139; A, e=400 | AREA MISMATCH polygon/national=0.00046",0.253960930833982,551.667467501568,2927.4419
74049,usgs,02322800,ok,2000-11-01,2019-12-31,6273,0.5811,16,"flags: A=5938; A, e=335 | negative flow on 6 days | AREA MISMATCH polygon/national=7.16e-05",0.254803389268715,3558.643663601664,16211.273
74050,usgs,02323000,ok,1950-01-01,2019-12-31,9646,0.5266,19,"flags: A=9338; A, e=308",25060.1720326641,24319.988356055037,0.6954
74051,usgs,02323500,ok,1950-01-01,2019-12-31,25567,0.0,41,"flags: A=25184; A, e=383 | AREA MISMATCH polygon/national=0.000163",4.07019127337482,24967.48538363904,5626.5128
74052,usgs,02323592,ok,1999-06-24,2015-09-30,5513,0.6319,13,"flags: A=5369; A, e=144 | negative flow on 3 days",26461.5852815547,25829.951424380928,0.7286
74053,usgs,02325000,ok,1977-08-10,2019-12-31,14929,0.0371,38,"flags: A=14395; A, e=534 | AREA MISMATCH polygon/national=0.000307",0.127192725838659,414.39809765376,3446.1779
74054,usgs,02326500,ok,1950-03-01,2019-12-31,15796,0.6485,13,"flags: A=15732; A, e=64",1936.38899362002,1934.721118420992,0.4231
74055,usgs,02326512,ok,1976-08-30,1997-10-07,7709,0.5422,18,"flags: A=7692; A, e=17",2147.73811904419,2084.94042882048,0.6238
74056,usgs,02326550,ok,2001-05-04,2010-10-04,3406,0.7726,8,"flags: A=3248; A, e=158 | negative flow on 166 days",2485.67590796381,2430.9628403613697,0.9267
74057,usgs,02327033,ok,1998-10-01,2017-10-16,4523,0.698,9,"flags: A=4134; A, e=271; A, <=118 | AREA MISMATCH polygon/national=1.45",263.61119693366,182.3351629676544,1.1488
74058,usgs,02327500,ok,1950-01-01,2019-12-31,14872,0.5312,19,"flags: A=14765; A, e=107 | AREA MISMATCH polygon/national=0.00187",2.65761884173213,1424.4934606848,468.5939
74059,usgs,02328000,ok,1950-01-01,1971-06-30,7851,1.0,0,flags: A=7851,152.830866252515,150.7373080215552,1.0332
74060,usgs,02328522,ok,1998-10-01,2019-12-31,7762,0.4817,21,"flags: A=7556; A, e=206 | AREA MISMATCH polygon/national=4.87e-05",0.126413466327679,2595.168086556672,16524.4826
74061,usgs,02329342,ok,1991-11-15,2019-12-31,10085,0.3265,28,"flags: A=9725; A, e=360",44.8342295632981,44.8067943088128,0.77
74062,usgs,02330000,ok,1950-01-01,2019-12-31,25522,0.003,41,"flags: A=25363; A, e=159 | AREA MISMATCH polygon/national=0.000356",1.56728154000417,4402.9797875712,2563.9086
74063,usgs,02330150,ok,1996-08-07,2019-12-31,8547,0.4292,23,"flags: A=8315; A, e=232",5315.98582610648,5387.17526949888,0.8669
74064,usgs,02330400,ok,1996-12-11,2019-12-31,8126,0.4574,21,"flags: A=7962; A, e=164",440.841720697466,406.628133322752,1.4887
74065,usgs,02333500,ok,1950-01-01,2019-12-31,25567,0.0,41,"flags: A=25348; A, e=219",348.501995174569,396.268180881408,2.5104
74066,usgs,02334430,ok,1950-01-01,2019-12-31,25567,0.0,41,"flags: A=25520; A, e=47",2686.44179638045,2693.58763474944,1.7177
74067,usgs,02334480,ok,1995-10-01,2019-12-31,7267,0.5147,19,"flags: A=7019; A, e=248 | AREA MISMATCH polygon/national=0.00501",0.121657396783815,24.268188593848315,321.4951
74068,usgs,02334500,ok,1950-01-01,1971-09-29,7942,1.0,0,flags: A=7942,2336.25173025493,2745.38739695616,2.0053
74069,usgs,02334578,ok,2001-05-10,2019-12-31,6810,0.5452,18,"flags: A=6628; A, e=182 | AREA MISMATCH polygon/national=0.0364",0.477599055932492,13.10533983830016,38.3015
74070,usgs,02334620,ok,2003-12-15,2019-12-31,5858,0.6088,16,"flags: A=5681; A, e=177",16.3814231281908,17.8709179613184,1.7283
74071,usgs,02334885,ok,1984-10-01,2019-12-31,12875,0.1402,35,"flags: A=12684; A, e=191",127.613079483699,121.9884399968256,1.3801
74072,usgs,02335000,ok,1956-10-01,2019-12-31,23102,0.0,41,"flags: A=22862; A, e=240",2645.9219985431,3030.2860890931197,1.9729
74073,usgs,02335350,ok,1997-10-01,2019-12-31,6875,0.5409,18,"flags: A=6029; A, e=846",23.3167929035962,22.97319453868032,1.7782
74074,usgs,02335450,ok,1976-07-07,2019-12-31,15883,0.0,41,"flags: A=15744; A, e=139",2778.68211183817,3159.7854946099196,1.7677
74075,usgs,02335580,ok,2007-03-08,2019-12-31,4680,0.6875,12,"flags: A=4659; A, e=21",98.3626114788943,96.8655553265664,1.4338
74076,usgs,02335700,ok,1960-05-01,2019-12-31,21794,0.0,41,"flags: A=21680; A, e=114",190.054245659447,186.479143944192,1.4783
74077,usgs,02335757,ok,2004-03-27,2019-12-31,5758,0.6155,15,"flags: A=5580; A, e=178 | AREA MISMATCH polygon/national=0.00213",0.569174819192793,266.76877536460796,701.2206
74078,usgs,02335790,ok,2007-05-11,2019-12-31,4618,0.6916,12,"flags: A=4545; A, e=73",42.3325705649981,41.6988085764096,1.1831
74079,usgs,02335815,ok,2000-10-02,2019-12-31,7015,0.5316,19,"flags: A=6951; A, e=64 | AREA MISMATCH polygon/national=3.44e-05",0.121888593677903,3548.28371116032,41611.6984
74080,usgs,023358685,ok,2007-04-28,2019-12-31,4631,0.6908,12,"flags: A=4588; A, e=43",31.355152718906,32.55615054692352,1.2721
74081,usgs,02335870,ok,1984-10-01,2019-12-31,12875,0.1402,35,"flags: A=11827; A, e=1048 | AREA MISMATCH polygon/national=0.0261",2.07136635951138,79.5126349873152,56.2566
74082,usgs,02335910,ok,2007-03-22,2019-12-31,4668,0.6883,12,"flags: A=4639; A, e=29 | AREA MISMATCH polygon/national=0.00253",0.121995980044554,48.1737788522496,706.6597
74083,usgs,02336000,ok,1950-01-01,2019-12-31,25567,0.0,41,"flags: A=25433; A, e=134",3365.15807076704,3755.4827599872,1.7682
74084,usgs,02336030,ok,2001-06-08,2019-12-31,6743,0.5497,18,"flags: A=5622; A, e=1121",4.11620625191875,3.96268180881408,1.8486
74085,usgs,02336120,ok,2003-05-10,2019-12-31,6080,0.594,16,"flags: A=6005; A, e=75",94.0008786163721,90.1315862396928,1.4859
74086,usgs,02336240,ok,2003-05-01,2019-12-31,6089,0.5934,16,"flags: A=6025; A, e=64",71.6736836690491,71.4836718452736,1.4666
74087,usgs,02336300,ok,1958-06-20,2019-12-31,22475,0.0,41,"flags: A=22077; A, e=398 | AREA MISMATCH polygon/national=0.00186",0.418553016944947,224.8109679771648,769.8299
74088,usgs,02336360,ok,2003-05-24,2019-12-31,6066,0.5949,16,"flags: A=5966; A, e=100",71.1813168900816,68.8936837349376,1.3632
74089,usgs,02336410,ok,1994-08-23,2019-12-31,7545,0.4962,20,"flags: A=7183; A, e=362",94.577367238662,97.6425517596672,1.6453
74090,usgs,02336490,ok,1981-03-03,2019-12-31,14183,0.0529,39,"flags: A=14073; A, e=110 | AREA MISMATCH polygon/national=5.93e-05",0.244221343930241,4118.08109543424,26100.8203
74091,usgs,02336526,ok,2002-12-04,2019-12-31,6236,0.5836,17,"flags: A=5951; A, e=285 | AREA MISMATCH polygon/national=0.0138",0.47933581715671,34.7058406785024,95.0232
74092,usgs,02336635,ok,1995-10-01,2019-12-31,8858,0.4085,24,"flags: A=8538; A, e=320",78.8738989680788,81.58462547558399,1.4652
74093,usgs,02336728,ok,1994-09-01,2019-12-31,7134,0.5236,19,"flags: A=6301; A, e=833",87.9130000653282,87.80059694039039,1.0651
74094,usgs,02336968,ok,1998-07-14,2019-12-31,7841,0.4764,21,"flags: A=7526; A, e=315",113.696594155993,115.254470909952,1.1728
74095,usgs,02337000,ok,1950-01-01,2019-12-31,25567,0.0,41,"flags: A=25385; A, e=182 | AREA MISMATCH polygon/national=0.000198",0.122164075936939,616.417170259968,6728.9321
74096,usgs,02337040,ok,1998-09-01,2019-12-31,6720,0.5513,14,"flags: A=3823; A, e=2897",684.046958482493,678.576884908032,0.9093
74097,usgs,02337170,ok,1965-07-16,2019-12-31,19892,0.0,41,"flags: A=19237; A, e=655",5317.1749544131,5335.375507292159,1.5615
74098,usgs,02337410,ok,2007-06-01,2019-12-31,4597,0.693,12,"flags: A=4563; A, e=34 | AREA MISMATCH polygon/national=0.00142",0.244687624903839,172.234209337344,852.0827
74099,usgs,02337498,ok,2008-02-21,2019-12-31,4332,0.7107,12,"flags: A=4140; A, e=192",87.6737752459107,89.6135886176256,0.9587
74100,usgs,02338000,ok,1950-01-01,2019-12-31,21730,0.0,41,"flags: A=21583; A, e=147",5858.84732598431,6293.671108116479,1.6231
74101,usgs,02338500,ok,1957-10-01,2019-12-31,6490,0.6153,15,"flags: A=6041; A, e=449",6901.99623517249,6941.16813570048,1.3961
74102,usgs,02339500,ok,1950-01-01,2019-12-31,25566,0.0001,41,"flags: A=25500; A, e=66",8782.11306555838,9194.4577916928,1.4578
74103,usgs,02340500,ok,1950-01-01,1971-09-29,7942,1.0,0,flags: A=7942,169.072716206493,159.8022664077312,1.0694
74104,usgs,02341500,ok,1950-01-01,2002-01-17,19010,0.4379,23,"flags: A=18435; A, e=575",11682.4336497108,12095.24447526912,1.4088
74105,usgs,02341505,ok,1950-01-01,2014-06-30,23557,0.1342,35,"flags: A=23327; A, e=230 | AREA MISMATCH polygon/national=3.07e-05",0.371356266162944,12095.24447526912,43266.7953
74106,usgs,02341910,ok,2008-10-22,2012-05-14,1301,0.9131,3,"flags: A=1220; A, e=81",166.713274229775,165.24124143943678,1.1473
74107,usgs,02342070,ok,2008-10-23,2012-01-31,1196,0.9201,3,"flags: A=1051; A, e=145 | AREA MISMATCH polygon/national=0.000106",0.12413084205067,1173.1092146955878,11727.1433
74108,usgs,02342850,ok,1964-06-01,2019-12-31,4741,0.7159,11,"flags: A=4676; A, e=65",314.497369470236,313.388561350656,0.7349
74109,usgs,02343801,ok,1950-01-01,2019-12-31,20089,0.0,41,"flags: A=19237; A, e=852",20907.5145851603,21263.80238585856,1.1482
74110,usgs,02343940,ok,2002-01-19,2019-12-31,6556,0.5622,18,"flags: A=6531; A, e=25",173.990086417448,166.2772366835712,1.1741
74111,usgs,02344350,ok,1985-05-07,2019-12-31,12657,0.1548,34,"flags: A=12178; A, e=479",328.135263831165,328.928490012672,1.338
74112,usgs,02344396,ok,2007-11-03,2019-12-31,4442,0.7034,12,"flags: A=4375; A, e=67",411.577227417653,414.39809765376,1.1774
74113,usgs,02344478,ok,2003-09-19,2019-12-31,5947,0.6029,16,"flags: A=5418; A, e=529 | AREA MISMATCH polygon/national=1.42",47.566315161212,33.4108466233344,0.6726
74114,usgs,02344500,ok,1950-01-01,2019-12-31,25567,0.0,41,"flags: A=25391; A, e=176",701.092254741695,704.476766011392,1.1452
74115,usgs,02344605,ok,2008-06-28,2019-12-31,4204,0.7193,11,"flags: A=4037; A, e=167",95.5376563821226,98.6785470038016,1.2108
74116,usgs,02344620,ok,2007-12-15,2019-12-31,4397,0.7064,12,"flags: A=4312; A, e=85",62.196572231177,62.4187134590976,1.1531
74117,usgs,02344630,ok,2011-10-01,2019-12-31,3002,0.7995,8,"flags: A=2959; A, e=43",178.093175562102,179.7451748573184,1.0047
74118,usgs,02344700,ok,1964-09-01,2019-12-31,20210,0.0,41,"flags: A=19544; A, e=666",256.397041499834,261.588799143936,1.1974
74119,usgs,02344872,ok,2004-07-01,2019-12-31,5662,0.6219,15,"flags: A=5570; A, e=91; A, R=1 | AREA MISMATCH polygon/national=0.00012",0.246379120038826,2056.450559606784,7872.8363
74120,usgs,02346180,ok,1966-05-20,2019-12-31,10723,0.5917,16,"flags: A=10565; A, e=158",3141.14129672499,3159.7854946099196,1.1856
74121,usgs,02346310,ok,2003-09-20,2019-12-31,5947,0.6029,16,"flags: A=5552; A, e=395 | AREA MISMATCH polygon/national=0.00499",0.123001325671955,24.63078692929536,220.8122
74122,usgs,02346500,ok,1950-01-01,1971-06-30,7851,1.0,0,flags: A=7851,485.005328099258,481.737788522496,1.1705
74123,usgs,02347500,ok,1950-01-01,2019-12-31,25567,0.0,41,"flags: A=25486; A, e=81 | AREA MISMATCH polygon/national=0.000219",1.04843070193866,4791.4780041216,4929.1898
74124,usgs,02349000,ok,1951-10-01,1971-09-29,7304,1.0,0,flags: A=7304 | AREA MISMATCH polygon/national=0.00402,0.855519838878547,212.8970226696192,469.0218
74125,usgs,02349500,ok,1950-01-01,2004-02-29,19773,0.3869,25,"flags: A=19696; A, e=77 | AREA MISMATCH polygon/national=1.65e-05",0.124233325188914,7510.965519974399,67539.9099
74126,usgs,02349605,ok,1950-01-01,2019-12-31,25567,0.0,41,"flags: A=25543; A, e=24 | AREA MISMATCH polygon/national=0.00173",13.0549440992042,7562.76528218112,620.2675
74127,usgs,02350080,ok,1983-04-30,2013-09-29,5820,0.6114,14,"flags: A=5499; A, e=321 | AREA MISMATCH polygon/national=0.000783",0.124594464886219,159.0252699746304,1118.9137
74128,usgs,02350512,ok,1950-01-01,2019-12-31,15220,0.2031,32,"flags: A=15078; A, e=142",10165.261075556,10049.15386810368,0.947
74129,usgs,02351500,ok,2001-05-31,2019-12-31,6789,0.5466,18,"flags: A=6736; A, e=53 | AREA MISMATCH polygon/national=0.000343",0.124529071725726,362.59833544704,2740.0665
74130,usgs,02352500,ok,1950-01-01,2019-12-31,25567,0.0,41,"flags: A=25528; A, e=39",13697.8170599839,13752.83686588416,0.9956
74131,usgs,02353000,ok,1950-01-01,2019-12-31,23374,0.0,41,"flags: A=23347; A, e=27",15017.876489985,14866.53175332864,1.01
74132,usgs,02353265,ok,2001-05-31,2019-12-31,6789,0.5466,18,"flags: A=6295; A, R=448; A, e=46 | AREA MISMATCH polygon/national=0.000317",0.246980974323413,779.586421211136,2880.4629
74133,usgs,02353400,ok,1959-06-09,2019-12-31,16101,0.225,31,"flags: A=16016; A, e=85 | AREA MISMATCH polygon/national=0.000534",0.250478400564219,468.787847970816,2229.1486
74134,usgs,02353500,ok,1950-01-01,2019-12-31,25567,0.0,41,"flags: A=25486; A, e=81 | AREA MISMATCH polygon/national=0.000156",0.250939356215129,1605.7926284083198,6835.8355
74135,usgs,02354500,ok,1995-07-28,2019-12-31,8923,0.4041,24,"flags: A=8398; A, R=445; A, e=80 | AREA MISMATCH polygon/national=0.000747",0.618792948582646,828.79619530752,1070.4398
74136,usgs,02354800,ok,1995-04-15,2019-12-31,9027,0.3972,24,"flags: A=7751; A, R=1133; A, e=143 | AREA MISMATCH polygon/national=4.85e-05",0.125588225477719,2589.988110336,18261.8627
74137,usgs,02355350,ok,1995-04-15,2019-12-31,8723,0.4175,24,"flags: A=8547; A, e=176 | AREA MISMATCH polygon/national=4.67e-05",0.125689977026293,2693.58763474944,16268.2053
74138,usgs,02355662,ok,2002-05-08,2019-12-31,6447,0.5695,17,"flags: A=6384; A, e=63 | AREA MISMATCH polygon/national=0.000182",3.26190315891105,17948.617604628478,4961.3844
74139,usgs,02356000,ok,1950-01-01,2019-12-31,14687,0.5496,18,"flags: A=14590; A, e=97 | AREA MISMATCH polygon/national=1.29e-05",0.252199769419153,19606.20999524352,73349.1874
74140,usgs,02357000,ok,1950-01-01,2019-12-31,22161,0.0837,37,"flags: A=21972; A, e=189 | AREA MISMATCH polygon/national=9.92e-05",0.125926387406053,1269.09417406464,9172.0849
74141,usgs,02358000,ok,1950-01-01,2019-12-31,25567,0.0,41,"flags: A=25477; A, e=90",44226.7562526066,44547.7954977792,1.1526
74142,usgs,02358700,ok,1957-10-01,2019-12-31,22731,0.0004,41,"flags: A=22497; A, e=234",45621.6579990226,45583.790741913595,1.1607
74143,usgs,02358754,ok,1955-10-01,2019-12-19,13474,0.4681,16,"flags: A=13096; A, e=360; A, R=18",46153.8232985078,46101.7883639808,1.1065
74144,usgs,02358789,ok,1999-10-01,2019-12-31,7397,0.506,20,"flags: A=7354; A, e=43 | AREA MISMATCH polygon/national=0.000518",0.62257093738958,1201.754483195904,2948.491
74145,usgs,02359000,ok,1950-01-01,2019-12-31,25567,0.0,41,"flags: A=25263; A, e=304",2223.47155270882,2022.780714172416,1.564
74146,usgs,02359051,ok,1991-10-01,2009-09-29,6266,0.5816,15,"flags: A=5779; A, e=487",3257.74193035179,3123.525661065216,4.9932
74147,usgs,02359170,ok,1977-09-08,2019-12-31,15451,0.0003,41,"flags: A=9368; A, e=6083",49512.9864640605,49727.7717184512,1.1149
74148,usgs,02359500,ok,1950-01-01,2019-12-31,24131,0.0959,36,"flags: A=24063; A, e=68",295.098926221557,315.978549460992,4.3799
74149,usgs,02361500,ok,2000-12-07,2019-12-31,6964,0.535,19,"flags: A=6820; A, e=144",3291.52933032477,3315.18478123008,1.2576
74150,usgs,02365200,ok,1976-07-01,2019-12-31,9679,0.4147,23,"flags: A=9329; A, e=350 | AREA MISMATCH polygon/national=1.52e-05",0.126047468101438,8311.271846068223,84779.5423
74151,usgs,02365470,ok,1998-10-01,2019-12-31,7762,0.4817,21,"flags: A=7561; A, e=201",412.544083235392,383.318240329728,1.3324
74152,usgs,02365500,ok,1950-01-01,2019-12-31,24940,0.0419,39,"flags: A=23250; A, R=1461; A, e=229 | AREA MISMATCH polygon/national=4.82e-05",0.436950332070408,9062.368398065664,29435.1787
74153,usgs,02365769,ok,1998-10-01,2019-12-31,7397,0.506,19,"flags: A=6989; A, e=380; A, R=28",210.173761757015,213.4150202916864,1.8987
74154,usgs,02366000,ok,1950-04-01,2019-12-31,16092,0.6267,14,"flags: A=16070; A, e=19; A, R=3 | AREA MISMATCH polygon/national=0.000127",0.126468707451025,999.735410589696,13211.8482
74155,usgs,02366500,ok,1950-01-01,2019-12-31,25140,0.0285,39,"flags: A=24864; A, e=276",11375.7135268191,11354.507875713023,1.4472
74156,usgs,02366996,ok,1998-10-01,2019-12-31,7762,0.4817,21,"flags: A=7561; A, e=201 | AREA MISMATCH polygon/national=0.0946",9.58393817307807,101.2685351141376,25.7857
74157,usgs,02367000,ok,1951-05-01,1978-06-30,9923,1.0,0,flags: A=9923,178.458991432752,169.90322003804158,2.362
74158,usgs,02367310,ok,1966-03-17,2019-12-31,12459,0.4497,21,"flags: A=12439; A, e=20",75.1514744574895,71.4836718452736,3.1015
74159,usgs,02367900,ok,1998-10-01,2019-12-31,7762,0.4817,21,"flags: A=7567; A, e=195 | AREA MISMATCH polygon/national=0.000496",0.654601406631319,1320.89393627136,3345.2578
74160,usgs,02368000,ok,1950-01-01,2019-12-31,24534,0.069,37,"flags: A=24201; A, e=272; A, R=61 | AREA MISMATCH polygon/national=0.000156",0.252603945813281,1616.152580849664,10809.3273
74161,usgs,02368500,ok,1951-03-01,2019-12-31,17263,0.5203,19,"flags: A=17193; A, e=70 | AREA MISMATCH polygon/national=0.00119",0.380648218010364,318.56853757132797,1513.0818
74162,usgs,02369600,ok,2001-09-30,2019-12-31,6544,0.563,17,"flags: A=5601; A, R=560; A, e=383 | AREA MISMATCH polygon/national=3.65e-05",0.126547575006004,3470.58406785024,44265.5256
74163,usgs,02370000,ok,1950-04-01,2019-12-31,24131,0.0899,37,"flags: A=22723; A, R=1107; A, e=301",510.607770636962,530.9475626188799,1.6649
74164,usgs,02370500,ok,1950-01-01,2019-12-31,22958,0.1742,31,"flags: A=22735; A, e=223 | AREA MISMATCH polygon/national=0.000412",0.252737721025343,613.827182149632,5196.7002
74165,usgs,02370700,ok,1958-01-01,2006-09-29,10175,0.8278,6,"flags: A=10133; A, e=42 | AREA MISMATCH polygon/national=0.00415",0.693650666998182,167.05423311667198,267.3676
74166,usgs,02371200,ok,1958-10-01,1986-09-29,9495,0.8111,7,flags: A=9495,21.1366572004871,22.97319453868032,1.4713
74167,usgs,02372422,ok,1999-06-17,2019-12-31,6060,0.5953,13,"flags: A=6016; A, e=44",3263.80548749745,3297.054864457728,0.8937
74168,usgs,02373500,ok,1950-01-01,1970-09-29,7577,1.0,0,flags: A=7577 | AREA MISMATCH polygon/national=0.00149,1.18349504708928,795.126349873152,761.0035
74169,usgs,02374250,ok,1999-04-16,2019-12-31,7565,0.4948,20,"flags: A=7376; A, e=189",6862.9680800213,6891.958361604095,1.158
74170,usgs,02375500,ok,1950-01-01,2019-12-31,25567,0.0,41,"flags: A=24491; A, R=968; A, e=108",9974.23236072834,9885.984617152511,1.43
74171,usgs,02376033,ok,1983-11-20,2019-12-31,6947,0.5361,14,"flags: A=3978; A, R=2404; A, e=565",10857.5987596451,10740.680693563392,1.5315
74172,usgs,02376115,ok,1987-10-01,2019-12-31,11780,0.2134,32,"flags: A=11535; A, e=245",69.8800003046095,72.0016694673408,3.2174
74173,usgs,02376293,ok,1998-10-01,2019-12-31,7642,0.4897,20,"flags: A=7425; A, e=217",70.8836285334882,68.63468492390399,1.5675
74174,usgs,02376300,ok,1958-02-01,1991-11-04,12330,0.6867,13,"flags: A=12314; A, e=16 | AREA MISMATCH polygon/national=0.000994",0.126121656241315,126.909417406464,2059.4157
74175,usgs,02378170,ok,2007-12-05,2019-12-31,4410,0.7055,12,"flags: A=4204; A, e=203; A, <=3 | AREA MISMATCH polygon/national=0.787",10.1499611142444,12.89814078947328,2.9182
74176,usgs,02379500,ok,1950-01-01,2019-12-31,14040,0.7392,10,"flags: A=13859; A, e=181",331.862599026857,347.058406785024,2.2066
74177,usgs,02380500,ok,1963-06-01,2019-12-31,20668,0.0,41,"flags: A=20367; A, e=301",621.961920738578,611.237194039296,1.9689
74178,usgs,02381090,ok,2008-01-11,2019-12-31,4373,0.708,12,"flags: A=4319; A, e=54 | AREA MISMATCH polygon/national=0.00149",0.23821139536894,159.5432675966976,1638.6775
74179,usgs,02382500,ok,1961-10-01,2019-12-31,20523,0.0,41,"flags: A=20369; A, e=154",1358.9274022967,1349.383805485056,1.8707
74180,usgs,02383000,ok,1951-10-01,1974-09-29,8400,1.0,0,flags: A=8400,16.3309267488373,15.980226640773118,1.0464
74181,usgs,02383500,ok,1950-01-01,2019-12-31,25567,0.0,41,"flags: A=25309; A, e=258",2177.06000117627,2152.280119689216,1.6323
74182,usgs,02385500,ok,1950-01-01,2019-12-31,8877,0.6449,14,"flags: A=8841; A, e=36",118.59834791302,103.59952441344,1.2911
74183,usgs,02387500,ok,1950-01-01,2019-12-31,25567,0.0,41,"flags: A=25356; A, e=211",4169.15053668264,4149.160952758271,1.6351
74184,usgs,02387600,ok,2005-03-19,2019-12-31,5401,0.6393,14,"flags: A=5083; A, e=318",166.734667167347,162.13325570703358,1.2241
74185,usgs,02388000,ok,1960-05-01,1981-09-29,7822,0.933,2,flags: A=7822,82.1475738273304,94.2755672162304,1.9648
74186,usgs,02388300,ok,1968-05-09,1989-09-29,7814,0.7379,10,"flags: A=7755; A, e=59",41.1656127647692,38.0728252219392,1.4943
74187,usgs,02388320,ok,1982-03-02,2019-12-31,13819,0.0772,38,"flags: A=13246; A, e=573",44.758789350001,42.9938026315776,1.2587
74188,usgs,02388350,ok,2016-11-07,2019-12-31,1150,0.9232,3,"flags: A=797; A, e=353",573.510938560644,580.1573367152639,1.7699
74189,usgs,02388500,ok,1950-01-01,2019-12-31,25567,0.0,41,"flags: A=25052; A, e=515",5498.1953684635,5477.824853360639,1.5761
74190,usgs,02388975,ok,2007-10-23,2019-12-31,4451,0.7028,12,"flags: A=4309; A, e=142 | AREA MISMATCH polygon/national=0.0032",0.805432535441595,252.00584313569277,689.9105
74191,usgs,02389000,ok,1950-01-01,1976-09-29,9769,1.0,0,flags: A=9769 | AREA MISMATCH polygon/national=0.000875,0.24259530831622,277.128727805952,2761.3585
74192,usgs,02390000,ok,1950-01-01,2019-12-31,6092,0.6521,14,"flags: A=6057; A, e=35",222.057690607502,230.508941819904,2.2533
74193,usgs,02390140,ok,2005-09-22,2019-12-31,5214,0.6518,14,"flags: A=5187; A, e=27",120.405465357408,131.0533983830016,1.3103
74194,usgs,02390475,ok,2005-09-22,2016-11-20,4078,0.7277,11,"flags: A=4025; A, e=53 | AREA MISMATCH polygon/national=0.00271",0.477924666499385,176.6371891249152,484.8904
74195,usgs,02391840,ok,2007-11-30,2019-12-31,4415,0.7052,12,"flags: A=4358; A, e=57",21.7541777440367,21.57460095909888,1.1652
74196,usgs,02391860,ok,2008-07-18,2019-12-31,4184,0.7206,11,"flags: A=4062; A, e=122",1581.53725415413,1553.9928662016,1.6696
74197,usgs,02392000,ok,1950-01-01,2019-12-31,25567,0.0,41,"flags: A=24179; A, R=1048; A, e=340",1588.09775862252,1587.662711635968,1.8143
74198,usgs,02392360,ok,2005-10-01,2019-12-31,5205,0.6524,14,"flags: A=5183; A, e=22",155.080640062884,146.334328233984,1.1074
74199,usgs,02392500,ok,1950-01-01,1976-09-29,9769,1.0,0,flags: A=9769,156.538223084027,155.39928662015998,1.2862
74200,usgs,02392780,ok,2005-09-01,2019-12-31,5235,0.6504,14,"flags: A=5116; A, e=119",365.880690101139,360.008347336704,1.1594
74201,usgs,02392950,ok,1998-07-14,2019-12-31,7841,0.4764,21,"flags: A=7672; A, e=169",67.6338983867915,66.044696813568,1.4015
74202,usgs,02392975,ok,1998-07-14,2019-12-31,7841,0.4764,21,"flags: A=7643; A, e=198",91.0767825272068,89.6135886176256,1.3982
74203,usgs,02393419,ok,2005-09-23,2019-12-31,5213,0.6519,14,"flags: A=4887; A, e=326 | AREA MISMATCH polygon/national=0.102",3.91817235831659,38.3318240329728,9.9165
74204,usgs,02394000,ok,1950-01-01,2019-12-31,25567,0.0,41,"flags: A=25533; A, e=34",2902.78946596883,2905.9666597969917,1.5397
74205,usgs,02395000,ok,1950-01-01,2019-12-31,20841,0.3156,27,"flags: A=20814; A, e=27",4246.47249490571,4232.040572289024,1.4781
74206,usgs,02395980,ok,1950-01-01,2019-12-31,25561,0.0004,41,"flags: A=25081; A, e=480",4678.84847465389,4664.568586715136,1.442
74207,usgs,02396000,ok,1950-01-01,1997-09-30,17440,0.5427,18,"flags: A=17295; A, e=145",4721.57268109073,4711.188372701184,1.5175
74208,usgs,02397000,ok,1950-01-01,2019-12-31,24198,0.0,41,"flags: A=24020; A, e=178",10485.1078733877,,1.5106
74209,usgs,02397500,ok,1950-01-01,2019-12-31,14141,0.6349,15,"flags: A=14077; A, e=64 | AREA MISMATCH polygon/national=0.0159",4.72191301189839,297.84863268864,74.6613
74210,usgs,02400500,not_found,,,,,,no daily flow returned for 1950-2019,15026.3515283988,15034.880980500478,
74211,usgs,02403500,ok,1957-04-01,1996-09-30,14428,0.5671,17,"flags: A=14422; A, e=6",54.0347779117243,,2.153
74212,usgs,02404000,ok,1950-01-01,1970-09-29,7577,1.0,0,flags: A=7577,716.158134764687,717.426706563072,1.3758
74213,usgs,02407000,ok,1950-01-01,2019-12-31,11503,0.933,2,"flags: A=11384; A, e=119",21828.9705800405,21735.18022193971,1.5545
74214,usgs,02408500,ok,1950-01-01,1979-02-28,10651,0.9961,0,flags: A=10651,589.49008595881,603.467229708288,1.5639
74215,usgs,02411000,ok,1950-01-01,2013-09-29,23283,0.1525,34,flags: A=23283,26191.3985736094,26164.05989061427,1.4762
74216,usgs,02413210,ok,2000-02-01,2019-12-31,5794,0.6131,13,"flags: A=5715; A, e=79",629.953274967778,634.54708703232,1.2325
74217,usgs,02414500,ok,1950-01-01,2019-12-31,25529,0.0025,41,"flags: A=25451; A, e=78",4345.31771523956,4338.2300848128,1.4305
74218,usgs,02414715,ok,1985-11-15,2019-12-31,12452,0.1685,34,"flags: A=12118; A, e=334",5312.84596044367,5330.1955310714875,1.382
74219,usgs,02418230,ok,1999-11-09,2019-12-31,7358,0.5086,20,"flags: A=7264; A, e=94",182.081038582171,184.66615226695677,1.1582
74220,usgs,02418500,ok,1950-01-01,2013-09-29,23283,0.1525,34,flags: A=23283,8586.28636725341,8619.480431198208,1.2877
74221,usgs,02418760,ok,2002-10-08,2019-12-31,6294,0.5797,17,"flags: A=6170; A, e=124",116.534363658424,118.6214554533888,1.0554
74222,usgs,02419890,ok,1995-10-01,2019-12-31,8323,0.4442,22,"flags: A=8101; A, e=222",12046.6065995557,12033.084760621055,1.2043
74223,usgs,02420000,ok,1950-01-01,2019-12-31,21546,0.2685,29,"flags: A=21460; A, e=86",39079.9501179297,39075.15062063923,1.4382
74224,usgs,02422000,ok,1950-01-01,1971-09-29,7942,1.0,0,flags: A=7942,664.692234304254,631.957098921984,0.9149
74225,usgs,02423000,ok,1950-01-01,1970-09-29,7577,1.0,0,flags: A=7577,44413.5617693413,44275.846746193914,1.3791
74226,usgs,02423130,ok,1988-10-01,2019-12-31,11414,0.2378,31,"flags: A=10973; A, e=441",45.2161194719179,51.0227657736192,1.7828
74227,usgs,02423397,ok,1995-06-16,2019-12-31,8310,0.4451,22,"flags: A=8143; A, e=167",44.8378785209599,44.029797875712,1.8577
74228,usgs,02423400,ok,1986-07-23,2019-12-31,9555,0.3619,25,"flags: A=9370; A, e=185",64.6369800150121,63.195709892198394,1.729
74229,usgs,02423414,ok,2003-08-01,2019-12-31,5997,0.5995,16,"flags: A=5894; A, e=103",126.244342249403,121.729441185792,1.739
74230,usgs,02423425,ok,1975-08-01,2019-12-31,12271,0.264,29,"flags: A=11861; A, e=410",523.47441247661,520.587610177536,1.3102
74231,usgs,02423496,ok,1988-05-01,2019-12-31,11567,0.2276,31,"flags: A=11357; A, e=210",588.473500761536,585.337312935936,1.4594
74232,usgs,02423500,ok,1950-01-01,2019-12-31,14730,0.2053,31,"flags: A=14434; A, e=296",628.225856468426,595.69726537728,1.4531
74233,usgs,0242354750,ok,1998-10-01,2019-12-31,7762,0.4817,21,"flags: A=7629; A, e=133",64.7778966316356,66.3036956246016,1.6853
74234,usgs,02423555,ok,1996-09-30,2019-12-31,5936,0.6036,11,"flags: A=5704; A, e=232",891.334151168123,867.64601696256,1.3699
74235,usgs,02423630,ok,1964-10-01,2019-12-31,13603,0.3903,24,"flags: A=11410; A, R=1871; A, e=322",187.666200364203,187.2561403772928,1.7687
74236,usgs,02424000,ok,1950-01-01,2019-12-31,25567,0.0,41,"flags: A=25322; A, e=245",2662.57760863831,2659.917789315072,1.4248
74237,usgs,02424500,ok,1950-01-01,1969-09-29,7212,1.0,0,flags: A=7212,3601.56286526208,3548.28371116032,1.2509
74238,usgs,02424590,ok,1987-08-28,2011-10-02,8802,0.4122,23,"flags: A=8676; A, e=126",3876.25165087225,3833.18240329728,1.3829
74239,usgs,02425000,ok,1950-01-01,2019-12-31,20452,0.0,41,"flags: A=19714; A, e=738",4599.89694140882,4573.919002853376,1.4449
74240,usgs,02428400,ok,1975-10-01,2019-12-31,16163,0.0,41,"flags: A=15974; A, e=171; A, >=18",55764.4305667487,55614.81469324492,1.3335
74241,usgs,02428500,ok,1950-01-01,1970-09-29,7577,1.0,0,flags: A=7577 | AREA MISMATCH polygon/national=0.00773,4.94207625411274,639.7270632529919,117.241
74242,usgs,02429500,ok,1950-01-01,1975-09-29,9403,1.0,0,flags: A=9403 | AREA MISMATCH polygon/national=1.14e-05,0.647813602996533,56894.268819750905,120650.5425
74243,usgs,02437100,ok,1984-05-03,2019-12-31,13025,0.1302,35,"flags: A=12903; A, e=122",5697.77520151804,5301.705661857792,1.6914
74244,usgs,02438000,ok,1951-01-01,2019-12-31,17896,0.2865,29,"flags: A=17459; A, e=437 | AREA MISMATCH polygon/national=0.00017",0.12168930612266,717.426706563072,10602.4453
74245,usgs,02440000,ok,1951-10-01,1973-09-29,8035,1.0,0,flags: A=8035,430.381618849749,432.5280144261119,1.1314
74246,usgs,02441390,ok,2010-04-20,2019-12-31,2930,0.8043,6,"kept 00060_Mean of 2 00060 series | flags: A=2890; A, e=40",11600.4581285889,11499.54720989184,1.3909
74247,usgs,02442000,ok,1950-01-01,1970-09-29,7577,1.0,0,flags: A=7577 | AREA MISMATCH polygon/national=0.00215,0.723085365546915,336.69845434368,667.798
74248,usgs,02442500,ok,1954-08-01,2011-11-07,7706,0.6114,15,"flags: A=7659; A, e=47 | AREA MISMATCH polygon/national=0.000191",0.122454462676826,639.7270632529919,7714.6651
74249,usgs,02443000,ok,1950-01-01,1991-02-24,10740,0.9599,1,flags: A=10740,795.903558176113,800.3063260938239,1.5614
74250,usgs,02444000,ok,1954-10-01,1980-09-29,8399,0.9574,1,flags: A=8399,336.660057186745,326.33850190233596,1.2927
74251,usgs,02444160,ok,1980-10-01,2019-12-31,13972,0.067,37,"flags: A=13885; A, e=87 | AREA MISMATCH polygon/national=0.0563",837.882954567425,14892.431634432,25.9266
74252,usgs,02444500,ok,1950-01-01,1978-03-31,10317,1.0,0,flags: A=10317,15475.4089009393,15384.52937539584,1.4202
74253,usgs,02446500,ok,1950-01-01,2019-12-31,23009,0.0,41,"flags: A=22960; A, e=49",1386.1219381189,1367.5137222574078,1.4539
74254,usgs,02447025,ok,1978-03-17,2019-12-31,15265,0.0,41,"flags: A=14818; A, e=447 | AREA MISMATCH polygon/national=0.246",4602.39056903772,18725.61403772928,6.0774
74255,usgs,02448500,ok,1950-01-01,2019-12-31,25197,0.0003,41,"flags: A=24462; A, e=735 | AREA MISMATCH polygon/national=4.34e-05",0.123356967069575,2841.216957038592,30325.0943
74256,usgs,02449000,ok,1950-01-01,1978-09-29,8671,1.0,0,flags: A=8671,22535.1960394045,22356.77736842035,1.3847
74257,usgs,02449245,ok,1975-06-01,1997-09-30,8158,0.5427,18,"flags: A=7961; A, e=197",103.142278911301,111.8874863665152,1.4329
74258,usgs,02450000,ok,1950-01-01,2015-09-29,24013,0.1038,36,"flags: A=23394; A, e=619",928.242873379587,927.215743500288,1.8018
74259,usgs,02450180,ok,1976-10-01,2019-12-31,15066,0.0488,38,"flags: A=14407; A, e=659",1272.74313938418,1261.324209733632,1.6569
74260,usgs,02455980,ok,1988-07-01,2019-12-31,11506,0.2317,31,"flags: A=11276; A, e=230",73.6808237056228,70.96567422320639,1.678
74261,usgs,02457000,ok,1953-10-01,2019-03-11,11931,0.4248,22,"flags: A=11652; A, e=279",68.565800515906,61.90071583703039,1.3251
74262,usgs,02457595,ok,1988-05-21,2019-12-31,11547,0.2289,31,"flags: A=11252; A, e=295 | AREA MISMATCH polygon/national=0.000911",0.122419723043127,134.42038292643838,1856.7879
74263,usgs,02458300,ok,1988-06-01,2019-12-31,10966,0.2677,29,"flags: A=10675; A, e=291",70.7150705498521,67.339690868736,1.8969
74264,usgs,02458450,ok,1975-07-01,2019-12-31,13051,0.214,31,"flags: A=12983; A, e=68",90.8457448174435,86.764601696256,2.1093
74265,usgs,02458600,ok,1996-06-21,2019-12-31,8594,0.4261,23,"flags: A=8335; A, e=259",134.100452435095,135.1973793595392,2.9257
74266,usgs,02461500,ok,1975-05-14,2019-12-31,12802,0.2338,29,"flags: A=12512; A, e=290 | AREA MISMATCH polygon/national=0.00178",0.241848188901202,135.97437579264,1254.378
74267,usgs,02462000,ok,1953-10-01,2019-12-31,17378,0.0,41,"flags: A=16864; A, e=514",380.719373747848,383.318240329728,2.0096
74268,usgs,02462500,ok,1976-10-01,2014-09-29,13878,0.1281,35,flags: A=13878,10296.9111508058,10310.742667247616,1.561
74269,usgs,02462951,ok,1976-10-01,2014-09-29,13631,0.1446,34,"flags: A=13612; A, e=19 | negative flow on 13 days",10926.7058241277,10927.159837507585,1.6682
74270,usgs,02465000,ok,1950-01-01,2019-12-31,25508,0.0039,41,"flags: A=25092; A, e=416",12467.6326405157,12483.74269181952,1.5846
74271,usgs,02465292,ok,2002-07-25,2019-12-31,6369,0.5747,17,"flags: A=6230; A, e=139",30.3285547745643,27.7128727805952,1.7211
74272,usgs,02467000,ok,1950-01-01,2019-12-31,25558,0.0006,41,"flags: A=25500; A, e=58",40008.7618693322,39846.96707751936,1.4916
74273,usgs,02467500,ok,1950-01-01,2019-12-31,25567,0.0,41,"flags: A=25477; A, e=90 | AREA MISMATCH polygon/national=0.227",357.153467351785,1572.122782973952,5.538
74274,usgs,02468500,ok,1965-10-01,1988-09-30,8064,0.7847,7,flags: A=8064 | AREA MISMATCH polygon/national=0.000373,0.248385178058637,665.6269443563519,3409.4408
74275,usgs,02469761,ok,1960-10-01,2019-12-31,21636,0.0003,41,"flags: A=21235; A, e=401",47976.4370839717,47699.81102805811,1.4937
74276,usgs,02471078,ok,1995-03-09,2019-12-31,9064,0.3947,24,"flags: A=8970; A, e=94",47.060798613567,42.734803820543995,2.0454
74277,usgs,02476000,ok,1950-01-01,1991-09-29,9017,0.9757,0,flags: A=9017,609.726115841918,611.237194039296,1.0833
74278,usgs,02476600,ok,1968-10-01,2019-12-31,18719,0.0,41,"flags: A=18309; A, e=410",884.41324550954,885.775933734912,1.4062
74279,usgs,02477000,ok,1950-01-01,2019-12-31,25559,0.0005,41,"flags: A=25186; A, e=373",2390.12693024172,2377.6090852884477,1.29
74280,usgs,02478500,ok,1950-01-01,2019-12-31,25560,0.0005,41,"flags: A=25113; A, e=447",7024.27328075924,6967.06801680384,1.3331
74281,usgs,02479000,ok,1950-01-01,2019-12-31,25567,0.0,41,"flags: A=25453; A, e=114",17156.1056690835,17068.021647114238,1.3944
74282,usgs,02479310,ok,2009-09-30,2019-12-31,3726,0.7512,10,"kept 00060_Mean of 2 00060 series | flags: A=3550; A, e=176",21243.8510531399,21248.262457196543,1.5762
74283,usgs,02479500,ok,1950-01-01,1973-09-29,8673,1.0,0,flags: A=8673 | AREA MISMATCH polygon/national=0.698,923.790115904443,1323.483924381696,2.2501
74284,usgs,02479980,ok,1990-06-22,2019-12-31,10785,0.2798,29,"flags: A=10536; A, e=249 | AREA MISMATCH polygon/national=0.749",15.6757874908298,20.92710393151488,2.554
74285,usgs,02480002,ok,1990-06-21,2019-12-31,10786,0.2797,29,"flags: A=10654; A, e=132",23.5428420027195,21.28970226696192,2.2111
74286,usgs,02485700,ok,1980-10-01,2016-08-19,12929,0.1366,35,"flags: A=12328; A, e=601",48.4048001550763,43.5118002536448,1.2945
74287,usgs,02486000,ok,1950-01-01,2019-12-31,25200,0.0245,39,"flags: A=25105; A, e=95",8111.7131172447,8212.852297875455,1.2703
74288,usgs,02488000,ok,1950-01-01,2019-12-31,8173,0.4968,19,"flags: A=8139; A, e=34",11658.1956595587,11799.985830690815,1.3215
74289,usgs,02488500,ok,1950-01-01,2019-12-31,24696,0.0582,37,"flags: A=24348; A, e=348",12819.948003471,12931.810634907648,1.3348
74290,usgs,02489000,ok,1999-10-01,2019-12-31,7397,0.506,20,"flags: A=7220; A, e=177",14713.5676022044,14814.731991121918,1.2433
74291,usgs,02489500,ok,1950-01-01,2019-12-31,25563,0.0003,41,"flags: A=25410; A, e=153 | AREA MISMATCH polygon/national=1.46e-05",0.248885049194777,17023.991849238526,99126.4889
74292,usgs,02490105,ok,1963-10-01,1985-09-29,8035,0.8355,6,flags: A=8035 | AREA MISMATCH polygon/national=0.000671,0.126270079460707,188.2921356214272,2276.7889
74293,usgs,02492000,ok,1950-01-01,2019-12-31,25567,0.0,41,"flags: A=25356; A, e=211 | AREA MISMATCH polygon/national=0.0167",52.5846760725129,3141.655577837568,92.0004
74294,usgs,03058000,ok,1950-01-01,2019-12-31,18991,0.4391,22,"flags: A=18940; A, e=51",262.127860292666,261.588799143936,1.5651
74295,usgs,03058500,ok,1950-01-01,2019-12-31,19722,0.3903,24,"flags: A=19605; A, e=117",576.803079934468,468.787847970816,1.2819
74296,usgs,03059000,ok,1950-01-01,1983-09-29,12325,0.8843,4,flags: A=12325,1024.84357445781,994.555434369024,1.3882
74297,usgs,03059500,ok,1950-01-01,1970-09-29,7577,1.0,0,flags: A=7577 | AREA MISMATCH polygon/national=1.29,281.721892567762,218.853995323392,0.9991
74298,usgs,03061000,ok,1950-01-01,2019-12-31,25196,0.0248,39,"flags: A=24869; A, e=327",1993.73732685783,1965.800975745024,1.419
74299,usgs,03151500,ok,1950-01-01,1973-09-30,8674,1.0,0,flags: A=8674 | AREA MISMATCH polygon/national=0.000569,0.228358325448544,401.44815710208,3052.5439
74300,usgs,03152000,ok,1950-01-01,2019-12-31,18560,0.4679,20,"flags: A=18350; A, e=210",1016.01531137266,1002.325398700032,1.5062
74301,usgs,03153000,ok,1950-01-01,1975-10-07,9411,1.0,0,flags: A=9411,430.284157139502,429.938026315776,1.3019
74302,usgs,03154000,ok,1950-01-01,2019-12-31,11320,0.8721,5,"flags: A=11160; A, e=160 | AREA MISMATCH polygon/national=0.000216",0.114472085319557,530.9475626188799,5797.267
74303,usgs,03154500,ok,1951-10-01,1978-09-29,9861,1.0,0,flags: A=9861 | AREA MISMATCH polygon/national=0.000554,0.114279938071219,206.4220523937792,2040.2302
74304,usgs,03155000,ok,1950-01-01,2019-12-31,25567,0.0,41,"flags: A=25183; A, e=328; A, R=56",3924.86598324044,3926.421975269376,1.3623
74305,usgs,03161000,ok,1950-01-01,2019-12-31,25567,0.0,41,"flags: A=24883; A, e=684 | AREA MISMATCH polygon/national=0.00273",1.45208991293146,530.9475626188799,744.0933
74306,usgs,03164000,ok,1950-01-01,2019-12-31,25567,0.0,41,"flags: A=24989; A, e=578",2853.10523790369,2955.176433893376,1.676
74307,usgs,03165500,ok,1950-01-01,2019-12-31,19241,0.4162,24,"flags: A=19017; A, e=224 | AREA MISMATCH polygon/national=3.36e-05",0.11763632600239,3496.4839489536,45796.6103
74308,usgs,03167000,ok,1991-09-30,2019-12-31,10320,0.3109,28,"flags: A=10093; A, e=227 | AREA MISMATCH polygon/national=0.000176",0.117476651924776,668.2169324666879,5567.7271
74309,usgs,03167500,ok,1950-01-01,1995-09-29,16708,0.5916,16,"flags: A=16530; A, e=178",684.349243407977,691.526825459712,1.4255
74310,usgs,03168000,ok,1950-01-01,2019-12-31,25567,0.0,41,"flags: A=25234; A, e=333 | AREA MISMATCH polygon/national=4.1e-05",0.234946088158548,5729.053700063232,34115.1706
74311,usgs,03170000,ok,1950-01-01,2019-12-31,25567,0.0,41,"flags: A=25237; A, e=330 | AREA MISMATCH polygon/national=0.0144",11.1578596819911,776.9964331008,79.3873
74312,usgs,03171000,ok,1950-01-01,2019-12-31,25567,0.0,41,"flags: A=25521; A, e=46 | AREA MISMATCH polygon/national=3.27e-05",0.234317602743127,7166.497101299711,40920.3306
74313,usgs,03171500,ok,1950-01-01,1976-09-29,9769,1.0,0,flags: A=9769 | AREA MISMATCH polygon/national=1.52e-05,0.116932435977235,7668.954794704896,82925.0546
74314,usgs,03173000,ok,1950-01-01,2019-12-31,25567,0.0,41,"flags: A=25341; A, e=226 | AREA MISMATCH polygon/national=0.0768",59.4798803082614,774.4064449904639,13.5797
74315,usgs,03175500,ok,1950-01-01,2019-12-31,25201,0.0244,39,"flags: A=24872; A, e=329",587.954970180208,577.5673486049279,1.2853
74316,usgs,03176500,ok,1950-01-01,2019-12-31,25567,0.0,41,"flags: A=25403; A, e=164",9889.19133501857,9764.25517596672,1.2568
74317,usgs,03177710,ok,1980-10-01,2019-12-31,11632,0.2232,31,"flags: A=11387; A, e=245 | AREA MISMATCH polygon/national=1.27",146.12014944254,114.7364732878848,1.0773
74318,usgs,03178500,ok,1950-01-01,1971-12-27,8031,1.0,0,flags: A=8031,80.5179201539266,81.3256266645504,1.321
74319,usgs,03179000,ok,1950-07-28,2019-12-31,25358,0.0001,41,"flags: A=25005; A, e=353 | AREA MISMATCH polygon/national=0.000228",0.233057931160185,1023.04530358272,5016.7759
74320,usgs,03180000,ok,1950-01-01,1983-09-29,10159,0.8843,4,flags: A=10159,11845.6914090617,11970.925045972992,1.1664
74321,usgs,03184500,ok,1950-01-01,2003-09-30,19631,0.3964,24,"flags: A=19630; A, e=1",15885.5446007766,16246.995416137726,1.2262
74322,usgs,03185000,ok,1951-08-21,2019-12-31,17603,0.492,20,"flags: A=17449; A, e=154 | AREA MISMATCH polygon/national=0.00288",0.393129718175546,136.4923734147072,434.4386
74323,usgs,03185400,ok,1981-02-19,2019-12-31,14195,0.0521,39,"flags: A=14061; A, e=134",17069.7147554508,17487.59972098867,1.2842
74324,usgs,03193000,ok,1950-01-01,2019-12-31,25567,0.0,41,"flags: A=25281; A, e=286",21250.4551675084,21717.05030516736,1.4396
74325,usgs,03198000,ok,1950-01-01,2019-12-31,25562,0.0003,41,"flags: A=21653; A, e=3909",26656.1491554347,27099.04559844557,1.4385
74326,usgs,03199000,ok,2019-09-06,2019-12-31,117,0.9922,0,"flags: A=87; A, e=30",689.243999261149,696.7068016803839,0.9211
74327,usgs,03201405,ok,1998-10-01,2019-12-31,7762,0.4817,21,"flags: A=7502; A, e=260",72.6906077061895,71.7426706563072,1.2353
74328,usgs,03202400,ok,1968-07-01,2019-12-31,18811,0.0,41,"flags: A=18661; A, e=150 | AREA MISMATCH polygon/national=0.000293",0.232877213172355,795.126349873152,4450.6202
74329,usgs,03202750,ok,1974-06-28,2019-12-31,16623,0.0,41,"flags: A=16209; A, e=414 | AREA MISMATCH polygon/national=0.000357",0.116408431776125,326.33850190233596,4055.7307
74330,usgs,03203600,ok,1962-10-01,2019-12-31,20911,0.0,41,"flags: A=20852; A, e=59",2162.52463049124,2157.460095909888,1.3291
74331,usgs,03204000,ok,1950-01-01,1995-09-30,16709,0.5915,16,"flags: A=16672; A, e=37",3184.83544063154,3172.7354351616,1.3155
74332,usgs,03204500,ok,2019-12-06,2019-12-31,26,0.9983,0,kept 00060_Mean of 2 00060 series | flags: A=26,653.487385555459,663.036956246016,3.0361
74333,usgs,03207020,not_found,,,,,,no daily flow returned for 1950-2019 | AREA MISMATCH polygon/national=0.000149,0.115422774806686,776.9964331008,
74334,usgs,03207500,ok,1950-01-01,1987-09-29,9767,0.9513,1,"flags: A=9573; A, e=194",628.575382859704,619.007158370304,1.1736
74335,usgs,03207800,ok,1967-10-01,2019-12-31,19085,0.0,41,"flags: A=18690; A, e=395 | AREA MISMATCH polygon/national=0.000596",0.458478680314312,769.226468769792,2038.3959
74336,usgs,03208000,ok,1950-01-01,2000-09-29,16341,0.6161,14,flags: A=16341 | AREA MISMATCH polygon/national=0.015,15.279099114978,1015.275339251712,78.847
74337,usgs,03208500,ok,1950-01-01,2019-12-31,25567,0.0,41,"flags: A=25226; A, e=341",738.714953273948,740.7365995560959,1.1658
74338,usgs,03208700,ok,1961-10-01,1987-09-29,9495,0.7867,8,flags: A=9495,51.1041836740942,47.914780041216,1.3425
74339,usgs,03208900,ok,1963-10-01,1982-09-29,6939,0.9086,3,flags: A=6939,214.477068053128,208.2350440710144,1.4362
74340,usgs,03208950,ok,1963-10-01,2019-12-31,20546,0.0,41,"flags: A=20143; A, e=403 | AREA MISMATCH polygon/national=0.00068",0.117186990114091,172.234209337344,1697.8734
74341,usgs,03209000,ok,1950-01-01,2019-12-31,25567,0.0,41,"flags: A=25537; A, e=30 | AREA MISMATCH polygon/national=0.00239",1.36705007649208,572.387372384256,524.489
74342,usgs,03209200,ok,1962-10-01,2019-12-31,8342,0.8393,5,"flags: A=8338; A, e=4",1358.96633267375,1362.333746036736,1.2692
74343,usgs,03209300,ok,1960-10-01,1992-09-29,11687,0.6647,13,flags: A=11687,1430.94423370966,1434.853413126144,1.2111
74344,usgs,03209500,ok,1950-01-01,2019-12-31,25567,0.0,41,"flags: A=25409; A, e=158",3211.80357957811,3190.865351933952,1.1688
74345,usgs,03210000,ok,1950-01-01,2019-12-31,25202,0.0244,39,"flags: A=24787; A, e=415 | AREA MISMATCH polygon/national=0.00159",0.232346153317827,145.81633061191678,745.945
74346,usgs,03211500,ok,1950-01-01,1992-09-30,15614,0.6646,13,flags: A=15614,534.456765271096,533.5375507292159,1.1166
74347,usgs,03212000,ok,1950-04-01,1975-09-29,9313,1.0,0,flags: A=9313 | AREA MISMATCH polygon/national=0.0943,25.1578926501184,266.76877536460796,12.7047
74348,usgs,03212500,ok,1950-01-01,2019-12-31,25565,0.0001,41,"flags: A=25204; A, e=359; A, >=2 | AREA MISMATCH polygon/national=2.09e-05",0.116106934248238,5552.934508560384,54736.1581
74349,usgs,03212750,ok,1985-01-29,2019-12-31,11659,0.2214,31,"flags: A=11277; A, e=382 | AREA MISMATCH polygon/national=0.000259",0.116696729165393,450.657931198464,4441.0881
74350,usgs,03212980,ok,1985-02-11,2019-12-31,11645,0.2224,31,"flags: A=11405; A, e=240 | AREA MISMATCH polygon/national=0.000216",0.116765674482363,541.307515060224,4841.2661
74351,usgs,03213000,ok,2019-09-30,2019-12-31,93,0.9938,0,"kept 00060_Mean of 2 00060 series | flags: A=84; A, e=9",1328.84673374941,1302.764019499008,0.433
74352,usgs,03213500,ok,1950-01-01,2019-12-31,19698,0.3919,24,"flags: A=19521; A, e=177 | AREA MISMATCH polygon/national=0.00465",0.373435926593424,80.289631420416,235.7721
74353,usgs,03214500,ok,1985-02-08,2019-12-31,12745,0.1489,35,"flags: A=12468; A, e=277 | AREA MISMATCH polygon/national=7.02e-05",0.23215609463232,3307.414816899072,16097.4727
74354,usgs,03215000,ok,1950-01-01,1976-10-14,9784,1.0,0,flags: A=9784,10163.6313298612,10093.183665979392,1.1461
74355,usgs,03215500,ok,1950-01-01,1975-09-29,9403,1.0,0,flags: A=9403 | AREA MISMATCH polygon/national=0.0041,2.30215821562723,562.0274199429119,267.6363
74356,usgs,03216350,ok,1966-10-01,1992-09-30,9497,0.6646,13,flags: A=9497 | AREA MISMATCH polygon/national=0.174,88.5334469559622,507.6376696258559,6.6682
74357,usgs,03216500,ok,1950-01-01,2019-12-31,25564,0.0002,41,"flags: A=25397; A, e=167 | AREA MISMATCH polygon/national=0.000111",0.11529871454771,1035.9952441344,10669.5941
74358,usgs,03216800,ok,1957-01-01,1994-09-29,13786,0.616,15,"flags: A=13770; A, e=16 | AREA MISMATCH polygon/national=0.000747",0.115343327382814,154.3632913760256,1859.4069
74359,usgs,03217000,ok,1950-01-01,2019-12-31,25567,0.0,41,"flags: A=24659; A, e=908 | AREA MISMATCH polygon/national=0.000183",0.114922333014871,626.777122701312,6841.9824
74360,usgs,03237255,ok,2000-12-07,2012-09-29,4315,0.7119,11,"flags: A=4058; A, e=257 | AREA MISMATCH polygon/national=0.0653",36.1683218804939,554.257455611904,21.6089
74361,usgs,03238140,ok,2007-09-30,2019-12-31,4476,0.7011,12,"flags: A=4166; A, e=310 | AREA MISMATCH polygon/national=0.0208",0.228142203048328,10.98154958782464,66.6001
74362,usgs,03238745,ok,2001-01-17,2019-12-31,6923,0.5377,19,"flags: A=6454; A, e=469",98.6718986347091,101.009536303104,1.4547
74363,usgs,03238772,ok,2001-03-10,2019-12-31,6574,0.561,17,"flags: A=6291; A, e=283 | AREA MISMATCH polygon/national=0.0281",0.225244263734266,8.028963142041599,50.3262
74364,usgs,03248300,ok,2001-04-25,2019-12-31,6088,0.5935,14,"flags: A=5762; A, e=326",269.216011142947,277.128727805952,1.2714
74365,usgs,03248500,ok,1950-01-01,1997-09-29,16709,0.5915,15,"flags: A=16653; A, e=56 | AREA MISMATCH polygon/national=0.00103",0.371912247405325,362.59833544704,1185.22
74366,usgs,03249500,ok,1950-01-01,2018-03-21,19794,0.3855,18,"flags: A=19680; A, e=114",2118.58535274107,2141.920167247872,1.2125
74367,usgs,03249505,ok,2003-10-01,2017-08-09,2477,0.8346,4,"flags: A=2443; A, e=34 | AREA MISMATCH polygon/national=0.000219",0.470355013301543,2152.280119689216,6572.6234
74368,usgs,03250000,ok,1950-01-01,1992-09-30,12692,0.8598,4,flags: A=12692 | AREA MISMATCH polygon/national=0.000939,0.115527874866421,123.02443524096,1618.9682
74369,usgs,03250100,ok,1967-08-24,2019-12-31,11815,0.488,20,"flags: A=11679; A, e=136 | AREA MISMATCH polygon/national=0.00178",0.39079267923899,219.3719929454592,843.9577
74370,usgs,03250190,ok,2000-03-01,2019-12-31,7106,0.5255,20,"flags: A=6408; A, e=698 | AREA MISMATCH polygon/national=0.209",45.7199339230443,218.853995323392,6.474
74371,usgs,03250310,ok,1996-07-24,2009-07-08,4733,0.6839,12,"flags: A=4106; A, e=627 | AREA MISMATCH polygon/national=1.43",6.13288066147024,4.29938026315776,0.7664
74372,usgs,03250322,ok,1996-12-20,2019-12-31,8379,0.4405,23,"flags: A, R=4577; A=2744; A, e=1058 | AREA MISMATCH polygon/national=1.86",20.1929083383643,10.8779500634112,0.7006
74373,usgs,03250500,ok,1950-01-01,2019-12-31,10225,0.5549,18,"flags: A=10101; A, e=124",4613.5291813058,4623.128776949759,1.3917
74374,usgs,03251000,ok,1950-01-01,1991-09-30,14152,0.7561,9,flags: A=14152,307.283530380479,308.208585129984,1.168
74375,usgs,03251500,ok,1950-01-01,2019-12-31,23405,0.1444,34,"flags: A=22906; A, e=499 | AREA MISMATCH polygon/national=0.00087",5.24104047304871,6024.312344641536,1487.1762
74376,usgs,03252000,ok,1953-04-01,1991-09-30,14047,0.6891,12,flags: A=14047,615.525218583182,619.007158370304,1.1599
74377,usgs,03252300,ok,1991-10-01,2019-12-31,10319,0.3109,28,"flags: A=9520; A, e=799 | AREA MISMATCH polygon/national=0.00235",0.936880540960828,398.858168991744,567.5249
74378,usgs,03252500,ok,1950-01-01,1994-09-29,15613,0.6647,11,"flags: A=15586; A, e=27 | AREA MISMATCH polygon/national=0.000141",0.227131547277354,1608.3826165186558,8436.9117
74379,usgs,03253500,ok,1950-01-01,2019-12-31,21184,0.2865,28,"flags: A=20591; A, e=593",8534.68961003752,8546.960764108799,1.2568
74380,usgs,03254480,ok,2000-12-01,2019-12-31,6605,0.5589,17,"flags: A=6059; A, e=546",45.9375197469513,46.619785986048,1.6056
74381,usgs,03254550,ok,1999-04-01,2019-12-31,7580,0.4938,20,"flags: A=6923; A, e=657 | AREA MISMATCH polygon/national=0.00147",0.114254806534868,77.69964331007999,977.9227
74382,usgs,03260015,ok,2007-08-01,2019-12-31,4536,0.6971,12,"flags: A=3958; A, e=578 | AREA MISMATCH polygon/national=0.00689",0.114088975675241,16.550024025047037,177.3148
74383,usgs,03260050,ok,2007-09-30,2019-12-31,4476,0.7011,12,"flags: A=4177; A, e=299",29.3566139524573,33.1518478123008,1.7411
74384,usgs,03260100,ok,1999-04-09,2019-12-31,7562,0.495,20,"flags: A=7231; A, e=331",9.74176759424032,10.43765208465408,2.1383
74385,usgs,03262001,ok,2000-12-01,2019-12-31,6970,0.5346,19,"flags: A=6463; A, e=474; A, R=33",61.1195136014276,62.677712270131195,1.4768
74386,usgs,03277075,ok,1999-04-01,2019-12-31,7580,0.4938,20,"flags: A=7103; A, e=477",94.5801991741535,94.7935648382976,1.5634
74387,usgs,03277130,ok,2000-12-01,2019-12-31,6605,0.5589,17,"flags: A=5846; A, e=750; A, R=9 | AREA MISMATCH polygon/national=0.0102",0.959656997588256,94.2755672162304,152.6079
74388,usgs,03277300,ok,1998-10-01,2019-12-31,7762,0.4817,21,"flags: A=7435; A, e=327",180.911100372567,171.9752105263104,1.0483
74389,usgs,03277450,not_found,,,,,,no daily flow returned for 1950-2019 | AREA MISMATCH polygon/national=0.00149,0.23404376427261,156.9532794863616,
74390,usgs,03277500,ok,1950-01-01,2019-12-31,17776,0.5203,17,"flags: A=17313; A, e=370; A, R=93",1224.41456285789,1206.934459416576,1.1964
74391,usgs,03278500,ok,1950-04-01,1981-11-05,11542,0.9306,3,flags: A=11542,460.199132068004,458.427895529472,1.3291
74392,usgs,03280000,ok,1950-01-01,2019-12-31,24106,0.0976,36,"flags: A=23786; A, e=320",2873.52609207658,2851.5769094799357,1.2319
74393,usgs,03280600,not_found,,,,,,no daily flow returned for 1950-2019,531.883250518264,523.177598287872,
74394,usgs,03280700,ok,1957-10-01,2019-12-31,22737,0.0,41,"flags: A=21406; A, e=1328; A, >=3 | AREA MISMATCH polygon/national=0.00145",0.230929694120506,158.76627116359677,973.1278
74395,usgs,03280900,ok,1956-10-01,1975-10-02,6941,1.0,0,flags: A=6941 | AREA MISMATCH polygon/national=0.0253,27.5284803917843,1087.79500634112,56.1177
74396,usgs,03281000,ok,1950-01-01,2019-12-31,25567,0.0,41,"flags: A=25364; A, e=203 | AREA MISMATCH polygon/national=8.38e-05",0.116521058736062,1390.823615250432,16880.983
74397,usgs,03281040,ok,1972-08-01,2000-09-29,10287,0.4696,21,"flags: A=9982; A, e=305",396.91276391344,401.44815710208,1.6796
74398,usgs,03281500,ok,1950-01-01,2019-12-31,25558,0.0006,41,"flags: A=25133; A, e=328; A, R=71; A, <=26 | AREA MISMATCH polygon/national=0.000671",1.25553476022812,1869.971415662592,2146.21
74399,usgs,03282000,ok,1950-01-01,2019-12-31,25567,0.0,41,"flags: A=25154; A, e=412; A, <=1",6913.86456833054,6881.5984091627515,1.377
74400,usgs,03282060,ok,2004-08-19,2019-12-31,5613,0.6252,15,"flags: A=5423; A, e=190 | AREA MISMATCH polygon/national=5.46e-05",0.393996484422844,7210.526899175424,24914.3183
74401,usgs,03282120,ok,2000-10-01,2019-12-31,7031,0.5305,19,"flags: A=6855; A, e=176 | AREA MISMATCH polygon/national=4.64e-05",0.350739585595778,7552.405329739776,29574.3706
74402,usgs,03282290,ok,2002-09-30,2019-12-31,6302,0.5792,17,"flags: A=6157; A, e=145 | AREA MISMATCH polygon/national=0.000132",1.09881735080308,8337.171727171584,10572.1449
74403,usgs,03282500,ok,1954-04-01,2019-12-31,22445,0.1049,34,"flags: A=21851; A, e=594 | AREA MISMATCH polygon/national=0.0185",3.15023107839705,170.4212176601088,69.5712
74404,usgs,03283500,ok,1950-01-01,2019-12-31,24837,0.0487,38,"flags: A=24253; A, e=584 | AREA MISMATCH polygon/national=0.000124",0.116030730440547,937.575695941632,11031.7694
74405,usgs,03284000,ok,1950-01-01,2019-12-31,24837,0.0487,38,"flags: A=24598; A, e=239",10276.0037644177,10243.40297637888,1.3357
74406,usgs,03284230,ok,2009-10-01,2019-12-31,3731,0.7509,10,"flags: A=3694; A, e=37",10658.5908107996,10621.541240487935,1.4947
74407,usgs,03284500,ok,1950-01-01,2019-12-31,12756,0.6785,12,"flags: A=12503; A, e=253",11478.3453458293,11432.207519023104,1.2964
74408,usgs,03284520,ok,1997-09-05,2012-06-11,5394,0.6398,14,"flags: A=5169; A, e=225 | AREA MISMATCH polygon/national=0.648",2.65282232759937,4.09218121433088,2.4275
74409,usgs,03284530,ok,1997-09-04,2012-06-11,5395,0.6397,14,"flags: A=5168; A, e=227 | AREA MISMATCH polygon/national=0.00296",0.115895134887113,39.108820466073595,402.4103
74410,usgs,03284555,ok,1997-10-01,2012-06-11,5368,0.6415,14,"flags: A=5312; A, e=56 | AREA MISMATCH polygon/national=0.00218",0.115923202692709,53.094756261887994,1489.0919
74411,usgs,03286500,ok,1992-10-01,2019-12-31,9760,0.3482,26,"flags: A=6231; A, e=3529 | AREA MISMATCH polygon/national=2.61e-05",0.339822218125407,13043.180123652097,51588.351
74412,usgs,03287000,ok,1950-01-01,2019-12-31,23739,0.1221,35,"flags: A=23526; A, e=213",13254.9528491734,13214.119338934272,1.3085
74413,usgs,03287250,ok,2003-10-01,2019-12-31,5914,0.6051,16,"flags: A=5837; A, e=77",13588.4840726187,13532.6878765056,1.4188
74414,usgs,03287500,ok,1950-01-01,2019-12-31,25567,0.0,41,"flags: A=25165; A, e=387; A, <=15",13799.9371093215,14014.425665028097,1.3299
74415,usgs,03287580,ok,1997-10-01,2012-06-10,5107,0.659,12,"flags: A=4855; A, e=252 | AREA MISMATCH polygon/national=0.0696",0.396828807032982,5.6979738427392,19.3162
74416,usgs,03287600,ok,1997-10-01,2019-12-31,8127,0.4573,22,"flags: A=7539; A, e=588",61.3710410518944,55.684744372224,1.4227
74417,usgs,03288100,ok,1992-12-01,2019-12-31,9892,0.3394,27,"flags: A=9305; A, e=454; A, R=133",379.599343754367,380.728252219392,1.565
74418,usgs,03288200,ok,1999-02-17,2012-06-17,4870,0.6748,13,"flags: A=4836; A, e=34 | AREA MISMATCH polygon/national=0.00449",0.231206345917901,51.54076339568639,90.4542
74419,usgs,03288500,ok,1952-10-01,1972-09-29,7304,1.0,0,flags: A=7304 | AREA MISMATCH polygon/national=0.763,5.00265665229879,6.5526699191500795,1.437
74420,usgs,03289000,ok,1950-03-24,2019-12-31,23659,0.1219,35,"flags: A=23330; A, e=327; A, R=2",61.1032701898409,62.159714648064,1.4657
74421,usgs,03289193,ok,1997-10-01,2019-12-31,8127,0.4573,22,"flags: A=7740; A, e=387",25.80405798579,24.78618621591552,1.7365
74422,usgs,03289200,ok,1997-10-01,2019-12-31,8127,0.4573,22,"flags: A=7908; A, e=205; A, >=9; A, <=5",79.6986033633045,77.69964331007999,2.949
74423,usgs,03289300,ok,1982-09-01,2019-12-31,13636,0.0894,37,"flags: A=12906; A, e=707; A, R=23 | AREA MISMATCH polygon/national=0.000425",0.115596385914973,271.94875158528,3966.7683
74424,usgs,03289500,ok,1950-01-01,2019-12-31,24420,0.0766,37,"flags: A=23924; A, e=496",1201.82604185396,1225.064376188928,1.4348
74425,usgs,03290000,ok,1951-10-01,1971-09-29,7304,1.0,0,flags: A=7304,15.5924856443975,14.58163306119168,1.0169
74426,usgs,03290500,ok,1950-01-01,2019-12-31,23354,0.1478,34,"flags: A=23224; A, e=130",16048.702512299,16006.126521876478,1.3446
74427,usgs,03291000,ok,1950-01-01,2019-12-31,12427,0.7987,8,"flags: A=12313; A, e=114 | AREA MISMATCH polygon/national=0.031",3.44042359342958,111.1104899334144,42.0149
74428,usgs,03292460,ok,1967-12-01,1994-09-30,9801,0.6159,15,"flags: A=9759; A, e=42 | AREA MISMATCH polygon/national=0.0108",0.676928023573461,62.4187134590976,133.8414
74429,usgs,03292470,ok,1999-01-01,2019-12-31,7668,0.4879,21,"flags: A=6662; A, e=1006",177.434303058165,182.0761641566208,1.7709
74430,usgs,03292474,ok,1996-10-01,2019-12-31,8481,0.4337,23,"flags: A=7902; A, e=579 | AREA MISMATCH polygon/national=0.097",1.50705779462841,15.539928662016,16.332
74431,usgs,03292475,ok,1999-11-01,2019-12-31,6629,0.5573,16,"flags: A=5997; A, e=632 | AREA MISMATCH polygon/national=0.0198",0.516983984284516,26.1588799143936,72.4887
74432,usgs,03292480,ok,1998-12-01,2019-12-31,7676,0.4874,21,"flags: A=7188; A, e=488 | AREA MISMATCH polygon/national=1.7",25.5219258329319,15.021931039948798,1.2326
74433,usgs,03292500,ok,1950-01-01,2019-12-31,18519,0.2586,28,"flags: A=17597; A, e=922 | AREA MISMATCH polygon/national=0.00259",0.115479835062375,44.5477954977792,529.5469
74434,usgs,03292550,ok,1998-09-30,2014-11-04,5880,0.6073,16,"flags: A=5418; A, e=462 | AREA MISMATCH polygon/national=0.149",8.69430170344678,58.5337312935936,9.9074
74435,usgs,03293000,ok,1950-01-01,2019-12-31,25202,0.0244,39,"flags: A=24626; A, e=576 | AREA MISMATCH polygon/national=1.4",68.4736036144988,48.9507752853504,0.9809
74436,usgs,03293500,not_found,,,,,,no daily flow returned for 1950-2019 | AREA MISMATCH polygon/national=1.34,86.2341981521017,64.23170513633279,
74437,usgs,03293510,ok,2008-03-12,2019-12-31,4101,0.7261,10,"flags: A=3890; A, e=211 | negative flow on 572 days | AREA MISMATCH polygon/national=0.000741",0.115398075686841,155.6582854311936,2226.5754
74438,usgs,03293530,not_found,,,,,,no daily flow returned for 1950-2019 | AREA MISMATCH polygon/national=0.0462,0.742490287417231,16.057926284083198,
74439,usgs,03294500,ok,1950-01-01,2019-12-31,25565,0.0001,41,"flags: A=24474; A, e=1091 | AREA MISMATCH polygon/national=1.47e-06",0.347920945529942,236129.2160193331,871970.7396
74440,usgs,03294550,ok,1988-05-11,2019-12-31,9751,0.3488,25,"flags: A=9141; A, e=610 | negative flow on 2 days",61.2740385738084,63.195709892198394,0.6339
74441,usgs,03295000,ok,1952-10-01,1973-09-29,7669,1.0,0,flags: A=7669,115.796259151736,107.2255077679104,1.049
74442,usgs,03295890,ok,1981-07-01,2019-12-31,13697,0.0853,36,"flags: A=13003; A, e=694",663.667795261226,670.806920577024,1.4482
74443,usgs,03297500,ok,1954-04-01,1974-10-07,7495,1.0,0,flags: A=7495 | AREA MISMATCH polygon/national=0.00277,0.228199695197958,82.3616219086848,436.6409
74444,usgs,03297800,ok,2002-04-26,2019-12-31,6031,0.5973,15,"flags: A=5264; A, e=767 | AREA MISMATCH polygon/national=0.0037",0.115831156710566,31.3388561350656,473.3112
74445,usgs,03298000,ok,1950-01-01,2019-12-31,25195,0.0248,39,"flags: A=24181; A, e=1014 | AREA MISMATCH polygon/national=0.0377",13.4765383328443,357.41835922636795,36.2443
74446,usgs,03298135,ok,1996-01-17,2019-12-31,8405,0.4387,23,"flags: A=8194; A, e=211 | AREA MISMATCH polygon/national=0.0261",0.369678635198538,14.167234963537918,76.7714
74447,usgs,03298150,ok,1996-01-23,2019-12-31,8744,0.4161,24,"flags: A=8377; A, e=363; A, R=4",30.9180655920051,30.043862079897597,2.0755
74448,usgs,03298200,ok,2000-11-01,2019-12-31,7000,0.5326,19,"flags: A=6249; A, e=751",564.287560566719,551.667467501568,1.6299
74449,usgs,03298250,ok,1999-01-01,2019-12-31,6573,0.5611,17,"flags: A=6331; A, e=242 | AREA MISMATCH polygon/national=0.00402",0.115692862572402,28.748868024729596,526.6596
74450,usgs,03298300,ok,1998-10-01,2019-12-31,7762,0.4817,21,"flags: A=6728; A, e=1034 | AREA MISMATCH polygon/national=0.0565",0.936898060448439,16.5759239061504,26.8449
74451,usgs,03298500,ok,1950-01-01,2019-12-31,25557,0.0007,41,"flags: A=24953; A, e=604",3103.99712582434,3100.2157680721916,1.3322
74452,usgs,03298550,ok,1992-04-01,2019-12-31,10136,0.3231,27,"flags: A=9662; A, e=474",20.5234356514966,20.48680595275776,1.2862
74453,usgs,03299000,ok,1950-01-01,1992-09-30,13788,0.7866,7,flags: A=13788 | AREA MISMATCH polygon/national=0.000188,0.116612203172165,619.007158370304,7625.5048
74454,usgs,03300000,ok,1952-10-01,1972-09-29,7304,1.0,0,flags: A=7304 | AREA MISMATCH polygon/national=0.000523,0.11628613283458,222.4799786778624,2182.0014
74455,usgs,03301000,ok,1950-01-01,2019-12-31,16708,0.4879,20,"flags: A=16122; A, e=586",1731.59575100314,1732.7020458147838,1.4279
74456,usgs,03301500,ok,1950-01-01,2019-12-31,25566,0.0001,41,"flags: A=24943; A, e=623",3393.70851907587,3364.394555326464,1.3778
74457,usgs,03301700,ok,1998-05-01,2013-09-29,5631,0.624,14,"flags: A=5434; A, e=197 | AREA MISMATCH polygon/national=0.00397",0.39251255323618,98.9375458148352,401.5105
74458,usgs,03301900,ok,1997-09-18,2019-12-31,8138,0.4566,22,"flags: A=7787; A, e=351 | AREA MISMATCH polygon/national=0.0127",0.115539312212021,9.064958386176,146.7849
74459,usgs,03302000,ok,1950-01-01,2019-12-31,25567,0.0,41,"flags: A=24443; A, e=1085; A, R=39 | AREA MISMATCH polygon/national=0.0014",0.231248412766949,165.759239061504,1010.8262
74460,usgs,03302030,ok,1998-12-04,2019-12-31,7698,0.4859,21,"flags: A=6568; A, e=1053; A, R=77 | AREA MISMATCH polygon/national=0.00163",0.338783379273588,207.9760452599808,986.5948
74461,usgs,03302050,ok,1999-01-01,2019-12-31,7365,0.5082,20,"flags: A=7075; A, e=290",12.2147899268377,10.359952441344,1.2133
74462,usgs,03302110,ok,1999-01-01,2011-09-29,4655,0.6891,12,"flags: A=4400; A, e=255 | AREA MISMATCH polygon/national=0.00089",0.228586235113437,256.92682054533117,1711.6428
74463,usgs,03302300,ok,1968-10-01,2003-09-29,12782,0.3965,24,"flags: A=12302; A, e=480 | AREA MISMATCH polygon/national=0.00957",0.399053022700305,41.6988085764096,139.8848
74464,usgs,03302500,ok,1950-01-01,1993-09-29,15978,0.6403,14,"flags: A=15865; A, e=113 | AREA MISMATCH polygon/national=0.00179",0.598981986669014,334.10846623334396,672.5304
74465,usgs,03302680,ok,1970-06-27,2019-12-31,18085,0.0,41,"flags: A=17096; A, e=989 | AREA MISMATCH polygon/national=0.00233",0.11485989728833,49.209774096383995,574.8271
74466,usgs,03303300,ok,1961-09-01,2019-12-31,21304,0.0001,41,"flags: A=20202; A, e=1039; A, R=63 | AREA MISMATCH polygon/national=0.0581",5.99282286934066,103.08152679137278,24.0878
74467,usgs,03303400,ok,1969-10-01,2003-09-29,12417,0.3965,24,"flags: A=11644; A, e=773",24.7992386547812,20.35730654724096,1.1127
74468,usgs,03304500,ok,1951-10-01,1971-09-29,7304,1.0,0,flags: A=7304 | AREA MISMATCH polygon/national=4.39,24.3160934912827,5.54257455611904,0.2592
74469,usgs,03305000,ok,1951-10-01,2019-12-31,11441,0.7744,9,"flags: A=11242; A, e=199 | AREA MISMATCH polygon/national=0.00201",0.116729211323462,58.01573367152639,705.7431
74470,usgs,03306000,ok,1963-10-01,1994-09-30,11323,0.6159,15,"flags: A=11315; A, e=8",1766.11168597166,1766.371891249152,1.5854
74471,usgs,03306500,not_found,,,,,,no daily flow returned for 1950-2019,1910.60533410052,1906.231249207296,
74472,usgs,03307500,ok,1950-01-01,1972-10-16,8325,1.0,0,flags: A=8325 | AREA MISMATCH polygon/national=0.00248,0.117416311093762,47.3967824191488,553.9929
74473,usgs,03308500,ok,1950-01-01,2019-12-31,24106,0.0976,35,"flags: A=23864; A, e=242",4380.15994366191,4333.050108592128,1.5984
74474,usgs,03310000,ok,1950-01-01,2019-12-31,12055,0.7744,9,"flags: A=11706; A, e=349 | AREA MISMATCH polygon/national=0.0113",1.11811095696528,98.73034676600832,111.556
74475,usgs,03311000,ok,1950-01-01,2004-09-29,16342,0.372,25,"flags: A=16339; A, e=3",1822.240126009,1820.761641566208,1.3381
74476,usgs,03311500,ok,1950-01-01,1992-09-30,15614,0.6646,13,flags: A=15614,7147.89220054428,7153.547160748031,1.58
74477,usgs,03311600,ok,1972-10-01,1994-09-30,8035,0.6159,15,"flags: A=7946; A, e=89",30.7833166805307,28.2308704026624,1.4422
74478,usgs,03312000,ok,1950-01-01,1971-09-29,7942,1.0,0,flags: A=7942,81.628827633705,79.7716337983488,1.278
74479,usgs,03312259,ok,2004-01-01,2018-10-15,5402,0.6393,14,"flags: A=5317; A, e=85",36.2409580885244,37.554827599872,1.6642
74480,usgs,03313000,ok,1950-01-01,1994-09-30,12690,0.6159,15,flags: A=12690,2416.5089066503,2439.7687999365116,1.5529
74481,usgs,03313500,ok,1950-10-01,1972-10-04,8040,1.0,0,flags: A=8040 | AREA MISMATCH polygon/national=0.0594,1.14988406009356,19.34721118420992,23.0155
74482,usgs,03314500,ok,1950-01-01,2019-12-31,22859,0.1808,33,"flags: A=22551; A, e=308",4759.90951887105,4788.888016011264,1.3687
74483,usgs,03315500,ok,1950-01-01,1993-09-29,15978,0.6403,14,"flags: A=15614; A, e=364 | AREA MISMATCH polygon/national=0.579",8105.45961597938,13996.295748255743,2.656
74484,usgs,03316500,ok,1950-01-01,2019-12-31,18688,0.2317,31,"flags: A=18146; A, e=542",15960.7371067095,16013.896486207486,1.4843
74485,usgs,03318500,ok,1950-01-01,1994-09-30,16344,0.6159,15,"flags: A=16337; A, e=7",1309.12011523054,1305.354007609344,1.4028
74486,usgs,03318800,ok,1956-10-01,2019-12-31,16528,0.439,22,"flags: A=16464; A, e=64 | AREA MISMATCH polygon/national=0.000363",0.116659945623073,321.158525681664,4183.3081
74487,usgs,03319000,ok,1950-01-01,2004-09-29,16557,0.6017,15,"flags: A=16480; A, e=77",1955.44750491268,1960.620999524352,1.4354
74488,usgs,03320000,ok,1950-01-01,2019-12-31,25567,0.0,41,"flags: A=25129; A, e=438",19546.4820614424,19595.850042802176,1.4525
74489,usgs,03320500,ok,1950-01-01,2019-12-31,25564,0.0002,41,"flags: A=23677; A, e=1887 | AREA MISMATCH polygon/national=0.000233",0.117195241850711,502.457693405184,6290.9715
74490,usgs,03322100,ok,1960-10-01,1985-07-31,9064,0.8395,6,flags: A=9064 | negative flow on 6 days | AREA MISMATCH polygon/national=0.000276,0.23097476049328,836.566159638528,3967.2995
74491,usgs,03343000,ok,1950-01-01,1994-09-30,16344,0.6159,15,"flags: A=16319; A, e=25 | AREA MISMATCH polygon/national=3.23e-06",0.114699670827154,35498.377040265215,280916.4357
74492,usgs,03346500,ok,2001-10-01,2019-12-31,6666,0.5549,18,"flags: A=5836; A, e=830 | AREA MISMATCH polygon/national=9.34e-05",0.56464032629517,6042.4422614138875,11398.7795
74493,usgs,03366200,ok,1968-08-01,2003-09-30,12844,0.3964,24,"flags: A=12512; A, e=332",25.6390237444016,24.11278930722816,1.2935
74494,usgs,03366500,ok,1950-01-01,2019-12-31,25567,0.0,41,"flags: A=24727; A, e=840 | AREA MISMATCH polygon/national=0.000151",0.114539094978608,758.8665163284479,8149.0669
74495,usgs,03371500,ok,1957-10-01,2019-12-31,22737,0.0,41,"flags: A=21849; A, e=888 | AREA MISMATCH polygon/national=2.29e-05",0.228539129663329,9999.944094007296,51228.3585
74496,usgs,03371520,ok,1970-10-01,2003-09-30,12053,0.3964,24,"flags: A=11573; A, e=480",58.954604671545,62.4187134590976,1.4989
74497,usgs,03374000,ok,1950-01-01,2019-12-31,25567,0.0,41,"flags: A=25022; A, e=545 | AREA MISMATCH polygon/national=1.97e-05",0.566891640535364,28813.617727488,58360.1153
74498,usgs,03374455,ok,1968-10-01,2003-09-30,12783,0.3964,24,"flags: A=11488; A, e=1295 | AREA MISMATCH polygon/national=0.00685",0.226957764436486,33.1518478123008,271.5881
74499,usgs,03375500,ok,1950-01-01,2019-12-31,25567,0.0,41,"flags: A=25121; A, e=446 | AREA MISMATCH polygon/national=0.0072",4.88555400108579,678.576884908032,189.4138
74500,usgs,03375800,ok,1970-10-01,2001-12-31,11415,0.439,23,"flags: A=11127; A, e=288 | AREA MISMATCH polygon/national=0.0181",1.02446080639243,56.4617408053248,76.1475
74501,usgs,03376300,ok,1963-10-01,2019-12-31,16441,0.1806,33,"flags: A=15875; A, e=566",1551.21000299825,1561.762830532608,1.3438
74502,usgs,03376350,ok,1964-10-01,2005-09-30,10604,0.6395,13,"flags: A=10360; A, e=244 | AREA MISMATCH polygon/national=0.213",23.6185311881454,110.8514911223808,5.3623
74503,usgs,03376500,ok,1950-01-01,2019-12-31,25567,0.0,41,"flags: A=25227; A, e=340 | AREA MISMATCH polygon/national=5.41e-05",0.115199216216857,2128.9702266961917,23752.6898
74504,usgs,03377500,ok,1950-01-01,2019-12-31,25567,0.0,41,"flags: A=25268; A, e=299 | AREA MISMATCH polygon/national=1.55e-06",0.115184169081961,74164.30953947136,665131.9719
74505,usgs,03378000,ok,1950-01-01,2019-12-31,25567,0.0,41,"flags: A=24052; A, e=1515 | AREA MISMATCH polygon/national=0.00228",1.34600165339066,590.517289156608,460.5325
74506,usgs,03378550,ok,1965-07-01,2019-12-31,19907,0.0,41,"flags: A=18706; A, e=1201 | AREA MISMATCH polygon/national=0.000429",0.115688742407538,269.358763474944,2679.9067
74507,usgs,03380350,ok,1965-10-01,1982-10-07,6216,0.9081,3,flags: A=6216 | AREA MISMATCH polygon/national=0.000213,0.114988631451747,538.717526949888,3605.6682
74508,usgs,03380475,ok,1959-07-01,1990-09-30,11415,0.7135,11,"flags: A=11306; A, e=109 | AREA MISMATCH polygon/national=0.00388",0.977019710511238,251.7468443246592,250.6862
74509,usgs,03380500,ok,1950-01-01,2019-12-31,25567,0.0,41,"flags: A=24757; A, e=810 | AREA MISMATCH polygon/national=0.000908",1.09067561796936,1201.754483195904,1019.2851
74510,usgs,03381500,ok,1950-01-01,2019-12-31,25567,0.0,41,"flags: A=24957; A, e=610",8081.1969618282,8034.143118262272,0.9217
74511,usgs,03382100,ok,1965-10-01,2019-12-31,19815,0.0,41,"flags: A=18948; A, e=867",405.866736977393,380.728252219392,1.1056
74512,usgs,03385000,ok,1950-01-01,1975-10-02,9406,1.0,0,flags: A=9406 | AREA MISMATCH polygon/national=0.011,0.545116410433412,49.4687729074176,115.5663
74513,usgs,03386500,ok,1950-04-01,1971-10-04,7857,1.0,0,flags: A=7857 | AREA MISMATCH polygon/national=0.0236,0.606017583995721,25.71858193563648,43.8517
74514,usgs,03400500,ok,1950-01-01,2019-12-31,18976,0.4401,22,"flags: A=18903; A, e=73",203.806041595754,213.1560214806528,1.8321
74515,usgs,03401000,ok,1950-01-01,2019-12-31,24106,0.0914,35,"flags: A=22889; A, e=1217",940.328985410242,968.655553265664,1.8587
74516,usgs,03402000,ok,1950-01-01,2005-09-29,20361,0.3476,26,"flags: A=20222; A, e=139",153.19011026883,156.9532794863616,1.9566
74517,usgs,03403500,ok,1950-01-01,2005-09-29,19541,0.4024,23,"kept 00060_Mean of 2 00060 series | flags: A=19373; A, e=168 | AREA MISMATCH polygon/national=0.00346",8.60310594908085,2486.3885859225597,503.183
74518,usgs,03403910,ok,1968-07-01,2019-12-31,14794,0.2682,28,"flags: A=14464; A, e=330 | AREA MISMATCH polygon/national=0.00162",1.38743048242211,857.286064521216,994.7546
74519,usgs,03404000,ok,1950-10-01,2019-12-31,25294,0.0,41,"flags: A=24992; A, e=241; A, R=61 | AREA MISMATCH polygon/national=0.000248",1.03202425939063,4162.110893309952,6491.7855
74520,usgs,03404820,ok,1973-10-01,1992-09-30,6940,0.6646,13,flags: A=6940 | AREA MISMATCH polygon/national=0.000324,0.117424962383434,362.59833544704,4967.8371
74521,usgs,03404900,ok,1973-10-01,2019-12-31,15068,0.1219,35,"flags: A=14801; A, e=267",132.318023436528,139.34136033607678,1.6777
74522,usgs,03406500,ok,1950-01-01,2019-12-31,23010,0.1708,31,"flags: A=22631; A, e=379 | AREA MISMATCH polygon/national=0.000416",0.65099476784513,1564.352818642944,3638.8684
74523,usgs,03408500,ok,1950-01-01,2019-12-31,23662,0.1272,34,"flags: A=23526; A, e=136 | AREA MISMATCH polygon/national=0.00012",0.118325115829778,989.375458148352,15918.4164
74524,usgs,03409500,ok,1950-01-01,2019-12-31,21733,0.1646,33,"flags: A=21660; A, e=73 | AREA MISMATCH polygon/national=0.00147",1.03492826967626,704.476766011392,1208.6847
74525,usgs,03410210,ok,1983-10-01,2019-12-31,9072,0.3942,22,"flags: A=8973; A, e=95; A, R=4 | AREA MISMATCH polygon/national=0.000196",0.408957413390447,2087.530416930816,9219.189
74526,usgs,03410500,ok,1950-01-01,2019-10-22,20928,0.3098,27,"flags: A=20784; A, e=144",2468.12263420578,2470.848657260544,1.7605
74527,usgs,03413200,ok,1968-10-01,2019-12-31,16161,0.1708,32,"flags: A=15928; A, e=233 | AREA MISMATCH polygon/national=0.00314",0.352391712467678,112.4054839885824,425.517
74528,usgs,03416000,ok,1950-01-01,2019-12-31,19294,0.4189,22,"flags: A=19227; A, e=67",281.221250222159,274.53873969561596,1.6608
74529,usgs,03418000,ok,2018-10-01,2019-12-31,457,0.9695,1,kept 00060_Mean of 2 00060 series | flags: A=457,199.938175082204,203.8320642834432,2.0873
74530,usgs,03419800,ok,2001-09-27,2017-06-13,5739,0.6168,15,"flags: A=5644; A, e=95",448.296084645793,453.2479193088,2.4111
74531,usgs,03420000,ok,1950-01-01,1971-09-29,7942,1.0,0,flags: A=7942,429.417992104517,453.2479193088,2.1865
74532,usgs,03421000,ok,1950-01-01,2019-12-31,25567,0.0,41,"flags: A=25557; A, e=10",1677.79103322651,1657.59239061504,1.7755
74533,usgs,03422500,ok,1950-01-01,1999-02-16,17443,0.5425,18,"flags: A=17291; A, e=152",4345.38749739725,4346.000049143808,1.761
74534,usgs,03424730,ok,1991-08-01,2019-12-31,10380,0.3068,28,"flags: A=10282; A, e=98",552.467255232888,554.257455611904,1.4788
74535,usgs,03425000,ok,1950-01-01,1991-09-30,15248,0.6891,12,flags: A=15248 | AREA MISMATCH polygon/national=4.28e-06,0.118533996996219,27686.972899491837,369433.9168
74536,usgs,03426310,ok,1950-01-01,2007-09-29,21091,0.2989,28,flags: A=21091 | AREA MISMATCH polygon/national=3.77e-05,1.14003087215774,30232.931211952127,40578.8455
74537,usgs,03426470,ok,1996-10-01,2019-12-31,8489,0.4331,23,"flags: A=8424; A, e=65",19.7768888129788,19.787509162967037,1.4325
74538,usgs,03426800,ok,1962-10-01,1989-10-09,9749,0.7454,9,"flags: A=9738; A, e=11 | AREA MISMATCH polygon/national=0.00118",0.119159535496302,101.2685351141376,1369.0896
74539,usgs,03427500,ok,1951-02-01,2019-12-31,19912,0.2395,29,"flags: A=19855; A, e=57",699.871207073762,678.576884908032,1.5589
74540,usgs,03428000,ok,1950-01-01,1969-10-07,7219,1.0,0,flags: A=7219,350.404955370118,331.518478123008,1.4758
74541,usgs,03428200,ok,1972-07-20,2019-12-31,15901,0.0955,37,"flags: A=15759; A, e=142 | AREA MISMATCH polygon/national=0.00026",0.119049362612071,458.427895529472,6153.2911
74542,usgs,03428500,ok,1965-10-01,2005-09-29,11938,0.526,17,"flags: A=11919; A, e=19",649.63642959103,613.827182149632,1.6297
74543,usgs,03431000,ok,1953-10-01,2019-10-02,15166,0.4756,20,"flags: A=15092; A, e=71; A, R=3 | AREA MISMATCH polygon/national=0.00141",0.234206643210651,165.759239061504,998.7944
74544,usgs,03431060,ok,1996-10-01,2019-12-31,8127,0.4573,21,"flags: A=7986; A, e=141",248.349666735238,241.9048895053824,1.4741
74545,usgs,03431300,ok,1963-12-01,2019-12-31,13977,0.3557,26,"flags: A=13912; A, e=65 | AREA MISMATCH polygon/national=0.00777",0.237412539291837,30.5618597019648,202.4746
74546,usgs,034315005,ok,1992-05-01,2010-09-29,6726,0.5509,17,"flags: A=6199; A, e=527",33271.0521315039,33260.62731293491,1.5229
74547,usgs,03431599,ok,1964-10-01,2019-12-31,13521,0.3555,26,"flags: A=13447; A, e=74",133.482127605172,132.8663900602368,1.4445
74548,usgs,03431700,ok,1964-08-01,2019-12-31,19233,0.0673,38,"flags: A=19055; A, e=178",60.766890830396,62.936711081164795,1.4215
74549,usgs,03431800,ok,1961-10-01,2019-12-31,13771,0.5012,18,"flags: A=13689; A, e=82",252.145197499277,251.7468443246592,1.4605
74550,usgs,03432100,ok,2006-12-01,2012-09-29,2129,0.8578,5,"flags: A=2080; A, e=49",170.28869438971,172.49320814837756,1.1781
74551,usgs,03432400,ok,1988-08-01,2019-12-31,10574,0.2939,23,"flags: A=10525; A, e=49",541.567577587947,543.89750317056,1.1839
74552,usgs,03433640,ok,2004-03-01,2012-08-06,3081,0.7943,8,"flags: A=3012; A, e=69",4.36657906876693,4.19578073874432,1.3117
74553,usgs,03433641,ok,2004-02-28,2011-10-17,2563,0.8288,5,"flags: A=2488; A, e=75 | AREA MISMATCH polygon/national=1.84",10.4031532285861,5.6461740805324805,0.862
74554,usgs,03435000,ok,1954-10-01,1991-09-30,13514,0.6891,12,"flags: A=13325; A, e=189 | AREA MISMATCH polygon/national=3.23e-06",0.118420146362082,36682.00160668877,484628.4785
74555,usgs,03435500,ok,1950-01-01,1969-10-08,7221,1.0,0,flags: A=7221 | AREA MISMATCH polygon/national=0.3,548.333543647073,1828.531605897216,4.0707
74556,usgs,03436690,ok,1980-10-01,2019-12-31,11048,0.2622,29,"flags: A=10981; A, e=67 | AREA MISMATCH polygon/national=0.000875",0.233522195987847,266.76877536460796,1662.2424
74557,usgs,03436700,ok,1957-10-01,1980-11-25,8457,0.9536,2,flags: A=8457 | AREA MISMATCH polygon/national=0.000369,0.118375106181834,321.158525681664,3918.7067
74558,usgs,03438000,ok,1950-01-01,2019-12-31,25567,0.0,41,"flags: A=25356; A, e=211",641.35093885531,631.957098921984,1.4589
74559,usgs,03438220,ok,1950-01-01,1997-09-30,17075,0.5671,16,flags: A=17075,45564.9589491389,45578.61076569292,1.8526
74560,usgs,03440000,ok,1950-01-01,2004-09-29,8641,0.5631,17,"flags: A=8564; A, e=77",27.3520207471352,30.302860890931196,3.1456
74561,usgs,03441000,ok,1950-01-01,2019-12-31,24535,0.0689,37,"flags: A=24373; A, e=162",128.568384301871,104.6355196575744,2.4831
74562,usgs,03441440,ok,1962-10-01,1991-02-27,10377,0.7034,12,"flags: A=10304; A, e=73",80.7886901001928,69.4116813570048,3.1552
74563,usgs,03446000,ok,1950-01-01,2019-12-31,25567,0.0,41,"flags: A=25323; A, e=244 | AREA MISMATCH polygon/national=0.00138",0.238934008911612,172.7522069594112,1778.1323
74564,usgs,03447687,ok,2001-07-01,2019-12-31,6758,0.5487,18,"flags: A=6696; A, e=62 | AREA MISMATCH polygon/national=7.22e-05",0.119757238596625,1657.59239061504,34040.6715
74565,usgs,03448000,ok,1950-01-01,1986-12-31,13514,0.8049,8,flags: A=13514 | AREA MISMATCH polygon/national=0.0159,27.8924128274717,1750.831962587136,148.864
74566,usgs,03448500,ok,1950-01-01,1977-10-19,10154,1.0,0,flags: A=10154,209.817094805015,206.68105120481275,1.1261
74567,usgs,0344894205,ok,1989-02-01,2019-12-31,11291,0.246,31,"flags: A=11183; A, e=108 | AREA MISMATCH polygon/national=0.0188",0.707866944653258,37.554827599872,148.1768
74568,usgs,03450000,ok,1950-01-01,2019-12-31,22688,0.1135,35,"flags: A=22017; A, e=644; A, R=27",16.2297778807041,14.14133508243456,1.6571
74569,usgs,03451000,ok,1950-01-01,2019-12-31,25567,0.0,41,"flags: A=25370; A, e=197",345.60306455402,336.69845434368,1.1466
74570,usgs,03451500,ok,1950-01-01,2019-12-31,25567,0.0,41,"flags: A=25436; A, e=131 | AREA MISMATCH polygon/national=0.000169",0.413433564416563,2447.53876426752,12273.7261
74571,usgs,03453000,ok,1950-01-01,2019-12-31,17993,0.378,25,"flags: A=17896; A, e=97 | AREA MISMATCH polygon/national=0.000291",0.119250326550463,409.218121433088,3182.573
74572,usgs,03453500,ok,1950-01-01,2019-12-31,25567,0.0,41,"flags: A=25440; A, e=111; A, R=16 | AREA MISMATCH polygon/national=3.46e-05",0.119227163078216,3449.8641629675517,50444.1253
74573,usgs,03454000,ok,1950-01-01,1971-10-05,7948,1.0,0,flags: A=7948 | AREA MISMATCH polygon/national=0.000365,0.119022456974176,326.33850190233596,3835.9018
74574,usgs,03455000,ok,1950-01-01,2019-12-31,25136,0.0288,40,"flags: A=25071; A, e=65",4819.59004720311,4812.197909004288,1.5336
74575,usgs,0345577330,ok,1988-03-01,2019-12-31,11628,0.2235,32,"flags: A=11120; A, e=508 | AREA MISMATCH polygon/national=0.00138",0.119768552512659,86.764601696256,2392.6293
74576,usgs,03456000,ok,1954-03-01,1980-12-31,9803,0.9512,2,flags: A=9803,138.111026833392,143.22634250158077,2.9113
74577,usgs,03456991,ok,1950-01-01,2019-12-31,25200,0.0245,39,"flags: A=24900; A, e=300",327.445304259202,336.69845434368,2.4352
74578,usgs,03457000,ok,1950-01-01,1984-11-15,12730,0.8572,6,flags: A=12730,327.649331951056,344.468418674688,2.4674
74579,usgs,03457500,ok,1950-01-01,1972-10-02,8311,1.0,0,flags: A=8311,37.1820430379344,37.2958287888384,2.2924
74580,usgs,03459000,ok,1950-01-01,1972-10-02,8311,1.0,0,flags: A=8311 | AREA MISMATCH polygon/national=0.000706,0.119474835481379,169.12622360494078,2720.0195
74581,usgs,03459500,ok,1950-01-01,2019-12-31,25566,0.0001,41,"flags: A=25357; A, e=209",889.732648083294,906.4958386176,1.8665
74582,usgs,03460000,ok,1950-01-01,2019-12-31,21914,0.0,41,"flags: A=21463; A, e=451",149.788588924897,127.4274150285312,1.8534
74583,usgs,03460795,ok,1997-02-01,2019-12-31,8369,0.4411,23,"flags: A=8259; A, e=110 | AREA MISMATCH polygon/national=0.00433",6.03360934263846,1393.413603360768,423.0828
74584,usgs,03461200,ok,1966-10-01,1987-12-31,7762,0.7805,9,flags: A=7762,27.7242121028926,26.417878725427197,2.361
74585,usgs,03461500,ok,1950-01-01,2019-12-31,18617,0.4641,20,"flags: A=18580; A, e=37",1706.71971735745,1724.9320814837758,1.7572
74586,usgs,03463300,ok,1957-08-01,2019-12-31,22798,0.0,41,"flags: A=22403; A, e=395",113.57331093961,112.14648517754878,3.1287
74587,usgs,03464000,ok,1950-01-01,1971-10-04,7947,1.0,0,flags: A=7947 | AREA MISMATCH polygon/national=0.00277,1.12543554571218,406.628133322752,537.2903
74588,usgs,03466228,ok,1977-07-19,2000-11-08,8514,0.4669,22,flags: A=8514,33.5016093073047,35.482837111603196,0.9545
74589,usgs,03466500,ok,1950-01-01,2019-12-31,11507,0.811,7,"flags: A=11434; A, e=73 | AREA MISMATCH polygon/national=3.87e-05",0.11880443823723,3066.545922637824,38485.6938
74590,usgs,03467000,ok,1950-01-01,2008-09-29,10498,0.8293,6,"flags: A=10352; A, e=146",582.480147454143,569.79738427392,0.932
74591,usgs,03469000,ok,1950-01-01,1974-07-15,8962,1.0,0,flags: A=8962 | AREA MISMATCH polygon/national=0.000107,1.26246945111766,11766.315985256448,13313.2678
74592,usgs,03470000,ok,1950-01-01,2019-12-31,14516,0.738,10,"flags: A=14499; A, e=17 | AREA MISMATCH polygon/national=0.000417",0.381109724083244,914.265802948608,3889.0655
74593,usgs,03470500,ok,1950-01-01,1987-09-30,13787,0.7866,8,flags: A=13787 | AREA MISMATCH polygon/national=2.7e-05,0.356209404885874,13211.529350823936,52735.9503
74594,usgs,03471500,ok,1950-01-01,2019-12-31,25567,0.0,41,"flags: A=25373; A, e=194 | AREA MISMATCH polygon/national=0.0195",3.86189897127933,198.39308925173756,71.4406
74595,usgs,03473000,ok,1950-01-01,2019-12-31,25567,0.0,41,"flags: A=25313; A, e=254 | AREA MISMATCH polygon/national=0.66",518.335108596706,784.766397431808,2.308
74596,usgs,03474000,ok,1950-01-01,2019-12-31,20911,0.3109,27,"flags: A=20798; A, e=113 | AREA MISMATCH polygon/national=0.00103",0.352324700616471,341.87843056435196,1134.8763
74597,usgs,03475000,ok,1950-01-01,2019-12-31,17317,0.0001,41,"flags: A=17124; A, e=193 | AREA MISMATCH polygon/national=0.36",192.284177071422,533.5375507292159,3.2475
74598,usgs,03476500,ok,1951-08-01,1974-06-30,8370,1.0,0,flags: A=8370 | AREA MISMATCH polygon/national=6.49e-05,0.118111007504268,1820.761641566208,19798.2928
74599,usgs,03478400,ok,1957-10-01,2019-12-31,22736,0.0001,41,"flags: A=22670; A, e=66 | AREA MISMATCH polygon/national=0.00339",0.235877509810485,69.67068016803839,356.1351
74600,usgs,03479000,ok,1950-01-01,2019-12-31,25567,0.0,41,"flags: A=24945; A, e=622",244.656453464725,238.53790496194557,1.8115
74601,usgs,03484000,ok,1950-01-01,1982-02-28,11747,0.9229,3,flags: A=11747 | AREA MISMATCH polygon/national=0.000645,0.786383469778731,1219.8843999682558,2310.5151
74602,usgs,03486000,ok,2016-12-31,2019-12-31,1096,0.9268,3,"flags: A=1094; A, e=2",1815.14313756993,1792.2717723525118,1.9641
74603,usgs,03487500,ok,1950-01-01,1977-09-29,10134,1.0,0,flags: A=10134,4401.39758701988,5011.62699350016,1.4863
74604,usgs,03487550,ok,1963-10-01,1989-09-30,9346,0.7479,9,"flags: A=9314; A, e=32",91.5590436793614,94.0165684051968,1.1622
74605,usgs,03488000,ok,1950-01-01,2019-12-31,25567,0.0,41,"flags: A=25345; A, e=222 | AREA MISMATCH polygon/national=0.000205",0.117540565009586,572.387372384256,6337.7369
74606,usgs,03490000,ok,1950-01-01,2019-12-31,14495,0.7394,10,"flags: A=14476; A, e=19 | AREA MISMATCH polygon/national=0.751",1304.99188191839,1737.882022035456,1.8032
74607,usgs,03490500,ok,1950-01-01,1970-09-29,7577,1.0,0,flags: A=7577 | AREA MISMATCH polygon/national=0.00145,10.7955771003221,7433.26587666432,824.1113
74608,usgs,03491000,ok,1957-10-01,2019-12-31,22372,0.0244,39,"flags: A=22208; A, e=164",131.104554544504,122.5064376188928,1.0911
74609,usgs,03491300,ok,1965-10-01,1987-12-31,8127,0.7805,9,flags: A=8127,123.699617391462,121.729441185792,0.9531
74610,usgs,03491544,ok,1988-10-01,2019-12-31,9260,0.3816,25,"flags: A=9143; A, e=117",11.5244261966321,12.09524447526912,1.0994
74611,usgs,03494000,ok,1950-01-01,1974-07-10,8957,1.0,0,flags: A=8957,7844.85985841239,8881.069230342144,1.4062
74612,usgs,03495500,ok,1950-01-01,1993-11-01,15462,0.6381,15,"flags: A=15394; A, e=68",8663.17917773517,9704.685449428993,1.3642
74613,usgs,03497000,ok,1950-01-01,1982-01-31,11719,0.9247,3,flags: A=11719 | AREA MISMATCH polygon/national=5.14e-06,0.118971560903024,23138.953777741823,275747.9029
74614,usgs,03497300,ok,1963-10-01,2019-12-31,20544,0.0001,41,"flags: A=20445; A, e=99 | AREA MISMATCH polygon/national=0.000435",0.119411837615553,274.53873969561596,5822.8768
74615,usgs,03498850,ok,1986-10-01,2019-12-31,12089,0.1927,33,"flags: A=12038; A, e=51 | AREA MISMATCH polygon/national=0.00522",4.05779720501689,776.9964331008,332.8178
74616,usgs,03500500,ok,1950-01-01,1971-10-04,7947,1.0,0,flags: A=7947 | AREA MISMATCH polygon/national=0.00312,0.120291017548575,38.5908228440064,1212.5126
74617,usgs,0350056050,ok,2001-07-01,2010-10-07,3386,0.7739,8,"flags: A=3343; A, e=43",43.9695528275096,48.6917764743168,4.1014
74618,usgs,03501000,ok,1950-01-01,1971-09-29,7942,1.0,0,flags: A=7942 | AREA MISMATCH polygon/national=0.000536,0.120146311080977,224.03397154406397,4435.6588
74619,usgs,03503000,ok,1950-01-01,2019-12-31,24929,0.0426,39,"flags: A=24761; A, e=168",1142.2960663938,1129.2348161064958,2.2042
74620,usgs,03505500,ok,1950-01-01,1981-12-31,11688,0.9268,3,flags: A=11688 | AREA MISMATCH polygon/national=0.00159,0.59133657139874,372.958287888384,2050.6706
74621,usgs,03505550,ok,2004-12-01,2019-12-31,5509,0.6321,15,"flags: A=5487; A, e=22 | AREA MISMATCH polygon/national=0.0106",3.99015204645266,375.54827599872,294.266
74622,usgs,03508000,ok,1950-01-01,1976-10-04,9774,1.0,0,flags: A=9774 | AREA MISMATCH polygon/national=0.00174,0.644143775990982,370.368299778048,1533.5011
74623,usgs,03508050,ok,2004-09-01,2019-12-31,5600,0.626,15,"flags: A=5334; A, R=251; A, e=15",370.202284915282,380.728252219392,2.7761
74624,usgs,03509000,ok,1950-01-01,1995-09-30,10408,0.933,2,"flags: A=10390; A, e=18",132.820723005292,132.089393627136,2.1669
74625,usgs,03510500,ok,1950-01-01,1981-12-31,11688,0.9268,3,flags: A=11688,887.123730561133,898.725874286592,2.2419
74626,usgs,03510577,ok,2004-07-01,2019-12-31,5662,0.6219,15,"flags: A=5653; A, e=9 | AREA MISMATCH polygon/national=0.0189",17.5812672719102,932.39571972096,114.3593
74627,usgs,03512000,ok,1950-01-01,2019-12-31,25567,0.0,41,"flags: A=25208; A, e=359 | AREA MISMATCH polygon/national=0.000251",0.119712768657536,476.557812301824,10543.0715
74628,usgs,03513000,ok,1950-01-01,2019-12-31,24504,0.071,37,"flags: A=24411; A, e=93",1688.738648274,1696.4422122700798,2.3064
74629,usgs,03513500,ok,1950-01-01,1971-10-01,7944,1.0,0,flags: A=7944,36.4609061791161,35.7418359226368,3.0455
74630,usgs,0351706800,ok,1999-10-01,2019-12-31,7397,0.506,20,"flags: A=7350; A, e=47",518.544487412216,533.5375507292159,0.9572
74631,usgs,03518300,ok,1958-07-01,1990-12-31,11868,0.7076,12,flags: A=11868,5104.82350331738,5146.306375237632,2.2865
74632,usgs,03518500,ok,1950-01-01,2019-12-31,18352,0.4818,20,"flags: A=18329; A, e=23",301.00434916903,305.618597019648,2.2691
74633,usgs,03521500,ok,1950-01-01,1989-09-30,14518,0.7378,10,"flags: A=14485; A, e=33 | AREA MISMATCH polygon/national=0.00137",0.48487235939929,354.828371116032,968.4617
74634,usgs,03524000,ok,1950-01-01,2019-12-31,25567,0.0,41,"flags: A=25327; A, e=240 | AREA MISMATCH polygon/national=8.51e-05",0.117463518957197,1380.463662809088,15204.8197
74635,usgs,03527000,ok,1950-01-01,2019-12-31,17557,0.487,20,"flags: A=17474; A, e=83 | AREA MISMATCH polygon/national=8.11e-05",0.23582647587532,2908.5566479073277,16918.6268
74636,usgs,03527220,ok,2007-09-19,2019-12-31,4486,0.7004,12,"flags: A=4469; A, e=17",2725.72620608818,2988.846279327744,1.5617
74637,usgs,03528400,ok,1950-01-01,1970-09-29,7494,1.0,0,flags: A=7494 | AREA MISMATCH polygon/national=0.527,3.6560248339955,6.94116813570048,2.573
74638,usgs,03529500,ok,1950-01-01,2019-12-31,11320,0.4879,20,"flags: A=11275; A, e=45 | AREA MISMATCH polygon/national=0.377",109.311687228922,290.07866835763195,4.4979
74639,usgs,03531500,ok,1950-01-01,2019-12-31,25567,0.0,41,"flags: A=25409; A, e=158",827.398230710643,826.206207197184,1.6359
74640,usgs,03533000,ok,1950-01-01,1993-12-31,15890,0.6341,15,flags: A=15890,7307.89029399929,7544.635365408768,1.3757
74641,usgs,03535000,ok,1957-10-01,2019-12-31,17350,0.3597,26,"flags: A=17282; A, e=68",183.727906432151,177.414185558016,1.301
74642,usgs,03535400,ok,1999-04-01,2019-12-31,6849,0.5426,17,"flags: A=6634; A, e=215 | AREA MISMATCH polygon/national=0.00106",0.237233423368618,224.8109679771648,1504.2169
74643,usgs,03538225,ok,1960-09-01,1989-09-30,10622,0.7378,10,"flags: A=10608; A, e=14",216.330258450839,213.67401910272,1.8658
74644,usgs,03538250,ok,1960-09-01,1988-06-30,10165,0.7683,9,flags: A=10165 | AREA MISMATCH polygon/national=0.00236,0.118955274145975,50.504768151552,1024.3304
74645,usgs,03539600,ok,1957-05-01,2019-12-31,11721,0.4958,20,"flags: A=11590; A, e=131 | AREA MISMATCH polygon/national=0.0474",17.0502884390555,360.008347336704,38.7167
74646,usgs,03539778,ok,1997-04-01,2019-12-31,8310,0.4451,22,"flags: A=8143; A, e=167",444.764768291357,440.2979787571199,1.7221
74647,usgs,03539800,ok,1957-05-01,2019-12-31,17191,0.2729,30,"flags: A=16852; A, e=339 | AREA MISMATCH polygon/national=0.000265",0.355693799289182,1341.613841154048,7095.0204
74648,usgs,03540500,ok,1950-01-01,2019-12-31,25567,0.0,41,"flags: A=25502; A, e=65",1937.3464532386,1978.750916296704,1.9473
74649,usgs,03543500,ok,1950-01-01,2019-12-31,19211,0.4244,23,"flags: A=19002; A, e=209",302.090476324786,303.02860890931197,1.5776
74650,usgs,03545000,ok,1950-01-01,1982-03-31,11778,0.9208,3,flags: A=11778,117.373636715962,117.844459020288,2.9279
74651,usgs,03547000,ok,1950-01-01,1974-10-08,9047,1.0,0,flags: A=9047,495.762612152511,492.0977409638399,2.1955
74652,usgs,03548500,ok,1950-01-01,2004-09-29,19996,0.372,25,"flags: A=19819; A, e=177 | AREA MISMATCH polygon/national=0.00149",1.56819230712442,1051.535172796416,1412.9177
74653,usgs,03550000,ok,1950-01-01,2019-12-31,25567,0.0,41,"flags: A=25498; A, e=69 | AREA MISMATCH polygon/national=0.00791",2.12989364868547,269.358763474944,289.3457
74654,usgs,03553500,ok,1950-01-01,1975-09-29,9403,1.0,0,flags: A=9403,582.255122496382,556.84744372224,1.7799
74655,usgs,03556000,ok,1950-01-01,1971-09-29,7942,1.0,0,flags: A=7942,77.1301117803753,69.67068016803839,1.728
74656,usgs,03556500,ok,1950-01-01,1981-10-08,11604,0.9324,2,flags: A=11604,2967.65349200598,2942.226493341696,1.9878
74657,usgs,03558000,ok,1950-01-01,2019-12-31,18189,0.4927,20,"flags: A=18163; A, e=26 | AREA MISMATCH polygon/national=0.000263",0.120697752327765,458.427895529472,10184.9912
74658,usgs,03559000,ok,1950-01-01,1974-08-31,9009,1.0,0,flags: A=9009,579.004320804585,603.467229708288,2.6061
74659,usgs,03559500,ok,2016-12-31,2019-12-31,1096,0.9268,3,flags: A=1096,890.525912101131,911.675814838272,2.6103
74660,usgs,03560000,ok,1950-01-01,1971-09-29,7942,1.0,0,flags: A=7942,187.836713554783,183.6301570228224,2.5002
74661,usgs,03560500,ok,1950-01-01,1994-10-10,13251,0.7981,7,"flags: A=13227; A, e=24 | AREA MISMATCH polygon/national=0.00901",0.120401457980645,13.36433864933376,1150.6294
74662,usgs,03561000,ok,1950-01-01,1970-09-29,7577,1.0,0,flags: A=7577 | AREA MISMATCH polygon/national=0.00358,0.120370078587016,33.669845434368,669.4296
74663,usgs,03563000,ok,1950-01-01,1998-11-18,17854,0.5151,20,"flags: A=17624; A, e=230",1331.82009343602,1357.153769816064,2.3211
74664,usgs,03564500,ok,1950-01-01,1994-12-31,16436,0.6097,16,"flags: A=16391; A, e=45",1515.73255779999,1541.04292564992,2.2194
74665,usgs,03565000,ok,1953-10-01,1976-06-30,8309,1.0,0,flags: A=8309 | AREA MISMATCH polygon/national=4.62e-05,0.239488319409869,5182.566208782336,43277.864
74666,usgs,03565300,ok,1957-10-01,1986-12-31,10684,0.8049,8,flags: A=10684 | AREA MISMATCH polygon/national=0.0391,3.22316127763366,82.3616219086848,38.1145
74667,usgs,03565500,ok,1954-10-01,2019-12-31,18851,0.3327,27,"flags: A=18818; A, e=33 | AREA MISMATCH polygon/national=0.000812",0.119908315749496,147.629322289152,1916.624
74668,usgs,03566000,ok,1963-01-01,2018-06-04,17259,0.1917,32,"flags: A=16045; A, e=1214",5971.98272685235,5951.792677552127,1.8094
74669,usgs,03566420,ok,1964-02-01,2019-12-31,9478,0.7309,10,flags: A=9478 | AREA MISMATCH polygon/national=1.3,63.3596089385845,48.6917764743168,1.2439
74670,usgs,03566525,ok,2000-11-01,2010-09-29,3620,0.7583,9,"flags: A=3412; A, e=208",150.085420246296,156.82378008084478,1.9653
74671,usgs,03567500,ok,1950-01-01,2019-12-31,18260,0.4817,20,"flags: A=18245; A, e=15 | AREA MISMATCH polygon/national=0.000217",0.240744534874471,1108.514911223808,7323.6297
74672,usgs,03568000,ok,1950-01-01,2008-09-29,21457,0.2745,29,"flags: A=21125; A, e=332",55311.456755422,55425.74556119039,1.5563
74673,usgs,03568933,ok,1979-08-30,2019-12-31,14734,0.0161,40,"flags: A=14571; A, e=163",402.57619345186,378.138264109056,1.5032
74674,usgs,03572900,ok,2016-12-01,2019-12-31,1126,0.9248,3,"kept 00060_Mean of 2 00060 series | flags: A=1118; A, e=8 | AREA MISMATCH polygon/national=0.000664",0.242608831158775,365.1883235573759,3117.2647
74675,usgs,0357479650,ok,1998-10-01,2019-12-31,5789,0.6134,14,"flags: A=5751; A, e=38 | AREA MISMATCH polygon/national=1.29",110.074141267441,85.46960764108799,0.7499
74676,usgs,03575500,ok,1950-01-01,2005-09-29,17438,0.5428,16,"flags: A=17422; A, e=16",66200.6572136374,66329.59550570496,1.6413
74677,usgs,03575830,ok,1959-10-01,2019-12-23,12011,0.4479,21,"flags: A=11869; A, e=142",126.964156917633,126.909417406464,1.4987
74678,usgs,03576500,ok,1952-08-01,2019-12-31,12190,0.629,14,"flags: A=11918; A, e=272",188.515231014903,223.5159739219968,1.9905
74679,usgs,03578000,ok,1951-12-01,2019-12-31,20165,0.3141,28,"flags: A=19520; A, e=645",165.642160588492,169.90322003804158,2.0598
74680,usgs,03579100,ok,1950-01-01,1981-09-29,10864,0.933,2,flags: A=10864,710.468522233163,712.2467303423999,1.7378
74681,usgs,03582000,ok,1950-01-01,2019-12-31,15872,0.6474,14,"flags: A=15861; A, e=11 | AREA MISMATCH polygon/national=0.000112",0.240388295749956,2141.920167247872,15215.7463
74682,usgs,03584000,ok,1950-01-01,1975-10-01,9405,1.0,0,flags: A=9405 | AREA MISMATCH polygon/national=0.000127,0.120081125284932,947.935648382976,13258.4103
74683,usgs,03584020,ok,2001-02-01,2009-09-29,3163,0.7888,8,"flags: A=3096; A, e=67 | AREA MISMATCH polygon/national=0.000127",0.120081125284932,947.935648382976,13675.3686
74684,usgs,03584500,ok,1950-01-01,1990-07-16,14805,0.7187,11,"flags: A=14799; A, e=6 | AREA MISMATCH polygon/national=0.000115",0.530056832138078,4620.538788839423,14449.3055
74685,usgs,03584600,ok,1950-01-01,2019-12-31,23756,0.1209,34,"flags: A=23687; A, e=69 | AREA MISMATCH polygon/national=0.00432",20.2032078668466,4674.92853915648,375.6353
74686,usgs,03586500,ok,1950-01-01,2019-12-31,23223,0.1565,34,"flags: A=22967; A, e=256",406.634964033406,429.938026315776,1.6662
74687,usgs,03588000,ok,1967-03-22,1991-11-25,9015,0.6853,13,"flags: A=8966; A, e=49 | AREA MISMATCH polygon/national=0.000837",0.12002995712855,143.4853413126144,2111.4126
74688,usgs,03588400,ok,1962-08-01,1987-12-15,9268,0.7816,9,flags: A=9268 | AREA MISMATCH polygon/national=0.00108,0.120198826401367,111.369488744448,1695.8891
74689,usgs,03588500,ok,1950-01-01,2019-12-31,23375,0.1464,34,"flags: A=23347; A, e=28 | AREA MISMATCH polygon/national=0.00293",2.63667999900353,901.315862396928,608.0806
74690,usgs,03589250,ok,1950-01-01,1970-09-29,7577,1.0,0,flags: A=7577 | AREA MISMATCH polygon/national=0.0153,0.541137690132143,35.482837111603196,97.3345
74691,usgs,03591800,ok,1956-10-01,1981-09-29,8763,0.9575,0,flags: A=8763 | AREA MISMATCH polygon/national=0.000328,0.12143773133333,370.368299778048,5469.487
74692,usgs,03592000,ok,1958-10-01,1981-09-29,7882,0.933,2,kept 00060_Mean of 2 00060 series | flags: A=7882 | AREA MISMATCH polygon/national=0.000178,0.121210356700416,681.1668730183679,10328.99
74693,usgs,03592200,ok,1957-10-01,1977-09-29,7304,1.0,0,flags: A=7304,493.90778216379,489.507752853504,1.6921
74694,usgs,03592300,ok,1957-10-01,1977-09-29,7304,1.0,0,flags: A=7304,209.27738203637,202.5370702282752,1.6766
74695,usgs,03592500,ok,1950-01-01,2019-12-31,12879,0.8473,5,"flags: A=12869; A, e=10 | AREA MISMATCH polygon/national=0.000439",0.758467737812868,1727.5220695941118,3847.0315
74696,usgs,03593500,ok,1950-01-01,2006-03-07,20511,0.3376,27,"flags: A=19988; A, e=523",83657.2601355872,85832.20597653503,1.636
74697,usgs,03593800,ok,2012-09-30,2019-12-31,2441,0.837,5,"flags: A=2439; A, e=2 | AREA MISMATCH polygon/national=0.000446",0.120130407910997,269.358763474944,3326.0827
74698,usgs,03596000,ok,1950-01-01,2019-12-31,20404,0.3448,25,"flags: A=20317; A, e=87",256.413400798388,277.128727805952,1.8974
74699,usgs,03597860,ok,1991-10-01,2019-12-15,7221,0.5178,5,"flags: A=7100; A, e=121",1076.09597616245,1100.7449468928,0.6013
74700,usgs,03598000,ok,1950-01-01,2019-12-31,25566,0.0001,41,"flags: A=25505; A, e=61",1287.26514536366,1245.784281071616,1.5835
74701,usgs,03599100,ok,2003-05-01,2019-12-31,6089,0.5934,16,"flags: A=5946; A, e=143 | AREA MISMATCH polygon/national=0.00919",1.15927044770178,126.1324209733632,200.288
74702,usgs,03599240,ok,2003-06-01,2019-12-31,6058,0.5955,16,"flags: A=5939; A, e=119 | AREA MISMATCH polygon/national=5.04e-05",0.119545109506327,2372.4291090677757,30225.695
74703,usgs,03599450,ok,1966-03-17,2019-12-31,7017,0.5934,16,"flags: A=6694; A, e=323",197.606516861119,191.659120164864,1.3637
74704,usgs,03599500,ok,1950-01-01,2019-12-31,25566,0.0001,41,"flags: A=25442; A, e=124 | AREA MISMATCH polygon/national=3.82e-05",0.119480343312841,3128.705637285888,42525.3036
74705,usgs,03600500,ok,1953-09-01,1989-09-30,12966,0.7521,9,"flags: A=12953; A, e=13",46.5404240902216,45.32479193088,1.4558
74706,usgs,03601630,ok,2005-02-01,2012-10-16,2571,0.8283,5,"flags: A=2481; A, e=90",1.81363812429749,2.09789036937216,1.6478
74707,usgs,03601990,ok,2001-05-01,2019-12-31,6819,0.5446,18,"flags: A=6718; A, e=101",5297.0296565168,5304.295649968128,1.5156
74708,usgs,03602500,ok,1950-01-01,2019-12-31,23071,0.1667,34,"flags: A=22834; A, e=237",524.963594299108,499.8677052948479,1.5247
74709,usgs,03603000,ok,1950-01-01,2019-12-31,23695,0.125,34,"flags: A=23586; A, e=109",6613.85861158736,6622.599598129152,1.5573
74710,usgs,03604400,ok,1950-01-01,2019-12-31,20100,0.3651,24,"flags: A=20070; A, e=30",1828.18759364721,1818.171653455872,1.6929
74711,usgs,03605078,ok,1995-09-01,2019-12-31,8058,0.4619,22,"flags: A=7680; A, e=378",71.8288671849248,70.7066754121728,0.6502
74712,usgs,03605555,ok,1963-10-01,1987-12-14,8841,0.7816,9,flags: A=8841,88.2726902370847,82.62062071971839,1.3911
74713,usgs,03606500,ok,1950-01-01,2019-12-31,20264,0.3541,25,"flags: A=20053; A, e=211",520.735934976396,530.9475626188799,1.3869
74714,usgs,03610200,ok,1982-10-01,2019-12-31,13606,0.0914,37,"flags: A=12947; A, e=659",346.245576522983,347.058406785024,1.3026
74715,usgs,03611260,ok,1971-10-01,2019-12-31,17624,0.0,41,"flags: A=16320; A, e=1304",35.3050935876481,37.8138264109056,1.2806
74716,usgs,03611500,ok,1950-01-01,2015-01-12,23753,0.1211,36,"flags: A=22917; A, e=836 | AREA MISMATCH polygon/national=0.75",394449.317918216,525767.5863982079,1.7912
74717,usgs,03611800,ok,1990-10-01,2010-09-29,6756,0.5488,17,"flags: A=6274; A, e=482 | AREA MISMATCH polygon/national=0.0138",0.23448222126004,16.9644221227008,67.4315
74718,usgs,03611850,ok,1990-10-01,2010-10-06,6763,0.5484,17,"flags: A=6166; A, e=597 | AREA MISMATCH polygon/national=0.0146",0.563336159133552,38.5908228440064,98.4952
74719,usgs,03611900,ok,1990-10-01,2010-10-06,6763,0.5484,17,"flags: A=5834; A, e=929 | AREA MISMATCH polygon/national=0.0271",0.405477672568222,14.97013127774208,42.5437
74720,usgs,03612000,ok,1950-01-01,2019-12-31,25567,0.0,41,"flags: A=23653; A, e=1914",616.324032043845,631.957098921984,1.2507
74721,usgs,05587900,ok,1969-08-01,2019-12-31,18415,0.0,41,"flags: A=16418; A, e=1997 | AREA MISMATCH polygon/national=0.000209",0.114503902652481,549.0774793912319,3633.7448
74722,usgs,05588000,ok,1950-01-01,2019-12-31,25567,0.0,41,"flags: A=23682; A, e=1885",97.0127244072895,95.0525636493312,0.7131
74723,usgs,05588720,ok,2000-05-25,2011-09-30,4146,0.7231,10,"flags: A=3620; A, e=526 | AREA MISMATCH polygon/national=1.39",30.0950690662274,21.57460095909888,0.7083
74724,usgs,05589500,ok,1950-01-01,1982-09-30,11961,0.9086,3,flags: A=11961 | AREA MISMATCH polygon/national=0.00392,0.229604095408608,58.5337312935936,173.5484
74725,usgs,05593520,ok,1974-10-01,1998-09-30,8766,0.5183,19,"flags: A=8090; A, e=676",653.627726183641,657.856980025344,0.895
74726,usgs,05594100,ok,1969-10-01,2019-12-31,18354,0.0,41,"flags: A=17878; A, e=476 | AREA MISMATCH polygon/national=1.01e-05",0.115104513377106,11377.817768706049,84252.703
74727,usgs,05594450,ok,1966-10-01,2019-12-31,19450,0.0,41,"flags: A=17414; A, e=2036 | negative flow on 3 days | AREA MISMATCH polygon/national=0.000288",0.11467860540568,398.858168991744,2848.554
74728,usgs,05594800,ok,1970-10-01,2019-12-31,17989,0.0,41,"flags: A=16958; A, e=1031 | AREA MISMATCH polygon/national=9.58e-05",0.115173405149757,1201.754483195904,8639.8473
74729,usgs,05595200,ok,1969-10-01,2019-12-31,18354,0.0,41,"flags: A=17405; A, e=949",335.630358924318,334.10846623334396,0.9272
74730,usgs,05595500,ok,1950-01-01,1971-09-30,7943,1.0,0,flags: A=7943,45.0748551361104,46.1017883639808,0.6697
74731,usgs,05595800,ok,1960-10-01,1982-09-30,8035,0.9086,3,flags: A=8035 | AREA MISMATCH polygon/national=0.00211,0.115312714169352,54.6487491280896,324.5932
74732,usgs,05596000,ok,1950-01-01,1970-09-30,7578,1.0,0,flags: A=7578 | AREA MISMATCH polygon/national=8.91e-05,0.115827790602361,1300.174031388672,8876.4469
74733,usgs,05597000,ok,1950-01-01,2019-12-31,25567,0.0,41,"flags: A=24898; A, e=669 | AREA MISMATCH polygon/national=0.000113",0.231984522730844,2051.270583386112,7931.8964
74734,usgs,05599000,ok,1950-01-01,1982-10-05,11966,0.9082,3,flags: A=11966 | AREA MISMATCH polygon/national=0.0407,30.8158880568631,756.2765282181119,16.5791
74735,usgs,05599500,ok,1950-01-01,2007-09-30,21092,0.2988,28,"flags: A=19658; A, e=1434 | negative flow on 30 days | AREA MISMATCH polygon/national=0.00323",18.1382081324555,5617.684211318784,263.112
74736,usgs,05600000,ok,1950-01-01,1971-10-04,7944,1.0,0,flags: A=7944,80.9004777720378,83.39761715281921,1.0989
74737,usgs,06720820,ok,1987-07-24,2019-12-31,11433,0.2365,30,"flags: A=11033; A, e=400 | AREA MISMATCH polygon/national=0.000992",0.112748878082782,113.7004780437504,324.0266
74738,usgs,06907000,ok,1950-01-01,1971-09-30,7943,1.0,0,flags: A=7943 | AREA MISMATCH polygon/national=0.00647,10.0278555500709,1548.8128899809278,95.4617
74739,usgs,06910750,ok,1950-01-01,2019-12-31,15660,0.5334,19,"flags: A=15536; A, e=124 | AREA MISMATCH polygon/national=7.91e-05",0.114974461933594,1452.983329898496,8778.1253
74740,usgs,06916500,ok,1950-01-01,1970-09-29,7304,1.0,0,flags: A=7304,513.952778867083,512.817645846528,0.6556
74741,usgs,06917000,ok,1950-01-01,2019-12-31,25567,0.0,41,"flags: A=25286; A, e=281",817.828329843366,813.256266645504,0.7318
74742,usgs,06917060,ok,1988-11-20,2019-12-31,7235,0.5169,19,"flags: A=6633; A, e=602",1294.90869037911,1289.814078947328,0.7403
74743,usgs,06917500,ok,1950-01-01,2019-12-31,12007,0.7285,11,"flags: A=11683; A, e=324 | AREA MISMATCH polygon/national=0.000115",0.116059921716061,1004.915386810368,6262.2598
74744,usgs,06917560,ok,2005-10-01,2019-12-31,5205,0.6524,14,"flags: A=5129; A, e=76 | AREA MISMATCH polygon/national=0.000386",0.455347623879941,1178.44459020288,2665.0046
74745,usgs,06917630,ok,2001-11-07,2019-12-31,6536,0.5635,17,"flags: A=6339; A, R=130; A, e=67 | AREA MISMATCH polygon/national=0.319",2.79669587483435,8.75415981293568,3.481
74746,usgs,06918060,ok,2003-10-01,2019-12-31,5936,0.6036,16,"flags: A=5640; A, e=296 | AREA MISMATCH polygon/national=0.000217",0.602431160658867,2781.647230500864,4212.0621
74747,usgs,06918440,ok,1966-06-01,2019-12-31,19572,0.0,41,"flags: A=19114; A, e=458",672.859104828832,665.6269443563519,0.8902
74748,usgs,06918460,ok,1965-09-01,2019-12-31,19845,0.0,41,"flags: A=19512; A, e=333 | AREA MISMATCH polygon/national=0.000793",0.517507966620201,652.6770038046719,1233.5884
74749,usgs,06918493,ok,1996-08-30,2019-12-31,7427,0.504,19,"flags: A=7331; A, e=96",36.0684102591411,35.482837111603196,1.1695
74750,usgs,06918740,ok,1968-09-01,2019-12-31,18749,0.0,41,"flags: A=18597; A, e=152 | AREA MISMATCH polygon/national=0.00019",0.11662811579126,613.827182149632,4926.4943
74751,usgs,06919000,ok,1950-01-01,2005-09-30,14751,0.7223,11,flags: A=14751,2989.06105171462,3004.38620798976,0.7575
74752,usgs,06919020,ok,1973-10-01,2019-12-31,16893,0.0,41,"flags: A=16769; A, e=124",3335.09067499739,3346.264638554112,0.8537
74753,usgs,06919500,ok,1950-01-01,2019-12-31,25567,0.0,41,"flags: A=25262; A, e=305 | AREA MISMATCH polygon/national=0.000526",0.572295136231559,1087.79500634112,1426.6233
74754,usgs,06919900,ok,1974-10-01,2019-12-31,16528,0.0,41,"flags: A=16338; A, e=190 | AREA MISMATCH polygon/national=4.88e-05",0.228749695974992,4687.87847970816,17789.8628
74755,usgs,06921070,ok,1968-10-01,2019-12-31,18719,0.0,41,"flags: A=18619; A, e=100 | AREA MISMATCH polygon/national=0.00189",1.34848218605394,714.8367184527359,503.289
74756,usgs,06921200,ok,1957-05-01,2019-12-31,22890,0.0,41,"flags: A=22788; A, e=102",320.083926025412,290.07866835763195,0.8111
74757,usgs,06921350,ok,1960-09-01,2019-12-31,21671,0.0,41,"flags: A=21655; A, e=16 | AREA MISMATCH polygon/national=7.28e-05",0.115966271272443,1592.84268785664,11606.2151
74758,usgs,06923250,ok,1991-07-24,2019-12-31,6745,0.5496,18,"flags: A=6697; A, e=48",943.125750292907,976.425517596672,0.9406
74759,usgs,06923940,ok,2008-06-18,2019-12-31,4214,0.7186,11,"flags: A=4113; A, e=101 | AREA MISMATCH polygon/national=8.58e-05",0.116034382140438,1351.973793595392,14828.5472
74760,usgs,06923950,ok,1995-09-08,2019-12-31,8807,0.4119,24,"flags: A=8696; A, e=111 | AREA MISMATCH polygon/national=7.48e-05",0.115916199108972,1548.8128899809278,10895.4309
74761,usgs,06924000,ok,1950-01-01,1969-09-30,7213,1.0,0,flags: A=7213,1600.59999533206,1623.922545180672,0.878
74762,usgs,06925200,ok,1956-08-01,1976-10-26,7392,1.0,0,flags: A=7392 | AREA MISMATCH polygon/national=0.0107,0.115904673905348,10.826150301204478,77.2297
74763,usgs,06926000,ok,1950-01-01,2019-12-31,25566,0.0001,41,"flags: A=25528; A, e=38",36200.7655508126,36259.833544704,0.7241
74764,usgs,06926500,ok,1950-01-01,1996-09-30,17075,0.5671,17,flags: A=17075,37810.2852622886,37554.827599872,0.7107
74765,usgs,06926510,ok,1996-06-14,2019-12-31,8236,0.45,21,"flags: A=7940; A, e=296",37950.6840627905,37772.38660114022,0.8
74766,usgs,06927000,ok,1950-01-01,2019-12-31,13878,0.5792,17,"flags: A=13856; A, e=22 | AREA MISMATCH polygon/national=0.0013",0.862353184667136,665.6269443563519,645.4616
74767,usgs,06928000,ok,1950-01-01,2019-12-31,14973,0.5305,19,"flags: A=14832; A, e=141 | AREA MISMATCH polygon/national=0.000302",0.976640347018984,3237.48513792,2554.1421
74768,usgs,06928300,ok,1999-12-29,2019-12-31,7308,0.512,20,"flags: A=7261; A, e=47",415.481597376594,427.34803820544,0.914
74769,usgs,06928420,ok,2008-12-23,2019-12-31,4016,0.7318,11,"flags: A=3661; A, e=355",694.516205613006,707.066754121728,0.5611
74770,usgs,06928500,ok,1950-01-01,1971-10-06,7949,1.0,0,flags: A=7949 | AREA MISMATCH polygon/national=0.00186,8.10919443802992,4351.18002536448,369.5802
74771,usgs,06930000,ok,1950-01-01,2019-12-31,22402,0.2114,30,"flags: A=22384; A, e=18 | AREA MISMATCH polygon/national=8.02e-05",0.116348564345599,1450.39334178816,11375.8814
74772,usgs,06930060,ok,1999-12-03,2019-12-31,7334,0.5103,20,"flags: A=7309; A, e=25",1540.38694137878,1535.862949429248,1.0546
74773,usgs,06931500,ok,1950-01-01,1975-09-30,9404,1.0,0,flags: A=9404,18.3918989419757,16.60182378725376,0.6978
74774,usgs,06932000,ok,1950-01-01,2019-12-31,25567,0.0,41,"flags: A=25452; A, e=115",518.918859239562,517.9976220671999,0.7958
74775,usgs,06933500,ok,1950-01-01,2019-12-31,25567,0.0,41,"flags: A=25492; A, e=75 | AREA MISMATCH polygon/national=3.11e-05",0.228552956605308,7355.56623335424,28317.792
74776,usgs,06934000,ok,1950-01-01,2019-12-31,15704,0.189,33,"flags: A=15627; A, e=77 | AREA MISMATCH polygon/national=1.4e-05",0.115200475418342,8236.16219086848,66563.1402
74777,usgs,06935755,ok,1997-09-01,2019-12-31,8157,0.4553,22,"flags: A=7525; A, e=632",11.0082486559863,11.49954720989184,0.815
74778,usgs,06935770,ok,1997-06-13,2019-12-31,8237,0.4499,22,"flags: A=7678; A, e=559",29.5467337738261,29.2668656467968,0.8702
74779,usgs,06935890,ok,1997-06-11,2019-12-31,8209,0.4518,22,"flags: A=7682; A, e=527 | AREA MISMATCH polygon/national=0.00201",0.114729470931657,56.97973842739199,623.3824
74780,usgs,06935955,ok,1996-07-12,2019-12-31,8573,0.4275,23,"flags: A=8118; A, e=455",32.7925817615644,30.302860890931196,1.2119
74781,usgs,06935997,ok,1997-05-10,2019-12-31,8179,0.4538,21,"flags: A=7705; A, e=474 | AREA MISMATCH polygon/national=0.169",0.929454585367026,5.49077479391232,5.9211
74782,usgs,06936475,ok,1996-07-11,2019-12-31,8562,0.4282,23,"flags: A=8419; A, e=143",100.882276419019,104.6355196575744,1.1238
74783,usgs,07001910,ok,1999-06-03,2019-12-31,7517,0.498,20,"flags: A=6926; A, e=591 | AREA MISMATCH polygon/national=0.0385",0.114571452726601,2.9784863268863995,23.9142
74784,usgs,07001985,ok,1997-05-09,2019-12-31,8272,0.4476,22,"flags: A=7969; A, e=303",12.8785347105719,13.44203829264384,1.2898
74785,usgs,07005000,ok,1978-10-03,2019-12-31,9192,0.3872,23,"flags: A=8472; A, e=720 | AREA MISMATCH polygon/national=0.0402",2.54299410780034,63.195709892198394,33.7497
74786,usgs,07010022,ok,1997-09-03,2019-12-31,8155,0.4554,22,"flags: A=7916; A, e=239",22.5846134276269,23.154493706403837,1.1389
74787,usgs,07010030,ok,1997-06-25,2019-12-31,8225,0.4508,22,"flags: A=7771; A, e=415; A, <=39",4.61114208274018,5.205876101775359,1.13
74788,usgs,07010035,ok,1998-06-03,2019-12-31,7882,0.4737,21,"flags: A=7595; A, e=287 | AREA MISMATCH polygon/national=0.695",2.52067961285561,3.625983354470399,1.2878
74789,usgs,07010055,ok,2001-06-06,2019-12-31,6783,0.547,18,"flags: A=6583; A, e=200 | AREA MISMATCH polygon/national=0.0118",0.367469843831944,31.079857324032,80.9428
74790,usgs,07010061,ok,2002-05-31,2019-12-31,6424,0.571,17,"flags: A=6356; A, e=68",16.4739885825642,16.7054233116672,1.285
74791,usgs,07010070,ok,2001-07-26,2019-12-31,6447,0.5695,16,"flags: A=6336; A, e=111 | AREA MISMATCH polygon/national=0.0237",0.114843638574968,4.84327776632832,44.4015
74792,usgs,07010075,ok,2001-05-31,2019-12-31,6789,0.5466,18,"flags: A=6697; A, e=92 | AREA MISMATCH polygon/national=0.0111",0.616541241931754,55.4257455611904,83.3355
74793,usgs,07010082,ok,2004-03-23,2019-12-31,5762,0.6152,15,"flags: A=5603; A, e=159 | AREA MISMATCH polygon/national=1.39",20.9830969099869,15.047830921052158,0.9666
74794,usgs,07010086,ok,1978-10-13,2019-12-31,8884,0.4121,22,"flags: A=8781; A, e=103",93.9471702471245,94.534566027264,0.9438
74795,usgs,07010090,ok,1997-05-22,2019-12-31,8258,0.4485,22,"flags: A=7630; A, e=628",10.662502631047,9.03905850507264,0.8242
74796,usgs,07010094,ok,1997-05-21,2019-12-31,8260,0.4484,22,"flags: A=8010; A, e=250 | AREA MISMATCH polygon/national=1.47",2.35389723357716,1.60579262840832,0.6237
74797,usgs,07010097,ok,2002-02-08,2019-12-31,6536,0.5635,18,"flags: A=3603; A, e=2933",207.999718399689,220.6669870006272,0.9145
74798,usgs,07010180,ok,1996-07-23,2019-12-31,8562,0.4282,23,"flags: A=8055; A, e=507 | AREA MISMATCH polygon/national=0.00245",0.114983576535177,46.8787847970816,482.8775
74799,usgs,07010208,ok,1997-05-09,2019-12-31,8272,0.4476,22,"flags: A=7799; A, e=473 | AREA MISMATCH polygon/national=0.0168",0.115034357467806,6.83756861128704,77.0309
74800,usgs,07010350,ok,1965-10-01,2019-12-31,10159,0.6448,13,"flags: A=10032; A, e=127",515.125062276211,515.407633956864,0.626
74801,usgs,07011500,ok,1950-01-01,1975-09-30,9404,1.0,0,flags: A=9404,1.29226656757249,1.60579262840832,0.7175
74802,usgs,07013000,ok,1950-01-01,2019-12-31,25567,0.0,41,"flags: A=25473; A, e=94 | AREA MISMATCH polygon/national=0.000115",0.23163903826202,2022.780714172416,6359.5147
74803,usgs,07014000,ok,2007-03-05,2019-12-31,4685,0.6871,13,"flags: A=4678; A, e=7",668.343221618807,670.806920577024,1.0298
74804,usgs,07014500,ok,1950-01-01,2019-12-31,25567,0.0,41,"flags: A=25455; A, e=110; A, <=2 | AREA MISMATCH polygon/national=0.000313",1.19729117121621,3820.2324627456,2574.5677
74805,usgs,07015000,ok,1950-01-01,1982-01-13,11701,0.9259,3,flags: A=11701,52.7140758348179,55.1667467501568,0.7031
74806,usgs,07015720,ok,1965-07-01,2019-12-31,19907,0.0,41,"flags: A=19061; A, e=572; A, R=274",336.730120761401,349.64839489535996,1.0248
74807,usgs,07016500,ok,1950-01-01,2019-12-31,25567,0.0,41,"flags: A=25354; A, e=213",2031.2227066161,2092.710393151488,0.8399
74808,usgs,07017115,ok,2007-07-19,2009-05-02,654,0.9563,1,flags: A=654 | AREA MISMATCH polygon/national=0.0119,0.46439499907215,39.108820466073595,70.3377
74809,usgs,07017200,ok,1965-07-01,2019-12-31,19857,0.0033,41,"flags: A, e=12239; A=7618",470.38015709893,453.2479193088,0.9977
74810,usgs,07017500,ok,1955-10-01,1975-11-07,7343,1.0,0,flags: A=7343,8.51035862153004,8.6764601696256,0.8058
74811,usgs,07018000,ok,1950-01-01,1983-09-30,12326,0.8842,4,flags: A=12326 | AREA MISMATCH polygon/national=0.00637,11.8470067072488,1859.611463221248,134.6566
74812,usgs,07018100,ok,1950-01-01,2019-12-31,25202,0.0244,39,"flags: A=25111; A, e=91 | AREA MISMATCH polygon/national=0.00085",1.61716363634805,1903.64126109696,1106.6894
74813,usgs,07018500,ok,1950-01-01,2019-12-31,25567,0.0,41,"flags: A=25413; A, e=154",2383.17560630944,2375.0190971781117,0.9195
74814,usgs,07019000,ok,1950-01-01,2019-12-31,25567,0.0,41,"flags: A=25425; A, e=142 | AREA MISMATCH polygon/national=7.77e-05",0.762728859513445,9810.874961952768,10863.1867
74815,usgs,07019072,ok,1996-07-24,2019-12-31,8561,0.4283,23,"flags: A=8308; A, e=253 | AREA MISMATCH polygon/national=0.0113",0.11493450421463,10.12685351141376,124.7663
74816,usgs,07019090,ok,1997-05-23,2019-12-31,8258,0.4485,22,"flags: A=7856; A, e=402",18.1134727261904,19.73570940076032,0.8629
74817,usgs,07019120,ok,1996-07-18,2019-12-31,8454,0.4355,22,"flags: A=8012; A, e=442",22.6279471395575,24.812086097018877,0.7386
74818,usgs,07019150,ok,1997-05-22,2019-12-31,8259,0.4485,22,"flags: A=8106; A, e=153 | AREA MISMATCH polygon/national=0.0174",0.229116266452184,13.18303948161024,57.556
74819,usgs,07019175,ok,1997-06-10,2019-12-31,8240,0.4497,22,"flags: A=7866; A, e=374 | AREA MISMATCH polygon/national=0.0453",0.596556526653985,13.15713960050688,27.2227
74820,usgs,07019185,ok,1997-05-21,2019-12-31,8170,0.4544,21,"flags: A=7916; A, e=254 | AREA MISMATCH polygon/national=0.00204",0.114912061603636,56.4617408053248,532.3988
74821,usgs,07019195,ok,1997-05-23,2019-12-31,8258,0.4485,22,"flags: A=7501; A, e=757 | AREA MISMATCH polygon/national=0.271",1.89934892662948,7.018867779010559,4.7028
74822,usgs,07019220,ok,1997-06-26,2019-12-31,8224,0.4508,22,"flags: A=8027; A, e=197 | AREA MISMATCH polygon/national=0.0498",0.55305471495336,11.11104899334144,29.4163
74823,usgs,07019317,ok,1996-07-11,2019-12-31,8574,0.4274,23,"flags: A=8218; A, e=356",18.7118729552835,20.40910630944768,1.347
74824,usgs,07020500,ok,1950-01-01,2019-12-31,25567,0.0,41,"flags: A=25554; A, e=13 | AREA MISMATCH polygon/national=2.82e-07",0.517197051824308,1835265.5749840897,1033295.2668
74825,usgs,07020550,ok,1998-06-10,2019-12-31,6960,0.5352,17,"flags: A=6686; A, e=274",147.333263066297,143.22634250158077,1.0661
74826,usgs,07021000,ok,1950-01-01,2019-12-31,22322,0.2167,32,"flags: A=22293; A, e=29 | AREA MISMATCH polygon/national=0.000214",0.234312115953561,1095.564970672128,5804.2797
74827,usgs,07022000,ok,1950-01-01,2019-12-31,25567,0.0,41,"flags: A=25110; A, e=457 | AREA MISMATCH polygon/national=1.27e-07",0.234077070333118,1847179.520291635,2370690.9229
74828,usgs,07024000,ok,1950-01-01,2019-12-31,22307,0.2115,30,"flags: A=21841; A, e=466 | AREA MISMATCH polygon/national=0.0037",0.657602088652955,177.9321831800832,410.1019
74829,usgs,07024200,ok,1994-09-30,2019-12-31,4814,0.6785,13,"flags: A=4623; A, e=191",71.6755182946337,68.63468492390399,1.9472
74830,usgs,07024300,ok,1962-10-01,1994-04-13,10666,0.6841,11,"flags: A=10503; A, e=163",148.363886953586,143.744340123648,1.8988
74831,usgs,07024500,ok,1950-01-01,2019-12-31,20909,0.3111,27,"flags: A=20594; A, e=315",992.563984550734,991.965446258688,1.5766
74832,usgs,07025400,ok,1953-01-01,2019-12-31,16841,0.4936,20,"flags: A=16779; A, e=62",971.464986211351,963.475577044992,1.3956
74833,usgs,07025500,ok,1950-01-01,1970-12-31,7670,1.0,0,flags: A=7670,1250.80137124017,1100.7449468928,1.2476
74834,usgs,07026000,ok,1950-01-01,1991-01-01,12054,0.7072,12,"flags: A=11759; A, e=295",4680.20628677962,4796.657980342272,1.5951
74835,usgs,07026040,ok,1950-01-01,2019-12-31,20184,0.1643,32,"flags: A=19189; A, e=995 | AREA MISMATCH polygon/national=8.26e-05",0.401064593109949,4856.2277068799995,18086.4161
74836,usgs,07026300,ok,1955-10-01,1985-09-29,10914,0.8375,6,flags: A=10914 | AREA MISMATCH polygon/national=0.000347,1.82685627161009,5265.445828313088,3823.5086
74837,usgs,07026500,ok,1951-01-01,2017-01-10,9749,0.9034,4,"flags: A=9731; A, e=18",273.56052529605,284.89869213696,1.1191
74838,usgs,07027500,ok,1950-01-01,1991-06-06,9815,0.9244,2,"flags: A=9685; A, e=130",1287.89358579228,1282.04411461632,1.3729
74839,usgs,07027720,ok,2001-02-14,2019-12-31,6895,0.5396,19,"flags: A=6740; A, e=155 | AREA MISMATCH polygon/national=0.00172",3.18960715755622,1859.611463221248,901.1735
74840,usgs,07028100,ok,1955-01-01,1984-09-29,10862,0.8599,5,flags: A=10862 | AREA MISMATCH polygon/national=4.51e-05,0.119011287699558,2639.197884432384,28927.6753
74841,usgs,07028960,ok,1997-09-17,2019-12-31,8136,0.4567,22,"flags: A=7887; A, e=249 | AREA MISMATCH polygon/national=0.00145",0.79319498936438,546.4874912808959,995.2003
74842,usgs,07029000,ok,1950-01-01,1973-10-09,8683,1.0,0,flags: A=8683 | AREA MISMATCH polygon/national=0.00092,0.879175049363815,955.705612713984,1457.7361
74843,usgs,07029100,ok,1950-01-01,1985-09-29,12751,0.853,4,flags: A=12751 | AREA MISMATCH polygon/national=4.89e-05,0.11886058389736,2431.9988356055037,29642.1762
74844,usgs,07029500,ok,1950-01-01,2019-12-31,25435,0.0088,40,"flags: A=25190; A, e=245 | AREA MISMATCH polygon/national=6.24e-05",0.239329633335423,3833.18240329728,25043.147
74845,usgs,07030050,ok,1950-01-01,2019-12-31,19930,0.3457,26,"flags: A=19858; A, e=72 | AREA MISMATCH polygon/national=2e-05",0.119445499095247,5977.692558655488,66764.9442
74846,usgs,07030240,ok,1969-10-01,2019-12-31,17139,0.0811,37,"flags: A=16741; A, e=398",683.957550716081,678.576884908032,1.4232
74847,usgs,07030500,ok,1950-01-01,2019-12-31,14861,0.5462,18,"flags: A=14753; A, e=108",1284.13458603226,1302.764019499008,1.2642
74848,usgs,07031650,ok,1969-10-01,2019-12-31,16890,0.0978,36,"flags: A=16596; A, e=294 | AREA MISMATCH polygon/national=0.000856",1.55003677074633,1810.401689124864,1580.255
74849,usgs,07031692,ok,1996-04-01,2019-12-31,8675,0.4207,23,"flags: A=8152; A, e=523 | AREA MISMATCH polygon/national=0.00303",0.239637559878747,78.994637365248,593.1876
74850,usgs,07031740,ok,1995-02-01,2019-12-31,8900,0.4057,23,"flags: A=6115; A, e=2785",2009.09027687511,2040.910630944768,1.4668
74851,usgs,07032200,ok,1969-10-01,2019-12-31,17619,0.0491,38,"flags: A=17078; A, e=541",182.975549484121,176.6371891249152,1.5118
74852,usgs,07035000,ok,1959-10-01,2019-12-31,11129,0.3056,27,"flags: A, e=6028; A=5101",231.646275504416,234.393923985408,1.3127
74853,usgs,07035500,ok,1955-10-01,1975-11-06,7342,1.0,0,flags: A=7342 | AREA MISMATCH polygon/national=0.203,2.12364378960691,10.43765208465408,5.6162
74854,usgs,07035800,ok,1987-02-05,2019-12-31,11288,0.2462,30,"flags: A=10747; A, e=541 | AREA MISMATCH polygon/national=0.0336",43.9407338129482,1307.9439957196798,33.3213
74855,usgs,07036100,ok,1983-06-10,2019-12-31,10432,0.3034,27,"flags: A=10423; A, e=9",1706.24079056085,1719.752105263104,1.329
74856,usgs,07037300,ok,2005-10-01,2019-12-31,5205,0.6524,14,"flags: A=5185; A, e=20 | AREA MISMATCH polygon/national=0.000941",0.46083462526644,489.507752853504,1495.0553
74857,usgs,07037500,ok,1950-01-01,2019-12-31,25202,0.0244,39,"flags: A=24957; A, e=245",2593.07441126402,2476.028633481216,1.1183
74858,usgs,07037700,ok,1956-10-01,1976-09-30,7305,1.0,0,flags: A=7305,12.9321962405426,11.37004780437504,0.8116
74859,usgs,07039500,ok,1950-01-01,2019-12-31,23010,0.1708,33,"flags: A=22976; A, e=34 | AREA MISMATCH polygon/national=6.9e-05",0.234344780292721,3395.4744126504957,16993.7854
74860,usgs,07040000,ok,1997-10-01,2010-11-14,4793,0.6799,13,"flags: A=4198; A, e=595 | AREA MISMATCH polygon/national=3.32e-05",0.117707805396075,3548.28371116032,32676.7656
74861,usgs,07040450,ok,1950-01-01,2010-11-16,14282,0.7231,11,"flags: A=14238; A, e=44",6095.51973234517,6138.27182149632,1.1694
74862,usgs,07046600,ok,1950-01-01,1977-09-29,10113,1.0,0,flags: A=10113,6001.13029825952,5464.874912808959,1.1466
74863,usgs,07047500,ok,1950-01-01,1973-10-01,8675,1.0,0,flags: A=8675,13105.7233291693,13333.258792009728,0.2806
74864,usgs,07047902,ok,1950-01-01,1977-09-29,9932,1.0,0,flags: A=9932 | AREA MISMATCH polygon/national=7.16e-06,0.120071966272707,16770.1730144256,165333.4243
74865,usgs,07047950,ok,1950-01-01,2019-12-31,18210,0.4607,22,"flags: A=18042; A, e=168",1902.3645697905,2035.730654724096,1.5066
74866,usgs,07048000,ok,1950-01-01,1983-11-08,12365,0.8816,5,flags: A=12365,205.452685579901,215.2280119689216,1.2275
74867,usgs,07048480,ok,1996-09-19,2015-06-08,6826,0.5442,18,"flags: A=6177; A, e=649 | AREA MISMATCH polygon/national=0.564",1.25639578068161,2.2273897748889597,3.0362
74868,usgs,07048490,ok,1996-10-01,2015-06-09,6826,0.5442,18,"flags: A=6511; A, e=315 | AREA MISMATCH polygon/national=6.8",23.9468193877814,3.52238383005696,0.2681
74869,usgs,07048550,ok,2001-09-19,2019-12-31,6677,0.5541,18,"flags: A=6540; A, e=137",310.645067060634,318.56853757132797,1.4851
74870,usgs,07048600,ok,1963-10-01,2019-12-31,19305,0.0829,37,"flags: A=18989; A, e=316 | AREA MISMATCH polygon/national=0.000229",0.237598404720615,1035.9952441344,5831.2917
74871,usgs,07048800,ok,1998-10-01,2015-08-03,6151,0.5892,16,"flags: A=4779; A, e=1372 | AREA MISMATCH polygon/national=0.0331",11.8453955255129,357.41835922636795,36.5386
74872,usgs,07049000,ok,1952-07-01,2019-12-31,14424,0.4819,21,"flags: A=13925; A, R=312; A, e=187",686.940688430432,681.1668730183679,1.0966
74873,usgs,07050152,ok,2008-03-12,2019-12-31,4312,0.7121,11,"flags: A=4285; A, e=27",95.7653842857154,92.4625755389952,1.9875
74874,usgs,07050500,ok,1950-01-01,2019-12-31,19287,0.34,27,"flags: A=19071; A, e=216 | AREA MISMATCH polygon/national=8.66e-05",0.118259789940961,1364.923734147072,12314.2209
74875,usgs,07050690,ok,1999-07-21,2019-12-31,7469,0.5012,20,"flags: A=7336; A, e=133",59.9632464913147,54.389750317056,1.137
74876,usgs,07050700,ok,1955-10-01,2019-12-31,23468,0.0,41,"flags: A=23464; A, e=4",624.320941402518,637.1370751426559,0.9466
74877,usgs,07052000,ok,1973-07-11,2019-12-31,8633,0.4737,21,"flags: A=8596; A, e=37",46.6001890731308,46.1017883639808,1.1025
74878,usgs,07052100,ok,1972-09-21,2019-12-31,11549,0.3819,24,"flags: A=10965; A, e=584",86.2272238407467,81.3256266645504,0.6009
74879,usgs,07052120,ok,1998-05-29,2019-12-31,7887,0.4733,21,"flags: A=7732; A, e=155",27.4766844559213,27.194875158528,0.4065
74880,usgs,07052152,ok,2001-07-10,2019-12-31,6749,0.5493,18,"flags: A=6746; A, e=3",125.638726866389,132.089393627136,1.2692
74881,usgs,07052250,ok,1972-09-22,2019-12-31,9598,0.5121,19,"flags: A=9558; A, e=40",1176.74882899167,1196.574506975232,1.1399
74882,usgs,07052345,ok,2001-10-01,2019-12-31,6515,0.5649,17,"flags: A=6498; A, e=17",654.701701573724,675.986896797696,1.0658
74883,usgs,07052500,ok,1950-01-01,2019-12-31,25567,0.0,41,"flags: A=25227; A, e=340",2530.01515432407,2556.3182649016317,0.985
74884,usgs,07052820,ok,2007-05-04,2019-12-31,4625,0.6912,12,"flags: A=4331; A, e=294",709.066320404125,709.656742232064,0.9799
74885,usgs,07053250,ok,1993-04-15,2019-12-31,9756,0.3485,26,"flags: A=9032; A, e=724",130.307997966543,136.7513722257408,1.026
74886,usgs,07053500,ok,1951-10-01,2008-10-20,19351,0.3725,24,flags: A=19351,10344.9235737798,10416.932179771393,0.9294
74887,usgs,07053810,ok,1994-10-01,2019-12-31,8857,0.4085,23,"flags: A=8760; A, e=97",516.554761665051,494.687729074176,1.0781
74888,usgs,07054080,ok,1994-07-23,2019-12-31,9227,0.3838,25,"flags: A=9155; A, e=72",774.354429556672,771.8164568801279,0.9663
74889,usgs,07055000,ok,1950-01-01,1981-04-08,11398,0.9462,2,flags: A=11398,15715.8049335449,15749.717698953214,0.8833
74890,usgs,07055646,ok,1993-04-17,2019-12-31,8971,0.4009,23,"flags: A=8719; A, e=252 | AREA MISMATCH polygon/national=0.0127",1.89031381647714,148.66531753328638,134.1327
74891,usgs,07055875,ok,1995-06-01,2019-12-31,8977,0.4005,24,"flags: A=8723; A, e=204; A, <=50",169.267267775915,174.5651986366464,1.6958
74892,usgs,07056515,ok,1999-01-22,2019-12-31,7646,0.4894,21,"flags: A=7428; A, e=218",214.745844842579,215.2280119689216,1.2766
74893,usgs,07056700,ok,2002-10-01,2019-12-31,6300,0.5793,17,"flags: A=6167; A, e=133",2785.72586607531,2771.28727805952,1.264
74894,usgs,07057000,ok,1950-01-01,1970-09-29,7577,1.0,0,flags: A=7577,2882.42534646242,2838.626968928256,1.0425
74895,usgs,07057370,ok,1996-05-18,2019-12-31,6316,0.5782,16,"flags: A=6076; A, e=240",20786.9383400149,20823.50440710144,1.0495
74896,usgs,07058000,ok,1950-01-01,2019-12-31,21964,0.2406,30,"flags: A=21731; A, e=233 | AREA MISMATCH polygon/national=0.000159",0.235258869896161,1476.29322289152,5426.0865
74897,usgs,07060500,ok,1950-01-01,2019-12-31,25567,0.0,41,"flags: A=25422; A, e=145 | AREA MISMATCH polygon/national=0.000131",3.39683605374322,25848.08134115328,7398.0953
74898,usgs,07061000,ok,1950-01-01,2019-06-08,12370,0.3872,24,"flags: A=12305; A, e=65",28657.6399749216,28671.168381419517,1.0663
74899,usgs,07061270,ok,2001-10-01,2019-12-31,6300,0.5793,16,"flags: A=6238; A, e=62 | AREA MISMATCH polygon/national=0.000862",0.116524669095523,135.1973793595392,1661.758
74900,usgs,07061290,ok,2008-03-13,2019-12-31,4311,0.7121,11,"flags: A=3914; A, R=395; A, e=2",231.530009671355,226.10596203233277,1.3969
74901,usgs,07061500,ok,1950-01-01,2019-12-31,25567,0.0,41,"flags: A=25505; A, e=62",1289.72091646409,1253.554245402624,1.1598
74902,usgs,07061600,ok,2006-01-23,2019-12-31,5091,0.66,14,"flags: A=4921; A, e=170 | AREA MISMATCH polygon/national=0.00925",11.8110370709851,1276.8641383956478,155.9772
74903,usgs,07061900,ok,1994-07-21,2019-12-31,9295,0.3793,25,"flags: A=8783; A, e=512 | AREA MISMATCH polygon/national=0.213",76.818586796377,360.008347336704,1.1726
74904,usgs,07062500,ok,1950-01-01,2019-12-31,20627,0.3299,26,"flags: A=20626; A, e=1 | AREA MISMATCH polygon/national=0.00262",6.69680794022417,2556.3182649016317,379.9988
74905,usgs,07062575,ok,2008-04-08,2019-12-31,4285,0.7139,11,"flags: A=4260; A, e=25 | AREA MISMATCH polygon/national=4.5e-05",0.117423058242691,2608.1180271083517,29812.3504
74906,usgs,07063000,ok,1950-01-01,2019-12-31,25567,0.0,41,"flags: A=25313; A, e=254",3253.10649369069,3224.5351973683196,1.0695
74907,usgs,07064000,ok,1950-01-01,2019-12-31,24807,0.0508,38,"flags: A=24671; A, e=136",4596.17417308791,4532.479193088,1.033
74908,usgs,07064300,ok,1956-10-01,1976-09-30,7305,1.0,0,flags: A=7305,5.53136582514272,4.4547795497779195,0.0968
74909,usgs,07064440,ok,2007-02-07,2019-12-31,4710,0.6855,13,"flags: A=4699; A, e=11",160.604281626123,152.2913008877568,2.001
74910,usgs,07064500,ok,1950-01-01,1975-10-15,9419,1.0,0,flags: A=9419 | AREA MISMATCH polygon/national=0.0108,0.233380878256181,21.652300602408957,89.3987
74911,usgs,07064533,ok,2001-08-14,2019-12-31,6714,0.5517,18,"flags: A=6692; A, e=22",767.386016954748,764.04649254912,1.3983
74912,usgs,07065200,ok,2001-10-01,2019-12-31,6666,0.5549,18,"flags: A=6598; A, e=68",491.338773619961,479.14780041216,1.0336
74913,usgs,07065495,ok,1993-03-25,2019-12-31,9778,0.347,26,"flags: A=9739; A, e=39",851.607807401044,771.8164568801279,0.8429
74914,usgs,07066000,ok,1950-01-01,2019-12-31,25567,0.0,41,"flags: A=25490; A, e=77",1060.81407995683,1030.815267913728,1.1303
74915,usgs,07066500,ok,1950-01-01,1976-03-18,9574,1.0,0,flags: A=9574,3330.57292119362,3294.464876347392,1.0422
74916,usgs,07067000,ok,1950-01-01,2019-12-31,25567,0.0,41,"flags: A=25541; A, e=26",4352.04574478868,4317.510179930112,1.164
74917,usgs,07068510,ok,1980-05-15,2019-12-31,7013,0.5317,18,"flags: A=6984; A, e=29 | AREA MISMATCH polygon/national=0.000463",0.232528954642125,502.457693405184,2880.9104
74918,usgs,07069000,ok,1950-01-01,2019-12-31,14606,0.5306,19,"flags: A=11834; A, R=2693; A, e=79 | AREA MISMATCH polygon/national=0.000341",4.274471207707,12535.54245402624,3352.3219
74919,usgs,07069305,ok,2001-10-01,2019-12-31,6659,0.5553,18,"flags: A=6574; A, e=85",2202.54861392076,2188.5399532339197,1.2245
74920,usgs,07069500,ok,1950-01-01,2019-12-31,22813,0.1839,32,"flags: A=22720; A, e=93",3012.99224548711,3056.18597019648,1.1828
74921,usgs,07070500,ok,1950-10-01,1976-11-09,9537,1.0,0,flags: A=9537,924.541154928907,934.985707831296,0.2652
74922,usgs,07072000,ok,1950-01-01,2019-12-31,23571,0.1333,35,"flags: A=23227; A, e=344",2904.27108549475,2926.68656467968,1.0285
74923,usgs,07072500,ok,1950-01-01,2019-12-31,25567,0.0,41,"flags: A=25467; A, e=100 | AREA MISMATCH polygon/national=0.000195",3.71667242778856,19088.21237317632,5930.9154
74924,usgs,07073000,ok,1950-01-01,1979-10-17,10882,0.9806,0,flags: A=10882,550.556854742523,562.0274199429119,0.934
74925,usgs,07073500,ok,1950-01-01,1985-01-30,12783,0.8537,6,flags: A=12783,259.080347995244,256.92682054533117,0.8508
74926,usgs,07074000,not_found,,,,,,no daily flow returned for 1950-2019,1226.3999214886,1225.064376188928,
74927,usgs,07074420,ok,1999-01-20,2019-12-31,7648,0.4893,21,"flags: A=3789; A, R=3554; A, e=305",21803.6108944556,21807.69988902912,1.1896
74928,usgs,07075000,ok,1950-01-01,2019-12-31,17879,0.5134,19,"flags: A=17867; A, e=12",763.712304743137,782.176409321472,1.5121
74929,usgs,07075300,ok,1961-10-01,2019-12-31,18985,0.153,34,"flags: A=18658; A, e=327 | AREA MISMATCH polygon/national=1.85",708.991539602991,383.318240329728,0.84
74930,usgs,07076517,ok,1996-11-22,2019-12-31,8435,0.4367,23,"flags: A=7107; A, R=1198; A, e=130",3463.65479744554,3470.58406785024,1.3861
74931,usgs,07077000,ok,1950-01-01,2019-12-31,18975,0.2389,31,"flags: A=18556; A, e=419",60815.184889231,60605.7217818624,1.1055
74932,usgs,07077380,ok,1964-10-01,2019-12-31,20180,0.0,41,"flags: A=19318; A, e=862",1644.20470497461,1815.581665345536,1.3447
74933,usgs,07077555,ok,1987-04-03,2019-12-31,11907,0.2049,32,"flags: A=11750; A, e=157",2916.64146632866,3030.2860890931197,1.2226
74934,usgs,07077950,ok,1970-10-01,1993-10-06,6946,0.7374,9,"flags: A=6783; A, e=163",1340.87064668586,1160.3146734305278,1.2433
74935,usgs,07099235,ok,1978-05-31,2012-09-30,10599,0.3066,24,"flags: A=10232; A, e=367 | AREA MISMATCH polygon/national=0.00706",1.32566467824231,187.77413799936,1.0384
74936,usgs,07099400,ok,1965-10-01,2007-09-29,15339,0.2989,28,"flags: A=15247; A, e=92 | AREA MISMATCH polygon/national=2.88e-05",0.347865980136385,12095.24447526912,4655.8098
74937,usgs,07099500,ok,1950-01-01,1975-09-29,9403,1.0,0,flags: A=9403 | AREA MISMATCH polygon/national=9.51e-06,0.115389536881772,12136.684285034496,13445.1887
74938,usgs,07106500,ok,1950-01-01,2019-12-31,23617,0.0,41,"flags: A=23316; A, e=301 | AREA MISMATCH polygon/national=0.000622",1.49013691526075,2395.7390020608,187.4124
74939,usgs,07109500,ok,1950-01-01,2019-12-31,20694,0.0,41,"flags: A=20550; A, e=144 | AREA MISMATCH polygon/national=7.13e-06",0.11542686594742,16197.785642041345,18820.1924
74940,usgs,07121500,ok,1968-03-01,2019-12-31,18933,0.0,41,"flags: A=18358; A, e=519; A, R=56",1268.04399281807,1310.5339838300158,0.1134
74941,usgs,07122400,ok,1968-02-01,1993-09-30,9374,0.6403,14,flags: A=9374,277.217747359079,279.718715916288,0.1015
74942,usgs,07126325,ok,1983-03-18,2019-10-31,10099,0.3256,15,"flags: A=9993; A, e=106",129.416275415283,125.3554245402624,0.0078
74943,usgs,07126390,ok,1983-04-21,2019-10-31,8036,0.4634,9,"flags: A=8007; A, e=29",126.222044546359,126.3914197843968,0.0044
74944,usgs,07126480,ok,1983-10-01,2019-10-31,6347,0.5762,4,"flags: A=6327; A, e=20 | AREA MISMATCH polygon/national=0.000802",0.116463921103946,145.2983329898496,4.2119
74945,usgs,07139800,ok,1968-03-19,1990-09-29,8230,0.7135,11,flags: A=8230,196.39515335183,191.1411225427968,0.0079
74946,usgs,07142300,ok,1959-10-01,2019-12-31,22007,0.0,41,"flags: A=21115; A, e=892",1753.21328232525,1805.221712904192,0.0275
74947,usgs,07142575,ok,1973-05-30,2019-12-31,17017,0.0,41,"flags: A=15516; A, e=1501 | AREA MISMATCH polygon/national=0.000423",1.1465870217839,2711.717551521792,93.7782
74948,usgs,07144480,ok,2001-04-01,2019-12-31,6849,0.5426,18,"flags: A=6163; A, e=686",254.238205779618,222.738977488896,0.3215
74949,usgs,07144795,ok,1964-10-01,2015-09-30,18627,0.1037,36,"flags: A=18027; A, e=600",2570.68485706642,2333.579287412736,0.1086
74950,usgs,07145500,ok,1950-01-01,2019-12-31,25567,0.0,41,"flags: A=24775; A, e=792",5510.21628679818,5514.084686905344,0.2292
74951,usgs,07147800,ok,1950-01-01,2019-12-31,25567,0.0,41,"flags: A=25478; A, e=89",4835.82837772796,4869.177647431679,0.5251
74952,usgs,07150500,ok,1950-01-01,1993-09-30,15979,0.6403,14,"flags: A=15974; A, e=5",8172.01837520169,8293.14192929587,0.1156
74953,usgs,07151000,ok,1950-01-01,2019-12-31,25567,0.0,41,"flags: A=24803; A, e=764",11640.4265519794,11577.24685320192,0.1952
74954,usgs,07153500,ok,1950-01-01,1973-12-31,8766,1.0,0,flags: A=8766,1591.26867150795,1294.994055168,0.0147
74955,usgs,07156220,ok,1966-10-01,1998-09-29,11687,0.5184,19,"flags: A=11557; A, e=130",2187.97953416654,2162.64007213056,0.0038
74956,usgs,07157500,ok,1950-01-01,2019-12-31,25515,0.0035,41,"flags: A=24249; A, e=1261; A, <=5 | AREA MISMATCH polygon/national=7.81e-05",0.234008020370349,2996.616243658752,230.1697
74957,usgs,07159000,ok,1950-01-01,1970-09-29,7577,1.0,0,flags: A=7577,665.690091641798,642.317051363328,0.1735
74958,usgs,07159750,ok,1973-03-01,2019-12-31,9657,0.4975,19,"flags: A=8990; A, e=667",865.204230177349,828.79619530752,0.546
74959,usgs,07160000,ok,1950-01-01,2019-12-31,23244,0.1002,37,"flags: A=21557; A, e=1660; A, R=27",39321.8628912793,44045.337804374016,0.0731
74960,usgs,07160350,ok,1996-02-17,2019-12-31,8719,0.4178,24,"flags: A=8137; A, e=546; A, R=36",165.507148097476,181.29916772352,0.5231
74961,usgs,07161000,ok,1950-01-01,1991-09-30,15207,0.6918,12,"flags: A=14916; A, e=291",41939.9276224467,46236.46774571827,0.0784
74962,usgs,07161450,ok,1987-10-01,2019-12-31,11780,0.2134,32,"flags: A=10566; A, e=1214",42187.8406044537,46922.81459495731,0.1103
74963,usgs,07164500,ok,1950-01-01,2019-12-31,25567,0.0,41,"flags: A=25011; A, e=556",187154.51066688,192850.51469561853,0.1083
74964,usgs,07164600,ok,1988-03-11,2019-12-31,11618,0.2242,31,"flags: A=10290; A, e=1270; A, R=58",29.7460018983597,30.043862079897597,1.672
74965,usgs,07165500,ok,1950-01-01,1979-09-29,10864,0.9818,0,flags: A=10864 | AREA MISMATCH polygon/national=0.00258,0.820936599379937,318.56853757132797,146.7468
74966,usgs,07165562,ok,1988-01-20,2019-12-31,11669,0.2208,32,"flags: A=10048; A, e=1621",46.3832458379561,46.360787175014394,1.238
74967,usgs,07165565,ok,1987-10-01,2019-12-31,11780,0.2134,32,"flags: A=10118; A, e=1662",13.9884827246451,14.19313484464128,1.2881
74968,usgs,07166500,ok,1950-01-01,2019-12-31,25567,0.0,41,"flags: A=25295; A, e=272",2740.66645096513,2833.446992707584,0.6938
74969,usgs,07167000,ok,1950-01-01,1976-09-29,9769,1.0,0,flags: A=9769,840.353120820097,795.126349873152,0.5591
74970,usgs,07168500,ok,1950-01-01,1989-12-31,13879,0.7805,8,"flags: A=13872; A, e=7",1466.3531835196,1515.1430445465598,0.5461
74971,usgs,07169500,ok,1950-01-01,2019-12-31,25567,0.0,41,"flags: A=25333; A, e=234",2117.83030594944,2141.920167247872,0.6411
74972,usgs,07170000,ok,1950-01-01,1969-09-29,7212,1.0,0,flags: A=7212,1508.89015791764,1489.2431634431998,0.4102
74973,usgs,07170500,ok,1950-01-01,2019-12-31,25567,0.0,41,"flags: A=24876; A, e=691",7480.91298121538,7490.245615091711,0.6634
74974,usgs,07170700,ok,1957-10-01,2017-10-25,21828,0.0607,37,"flags: A=20307; A, e=1521",104.332599942059,95.829560082432,0.6414
74975,usgs,07170990,ok,2002-04-01,2019-12-31,6484,0.567,17,"flags: A=6208; A, e=276 | AREA MISMATCH polygon/national=4.34e-05",0.375599551214406,8655.740264742912,19100.695
74976,usgs,07171000,ok,1950-01-01,2019-12-31,25567,0.0,41,"flags: A=24876; A, e=691",9343.82305418904,9282.517387444224,0.6845
74977,usgs,07174200,ok,1958-10-01,1981-02-10,8169,0.9484,2,flags: A=8169,1316.22642137243,1300.174031388672,0.4931
74978,usgs,07174400,ok,1985-10-01,2019-12-31,12510,0.1646,34,"flags: A=11765; A, e=745",3583.75480479682,3545.693723049984,0.7448
74979,usgs,07174700,ok,1956-04-01,1976-09-29,7487,1.0,0,flags: A=7487,4545.84174661963,4540.249157419008,0.5173
74980,usgs,07175500,ok,1950-01-01,2019-12-31,25567,0.0,41,"flags: A=25164; A, e=403",5035.21753554715,5014.216981610496,0.6178
74981,usgs,07176000,ok,1950-01-01,2019-12-31,25567,0.0,41,"flags: A=24953; A, e=614",16785.9619214983,16708.013299777536,0.6393
74982,usgs,07176500,ok,1950-01-01,2019-12-31,25567,0.0,41,"flags: A=25354; A, e=213",962.534691246384,955.705612713984,0.642
74983,usgs,07177000,ok,1950-01-01,1981-09-29,11580,0.934,2,flags: A=11580,880.169884433836,880.5959575142399,0.4898
74984,usgs,07177500,ok,1950-01-01,2019-12-31,25567,0.0,41,"flags: A=25253; A, e=314",2353.18455649764,2349.119216074752,0.6006
74985,usgs,07177800,ok,1988-01-30,2019-12-31,11659,0.2214,32,"flags: A=10622; A, e=1037",20.6720827557544,21.31560214806528,1.0865
74986,usgs,07178000,ok,1987-04-25,2019-12-31,11939,0.2027,32,"flags: A=11462; A, e=476; A, [4]=1",2679.83371132785,2634.017908211712,0.6956
74987,usgs,07178200,ok,1988-08-01,2019-12-31,11475,0.2337,31,"flags: A=10805; A, e=670",2898.17803257193,2908.5566479073277,0.8009
74988,usgs,07178600,ok,1950-01-01,1970-09-29,7577,1.0,0,flags: A=7577,20342.3962533392,20489.395940868093,0.4539
74989,usgs,07185000,ok,1950-01-01,2019-12-31,25567,0.0,41,"flags: A=25017; A, e=550",15321.4719735994,15348.269541851136,0.6109
74990,usgs,07185500,ok,1950-07-01,1976-10-18,9607,1.0,0,flags: A=9607,12.4624543754817,9.997354105896958,0.5641
74991,usgs,07185765,ok,1966-10-01,2019-12-31,11930,0.5022,19,"flags: A=11916; A, e=14 | AREA MISMATCH polygon/national=0.00196",2.16161692505704,1100.7449468928,471.2098
74992,usgs,07185910,ok,2007-05-03,2019-12-31,4626,0.6911,12,"flags: A=4533; A, e=89; A, <=4 | AREA MISMATCH polygon/national=0.00141",1.87823704852299,1333.84387682304,704.3978
74993,usgs,07186000,ok,1950-01-01,2019-12-31,25567,0.0,41,"flags: A=25363; A, e=204 | AREA MISMATCH polygon/national=0.00023",0.693797972411807,3014.746160431104,3469.986
74994,usgs,07186400,ok,1962-06-01,1991-09-30,10714,0.6891,12,flags: A=10714,597.981563713067,600.877241597952,0.837
74995,usgs,07187000,ok,1950-01-01,2019-12-31,25567,0.0,41,"flags: A=25399; A, e=168",1132.67406456607,1105.924923113472,0.9267
74996,usgs,07188653,ok,2000-05-25,2019-12-31,7160,0.5219,19,"flags: A=5174; A, R=1901; A, e=85",363.23834809448,365.1883235573759,0.9607
74997,usgs,07188838,ok,2004-10-01,2019-12-31,5570,0.628,15,"flags: A=5480; A, e=90",509.175111716698,505.04768151552,1.124
74998,usgs,07188885,ok,2000-05-24,2019-12-31,7161,0.5218,19,"flags: A=6997; A, e=164",609.326983466605,619.007158370304,0.9385
74999,usgs,07189000,ok,1950-01-01,2019-12-31,25567,0.0,41,"flags: A=25392; A, e=175",2203.99109082028,2204.079881895936,0.9164
75000,usgs,07189100,ok,2000-05-24,2019-12-31,7161,0.5218,19,"flags: A=6753; A, e=408 | AREA MISMATCH polygon/national=1.51",238.53320938161,157.47127710842878,0.8977
75001,usgs,07190500,ok,2016-04-14,2019-12-31,1357,0.9094,3,"flags: A=1348; A, e=9 | negative flow on 9 days",26759.7445095249,26897.02652583936,1.0135
75002,usgs,071912213,ok,2001-10-01,2019-12-31,6666,0.5549,18,"flags: A=6331; A, e=334; A, [4]=1",424.687783919663,422.168061984768,0.9665
75003,usgs,07191288,ok,2001-10-01,2019-12-31,6666,0.5549,18,"flags: A=6615; A, e=51",932.87128596101,929.805731610624,0.9146
75004,usgs,07191500,ok,1950-01-01,2019-12-31,20818,0.0,41,"flags: A=19967; A, e=851",29894.1242052679,29992.06231769088,0.7517
75005,usgs,07193500,ok,1950-10-01,1989-09-29,14244,0.7379,10,"flags: A=14094; A, e=150",32393.125469417,32361.90143864832,0.6346
75006,usgs,07194800,ok,1979-06-21,2019-12-31,8060,0.4618,20,"flags: A=7920; A, e=140 | AREA MISMATCH polygon/national=0.000275",0.118752903840003,432.5280144261119,3590.2392
75007,usgs,07195000,ok,1950-10-01,2019-12-31,18069,0.4031,24,"flags: A=17874; A, e=195",332.037733564529,336.69845434368,1.0772
75008,usgs,07195400,ok,1979-06-21,2019-12-31,7595,0.4928,19,"flags: A=7391; A, e=204 | AREA MISMATCH polygon/national=9e-05",0.11868807317515,1318.303948161024,12295.8929
75009,usgs,07195430,ok,1995-07-14,2019-12-31,8937,0.4032,24,"flags: A=8864; A, e=73",1463.03920784685,1489.2431634431998,1.1291
75010,usgs,07195500,ok,1955-10-01,2019-12-31,23468,0.0,41,"flags: A=23204; A, e=264",1606.17997400144,1631.69250951168,1.0072
75011,usgs,07195855,ok,1979-10-01,2019-12-31,14702,0.0182,40,"flags: A=14166; A, e=536",141.115778770131,154.88128899809277,0.8695
75012,usgs,07195865,ok,1996-09-12,2019-12-31,8510,0.4317,23,"flags: A=8193; A, e=317",50.030292000946,49.4687729074176,1.3319
75013,usgs,07196000,ok,1955-10-01,2019-12-31,21829,0.0545,37,"flags: A=21748; A, e=81",317.49591755914,300.438620798976,0.9268
75014,usgs,07196500,ok,1950-01-01,2019-12-31,25567,0.0,41,"flags: A=25378; A, e=189",2462.16155543011,2460.4887048192,0.9729
75015,usgs,07198000,ok,1950-01-01,2019-12-31,25567,0.0,41,"flags: A=25349; A, e=218",4173.58561066411,4182.83079819264,0.9383
75016,usgs,07227000,ok,1950-01-01,2019-12-31,25375,0.0128,40,"flags: A=24661; A, e=714",28313.3785135616,28855.057537253375,0.004
75017,usgs,07227420,ok,2007-10-01,2019-12-31,4475,0.7012,12,"flags: A=4459; A, e=16",250.279592542414,245.2718740488192,0.0001
75018,usgs,07227500,ok,1950-01-01,2019-12-31,25567,0.0,41,"flags: A=25198; A, e=369",48740.5155369967,50362.31880548352,0.0084
75019,usgs,07228000,ok,1950-01-01,2019-12-31,25567,0.0,41,"flags: A=25240; A, e=327",57265.8187205124,59222.66813094297,0.0058
75020,usgs,07230000,ok,1952-10-01,2019-12-31,24563,0.0,41,"flags: A=24112; A, e=451",664.679617736274,665.6269443563519,0.2069
75021,usgs,07230500,ok,1950-01-01,2019-12-31,25567,0.0,41,"flags: A=22777; A, e=2790",1204.38955308936,1199.164495085568,0.2726
75022,usgs,07231000,ok,1950-01-01,2019-12-31,25567,0.0,41,"flags: A=23297; A, e=2270 | negative flow on 1 days",2311.8654663545,2299.909441978368,0.3697
75023,usgs,07232250,ok,1980-10-01,2002-06-30,7943,0.4696,21,"flags: A=7937; A, e=6",2269.19933602964,2276.599548985344,0.001
75024,usgs,07232470,ok,2001-10-01,2003-06-30,638,0.9574,1,"flags: A=616; A, e=22",5552.69525917736,5907.762879676416,0.0013
75025,usgs,07232500,ok,1950-01-01,1993-09-30,15979,0.6403,14,"flags: A=15923; A, e=56 | AREA MISMATCH polygon/national=4.24e-05",0.234941755539565,5539.984568008704,143.558
75026,usgs,07232900,ok,1980-10-01,2010-09-30,10957,0.2683,29,"flags: A=10942; A, e=15 | AREA MISMATCH polygon/national=0.207",1018.78312221834,4928.747373969408,0.0028
75027,usgs,07233500,ok,1950-01-01,2019-12-31,18368,0.4807,20,"flags: A=18322; A, e=46",2942.56518695113,2786.8272067215357,0.01
75028,usgs,07233650,ok,1991-10-01,2010-09-29,6939,0.5366,18,"flags: A=5983; A, e=956",4144.97644663284,3918.652010938368,0.0006
75029,usgs,07234000,ok,1950-01-01,2019-12-31,25567,0.0,41,"flags: A=25087; A, e=480",21167.2510915592,20683.645049143295,0.0051
75030,usgs,07235000,ok,1961-10-01,2019-12-31,21276,0.0,41,"flags: A=21080; A, e=196",2181.53099877078,1805.221712904192,0.0101
75031,usgs,07236000,ok,1950-01-01,1976-09-29,9769,1.0,0,flags: A=9769,4476.8022512838,4206.140691185664,0.034
75032,usgs,07237000,ok,1950-01-01,1993-10-03,15982,0.6401,14,"flags: A=15833; A, e=149",4980.02783952707,4503.989323874303,0.0241
75033,usgs,07237500,ok,1950-01-01,2019-12-31,25567,0.0,41,"flags: A=25068; A, e=499",31217.4867044055,30776.828715122687,0.0095
75034,usgs,07238000,ok,1950-01-01,2019-12-31,25567,0.0,41,"flags: A=24568; A, e=999",32963.8107096239,32517.300725268477,0.0121
75035,usgs,07239000,not_found,,,,,,no daily flow returned for 1950-2019,33535.1668726389,33115.58797875609,
75036,usgs,07239300,ok,1983-10-01,2019-12-31,13241,0.1158,36,"flags: A=12583; A, e=658",34134.9152374973,33729.41516090572,0.012
75037,usgs,07239450,ok,1988-10-01,2019-12-31,11414,0.2378,31,"flags: A=10052; A, e=1348; A, [4]=14",34780.0834566042,34288.8525927383,0.0156
75038,usgs,07239500,ok,1950-01-01,2019-12-31,25567,0.0,41,"flags: A=23601; A, e=1966",34947.2094063514,34490.87166534451,0.0154
75039,usgs,07239700,ok,1999-10-01,2019-12-31,7397,0.506,20,"flags: A=6558; A, e=839",35283.6411100602,34850.88001268121,0.0184
75040,usgs,07241000,ok,1952-10-01,2019-12-31,23465,0.0244,39,"flags: A=20057; A, e=3408",35350.0737818889,34946.70957276365,0.0126
75041,usgs,07241520,ok,1988-10-01,2019-12-31,11414,0.2378,31,"flags: A=9668; A, e=1746",35853.3675992759,35451.75725427917,0.0289
75042,usgs,07241550,ok,1968-10-01,2019-12-31,18719,0.0,41,"flags: A=16894; A, e=1825",36074.5291575903,35677.086219878394,0.0327
75043,usgs,07241800,ok,2001-02-07,2019-12-31,6902,0.5391,19,"flags: A=5468; A, e=1434",36662.6726741203,36272.78348525568,0.0372
75044,usgs,07242000,ok,1950-01-01,2019-12-31,25567,0.0,41,"flags: A=22917; A, e=2650",38048.5923207041,37681.737017278465,0.0531
75045,usgs,07242350,ok,1969-10-01,1998-05-31,9274,0.6063,15,flags: A=9274,264.793803906548,271.94875158528,0.6383
75046,usgs,07243500,ok,1950-01-01,2019-12-31,25567,0.0,41,"flags: A=25115; A, e=452",5197.56440119113,5190.336173113344,0.421
75047,usgs,07245000,ok,1950-01-01,2019-12-31,25567,0.0,41,"flags: A=24885; A, e=681; A, <=1",122425.588969902,122462.40782101708,0.1161
75048,usgs,07245500,ok,1950-01-01,1976-09-29,9769,1.0,0,flags: A=9769,468.118230015464,471.377836081152,0.9554
75049,usgs,07247000,ok,1950-01-01,2019-12-31,25567,0.0,41,"flags: A=25215; A, e=352 | AREA MISMATCH polygon/national=0.00667",3.50481336667153,525.767586398208,165.6513
75050,usgs,07247015,ok,1992-04-01,2019-12-31,10136,0.3231,27,"flags: A=9307; A, e=820; A, [4]=9",738.397921664592,694.116813570048,1.074
75051,usgs,07249400,ok,1958-04-01,2019-12-31,22553,0.0001,41,"flags: A=21600; A, e=588; A, R=365",383.929346542249,380.728252219392,0.9688
75052,usgs,07249413,ok,1989-10-01,2019-12-31,10563,0.2946,28,"flags: A=10053; A, e=510",4654.11784961867,4623.128776949759,1.1556
75053,usgs,07249500,ok,1950-05-01,1970-09-29,7457,1.0,0,flags: A=7457,95.3204231661987,91.42658029486078,0.9864
75054,usgs,07249800,ok,1999-09-16,2019-12-31,7412,0.505,20,"flags: A=7121; A, e=291 | AREA MISMATCH polygon/national=0.000196",0.119551992032069,611.237194039296,6772.9462
75055,usgs,07249920,ok,2000-10-01,2019-12-31,7031,0.5305,19,"flags: A=6648; A, e=383 | AREA MISMATCH polygon/national=0.11",29.1486238936213,264.178787254272,10.8259
75056,usgs,07249985,ok,1950-10-01,2019-12-31,24997,0.0198,39,"flags: A=24744; A, e=253",1135.37588453434,1087.79500634112,1.196
75057,usgs,07250000,ok,1950-10-01,1992-11-22,15386,0.6616,14,"flags: A=15362; A, e=24 | AREA MISMATCH polygon/national=0.00148",1.63328160512577,1103.334935003136,811.6056
75058,usgs,07250085,ok,1992-10-01,2019-12-31,9142,0.3895,24,"flags: A=9015; A, e=127 | AREA MISMATCH polygon/national=0.000107",0.119680597500471,1118.874863665152,10648.5478
75059,usgs,07250935,ok,2000-10-01,2019-12-31,6796,0.5462,18,"flags: A=6384; A, e=412",57.1409021951727,51.2817645846528,1.3597
75060,usgs,07250965,ok,2000-10-01,2019-12-31,6854,0.5423,18,"flags: A=6662; A, e=192 | AREA MISMATCH polygon/national=0.00168",0.235239220166594,140.3773555802112,939.8078
75061,usgs,07250974,ok,2001-10-01,2019-12-31,6664,0.555,18,"flags: A=5583; A, e=1081 | AREA MISMATCH polygon/national=0.716",12.7887074290337,17.8709179613184,1.9764
75062,usgs,07251500,ok,1950-05-01,2019-12-31,13663,0.5856,17,"flags: A=13633; A, e=30 | AREA MISMATCH polygon/national=0.000214",0.119613410376381,559.437431832576,5221.5312
75063,usgs,07252000,ok,1950-01-01,2019-12-31,24325,0.0829,37,"flags: A=24168; A, e=157",999.59146629838,966.065565155328,1.4022
75064,usgs,07256500,not_found,,,,,,no daily flow returned for 1950-2019 | AREA MISMATCH polygon/national=0.00256,0.405029801695136,158.24827354152958,
75065,usgs,07257000,ok,1950-10-01,1993-08-10,15163,0.6765,12,"flags: A=15160; A, e=3",715.898941394752,709.656742232064,1.4055
75066,usgs,07257500,ok,1950-01-01,2019-12-31,14972,0.5062,20,"flags: A=14790; A, e=182",635.325083583251,624.1871345909759,1.4967
75067,usgs,07258500,ok,1950-01-01,2019-12-31,20093,0.3655,25,"flags: A=19872; A, e=221 | AREA MISMATCH polygon/national=0.00315",1.96837140457454,624.1871345909759,308.8093
75068,usgs,07259500,ok,1950-01-01,1987-07-13,11280,0.9541,1,flags: A=11280 | AREA MISMATCH polygon/national=9e-05,0.120238150253664,1336.4338649333758,10418.3515
75069,usgs,07260000,ok,1950-01-01,2019-12-31,16887,0.5064,20,"flags: A=16807; A, e=80 | AREA MISMATCH polygon/national=0.00924",1.94722411742772,210.8250321813504,127.9976
75070,usgs,07260500,ok,1950-01-01,2019-12-31,25565,0.0001,41,"flags: A=25191; A, e=364; A, <=10",1977.04838546527,1978.750916296704,1.0577
75071,usgs,07261500,ok,1950-01-01,2019-12-31,23945,0.1083,36,"flags: A=23839; A, e=106",1060.49596765673,1061.89512523776,1.2871
75072,usgs,07262500,ok,1950-01-01,1980-09-30,11231,0.9573,1,flags: A=11231,1774.9735297109,1771.551867469824,1.1255
75073,usgs,07263000,ok,1950-01-01,1987-09-29,13786,0.7867,8,flags: A=13786,549.466531823937,543.89750317056,1.2728
75074,usgs,07263012,ok,2002-10-01,2019-12-31,6300,0.5793,17,"flags: A=6228; A, e=72 | AREA MISMATCH polygon/national=0.00361",8.94592075540642,2478.618621591552,372.6106
75075,usgs,07263296,ok,2007-07-11,2019-12-31,4554,0.6959,12,"flags: A=4487; A, e=67",209.719866060835,189.069132054528,1.472
75076,usgs,072632962,ok,2005-05-07,2019-12-31,5352,0.6426,14,"flags: A=5195; A, e=157 | AREA MISMATCH polygon/national=0.00535",0.120569126942849,22.5328965599232,269.7753
75077,usgs,072632971,ok,2005-05-07,2019-12-31,5352,0.6426,14,"flags: A=5067; A, e=285 | AREA MISMATCH polygon/national=0.54",3.49777642288524,6.47497027584,2.7325
75078,usgs,072632982,ok,2005-05-07,2019-12-31,5307,0.6456,14,"flags: A=4775; A, e=532 | AREA MISMATCH polygon/national=0.00938",0.120498311885198,12.84634102726656,176.5814
75079,usgs,07263300,ok,1989-08-17,2019-12-31,11089,0.2595,30,"flags: A=10660; A, e=429 | AREA MISMATCH polygon/national=0.00034",0.120595423209915,354.828371116032,2805.7395
75080,usgs,07263450,ok,2016-09-29,2019-12-31,1189,0.9206,3,"flags: A=1174; A, e=15",402311.430553084,409575.53979231435,0.3749
75081,usgs,07263500,ok,1950-01-01,1970-09-29,7577,1.0,0,flags: A=7577,402382.421780267,409218.121433088,0.2211
75082,usgs,07263580,ok,1996-10-01,2019-12-31,8489,0.4331,23,"flags: A=8193; A, e=296 | AREA MISMATCH polygon/national=0.00228",0.120794109411117,53.094756261887994,593.6396
75083,usgs,07264000,ok,1954-10-01,2019-12-31,23833,0.0,41,"flags: A=23230; A, e=565; A, <=38 | AREA MISMATCH polygon/national=0.000679",0.364095047260927,536.127538839552,2028.8648
75084,usgs,07265450,ok,1950-01-01,1980-09-29,11230,0.9574,1,flags: A=11230 | AREA MISMATCH polygon/national=1.85e-07,0.540315400173931,2928240.5575458813,2575997.5804
75085,usgs,07266000,ok,1950-04-01,1974-06-30,8857,1.0,0,flags: A=8857 | AREA MISMATCH polygon/national=0.754,43.3461132293192,57.49773604945919,2.2807
75086,usgs,07271000,ok,1950-04-01,1974-06-30,8690,1.0,0,flags: A=8690,27.4493344314306,26.6768775364608,1.4092
75087,usgs,07272500,ok,1960-10-01,1980-09-29,7304,0.9574,1,flags: A=7304,3959.30384319876,4001.53163046912,1.5167
75088,usgs,07275000,ok,1950-01-01,1980-09-29,7759,0.9574,1,flags: A=7759,1570.78969772182,1450.39334178816,1.5348
75089,usgs,07278500,ok,1960-10-01,1980-09-29,7304,0.9574,1,flags: A=7304,2585.18083952388,2589.988110336,1.2694
75090,usgs,07280000,ok,1960-10-01,1980-09-29,7304,0.9574,1,flags: A=7304,5135.41733544549,5128.17645846528,1.3665
75091,usgs,07281000,ok,1960-10-01,1980-09-29,7304,0.9574,1,flags: A=7304,13612.8614939025,13286.63900602368,1.4224
75092,usgs,07281600,ok,1995-10-01,2019-12-31,8838,0.4098,24,"flags: A=8761; A, e=77",14006.0735308777,13522.327924064257,1.3602
75093,usgs,07285000,ok,1960-10-01,1980-09-29,7304,0.9574,1,flags: A=7304,3435.0432464908,3418.78430564352,1.4153
75094,usgs,07285500,ok,1950-01-01,2019-12-31,11853,0.2877,29,"flags: A=11669; A, e=184",4142.8925970398,4014.4815710208,1.4206
75095,usgs,0728875070,ok,2001-12-08,2013-09-30,4315,0.7119,11,"flags: A=4264; A, e=51 | AREA MISMATCH polygon/national=1.51",312.824814659817,207.19904882688,0.5652
75096,usgs,07288955,ok,1995-10-01,2019-12-31,8849,0.4091,24,"flags: A=6706; A, e=2143 | negative flow on 68 days",34205.5974110665,34589.291213537275,1.2988
75097,usgs,07289500,ok,1950-01-01,1971-09-29,7942,1.0,0,flags: A=7942,3846.79826863674,3866.852248731648,1.1564
75098,usgs,07289730,ok,1995-10-01,2019-12-31,8856,0.4086,24,"flags: A=8742; A, e=114",6041.4051980279,6060.572178186239,1.2212
75099,usgs,07290000,ok,1950-01-01,2019-12-31,25567,0.0,41,"flags: A=25385; A, e=182",7158.75157057847,7283.046566264831,1.3344
75100,usgs,07295500,ok,1950-01-01,2019-12-31,10412,0.5792,17,"flags: A=10342; A, e=70",3955.33273527314,4299.38026315776,0.0021
75101,usgs,07297910,ok,1967-10-01,2019-12-31,19085,0.0,41,"flags: A=18670; A, e=415 | AREA MISMATCH polygon/national=4.25e-05",0.413433479099636,9722.815366201345,158.7267
75102,usgs,07298000,ok,1950-01-01,1973-09-29,8670,1.0,0,flags: A=8670 | AREA MISMATCH polygon/national=0.423,207.180156875794,489.507752853504,0.0396
75103,usgs,07298200,ok,1964-08-01,1986-09-29,8095,0.8111,7,flags: A=8095,2796.12437917429,2978.4863268863996,0.0049
75104,usgs,07298500,ok,1950-01-01,2019-12-31,7828,0.5787,17,"flags: A=7258; A, e=570 | AREA MISMATCH polygon/national=0.00181",28.4652098339824,15752.30768706355,4.3061
75105,usgs,07299540,ok,1965-04-01,2019-12-31,19998,0.0,41,"flags: A=19526; A, e=472",18136.6276196861,20007.658152345597,0.0152
75106,usgs,07299570,ok,1959-12-01,1982-10-05,8345,0.9082,3,flags: A=8345,19567.0689101133,21551.291066105856,0.0186
75107,usgs,07300000,ok,1952-06-08,2019-12-31,24678,0.0,41,"flags: A=24512; A, e=166",2913.95398425469,3164.965470830592,0.0418
75108,usgs,07300500,ok,1950-01-01,2019-12-31,25567,0.0,41,"flags: A=23825; A, e=1742",3806.45134517635,3765.842712428544,0.048
75109,usgs,07301110,ok,1979-10-01,2019-12-31,14702,0.0182,40,"flags: A=13641; A, e=1061",5167.68836622984,5135.946422796288,0.0918
75110,usgs,07301300,ok,1964-02-19,2019-12-31,7652,0.5283,19,"flags: A=7485; A, e=167",3534.58798934893,3544.657727805849,0.0232
75111,usgs,07301481,not_found,,,,,,no daily flow returned for 1950-2019,6352.74776453596,6381.730703867904,
75112,usgs,07303000,ok,1977-10-01,2019-12-31,15432,0.0,41,"flags: A=15172; A, e=174; A, R=86",7297.61020889823,7334.846328471552,0.0158
75113,usgs,07305000,ok,1950-01-01,2019-12-31,25567,0.0,41,"flags: A=24593; A, e=974",11755.4410118767,11810.34578313216,0.0657
75114,usgs,07307010,not_found,,,,,,no daily flow returned for 1950-2019 | AREA MISMATCH polygon/national=1.33,558.689678626835,419.578073874432,
75115,usgs,07307028,ok,1983-06-28,2019-12-31,12969,0.134,34,"flags: A=11899; A, e=1070",12966.0901042382,12975.84043278336,0.0858
75116,usgs,07308500,ok,1959-12-08,2019-12-31,21928,0.0,41,"flags: A=21458; A, e=470",52760.8023578135,53276.055429611515,0.0529
75117,usgs,07309435,not_found,,,,,,no daily flow returned for 1950-2019,8.6296185707367,8.262062071971839,
75118,usgs,07311000,ok,1950-01-01,2019-12-31,23467,0.0,41,"flags: A=22368; A, e=1099",1787.03628356068,1797.451748573184,0.3103
75119,usgs,07311500,ok,1950-01-01,2019-12-31,25567,0.0,41,"flags: A=24597; A, e=970",1536.88511846243,1564.352818642944,0.2686
75120,usgs,07311700,ok,1959-12-01,2019-12-31,21946,0.0,41,"flags: A=21720; A, e=192; A, R=34",2449.43707499961,2426.8188593848317,0.0562
75121,usgs,07311900,ok,1959-12-01,2019-12-31,15736,0.4147,23,"flags: A=15572; A, e=164",4775.76084564355,4853.6377187696635,0.0713
75122,usgs,07312100,ok,1959-10-01,2019-12-31,22007,0.0,41,"flags: A=21829; A, e=178",5308.83795579802,5402.715198160896,0.0625
75123,usgs,07312200,ok,1960-03-01,2019-12-31,21855,0.0,41,"flags: A=21600; A, e=255",1687.0063045501,1688.672247939072,0.1033
75124,usgs,07312500,ok,1950-01-01,2019-12-31,25567,0.0,41,"flags: A=25439; A, e=128",8221.97487692767,8132.562666455039,0.0709
75125,usgs,07312700,ok,1967-10-01,2018-09-30,18628,0.0305,39,"flags: A=18507; A, e=121",8918.40649617364,8906.969111445504,0.084
75126,usgs,07314500,ok,1950-01-01,2019-12-31,21673,0.0,41,"flags: A=21520; A, e=153",1240.15024513135,1245.784281071616,0.099
75127,usgs,07314900,ok,1953-01-01,2019-12-31,24471,0.0,41,"flags: A=24302; A, e=169",2611.07615840935,2685.817670418432,0.0683
75128,usgs,07316000,ok,1950-01-01,2019-12-31,25567,0.0,41,"flags: A=23461; A, e=2106",79207.3639839822,79585.1546544046,0.0961
75129,usgs,07319500,ok,1952-10-01,1972-09-29,7304,1.0,0,flags: A=7304,113.390989087596,116.2904661540864,0.0792
75130,usgs,07323000,ok,1951-10-01,1974-06-30,8309,1.0,0,flags: A=8309,224.070389987047,225.5879644102656,0.0689
75131,usgs,07324400,ok,1956-03-01,2019-12-31,21297,0.0489,38,"flags: A=21126; A, e=171",3907.28251381467,3952.321856372736,0.0336
75132,usgs,07325000,ok,1950-01-01,2019-12-31,25567,0.0,41,"flags: A=25014; A, e=553",5039.1663210184,5078.966684368896,0.0561
75133,usgs,07325500,ok,1950-01-01,2006-09-29,20726,0.3233,27,"flags: A=20203; A, e=523",8093.57164058316,8070.402951806976,0.1106
75134,usgs,07326000,ok,1950-01-01,2019-12-31,25567,0.0,41,"flags: A=24973; A, e=594",831.301001506766,805.4863023144959,0.1016
75135,usgs,07326500,ok,1963-10-01,2019-12-31,20546,0.0,41,"flags: A=19756; A, e=790",9402.21975932198,9427.55672162304,0.1258
75136,usgs,073274406,ok,1995-02-24,2013-09-29,6793,0.5464,18,"flags: A=5991; A, e=802",9.49887532861893,9.4534566027264,0.4059
75137,usgs,07328070,ok,1964-10-01,1987-05-14,8261,0.7959,8,"flags: A=8166; A, e=95",87.4188634839216,85.46960764108799,0.3016
75138,usgs,07328100,ok,1964-10-01,2019-12-31,19493,0.0459,38,"flags: A=17781; A, e=1711; A, [4]=1",12349.4824916631,12349.063310082049,0.1357
75139,usgs,07328500,ok,1970-09-30,2019-12-31,17990,0.0,41,"flags: A=16471; A, e=1519",13764.013962139,13742.476913442815,0.1813
75140,usgs,07329500,ok,1954-10-01,1976-09-29,8035,1.0,0,flags: A=8035,526.298543803778,533.5375507292159,0.24
75141,usgs,07329700,ok,1969-10-01,2002-06-30,9495,0.5916,15,"flags: A=9139; A, e=356",1556.80158638489,1553.9928662016,0.4172
75142,usgs,07331000,ok,1950-01-01,2019-12-31,25567,0.0,41,"flags: A=24005; A, e=1562",18598.6588637864,18575.394727329793,0.2309
75143,usgs,07331295,ok,2006-09-09,2019-12-31,2105,0.8594,5,"flags: A=2023; A, e=82",87.5494201295359,85.46960764108799,0.7165
75144,usgs,07331600,ok,1950-01-01,2019-12-31,22766,0.1749,33,"flags: A=22262; A, e=504",102335.912719951,102874.32774254592,0.1155
75145,usgs,07332620,ok,2006-07-01,2019-10-15,4854,0.6759,12,"flags: A=4622; A, e=232",770.663613401734,699.2967897907199,0.8011
75146,usgs,07334000,ok,1950-01-01,2019-12-31,25567,0.0,41,"flags: A=25201; A, e=366",2826.47754718615,2820.497052155904,0.7531
75147,usgs,07335300,ok,1982-08-25,2019-12-31,13643,0.0889,37,"flags: A=13306; A, e=337",5900.85001124161,5858.553105580032,0.7958
75148,usgs,07335500,ok,1950-01-01,2019-12-31,25567,0.0,41,"flags: A=24789; A, e=778",114789.351703094,115112.0215638835,0.1921
75149,usgs,07336500,ok,1950-01-01,1972-09-29,8308,1.0,0,flags: A=8308,3678.84378949697,3685.553081008128,1.0841
75150,usgs,07337000,ok,1950-01-01,2019-12-31,25563,0.0003,41,"flags: A=25255; A, e=308",124055.83052439,124319.429296128,0.2535
75151,usgs,07338500,ok,1950-01-01,2019-12-31,25567,0.0,41,"flags: A=25229; A, e=338",3223.65488705613,3180.505399492608,1.3406
75152,usgs,07339000,ok,1950-01-01,2019-12-31,25567,0.0,41,"flags: A=25490; A, e=77",2066.58532967919,2071.9904882687997,1.6292
75153,usgs,07340000,ok,1950-01-01,2019-12-31,25567,0.0,41,"flags: A=25442; A, e=125 | AREA MISMATCH polygon/national=0.000183",1.26166284790818,6889.3683734937595,7700.8957
75154,usgs,07340500,not_found,,,,,,no daily flow returned for 1950-2019,959.559335832047,934.985707831296,
75155,usgs,07341200,ok,1963-07-01,2019-12-31,20638,0.0,41,"flags: A=20369; A, e=269",664.969741548898,663.036956246016,1.45
75156,usgs,07342500,ok,1950-01-01,2019-12-31,25567,0.0,41,"flags: A=24964; A, e=603",1415.25540381321,1364.923734147072,0.6942
75157,usgs,07343200,ok,1956-10-01,2019-12-31,23101,0.0001,41,"flags: A=22766; A, e=335",3629.90956830039,3535.33377060864,0.8808
75158,usgs,07343450,ok,2008-10-01,2019-12-31,4109,0.7256,11,"flags: A=3800; A, e=309",5133.3926162483,5117.816506023935,0.903
75159,usgs,07343500,ok,1950-01-01,2019-12-31,25567,0.0,41,"flags: A=25377; A, e=190",1398.57734802395,1279.4541265059838,0.8426
75160,usgs,07344210,ok,1979-10-01,1984-10-30,185,0.9876,0,kept 00060_Mean of 2 00060 series | flags: A=185,8943.07695637878,8917.329063886848,0.3739
75161,usgs,07344370,ok,1997-10-01,2019-12-31,8127,0.4573,22,"flags: A=7912; A, e=215",137093.493596545,147378.0934424494,0.3908
75162,usgs,07344450,ok,1955-10-01,1987-03-31,11505,0.7989,8,flags: A=11505,212.071033714747,208.494042882048,0.7702
75163,usgs,07344493,ok,2004-12-09,2019-12-31,5501,0.6327,15,"flags: A=5435; A, e=66",724.492492502344,720.016694673408,0.5464
75164,usgs,07344500,ok,1950-01-01,2019-12-31,16169,0.5118,19,"flags: A=16146; A, e=23",967.822536953419,958.29560082432,0.6681
75165,usgs,07345000,ok,1950-01-01,1977-10-05,10140,1.0,0,flags: A=10140,213.008251863063,186.479143944192,0.7683
75166,usgs,07346000,ok,1950-01-01,2019-12-31,16522,0.1406,33,"flags: A=16426; A, e=96",2287.74353665741,2201.4898937856,0.6513
75167,usgs,07346080,ok,2006-05-05,2019-12-31,4984,0.6672,13,"flags: A=4628; A, e=356",5412.60260798714,5371.635340836864,0.6795
75168,usgs,07348000,ok,1950-01-01,1995-09-29,16708,0.5916,16,"flags: A=16052; A, e=656 | negative flow on 1 days | AREA MISMATCH polygon/national=1.52e-05",0.123757294399864,8124.792702124031,50482.3347
75169,usgs,07348700,ok,1957-10-01,2019-12-31,22737,0.0,41,"flags: A=21149; A, e=1588 | AREA MISMATCH polygon/national=0.000155",0.24305352432114,1566.94280675328,6040.6076
75170,usgs,07348800,ok,1956-10-01,1977-10-01,7671,1.0,0,flags: A=7671,177.363352209795,173.2702045814784,0.8251
75171,usgs,07349000,ok,1950-01-01,2000-07-20,11989,0.9067,1,flags: A=11989 | AREA MISMATCH polygon/national=8.72e-05,0.247640237634309,2841.216957038592,10443.1892
75172,usgs,07349500,ok,1950-01-01,1992-09-29,15613,0.6647,13,flags: A=15613 | AREA MISMATCH polygon/national=0.000175,0.246784415501138,1414.133508243456,5612.2605
75173,usgs,07351000,ok,1950-01-01,1982-10-04,11965,0.9083,3,flags: A=11965,221.423607036149,204.609060716544,0.6334
75174,usgs,07351500,ok,1950-01-01,2019-12-31,16070,0.1158,35,"flags: A=15474; A, e=596",181.396606503626,170.93921528217598,0.9874
75175,usgs,07351748,ok,1960-10-01,1986-01-31,8616,0.8454,6,flags: A=8616 | AREA MISMATCH polygon/national=0.00149,0.124699734881565,83.65661596385279,8469.5304
75176,usgs,07351750,ok,1980-10-01,2018-10-16,13163,0.121,33,"flags: A=11087; A, e=2076 | AREA MISMATCH polygon/national=0.000251",0.559292928205638,2227.38977488896,4228.5528
75177,usgs,07352000,ok,1950-01-01,2019-12-31,25567,0.0,41,"flags: A=25399; A, e=168",381.289275332699,398.858168991744,1.0822
75178,usgs,07352800,ok,1956-10-01,1996-09-29,13696,0.5781,16,"flags: A=13509; A, e=187",282.975864314577,243.1998835605504,0.8938
75179,usgs,07353000,ok,1950-01-01,1973-12-31,8766,1.0,0,flags: A=8766 | negative flow on 83 days,3447.28189487856,3589.723520925696,0.85
75180,usgs,07354000,ok,1950-01-01,1979-09-29,10864,0.9818,0,flags: A=10864,61.1002682142099,55.4257455611904,1.1794
75181,usgs,07355500,ok,1950-01-01,1983-09-29,12325,0.8843,4,flags: A=12325,174313.339964639,174824.19744768,0.4121
75182,usgs,07356000,ok,1950-01-01,2019-12-31,25565,0.0001,41,"flags: A=25185; A, e=380",1079.71689852588,1072.255077679104,1.6146
75183,usgs,07356500,ok,1950-01-01,1970-09-29,7577,1.0,0,flags: A=7577,160.666250362405,157.989274730496,1.4019
75184,usgs,07357501,ok,1952-10-01,1977-09-29,9130,1.0,0,flags: A=9130,2840.01665058784,2861.9368619212796,1.2626
75185,usgs,07359001,ok,1950-01-01,2003-09-29,19623,0.3969,24,"flags: A=19511; A, e=112",3998.3439683963,4014.4815710208,1.522
75186,usgs,07359002,ok,1950-01-01,2019-12-31,25285,0.0188,39,"flags: A=25245; A, e=40",3995.11870779179,4014.4815710208,1.526
75187,usgs,07359800,ok,1950-01-01,1970-09-29,7577,1.0,0,flags: A=7577 | AREA MISMATCH polygon/national=0.00015,0.12146327994117,808.076290424832,10467.9903
75188,usgs,07360000,ok,1950-01-01,1977-09-29,10134,1.0,0,flags: A=10134,6076.03596300864,5985.462522986496,1.3936
75189,usgs,07360200,ok,1998-10-01,2019-12-31,7762,0.4817,21,"flags: A=6750; A, R=798; A, e=214 | AREA MISMATCH polygon/national=0.00137",0.242785625369065,177.1551867469824,1594.2221
75190,usgs,07360501,ok,1950-01-01,1977-09-29,10134,1.0,0,flags: A=10134,622.709486195551,613.827182149632,1.5997
75191,usgs,07361500,ok,1954-10-01,2019-12-31,23826,0.0005,41,"flags: A=22581; A, R=904; A, e=341 | AREA MISMATCH polygon/national=0.000264",0.121792569543759,461.017883639808,5641.2943
75192,usgs,07361600,ok,1950-01-01,1977-09-29,10134,1.0,0,flags: A=10134 | AREA MISMATCH polygon/national=4.37e-05,0.122025402249159,2794.5971710525437,30088.1393
75193,usgs,07362000,ok,1950-01-01,2019-12-31,25478,0.0059,40,"flags: A=21376; A, R=3542; A, e=560 | AREA MISMATCH polygon/national=1.76e-05",0.24484125383465,13882.33627140096,79925.8157
75194,usgs,07362500,ok,1951-10-01,2018-10-01,18111,0.4553,21,"flags: A=18043; A, e=68 | AREA MISMATCH polygon/national=0.000196",0.122142545833046,621.5971464806399,5306.3206
75195,usgs,07362641,ok,2003-10-01,2008-11-30,1888,0.8739,5,"flags: A=1810; A, e=78 | AREA MISMATCH polygon/national=0.0154",1.20330735595854,78.21764093214719,97.6236
75196,usgs,07362656,ok,2003-10-01,2008-10-04,1831,0.8777,4,"flags: A=1775; A, e=56",51.8617514706321,46.1017883639808,1.3479
75197,usgs,07362693,ok,2002-05-21,2008-12-01,2387,0.8406,6,"flags: A=2317; A, e=70",250.602937192395,243.1998835605504,1.2041
75198,usgs,07363000,ok,1950-10-01,2019-12-31,17991,0.4877,19,"flags: A=17908; A, e=83",1428.62535436509,1424.4934606848,1.3633
75199,usgs,07363200,ok,1970-10-01,2019-12-31,11453,0.4365,23,"flags: A=11179; A, e=230; A, R=28; A, <=16 | AREA MISMATCH polygon/national=4.19e-05",0.121679513250273,2900.78668357632,32056.5358
75200,usgs,07363300,ok,1961-10-01,1991-09-29,10226,0.7379,9,"flags: A=9954; A, e=272 | AREA MISMATCH polygon/national=0.000453",0.239315265329941,528.357574508544,2498.0425
75201,usgs,07363400,ok,1995-10-01,2019-12-31,8858,0.4085,24,"flags: A=7838; A, e=965; A, <=55 | AREA MISMATCH polygon/national=0.00018",0.12151741637139,675.986896797696,6829.7415
75202,usgs,07363500,ok,1950-01-01,2019-12-31,25566,0.0001,41,"flags: A=25438; A, e=128 | AREA MISMATCH polygon/national=2.25e-05",0.122275047427129,5438.9750317056,53194.8395
75203,usgs,07364100,ok,1981-09-30,2010-09-29,5539,0.6301,1,"flags: A=4557; A, e=982",28182.4547268881,27938.20174619443,0.3606
75204,usgs,07364133,ok,1987-10-01,2019-12-31,11759,0.2148,32,"flags: A=11486; A, e=273",1049.04352710245,984.19548192768,1.2051
75205,usgs,07364150,ok,1950-01-01,2019-12-31,22280,0.2195,31,"flags: A=21737; A, e=500; A, <=43",1573.82903225324,1491.833151553536,1.1
75206,usgs,07364185,ok,1998-10-01,2019-12-31,7741,0.4831,21,"flags: A=7255; A, e=486 | AREA MISMATCH polygon/national=8.43e-05",0.242362587620273,2874.88680247296,13261.539
75207,usgs,07364200,ok,1957-10-01,2019-12-31,22737,0.0,41,"flags: A=21657; A, e=1080 | AREA MISMATCH polygon/national=4.01e-05",0.123279659283587,3074.315886968832,26486.4899
75208,usgs,07364300,ok,1955-10-01,2019-12-31,10703,0.8524,5,"flags: A=10654; A, e=49 | AREA MISMATCH polygon/national=0.000176",0.123292036346629,701.886777901056,6645.8869
75209,usgs,07364700,ok,1955-10-01,1977-09-29,8035,1.0,0,flags: A=8035 | AREA MISMATCH polygon/national=0.0359,13.1215619622565,365.1883235573759,34.4232
75210,usgs,07365800,ok,1956-04-01,1985-09-29,10774,0.8355,6,flags: A=10774,473.993468668325,466.19785986048,0.8976
75211,usgs,07366200,ok,1955-10-01,2019-12-31,23102,0.0244,39,"flags: A=22946; A, e=156 | AREA MISMATCH polygon/national=0.00128",0.689911971464267,538.717526949888,724.8373
75212,usgs,07367000,ok,1950-01-01,1975-09-29,8387,1.0,0,flags: A=8387 | AREA MISMATCH polygon/national=1.07e-05,0.424806678044721,39621.638111920125,99036.2155
75213,usgs,07367005,ok,2007-09-30,2019-12-31,4476,0.7011,12,"flags: A=4219; A, e=257 | AREA MISMATCH polygon/national=0.00041",16.2324745093403,39621.638111920125,3275.8315
75214,usgs,07367700,ok,1957-10-01,2012-01-21,13880,0.4589,19,"flags: A=13460; A, e=420 | AREA MISMATCH polygon/national=0.0421",85.5433646413336,2033.14066661376,13.9859
75215,usgs,07368500,ok,1950-01-01,1977-09-29,9917,1.0,0,flags: A=9917 | AREA MISMATCH polygon/national=1.5,162.895698277625,108.779500634112,0.7911
75216,usgs,07369500,ok,1950-01-01,2019-12-31,25562,0.0003,41,"flags: A=24909; A, e=653 | AREA MISMATCH polygon/national=0.000155",0.124054328574519,800.3063260938239,7122.2103
75217,usgs,07369680,ok,1988-10-01,2019-12-31,11414,0.2378,31,"flags: A=10545; A, e=869 | AREA MISMATCH polygon/national=0.000283",0.365866532149686,1294.994055168,1668.9412
75218,usgs,07370000,ok,1950-01-01,1992-09-29,15613,0.6647,13,"flags: A=15594; A, e=19 | AREA MISMATCH polygon/national=6.12e-05",0.12401609643925,2025.370702282752,19607.6447
75219,usgs,07370500,ok,1950-01-01,1970-10-01,7579,1.0,0,flags: A=7579,658.002134131465,701.886777901056,0.789
75220,usgs,07371500,ok,1950-01-01,2001-12-13,9817,0.5639,15,"flags: A=9789; A, e=28 | AREA MISMATCH polygon/national=0.000135",0.12436288470979,919.44577916928,8982.8662
75221,usgs,07372000,ok,1950-01-01,1981-10-13,10809,0.9575,0,flags: A=10809,1692.63816453246,1693.852224159744,0.9257
75222,usgs,07372050,ok,2001-11-20,2019-12-31,6254,0.5824,16,"flags: A=6240; A, e=14",1971.26163192738,1916.59120164864,1.0616
75223,usgs,07372200,ok,1957-10-01,2019-12-31,20963,0.1185,32,"flags: A=19273; A, e=1690 | negative flow on 17 days | AREA MISMATCH polygon/national=2.54e-05",0.124971568432385,4918.387421528064,43710.9727
75224,usgs,07372500,ok,1950-01-01,1970-09-29,7577,1.0,0,flags: A=7577,221.233711052894,238.278906150912,1.2783
75225,usgs,07373500,ok,1950-01-01,1970-09-29,7577,1.0,0,flags: A=7577 | AREA MISMATCH polygon/national=0.00957,0.874588689559806,91.42658029486078,120.8509
75226,usgs,07375500,ok,1950-01-01,2019-12-31,25567,0.0,41,"flags: A=25487; A, e=80",1690.10518282829,1673.132319277056,1.6623
75227,usgs,07375800,ok,1956-04-01,2019-12-31,12339,0.4809,20,"flags: A=12202; A, e=137 | AREA MISMATCH polygon/national=0.00439",1.02098614867876,232.3219334971392,276.0794
75228,usgs,07375960,ok,2001-05-16,2019-12-31,6804,0.5456,18,"flags: A=6145; A, e=659 | AREA MISMATCH polygon/national=0.00246",1.40042887033915,569.79738427392,580.09
75229,usgs,07376500,ok,1950-01-01,2019-12-31,25566,0.0001,41,"flags: A=25183; A, e=383 | AREA MISMATCH polygon/national=0.00927",1.90965467144207,205.904054771712,148.3456
75230,usgs,07377000,ok,1950-10-01,2019-12-31,25294,0.0,41,"flags: A=24948; A, e=346 | AREA MISMATCH polygon/national=0.00157",2.35869443027287,1502.19310399488,936.4685
75231,usgs,07377500,ok,1950-01-01,2017-11-14,24790,0.0519,39,"flags: A=23833; A, e=957 | AREA MISMATCH polygon/national=0.000336",0.126302451079065,375.54827599872,4473.1244
75232,usgs,07377782,ok,1972-08-16,2012-10-02,13927,0.2255,29,"flags: A=12820; A, e=1107",122.108906666184,116.54946496512,1.3958
75233,usgs,07378000,ok,1950-01-01,2019-12-31,25567,0.0,41,"flags: A=24911; A, R=348; A, e=308 | AREA MISMATCH polygon/national=0.00386",2.83935511085556,735.556623335424,410.358
75234,usgs,07378500,ok,1950-01-01,2019-12-31,25567,0.0,41,"flags: A=25413; A, e=151; A, R=3",3492.61275203646,3315.18478123008,1.473
75235,usgs,07380120,ok,1987-10-01,2015-09-29,8183,0.4536,15,"flags: A=8148; A, e=35 | negative flow on 103 days",3885.57175947018,4133.6210240962555,1.4661
75236,usgs,07381450,ok,2001-11-11,2013-11-06,4187,0.7204,11,flags: A=4187 | negative flow on 57 days,1643.9134535007,,2.0176
75237,usgs,07381800,ok,1956-03-01,1986-04-16,11004,0.8222,7,flags: A=11004,184.978188315255,176.89618793594877,1.2386
75238,usgs,07382000,ok,1950-01-01,2019-12-31,24824,0.0496,38,"flags: A=24603; A, e=221 | AREA MISMATCH polygon/national=0.000405",0.251965549019414,621.5971464806399,3901.0385
75239,usgs,07382500,ok,1950-01-01,2019-12-31,21523,0.27,27,"flags: A=20864; A, e=659 | negative flow on 62 days | AREA MISMATCH polygon/national=0.000234",0.433514333716949,1851.84149889024,5906.7069
75240,usgs,07385700,ok,1959-10-01,2019-12-31,21987,0.0013,41,"flags: A=21927; A, e=60",0.754274117921325,,1561.1778
75241,usgs,07386500,ok,1950-01-01,1970-09-29,7577,1.0,0,flags: A=7577 | AREA MISMATCH polygon/national=2.09,103.018053353711,49.209774096383995,0.5749
75242,usgs,07386980,ok,1973-10-01,2015-09-29,10734,0.3498,23,"flags: A=10620; A, e=114 | negative flow on 1007 days",0.436451287595205,,6043.4832
75243,usgs,08010000,ok,1950-01-01,2019-12-31,25567,0.0,41,"flags: A=24728; A, e=839",357.075000765229,339.288442454016,1.8849
75244,usgs,08012000,ok,1950-01-01,2019-12-31,25565,0.0001,41,"flags: A=24859; A, e=706",1489.78701820064,1364.923734147072,1.3175
75245,usgs,08012150,ok,1989-10-01,2015-09-29,8413,0.4382,21,"flags: A=8390; A, e=23 | negative flow on 2078 days | AREA MISMATCH polygon/national=3.55e-05",0.127041518554285,3576.7735803740156,39590.8881
75246,usgs,08013500,ok,1950-01-01,2019-12-31,25201,0.0244,39,"flags: A=24295; A, e=906 | AREA MISMATCH polygon/national=0.000609",1.1867982606349,1950.261047083008,2213.4571
75247,usgs,08014800,ok,1956-03-01,2019-12-31,13094,0.6826,12,"flags: A=13089; A, e=5 | AREA MISMATCH polygon/national=0.00236",0.733203546425121,310.79857324031997,530.5891
75248,usgs,08015000,ok,1950-01-01,1970-10-07,7585,1.0,0,flags: A=7585,620.892745562495,616.417170259968,1.2753
75249,usgs,08015500,ok,1950-01-01,2016-03-15,22711,0.0931,37,"flags: A=22490; A, e=221",4496.7540572896,4402.9797875712,1.3192
75250,usgs,08016400,ok,1950-01-01,1984-09-29,12691,0.8598,5,flags: A=12691 | AREA MISMATCH polygon/national=0.00273,1.04741860131996,383.318240329728,454.7369
75251,usgs,08016800,ok,1956-03-01,1984-10-02,10443,0.8596,5,flags: A=10443 | AREA MISMATCH polygon/national=0.000553,0.253701877438959,458.427895529472,2237.0268
75252,usgs,08017500,ok,1952-08-01,1973-09-29,7730,1.0,0,flags: A=7730,2327.70611736444,2299.909441978368,0.4931
75253,usgs,08018500,ok,1950-01-01,2019-12-31,21913,0.0488,38,"flags: A=21836; A, e=77",3553.28434669681,3514.6138657259517,0.5869
75254,usgs,08019000,ok,1950-01-01,2019-12-31,24836,0.0488,38,"flags: A=24689; A, e=147",1488.38358594696,1515.1430445465598,0.6447
75255,usgs,08019200,ok,1997-09-27,2019-12-31,8130,0.4571,22,"flags: A=8104; A, e=26",5858.5413930221,5850.783141249024,0.5424
75256,usgs,08020000,ok,1950-01-01,2019-12-31,24470,0.0733,36,"flags: A=24333; A, e=137",7242.02934446532,7228.656815947776,0.593
75257,usgs,08020450,ok,1983-10-01,2019-12-31,6331,0.5772,2,"flags: A=6181; A, e=150",7641.09818039537,7622.335008718847,0.0623
75258,usgs,08020900,ok,1995-10-01,2019-12-31,8858,0.4085,24,"flags: A=8789; A, e=69",8194.14163624742,8171.41248811008,0.5974
75259,usgs,08022040,ok,1950-01-01,2019-12-31,25567,0.0,41,"flags: A=25179; A, e=388",9355.20980146917,9295.467327995904,0.6467
75260,usgs,08022070,ok,1974-04-12,1996-10-22,8230,0.5656,17,"flags: A=8046; A, e=184",381.586421637477,383.318240329728,0.7543
75261,usgs,08022300,ok,1958-04-01,1983-12-21,9396,0.8787,5,flags: A=9396,362.872578673868,347.058406785024,0.5886
75262,usgs,08023400,ok,1977-09-16,2019-12-31,14124,0.0883,35,"flags: A=13659; A, e=465",195.623506528026,207.7170464489472,1.0998
75263,usgs,08025360,ok,1971-10-01,2019-12-31,17624,0.0,41,"flags: A=17407; A, e=217",18648.4020770719,18590.93465599181,0.7385
75264,usgs,08026000,ok,1955-09-01,2019-12-31,23498,0.0,41,"flags: A=23228; A, e=270",19404.8537545336,19378.29104153395,0.7094
75265,usgs,08028000,ok,1951-10-01,2019-12-31,24929,0.0,41,"flags: A=24663; A, e=266 | AREA MISMATCH polygon/national=0.0273",25.8177553877894,945.34566027264,45.8214
75266,usgs,08028500,ok,1950-01-01,2019-12-31,24836,0.0488,38,"flags: A=24656; A, e=180",21618.6042211037,21313.012159954946,0.7599
75267,usgs,08028700,ok,1955-10-01,1981-09-29,9496,0.933,2,flags: A=9496 | AREA MISMATCH polygon/national=0.0119,0.404339489398003,33.9288442454016,83.8724
75268,usgs,08030500,ok,1950-01-01,2019-12-31,25567,0.0,41,"flags: A=25468; A, e=99",24219.4200379009,24161.999081324542,0.8023
75269,usgs,08032000,ok,1950-01-01,2019-12-31,20453,0.3415,26,"flags: A=20408; A, e=45",2954.1497746173,2965.5363863347197,0.5445
75270,usgs,08032500,ok,1950-01-01,1978-12-31,10592,1.0,0,flags: A=10592,4999.87935596608,5037.52687460352,0.5025
75271,usgs,08033000,ok,1950-01-01,2019-12-31,14976,0.7072,11,"flags: A=14965; A, e=11",6996.37328794663,7055.127612555264,0.5373
75272,usgs,08033500,ok,1950-01-01,2019-12-31,25567,0.0,41,"flags: A=25508; A, e=59",9336.89560568557,9417.196769181695,0.6218
75273,usgs,08034500,ok,1950-01-01,2019-12-31,17605,0.5317,18,"flags: A=17574; A, e=31",984.084908390512,973.835529486336,0.5673
75274,usgs,08036500,ok,1959-03-01,2019-12-31,22219,0.0001,41,"flags: A=22103; A, e=116",3334.02059338674,3304.824828788736,0.6619
75275,usgs,08037000,ok,1950-01-01,1979-09-29,10864,0.9818,0,flags: A=10864,4202.01838332946,4143.980976537599,0.597
75276,usgs,08040600,ok,1951-04-01,2019-12-31,21459,0.2439,30,"flags: A=21330; A, e=106; A, R=23",19447.3850415068,19616.569947684864,0.6406
75277,usgs,08041000,ok,1950-01-01,2019-12-31,25567,0.0,41,"flags: A=25447; A, e=120",20576.3095753171,20592.995465281536,0.7131
75278,usgs,08041780,ok,2003-06-05,2019-12-31,6000,0.5993,16,"flags: A=5963; A, e=37 | negative flow on 36 days",25464.7981433537,25353.393612079104,0.7775
75279,usgs,08042700,ok,1956-08-01,1980-10-20,8847,0.956,1,flags: A=8847,63.6934735951412,55.9437431832576,0.1463
75280,usgs,08043950,ok,1995-10-01,2004-08-31,3258,0.7824,8,"flags: A=3246; A, e=12",803.287156558547,808.076290424832,0.104
75281,usgs,08044000,ok,1950-01-01,2019-12-31,22277,0.2197,31,"flags: A=22084; A, e=193",872.780963714858,862.4660407418879,0.201
75282,usgs,08044500,ok,1950-01-01,2019-12-31,25565,0.0001,41,"flags: A=25452; A, e=113",4449.71052644534,4467.7294903296,0.147
75283,usgs,08046000,ok,1950-01-01,1975-10-09,9413,1.0,0,flags: A=9413,642.199698470718,650.087015694336,0.1497
75284,usgs,08047000,ok,1950-01-01,2019-12-31,25566,0.0001,41,"flags: A=25413; A, e=151; A, <=2",1112.56487115469,1116.284875554816,0.2097
75285,usgs,08047050,ok,1998-05-21,2019-12-31,7893,0.4729,21,"flags: A=7475; A, e=418",136.92617785869,139.859357958144,0.387
75286,usgs,08047500,ok,1950-01-01,2019-12-31,25566,0.0001,41,"flags: A=25503; A, e=63",1330.20856076213,1341.613841154048,0.2532
75287,usgs,08048000,ok,1950-01-01,2019-12-31,25567,0.0,41,"flags: A=25526; A, e=41",6762.94133500762,6772.818908528639,0.1411
75288,usgs,08048543,ok,1976-10-01,2019-12-31,15797,0.0,41,"flags: A=15371; A, e=426",6936.11945273943,6954.11807625216,0.1859
75289,usgs,08048970,ok,1989-10-01,2019-12-31,11049,0.2622,30,"flags: A=10853; A, e=196",239.243227730852,218.853995323392,0.4256
75290,usgs,08049500,ok,1950-01-01,2019-12-31,25567,0.0,41,"flags: A=25158; A, e=409",7930.55049625764,7938.31355817984,0.2323
75291,usgs,08049700,ok,1960-10-01,2019-12-31,21641,0.0,41,"flags: A=21573; A, e=68",163.624192725126,162.6512533291008,0.3766
75292,usgs,08050100,ok,1960-10-01,2019-12-31,20910,0.0488,38,"flags: A=20358; A, e=552",786.318069515704,771.8164568801279,0.4498
75293,usgs,08052745,ok,2004-10-01,2019-12-31,5570,0.628,15,"flags: A=5390; A, e=180",97.569998922048,99.714542247936,2.1765
75294,usgs,08053000,ok,1950-01-01,2019-12-31,25202,0.0244,39,"flags: A=24771; A, e=431",4321.52500076335,4333.050108592128,0.4189
75295,usgs,08053009,ok,2007-02-15,2019-12-31,4702,0.686,13,"flags: A=4680; A, e=22",41.7478843493854,35.482837111603196,1.3513
75296,usgs,08055000,ok,1950-01-01,2019-12-31,21175,0.2933,28,"flags: A=21106; A, e=69",1811.81929432205,1825.94161778688,0.2846
75297,usgs,08055500,ok,1950-01-01,2019-12-31,25567,0.0,41,"flags: A=25510; A, e=57",6354.61513307638,6368.780763316224,0.3375
75298,usgs,08056500,ok,1951-10-01,2019-12-31,16822,0.5414,16,"flags: A=16710; A, e=112 | AREA MISMATCH polygon/national=0.781",16.1320991871404,20.66810512048128,1.5716
75299,usgs,08057000,ok,1950-01-01,2019-12-31,25567,0.0,41,"flags: A=25455; A, e=112",15794.0587192297,15814.467401711616,0.3085
75300,usgs,08057200,ok,1961-08-01,2019-12-31,18598,0.1829,30,"flags: A=18468; A, e=130",180.618669582301,171.9752105263104,1.2061
75301,usgs,08057410,ok,1956-11-01,2019-12-31,21975,0.0732,37,"flags: A=21705; A, e=270",16229.0013167619,16259.945356689406,0.3798
75302,usgs,08057445,ok,1975-10-01,2011-09-30,11873,0.2865,27,"flags: A=11686; A, e=187",25.8559273759324,23.387592636334077,0.9464
75303,usgs,08058500,ok,1951-08-01,1973-09-29,8096,1.0,0,flags: A=8096,103.518616430008,101.009536303104,0.4541
75304,usgs,08059500,ok,1950-01-01,1975-01-31,9162,1.0,0,flags: A=9162,293.981726030993,292.668656467968,0.5994
75305,usgs,08061000,ok,1953-10-01,2019-07-11,13718,0.6998,11,"flags: A=13540; A, e=178",2002.27127119087,2002.060809289728,0.4469
75306,usgs,08061540,ok,1968-03-01,2019-12-31,18933,0.0,41,"flags: A=18831; A, e=102",311.143183980105,310.79857324031997,1.2238
75307,usgs,08061551,ok,2008-09-27,2019-12-31,2848,0.8098,3,"flags: A=2818; A, e=30",2890.01100439519,2773.877266169856,0.0254
75308,usgs,08061700,ok,1958-01-01,1992-12-31,12419,0.6829,12,"flags: A=12409; A, e=10",82.1610047558365,81.8436242866176,0.9958
75309,usgs,08061750,ok,1973-01-19,2019-12-31,16781,0.0245,39,"flags: A=16562; A, e=219",2900.12067226973,2895.606707355648,0.5982
75310,usgs,08062000,ok,1950-01-01,2019-12-31,25567,0.0,41,"flags: A=25234; A, e=333",3258.40160592075,3253.025066582016,0.5473
75311,usgs,08062500,ok,1950-01-01,2019-12-31,25566,0.0001,41,"flags: A=25264; A, e=302",21141.4137261163,21100.63313490739,0.3897
75312,usgs,08062700,ok,1964-10-01,2019-12-31,20180,0.0,41,"flags: A=20058; A, e=122",22059.4919878947,22113.318486048767,0.5155
75313,usgs,08062800,ok,1963-01-01,2019-12-31,15339,0.3659,25,"flags: A=14871; A, e=468 | negative flow on 1 days",491.847095898579,489.507752853504,0.5933
75314,usgs,08063100,ok,1960-10-01,2019-12-31,21276,0.0244,39,"flags: A=20872; A, e=404",876.339040106293,862.4660407418879,0.4585
75315,usgs,08063500,ok,1950-01-01,1989-06-30,14426,0.744,10,"flags: A=14376; A, e=50",1925.14857871793,1901.051272986624,0.4197
75316,usgs,08063800,ok,1963-10-01,2019-12-31,20469,0.0051,40,"flags: A=19639; A, e=830",460.460999254398,461.017883639808,0.5105
75317,usgs,08064100,ok,1983-10-01,2019-12-31,13241,0.1158,36,"flags: A=12988; A, e=253",2165.6297729956,2090.120405041152,0.5209
75318,usgs,08064500,ok,1950-01-01,1984-09-29,12691,0.8598,5,flags: A=12691,2481.84517954181,2494.1585502535677,0.363
75319,usgs,08065000,ok,1950-01-01,2019-12-31,25567,0.0,41,"flags: A=25352; A, e=215",33365.6725786361,33237.317419941886,0.4062
75320,usgs,08065350,ok,1964-01-01,2019-12-31,20454,0.0,41,"flags: A=20292; A, e=162",36026.8000536084,36029.324602884095,0.4551
75321,usgs,08065500,not_found,,,,,,no daily flow returned for 1950-2019,37448.7373715159,37425.3281943552,
75322,usgs,08066191,ok,1969-09-01,1991-09-29,7698,0.6891,12,"flags: A=7695; A, e=3",43075.398583397,42949.772833701885,0.0119
75323,usgs,08066250,ok,1965-12-01,2019-12-31,16102,0.2439,30,"flags: A=15710; A, e=392",43734.6508769585,43625.75973049958,0.4734
75324,usgs,08066500,ok,1950-01-01,2019-12-31,25567,0.0,41,"flags: A=25360; A, e=207",44684.356433953,44511.53566423449,0.4447
75325,usgs,08067000,ok,1950-01-01,2019-12-31,8597,0.6875,1,"flags: A=8581; A, e=16",45406.6998762597,45241.912311349246,1.0774
75326,usgs,08067525,ok,2006-10-01,2019-12-31,4840,0.6768,13,"flags: A=4763; A, e=77 | AREA MISMATCH polygon/national=0.626",25.6154175382393,40.9218121433088,2.3985
75327,usgs,08067650,ok,1973-10-18,2019-08-30,8182,0.5665,10,"flags: A=7949; A, e=139; A, R=94",1189.85451244192,1168.084637761536,0.9273
75328,usgs,08068000,ok,1950-01-01,2019-12-31,25567,0.0,41,"flags: A=25259; A, e=162; A, R=146",2162.33371246963,2144.510155358208,0.5509
75329,usgs,08068090,ok,1984-05-01,2019-12-31,10836,0.2764,28,"flags: A=10659; A, e=177",2539.08995816737,2491.5685621432317,0.6647
75330,usgs,08068325,ok,2006-10-01,2019-12-31,4840,0.6768,13,"flags: A=4754; A, e=86 | AREA MISMATCH polygon/national=0.0696",7.39522268124246,106.189512523776,13.9318
75331,usgs,08068400,ok,1974-08-01,2019-12-31,8039,0.514,19,"flags: A=7938; A, e=101",59.0647617682405,67.0806920577024,1.6159
75332,usgs,08068450,ok,1972-04-01,2019-12-31,9041,0.506,20,"flags: A=8942; A, e=99",80.6471990760107,89.35458980659199,1.6935
75333,usgs,08068500,ok,1950-01-01,2019-12-31,25567,0.0,41,"flags: A=25487; A, e=80",969.712470662064,1059.305137127424,0.6986
75334,usgs,08068780,ok,1982-05-01,2019-12-31,11914,0.2044,31,"flags: A=11539; A, e=375",117.518264320103,106.189512523776,0.5751
75335,usgs,08068800,ok,1982-10-01,2019-12-31,10319,0.3109,27,"flags: A=9429; A, e=890",658.592954184076,554.257455611904,0.5456
75336,usgs,08069000,ok,1950-01-01,2019-12-31,25567,0.0,41,"flags: A=25255; A, e=312",870.05556422409,738.14661144576,0.5958
75337,usgs,08072300,ok,1977-07-01,2019-12-31,13694,0.1222,35,"flags: A=13552; A, e=142",166.546360288466,163.9462473842688,0.8641
75338,usgs,08072730,ok,1977-07-01,2019-12-31,14793,0.0488,38,"flags: A=14412; A, e=381 | AREA MISMATCH polygon/national=0.558",31.05862790093,55.684744372224,2.362
75339,usgs,08072760,ok,1977-07-01,2019-12-31,7793,0.5163,19,"flags: A=7723; A, e=70 | AREA MISMATCH polygon/national=0.545",34.7340831248208,63.7137075142656,2.7733
75340,usgs,08073500,ok,1950-01-01,2019-12-31,24471,0.0732,37,"kept 00060_Mean of 2 00060 series | flags: A=23934; A, e=537",719.016618562536,717.426706563072,1.0343
75341,usgs,08073600,ok,1971-09-01,2019-12-31,17654,0.0,41,"flags: A=17471; A, e=183",739.987763815238,751.09655199744,1.3424
75342,usgs,08073700,ok,1963-10-01,2019-12-31,13606,0.4085,21,"flags: A=13391; A, e=215",794.157943206056,774.4064449904639,1.3227
75343,usgs,08074000,ok,1950-01-01,2019-11-13,10962,0.7996,0,"flags: A=10915; A, e=47",876.077868401324,870.236005072896,1.7843
75344,usgs,08074020,ok,1999-10-01,2019-12-31,7374,0.5076,20,"flags: A=7343; A, e=31 | AREA MISMATCH polygon/national=1.41",125.629964566409,89.35458980659199,2.3044
75345,usgs,08074150,ok,1964-04-14,1986-09-29,8204,0.8111,7,flags: A=8204,22.2566526150449,19.42491082752,0.8737
75346,usgs,08074500,ok,1950-01-01,2019-12-31,25546,0.0014,41,"flags: A=25403; A, e=143",245.001925518732,246.30786929295357,1.3288
75347,usgs,08074760,ok,2006-10-01,2019-12-31,4840,0.6768,13,"flags: A=4832; A, e=8",38.6256804881383,38.84982165504,3.8311
75348,usgs,08074810,ok,2001-10-01,2019-12-31,6666,0.5549,18,"flags: A=6637; A, e=29 | AREA MISMATCH polygon/national=1.26",171.42259193129,135.97437579264,2.5685
75349,usgs,08075000,ok,1950-01-01,2019-12-31,25567,0.0,41,"flags: A=25506; A, e=61",268.261625628057,245.7898716708864,2.0349
75350,usgs,08075400,ok,1964-08-18,2019-12-31,18131,0.1381,34,"flags: A=17754; A, e=377",53.2130708177528,52.3177598287872,1.6736
75351,usgs,08075500,ok,1952-10-01,1995-09-29,15704,0.5916,16,"flags: A=15660; A, e=44",137.164320477314,163.16925095116798,1.7212
75352,usgs,08075605,ok,2006-10-01,2019-12-31,4840,0.6768,13,"flags: A=4825; A, e=15",14.3436593833673,12.8204411461632,1.9936
75353,usgs,08075730,ok,1971-10-01,2019-12-31,17624,0.0,41,"flags: A=17394; A, e=230",21.6022729131703,21.393301791375357,1.9486
75354,usgs,08075763,ok,2006-10-01,2019-12-31,4840,0.6768,13,"flags: A=4823; A, e=17",18.5539436619109,18.67381427552256,1.1886
75355,usgs,08075770,ok,1964-04-14,2019-12-31,20350,0.0,41,"flags: A=20153; A, e=197",47.9645578254159,41.6988085764096,1.4316
75356,usgs,08075900,ok,1965-08-03,2019-12-31,14591,0.3525,24,"flags: A=14378; A, e=213",103.781634083503,94.7935648382976,1.2844
75357,usgs,08076000,ok,1952-10-01,2019-12-31,24563,0.0,41,"flags: A=24294; A, e=269",209.54435942997,177.9321831800832,1.1594
75358,usgs,08076180,ok,1986-02-25,2019-12-31,9805,0.3452,26,"flags: A=9527; A, e=278 | AREA MISMATCH polygon/national=0.357",28.6798996992089,80.289631420416,5.6777
75359,usgs,08076500,ok,1952-10-01,2019-12-31,22001,0.1711,33,"flags: A=21859; A, e=142 | AREA MISMATCH polygon/national=0.583",43.334696502087,74.33265876664319,2.1269
75360,usgs,08076997,ok,2006-10-01,2019-12-31,4840,0.6768,13,"flags: A=4829; A, e=11 | AREA MISMATCH polygon/national=1.51",128.268022282483,84.6926112079872,1.0351
75361,usgs,08077000,ok,1950-01-01,1994-09-04,14615,0.6522,13,"flags: A=14449; A, e=166 | AREA MISMATCH polygon/national=1.49",149.434049750162,100.4915386810368,0.6066
75362,usgs,08079000,ok,1950-01-01,1980-09-29,11230,0.9574,1,flags: A=11230 | AREA MISMATCH polygon/national=0.000435,0.128350022019289,295.258644578304,3616.6757
75363,usgs,08080500,ok,1950-01-01,2019-12-31,25567,0.0,41,"flags: A=25163; A, e=404 | AREA MISMATCH polygon/national=0.603",13732.4470419534,22781.535418515457,0.0217
75364,usgs,08081000,ok,1950-01-01,1986-09-29,8671,0.8111,7,flags: A=8671 | AREA MISMATCH polygon/national=0.000606,7.24458063294785,11963.155081641984,14.6048
75365,usgs,08081500,ok,1956-10-01,1977-10-05,7675,1.0,0,flags: A=7675,176.993513275826,166.5362354946048,0.0775
75366,usgs,08082000,ok,1950-01-01,2019-12-31,25567,0.0,41,"flags: A=24587; A, e=980",13067.0513194064,13286.63900602368,0.0136
75367,usgs,08082500,ok,1950-01-01,2019-12-31,25567,0.0,41,"flags: A=25426; A, e=141 | AREA MISMATCH polygon/national=0.771",31017.4347345806,40243.23525840077,0.0219
75368,usgs,08083240,ok,1967-10-01,2019-12-31,9223,0.6586,13,"flags: A=9196; A, e=27 | AREA MISMATCH polygon/national=0.000591",2.16897037068531,3667.423164235776,66.4101
75369,usgs,08083420,ok,1970-10-01,2019-12-31,10074,0.5285,18,"flags: A=9997; A, e=77",38.1816411072751,33.669845434368,0.2309
75370,usgs,08084000,ok,1950-01-01,2019-12-31,25567,0.0,41,"flags: A=25546; A, e=21",5740.76150417295,5695.383854628863,0.0303
75371,usgs,08085500,ok,1950-01-01,2019-12-31,25567,0.0,41,"flags: A=25451; A, e=116",10322.9469256398,10427.292132212737,0.0465
75372,usgs,08086500,ok,2015-09-25,2019-12-31,1559,0.8959,4,kept 00060_Mean of 2 00060 series | flags: A=1559,2860.18020079878,2820.497052155904,0.1039
75373,usgs,08087300,ok,1950-01-01,1982-10-04,8311,0.9083,3,flags: A=8311,14815.2666134803,14755.16226458419,0.052
75374,usgs,08088000,ok,1950-01-01,2019-12-31,24106,0.0976,36,"flags: A=23786; A, e=320 | AREA MISMATCH polygon/national=0.589",34593.4260525234,58722.80042564812,0.0492
75375,usgs,08090500,ok,1951-05-01,1976-09-29,9284,1.0,0,flags: A=9284,1528.97137571297,1484.063187222528,0.1249
75376,usgs,08091750,ok,1977-10-01,2006-09-30,10592,0.3232,27,"flags: A=10535; A, e=57",180.005427744454,182.0761641566208,0.2865
75377,usgs,08092000,ok,1950-01-01,2019-12-31,18262,0.4878,20,"flags: A=18141; A, e=121",718.061820005786,730.3766471147519,0.3024
75378,usgs,08093100,ok,1950-01-01,2019-12-31,25566,0.0001,41,"flags: A=25377; A, e=189",61383.2427707633,70561.63607799399,0.0597
75379,usgs,08093360,ok,1979-10-01,2019-12-31,11036,0.263,29,"flags: A=10909; A, e=127",663.230829960653,660.44696813568,0.2657
75380,usgs,08093500,ok,1950-01-01,2001-05-24,18772,0.4538,22,"flags: A=18531; A, e=241",798.78899015517,797.716337983488,0.3535
75381,usgs,08093700,ok,1958-03-01,1979-09-29,7883,0.9818,0,flags: A=7883,243.829592302977,248.3798597812224,0.1462
75382,usgs,08095400,ok,1959-08-17,2019-12-31,14017,0.5366,18,"flags: A=13778; A, e=239",204.768143945202,202.5370702282752,0.3741
75383,usgs,08095600,ok,1959-10-01,1982-06-23,8156,0.9249,2,flags: A=8156,4299.92217192626,4289.020310716416,0.2405
75384,usgs,08099100,ok,1960-09-01,2019-12-31,14102,0.5054,19,"flags: A=13913; A, e=189",1220.02313998996,1240.604304850944,0.1277
75385,usgs,08099500,ok,1950-01-01,2019-12-31,19794,0.3855,24,"flags: A=19767; A, e=27",3321.60366628881,3265.9750071336957,0.0993
75386,usgs,08100000,ok,1960-09-01,2019-12-31,17654,0.2682,29,"flags: A=17565; A, e=89",4994.96621387708,4897.667516645376,0.106
75387,usgs,08100500,ok,1950-10-01,2019-12-31,25294,0.0,41,"flags: A=25254; A, e=40",6166.90259030925,6065.752154406911,0.1301
75388,usgs,08102500,ok,1950-01-01,2019-12-31,25567,0.0,41,"flags: A=25514; A, e=53",9272.44204269175,9277.33741122355,0.1534
75389,usgs,08104000,ok,1950-01-01,1980-09-29,11230,0.9574,1,flags: A=11230,3221.88641386401,3211.5852568166397,0.1863
75390,usgs,08104100,ok,1963-02-01,2019-12-31,17318,0.2317,30,"flags: A=17242; A, e=76",3440.45580769874,3421.374293753856,0.1789
75391,usgs,08104500,ok,1962-08-01,2019-12-31,20972,0.0,41,"flags: A=20851; A, e=121",13667.4287392549,13540.457840836609,0.1936
75392,usgs,0810464660,ok,2008-10-01,2019-12-31,4109,0.7256,11,"flags: A=4069; A, e=40",541.974340901634,543.89750317056,0.2523
75393,usgs,08104700,ok,1968-06-19,2019-12-31,18823,0.0,41,"flags: A=18735; A, e=88",647.822610369406,642.317051363328,0.2563
75394,usgs,08105000,ok,1950-01-01,1987-04-01,9334,0.9559,0,flags: A=9334,1039.22693574457,1048.94518468608,0.2621
75395,usgs,08105095,ok,2003-10-01,2019-12-31,5936,0.6036,16,"flags: A=5917; A, e=19",207.282563886927,184.9251510779904,0.3041
75396,usgs,08105700,ok,1965-07-16,2019-12-31,19892,0.0,41,"flags: A=19845; A, e=47",1915.9667730492,1911.411225427968,0.3369
75397,usgs,08106350,ok,1981-02-12,2019-12-31,9022,0.3975,11,"flags: A=8952; A, e=70",18155.4726330368,18023.72725982822,0.0382
75398,usgs,08106500,ok,1950-01-01,2019-12-31,25567,0.0,41,"flags: A=25327; A, e=240",18384.5540296878,18298.26599952384,0.2294
75399,usgs,08109800,ok,1962-08-01,2019-12-31,20972,0.0,41,"flags: A=20416; A, R=411; A, e=145",629.756234342826,631.957098921984,0.2703
75400,usgs,08110000,ok,1950-01-01,2019-12-31,19384,0.4129,23,"flags: A=19364; A, e=20",2638.44383655657,2613.2980033290237,0.2704
75401,usgs,08110500,ok,1950-01-01,2019-12-31,25567,0.0,41,"flags: A=25446; A, e=121",2404.28754237878,2507.108490805248,0.4385
75402,usgs,08110800,ok,1997-04-01,2019-12-31,8310,0.4451,22,"flags: A=8188; A, e=122",3450.20802363958,3333.3146980024317,0.3756
75403,usgs,08111000,ok,1951-01-01,1997-03-31,16091,0.6084,15,"flags: A=16087; A, e=4",3750.4239839562,3765.842712428544,0.3721
75404,usgs,08114000,ok,1950-01-01,2019-12-31,25567,0.0,41,"flags: A=25524; A, e=43",107287.985237609,116826.59369292596,0.1714
75405,usgs,08116400,ok,1958-10-01,2019-12-31,12072,0.6878,12,"flags: A=11997; A, e=75",19.4555754355805,22.4033971544064,3.1381
75406,usgs,08119500,ok,1950-01-01,1989-09-29,12325,0.7379,10,flags: A=12325 | AREA MISMATCH polygon/national=0.000193,1.73944451433159,9020.928588300289,16.2051
75407,usgs,08120700,ok,1965-03-01,2002-10-06,13734,0.4204,23,"flags: A=13715; A, e=19 | AREA MISMATCH polygon/national=2.45e-05",0.247971109186779,10132.033487634431,307.3521
75408,usgs,08121000,ok,1950-01-01,2019-12-31,25567,0.0,41,"flags: A=25522; A, e=45",8856.30999148929,10271.892845592576,0.008
75409,usgs,08123650,ok,1959-01-01,1979-09-29,7577,0.9818,0,flags: A=7577,22912.6141364777,24136.099200221182,0.0001
75410,usgs,08123800,ok,1958-10-01,2019-12-31,22372,0.0,41,"flags: A=22052; A, e=320",24179.7158691649,25387.06345751347,0.0022
75411,usgs,08123850,ok,1967-08-29,2019-12-31,19118,0.0,41,"flags: A=19058; A, e=60",35951.7022583025,38616.72272510976,0.0042
75412,usgs,08124000,ok,1950-01-01,2019-12-31,21031,0.0,41,"flags: A=20789; A, e=242",37015.1055609893,39644.94800491315,0.0016
75413,usgs,08126380,ok,1950-01-01,2019-12-31,25567,0.0,41,"flags: A=25536; A, e=31 | AREA MISMATCH polygon/national=2.95e-06",0.125031123143939,42367.025508876286,1735.608
75414,usgs,08127000,ok,1950-01-01,2019-12-31,25567,0.0,41,"flags: A=25392; A, e=175",1197.38293673652,1165.4946496512,0.0808
75415,usgs,08128500,ok,1950-01-01,1961-03-31,4108,1.0,0,flags: A=4108,6262.42134147208,6871.238456721408,0.0155
75416,usgs,08133250,ok,2000-02-17,2019-12-31,6791,0.5465,18,"flags: A=6757; A, e=34",504.528226335911,520.587610177536,0.0019
75417,usgs,08133500,ok,1950-01-01,2018-10-10,13076,0.8341,6,flags: A=13076,1501.23363455593,1522.913008877568,0.0134
75418,usgs,08133900,ok,2001-10-01,2011-09-29,3651,0.7562,9,"flags: A=3632; A, e=19",68.3543758261097,69.67068016803839,0.0067
75419,usgs,08134230,ok,2001-10-01,2011-10-23,3675,0.7546,9,"flags: A=3660; A, e=15",277.064987519937,282.30870402662396,0.0081
75420,usgs,08135000,ok,1950-01-01,1990-12-31,14975,0.7073,12,"flags: A=14948; A, e=27",3869.146090916,3949.7318682624,0.0051
75421,usgs,08136000,ok,1950-01-01,2019-12-31,25567,0.0,41,"flags: A=25435; A, e=132",13625.0979329574,14353.714107482112,0.0064
75422,usgs,08136500,ok,1950-01-01,2019-12-31,25567,0.0,41,"flags: A=25524; A, e=43",16329.5002815177,17026.581837348862,0.0107
75423,usgs,08139500,ok,1953-10-01,1973-10-02,7307,1.0,0,flags: A=7307,121.078661787789,113.7004780437504,0.124
75424,usgs,08140500,ok,1951-07-01,1971-09-29,7396,1.0,0,flags: A=7396,21.6674553227181,21.52280119689216,0.1291
75425,usgs,08141500,ok,1950-01-01,1990-12-31,14975,0.7073,12,"flags: A=14962; A, e=13",144.206529035869,140.3773555802112,0.0236
75426,usgs,08142000,ok,1950-01-01,2019-12-31,9138,0.8962,4,"flags: A=9136; A, e=2",273.508822641891,277.128727805952,0.0701
75427,usgs,08143500,ok,2018-10-17,2019-07-01,92,0.9939,0,kept 00060_Mean of 2 00060 series | flags: A=92,4331.6778991911,4299.38026315776,0.5002
75428,usgs,08143600,ok,1967-10-01,2019-12-31,19084,0.0001,41,"flags: A=18991; A, e=93",5366.73279248015,5369.045352726528,0.0768
75429,usgs,08145000,ok,1950-01-01,2019-12-31,20246,0.3553,25,"flags: A=20221; A, e=25",1492.6430088801,1522.913008877568,0.0218
75430,usgs,08146000,ok,1950-01-01,2019-12-31,24106,0.0976,36,"flags: A=24047; A, e=59",7842.20355701944,7889.103784083455,0.0543
75431,usgs,08154700,ok,1978-07-18,2019-12-31,15142,0.0,41,"flags: A=15040; A, e=102",60.336006877931,57.7567348604928,0.5797
75432,usgs,08155300,ok,1977-02-01,2019-12-31,15674,0.0,41,"flags: A=15594; A, e=80",309.783928662527,300.438620798976,0.3686
75433,usgs,08155400,ok,1998-09-24,2019-12-31,7769,0.4812,21,"flags: A=7705; A, e=64",326.735827629007,323.748513792,0.3453
75434,usgs,08155541,ok,2007-07-21,2019-12-31,4547,0.6964,12,"flags: A=4520; A, e=27",4.76568874493969,4.58427895529472,0.8121
75435,usgs,08156675,ok,2007-07-10,2019-12-31,4557,0.6957,12,"flags: A=4461; A, e=96",13.2927538384148,14.47803353677824,0.6786
75436,usgs,08156800,ok,1983-01-08,2019-12-31,13440,0.1025,36,"flags: A=13309; A, e=131",32.7313147108866,31.8568537571328,0.5526
75437,usgs,08156910,ok,2007-07-19,2019-12-31,4549,0.6962,12,"flags: A=4546; A, e=3",2.54334765336002,2.82308704026624,1.0131
75438,usgs,08157000,ok,1955-04-01,1980-10-23,9338,0.9558,1,flags: A=9338,6.12332954423143,5.98287253487616,0.663
75439,usgs,08157500,ok,1955-01-01,1980-10-23,9428,0.9558,1,flags: A=9428,12.5344042406562,10.69665089568768,0.6725
75440,usgs,08158000,ok,1950-01-01,2019-12-31,25566,0.0001,41,"flags: A=25359; A, e=113; A, R=94",97709.8015116403,101032.84619609702,0.0425
75441,usgs,08158030,ok,2007-08-02,2019-12-31,4535,0.6972,12,"flags: A=4503; A, e=32",4.35493265586256,4.32528014426112,0.9775
75442,usgs,08158035,ok,2007-08-01,2019-12-31,4536,0.6971,12,"flags: A=4446; A, e=90",8.58734701751624,8.909559099555839,0.7558
75443,usgs,08158045,not_found,,,,,,no daily flow returned for 1950-2019,3.73134719673096,3.807282522193919,
75444,usgs,08158200,ok,1985-05-13,2019-12-31,4536,0.6971,12,"flags: A=4478; A, e=58",68.2558647285456,67.8576884908032,0.6596
75445,usgs,08158380,ok,1985-02-21,2019-12-31,4355,0.7092,12,"flags: A=4340; A, e=15",13.9887688293857,13.519737935953918,1.1725
75446,usgs,08158600,ok,1966-05-27,2019-12-31,19577,0.0,41,"flags: A=19433; A, e=144",142.507330066453,132.8663900602368,0.5591
75447,usgs,08158819,ok,2003-10-01,2010-09-29,2493,0.8335,6,"flags: A=2473; A, e=20",65.2629217775763,61.6417170259968,0.2083
75448,usgs,08158827,ok,2003-04-03,2019-12-31,5982,0.6005,15,"flags: A=5889; A, e=93",456.157091593848,468.787847970816,0.2173
75449,usgs,08158840,ok,1978-01-16,2019-12-31,10862,0.298,26,"flags: A=10827; A, e=35",21.930862397719,21.34150202916864,0.6933
75450,usgs,08158860,ok,2003-05-31,2019-12-31,5996,0.5996,16,"flags: A=5986; A, e=10",60.670359008277,59.8287253487616,0.211
75451,usgs,08158920,ok,1978-01-10,2019-12-31,11676,0.2441,30,"flags: A=11610; A, e=66",15.8134884708509,16.316925095116797,0.6001
75452,usgs,08158927,ok,2007-09-14,2019-12-31,4492,0.7,12,"flags: A=4490; A, e=2",17.3573431966482,17.43061998256128,0.2393
75453,usgs,08158930,ok,1984-10-01,2019-12-31,7642,0.4897,20,"flags: A=7495; A, e=147 | AREA MISMATCH polygon/national=0.678",33.3773665457163,49.209774096383995,0.4662
75454,usgs,08158970,ok,1975-09-11,2019-12-31,8551,0.5096,19,"flags: A=8545; A, e=6 | AREA MISMATCH polygon/national=0.706",50.4893111007041,71.4836718452736,0.4762
75455,usgs,08159000,ok,1976-03-23,2019-12-31,15989,0.0,41,"flags: A=15779; A, e=210",818.703705249279,831.3861834178559,0.261
75456,usgs,08162000,ok,1950-01-01,2019-12-31,25567,0.0,41,"flags: A=25495; A, e=72",105624.045745554,108787.270598443,0.0601
75457,usgs,08164500,ok,1950-01-01,1999-07-05,11110,0.9653,1,flags: A=11110,2860.81533405365,2750.567373176832,0.4855
75458,usgs,08166250,ok,2008-02-01,2019-12-31,4030,0.7309,11,"flags: A=4015; A, e=15",1444.62490224373,1432.263425015808,0.104
75459,usgs,08167800,ok,1960-03-01,2019-12-31,21855,0.0,41,"flags: A=21647; A, e=208",3747.18898707071,3719.222926442496,0.2923
75460,usgs,08168500,ok,1950-01-01,2019-12-31,25567,0.0,41,"flags: A=25482; A, e=85",4000.87263263876,3931.601951490048,0.3075
75461,usgs,08168797,ok,2006-03-03,2019-12-31,5052,0.6626,14,"flags: A=4953; A, e=99",274.181698742932,277.128727805952,0.13
75462,usgs,08169792,ok,2005-03-14,2019-12-31,5405,0.6391,14,"flags: A=5380; A, e=25",4897.77868422913,5068.606731927552,0.3835
75463,usgs,08173900,ok,1996-10-01,2019-12-31,8491,0.433,23,"flags: A=8397; A, e=89; A, R=5",9031.44415197247,9039.05850507264,0.4539
75464,usgs,08175800,ok,1964-01-01,2019-12-31,20454,0.0,41,"flags: A=20322; A, e=132",12835.4064138911,12779.001336397823,0.3805
75465,usgs,08176500,ok,1950-01-01,2019-12-31,25567,0.0,41,"flags: A=25439; A, e=128",13530.9286534253,13462.758197526528,0.3518
75466,usgs,08177000,ok,1952-10-01,1979-10-31,9892,0.9797,1,flags: A=9892,955.768454630915,955.705612713984,0.2587
75467,usgs,08177500,ok,1950-01-01,2019-12-31,16896,0.0,41,"flags: A=15984; A, e=912",1288.26065193021,1294.994055168,0.1778
75468,usgs,08177700,ok,1968-06-07,2019-12-31,11576,0.4847,20,"flags: A=11474; A, e=102 | AREA MISMATCH polygon/national=2.92",160.42491664865,54.9077479391232,0.1465
75469,usgs,08178000,ok,1950-01-01,2019-12-31,20632,0.3295,26,"flags: A=20267; A, e=365",106.590211208321,108.26150301204478,1.0649
75470,usgs,08178565,ok,1986-10-01,2019-12-31,11858,0.2081,30,"flags: A=11527; A, e=331 | AREA MISMATCH polygon/national=1.33",431.405186799309,323.748513792,0.7542
75471,usgs,08178800,ok,1960-09-01,2019-12-31,21671,0.0,41,"flags: A=21540; A, e=131",480.544691901744,489.507752853504,0.2428
75472,usgs,08179100,ok,1956-04-01,1981-11-27,9372,0.9291,3,flags: A=9372,157.501189471766,145.81633061191678,0.1897
75473,usgs,08180500,ok,1953-02-01,2019-12-31,10901,0.776,9,"flags: A=10839; A, e=62",1701.71905959851,1683.4922717184,0.106
75474,usgs,08180700,ok,1981-01-01,2019-12-31,13654,0.0882,36,"flags: A=13320; A, e=334",2316.43392349221,2292.13947764736,0.1915
75475,usgs,08180720,ok,2003-04-18,2016-03-27,3943,0.7367,8,"flags: A=3807; A, e=136",2365.27794707263,2330.9892993024,0.0411
75476,usgs,08180800,ok,1970-10-01,2019-12-31,12746,0.3501,24,"flags: A=12497; A, e=249",2527.88747810698,2504.518502694912,0.2442
75477,usgs,08181480,ok,1984-09-13,2019-12-31,12890,0.1392,35,"flags: A=12648; A, e=242",455.947743125668,567.207396163584,0.2313
75478,usgs,08181500,ok,1950-01-01,2019-12-31,25567,0.0,41,"flags: A=25462; A, e=105",3329.6840550712,3411.014341312512,0.1851
75479,usgs,08181800,ok,1962-10-01,2019-12-31,20911,0.0,41,"flags: A=20661; A, e=250",4549.1165497335,4514.349276315647,0.3135
75480,usgs,08183200,ok,2006-01-04,2019-12-31,5110,0.6588,14,"flags: A=5107; A, e=3",5120.82458050736,5086.7366486999035,0.2812
75481,usgs,08183500,ok,1950-01-01,2019-12-31,25567,0.0,41,"flags: A=25461; A, e=106",5496.10179843464,5472.644877139967,0.2476
75482,usgs,08185065,ok,2005-12-08,2019-12-31,5137,0.657,14,"flags: A=5005; A, e=132",800.271297160487,792.536361762816,0.0983
75483,usgs,08185100,ok,2005-11-16,2019-12-31,5159,0.6555,14,"flags: A=5080; A, e=79",212.450199685878,210.04803574824956,0.403
75484,usgs,08188500,ok,1950-01-01,2019-12-31,25567,0.0,41,"flags: A=25417; A, e=150",10164.0206678468,10155.343380627455,0.1982
75485,usgs,08188570,ok,2005-11-24,2019-12-31,5150,0.6561,14,"flags: A=5100; A, e=50",10750.5145052207,10707.010848129024,0.1804
75486,usgs,08188800,ok,2000-08-04,2019-12-31,6899,0.5393,19,"flags: A=6602; A, e=297",26398.3761803431,26231.399581483005,0.1523
75487,usgs,08194000,ok,1950-01-01,2019-12-31,25567,0.0,41,"flags: A=25440; A, e=127",13478.1505384398,13392.828518547456,0.0404
75488,usgs,08200720,ok,2006-07-06,2019-12-31,4925,0.6711,13,"flags: A=4890; A, e=35",418.399424839872,406.628133322752,0.0493
75489,usgs,08206910,ok,1991-11-19,2019-12-31,9901,0.3388,27,"flags: A=8680; A, e=1221",14209.9167321436,14219.03472574464,0.0116
75490,usgs,08207000,ok,1950-01-01,1981-03-23,11405,0.9457,2,flags: A=11405,14118.2238281197,14221.624713854975,0.0397
75491,usgs,08210000,ok,1950-01-01,2019-12-31,25567,0.0,41,"flags: A=25521; A, e=46",40081.575101954,39955.74657815347,0.0397
75492,usgs,08210400,ok,1972-04-01,2019-12-31,12702,0.3165,27,"flags: A=12689; A, e=13",413.25085231553,401.44815710208,0.007
75493,usgs,08211000,ok,1950-01-01,2019-12-31,25567,0.0,41,"flags: A=25520; A, e=47",42912.9804069429,42742.57378487501,0.0347
75494,usgs,08211500,ok,1989-10-01,2019-12-31,11011,0.2647,30,"flags: A=10995; A, e=16",43443.9221806985,43211.36163284582,0.0204
75495,usgs,08212400,ok,1967-01-01,2019-12-31,13698,0.378,24,"flags: A=13232; A, e=466",1255.75688742853,1243.19429296128,0.0097
75496,usgs,08329882,ok,2000-09-30,2011-06-30,3239,0.7837,5,"flags: A=3000; A, e=239 | AREA MISMATCH polygon/national=4.19",90.1318729568009,21.4969013157888,0.013
75497,usgs,08330600,ok,1982-09-30,2019-09-29,10970,0.2674,17,"flags: A=10167; A, R=450; A, e=353",354.023205068108,331.518478123008,0.0045
75498,usgs,08354000,ok,1950-01-01,1984-09-29,12691,0.8598,5,flags: A=12691,3620.45417403755,3574.1835922636797,0.01
75499,usgs,08365600,ok,1957-10-01,1977-09-29,7304,1.0,0,flags: A=7304 | AREA MISMATCH polygon/national=0.756,4.50455503256911,5.956972653772799,0.0054
75500,usgs,08376300,ok,2006-10-01,2017-10-31,4049,0.7296,11,"flags: A=3841; A, e=208",577.045567433283,505.04768151552,0.0029
75501,usgs,08382500,ok,1951-01-01,2019-12-31,25202,0.0,41,"flags: A=23939; A, e=1198; A, R=65",1613.33809623615,1579.8927473049598,0.0259
75502,usgs,08382600,ok,1976-01-01,2019-12-31,16070,0.0001,41,"flags: A=14379; A, e=1092; A, R=599",5989.03939191623,6034.67229708288,0.0352
75503,usgs,08382650,ok,1976-02-28,2019-12-31,16013,0.0,41,"flags: A=14645; A, e=1368",6061.33308144815,6060.572178186239,0.0418
75504,usgs,08382730,ok,1973-07-26,1997-09-30,8833,0.5427,18,"flags: A=8605; A, e=228",177.549831889294,169.90322003804158,0.028
75505,usgs,08382830,ok,1980-01-17,2019-12-31,14594,0.0254,40,"flags: A=10991; A, e=3603",6442.15501744312,6293.671108116479,0.0342
75506,usgs,08383000,ok,1950-01-01,1992-09-29,15613,0.6647,13,"flags: A=15573; A, e=40",6648.06827278837,6863.4684923904,0.0369
75507,usgs,08383500,ok,1950-01-01,2019-12-31,25567,0.0,41,"flags: A=25338; A, e=229",10066.9277650365,10282.25279803392,0.0439
75508,usgs,08384500,ok,1950-01-01,2019-12-31,25567,0.0,41,"flags: A=25382; A, e=185",11252.1406702324,11370.04780437504,0.037
75509,usgs,08385522,ok,1992-08-12,2019-12-31,9637,0.3565,25,"flags: A=9235; A, e=402",15361.0365329083,15301.649755865086,0.0217
75510,usgs,08385630,ok,1993-08-20,2019-12-31,9075,0.394,24,"flags: A=8184; A, e=891",17082.5535210306,17215.650969403392,0.0179
75511,usgs,08386000,ok,1950-01-01,2019-12-31,25567,0.0,41,"flags: A=25040; A, e=527",26939.4130051634,29474.06469562368,0.0133
75512,usgs,08394024,ok,2003-10-24,2019-12-31,5740,0.6167,16,"flags: A=5207; A, e=533",32312.8195563205,37995.125578629115,0.0091
75513,usgs,08394033,ok,2003-10-24,2019-12-31,5736,0.617,16,"flags: A=5024; A, e=712",32550.4981381245,38153.11485335961,0.0101
75514,usgs,08395500,ok,1950-01-01,2019-12-31,25567,0.0,41,"flags: A=24561; A, e=1006",38432.1817150754,38228.22450855936,0.0113
75515,usgs,08396500,ok,1950-01-01,2019-12-31,25567,0.0,41,"flags: A=24866; A, e=701",39740.9546972282,39626.8180881408,0.0106
75516,usgs,08398500,ok,1951-04-01,2019-12-31,25016,0.0064,40,"flags: A=24658; A, e=358",2765.30421186938,2745.38739695616,0.0031
75517,usgs,08400000,ok,1951-10-01,2019-12-31,24818,0.0073,40,"flags: A=24237; A, e=370; A, R=211",905.143222418667,867.64601696256,0.0072
75518,usgs,08401200,ok,1963-10-01,2019-12-31,19795,0.0502,38,"flags: A=17486; A, R=2002; A, e=307",567.417072111792,569.79738427392,0.0127
75519,usgs,08401900,ok,1963-10-01,2019-12-31,20546,0.0,41,"flags: A=20294; A, e=252",752.8175831056,738.14661144576,0.0187
75520,usgs,08405105,ok,2002-02-03,2019-12-31,6541,0.5632,18,"flags: A=6334; A, e=207",843.015197282513,846.9261120798719,0.0143
75521,usgs,08405150,ok,1973-01-01,2019-12-31,17166,0.0,41,"flags: A=16756; A, e=410",1158.49109132235,1168.084637761536,0.0105
75522,usgs,08431700,ok,1965-10-01,2007-09-29,9129,0.7136,10,"flags: A=9074; A, e=55",136.158343260263,135.7153769816064,0.0575
75523,usgs,08433000,ok,1975-10-01,2019-12-31,8823,0.4902,19,"flags: A=8706; A, e=117",1461.53265634055,1585.072723525632,0.0045
75524,usgs,08446500,ok,1950-01-01,2019-12-31,25567,0.0,41,"flags: A=25377; A, e=190",85594.9221633038,96606.5565155328,0.0009
75525,usgs,08477000,ok,1950-01-01,1976-09-29,9769,1.0,0,flags: A=9769,396.939827174332,393.678192771072,0.0684
75526,usgs,09312600,ok,1967-05-19,2019-12-31,19220,0.0,41,"flags: A=14227; A, e=4993 | AREA MISMATCH polygon/national=3.56",697.566260125219,195.8031011414016,0.0885
75527,usgs,09334500,ok,1950-10-01,1970-09-29,7304,1.0,0,flags: A=7304 | AREA MISMATCH polygon/national=0.000906,0.647504322258051,714.8367184527359,19.2792
75528,usgs,09371000,ok,1951-04-01,2019-12-31,25112,0.0,41,"flags: A=23376; A, e=1736 | AREA MISMATCH polygon/national=0.000611",0.832235074452054,1362.333746036736,126.0297
75529,usgs,09383100,ok,1985-09-28,2002-01-16,4445,0.7032,11,"flags: A=4075; A, e=370 | AREA MISMATCH polygon/national=4.01e-07",0.118599359128897,295963.12134431535,284974.0791
75530,usgs,09398000,ok,1950-01-01,2006-12-31,8829,0.9652,1,"flags: A=8823; A, e=6",2065.05587114443,2033.14066661376,0.0547
75531,usgs,09398500,ok,1950-01-01,1993-10-13,15322,0.6841,13,"flags: A=15192; A, e=130",806.892312969463,821.0262309765119,0.2441
75532,usgs,09399000,ok,1950-01-01,2006-09-29,12489,0.8733,4,flags: A=12489,1545.08177672768,1608.3826165186558,0.1241
75533,usgs,09399400,ok,1969-10-01,2019-12-31,6038,0.67,13,"flags: A=6017; A, e=21",677.432977098834,764.04649254912,0.0096
75534,usgs,09400562,ok,1995-07-26,2013-12-25,6727,0.5508,18,"flags: A=6547; A, e=180",1735.97029891626,1644.64245006336,0.0046
75535,usgs,09400568,ok,1994-04-21,2019-12-31,9386,0.3732,25,"flags: A=8292; A, e=1080; A, <=14",2383.80413664653,2343.93923985408,0.0043
75536,usgs,09401110,ok,1993-06-09,2019-12-31,9702,0.3521,26,"flags: A=8949; A, e=753 | AREA MISMATCH polygon/national=0.0114",13.9396837570981,1225.064376188928,0.69
75537,usgs,09402000,ok,1950-01-01,2019-12-31,25567,0.0,41,"flags: A=24334; A, e=1233",66461.8324618273,68528.49541138022,0.0075
75538,usgs,09403000,ok,1950-01-01,1993-04-12,9720,0.9423,2,"flags: A=9716; A, e=4 | AREA MISMATCH polygon/national=0.00433",1.13382265470538,261.588799143936,66.7525
75539,usgs,09404110,ok,1995-09-01,2019-12-31,8888,0.4065,24,"flags: A=7721; A, e=1167",7401.95588928231,7275.276601933823,0.0218
75540,usgs,09404208,ok,1993-05-12,2019-12-31,9730,0.3503,26,"flags: A=8043; A, e=1687",731.553790700529,722.606682783744,0.0181
75541,usgs,09404222,ok,1998-03-26,2019-12-31,7948,0.4692,21,"flags: A=6657; A, e=1291",650.644372579197,668.2169324666879,0.0179
75542,usgs,09404343,ok,1993-09-30,2019-12-31,9589,0.3597,26,"flags: A=9082; A, e=507",963.245367159008,984.9724783607808,0.0036
75543,usgs,09406000,ok,1950-01-01,2019-12-31,23014,0.0,41,"flags: A=22608; A, e=404; A, <=2 | AREA MISMATCH polygon/national=4.73e-05",0.117062419081096,2476.028633481216,3738.786
75544,usgs,09409880,ok,1969-08-01,2013-11-24,16187,0.1488,35,"flags: A=15474; A, e=711; A, <=2",697.566260125219,701.886777901056,0.088
75545,usgs,09410000,ok,1950-01-01,1971-10-14,7957,1.0,0,flags: A=7957,858.139995326712,875.4159812935679,0.0552
75546,usgs,09410100,ok,1971-11-24,2019-12-31,12829,0.3166,27,"flags: A=12199; A, e=630",969.085874579352,979.015505707008,0.0492
75547,usgs,09413000,ok,1950-10-01,2019-12-31,15017,0.1435,35,"flags: A=14512; A, e=505",1381.43387726275,1401.1835676917758,0.0277
75548,usgs,09413200,ok,1977-09-16,2019-12-31,15447,0.0,41,"flags: A=14396; A, e=1051 | AREA MISMATCH polygon/national=1.18e-05",0.117270318068762,9979.224189124609,4309.018
75549,usgs,09413500,ok,1950-10-01,2019-12-31,12603,0.3109,28,"flags: A=11430; A, e=1169; A, >=2; A, <=2",10363.2962701127,10678.520978915329,0.0428
75550,usgs,09413700,ok,1998-06-23,2019-12-31,7862,0.475,21,"flags: A=6917; A, e=925; A, R=20",10868.1736900838,11434.79750713344,0.0318
75551,usgs,09413900,ok,1991-10-01,2019-12-31,10319,0.3109,28,"flags: A=9477; A, e=663; A, R=178; A, <=1 | AREA MISMATCH polygon/national=0.00249",0.373304491245656,150.219310399488,52.2171
75552,usgs,09414900,ok,1993-02-06,2017-09-30,8521,0.431,21,"flags: A=6536; A, e=1985",1518.24928683029,1489.2431634431998,0.0095
75553,usgs,09415000,ok,1950-01-01,2019-12-31,25567,0.0,41,"flags: A=24731; A, e=836",12665.723294721,13183.03948161024,0.0445
75554,usgs,09415250,ok,2006-04-21,2019-05-02,4760,0.6821,12,"flags: A=3690; A, e=1070",15366.0720369586,15356.039506182144,0.0235
75555,usgs,09418300,ok,1958-06-01,1984-09-30,9619,0.8598,5,flags: A=9619 | AREA MISMATCH polygon/national=0.679,79.1653584432828,116.54946496512,0.0607
75556,usgs,09419507,ok,1997-10-01,2017-10-02,6985,0.5336,16,"flags: A=6532; A, e=453 | AREA MISMATCH polygon/national=7.02e-05",1.26241447369365,17974.517485731838,41.1705
75557,usgs,09419674,ok,1992-02-01,2005-07-26,4925,0.6711,13,"flags: A=4671; A, e=254",293.37432275847,260.4751042564915,0.0051
75558,usgs,09419696,ok,2001-01-26,2019-12-31,6733,0.5504,18,"flags: A=5584; A, e=1149 | AREA MISMATCH polygon/national=0.000683",0.407102587803263,595.69726537728,61.7622
75559,usgs,09419700,ok,1984-10-01,2019-12-31,8492,0.4329,22,"flags: A=7879; A, e=611; A, R=2 | AREA MISMATCH polygon/national=0.706",3883.56840779306,5503.724734464,0.1684
75560,usgs,09419753,ok,1988-05-23,2019-12-31,9226,0.3839,24,"flags: A=8572; A, e=654 | AREA MISMATCH polygon/national=7.12e-05",0.40180252347752,5646.17408053248,1575.3377
75561,usgs,09419800,ok,1969-08-01,2019-12-31,11933,0.4329,22,"flags: A=11747; A, e=145; A, R=41 | AREA MISMATCH polygon/national=0.698",3964.32586640011,5679.843925966848,0.1225
75562,usgs,09432000,ok,1950-01-01,2019-12-31,25414,0.0102,40,"flags: A=24571; A, e=843 | AREA MISMATCH polygon/national=2.98e-05",0.247515955879933,8295.731917406207,2145.9438
75563,usgs,09442000,ok,1950-01-01,2019-12-31,23376,0.1463,34,"flags: A=22370; A, e=1006",10331.6940913826,10385.85232244736,0.0425
75564,usgs,09444200,ok,1967-11-07,2019-12-31,12474,0.439,22,"flags: A=12255; A, e=219 | AREA MISMATCH polygon/national=0.000187",0.245701182966608,1310.5339838300158,587.5571
75565,usgs,09448500,ok,1950-01-01,2019-12-31,25567,0.0,41,"flags: A=25177; A, e=390",20434.6150993903,20348.96678552568,0.0559
75566,usgs,09457000,ok,1950-01-01,1982-09-29,11960,0.9086,3,flags: A=11960 | AREA MISMATCH polygon/national=4.34e-05,0.246366590815613,5677.253937856512,109.3009
75567,usgs,09466500,ok,1950-01-01,2019-12-31,25567,0.0,41,"flags: A=24346; A, e=1221 | AREA MISMATCH polygon/national=1.62e-05",0.482712685826266,29707.16362555392,1895.0685
75568,usgs,09468500,ok,1950-01-01,2019-12-31,25369,0.0132,39,"flags: A=23502; A, e=1867",2671.32316742562,2657.327801204736,0.0516
75569,usgs,09469500,ok,1950-01-01,2019-12-31,25567,0.0,41,"flags: A=24712; A, e=855",33585.3456305592,33374.5867897897,0.0256
75570,usgs,09470000,ok,1950-01-01,2004-07-01,15458,0.6751,10,"flags: A=15383; A, e=75",34612.9692708227,34363.96224793805,0.0298
75571,usgs,09470700,ok,2001-02-09,2019-12-31,6900,0.5392,19,"flags: A=6693; A, e=202; A, >=3; A, <=2",27.441100849651,22.63649608433664,0.0692
75572,usgs,09470750,ok,2000-05-01,2019-12-31,7184,0.5203,19,"flags: A=6676; A, e=476; A, >=28; A, <=4",11.24589092881,10.64485113348096,0.1197
75573,usgs,09470800,ok,1959-10-01,2019-12-31,11627,0.3638,26,"flags: A=10947; A, e=648; A, >=32 | AREA MISMATCH polygon/national=0.0285",0.618086977696013,21.70410036461568,5.1796
75574,usgs,09471310,ok,2000-05-12,2019-12-31,7169,0.5213,19,"flags: A=6254; A, e=898; A, <=13; A, R=4",10.1324223272274,10.54125160906752,0.0644
75575,usgs,09471380,ok,2000-07-09,2019-12-31,7115,0.5249,19,"flags: A=6560; A, e=555",392.306466160406,408.4411249999871,0.0212
75576,usgs,09471400,ok,2000-03-18,2019-12-31,7228,0.5173,19,"flags: A=6913; A, e=308; A, <=7",686.343393020109,792.536361762816,0.0065
75577,usgs,09481500,ok,1950-01-01,1972-09-29,8308,1.0,0,flags: A=8308 | AREA MISMATCH polygon/national=0.000462,0.249898715401999,541.307515060224,89.2067
75578,usgs,09484550,ok,2001-08-18,2019-12-31,6710,0.5519,18,"flags: A=6436; A, e=274",498.834080814315,512.817645846528,0.0082
75579,usgs,09485000,ok,1952-10-01,2019-12-31,19426,0.2393,30,"flags: A=18866; A, e=559; A, >=1",118.601606349093,116.03146734305278,0.115
75580,usgs,09485450,ok,1998-07-18,2019-12-31,7472,0.501,19,"flags: A=7005; A, e=465; A, >=2",1528.69581690689,1551.4028780912638,0.005
75581,usgs,09485850,ok,1950-01-01,1975-09-29,9403,1.0,0,flags: A=9403,2291.42971363083,2310.2693944197117,0.0129
75582,usgs,09486055,ok,1990-07-07,2019-12-31,8925,0.404,24,"flags: A=7731; A, e=1194 | AREA MISMATCH polygon/national=0.00126",3.00145209963895,2387.969037729792,18.6673
75583,usgs,09486350,ok,1992-08-07,2019-12-31,8867,0.4079,24,"flags: A=8499; A, e=368",680.192089931941,660.44696813568,0.0073
75584,usgs,09486800,ok,1966-01-11,2019-12-31,13650,0.3255,27,"flags: A=13201; A, e=449",1172.89820088782,1199.164495085568,0.01
75585,usgs,09487000,ok,1990-12-14,2019-12-31,10099,0.3256,27,"flags: A=8636; A, e=1463",2019.38764999627,2009.830773620736,0.0043
75586,usgs,09488500,ok,1954-10-01,1980-09-29,9496,0.9574,1,flags: A=9496,4621.1550033933,4615.3588126187515,0.0057
75587,usgs,09496000,ok,1951-09-11,2005-09-29,9515,0.9513,1,"flags: A=9003; A, e=512 | AREA MISMATCH polygon/national=0.00135",0.711886079585399,525.767586398208,80.9793
75588,usgs,09496500,ok,1951-06-22,2019-12-31,22448,0.0,41,"flags: A=21473; A, e=975",1173.83990976447,1137.004780437504,0.0836
75589,usgs,09497500,ok,1950-01-01,2019-12-31,25567,0.0,41,"flags: A=25374; A, e=193",7305.70333475801,7378.876126347263,0.207
75590,usgs,09497700,ok,2002-07-05,2005-09-29,1183,0.921,2,"flags: A=1028; A, e=155",76.6328541534326,79.16609457815224,0.5836
75591,usgs,09498400,ok,1980-07-24,2019-12-31,14405,0.0381,39,"flags: A=14117; A, e=288 | AREA MISMATCH polygon/national=0.00299",1.50987094942373,505.04768151552,14.4731
75592,usgs,09498500,ok,1950-01-01,2019-12-31,25567,0.0,41,"flags: A=25496; A, e=71",11073.3783977943,11152.488803106817,0.1767
75593,usgs,094985005,ok,2007-10-31,2019-12-31,4445,0.7032,12,"flags: A=4363; A, e=82",51.0601072547181,43.9002984701952,0.1581
75594,usgs,09498501,ok,1995-10-01,2019-12-31,8858,0.4085,24,"flags: A=8615; A, e=243",109.129385700339,96.6065565155328,0.1152
75595,usgs,09498502,ok,1994-09-30,2019-12-31,8860,0.4083,23,"flags: A=8113; A, e=747",266.597437976637,264.178787254272,0.0965
75596,usgs,09498503,ok,1985-11-16,2019-12-31,11917,0.2042,32,"flags: A=11239; A, e=678",2.33444285506076,2.82308704026624,0.4439
75597,usgs,09499000,ok,1950-01-01,2019-12-31,25567,0.0,41,"flags: A=25482; A, e=85",1893.50172736764,1748.2419744768,0.1952
75598,usgs,09502000,ok,1950-01-01,2019-12-31,24106,0.0976,36,"flags: A=23935; A, e=171 | AREA MISMATCH polygon/national=1.52e-05",0.244976655613974,16140.805903613951,8700.3458
75599,usgs,09502800,ok,1965-03-26,2019-12-31,14218,0.3864,24,"flags: A=13743; A, e=475",654.669027387704,660.44696813568,0.0471
75600,usgs,09502960,ok,1994-11-16,2019-12-31,9177,0.3872,25,"flags: A=8684; A, e=471; A, <=22",76.4706340388242,77.69964331007999,0.2134
75601,usgs,09503000,ok,1994-10-01,2019-12-31,9223,0.3841,25,"flags: A=9134; A, e=89",92.3277686214781,94.0165684051968,0.1998
75602,usgs,09503300,ok,1999-09-16,2019-12-31,7412,0.505,20,"flags: A=7364; A, e=48 | AREA MISMATCH polygon/national=1.57",191.966156885622,122.2474388078592,0.0449
75603,usgs,09504420,ok,1981-10-01,2019-12-31,13971,0.067,38,"flags: A=13716; A, e=255",610.408713689381,603.467229708288,0.3135
75604,usgs,09504500,ok,1950-01-01,2019-12-31,25567,0.0,41,"flags: A=24971; A, e=595; A, <=1",930.344329976719,919.44577916928,0.2178
75605,usgs,09505200,ok,1961-10-01,2019-12-31,19744,0.1023,35,"flags: A=19640; A, e=104",290.431200284963,287.488680247296,0.2528
75606,usgs,09505250,ok,1957-04-15,1978-09-29,7838,1.0,0,flags: A=7838,138.508890135854,124.319429296128,0.1254
75607,usgs,09505300,ok,1957-06-09,1980-09-29,8514,0.9574,1,flags: A=8514,55.698897041432,63.7137075142656,0.3893
75608,usgs,09505800,ok,1964-12-05,2019-12-31,20115,0.0,41,"flags: A=19702; A, e=413",635.224120031553,624.1871345909759,0.2219
75609,usgs,09507980,ok,1961-09-01,2019-12-31,20416,0.0244,39,"flags: A=18943; A, e=1473",873.456068848956,857.286064521216,0.1689
75610,usgs,09510000,ok,1950-01-01,2019-12-31,25567,0.0,41,"flags: A=25225; A, e=342 | AREA MISMATCH polygon/national=0.00167",26.693054855361,15956.916747780097,50.5712
75611,usgs,09510100,ok,1961-07-01,1986-05-31,9101,0.8192,7,flags: A=9101,12.1414731032663,11.62904661540864,0.1886
75612,usgs,09511300,ok,1961-02-13,2019-12-31,20776,0.0487,38,"flags: A=20408; A, e=368",16293.4305983284,17132.77134987264,0.0836
75613,usgs,09512100,ok,1960-10-01,1984-09-30,8763,0.8598,5,flags: A=8763,363.654088990032,360.008347336704,0.0136
75614,usgs,09512200,ok,1960-10-01,1999-09-20,14225,0.4952,20,"flags: A=13941; A, e=284 | AREA MISMATCH polygon/national=0.589",2.67098801954738,4.532479193087999,0.0296
75615,usgs,09512450,ok,2000-01-07,2019-12-31,7299,0.5126,20,"flags: A=6890; A, e=409",460.566815231184,453.2479193088,0.0249
75616,usgs,09513800,ok,1960-10-01,1982-09-29,8034,0.9086,3,flags: A=8034 | AREA MISMATCH polygon/national=0.00279,0.601356805868764,215.7460095909888,56.1894
75617,usgs,09513835,ok,1967-10-01,1993-09-30,7427,0.7785,7,"flags: A=7372; A, e=55",452.22284323205,479.14780041216,0.0748
75618,usgs,09513860,ok,1967-10-01,2019-12-31,19085,0.0,41,"flags: A=18931; A, e=154 | AREA MISMATCH polygon/national=0.0208",3.49459728040321,168.0902283608064,0.9341
75619,usgs,09515500,ok,1950-01-01,1982-09-29,11960,0.9086,3,flags: A=11960,1068.52361346782,1080.025042010112,0.0597
75620,usgs,09520500,ok,1950-01-01,2019-12-31,25567,0.0,41,"flags: A=25400; A, e=167",144951.954606602,149830.8121829376,0.0039
75621,usgs,09535100,ok,1972-02-01,2016-01-26,16066,0.0958,37,"flags: A=15312; A, e=754 | AREA MISMATCH polygon/national=0.0049",7.22492173003417,1473.703234781184,1.2516
75622,usgs,09537200,ok,1969-10-01,2019-12-31,16619,0.0853,37,"flags: A=16302; A, e=303; A, >=10; A, <=4",204.009818025274,204.86805952757757,0.0118
75623,usgs,09537500,ok,1950-01-01,2019-12-31,18257,0.4881,20,"flags: A=18047; A, e=210",3140.39439767219,2649.557836873728,0.0055
75624,usgs,10250800,ok,1962-10-01,1989-09-30,9862,0.7378,10,"flags: A=9644; A, e=218",457.951537313146,448.06794308812795,0.0022
75625,usgs,10251300,ok,1961-10-01,2019-12-31,15316,0.3736,25,"flags: A=14920; A, e=355; A, <=35; A, R=6",7992.99807992377,8003.063260938239,0.0009
75626,usgs,10255700,ok,1958-08-01,1983-09-29,9191,0.8843,4,flags: A=9191,267.496440096056,231.0269394419712,0.0089
75627,usgs,10255800,ok,1950-10-01,1983-09-29,12052,0.8843,4,flags: A=12052 | AREA MISMATCH polygon/national=0.000329,0.122737187277261,372.958287888384,50.4558
75628,usgs,10255810,ok,1950-10-01,2019-12-31,21153,0.2765,28,"flags: A=21014; A, e=139",54.1882885109602,56.4617408053248,0.0425
75629,usgs,10255850,ok,1963-10-01,1983-09-29,7304,0.8843,4,flags: A=7304 | AREA MISMATCH polygon/national=0.00361,0.371655776630329,102.8225279803392,1.2772
75630,usgs,10256000,ok,1950-01-01,1979-09-30,10865,0.9818,0,flags: A=10865,149.461865351446,148.92431634432,0.2872
75631,usgs,10256500,ok,1959-10-01,2019-12-31,22007,0.0,41,"flags: A=21282; A, e=714; A, R=11",23.8298525768472,28.2308704026624,0.7782
75632,usgs,10257500,ok,1994-10-01,2019-12-31,9223,0.3841,25,"flags: A=8749; A, e=473; A, R=1 | AREA MISMATCH polygon/national=1.77",18.9650027378277,10.72255077679104,0.1353
75633,usgs,10257548,ok,1998-10-01,2019-12-31,7715,0.4848,21,"flags: A=7568; A, e=147",697.853666900514,683.7568611287039,0.4601
75634,usgs,10257550,ok,1984-10-01,2019-12-31,12462,0.1678,33,"flags: A=11793; A, e=669",697.853666900514,683.7568611287039,0.4555
75635,usgs,10257600,ok,1967-10-01,2019-12-16,18706,0.0253,39,"flags: A=18005; A, e=701",93.8840209158046,92.2035767279616,0.0657
75636,usgs,10257720,ok,1986-10-01,2019-12-31,12145,0.189,33,"flags: A=11777; A, e=368 | AREA MISMATCH polygon/national=0.02",0.244129671652718,12.19884399968256,6.1688
75637,usgs,10259100,ok,1989-03-30,2019-12-31,11234,0.2498,30,"flags: A=10997; A, e=237",1465.59832072304,1522.913008877568,0.0061
75638,usgs,10260470,ok,2008-10-01,2011-10-14,1109,0.9259,2,"flags: A=1091; A, e=18 | AREA MISMATCH polygon/national=0.596",2.43766437158223,4.09218121433088,2.1093
75639,usgs,10260500,ok,1950-01-01,2019-12-31,25567,0.0,41,"flags: A=23710; A, e=1857",333.458685713529,347.058406785024,0.4744
75640,usgs,10260865,ok,2008-10-01,2013-02-25,1609,0.8926,4,"flags: A=1606; A, e=3 | AREA MISMATCH polygon/national=0.0357",0.239487982500487,6.708069205770239,25.4252
75641,usgs,10260950,ok,1974-10-01,2019-12-31,16528,0.0,41,"flags: A=16015; A, e=507; A, R=6",183.692130111882,182.0761641566208,0.4699
75642,usgs,10261000,ok,1950-01-01,1971-09-30,7943,1.0,0,flags: A=7943 | AREA MISMATCH polygon/national=0.000667,0.12135829662486,182.0761641566208,474.7016
75643,usgs,10261100,ok,1971-10-01,1997-09-30,7304,0.5854,16,"flags: A=6566; A, e=738",531.362836110127,541.307515060224,0.4401
75644,usgs,10261500,ok,1950-01-01,2019-12-31,25567,0.0,41,"flags: A=23513; A, e=2054 | AREA MISMATCH polygon/national=0.000292",0.387306343443631,1328.663900602368,373.2726
75645,usgs,10264000,ok,1950-01-01,2005-09-29,11842,0.8921,3,"flags: A=11841; A, e=1",123.607220664492,126.909417406464,0.3062
75646,usgs,10264600,ok,1957-08-01,1986-09-30,10653,0.811,7,flags: A=10653 | AREA MISMATCH polygon/national=0.0102,0.416350443081796,40.9218121433088,7.422
75647,usgs,10264750,ok,1958-08-01,1979-09-29,7730,0.9818,0,flags: A=7730,87.6700673885754,88.47399384907774,0.0072
75648,usgs,10297500,ok,1957-10-01,2019-12-31,22737,0.0,41,"flags: A=22162; A, e=575 | AREA MISMATCH polygon/national=0.000439",0.565282455865804,1287.224090836992,1091.2685
75649,usgs,10301600,ok,1977-06-13,2019-12-31,11280,0.2846,28,"flags: A=10769; A, e=510; A, [4]=1 | AREA MISMATCH polygon/national=0.00747",52.2400798882907,6992.9678979072,7.0738
75650,usgs,10301745,ok,1995-04-19,2019-12-31,7755,0.4821,20,"flags: A=7458; A, e=296; A, [4]=1 | AREA MISMATCH polygon/national=3.18e-05",0.228406801688587,7182.037029961728,1748.242
75651,usgs,10309000,ok,1950-01-01,2019-12-31,25567,0.0,41,"flags: A=24333; A, e=1234 | AREA MISMATCH polygon/national=0.000124",0.114468473583425,922.035767279616,7920.2243
75652,usgs,10311000,ok,1950-01-01,2019-12-31,25567,0.0,41,"flags: A=25127; A, e=440 | AREA MISMATCH polygon/national=9.94e-05",0.228080395850667,2294.729465757696,4375.9329
75653,usgs,10311300,ok,1985-01-01,2019-12-31,12783,0.1464,35,"flags: A=11838; A, e=945 | AREA MISMATCH polygon/national=0.00128",0.11395224477272,89.0955909955584,81.5385
75654,usgs,10311400,ok,1979-04-20,2019-12-31,13101,0.1251,34,"flags: A=12624; A, e=477 | AREA MISMATCH polygon/national=0.000613",1.52141324185876,2481.208609701888,692.8573
75655,usgs,10312000,ok,1950-01-01,2019-12-31,25567,0.0,41,"flags: A=24908; A, e=659 | AREA MISMATCH polygon/national=0.000886",2.98846020657499,3372.164519657472,314.6921
75656,usgs,10336730,ok,1971-10-01,2019-12-31,13195,0.2164,32,"flags: A=12602; A, e=590; A, >=3 | AREA MISMATCH polygon/national=1.33",14.1336293274167,10.64485113348096,0.2987
75657,usgs,10336740,ok,1983-10-01,2011-09-29,10226,0.3171,27,"flags: A=9496; A, e=730 | AREA MISMATCH polygon/national=0.0831",0.449561341934774,5.413075150602239,3.0158
75658,usgs,10336760,ok,1992-10-01,2012-09-29,7304,0.5123,19,"flags: A=6927; A, e=377 | AREA MISMATCH polygon/national=0.00786",0.114276938040351,14.52983329898496,95.3582
75659,usgs,10347310,ok,1992-11-05,2019-12-31,7899,0.4725,20,"flags: A=7373; A, e=478; A, R=48 | AREA MISMATCH polygon/national=0.00361",0.226078559885341,62.677712270131195,104.0126
75660,usgs,10347460,ok,1993-02-19,2019-12-31,9446,0.3692,25,"flags: A=9171; A, e=275 | AREA MISMATCH polygon/national=0.000143",0.383667649942659,2680.6376941977596,4419.9596
75661,usgs,10347600,ok,1961-10-01,2019-12-31,11413,0.5122,19,"flags: A=11022; A, e=318; A, R=73 | AREA MISMATCH polygon/national=0.00381",0.113414665082814,29.784863268863997,210.218
75662,usgs,10349300,ok,1961-10-01,2019-12-31,21276,0.0,41,"flags: A=20557; A, R=372; A, e=347 | AREA MISMATCH polygon/national=0.00176",0.560090364430789,318.56853757132797,81.1667
75663,usgs,11012000,ok,1950-01-01,2007-09-30,21092,0.2988,28,"flags: A=20928; A, e=164 | AREA MISMATCH polygon/national=0.00458",3.67464781698751,802.8963142041599,10.0986
75664,usgs,11014000,ok,1950-01-01,2019-12-31,23097,0.1646,34,"flags: A=22569; A, e=528 | AREA MISMATCH polygon/national=0.00231",0.418772315319942,181.5581665345536,61.6318
75665,usgs,11015000,ok,1956-10-01,2019-12-31,23102,0.0,41,"flags: A=22984; A, e=118",120.167913239392,117.5854602092544,0.1688
75666,usgs,11016200,ok,2005-10-01,2019-12-31,5205,0.6524,14,"flags: A=5185; A, e=20",360.870523208443,339.288442454016,0.0544
75667,usgs,11022200,ok,1983-10-01,2019-12-31,13241,0.1158,36,"flags: A=12698; A, e=543",33.0784735131361,31.597854946099197,0.128
75668,usgs,11022480,ok,1950-01-01,2019-12-31,25567,0.0,41,"flags: A=25245; A, e=322",957.734283816765,953.115624603648,0.0475
75669,usgs,11022500,ok,1950-01-01,1982-09-29,11960,0.9086,3,flags: A=11960 | AREA MISMATCH polygon/national=0.00269,2.62778165399277,976.425517596672,14.6721
75670,usgs,11023000,ok,1982-01-18,2019-12-31,13862,0.0743,38,"flags: A=13742; A, e=120 | AREA MISMATCH polygon/national=0.000222",0.246450559169787,1111.104899334144,355.0867
75671,usgs,11023330,ok,1969-11-22,1993-09-29,8679,0.6403,14,"flags: A=8427; A, e=252 | AREA MISMATCH polygon/national=0.00681",0.550019475302299,80.8076290424832,30.8271
75672,usgs,11023340,ok,1964-10-01,2019-12-31,20180,0.0,41,"flags: A=19956; A, e=224",115.268449859001,109.0384994451456,0.2324
75673,usgs,11025500,ok,1950-01-01,2019-12-31,25567,0.0,41,"flags: A=25044; A, e=523 | AREA MISMATCH polygon/national=0.00252",0.7300751725034,290.07866835763195,33.061
75674,usgs,11026000,ok,1956-10-01,1980-02-29,8552,0.9716,1,flags: A=8552 | AREA MISMATCH polygon/national=0.000741,0.245558477247078,331.518478123008,105.178
75675,usgs,11027000,ok,1950-01-01,2019-12-31,17258,0.5549,18,"flags: A=17053; A, e=205 | AREA MISMATCH polygon/national=0.00421",0.245476996879641,58.27473248256,26.5002
75676,usgs,11028500,ok,1950-01-01,2019-12-31,25567,0.0,41,"flags: A=25389; A, e=178",147.586230497426,149.1833151553536,0.0971
75677,usgs,11031500,ok,1961-02-01,1987-09-29,9737,0.7867,8,flags: A=9737 | AREA MISMATCH polygon/national=0.00845,0.415700383516953,49.209774096383995,15.6187
75678,usgs,11033000,ok,1956-10-01,1986-09-29,10836,0.8111,7,flags: A=10836,66.6738305702187,66.044696813568,0.3536
75679,usgs,11040000,ok,1950-01-01,1986-09-29,13421,0.8111,7,flags: A=13421,966.194864562897,966.065565155328,0.0471
75680,usgs,11041000,ok,1950-01-01,1979-09-30,10865,0.9818,0,flags: A=10865,1352.6256115964,1328.663900602368,0.0288
75681,usgs,11042000,ok,1950-01-01,2019-12-31,25078,0.0327,38,"flags: A=24544; A, e=534",1463.19957040377,1442.623377457152,0.058
75682,usgs,11042400,ok,1957-08-01,2019-12-31,22434,0.0243,39,"flags: A=21974; A, e=460",335.34405942358,339.288442454016,0.0516
75683,usgs,11042631,ok,1987-10-01,2019-12-31,11714,0.2178,31,"flags: A=11482; A, e=232",38.3415895601733,33.9288442454016,0.0342
75684,usgs,11042700,ok,1997-10-01,2019-12-31,7421,0.5044,19,"flags: A=7007; A, e=414 | AREA MISMATCH polygon/national=0.0119",0.923363676733514,77.69964331007999,11.4629
75685,usgs,11042800,ok,1987-10-01,2019-12-31,11561,0.228,31,"flags: A=11476; A, e=85",137.683280782932,143.4853413126144,0.0706
75686,usgs,11042900,ok,1987-10-01,2019-12-31,11414,0.2378,30,"flags: A=11163; A, e=251 | AREA MISMATCH polygon/national=0.000524",0.122525099162973,233.6169275523072,66.9554
75687,usgs,11043000,ok,1950-01-01,2019-12-31,25567,0.0,41,"flags: A=23062; A, e=2505",552.534480382873,574.977360494592,0.0655
75688,usgs,11044000,ok,1950-01-01,2019-12-31,25567,0.0,41,"flags: A=25050; A, e=517 | AREA MISMATCH polygon/national=8.05e-05",0.122593268923546,1522.913008877568,423.3705
75689,usgs,11044250,ok,1989-11-01,2019-12-31,11018,0.2642,30,"flags: A=10718; A, e=300 | AREA MISMATCH polygon/national=0.192",5.13232809200202,26.6768775364608,1.4579
75690,usgs,11044300,ok,1989-10-01,2019-12-31,11049,0.2622,30,"flags: A=10255; A, e=794",1620.4919918416,1605.7926284083198,0.0577
75691,usgs,11044350,ok,1989-10-01,2019-12-31,11049,0.2622,30,"flags: A=10580; A, e=469",51.3458486164233,54.6487491280896,0.4018
75692,usgs,11044500,ok,1950-01-01,1980-09-29,11230,0.9574,1,flags: A=11230 | AREA MISMATCH polygon/national=7.36e-05,0.122701897636877,1667.9523430563838,442.7509
75693,usgs,11044800,ok,1992-10-01,2019-12-31,9953,0.3354,27,"flags: A=8879; A, e=1074",85.256448377989,85.46960764108799,0.2776
75694,usgs,11045300,ok,1993-10-01,2019-12-31,9588,0.3597,26,"flags: A=9373; A, e=215 | AREA MISMATCH polygon/national=0.0068",0.122778329075757,18.052217129041917,26.157
75695,usgs,11046000,ok,1950-01-01,2019-12-31,24619,0.0633,38,"flags: A=23894; A, e=723; A, R=2 | AREA MISMATCH polygon/national=0.000196",0.367740233056236,1872.561403772928,285.2848
75696,usgs,11046090,ok,1998-10-01,2014-10-06,5850,0.6093,15,"flags: A=5722; A, e=128 | AREA MISMATCH polygon/national=1.42",57.3121692598464,40.4038145212416,0.057
75697,usgs,11046100,ok,1951-10-01,2019-12-31,19082,0.3416,26,"flags: A=18910; A, e=172 | AREA MISMATCH polygon/national=0.00896",0.605678075537979,67.5986896797696,6.2937
75698,usgs,11046300,ok,1952-10-01,2019-12-31,15065,0.3597,26,"flags: A=15034; A, e=31 | AREA MISMATCH polygon/national=0.00528",1.10573896492758,209.2710393151488,24.6025
75699,usgs,11046500,ok,1950-01-01,1969-09-29,7212,1.0,0,flags: A=7212 | AREA MISMATCH polygon/national=0.000446,0.122532150133774,274.53873969561596,262.0023
75700,usgs,11046530,ok,1985-10-01,2019-12-31,12510,0.1646,34,"flags: A=11949; A, e=561 | AREA MISMATCH polygon/national=0.000434",0.122555019450919,282.30870402662396,361.4135
75701,usgs,11047000,ok,1950-01-01,1981-09-30,8947,0.9512,1,flags: A=8947,95.7144463630221,92.4625755389952,0.1559
75702,usgs,11047300,ok,1972-10-01,2019-12-31,12875,0.2621,29,"flags: A=12630; A, e=245",150.150996928147,140.1183567691776,0.2612
75703,usgs,11047500,ok,1950-01-01,1980-09-29,11230,0.9574,1,flags: A=11230 | AREA MISMATCH polygon/national=1.56,32.0414711392132,20.48680595275776,0.0703
75704,usgs,11048200,ok,2002-07-01,2019-12-31,6393,0.5731,17,"flags: A=6247; A, e=146 | AREA MISMATCH polygon/national=0.065",0.479949845744981,7.3814661144576,0.5096
75705,usgs,11048500,ok,1950-01-01,1985-09-29,13056,0.8355,6,flags: A=13056 | AREA MISMATCH polygon/national=0.00497,0.53858923289108,108.26150301204478,29.8747
75706,usgs,11048553,ok,2001-07-01,2014-03-30,4656,0.6891,12,"flags: A=4592; A, e=64 | AREA MISMATCH polygon/national=0.00669",0.122337017831698,18.285316058972157,20.722
75707,usgs,11048600,ok,2001-07-01,2019-12-31,6758,0.5487,18,"flags: A=6638; A, e=120",12.5841606772262,13.96003591471104,0.375
75708,usgs,11051499,ok,1994-10-01,2019-12-31,9223,0.3841,25,"flags: A=8909; A, e=314 | AREA MISMATCH polygon/national=0.000774",0.421036328832765,543.89750317056,159.5528
75709,usgs,11051500,ok,1950-01-01,2019-12-31,25567,0.0,41,"flags: A=24945; A, e=622 | AREA MISMATCH polygon/national=0.000774",0.421036328832765,543.89750317056,199.2238
75710,usgs,11054000,ok,1950-01-01,1986-09-29,13421,0.8111,7,"flags: A=13420; A, e=1 | AREA MISMATCH polygon/national=0.00111",0.121718912139713,109.8154958782464,349.4015
75711,usgs,11055800,ok,1950-01-01,2019-12-31,25567,0.0,41,"flags: A=24864; A, e=703 | AREA MISMATCH polygon/national=0.0218",1.10886345201433,50.7637669625856,22.5457
75712,usgs,11056500,ok,1950-01-01,1985-09-29,13056,0.8355,6,flags: A=13056 | AREA MISMATCH polygon/national=0.133,0.600540185280189,4.506579311984639,2.7911
75713,usgs,11057000,ok,1950-01-01,1979-04-07,8862,0.9935,0,flags: A=8862,311.746985399443,305.618597019648,0.0081
75714,usgs,11058000,ok,2008-04-11,2019-12-31,3927,0.7378,9,"flags: A=2830; A, e=1097",8.53228558909471,8.028963142041599,0.1534
75715,usgs,11058500,ok,1950-01-01,2019-12-31,25240,0.0218,40,"flags: A=24128; A, e=1112 | AREA MISMATCH polygon/national=1.8",40.9701655627204,22.7918953709568,0.2975
75716,usgs,11058600,ok,1950-01-01,2019-12-31,17531,0.5366,18,"flags: A=17365; A, e=166",13.1330096989774,12.48374269181952,0.4889
75717,usgs,11059300,ok,1950-01-01,2019-12-31,21183,0.0,41,"flags: A=18906; A, e=2277 | AREA MISMATCH polygon/national=8.69e-05",0.121754846352701,1401.1835676917758,1353.6759
75718,usgs,11060400,ok,1964-03-01,2019-12-31,19663,0.0,41,"flags: A=19502; A, e=161 | AREA MISMATCH polygon/national=0.00427",0.121736882143207,28.489869213695997,177.1948
75719,usgs,11062000,ok,1950-01-01,2019-12-31,25567,0.0,41,"flags: A=23604; A, e=1963",116.379277312844,120.6934459416576,0.4865
75720,usgs,11062001,ok,1950-01-01,2019-12-31,25202,0.0244,39,"flags: A=23221; A, e=1981",116.379277312844,,0.8368
75721,usgs,11063000,ok,1950-01-01,1982-09-30,9768,0.9086,3,flags: A=9768,114.673256961387,105.1535172796416,0.2569
75722,usgs,11063500,ok,1950-01-01,2008-09-29,21457,0.2745,29,"flags: A=20892; A, e=565 | AREA MISMATCH polygon/national=4",156.616986563874,39.108820466073595,0.0322
75723,usgs,11063510,ok,1971-10-01,2019-12-31,15432,0.1158,36,"flags: A=14267; A, e=1165",157.673693393245,146.334328233984,0.1553
75724,usgs,11063680,ok,1950-01-01,2019-12-31,25567,0.0,41,"flags: A=25014; A, e=553",17.4345325948422,14.21903472574464,0.4129
75725,usgs,11065000,ok,1957-10-01,2019-12-31,22473,0.0176,40,"flags: A=21282; A, e=1191 | AREA MISMATCH polygon/national=0.000855",0.411888170823821,481.737788522496,42.2684
75726,usgs,11066460,ok,1970-03-09,2019-12-31,18195,0.0,41,"flags: A=16830; A, e=1365",2121.42002424356,2206.669870006272,0.1477
75727,usgs,11066500,ok,1950-01-01,1973-09-29,8673,1.0,0,flags: A=8673 | AREA MISMATCH polygon/national=0.00129,2.8530797604575,2209.259858116608,60.1052
75728,usgs,11067000,ok,1950-01-01,1972-09-30,8309,1.0,0,flags: A=8309,14.7531421818172,11.810345783132158,0.62
75729,usgs,11069500,ok,1950-01-01,2019-12-31,23740,0.122,35,"flags: A=22959; A, e=781",366.16165475756,367.778311667712,0.1075
75730,usgs,11070000,ok,1950-01-01,1969-09-29,7212,1.0,0,flags: A=7212,116.189887057933,102.5635291693056,0.0133
75731,usgs,11070210,ok,2000-08-23,2019-12-31,7070,0.5279,19,"flags: A=7006; A, e=64",1057.20163321438,945.34566027264,0.0003
75732,usgs,11070365,ok,2000-08-25,2019-12-31,7068,0.528,19,"flags: A=6993; A, e=75",1416.73818287235,1450.39334178816,0.0145
75733,usgs,11070375,ok,1951-10-01,1984-09-29,11869,0.8721,4,flags: A=11869 | AREA MISMATCH polygon/national=8.4e-05,0.122223203853005,1455.5733180088318,359.5611
75734,usgs,11070500,ok,1950-01-01,2019-12-31,25567,0.0,41,"flags: A=25499; A, e=68",1875.89159512748,1872.561403772928,0.02
75735,usgs,11072100,ok,1980-10-01,2019-12-31,13903,0.0716,37,"flags: A=13497; A, e=304; A, R=102 | AREA MISMATCH polygon/national=0.000419",0.2433005915011,580.1573367152639,234.6963
75736,usgs,11073000,ok,1950-01-01,1972-09-30,8309,1.0,0,flags: A=8309 | AREA MISMATCH polygon/national=0.0135,0.599202666683641,44.2887966867456,41.4264
75737,usgs,11073001,ok,1950-01-01,1972-09-29,8308,1.0,0,flags: A=8308,0.599202666683641,,80.6375
75738,usgs,11073300,ok,1998-12-19,2019-12-31,7683,0.4869,21,"flags: A=7264; A, e=419 | AREA MISMATCH polygon/national=0.238",22.5688547912929,94.7935648382976,0.9326
75739,usgs,11073360,ok,1969-10-01,2019-12-31,18354,0.0,41,"flags: A=18287; A, e=67 | AREA MISMATCH polygon/national=0.474",60.026423401653,126.6504185954304,0.7304
75740,usgs,11073470,ok,1950-01-01,1975-09-30,9404,1.0,0,flags: A=9404 | AREA MISMATCH polygon/national=0.188,4.91153458849901,26.18477979549696,3.7064
75741,usgs,11073495,ok,1968-02-01,2019-12-31,18454,0.0,41,"flags: A=17350; A, e=1104 | AREA MISMATCH polygon/national=0.000621",0.121874459565709,196.32109876346877,701.7661
75742,usgs,11074000,ok,1950-01-01,2019-12-31,25567,0.0,41,"flags: A=25468; A, e=99 | AREA MISMATCH polygon/national=0.543",3175.44168610967,5848.193153138688,0.1791
75743,usgs,11075720,ok,1961-10-01,2019-12-31,21276,0.0,41,"flags: A=20954; A, e=322 | AREA MISMATCH polygon/national=0.00242",0.121969251878345,50.504768151552,25.1521
75744,usgs,11075800,ok,1961-10-01,2019-12-31,21276,0.0,41,"flags: A=20474; A, e=802",29.664817829565,32.374851379199995,0.5415
75745,usgs,11077500,ok,1950-01-01,2019-12-31,25487,0.0053,40,"flags: A=24864; A, e=623 | AREA MISMATCH polygon/national=0.000957",0.244354609080218,255.37282767912956,43.8866
75746,usgs,11078000,ok,1950-01-01,2019-12-31,25202,0.0244,39,"flags: A=24593; A, e=609 | AREA MISMATCH polygon/national=0.000321",1.41183753447435,4402.9797875712,142.938
75747,usgs,11080500,ok,1950-01-01,1979-09-29,10864,0.9818,0,flags: A=10864 | AREA MISMATCH polygon/national=0.00529,1.15954024176434,219.1129941344256,140.978
75748,usgs,11082000,ok,1950-01-01,1978-09-30,10500,1.0,0,flags: A=10500,279.32495398493,269.358763474944,0.5921
75749,usgs,11084500,ok,1950-01-01,1979-09-29,10864,0.9818,0,flags: A=10864 | AREA MISMATCH polygon/national=0.0146,0.239764254483311,16.47232438173696,51.3382
75750,usgs,11085000,ok,1951-10-01,2019-12-31,23467,0.0,41,"flags: A=23367; A, e=100 | AREA MISMATCH polygon/national=0.000199",0.121682288651361,611.237194039296,1068.9303
75751,usgs,11086300,ok,1956-10-01,1978-09-29,8034,1.0,0,flags: A=8034,43.0056521102186,42.2168061984768,0.3588
75752,usgs,11086500,ok,1950-01-01,1971-09-29,7576,1.0,0,flags: A=7576,7.40604089987812,7.04476766011392,0.2041
75753,usgs,11087020,ok,1955-10-01,2019-12-31,21276,0.0,41,"flags: A=20797; A, e=479 | AREA MISMATCH polygon/national=0.00413",4.73241397641129,1144.774744768512,88.8294
75754,usgs,11087500,ok,1950-01-01,1978-09-29,10499,1.0,0,flags: A=10499 | AREA MISMATCH polygon/national=0.000413,0.478075751462591,1157.7246853201918,406.6818
75755,usgs,11088000,ok,1950-01-01,1979-09-29,10369,0.9818,0,flags: A=10369 | AREA MISMATCH polygon/national=1.33,1628.31214696724,1222.474388078592,0.0631
75756,usgs,11088500,ok,1950-01-01,2019-12-31,25567,0.0,41,"flags: A=24998; A, e=569",65.8596783899909,55.9437431832576,0.1844
75757,usgs,11089000,ok,1950-01-01,1969-09-29,7212,1.0,0,flags: A=7212 | AREA MISMATCH polygon/national=0.00691,0.422209223899026,61.1237194039296,8.312
75758,usgs,11089500,ok,1950-01-01,2019-12-31,25567,0.0,41,"flags: A=25040; A, e=527 | AREA MISMATCH polygon/national=0.746",9.54929145393542,12.79454126505984,0.425
75759,usgs,11092450,ok,1950-01-01,2019-12-31,17221,0.5573,18,"flags: A=17116; A, e=105",412.016186323344,409.218121433088,0.4244
75760,usgs,11093000,ok,1950-01-01,1979-09-29,10863,0.9818,0,flags: A=10863,70.9906796594052,73.2966635225088,0.3359
75761,usgs,11094000,ok,1950-01-01,1971-09-29,7942,1.0,0,flags: A=7942,163.560731083793,168.0902283608064,0.1937
75762,usgs,11095500,ok,1950-01-01,1977-09-29,10134,1.0,0,flags: A=10134,275.196074754082,274.53873969561596,0.2175
75763,usgs,11096500,ok,1950-01-01,1973-09-29,8673,1.0,0,flags: A=8673,52.6136515626369,54.6487491280896,0.0981
75764,usgs,11097000,ok,1950-01-01,2019-12-31,25567,0.0,41,"flags: A=25525; A, e=42 | AREA MISMATCH polygon/national=0.00151",0.598935812245798,396.268180881408,97.0753
75765,usgs,11097500,ok,1950-01-01,1979-09-29,10864,0.9818,0,flags: A=10864,1449.19380755666,1331.253888712704,0.1699
75766,usgs,11098500,ok,1950-01-01,1978-09-29,10499,1.0,0,flags: A=10499,1610.14760623155,1551.4028780912638,0.2155
75767,usgs,11100000,ok,1950-01-01,1970-10-13,7591,1.0,0,flags: A=7591,23.1242343986199,25.14878455136256,0.8085
75768,usgs,11101250,ok,1956-03-01,2019-12-31,23316,0.0,41,"flags: A=23250; A, e=66 | AREA MISMATCH polygon/national=0.000515",0.121764627848766,236.2069156626432,930.3565
75769,usgs,11101500,ok,1950-01-01,1978-09-29,10499,1.0,0,flags: A=10499 | AREA MISMATCH polygon/national=0.634,190.340110841898,300.438620798976,0.884
75770,usgs,11102000,ok,1950-01-01,1977-09-29,10134,1.0,0,flags: A=10134 | AREA MISMATCH polygon/national=0.0223,0.240154108258938,10.77435053899776,33.1065
75771,usgs,11102300,ok,1966-10-01,2019-12-31,19450,0.0,41,"flags: A=19049; A, e=386; A, R=15 | AREA MISMATCH polygon/national=0.0035",1.12417164935949,321.158525681664,321.9205
75772,usgs,11102500,ok,1950-01-01,1979-09-29,10864,0.9818,0,flags: A=10864 | AREA MISMATCH polygon/national=0.000964,0.356887773148844,370.368299778048,271.0587
75773,usgs,11103000,ok,1950-01-01,1992-09-29,13785,0.7868,7,"flags: A=13055; A, e=730",1809.64986894331,2141.920167247872,0.353
75774,usgs,11103500,ok,1950-01-01,1978-09-29,10499,1.0,0,flags: A=10499 | AREA MISMATCH polygon/national=0.000526,0.121846491796627,231.803935875072,923.6729
75775,usgs,11104000,ok,1950-01-01,1979-09-29,10864,0.9818,0,flags: A=10864 | AREA MISMATCH polygon/national=0.00515,0.240055977242978,46.619785986048,62.0139
75776,usgs,11105500,ok,1950-01-01,1979-09-29,10864,0.9818,0,flags: A=10864 | AREA MISMATCH polygon/national=0.0681,18.52447618007,271.94875158528,3.2876
75777,usgs,11105510,ok,2007-12-06,2012-10-28,1789,0.8805,5,flags: A=1789,281.269264349285,282.8267016486912,0.2584
75778,usgs,11105850,ok,1950-01-01,1983-09-29,11947,0.8843,4,flags: A=11947 | AREA MISMATCH polygon/national=0.00886,1.62092041624757,182.85316058972157,9.5006
75779,usgs,11106550,ok,1968-10-01,2016-10-30,12812,0.3945,24,"flags: A=12780; A, e=32",645.05274153007,642.317051363328,0.1708
75780,usgs,11107745,ok,1950-01-01,2005-09-29,11097,0.9113,3,"flags: A=10714; A, e=383",411.634052032125,406.628133322752,0.0333
75781,usgs,11108134,ok,1994-10-01,2019-12-31,8492,0.4329,22,flags: A=8492 | AREA MISMATCH polygon/national=0.000339,0.121096254472798,357.41835922636795,344.8055
75782,usgs,11108145,ok,1950-01-01,1976-09-29,9768,1.0,0,flags: A=9768 | AREA MISMATCH polygon/national=0.0015,0.712715101486982,476.557812301824,43.5394
75783,usgs,11109000,ok,1996-10-01,2019-12-31,8492,0.4329,23,"flags: A=7697; A, e=776; A, R=19",1730.61409568944,1670.5423311667198,0.1107
75784,usgs,11109250,ok,1971-10-01,1981-09-29,3652,0.933,2,flags: A=3652,143.916125302588,152.0323020767232,0.1207
75785,usgs,11109395,ok,1976-10-01,2019-12-31,11048,0.311,27,"flags: A=10925; A, e=123",170.016926436182,160.0612652187648,0.0498
75786,usgs,11109525,ok,1988-10-01,2019-09-30,10591,0.2928,27,flags: A=10591,743.463930012475,764.04649254912,0.1311
75787,usgs,11109600,ok,1955-10-01,2019-12-31,23468,0.0,41,"flags: A=22161; A, e=1062; A, R=245",945.108008287727,963.475577044992,0.1587
75788,usgs,11109800,ok,1955-10-01,2019-12-31,21641,0.0,41,"flags: A=21394; A, e=247",1076.31011326021,1100.7449468928,0.1093
75789,usgs,11111500,ok,1950-01-01,2019-12-31,23741,0.1219,35,"flags: A=22992; A, e=749 | AREA MISMATCH polygon/national=0.000944",0.121009534021018,128.204411461632,317.9002
75790,usgs,11113000,ok,1950-01-01,2019-12-31,23482,0.1392,34,"flags: A=22826; A, e=446; A, R=210",646.540869312248,652.6770038046719,0.4907
75791,usgs,11113500,ok,1950-01-01,2019-12-31,25202,0.0244,39,"flags: A=24255; A, e=947",101.697902011007,99.4555434369024,0.5985
75792,usgs,11114000,ok,1950-01-01,2004-09-30,18902,0.4451,20,"flags: A=17439; A, e=1463",4153.91208806427,4128.4410478755835,0.1082
75793,usgs,11114495,ok,2002-02-15,2019-12-31,6006,0.5989,16,"flags: A=5866; A, e=140 | AREA MISMATCH polygon/national=0.000978",0.121118615779666,123.80143167406078,529.6991
75794,usgs,11114500,ok,1950-01-01,1969-09-29,7212,1.0,0,flags: A=7212 | AREA MISMATCH polygon/national=0.0171,2.24904344852877,131.3123971940352,32.1043
75795,usgs,11115500,ok,1950-01-01,1988-09-29,14152,0.7623,9,flags: A=14152 | AREA MISMATCH polygon/national=1.36,192.066629479697,141.4133508243456,0.4117
75796,usgs,11116000,ok,1950-01-01,1983-09-29,12294,0.8843,4,flags: A=12294,42.9414181384085,40.4038145212416,0.6704
75797,usgs,11116550,ok,1959-06-01,1988-09-29,9734,0.8236,5,flags: A=9734,199.298867879436,197.8750916296704,0.2917
75798,usgs,11117500,ok,1950-01-01,1983-09-29,12325,0.8843,4,flags: A=12325 | AREA MISMATCH polygon/national=2.93,387.944330366694,132.6073912492032,0.0945
75799,usgs,11117600,ok,1958-10-01,1988-09-29,10957,0.7623,9,flags: A=10957,32.2131531180797,34.1878430564352,0.5902
75800,usgs,11117800,ok,1958-10-01,1988-09-29,10957,0.7623,9,flags: A=10957 | AREA MISMATCH polygon/national=0.0206,0.486696829242773,23.594791685160956,29.5648
75801,usgs,11118000,ok,1950-01-01,1982-09-29,7941,0.9086,3,flags: A=7941,101.801669413925,106.7075101458432,0.1621
75802,usgs,11118500,ok,1950-01-01,2019-12-31,25567,0.0,41,"flags: A=24853; A, e=714",495.378727425187,486.917764743168,0.2956
75803,usgs,11119500,ok,1950-01-01,2019-12-31,25201,0.0,41,"flags: A=24686; A, e=515 | AREA MISMATCH polygon/national=0.0107",0.363073264048338,33.9288442454016,27.0955
75804,usgs,11120000,ok,1950-01-01,2019-12-31,25567,0.0,41,"flags: A=24743; A, e=824",47.6985568959056,48.9507752853504,0.3371
75805,usgs,11120500,ok,1950-01-01,2019-12-31,25304,0.0176,40,"flags: A=24663; A, e=641",13.750877966783,14.270834487951358,0.4883
75806,usgs,11120550,ok,1966-10-01,1986-09-29,7304,0.8111,7,flags: A=7304,45.0775299660926,48.6917764743168,0.3483
75807,usgs,11123000,ok,1950-01-01,2019-12-31,25567,0.0,41,"flags: A=25344; A, e=223 | AREA MISMATCH polygon/national=0.000216",0.121088335965156,559.437431832576,1273.0059
75808,usgs,11123500,ok,1950-01-01,2019-12-31,25567,0.0,41,"flags: A=25268; A, e=299",713.024610534454,717.426706563072,0.2902
75809,usgs,11125600,ok,2002-03-23,2016-12-01,5306,0.6457,14,"flags: A=5214; A, e=92 | AREA MISMATCH polygon/national=175",1094.38532687652,6.267771227013119,0.0086
75810,usgs,11126000,ok,1950-01-01,2009-09-29,13369,0.7599,1,"flags: A=12927; A, e=442",1095.92743014496,1092.974982561792,0.0987
75811,usgs,11126500,ok,1950-01-01,1978-01-31,8430,1.0,0,flags: A=8430 | AREA MISMATCH polygon/national=0.00251,0.362236440358421,144.5213365567488,20.0308
75812,usgs,11128250,ok,1970-10-01,2019-12-31,15797,0.1464,33,"flags: A=14456; A, e=1341 | AREA MISMATCH polygon/national=0.00159",0.120958225661197,76.1456504438784,37.45
75813,usgs,11128500,ok,1950-01-01,2019-12-31,24690,0.0586,38,"flags: A=23830; A, e=860",1508.18657809678,1499.603115884544,0.1615
75814,usgs,11129800,ok,1963-10-01,2019-12-31,16406,0.2765,26,"flags: A=15614; A, e=758; A, R=34",87.9922566620485,84.95161001902079,0.0314
75815,usgs,11130500,ok,1952-05-01,1974-09-29,8138,1.0,0,flags: A=8138 | AREA MISMATCH polygon/national=0.00195,3.36872470937519,1730.1120577044478,44.8583
75816,usgs,11131500,ok,1954-10-01,1976-10-01,8037,1.0,0,flags: A=8037,1853.83041852462,1833.711582117888,0.0968
75817,usgs,11132500,ok,1950-01-01,2019-12-31,25567,0.0,41,"flags: A=24829; A, e=738",119.523862615476,121.9884399968256,0.2334
75818,usgs,11133000,ok,1952-05-01,2019-12-31,23982,0.0245,39,"flags: A=23399; A, e=583",2058.31910062798,2043.500619055104,0.1334
75819,usgs,11134000,ok,1950-01-01,2019-12-31,12417,0.4817,21,"flags: A=11640; A, e=777",2125.97766012395,2110.84030992384,0.0749
75820,usgs,11134500,ok,1954-10-01,1975-10-01,7665,1.0,0,flags: A=7665,2144.22184827849,2123.79025047552,0.09
75821,usgs,11134800,ok,1970-10-01,2009-09-29,13733,0.2842,28,"flags: A=12482; A, e=1251",27.2814991110552,30.043862079897597,0.182
75822,usgs,11135800,ok,1970-10-01,2019-12-31,14336,0.2439,28,"flags: A=14095; A, e=241 | AREA MISMATCH polygon/national=0.0126",1.13589892832867,90.3905850507264,3.348
75823,usgs,11136800,ok,1959-10-01,2019-12-31,22007,0.0,41,"flags: A=20433; A, e=1443; A, R=131",2310.97802970613,2294.729465757696,0.023
75824,usgs,11137900,ok,1959-06-01,2019-12-31,15919,0.4147,23,"flags: A=15881; A, e=38 | AREA MISMATCH polygon/national=0.00135",0.360165588280398,266.76877536460796,124.6105
75825,usgs,11138100,ok,1958-10-01,1983-09-29,9130,0.8843,4,flags: A=9130,2934.41540976382,2931.866540900352,0.0454
75826,usgs,11138500,ok,1950-01-01,2019-12-31,22614,0.1972,32,"flags: A=21204; A, e=1407; A, R=3 | AREA MISMATCH polygon/national=0.000165",0.12062683991732,730.3766471147519,989.3016
75827,usgs,11139000,ok,1950-01-01,1973-10-03,8677,1.0,0,flags: A=8677 | AREA MISMATCH polygon/national=0.000992,0.240507896220103,242.42288712744957,81.5818
75828,usgs,11139500,ok,1950-01-01,1987-09-29,13786,0.7867,8,flags: A=13786,71.5014524999071,74.33265876664319,0.0644
75829,usgs,11140000,ok,1950-01-01,2019-12-31,25567,0.0,41,"flags: A=24347; A, e=1220",1211.65596150622,1219.8843999682558,0.1058
75830,usgs,11140585,ok,1999-04-01,2019-12-31,5023,0.6646,13,"flags: A=4439; A, e=508; A, R=76",4260.58252668145,4237.220548509696,0.0171
75831,usgs,11141000,ok,1950-01-01,1987-09-29,13786,0.7867,8,flags: A=13786,4396.74925433461,4509.169300094975,0.015
75832,usgs,11141050,ok,1982-10-01,2019-12-31,12620,0.1573,33,"flags: A=11894; A, e=726",54.9311904120993,47.914780041216,0.0929
75833,usgs,11141150,ok,1967-06-21,1992-09-30,9228,0.6646,13,"flags: A=8783; A, e=445 | AREA MISMATCH polygon/national=1.27",44.5642162605961,34.964839489536,0.1468
75834,usgs,11141500,ok,1950-01-01,1986-09-30,13422,0.811,7,flags: A=13422 | AREA MISMATCH polygon/national=0.000455,0.120207579831987,264.178787254272,367.5734
75835,usgs,11142500,ok,1950-10-01,1979-09-29,10591,0.9818,0,flags: A=10591,115.589652384282,106.7075101458432,1.1515
75836,usgs,11143200,ok,1957-08-01,2019-12-31,22798,0.0,41,"flags: A=22397; A, e=401 | AREA MISMATCH polygon/national=0.000236",0.118182019078149,499.8677052948479,1928.3749
75837,usgs,11143250,ok,1962-08-01,2019-12-31,20972,0.0,41,"flags: A=20822; A, e=150 | AREA MISMATCH polygon/national=0.00327",2.09120576694295,639.7270632529919,119.49
75838,usgs,11143500,ok,1950-01-01,1983-09-29,12325,0.8843,4,flags: A=12325,186.975746628104,182.0761641566208,0.2738
75839,usgs,11144000,ok,1960-10-01,1983-09-29,7551,0.8843,4,flags: A=7551 | AREA MISMATCH polygon/national=0.00484,0.119914243083277,24.76028633481216,21.2768
75840,usgs,11145000,ok,1950-01-01,1975-10-03,9407,1.0,0,flags: A=9407 | AREA MISMATCH polygon/national=0.000406,0.119877152097677,295.258644578304,380.4931
75841,usgs,11147000,ok,1950-01-01,1978-09-29,10499,1.0,0,flags: A=10499,61.5820565391466,65.5266991915008,0.5703
75842,usgs,11147070,ok,1961-10-01,1994-09-30,12053,0.6159,15,"flags: A=12024; A, e=29 | AREA MISMATCH polygon/national=0.00508",0.239225751163443,47.13778360811519,135.458
75843,usgs,11147500,ok,1950-01-01,2019-12-31,24105,0.0,41,"flags: A=23564; A, e=513; A, R=28",1003.6944851083,1010.09536303104,0.23
75844,usgs,11148500,ok,1954-10-01,2019-02-03,16562,0.4855,20,"flags: A=16288; A, e=274",2372.77038363268,2387.969037729792,0.0241
75845,usgs,11149400,ok,1957-10-01,2019-12-31,22737,0.0,41,"flags: A=22274; A, e=463",849.709369775162,852.106088300544,0.7506
75846,usgs,11149900,ok,1965-10-01,2019-12-31,19815,0.0,41,"flags: A=19587; A, e=228",536.252600695667,562.0274199429119,0.4586
75847,usgs,11150500,ok,1950-01-01,2019-12-31,25567,0.0,41,"flags: A=24941; A, e=626",6525.27666652341,6565.619859701759,0.1776
75848,usgs,11151700,ok,1968-10-01,2019-12-31,16892,0.1158,36,"flags: A=15825; A, e=1067 | AREA MISMATCH polygon/national=1.28e-05",0.118277252184038,9228.127637127169,7162.8667
75849,usgs,11151870,ok,1961-10-01,2019-12-31,9222,0.8049,7,flags: A=9222 | AREA MISMATCH polygon/national=0.00883,2.58338279004472,292.668656467968,162.409
75850,usgs,11152000,ok,1950-01-01,2019-12-31,25567,0.0,41,"flags: A=25017; A, e=550",624.287660748245,631.957098921984,0.6504
75851,usgs,11152050,ok,1994-10-01,2019-12-31,9223,0.3841,25,"flags: A=8702; A, e=521 | AREA MISMATCH polygon/national=0.00015",0.118295572248145,787.3563855421439,2415.3673
75852,usgs,11152300,ok,1976-10-01,2019-12-31,15797,0.0,41,"flags: A=15154; A, e=643 | AREA MISMATCH polygon/national=2.22e-05",0.232752197298718,10468.73194197811,4036.7727
75853,usgs,11152500,ok,1950-01-01,2019-12-31,25567,0.0,41,"flags: A=24821; A, e=746",10860.0360090405,10763.990586556416,0.0764
75854,usgs,11152540,ok,1961-10-01,2001-09-30,14610,0.4451,22,"flags: A=14045; A, e=565",82.9669280833489,82.62062071971839,0.0646
75855,usgs,11152600,ok,1970-10-01,2014-09-29,16070,0.1281,35,"flags: A=15808; A, e=262",93.1643814218422,95.0525636493312,0.1152
75856,usgs,11152900,ok,1961-10-01,1982-09-30,7670,0.9086,3,flags: A=7670,35.0940662435644,33.1518478123008,0.3065
75857,usgs,11153000,ok,1950-01-01,2019-12-31,16800,0.5854,16,"flags: A=16785; A, e=15 | AREA MISMATCH polygon/national=0.00122",0.462553631511791,378.138264109056,168.9374
75858,usgs,11153470,ok,1971-10-01,2010-09-29,6573,0.738,9,"flags: A=6436; A, e=137 | AREA MISMATCH polygon/national=0.00937",0.233618544621425,24.94158550253568,94.846
75859,usgs,11153500,ok,1951-10-01,1971-11-01,7337,1.0,0,flags: A=7337,49.4453548918091,50.7637669625856,0.7658
75860,usgs,11153650,ok,2002-11-23,2019-12-31,6209,0.5854,17,"flags: A=6183; A, e=26 | AREA MISMATCH polygon/national=0.000538",0.117400328638358,218.0769988902912,415.9064
75861,usgs,11153700,ok,1959-03-01,1982-09-29,8614,0.9086,3,"flags: A=8594; A, e=20",1061.2451722148,1033.405256024064,0.1388
75862,usgs,11153900,ok,1961-08-01,1982-09-30,7731,0.9086,3,flags: A=7731,57.1947535829128,54.389750317056,1.2029
75863,usgs,11154100,ok,1959-10-01,1982-09-29,8400,0.9086,3,flags: A=8400 | AREA MISMATCH polygon/national=1.27,24.4191198036554,19.1659120164864,0.3836
75864,usgs,11154200,ok,1959-01-01,1992-09-30,12327,0.6646,13,"flags: A=12319; A, e=8",184.980694173301,184.4071534559232,0.5086
75865,usgs,11154700,ok,1993-10-01,2016-04-11,7838,0.4766,20,"flags: A=7338; A, e=500",41.0235980981036,37.554827599872,0.2158
75866,usgs,11156500,ok,1950-01-01,2019-12-31,25567,0.0,41,"flags: A=24502; A, e=1065 | AREA MISMATCH polygon/national=0.000364",0.235956820170408,647.497027584,255.4944
75867,usgs,11157500,ok,1950-01-01,2019-12-31,20817,0.3172,27,"flags: A=20289; A, e=528",533.306390448188,538.717526949888,0.068
75868,usgs,11158500,ok,1950-01-01,1983-09-29,12325,0.8843,4,flags: A=12325 | AREA MISMATCH polygon/national=0.000153,0.232037417831825,1517.7330326568958,396.129
75869,usgs,11158600,ok,1970-10-01,2019-12-31,17989,0.0,41,"flags: A=17177; A, e=812",1553.32265790992,1543.632913760256,0.047
75870,usgs,11159000,ok,1950-01-01,2019-12-31,25567,0.0,41,"flags: A=25303; A, e=264 | AREA MISMATCH polygon/national=7.63e-05",0.234405688090298,3071.725898858496,1672.5601
75871,usgs,11159200,ok,1956-10-01,2019-12-31,23102,0.0,41,"flags: A=22792; A, e=310 | AREA MISMATCH polygon/national=0.00559",0.402672523398389,72.0016694673408,99.1162
75872,usgs,11160000,ok,1951-05-01,2019-12-31,25082,0.0,41,"flags: A=24685; A, e=397",104.755948992646,104.1175220355072,0.9883
75873,usgs,11160020,ok,1968-07-17,1992-12-31,8934,0.6585,14,"flags: A=8930; A, e=4 | AREA MISMATCH polygon/national=0.00733",0.11705866661431,15.980226640773118,128.8021
75874,usgs,11160300,ok,1957-10-01,1992-12-31,12876,0.6585,14,"flags: A=12860; A, e=16",35.5669639577726,28.748868024729596,0.7555
75875,usgs,11160500,ok,1950-01-01,2019-12-31,25567,0.0,41,"flags: A=25505; A, e=62 | AREA MISMATCH polygon/national=0.00454",1.24613327013285,274.53873969561596,253.984
75876,usgs,11162570,ok,1969-10-01,2019-12-31,15312,0.2031,30,"flags: A=15039; A, e=273 | AREA MISMATCH polygon/national=0.000887",0.116872385314735,131.8303948161024,704.7281
75877,usgs,11162620,ok,1997-10-01,2019-12-31,8127,0.4573,22,"flags: A=7810; A, e=317 | AREA MISMATCH polygon/national=0.00688",0.11656640192602,16.93852224159744,82.1379
75878,usgs,11162630,ok,1966-07-01,2019-12-31,19542,0.0,41,"flags: A=19177; A, e=365 | AREA MISMATCH polygon/national=0.00166",0.116655686783834,70.1886777901056,334.7115
75879,usgs,11162720,ok,1963-10-01,1996-11-12,11494,0.6045,15,"flags: A=10986; A, e=508 | AREA MISMATCH polygon/national=0.0359",1.00330238282706,27.9718715916288,19.6485
75880,usgs,11162753,ok,2008-09-12,2019-12-31,4128,0.7243,11,"flags: A=4126; A, e=2 | AREA MISMATCH polygon/national=0.57",43.9874550783093,77.1816456880128,0.3999
75881,usgs,11162800,ok,1959-10-01,1997-10-20,13900,0.5414,18,"flags: A=13549; A, e=351 | AREA MISMATCH polygon/national=0.452",2.13143039969293,4.71377836081152,1.3393
75882,usgs,11164500,ok,1950-10-01,2019-12-31,25294,0.0,41,"flags: A=25031; A, e=263",97.0317574061694,96.8655553265664,0.5455
75883,usgs,11166000,ok,1952-10-01,2017-11-06,23356,0.0806,37,"flags: A=22919; A, e=437 | AREA MISMATCH polygon/national=0.00621",0.116721060612094,18.80331368103936,56.3965
75884,usgs,11167800,ok,2003-10-01,2011-10-05,2819,0.8118,6,"flags: A=2776; A, e=43 | AREA MISMATCH polygon/national=0.000731",0.116944733520987,160.0612652187648,512.2738
75885,usgs,11169000,ok,1950-01-01,2003-04-30,19478,0.4066,24,"flags: A=19338; A, e=140 | AREA MISMATCH polygon/national=0.000309",0.11685731905646,378.138264109056,1057.7057
75886,usgs,11169025,ok,2002-05-23,2019-12-31,6432,0.5705,17,"flags: A=6371; A, e=61",482.718636164921,414.39809765376,0.3923
75887,usgs,11169500,ok,1950-01-01,2019-12-31,25566,0.0001,41,"flags: A=25364; A, e=202 | AREA MISMATCH polygon/national=0.0049",0.116987537685298,23.87969037729792,178.5507
75888,usgs,11169800,ok,1960-10-01,2019-12-31,13604,0.5367,18,"flags: A=13593; A, e=11",282.087436756841,282.30870402662396,0.3904
75889,usgs,11170000,ok,1950-01-01,1987-09-29,13786,0.7867,8,flags: A=13786 | AREA MISMATCH polygon/national=0.000696,0.353074579644262,507.6376696258559,394.3169
75890,usgs,11172100,ok,1961-10-01,1987-09-29,9495,0.7867,8,flags: A=9495,58.0624407757694,55.684744372224,0.2633
75891,usgs,11172175,ok,1999-01-01,2019-12-31,7670,0.4878,21,"flags: A=7534; A, e=136",873.363642831762,826.206207197184,0.1431
75892,usgs,11172945,ok,1994-10-01,2019-12-31,9223,0.3841,25,"flags: A=8953; A, e=270",87.8380317684649,86.24660407418878,0.5895
75893,usgs,11173200,ok,1968-10-01,2019-12-31,13970,0.3171,27,"flags: A=13804; A, e=166 | AREA MISMATCH polygon/national=0.00117",0.233330430795401,199.6880833069056,508.3279
75894,usgs,11173500,ok,2002-05-23,2019-12-31,6432,0.5705,17,"flags: A=6414; A, e=18 | AREA MISMATCH polygon/national=1.37",350.200807005553,255.89082530119677,0.1401
75895,usgs,11173510,ok,1995-10-01,2019-12-31,7867,0.4747,20,"flags: A=7663; A, e=204 | AREA MISMATCH polygon/national=0.0068",2.44890420085176,360.008347336704,25.3593
75896,usgs,11173575,ok,1999-10-01,2019-12-31,7397,0.506,20,"flags: A=7218; A, e=150; A, R=29 | AREA MISMATCH polygon/national=0.000604",0.233083892248923,385.908228440064,403.0482
75897,usgs,11174000,ok,1960-10-01,2019-12-31,9223,0.506,20,"flags: A=9037; A, e=186",103.335850768264,95.829560082432,0.035
75898,usgs,11176000,ok,1964-01-01,2002-01-16,13896,0.4379,23,"flags: A=13585; A, e=311 | AREA MISMATCH polygon/national=0.00679",0.67141619590352,98.9375458148352,21.4118
75899,usgs,11176200,ok,1962-09-01,2019-12-31,9251,0.7806,7,flags: A=9251 | AREA MISMATCH polygon/national=0.00227,0.835057920769339,367.778311667712,59.0173
75900,usgs,11176500,ok,1957-10-01,2019-12-31,22737,0.0,41,"flags: A=22574; A, e=163 | AREA MISMATCH polygon/national=0.00165",0.628518320988696,380.728252219392,91.6175
75901,usgs,11176900,ok,1969-10-01,2019-12-31,16893,0.0976,36,"flags: A=16535; A, e=358",1032.97397618041,1043.765208465408,0.173
75902,usgs,11177000,ok,1969-10-01,2003-12-31,11047,0.4879,20,"flags: A=10795; A, e=252 | AREA MISMATCH polygon/national=0.000111",0.116420548231356,1048.94518468608,1591.9779
75903,usgs,11179000,ok,1950-01-01,2019-12-31,25567,0.0,41,"flags: A=25474; A, e=93",1617.0913748709,1639.4624738426878,0.1882
75904,usgs,11180700,ok,1958-10-01,2019-12-31,22372,0.0,41,"flags: A=21221; A, e=1151",0.866759689373307,,281.7641
75905,usgs,11180825,ok,1980-10-01,2019-12-31,13267,0.1141,36,"flags: A=13041; A, e=213; A, R=13",51.3450422485337,46.619785986048,0.3228
75906,usgs,11180900,ok,1997-10-01,2019-12-31,8127,0.4573,22,"flags: A=7630; A, e=493; A, R=4 | AREA MISMATCH polygon/national=0.00428",0.116278674225687,27.194875158528,110.4608
75907,usgs,11181000,ok,1950-01-01,2019-12-31,20298,0.3519,26,"flags: A=19844; A, e=454 | AREA MISMATCH polygon/national=0.0012",0.116310653268834,97.1245541376,356.6591
75908,usgs,11181008,ok,1971-10-01,2019-12-31,17165,0.0,41,"flags: A=17047; A, e=118 | AREA MISMATCH polygon/national=0.0161",0.229307907931317,14.270834487951358,39.7137
75909,usgs,11181040,ok,1967-10-01,2019-12-31,15223,0.2517,29,"flags: A=13994; A, e=1229 | AREA MISMATCH polygon/national=0.00101",0.116311351020187,115.5134697209856,479.2922
75910,usgs,11181390,ok,1975-10-01,1996-06-09,7558,0.5746,17,"flags: A=7450; A, e=108 | AREA MISMATCH polygon/national=0.0113",0.228468446267758,20.17600737951744,54.7208
75911,usgs,11182100,ok,1950-01-01,1977-09-29,10134,1.0,0,flags: A=10134,28.7614167340588,25.89988110336,0.3264
75912,usgs,11182500,ok,1952-10-01,2019-12-31,24563,0.0,41,"flags: A=24147; A, e=416 | AREA MISMATCH polygon/national=0.107",1.63158903364667,15.255029969879038,4.5054
75913,usgs,11183000,ok,1952-10-01,1973-09-30,7670,1.0,0,flags: A=7670 | AREA MISMATCH polygon/national=0.0935,12.3052288957515,131.57139600506878,3.1175
75914,usgs,11183600,ok,1968-10-01,1992-09-30,8766,0.6646,13,"flags: A=8683; A, e=83 | AREA MISMATCH polygon/national=0.000525",0.115906853648286,220.6669870006272,979.2743
75915,usgs,11187000,ok,1953-10-01,1993-10-13,14623,0.6394,14,"flags: A=14617; A, e=6 | AREA MISMATCH polygon/national=4.56e-05",0.119278416310544,2613.2980033290237,16958.2242
75916,usgs,11189500,ok,1950-01-01,2019-12-31,24802,0.0511,38,"flags: A=24563; A, e=239 | AREA MISMATCH polygon/national=8.69e-05",0.119302675010047,1372.69369847808,2660.4651
75917,usgs,11191000,ok,1950-01-01,1993-04-30,14986,0.7066,11,flags: A=14986 | AREA MISMATCH polygon/national=4.45e-05,0.238884135174345,5371.635340836864,5667.3464
75918,usgs,11192500,ok,1950-07-26,2019-09-30,22712,0.0305,38,"flags: A=22077; A, e=635 | AREA MISMATCH polygon/national=4.09e-05",0.239257262290053,5848.193153138688,6816.8034
75919,usgs,11192950,ok,1987-10-01,2019-12-31,11399,0.2388,31,"flags: A=11290; A, e=109",0.917441366271352,,1282.5143
75920,usgs,11194000,ok,1950-01-01,1976-09-29,9769,1.0,0,flags: A=9769,6214.91755225115,6234.101381578752,0.3614
75921,usgs,11195500,ok,1959-04-01,1981-09-29,8218,0.933,2,flags: A=8218 | AREA MISMATCH polygon/national=0.00279,0.352517782486486,126.3914197843968,17.9287
75922,usgs,11196400,ok,1961-10-01,1983-03-05,7826,0.8982,4,flags: A=7826,457.133943771083,427.34803820544,0.0266
75923,usgs,11196420,ok,1962-10-01,1985-09-29,8400,0.8355,6,flags: A=8400 | AREA MISMATCH polygon/national=0.00259,0.356993000942377,137.7873674698752,7.7402
75924,usgs,11197250,ok,1961-10-01,1986-09-29,9130,0.8111,7,flags: A=9130 | AREA MISMATCH polygon/national=0.000806,0.119126213792767,147.8883211001856,75.994
75925,usgs,11197800,ok,1959-08-01,1985-09-30,9558,0.8354,6,flags: A=9558,584.036452930477,595.69726537728,0.1625
75926,usgs,11199500,ok,1950-01-01,2005-09-30,14029,0.3476,26,"flags: A=13831; A, e=198",253.809651426429,239.83289901711356,0.0933
75927,usgs,11200800,ok,1968-09-01,2019-12-31,18749,0.0,41,"flags: A=18329; A, R=278; A, e=142",216.142564951241,215.7460095909888,0.3398
75928,usgs,11201456,ok,1994-10-01,2019-12-31,8315,0.4447,19,"flags: A=7915; A, e=400 | AREA MISMATCH polygon/national=0.00731",0.584794303299748,80.0306326093824,44.9722
75929,usgs,11202000,ok,1950-01-01,2019-12-31,23375,0.0,41,"flags: A=23290; A, e=85",109.898571635595,101.7865327362048,0.6532
75930,usgs,11202710,ok,1988-10-01,2019-12-31,11049,0.2622,29,"flags: A=10584; A, e=465",229.260419381853,220.9259858116608,0.7597
75931,usgs,11203220,ok,1968-03-21,1991-09-30,8481,0.6966,12,flags: A=8481 | AREA MISMATCH polygon/national=0.00316,2.02399439491223,639.7270632529919,191.9921
75932,usgs,11203580,ok,2000-01-22,2019-12-31,7284,0.5136,20,"flags: A=7230; A, e=54",54.4821663844418,52.0587610177536,0.7544
75933,usgs,11204100,ok,2000-09-02,2019-12-31,7060,0.5285,19,"flags: A=6878; A, e=111; A, R=71",249.887583601908,248.12086097018877,0.3578
75934,usgs,11204500,ok,1950-01-01,1990-09-30,14456,0.7135,11,"flags: A=14438; A, e=18 | AREA MISMATCH polygon/national=0.000421",0.118839018153561,282.30870402662396,930.6136
75935,usgs,11204900,ok,1960-10-01,1990-09-30,10957,0.7135,11,flags: A=10957,1021.12579953951,1025.635291693056,0.471
75936,usgs,11208000,ok,1950-04-01,2019-12-31,25055,0.0282,39,"flags: A=24931; A, e=124 | AREA MISMATCH polygon/national=0.000887",0.118111645231237,133.1253888712704,1382.4145
75937,usgs,11208600,ok,1993-10-01,2019-12-31,9588,0.3597,26,"flags: A=9469; A, e=119 | AREA MISMATCH polygon/national=0.000277",0.118168868665781,427.34803820544,4942.0835
75938,usgs,11210100,ok,1958-10-01,1990-09-30,11688,0.7135,11,flags: A=11688 | AREA MISMATCH polygon/national=0.000527,0.118277528876382,224.5519691661312,1469.5968
75939,usgs,11211300,ok,1959-10-01,1994-09-30,12784,0.6159,15,"flags: A=12773; A, e=11 | AREA MISMATCH polygon/national=0.000604",0.118226041481934,195.8031011414016,457.5855
75940,usgs,11213500,ok,1950-01-01,1982-09-29,11960,0.9086,3,flags: A=11960 | AREA MISMATCH polygon/national=0.000163,0.403072226350627,2465.668681039872,8994.3236
75941,usgs,11216400,ok,1986-10-01,2019-12-31,12123,0.1905,33,"flags: A=11649; A, e=474",0.549064784569461,,41.3073
75942,usgs,11218400,ok,1960-04-01,2019-12-31,21824,0.0,41,"flags: A=21543; A, e=281 | AREA MISMATCH polygon/national=0.000899",0.900955671241197,1002.325398700032,970.4235
75943,usgs,11218500,ok,1962-03-01,1993-10-13,11550,0.6394,14,flags: A=11550 | AREA MISMATCH polygon/national=6.77e-05,0.235154771575759,3475.764044070912,19945.83
75944,usgs,11220000,ok,1953-10-01,1973-09-30,7305,1.0,0,flags: A=7305 | AREA MISMATCH polygon/national=0.000648,0.117509153123246,181.29916772352,1046.8216
75945,usgs,11220500,ok,1953-05-01,1973-09-29,7457,1.0,0,flags: A=7457 | AREA MISMATCH polygon/national=0.00362,0.526610588377039,145.2983329898496,99.7474
75946,usgs,11221500,ok,1954-01-01,1990-10-04,13426,0.7132,11,flags: A=13426 | AREA MISMATCH polygon/national=0.000265,1.06095604471674,4001.53163046912,5351.831
75947,usgs,11221700,ok,1957-10-01,1994-09-30,13514,0.6159,15,"flags: A=13500; A, e=14 | AREA MISMATCH polygon/national=0.000713",0.234648201207463,328.928490012672,437.3077
75948,usgs,11237700,ok,1986-10-01,2019-12-31,11851,0.2086,31,"flags: A=9435; A, e=2416 | AREA MISMATCH polygon/national=0.00197",0.117072995662777,59.569726537727995,387.827
75949,usgs,11238500,ok,1986-10-01,2019-12-31,12145,0.189,33,"flags: A=12111; A, e=34 | AREA MISMATCH polygon/national=0.000345",0.117060071085719,339.288442454016,801.3332
75950,usgs,11239300,ok,1989-01-25,2019-12-31,11298,0.2455,31,"flags: A=10470; A, e=828 | AREA MISMATCH polygon/national=1.44",16.4729359052638,11.44774744768512,2.195
75951,usgs,11241500,ok,1986-10-01,2019-12-31,12145,0.189,33,"flags: A=11782; A, e=363 | AREA MISMATCH polygon/national=0.00154",0.117156945722687,76.1456504438784,997.0595
75952,usgs,11242400,ok,1965-09-01,2009-10-12,15748,0.2736,28,"flags: A=15413; A, e=335 | AREA MISMATCH polygon/national=0.00267",0.116762120731435,43.77079906467839,569.8751
75953,usgs,11244000,ok,1950-01-01,2019-12-31,25567,0.0,41,"flags: A=25391; A, e=176",128.195456378811,131.57139600506878,0.3663
75954,usgs,11246500,ok,1952-01-01,2019-12-31,24837,0.0,41,"flags: A=23700; A, e=1137",331.621136981568,336.69845434368,0.5179
75955,usgs,11246700,ok,1986-10-01,2019-12-31,12145,0.189,33,"flags: A=11861; A, e=284 | AREA MISMATCH polygon/national=3.1e-05",0.117176303925586,3783.972629200896,7276.4305
75956,usgs,11247000,ok,1950-01-01,1981-09-29,11595,0.933,2,flags: A=11595 | AREA MISMATCH polygon/national=0.000285,1.09207513880169,3833.18240329728,5236.2202
75957,usgs,11251000,ok,1950-01-01,2019-12-31,25567,0.0,41,"flags: A=25464; A, e=103 | AREA MISMATCH polygon/national=0.000133",0.578816989025891,4340.820072923136,3036.0761
75958,usgs,11255575,ok,1997-12-01,2019-12-31,4700,0.6861,0,"flags: A=4441; A, e=259 | AREA MISMATCH polygon/national=0.000149",0.117910928395073,789.9463736524799,88.1142
75959,usgs,11257100,ok,1960-10-01,1980-09-29,7304,0.9574,1,flags: A=7304,27.6848516082404,27.4538739695616,0.7842
75960,usgs,11257500,ok,1950-01-01,1990-09-30,14883,0.7135,11,"flags: A=14658; A, e=225",352.264709234804,344.468418674688,0.6016
75961,usgs,11258000,ok,1950-01-01,1990-09-29,14882,0.7135,11,"flags: A=14849; A, e=33",670.369266637074,668.2169324666879,0.4138
75962,usgs,11258900,ok,1957-10-01,1980-09-29,8400,0.9574,1,flags: A=8400 | AREA MISMATCH polygon/national=0.00134,0.11673215048812,87.0236005072896,383.6546
75963,usgs,11259000,ok,1950-01-01,1990-09-30,13786,0.7135,11,flags: A=13786,623.710631320905,611.237194039296,0.3723
75964,usgs,11260480,ok,1958-10-01,1980-09-29,8035,0.9574,1,flags: A=8035,172.544702782079,170.1622188490752,0.4276
75965,usgs,11261500,ok,1950-01-01,2019-12-31,15993,0.4573,21,"flags: A=15830; A, e=163 | AREA MISMATCH polygon/national=1.33",26143.2640334926,19722.75946020864,0.0626
75966,usgs,11266500,ok,1950-01-01,2019-12-31,25567,0.0,41,"flags: A=25303; A, e=264 | AREA MISMATCH polygon/national=0.00014",0.116267691601937,831.3861834178559,13777.6056
75967,usgs,11268000,ok,1951-04-01,1975-10-07,8956,1.0,0,flags: A=8956,627.273658060937,624.1871345909759,1.3602
75968,usgs,11268001,ok,1951-04-01,1975-10-07,8956,1.0,0,flags: A=8956,627.273658060937,,3.8198
75969,usgs,11269300,ok,1959-10-01,1980-09-29,7304,0.9574,1,flags: A=7304,44.6053526261265,44.029797875712,0.4619
75970,usgs,11270900,ok,1950-01-01,2019-12-31,25567,0.0,41,"flags: A=25449; A, e=118 | AREA MISMATCH polygon/national=4.24e-05",0.116563211819456,2747.977385066496,27497.4042
75971,usgs,11271320,ok,1966-10-01,1992-09-30,9497,0.6646,13,flags: A=9497,167.142523080868,175.08319625871357,0.2694
75972,usgs,11272500,ok,1950-01-01,2010-09-29,19629,0.3965,22,"flags: A=18702; A, e=927",3416.3255432643,3297.054864457728,0.4597
75973,usgs,11274000,ok,1950-01-01,2019-12-31,25567,0.0,41,"flags: A=25376; A, e=191 | AREA MISMATCH polygon/national=4.74e-06",0.116832788013587,24656.68681039872,36466.8814
75974,usgs,11274538,ok,1992-04-15,2016-10-17,8952,0.4022,23,"flags: A=8340; A, e=612",0.346849044202032,,223.6811
75975,usgs,11274550,ok,1995-10-01,2019-12-31,8858,0.4085,24,"flags: A=8515; A, e=343 | AREA MISMATCH polygon/national=1.29",32477.9468830926,25107.344741597182,0.1452
75976,usgs,11276500,ok,1950-01-01,2019-12-31,25567,0.0,41,"flags: A=25373; A, e=194 | AREA MISMATCH polygon/national=9.79e-05",0.115919605489222,1183.624566423552,11775.2474
75977,usgs,11276600,ok,1970-10-01,2019-12-31,17625,0.0243,39,"flags: A=17527; A, e=98 | AREA MISMATCH polygon/national=0.000185",0.23136681053804,1253.554245402624,4620.4637
75978,usgs,11276900,ok,1966-10-01,2019-12-31,19450,0.0,41,"flags: A=19201; A, e=249 | AREA MISMATCH polygon/national=9.2e-05",0.116004973675726,1261.324209733632,12352.5816
75979,usgs,11277300,ok,1956-11-01,2019-12-31,23071,0.0,41,"flags: A=22806; A, e=265 | AREA MISMATCH polygon/national=0.000758",0.231725495061914,305.618597019648,724.9336
75980,usgs,11278000,ok,1950-01-01,2019-12-31,25567,0.0,41,"flags: A=25149; A, e=418 | AREA MISMATCH polygon/national=0.00281",0.571196324388367,203.0550678503424,546.0132
75981,usgs,11281000,ok,1950-01-01,2002-09-30,18901,0.4451,21,"flags: A=18758; A, e=143 | AREA MISMATCH polygon/national=1.72",387.112740514462,225.328965599232,0.6344
75982,usgs,11282000,ok,1950-01-01,2002-09-30,18901,0.4451,21,"flags: A=18619; A, e=282 | AREA MISMATCH polygon/national=0.00122",0.231512656776049,190.364126109696,876.074
75983,usgs,11283500,ok,1959-10-01,1995-06-13,11942,0.6721,12,"flags: A=11915; A, e=27 | AREA MISMATCH polygon/national=0.000311",0.115968978334871,372.958287888384,5454.2523
75984,usgs,11284700,ok,1962-09-01,1986-09-29,8795,0.8111,7,flags: A=8795,53.5964945461027,59.8287253487616,1.4719
75985,usgs,11289650,ok,1970-10-01,2019-12-31,17989,0.0,41,"flags: A=17756; A, R=129; A, e=104 | AREA MISMATCH polygon/national=0.00592",23.578307141191,3983.401713696768,109.1326
75986,usgs,11292900,ok,1956-12-19,2019-12-31,23023,0.0,41,"flags: A=22910; A, e=113 | AREA MISMATCH polygon/national=0.000488",0.399702576021844,818.4362428661759,2869.433
75987,usgs,11294500,ok,1950-01-01,2019-12-31,25567,0.0,41,"flags: A=25533; A, e=34 | AREA MISMATCH polygon/national=0.000529",0.227558120078153,429.938026315776,4798.4496
75988,usgs,11295230,ok,1990-02-01,2019-12-31,10926,0.2704,30,"flags: A=9832; A, e=1094 | AREA MISMATCH polygon/national=0.00152",0.115452620276088,75.8866516328448,599.5874
75989,usgs,11295300,ok,1990-02-01,2019-12-31,10926,0.2704,30,"flags: A=10492; A, e=434 | AREA MISMATCH polygon/national=1.28",647.606505226551,507.6376696258559,0.2908
75990,usgs,11295340,ok,2006-10-01,2019-12-31,4554,0.6959,12,"flags: A=4487; A, e=67",34.2977062414523,31.597854946099197,0.0912
75991,usgs,11295400,ok,1967-08-01,1994-10-06,9929,0.6155,15,"flags: A=9899; A, e=30 | AREA MISMATCH polygon/national=7.1e-05",0.115595516212205,1629.102521401344,16568.2293
75992,usgs,11298000,ok,1950-01-01,2019-12-31,25567,0.0,41,"flags: A=25479; A, e=88 | AREA MISMATCH polygon/national=0.000668",0.115668086545077,173.2702045814784,1836.9577
75993,usgs,11298650,ok,2005-10-01,2019-12-31,5205,0.6524,14,"flags: A=5141; A, e=64 | AREA MISMATCH polygon/national=0.0384",0.230481324023046,6.008772415979519,292.2742
75994,usgs,11298700,ok,2000-10-01,2019-12-31,5719,0.6181,12,"flags: A=5615; A, e=104 | AREA MISMATCH polygon/national=0.765",11.9034098116344,15.56582854311936,0.9541
75995,usgs,11302000,ok,1957-02-01,2019-12-31,22979,0.0,41,"flags: A=22966; A, e=13 | AREA MISMATCH polygon/national=4.54e-05",0.116049505960769,2553.7282767912957,16294.7086
75996,usgs,11303000,ok,1950-01-01,2019-12-31,25567,0.0,41,"flags: A=25538; A, e=29 | AREA MISMATCH polygon/national=0.000144",0.402214476140145,2784.2372186112,5640.5075
75997,usgs,11303500,ok,1950-01-01,2019-12-31,25567,0.0,41,"flags: A=25364; A, e=203 | AREA MISMATCH polygon/national=9.93e-06",0.348301937088062,35065.8490258391,30173.7157
75998,usgs,11306000,ok,1950-04-01,1979-09-29,10774,0.9818,0,flags: A=10774 | AREA MISMATCH polygon/national=0.00177,0.540032385759224,305.618597019648,358.5712
75999,usgs,11308000,ok,1950-04-01,1979-09-29,10774,0.9818,0,flags: A=10774 | AREA MISMATCH polygon/national=0.000523,0.115462687498565,220.6669870006272,963.5951
76000,usgs,11308900,ok,1961-02-01,1990-09-30,10834,0.7135,11,flags: A=10834,926.50529932925,940.165684051968,0.5595
76001,usgs,11309000,ok,1950-01-01,1969-09-29,7212,1.0,0,flags: A=7212 | AREA MISMATCH polygon/national=0.00211,0.115575711422136,54.6487491280896,171.2468
76002,usgs,11312000,ok,1950-01-01,1985-09-29,13056,0.8355,6,flags: A=13056 | AREA MISMATCH polygon/national=0.391,48.1740911832027,123.2834340519936,0.7206
76003,usgs,11315030,ok,1987-12-03,2019-12-31,9338,0.3764,16,"flags: A=8384; A, e=954 | AREA MISMATCH polygon/national=0.0163",0.92245320254347,56.4617408053248,21.7056
76004,usgs,11315900,ok,1987-12-03,2019-12-31,10112,0.3247,23,"flags: A=10049; A, e=63 | AREA MISMATCH polygon/national=0.00119",0.114961861374371,96.8655553265664,275.2109
76005,usgs,11316100,ok,1987-12-08,2019-12-31,8862,0.4082,19,"flags: A=8432; A, e=430 | AREA MISMATCH polygon/national=0.000929",0.115032640650548,123.80143167406078,358.2445
76006,usgs,11316605,ok,2001-10-01,2019-12-31,6639,0.5567,18,"flags: A=6624; A, e=15 | AREA MISMATCH polygon/national=0.0121",0.230106299073776,19.0364126109696,81.0093
76007,usgs,11316800,ok,1960-08-01,2019-12-31,21702,0.0,41,"flags: A=21553; A, e=149",57.0637777384776,53.8717526949888,1.0119
76008,usgs,11317000,ok,1950-01-01,2019-12-31,25567,0.0,41,"flags: A=25239; A, e=328",181.512655532414,177.1551867469824,0.9702
76009,usgs,11318500,ok,1950-01-01,2019-12-31,25567,0.0,41,"flags: A=25459; A, e=108",187.836768947166,194.50810708623357,1.0972
76010,usgs,11319500,ok,1950-01-01,2019-12-31,25567,0.0,41,"flags: A=25563; A, e=4",1421.99131697031,1408.953532022784,1.7884
76011,usgs,11323500,ok,1950-01-01,2019-12-31,25567,0.0,41,"flags: A=25554; A, e=13",1632.14186540035,1608.3826165186558,1.1584
76012,usgs,11325500,ok,1950-01-01,2019-12-31,24846,0.0481,38,"flags: A=24832; A, e=14 | AREA MISMATCH polygon/national=0.000332",0.568764902002463,1711.982140932096,2427.9556
76013,usgs,11327000,ok,1960-10-01,1980-09-30,7305,0.9573,1,flags: A=7305,123.728590054638,124.5784281071616,0.5552
76014,usgs,11329500,ok,1950-01-01,1997-12-06,14477,0.7406,9,"flags: A=14463; A, e=14",831.46241276573,839.156147748864,0.4503
76015,usgs,11333000,ok,1954-10-01,2004-09-29,18262,0.372,25,"flags: A=18140; A, e=122 | AREA MISMATCH polygon/national=2.23",361.926546945152,162.13325570703358,0.3908
76016,usgs,11333500,ok,1950-01-01,1987-09-29,13786,0.7867,8,flags: A=13786 | AREA MISMATCH polygon/national=0.000633,0.33627605259667,530.9475626188799,1616.6972
76017,usgs,11334300,ok,1957-10-01,1980-09-29,8400,0.9574,1,flags: A=8400,177.368056616804,166.5362354946048,0.62
76018,usgs,11335000,ok,1950-01-01,2019-12-31,25567,0.0,41,"flags: A=25549; A, e=18",1375.67769181602,1388.233627140096,0.9222
76019,usgs,11335655,ok,2004-06-01,2011-06-30,2586,0.8273,6,"flags: A=2503; A, e=83 | AREA MISMATCH polygon/national=1.65",44.0279078247163,26.6768775364608,0.9089
76020,usgs,11336000,ok,1950-01-01,1982-10-15,11976,0.9076,3,flags: A=11976 | AREA MISMATCH polygon/national=0.000687,1.28825413386946,1875.151391883264,1046.4978
76021,usgs,11336580,ok,1959-08-01,2017-11-27,17651,0.295,28,"flags: A=17352; A, e=299 | AREA MISMATCH polygon/national=0.000832",0.115024220033488,138.30536509194238,453.6163
76022,usgs,11336585,ok,1995-10-01,2018-10-21,8422,0.4376,22,"flags: A=7632; A, e=790 | AREA MISMATCH polygon/national=0.00139",0.115145258238406,82.62062071971839,238.3368
76023,usgs,11337500,ok,1953-04-01,1983-09-29,11139,0.8843,4,flags: A=11139 | AREA MISMATCH polygon/national=0.00105,0.116016705968566,110.3334935003136,228.8515
76024,usgs,11337600,ok,2000-08-26,2013-10-27,4811,0.6787,13,"flags: A=4584; A, e=227 | AREA MISMATCH polygon/national=0.00117",0.115878084413106,99.19654462586878,199.3702
76025,usgs,11341400,ok,1959-10-01,1987-09-29,10226,0.7867,8,flags: A=10226 | AREA MISMATCH polygon/national=0.000316,0.110475570933017,349.64839489535996,5659.4236
76026,usgs,11342000,ok,1950-01-01,2019-12-31,25567,0.0,41,"flags: A=25361; A, e=206",1099.56173493083,1100.7449468928,2.6788
76027,usgs,11352000,ok,1951-10-01,1975-09-29,8765,1.0,0,flags: A=8765 | AREA MISMATCH polygon/national=3.41e-05,0.218629877342403,6410.2205730815995,6133.3832
76028,usgs,11362950,ok,1993-10-01,2019-12-31,8494,0.4328,21,"flags: A=8195; A, e=299",23.7896849994546,21.18610274254848,0.8587
76029,usgs,11363000,ok,1950-01-01,2019-12-31,25548,0.0013,41,"flags: A=25497; A, e=51 | AREA MISMATCH polygon/national=0.000227",2.77101145727733,12201.433987792896,559.4947
76030,usgs,11363930,ok,1966-09-01,2019-12-31,19205,0.0184,40,"kept 00060_Mean of 2 00060 series | flags: A=18929; A, e=276",29.1834614368608,29.007866835763195,0.4163
76031,usgs,11364200,ok,1987-10-01,2009-08-02,5865,0.6083,13,"flags: A=5846; A, e=19",83.0127948527551,90.1315862396928,0.9846
76032,usgs,11364300,ok,1987-11-21,2010-09-30,6715,0.5516,15,"flags: A=6667; A, e=48",77.4692997069496,76.6636480659456,0.7911
76033,usgs,11367500,ok,1950-01-01,2019-12-31,25567,0.0,41,"flags: A=25497; A, e=70 | AREA MISMATCH polygon/national=0.000119",0.110601696899482,927.215743500288,20732.4837
76034,usgs,11367760,ok,1966-05-01,2019-12-31,17603,0.0972,34,"flags: A=17562; A, e=41 | AREA MISMATCH polygon/national=0.000209",0.218273366673876,1046.355196575744,1788.4763
76035,usgs,11368000,ok,1950-01-01,2019-12-31,25202,0.0244,39,"flags: A=25131; A, e=71",1565.83526190994,1564.352818642944,1.5844
76036,usgs,11370500,ok,1950-01-01,2019-12-31,25567,0.0,41,"flags: A=25490; A, e=77 | AREA MISMATCH polygon/national=6.66e-06",0.111585917270497,16752.043097653248,209834.4801
76037,usgs,11371000,ok,1950-10-01,1993-09-30,15706,0.6403,14,"flags: A=15621; A, e=85",293.464240915115,297.84863268864,1.7438
76038,usgs,11372000,ok,1950-01-01,2019-12-31,25566,0.0001,41,"flags: A=25493; A, e=73",580.914324506272,590.517289156608,1.0381
76039,usgs,11374000,ok,1950-01-01,2019-12-31,25567,0.0,41,"flags: A=25509; A, e=58 | AREA MISMATCH polygon/national=0.000102",0.111747456659199,1100.7449468928,14711.0072
76040,usgs,11375700,ok,1956-10-01,1980-09-29,8765,0.9574,1,flags: A=8765,234.45261330416,229.7319453868032,1.727
76041,usgs,11376000,ok,1950-01-01,2019-12-31,25567,0.0,41,"flags: A=25264; A, e=303",2441.55730310994,2400.918978281472,0.8818
76042,usgs,11376025,ok,1980-10-01,2019-12-31,12589,0.1593,32,"flags: A=12373; A, e=216 | AREA MISMATCH polygon/national=2.39",171.043841069867,71.4836718452736,0.3144
76043,usgs,11376040,ok,2004-10-01,2019-12-31,3205,0.786,3,"flags: A=3149; A, e=56",188.12082295348,188.0331368103936,0.1612
76044,usgs,11376050,ok,1983-10-01,2019-12-31,11504,0.2318,30,"flags: A=11322; A, e=182",194.837991602333,192.6951154089984,0.0467
76045,usgs,11376140,ok,1983-10-03,2019-12-31,6549,0.5627,4,"flags: A=6390; A, e=159 | AREA MISMATCH polygon/national=0.643",221.49560451287,344.468418674688,0.2018
76046,usgs,11376150,ok,1983-10-04,2019-12-31,7991,0.4664,11,"flags: A, e=4896; A=3095",503.377040776194,481.737788522496,0.1743
76047,usgs,11376160,ok,1983-10-04,2019-12-31,8438,0.4365,13,"flags: A=8135; A, e=303 | AREA MISMATCH polygon/national=0.00023",0.111894158524071,486.917764743168,826.1523
76048,usgs,11376420,ok,1983-10-04,2014-11-28,6042,0.5965,1,"flags: A=6038; A, e=4",177.849808653768,172.7522069594112,0.0877
76049,usgs,11376440,ok,1983-10-04,2018-12-03,7403,0.5056,4,"flags: A=7345; A, e=58 | negative flow on 388 days | AREA MISMATCH polygon/national=0.000489",0.111934006006427,228.6959501426688,262.104
76050,usgs,11376460,ok,1983-01-16,2019-12-31,8867,0.4079,11,"flags: A=8225; A, e=642",308.408899845263,264.178787254272,0.247
76051,usgs,11376550,ok,1961-10-01,2019-12-31,21166,0.0073,40,"flags: A=21113; A, e=53",946.962478309424,924.625755389952,1.2762
76052,usgs,11377100,ok,1950-01-01,2019-12-31,25567,0.0,41,"flags: A=25487; A, e=80 | AREA MISMATCH polygon/national=4.87e-05",1.12351234880965,23050.8941819904,26931.0373
76053,usgs,11378800,ok,1959-10-01,1982-09-29,8400,0.9086,3,flags: A=8400,235.370770886478,242.163888316416,0.5057
76054,usgs,11379000,ok,1950-01-01,1982-09-29,11960,0.9086,3,flags: A=11960 | AREA MISMATCH polygon/national=0.00122,0.388438215288496,318.56853757132797,965.063
76055,usgs,11379500,ok,1950-01-01,2019-12-31,25567,0.0,41,"flags: A=25384; A, e=183",244.586479858175,239.3149013950464,1.0095
76056,usgs,11380500,ok,1950-01-01,1979-05-31,7677,0.9899,0,flags: A=7677 | AREA MISMATCH polygon/national=0.000319,0.112501301247112,352.238383005696,2456.759
76057,usgs,11382000,ok,1950-01-01,1996-09-30,17075,0.5671,17,"flags: A=17026; A, e=49",527.163031317776,525.767586398208,1.4941
76058,usgs,11384000,ok,1950-01-01,1986-09-30,13422,0.811,7,flags: A=13422 | AREA MISMATCH polygon/national=0.000602,0.112953241135004,187.5151391883264,3472.9464
76059,usgs,11388000,ok,1955-07-01,1990-09-30,12876,0.7135,11,flags: A=12876,1945.88121912173,1911.411225427968,0.6568
76060,usgs,11388500,ok,1950-01-01,1973-09-29,8673,1.0,0,flags: A=8673,2038.66911117192,2002.060809289728,0.5363
76061,usgs,11389000,ok,1950-01-01,1995-06-30,16617,0.5977,16,"flags: A=16432; A, e=185 | AREA MISMATCH polygon/national=7.26e-06",0.226959356340378,31274.1064323072,145722.0365
76062,usgs,11389500,ok,1950-01-01,2019-12-31,25567,0.0,41,"flags: A=25347; A, e=220",34165.1347891669,31312.95625396224,0.8312
76063,usgs,11389720,ok,1986-01-03,2019-12-31,7330,0.5105,1,"flags: A=7215; A, e=115",178.318071392985,158.76627116359677,0.3435
76064,usgs,11389740,ok,1992-04-01,2019-12-31,1332,0.9111,0,"flags: A=1310; A, e=22 | AREA MISMATCH polygon/national=0.000903",0.225488422068269,249.6748538363904,428.0216
76065,usgs,11390000,ok,1950-01-01,2019-12-31,25567,0.0,41,"flags: A=25399; A, e=168 | AREA MISMATCH polygon/national=0.00298",1.1341942524928,380.728252219392,906.8818
76066,usgs,11390500,ok,1950-01-01,2019-12-31,25567,0.0,41,"flags: A=25445; A, e=122 | AREA MISMATCH polygon/national=6.73e-05",2.24985478043747,33449.69644498944,11240.5311
76067,usgs,11390672,ok,1958-04-01,1985-09-29,9678,0.8355,6,flags: A=9678,107.079938513631,98.9375458148352,0.2085
76068,usgs,11391000,ok,1950-01-01,1981-04-29,11442,0.9432,2,flags: A=11442,40292.5613618497,37645.47718373376,0.6887
76069,usgs,11394500,ok,1951-10-01,1986-09-29,12783,0.8111,7,flags: A=12783 | AREA MISMATCH polygon/national=4.11e-05,0.113068724339301,2750.567373176832,32102.9603
76070,usgs,11395030,ok,1960-10-01,2019-12-31,21641,0.0,41,"flags: A=21631; A, e=10",62.8964986230534,67.0806920577024,4.0187
76071,usgs,11395200,ok,1960-10-01,2019-12-31,21641,0.0,41,"flags: A=21623; A, e=18 | AREA MISMATCH polygon/national=0.00401",0.391572023574879,97.6425517596672,201.1524
76072,usgs,11396000,ok,1950-01-01,2019-12-31,25567,0.0,41,"flags: A=25554; A, e=13",77.1609263469866,77.69964331007999,1.4329
76073,usgs,11396200,ok,1962-09-30,2019-12-31,20912,0.0,41,"flags: A=20891; A, e=21",242.45968418493,226.6239596544,0.8084
76074,usgs,11396350,ok,1962-07-01,1987-09-29,9132,0.7927,7,flags: A=9132 | AREA MISMATCH polygon/national=0.000405,0.113328433052277,279.718715916288,5661.7448
76075,usgs,11396400,ok,1965-07-01,1987-09-30,8127,0.7866,8,flags: A=8127 | AREA MISMATCH polygon/national=6.69,324.15293134723,48.4327776632832,0.2051
76076,usgs,11401165,ok,1990-10-01,2019-12-31,9893,0.3394,23,"flags: A=9559; A, e=334 | AREA MISMATCH polygon/national=0.00645",0.11258311293754,17.45651986366464,97.1537
76077,usgs,11402000,ok,1950-01-01,2019-12-31,25567,0.0,41,"flags: A=25452; A, e=115 | AREA MISMATCH polygon/national=0.0249",11.8718227434211,476.557812301824,55.2799
76078,usgs,11403530,ok,1990-09-30,2019-12-31,9324,0.3774,21,"flags: A=8442; A, e=882 | AREA MISMATCH polygon/national=0.00619",0.505322529288818,81.58462547558399,97.2788
76079,usgs,11403800,ok,1980-10-01,2019-12-31,14336,0.0427,39,"flags: A=13971; A, R=365",0.526756735746737,,7270.0743
76080,usgs,11404300,ok,1985-09-30,2019-12-31,12511,0.1645,34,"flags: A=12476; A, e=35",37.3464317463682,37.2958287888384,1.6857
76081,usgs,11405120,ok,1989-07-18,2019-11-30,6830,0.5439,0,"flags: A=6700; A, e=130",16.0798894902474,13.0794399571968,1.7614
76082,usgs,11405200,ok,1986-08-27,2019-12-31,10253,0.3153,22,"flags: A=10193; A, e=60",124.750081336023,119.3984518864896,0.3502
76083,usgs,11405300,ok,1957-10-01,1986-09-29,10591,0.8111,7,flags: A=10591 | AREA MISMATCH polygon/national=0.000396,0.112938886139091,284.89869213696,7017.8504
76084,usgs,11407150,ok,1964-10-01,1998-09-30,12418,0.5183,19,"flags: A=12315; A, e=103 | AREA MISMATCH polygon/national=0.000105",0.998926909254371,9520.796293595136,12315.2563
76085,usgs,11407300,ok,1960-10-01,1981-09-29,7396,0.933,2,flags: A=7396 | AREA MISMATCH polygon/national=0.000932,0.113662914826641,121.9884399968256,1041.1341
76086,usgs,11407500,ok,1950-10-01,1986-09-29,13148,0.8111,7,flags: A=13148,83.0491693739172,79.2536361762816,1.1142
76087,usgs,11408850,ok,1967-08-18,1989-09-30,8080,0.7378,10,"flags: A=8074; A, e=6 | AREA MISMATCH polygon/national=0.00238",0.838550165513938,352.238383005696,964.0865
76088,usgs,11408880,ok,1968-10-01,2019-12-31,18718,0.0001,41,"flags: A=18168; A, e=550",378.397036437378,375.54827599872,0.8906
76089,usgs,11409000,ok,1950-01-01,1969-09-29,7212,1.0,0,flags: A=7212 | AREA MISMATCH polygon/national=0.00194,0.81261386107567,419.578073874432,1125.3105
76090,usgs,11409300,ok,1967-10-01,2000-09-30,12054,0.4695,21,"flags: A=12023; A, e=31",59.1353982671142,59.569726537727995,2.8406
76091,usgs,11409400,ok,1968-09-01,2019-12-31,18749,0.0,41,"flags: A=18593; A, e=156 | AREA MISMATCH polygon/national=0.00301",0.227000101815211,75.3686540107776,280.4518
76092,usgs,11409500,ok,1950-01-01,1969-10-01,7214,1.0,0,flags: A=7214 | AREA MISMATCH polygon/national=0.00568,0.505869460555244,89.0955909955584,438.8583
76093,usgs,11413000,ok,1950-01-01,2019-12-31,25567,0.0,41,"flags: A=25438; A, e=129 | AREA MISMATCH polygon/national=0.000175",0.11336857330133,647.497027584,16886.7681
76094,usgs,11413300,ok,1960-10-01,2019-12-31,21641,0.0,41,"flags: A=21586; A, e=55 | AREA MISMATCH polygon/national=0.00678",0.867716132948779,127.9454126505984,308.6403
76095,usgs,11413320,ok,1994-10-01,2019-09-30,8766,0.4146,22,"flags: A=8640; A, e=126 | AREA MISMATCH polygon/national=0.0138",0.113326011370449,8.18436242866176,105.2696
76096,usgs,11413323,ok,1994-10-01,2019-12-31,8493,0.4329,22,"flags: A=8081; A, e=412 | AREA MISMATCH polygon/national=0.0211",0.113334557899646,5.361275388395519,64.6401
76097,usgs,11413520,ok,1966-08-13,2004-09-30,13929,0.372,25,"flags: A=13779; A, e=150 | AREA MISMATCH polygon/national=0.000287",0.363534330744263,1266.504185954304,1946.7431
76098,usgs,11414100,ok,1966-06-09,2019-12-31,19564,0.0,41,"flags: A=19514; A, e=50 | AREA MISMATCH polygon/national=0.00138",0.11360122573901,82.10262309765119,2795.5304
76099,usgs,11416500,ok,1950-01-01,2019-12-31,25567,0.0,41,"flags: A=25216; A, e=351 | AREA MISMATCH polygon/national=0.0118",0.865192108037701,73.2966635225088,113.5287
76100,usgs,11417500,ok,1959-05-01,2019-12-31,22160,0.0,41,"flags: A=22139; A, e=21",828.850876751046,797.716337983488,1.3637
76101,usgs,11418000,ok,1950-01-01,2019-12-31,25202,0.0244,39,"flags: A=24992; A, e=210 | AREA MISMATCH polygon/national=3.97e-05",0.113836452441094,2869.706826252288,53472.1193
76102,usgs,11418500,ok,1950-01-01,2019-12-31,25567,0.0,41,"flags: A=25510; A, e=57",219.169548860848,219.1129941344256,1.3235
76103,usgs,11421000,ok,1950-01-01,2019-12-31,25567,0.0,41,"flags: A=25405; A, e=162 | AREA MISMATCH polygon/national=0.000144",0.499401789900451,3467.994079739904,12157.9216
76104,usgs,11421770,ok,1966-04-02,2019-12-30,18381,0.0835,34,"flags: A=18200; A, e=181",37.7089545577257,31.8568537571328,1.104
76105,usgs,11421790,ok,1965-12-01,2019-12-31,19489,0.0177,39,"flags: A=19408; A, e=81",60.4233425620918,55.684744372224,1.2254
76106,usgs,11422500,ok,1950-04-01,2019-12-31,21489,0.0,41,"flags: A=21334; A, e=155",273.443862560454,271.94875158528,3.595
76107,usgs,11424000,ok,1950-01-01,2019-12-31,25567,0.0,41,"flags: A=25151; A, e=303; A, R=113",774.893012059093,756.2765282181119,1.3075
76108,usgs,11425000,ok,1950-01-01,1983-09-29,12325,0.8843,4,flags: A=12325,15488.8244840819,15335.319601299456,1.4222
76109,usgs,11425500,ok,1950-01-01,2019-12-31,25567,0.0,41,"flags: A=25512; A, e=55 | AREA MISMATCH polygon/national=4.16e-06",0.229174018651758,55039.837332750336,211666.5777
76110,usgs,11426200,ok,1956-07-27,1985-09-29,10657,0.8355,6,flags: A=10657 | AREA MISMATCH polygon/national=0.0524,0.22797474987241,4.35118002536448,48.6128
76111,usgs,11426400,ok,1956-10-01,1985-09-29,10591,0.8355,6,flags: A=10591,23.9284036778432,23.568891804057596,2.1154
76112,usgs,11427000,ok,1950-01-01,2019-12-31,25567,0.0,41,"flags: A=25238; A, e=329",892.832454846348,885.775933734912,2.2948
76113,usgs,11427500,ok,1951-10-01,2019-12-31,24929,0.0,41,"flags: A=24522; A, e=407",126.771619842668,124.0604304850944,0.9196
76114,usgs,11427700,ok,1961-07-31,2019-12-31,21338,0.0,41,"flags: A=20526; A, e=812",24.1504464593866,25.74448181673984,4.0885
76115,usgs,11427750,ok,1964-10-01,2019-12-31,20180,0.0,41,"flags: A=19737; A, e=443",26.1251998054008,27.194875158528,1.4944
76116,usgs,11427760,ok,1965-09-01,2019-12-31,19845,0.0,41,"flags: A=19368; A, e=477 | AREA MISMATCH polygon/national=0.0123",2.78999645413157,227.4009560875008,95.499
76117,usgs,11427770,ok,1965-10-01,2019-11-28,17311,0.1672,29,"flags: A=17036; A, e=275",235.365000717407,230.76794063093757,0.426
76118,usgs,11428800,ok,1965-11-06,2019-12-31,19779,0.0,41,"flags: A=19482; A, e=297 | AREA MISMATCH polygon/national=0.00141",0.415788658250688,295.258644578304,264.7361
76119,usgs,11429500,ok,1962-09-01,2019-12-31,20941,0.0,41,"kept 00060_Mean of 2 00060 series | flags: A=20858; A, e=83 | AREA MISMATCH polygon/national=0.00551",0.114209787765445,20.74580476379136,670.5829
76120,usgs,11430000,ok,1961-08-01,2018-09-30,20516,0.0548,37,"flags: A=20481; A, e=35",131.662722369851,123.2834340519936,0.4557
76121,usgs,11431800,ok,1960-10-01,2008-10-18,17550,0.2732,29,"flags: A=17187; A, e=363 | AREA MISMATCH polygon/national=0.0113",0.342529103693102,30.302860890931196,182.2452
76122,usgs,11433040,ok,1961-07-01,2008-10-18,17277,0.2732,29,"flags: A=17232; A, e=45 | AREA MISMATCH polygon/national=0.00209",0.114342451532386,54.6487491280896,654.2138
76123,usgs,11433100,ok,1960-09-01,1992-09-29,11717,0.6647,13,flags: A=11717,46.4553755463795,46.619785986048,1.6057
76124,usgs,11433200,ok,1958-10-01,1984-09-29,9496,0.8598,5,flags: A=9496,818.96003444915,815.8462547558399,1.2241
76125,usgs,11433260,ok,1965-08-01,1985-09-29,7365,0.8355,6,flags: A=7365,216.191436700825,230.2499430088704,3.1262
76126,usgs,11433300,ok,1958-10-01,2019-12-31,22372,0.0,41,"flags: A=22305; A, e=67",1353.35379270654,1357.153769816064,2.0377
76127,usgs,11433500,ok,1950-01-01,1986-01-31,12904,0.8272,7,flags: A=12904,1593.90320971796,1590.252699746304,2.0672
76128,usgs,11440000,ok,1950-01-01,1981-09-29,11595,0.933,2,flags: A=11595,59.5784817741781,56.97973842739199,1.6759
76129,usgs,11441002,ok,1986-09-30,2015-09-29,10592,0.2927,28,flags: A=10592,214.562840733818,,5.4344
76130,usgs,11441500,ok,1950-01-01,2019-12-31,25566,0.0001,41,"flags: A=25551; A, e=15 | AREA MISMATCH polygon/national=0.00321",0.228356437775837,71.22467303424,534.3327
76131,usgs,11441800,ok,1987-10-01,2019-12-31,11158,0.2549,27,"flags: A=10951; A, e=207",365.885792998704,378.138264109056,0.0975
76132,usgs,11441900,ok,1960-10-01,2019-12-31,21641,0.0,41,"flags: A=21259; A, e=382 | AREA MISMATCH polygon/national=0.0277",12.2829225850933,442.887966867456,20.0816
76133,usgs,11442700,ok,1987-10-01,2019-12-31,11779,0.2134,32,"flags: A=11685; A, e=94 | AREA MISMATCH polygon/national=0.011",0.228385109867816,20.823504407101435,58.9267
76134,usgs,11443500,ok,1950-01-01,2019-12-31,25567,0.0,41,"flags: A=25423; A, e=144",1292.82844886968,1276.8641383956478,0.7468
76135,usgs,11444201,ok,1986-10-01,2017-09-30,9459,0.3683,22,"flags: A=8757; A, e=702",186.584110916319,189.069132054528,0.6411
76136,usgs,11444500,ok,1964-08-01,2019-12-31,20241,0.0,41,"flags: A=20021; A, e=220",1537.09687092974,1548.8128899809278,2.2977
76137,usgs,11445500,ok,1951-10-01,1995-09-30,16071,0.5915,16,flags: A=16071,1734.33437883434,1743.061998256128,1.9324
76138,usgs,11446500,ok,1950-01-01,2019-12-31,25567,0.0,41,"flags: A=25206; A, e=361",4943.43848899206,4889.897552314368,1.859
76139,usgs,11447293,ok,1996-10-30,2012-04-02,4653,0.6893,12,"flags: A=4546; A, e=107 | AREA MISMATCH polygon/national=0.000553",0.114651770937278,207.4580476379136,1890.9396
76140,usgs,11447360,ok,1963-08-01,2019-12-31,14237,0.4131,24,"flags: A=13958; A, e=279 | AREA MISMATCH polygon/national=0.00141",0.114795212072099,81.3256266645504,380.3526
76141,usgs,11447500,ok,1950-01-01,1979-09-29,10864,0.9818,0,flags: A=10864,67028.6273525444,60882.85050966835,0.8746
76142,usgs,11448500,ok,1954-10-01,1978-10-02,8768,1.0,0,flags: A=8768 | AREA MISMATCH polygon/national=0.00694,0.114336422274639,16.47232438173696,257.3667
76143,usgs,11449100,ok,1960-10-01,1980-09-30,7305,0.9573,1,flags: A=7305 | AREA MISMATCH polygon/national=0.0101,1.44003952710026,142.9673436905472,134.1719
76144,usgs,11449500,ok,1950-01-01,2019-12-31,25567,0.0,41,"flags: A=25193; A, e=374",93.8765308933603,94.7935648382976,1.9144
76145,usgs,11451000,ok,1950-01-01,2019-12-31,25567,0.0,41,"flags: A=25095; A, e=472 | AREA MISMATCH polygon/national=0.0022",3.00330530062052,1367.5137222574078,311.6014
76146,usgs,11451300,ok,1983-10-01,2019-12-31,11672,0.2206,30,"flags: A=11225; A, e=447",323.602650305084,313.388561350656,1.0456
76147,usgs,11451500,ok,1950-01-01,1981-09-29,11595,0.933,2,flags: A=11595 | AREA MISMATCH polygon/national=0.000665,0.33932455730493,510.227657736192,1466.1779
76148,usgs,11451715,ok,1997-11-20,2019-12-31,8077,0.4606,22,"flags: A=7866; A, e=211",244.635410147745,245.7898716708864,0.4639
76149,usgs,11451720,ok,1958-10-01,1998-01-04,8064,0.9555,1,flags: A=8064 | AREA MISMATCH polygon/national=0.000883,0.228623102252075,258.99881103359996,526.4234
76150,usgs,11452000,ok,1950-01-01,1976-11-05,9745,1.0,0,flags: A=9745 | AREA MISMATCH polygon/national=4.24e-05,0.114657383540518,2703.947587190784,16202.0291
76151,usgs,11452500,ok,1950-01-01,2019-12-31,25567,0.0,41,"flags: A=25372; A, e=195 | AREA MISMATCH polygon/national=0.000315",0.929842486144808,2949.996457672704,1384.2317
76152,usgs,11453500,ok,1950-01-01,2019-12-31,17693,0.4709,21,"flags: A=17622; A, e=69; A, R=2 | AREA MISMATCH polygon/national=0.00299",0.875643671340708,292.668656467968,584.6521
76153,usgs,11454000,ok,1950-01-01,2019-12-31,25567,0.0,41,"flags: A=25360; A, e=207",1515.9087467639,1486.6531753328638,0.7251
76154,usgs,11456000,ok,1950-01-01,2019-12-31,23770,0.12,35,"flags: A=23692; A, e=78",217.750374101623,204.0910630944768,1.0902
76155,usgs,11458000,ok,1959-10-01,2019-12-31,22007,0.0,41,"flags: A=21344; A, e=580; A, R=83",577.645418196407,564.6174080532479,0.8669
76156,usgs,11458433,ok,2008-10-01,2019-12-31,4109,0.7256,11,"flags: A=4083; A, e=26 | AREA MISMATCH polygon/national=0.00924",0.342202985643429,37.0368299778048,116.7282
76157,usgs,11458500,ok,1955-02-09,2019-12-31,16396,0.4879,20,"flags: A=16313; A, e=83 | AREA MISMATCH polygon/national=0.0207",3.13456787301658,151.2553056436224,54.5917
76158,usgs,11459500,ok,1950-01-01,2019-12-31,25567,0.0,41,"flags: A=25080; A, e=487 | AREA MISMATCH polygon/national=1.46",66.6603303203547,45.5837907419136,0.4616
76159,usgs,11460400,ok,1982-12-21,2019-12-31,13525,0.0968,37,"flags: A=13299; A, e=226 | AREA MISMATCH polygon/national=0.0013",0.115774900573964,88.83659218452479,1024.8235
76160,usgs,11460600,ok,1974-10-01,2019-12-31,16528,0.0,41,"flags: A=16337; A, e=191 | AREA MISMATCH polygon/national=0.00162",0.343738918920221,211.6020286144512,668.0549
76161,usgs,11460750,ok,1983-10-01,2019-12-31,13241,0.1158,36,"flags: A=13171; A, e=70",73.4916456861625,80.5486302314496,1.1499
76162,usgs,11460800,ok,1959-07-01,1984-09-29,9223,0.8598,5,flags: A=9223 | AREA MISMATCH polygon/national=0.00111,0.115483908895477,103.8585232244736,1101.6248
76163,usgs,11461000,ok,1952-10-01,2019-12-31,24563,0.0,41,"flags: A=24171; A, e=392 | AREA MISMATCH polygon/national=0.00151",0.390419664834447,258.99881103359996,1078.3463
76164,usgs,11461500,ok,1950-01-01,2019-12-31,25567,0.0,41,"flags: A=25288; A, e=279 | AREA MISMATCH polygon/national=0.00161",0.38509995657129,238.7969037729792,1939.3962
76165,usgs,11462000,ok,1951-10-01,2011-10-01,21429,0.2012,32,"flags: A=21360; A, e=69",283.104940494486,271.94875158528,2.8197
76166,usgs,11462500,ok,1950-01-01,2019-12-31,25567,0.0,41,"flags: A=25415; A, e=152",945.891727953699,937.575695941632,1.7631
76167,usgs,11463000,ok,1951-08-01,2019-12-31,24990,0.0,41,"flags: A=24777; A, e=213 | AREA MISMATCH polygon/national=8.78e-05",0.11441696533248,1302.764019499008,19459.6742
76168,usgs,11463170,ok,1980-10-01,2019-12-31,14336,0.0427,39,"flags: A=13928; A, e=408 | AREA MISMATCH polygon/national=0.00338",0.114544313675086,33.9288442454016,928.3259
76169,usgs,11463200,ok,1957-07-01,2019-12-31,14564,0.3994,17,"flags: A=13129; A, e=1435 | AREA MISMATCH polygon/national=0.00103",0.228329336951089,221.443983433728,1007.2603
76170,usgs,11463900,ok,1961-01-01,2019-12-31,9950,0.7746,9,flags: A=9950 | AREA MISMATCH polygon/national=0.00203,0.229589780375462,113.1824804216832,706.7273
76171,usgs,11463980,ok,1987-10-01,2019-12-06,7139,0.5233,1,"flags: A=6760; A, e=379 | AREA MISMATCH polygon/national=0.00011",0.226350822237993,2048.680595275776,1967.0792
76172,usgs,11464000,ok,1950-01-01,2019-12-31,25567,0.0,41,"flags: A=25234; A, e=333",2054.3452959638,2053.860571496448,1.659
76173,usgs,11464500,ok,1950-01-01,1980-09-29,11230,0.9574,1,flags: A=11230 | AREA MISMATCH polygon/national=0.0433,9.85445960185508,227.4009560875008,42.4989
76174,usgs,11465000,ok,1981-10-01,2011-10-09,10966,0.2677,29,"flags: A=10927; A, e=39",351.359804141892,339.288442454016,1.6435
76175,usgs,11465200,ok,1959-10-01,2019-12-31,22007,0.0,41,"flags: A=21737; A, e=270",433.934336222826,419.578073874432,1.7184
76176,usgs,11465350,ok,1981-10-01,2019-12-31,10448,0.3023,15,"flags: A=10229; A, e=219 | AREA MISMATCH polygon/national=0.000204",0.114885061348215,562.0274199429119,3171.3866
76177,usgs,11465660,ok,2006-10-01,2019-12-31,2851,0.8096,0,"flags: A=2820; A, e=31 | AREA MISMATCH polygon/national=0.016",0.227243926963222,14.19313484464128,96.9185
76178,usgs,11465680,ok,1998-11-06,2019-12-31,7726,0.4841,21,"flags: A=7594; A, e=132",114.337480146181,105.6715149017088,0.6434
76179,usgs,11465690,ok,2006-10-01,2019-12-31,2851,0.8096,0,"flags: A=2750; A, e=101 | AREA MISMATCH polygon/national=0.259",2.28162728021208,8.8059595751424,6.7939
76180,usgs,11465700,ok,1998-11-07,2019-12-31,7725,0.4841,21,"flags: A=7199; A, e=526 | AREA MISMATCH polygon/national=0.507",8.90369916686387,17.56011938807808,2.1826
76181,usgs,11465750,ok,1998-11-18,2019-12-31,7714,0.4849,21,"flags: A=7412; A, e=302 | negative flow on 5 days | AREA MISMATCH polygon/national=0.00275",0.566653276250293,206.16305358274556,339.8313
76182,usgs,11466065,ok,2005-10-01,2010-04-30,1092,0.9271,0,"flags: A=1077; A, e=15 | AREA MISMATCH polygon/national=0.0044",0.115095251330516,26.1588799143936,438.5368
76183,usgs,11466170,ok,2004-10-01,2019-12-31,3337,0.7772,0,"flags: A=3273; A, e=64 | AREA MISMATCH polygon/national=2.89",157.285915597977,54.389750317056,0.4826
76184,usgs,11466200,ok,2001-10-01,2019-12-31,3880,0.7409,1,"flags: A=3731; A, e=149",166.80027006444,147.629322289152,1.4948
76185,usgs,11466320,ok,1998-12-09,2019-12-31,7693,0.4863,21,"flags: A=7377; A, e=316",220.393956812163,200.98307736207357,1.0054
76186,usgs,11466800,ok,2005-10-01,2019-12-31,4727,0.6843,12,"flags: A=4557; A, e=170",650.806505920875,650.087015694336,0.8474
76187,usgs,11467000,ok,1950-01-01,2019-12-31,25567,0.0,41,"flags: A=25467; A, e=100 | AREA MISMATCH polygon/national=6.64e-05",0.230013853347394,3465.4040916295676,23683.4904
76188,usgs,11467200,ok,1959-06-01,2019-12-31,8614,0.6036,16,"flags: A=8577; A, e=37 | AREA MISMATCH polygon/national=0.000707",0.115010912721503,162.6512533291008,3485.4797
76189,usgs,11467500,ok,1950-10-01,1994-06-30,8720,0.9298,2,"flags: A=8535; A, e=185 | AREA MISMATCH polygon/national=0.000275",0.114690120051191,416.988085764096,8348.62
76190,usgs,11467510,ok,1991-06-01,2019-12-31,4803,0.6793,12,"flags: A=4486; A, R=178; A, e=139",416.281779217296,416.988085764096,1.8639
76191,usgs,11468000,ok,1950-10-01,2019-12-31,25294,0.0,41,"flags: A=24766; A, e=528 | AREA MISMATCH polygon/national=0.000145",0.113944537157816,784.766397431808,10589.4462
76192,usgs,11468900,ok,2001-06-21,2019-12-31,6768,0.548,18,"flags: A=6649; A, e=119",176.161951542475,183.6301570228224,4.8989
76193,usgs,11469000,ok,1950-10-01,2019-12-31,25294,0.0,41,"flags: A=24973; A, e=321",631.797136001855,634.54708703232,4.8429
76194,usgs,11470500,ok,1950-01-01,2019-12-31,25567,0.0,41,"flags: A=25534; A, e=33 | AREA MISMATCH polygon/national=0.000151",0.113559463433234,751.09655199744,12934.8528
76195,usgs,11471500,ok,1950-01-01,2019-12-31,25567,0.0,41,"flags: A=25554; A, e=13 | AREA MISMATCH polygon/national=0.00116",1.04659378023658,903.905850507264,1208.4742
76196,usgs,11472150,ok,1966-10-01,1994-12-31,10319,0.6097,16,"flags: A=10143; A, e=176 | AREA MISMATCH polygon/national=8.28e-05",0.113203423208643,1367.5137222574078,18250.4036
76197,usgs,11472160,ok,2003-10-01,2012-09-29,3287,0.7805,8,"flags: A=3276; A, e=11 | AREA MISMATCH polygon/national=0.0118",0.113489160163684,9.63475577044992,168.9924
76198,usgs,11472200,ok,1956-10-01,1994-11-06,13885,0.6155,15,"flags: A=13526; A, e=359 | AREA MISMATCH polygon/national=0.000272",0.113212657947528,416.988085764096,8447.7664
76199,usgs,11472900,ok,1958-10-01,2005-09-29,7668,0.9025,3,"flags: A=7576; A, e=92 | AREA MISMATCH polygon/national=0.000269",0.112884830161627,419.578073874432,7283.6441
76200,usgs,11474500,ok,1953-10-01,2005-09-29,9867,0.9025,3,"flags: A=9795; A, e=72 | AREA MISMATCH polygon/national=0.000529",0.339782769126799,642.317051363328,4611.3388
76201,usgs,11475000,ok,1955-09-01,2019-12-31,23498,0.0,41,"flags: A=23381; A, e=117",5404.80390975274,5457.104948477951,2.0387
76202,usgs,11475800,ok,1965-10-01,2019-12-31,17682,0.1424,32,"flags: A=17530; A, e=152",627.230055098495,642.317051363328,3.1149
76203,usgs,11476500,ok,1950-01-01,2019-12-31,25567,0.0,41,"flags: A=25422; A, e=145",1374.96580408412,1390.823615250432,3.261
76204,usgs,11477000,ok,1950-01-01,2019-12-31,25567,0.0,41,"flags: A=25339; A, e=226; A, R=2",7999.86157592567,8062.632987475968,2.4026
76205,usgs,11480410,ok,1980-10-01,2019-12-31,14335,0.0427,39,"flags: A=14283; A, e=52 | AREA MISMATCH polygon/national=0.000357",0.111975551843494,313.388561350656,6649.1574
76206,usgs,11480500,ok,1953-10-01,1994-11-09,15015,0.6132,16,"flags: A=14986; A, e=29 | AREA MISMATCH polygon/national=0.000302",0.111830048199307,370.368299778048,7835.3188
76207,usgs,11481000,ok,1950-10-01,2019-12-31,25294,0.0,41,"flags: A=25190; A, e=104 | AREA MISMATCH polygon/national=0.000176",0.221517241831202,1256.14423351296,15295.9168
76208,usgs,11481500,ok,1953-10-01,2019-12-31,17622,0.0976,36,"flags: A=17348; A, e=274 | AREA MISMATCH polygon/national=0.0799",14.0071770587012,175.3421950697472,39.0668
76209,usgs,11516530,ok,1960-10-01,2019-12-31,21641,0.0,41,"flags: A=21621; A, e=19; A, <=1 | AREA MISMATCH polygon/national=3.58e-05",0.429102918488471,11991.64495085568,11068.108
76210,usgs,11516900,ok,1957-10-01,1978-09-29,7669,1.0,0,flags: A=7669,126.051256365045,124.8374269181952,0.3792
76211,usgs,11517000,ok,2001-10-01,2019-12-31,6666,0.5549,18,"flags: A=6467; A, e=157; A, R=42",1663.21317225996,1743.061998256128,0.195
76212,usgs,11517500,ok,1950-01-01,2019-12-31,25567,0.0,41,"flags: A=25544; A, e=23 | AREA MISMATCH polygon/national=0.000107",0.219052729693341,2053.860571496448,2061.2521
76213,usgs,11519500,ok,1950-01-01,2019-12-31,25567,0.0,41,"flags: A=25420; A, e=147",1711.82284416166,1691.262236049408,0.9012
76214,usgs,11520500,ok,1951-10-01,2019-12-31,24929,0.0,41,"flags: A=24669; A, e=260 | AREA MISMATCH polygon/national=6.09e-06",0.109471175903383,17974.517485731838,82891.4818
76215,usgs,11521500,ok,1956-12-15,2019-12-31,22844,0.0122,39,"flags: A=22748; A, e=96 | AREA MISMATCH polygon/national=0.000352",0.109501377474701,310.79857324031997,9205.992
76216,usgs,11523000,ok,1950-01-01,2019-12-31,25567,0.0,41,"flags: A=25441; A, e=125; A, R=1 | AREA MISMATCH polygon/national=0.782",17155.0755832817,21950.1492350976,1.2129
76217,usgs,11525500,ok,1950-01-01,2019-12-31,25567,0.0,41,"flags: A=25556; A, e=11",1855.10588993005,1862.201451331584,1.1202
76218,usgs,11525530,ok,2002-10-01,2019-12-31,6131,0.5906,16,"flags: A=6091; A, e=40",68.4417808924646,57.7567348604928,1.4029
76219,usgs,11525600,ok,1975-11-17,2005-09-30,10911,0.3476,26,"flags: A=10881; A, e=30",81.6640236247112,79.7716337983488,1.4386
76220,usgs,11525630,ok,2004-10-01,2019-09-29,5477,0.6343,14,"flags: A=5382; A, e=95 | AREA MISMATCH polygon/national=0.00119",0.111449738276015,93.7575695941632,902.1927
76221,usgs,11525655,ok,1981-04-28,2019-12-31,10109,0.3249,26,"flags: A=10105; A, e=4 | AREA MISMATCH polygon/national=0.000184",0.385708220634157,2097.89036937216,5526.2457
76222,usgs,11525670,ok,2004-10-01,2019-12-31,5570,0.628,15,"flags: A=5566; A, e=4",88.1683050274215,86.764601696256,0.9364
76223,usgs,11525854,ok,2002-10-01,2019-12-31,6301,0.5792,17,"flags: A=6228; A, e=73 | AREA MISMATCH polygon/national=0.000148",0.356924801512425,2411.278930722816,7597.7596
76224,usgs,11526250,ok,2002-10-01,2019-12-31,6301,0.5792,17,"flags: A=6249; A, e=52 | AREA MISMATCH polygon/national=0.00013",0.356476018810578,2737.6174326251517,8452.3403
76225,usgs,11526400,ok,2005-03-29,2019-12-31,5391,0.64,14,"flags: A=5376; A, e=15",2941.02246179775,2944.816481452032,1.1947
76226,usgs,11526500,ok,1957-02-01,2019-09-30,11488,0.7673,1,"flags: A=11353; A, e=135 | AREA MISMATCH polygon/national=0.000561",0.219405065412947,391.088204660736,4210.7351
76227,usgs,11527000,ok,1956-10-01,2019-12-31,23102,0.0,41,"flags: A=22742; A, e=360",3736.43108687459,3726.992890773504,1.2824
76228,usgs,11528500,ok,1953-10-01,1974-10-01,7671,1.0,0,flags: A=7671,977.102879290101,979.015505707008,1.3717
76229,usgs,11530000,ok,1950-01-01,2019-12-31,25567,0.0,41,"flags: A=25327; A, e=240 | AREA MISMATCH polygon/national=1.5e-05",0.110838301081258,7389.236078788607,113201.3449
76230,usgs,11530500,ok,1950-10-01,2019-12-31,24585,0.0473,38,"flags: A=23998; A, e=587 | AREA MISMATCH polygon/national=1.19e-05",0.372382483839607,31338.8561350656,115247.7915
76231,usgs,12011500,ok,1950-01-01,1971-10-13,7956,1.0,0,flags: A=7956 | AREA MISMATCH polygon/national=0.000942,0.101051943840614,107.2255077679104,4651.7722
76232,usgs,12017000,ok,1950-01-01,2000-09-29,12080,0.8701,4,"flags: A=11708; A, e=372",561.394904900052,567.207396163584,4.4824
76233,usgs,12020800,ok,1998-10-15,2019-12-31,4436,0.7038,0,"flags: A=4149; A, e=287 | AREA MISMATCH polygon/national=0.011",0.772176116161655,69.929678979072,661.9374
76234,usgs,12024000,ok,1957-06-01,2019-12-31,9693,0.7035,0,"flags: A=9604; A, e=89",116.626657699766,109.8154958782464,5.2431
76235,usgs,12024400,ok,1998-10-15,2019-12-31,4440,0.7035,0,"flags: A=4194; A, e=246",78.7418137389944,76.6636480659456,4.9638
76236,usgs,12026150,ok,1969-08-01,2019-12-31,18415,0.0,41,"flags: A=18226; A, e=189",167.97279909081,170.68021647114242,3.8453
76237,usgs,12026400,ok,1967-12-27,2019-12-31,18998,0.0,41,"flags: A=18578; A, e=420",289.806896194168,290.07866835763195,3.0037
76238,usgs,12027500,ok,1950-01-01,2019-12-31,25567,0.0,41,"flags: A=24939; A, R=516; A, e=112 | AREA MISMATCH polygon/national=4.34e-05",0.100653267338095,2318.0393587507197,70446.418
76239,usgs,12030000,ok,1950-01-01,1971-10-14,7957,1.0,0,flags: A=7957 | AREA MISMATCH polygon/national=0.00156,0.100481792844254,64.23170513633279,2206.1236
76240,usgs,12031000,ok,1952-02-01,2019-12-31,23864,0.0,41,"flags: A=23613; A, e=251",3330.85608141191,3351.444614774784,2.9779
76241,usgs,12032500,ok,1950-01-01,1972-10-12,8321,1.0,0,flags: A=8321,173.166294476707,168.0902283608064,3.9723
76242,usgs,12035002,ok,1979-10-01,2008-09-29,3435,0.7706,7,"flags: A=2592; A, e=843",4519.15066715992,4560.969062301696,3.2752
76243,usgs,12035400,ok,1965-10-01,2019-12-31,19802,0.0009,41,"flags: A=19752; A, e=50",108.613323060183,106.96650895687678,11.7755
76244,usgs,12035450,ok,1972-07-25,1996-09-29,8833,0.5671,17,"flags: A=8633; A, e=200 | AREA MISMATCH polygon/national=0.00803",0.199059762080867,24.78618621591552,1371.0816
76245,usgs,12036000,ok,1950-01-01,2019-12-31,25567,0.0,41,"flags: A=25053; A, e=514 | AREA MISMATCH polygon/national=0.00256",0.491375772461902,191.9181189758976,4312.9546
76246,usgs,12037400,ok,1956-10-01,2019-12-31,22737,0.0244,39,"flags: A=22518; A, e=139; A, R=80",400.50890458625,401.44815710208,7.854
76247,usgs,12039000,ok,1950-01-01,1979-09-29,10864,0.9818,0,flags: A=10864,339.733704608201,336.69845434368,9.7305
76248,usgs,12039005,ok,2002-07-20,2019-12-31,6374,0.5744,17,"flags: A=6358; A, e=16",414.915261886921,341.87843056435196,8.3372
76249,usgs,12039300,ok,1964-11-01,1986-09-29,8003,0.8111,7,flags: A=8003 | AREA MISMATCH polygon/national=0.00306,0.587874028065563,191.9181189758976,3607.4567
76250,usgs,12039500,ok,1950-01-01,2019-12-31,25567,0.0,41,"flags: A=25159; A, e=408 | AREA MISMATCH polygon/national=0.000503",0.343854806219252,683.7568611287039,21115.214
76251,usgs,12041200,ok,1960-10-01,2019-12-31,21641,0.0,41,"flags: A=20818; A, e=823",662.691366627383,655.2669919150079,9.4323
76252,usgs,12041500,ok,1950-01-01,1980-09-29,9757,0.9574,1,flags: A=9757,217.158591618448,217.0410036461568,7.2527
76253,usgs,12043300,ok,1962-08-01,2019-12-31,15332,0.2735,24,"flags: A=14842; A, e=490",133.31933043206,132.6073912492032,6.5174
76254,usgs,12044900,ok,1994-03-26,2011-09-29,4309,0.7123,10,"flags: A=4169; A, e=140 | AREA MISMATCH polygon/national=0.000192",0.098404165353575,512.817645846528,33064.0245
76255,usgs,12050500,ok,1952-06-01,1972-10-02,7429,1.0,0,flags: A=7429,31.6592209653584,29.007866835763195,1.2349
76256,usgs,12052210,ok,1994-01-21,2019-12-31,9476,0.3672,26,"flags: A=8989; A, e=487",125.211539948736,127.9454126505984,2.8388
76257,usgs,12054000,ok,1950-01-01,2019-12-31,25567,0.0,41,"flags: A=24656; A, e=911 | AREA MISMATCH polygon/national=0.00234",0.402732550724994,172.234209337344,2594.3979
76258,usgs,12056500,ok,1950-01-01,2019-12-31,25567,0.0,41,"flags: A=25426; A, e=141 | AREA MISMATCH polygon/national=0.00387",0.5725899369402,148.1473199112192,2300.793
76259,usgs,12057500,ok,1950-01-01,1978-09-29,10498,1.0,0,flags: A=10498,235.440724144185,242.6818859384832,8.4847
76260,usgs,12058790,ok,2008-09-30,2019-12-31,4110,0.7255,11,"flags: A=4104; A, e=6",247.228770946567,253.5598360018944,2.303
76261,usgs,12059500,ok,1950-03-18,2019-12-31,25491,0.0,41,"flags: A=25127; A, e=364",286.183881306899,303.02860890931197,1.327
76262,usgs,12060500,ok,1950-01-01,2019-12-31,21550,0.2682,29,"flags: A=20285; A, R=1133; A, e=132 | AREA MISMATCH polygon/national=0.0041",0.80961772400686,197.6160928186368,2256.8643
76263,usgs,12065500,ok,1950-01-01,1970-10-06,7584,1.0,0,flags: A=7584 | AREA MISMATCH polygon/national=0.445,1.73843386211464,3.91088204660736,8.1997
76264,usgs,12068500,ok,1950-01-01,1974-10-01,7700,1.0,0,flags: A=7700,44.4247292087235,47.65578123018239,3.8587
76265,usgs,12069550,ok,1969-08-01,2012-10-01,12555,0.3913,18,"flags: A=11871; A, e=684 | AREA MISMATCH polygon/national=1.45",51.8529384920411,35.7418359226368,1.6384
76266,usgs,12070000,ok,1950-01-01,1998-09-29,8673,0.9513,1,"flags: A=8611; A, e=62 | AREA MISMATCH polygon/national=1.59",21.0182322915006,13.2089393627136,1.0722
76267,usgs,12076500,ok,1951-07-01,1971-09-29,7396,1.0,0,flags: A=7396 | AREA MISMATCH polygon/national=0.000981,0.0998346882455139,101.7865327362048,2816.5739
76268,usgs,12076800,ok,2004-10-01,2019-12-31,5570,0.628,15,"flags: A=5303; A, R=157; A, e=110 | AREA MISMATCH polygon/national=0.000702",0.0998403988662259,142.19034725744638,4001.8592
76269,usgs,12079000,ok,1950-01-01,2019-12-31,22490,0.1261,32,"flags: A=22133; A, e=325; A, R=31; A, <=1",236.998950654132,232.5809323081728,2.6079
76270,usgs,12080010,ok,1950-01-01,2019-12-31,15036,0.2865,29,"flags: A=14377; A, e=659 | AREA MISMATCH polygon/national=0.000239",0.100218422884728,419.578073874432,9987.2819
76271,usgs,12081000,ok,1950-01-01,1990-02-28,7942,0.9513,2,flags: A=7942 | AREA MISMATCH polygon/national=0.0288,1.83706998428615,63.7137075142656,35.0684
76272,usgs,12083000,ok,1950-01-01,2019-12-31,21794,0.252,23,"flags: A=21424; A, e=370 | AREA MISMATCH polygon/national=0.00151",0.294808735558762,194.7671058972672,3197.5664
76273,usgs,12086500,ok,1950-01-01,2019-12-31,25567,0.0,41,"flags: A=25471; A, e=96 | AREA MISMATCH polygon/national=0.000133",0.100538529218409,756.2765282181119,36289.0153
76274,usgs,12087000,ok,1950-01-01,2019-12-31,13148,0.3109,28,"flags: A=12701; A, e=447",206.835659023125,209.0120405041152,2.7739
76275,usgs,12088000,ok,1950-01-01,2019-12-31,17631,0.353,26,"flags: A=16651; A, e=980 | AREA MISMATCH polygon/national=0.00112",0.100458390035468,89.35458980659199,1665.7921
76276,usgs,12089500,ok,1950-01-01,2019-12-31,22409,0.0,41,"flags: A=22310; A, e=99 | AREA MISMATCH polygon/national=0.00015",0.200734608839367,1339.0238530437118,15731.1589
76277,usgs,12090400,ok,1990-11-07,2019-12-31,9611,0.3582,24,"flags: A=8674; A, e=937 | AREA MISMATCH polygon/national=0.0343",0.55575754131676,16.187425689599998,34.7695
76278,usgs,12090500,ok,1950-01-01,2019-12-31,11687,0.3353,26,"flags: A=10541; A, e=1146 | AREA MISMATCH polygon/national=0.00158",0.30140154412638,191.1411225427968,325.2954
76279,usgs,12091100,ok,1959-06-01,2019-12-31,20586,0.103,30,"flags: A=19322; A, e=941; A, R=323 | AREA MISMATCH polygon/national=0.00526",0.0998817443585306,18.98461284876288,314.5346
76280,usgs,12091200,ok,1957-03-01,2019-12-31,22291,0.0441,38,"flags: A=21934; A, e=357",15.0867024613111,12.25064376188928,0.8369
76281,usgs,12091290,ok,2005-09-30,2019-12-31,3068,0.7951,0,"flags: A=2938; A, e=90; A, R=40 | AREA MISMATCH polygon/national=3.9",66.0139830314858,16.93852224159744,0.5575
76282,usgs,12091300,ok,1957-02-01,2005-04-29,16549,0.4294,19,"flags: A=16003; A, e=546 | AREA MISMATCH polygon/national=3.89",66.0139830314858,16.99032200380416,0.4202
76283,usgs,12091500,ok,1950-01-01,2019-12-31,13897,0.456,22,"flags: A=12767; A, e=1130",281.229082507406,269.358763474944,0.9927
76284,usgs,12093500,ok,1950-01-01,2019-12-31,25567,0.0,41,"flags: A=25140; A, e=427 | AREA MISMATCH polygon/national=0.00519",2.3119967850602,445.477954977792,776.7358
76285,usgs,12094000,ok,1950-01-01,2019-12-31,20600,0.3109,28,"flags: A=19988; A, e=612 | AREA MISMATCH polygon/national=0.00867",1.77219999699492,204.3500619055104,605.5132
76286,usgs,12096500,ok,2006-09-30,2019-12-31,4831,0.6774,13,"flags: A=4715; A, e=116",1104.02329063679,1134.414792327168,3.832
76287,usgs,12097000,ok,1950-01-01,1975-10-17,9421,1.0,0,flags: A=9421 | AREA MISMATCH polygon/national=0.000179,0.0999658282755085,559.437431832576,22201.3145
76288,usgs,12097500,ok,1950-01-01,2019-12-31,21885,0.2153,26,"flags: A=21599; A, e=286 | AREA MISMATCH polygon/national=0.000525",0.0999501570775618,190.364126109696,5046.3954
76289,usgs,12099200,ok,2003-07-18,2019-12-31,6011,0.5986,16,"flags: A=5879; A, e=132 | AREA MISMATCH polygon/national=9.39e-05",0.0999131045994773,1064.485113348096,34295.4935
76290,usgs,12099600,ok,1977-03-11,2019-12-31,15561,0.005,40,"flags: A=15182; A, e=379 | AREA MISMATCH polygon/national=0.0025",0.099905265285051,39.8858168991744,826.2127
76291,usgs,12101500,ok,1950-01-01,2019-12-31,25567,0.0,41,"flags: A=25224; A, e=343 | AREA MISMATCH polygon/national=4.07e-05",0.0998461084386651,2455.308728598528,82764.8154
76292,usgs,12102190,ok,1989-10-01,2019-12-31,6586,0.5602,4,"flags: A=5977; A, e=609 | AREA MISMATCH polygon/national=0.0164",0.099889585258427,6.0864720592896,129.5705
76293,usgs,12105710,ok,1965-07-01,1987-09-29,8126,0.7867,8,flags: A=8126 | AREA MISMATCH polygon/national=1.54,66.7100491889796,43.252801442611194,3.0723
76294,usgs,12106700,ok,1963-07-01,2019-12-31,20638,0.0,41,"flags: A=20528; A, e=110 | AREA MISMATCH polygon/national=0.000167",0.0996577273799623,598.287253487616,23172.4373
76295,usgs,12108500,ok,1950-01-01,2019-12-31,24867,0.0,41,"flags: A=24080; A, e=787 | AREA MISMATCH polygon/national=0.00281",0.199450534397917,70.96567422320639,717.1902
76296,usgs,12112600,ok,1960-09-01,2019-12-31,21671,0.0,41,"flags: A=21342; A, e=329 | AREA MISMATCH polygon/national=1.32",228.572377073561,172.7522069594112,1.3462
76297,usgs,12113000,ok,1950-01-01,2019-12-31,25567,0.0,41,"flags: A=25494; A, e=73 | AREA MISMATCH polygon/national=0.000193",0.199311296173239,1033.405256024064,16795.8518
76298,usgs,12113347,ok,1994-01-11,2019-12-31,9382,0.3735,25,"flags: A=8854; A, e=528 | AREA MISMATCH polygon/national=0.0154",0.0995162423372992,6.449070394736641,96.8311
76299,usgs,12113349,ok,1994-02-25,2019-12-31,9441,0.3695,26,"flags: A=8924; A, e=517 | AREA MISMATCH polygon/national=0.0134",0.196031387834022,14.58163306119168,194.1832
76300,usgs,12113350,ok,1960-10-01,1984-09-29,8765,0.8598,5,flags: A=8765 | AREA MISMATCH polygon/national=8.72e-05,0.0993609600204786,1139.59476854784,37346.6627
76301,usgs,12115000,ok,1950-01-01,2019-12-31,25567,0.0,41,"flags: A=24259; A, e=1308 | AREA MISMATCH polygon/national=0.00189",0.199089091533841,105.4125160906752,3149.4971
76302,usgs,12115500,ok,1950-01-01,2019-12-31,25567,0.0,41,"flags: A=25158; A, e=409 | AREA MISMATCH polygon/national=0.00287",0.0995812736774191,34.7058406785024,2459.4271
76303,usgs,12115700,ok,1983-03-01,2019-12-31,13090,0.1259,35,"flags: A=11663; A, e=1427",13.9903231610972,12.017544831959038,4.2867
76304,usgs,12116400,ok,2001-10-01,2019-12-31,6666,0.5549,18,"flags: A=6562; A, e=104 | AREA MISMATCH polygon/national=0.000913",0.198343972172848,217.3000024571904,1465.0319
76305,usgs,12116500,ok,1950-01-01,2019-12-31,25567,0.0,41,"flags: A=25423; A, e=144 | AREA MISMATCH polygon/national=0.0105",2.28861907098013,218.0769988902912,357.4043
76306,usgs,12117500,ok,1950-01-01,2019-12-31,25567,0.0,41,"flags: A=25519; A, e=48 | AREA MISMATCH polygon/national=0.000635",0.198981102608486,313.388561350656,8545.4921
76307,usgs,12117600,ok,1991-12-12,2019-12-31,10247,0.3157,28,"flags: A=10185; A, e=62 | AREA MISMATCH polygon/national=0.000574",0.199059762080309,347.058406785024,6878.3597
76308,usgs,12118500,ok,1950-01-01,2019-12-31,14761,0.569,16,"flags: A=14698; A, e=63 | AREA MISMATCH polygon/national=0.00305",0.0995283606216001,32.633850190233595,454.4281
76309,usgs,12119000,ok,1950-01-01,2019-12-31,25567,0.0,41,"flags: A=25443; A, e=124 | AREA MISMATCH polygon/national=0.000416",0.198108439981184,476.557812301824,8307.1907
76310,usgs,12120000,ok,1955-07-01,2019-09-30,23468,0.0061,40,"flags: A=23185; A, e=283",36.3226332040463,31.079857324032,1.5167
76311,usgs,12120500,ok,1963-09-01,1990-06-03,9562,0.7214,11,"flags: A=9552; A, e=10 | AREA MISMATCH polygon/national=0.00571",0.0989032865847737,17.32702045814784,283.5826
76312,usgs,12120600,ok,1986-10-01,2019-12-31,11779,0.2134,31,"flags: A=11572; A, e=207 | AREA MISMATCH polygon/national=0.00218",0.0993767102764113,45.5837907419136,1203.6204
76313,usgs,12124000,ok,1955-07-01,1987-03-23,8525,0.9396,2,flags: A=8525,35.230274287355,33.669845434368,1.5938
76314,usgs,12125200,ok,1965-02-01,2006-06-30,15125,0.3293,27,"flags: A=14886; A, e=239",383.631788222643,411.808109543424,1.9471
76315,usgs,12126000,ok,1950-01-01,1973-07-12,8594,1.0,0,flags: A=8594 | AREA MISMATCH polygon/national=0.0031,0.197497416372557,63.7137075142656,451.6714
76316,usgs,12127100,ok,1963-10-01,1990-05-08,9522,0.7231,11,"flags: A=9509; A, e=13 | AREA MISMATCH polygon/national=0.00165",0.0988083756040879,59.8287253487616,873.8135
76317,usgs,12128000,ok,1961-06-01,2013-09-29,9093,0.5716,16,"flags: A=8819; A, e=274 | AREA MISMATCH polygon/national=0.00631",0.197859187517672,31.3388561350656,125.7394
76318,usgs,12134500,ok,1950-01-01,2019-12-31,25567,0.0,41,"flags: A=25385; A, e=182 | AREA MISMATCH polygon/national=7.12e-05",0.098660054371537,1385.64363902976,101004.1383
76319,usgs,12135000,ok,1950-01-01,1999-09-29,14050,0.738,3,"flags: A=13872; A, e=178",41.9561623213616,49.209774096383995,9.0834
76320,usgs,12137290,ok,1991-10-01,2019-12-31,10319,0.3109,28,"flags: A=10039; A, e=280",32.6500448368931,30.043862079897597,9.8991
76321,usgs,12137500,ok,1950-01-01,1971-06-30,7851,1.0,0,flags: A=7851,197.633806261666,192.954114220032,10.4166
76322,usgs,12137800,ok,1983-05-01,2019-12-31,11870,0.2073,31,"flags: A=11867; A, e=3",207.030421834711,199.6880833069056,2.2286
76323,usgs,12138160,ok,1983-10-01,2019-12-31,13241,0.1158,36,"flags: A=13120; A, e=121",257.386910185036,243.9768799936512,7.3748
76324,usgs,12141000,ok,1950-01-01,1971-10-01,7944,1.0,0,flags: A=7944,132.844005944357,146.07532942295038,2.846
76325,usgs,12143600,ok,1962-07-01,2019-12-31,14277,0.1158,36,"flags: A=14107; A, e=170 | AREA MISMATCH polygon/national=0.00287",0.490056622917922,170.68021647114242,2150.8218
76326,usgs,12143700,ok,1950-01-01,2019-12-31,25567,0.0,41,"flags: A=25072; A, e=495 | AREA MISMATCH polygon/national=0.0737",0.299773909864694,4.06628133322752,183.7665
76327,usgs,12143900,ok,1981-08-12,2019-12-31,14021,0.0637,38,"flags: A=12974; A, e=1047 | AREA MISMATCH polygon/national=0.437",4.12126861606166,9.42755672162304,24.8648
76328,usgs,12144000,ok,1950-01-01,2019-12-31,18302,0.124,36,"flags: A=17720; A, e=582 | AREA MISMATCH polygon/national=0.0195",4.12837095413138,211.6020286144512,327.4558
76329,usgs,12144500,ok,1958-09-01,2019-12-31,22402,0.0,41,"flags: A=22266; A, e=136 | AREA MISMATCH polygon/national=0.000455",0.442010880396257,971.245541376,14890.3272
76330,usgs,12147000,ok,1950-01-01,1970-09-29,7577,1.0,0,flags: A=7577 | AREA MISMATCH polygon/national=1.87,82.7880573299096,44.2887966867456,1.1697
76331,usgs,12148000,ok,1952-10-01,2019-12-31,22585,0.0,41,"flags: A=21651; A, R=779; A, e=155",57.877909678954,51.0227657736192,4.8762
76332,usgs,12148300,ok,1982-03-01,2019-12-31,13820,0.0771,38,"flags: A=13473; A, e=347 | AREA MISMATCH polygon/national=0.00129",0.0989190979263188,76.6636480659456,3667.8254
76333,usgs,12148500,ok,1950-01-01,2019-12-31,25567,0.0,41,"flags: A=25444; A, e=123",202.457680716241,210.8250321813504,6.9831
76334,usgs,12150800,ok,1963-02-01,2019-12-31,20788,0.0,41,"flags: A=20244; A, e=544 | AREA MISMATCH polygon/national=2.48e-05",0.0986637597630177,3980.811725586432,237103.846
76335,usgs,12153000,ok,1950-01-01,1970-09-29,7210,1.0,0,flags: A=7210 | AREA MISMATCH polygon/national=0.00223,0.0982850221378421,44.029797875712,761.1972
76336,usgs,12155300,ok,1992-05-05,2019-12-31,10102,0.3254,27,"flags: A=9775; A, e=327 | AREA MISMATCH polygon/national=0.000299",0.0984676606992349,328.928490012672,12300.157
76337,usgs,12157000,ok,1950-01-01,1977-09-06,7237,1.0,0,flags: A=7237 | AREA MISMATCH polygon/national=0.644,25.66829433991,39.8858168991744,2.3825
76338,usgs,12157250,ok,1974-10-01,2019-12-31,8083,0.5334,19,"flags: A=7733; A, e=350 | AREA MISMATCH polygon/national=0.00479",0.0982373320974569,20.51270583386112,162.293
76339,usgs,12158010,ok,2000-11-13,2019-12-31,6988,0.5334,19,"flags: A=5426; A, e=1562 | AREA MISMATCH polygon/national=0.00401",0.0981599047998228,24.44948776157184,213.878
76340,usgs,12158040,ok,1974-10-01,2019-12-31,8081,0.5335,19,"flags: A=7947; A, e=125; A, R=9 | AREA MISMATCH polygon/national=0.00246",0.0982113814224047,39.8858168991744,361.6342
76341,usgs,12161000,ok,1950-01-01,1980-12-27,11270,0.9547,2,flags: A=11270,306.120053825909,308.208585129984,8.905
76342,usgs,12168500,ok,1950-07-01,1998-09-29,12083,0.7983,0,"flags: A=12021; A, e=62",132.297626181716,134.679381737472,4.5247
76343,usgs,12182500,ok,1950-01-01,2019-12-31,15836,0.6498,13,"flags: A=15812; A, e=24 | AREA MISMATCH polygon/national=0.000436",0.194116474697976,445.477954977792,13635.8632
76344,usgs,12186000,ok,1950-01-01,2019-12-31,25567,0.0,41,"flags: A=25283; A, e=284 | AREA MISMATCH polygon/national=0.00505",1.98889492435041,393.678192771072,1413.3834
76345,usgs,12189500,ok,1950-01-01,2019-12-31,25567,0.0,41,"flags: A=25325; A, e=242 | AREA MISMATCH polygon/national=0.00035",0.647886567362996,1849.251510779904,16832.7704
76346,usgs,12194000,ok,1950-01-01,2019-12-31,25567,0.0,41,"flags: A=25404; A, e=163 | AREA MISMATCH polygon/national=4.71e-05",0.333649975431489,7088.797457989632,113114.2823
76347,usgs,12196000,ok,1950-01-01,1971-09-29,7942,1.0,0,flags: A=7942,26.859964689435,27.7128727805952,3.2862
76348,usgs,12201500,ok,1950-01-01,2019-12-31,16441,0.4329,23,"flags: A=16245; A, e=196",218.987229724549,227.4009560875008,2.7693
76349,usgs,12201960,ok,2001-10-01,2019-12-31,6665,0.5549,18,"flags: A=6157; A, e=493; A, <=15",9.67565530498559,8.70236005072896,2.5157
76350,usgs,12202300,ok,1967-11-01,2019-12-31,7365,0.5549,18,"flags: A=7283; A, e=82 | AREA MISMATCH polygon/national=0.0099",0.096904558062325,9.79015505707008,236.5567
76351,usgs,12202310,ok,2002-05-22,2019-12-31,6433,0.5704,17,"flags: A=5944; A, e=340; A, <=149 | AREA MISMATCH polygon/national=0.032",0.096904558062325,3.03028608909312,47.4759
76352,usgs,12202420,ok,2002-06-14,2016-09-29,5222,0.6513,13,"flags: A=4884; A, e=338 | AREA MISMATCH polygon/national=0.0474",0.0968944509653434,2.04609060716544,27.628
76353,usgs,12208000,ok,1954-06-01,2019-12-31,12298,0.3171,28,"flags: A=12105; A, e=193 | AREA MISMATCH polygon/national=0.00051",0.0968563313889685,189.8461284876288,13402.9908
76354,usgs,12209490,ok,1998-10-01,2019-12-31,7762,0.4817,21,"flags: A=6993; A, e=769 | AREA MISMATCH polygon/national=5.54",330.262636332837,59.569726537727995,1.0464
76355,usgs,12209500,ok,1950-01-01,1969-09-29,7212,1.0,0,flags: A=7212 | AREA MISMATCH polygon/national=0.00162,0.0970571541716549,59.8287253487616,3393.437
76356,usgs,12210000,ok,2008-10-01,2019-12-31,4109,0.7256,11,"flags: A=4047; A, e=62 | AREA MISMATCH polygon/national=0.00029",0.0970491273531952,334.10846623334396,23810.8574
76357,usgs,12210500,ok,1950-01-01,2005-09-29,18687,0.3476,26,"flags: A=17881; A, e=806 | AREA MISMATCH polygon/national=6.4e-05",0.0967920005387512,1512.553056436224,89236.255
76358,usgs,12210700,ok,2004-10-15,2019-12-31,5388,0.6402,14,"flags: A=5371; A, e=17 | AREA MISMATCH polygon/national=6.34e-05",0.0967356840502739,1525.502996987904,93031.3628
76359,usgs,12210900,ok,1998-10-01,2019-12-31,7762,0.4817,21,"flags: A=7115; A, e=639; A, <=8 | AREA MISMATCH polygon/national=1.41",32.7044643399152,23.20629346861056,1.5357
76360,usgs,12508990,ok,1970-10-01,2019-12-31,17624,0.0244,39,"flags: A=17231; A, e=393 | AREA MISMATCH polygon/national=1.46e-05",0.202780235519588,13879.746283290624,40571.709
76361,usgs,12513000,ok,1952-10-01,2014-09-29,22510,0.1371,34,"flags: A=22090; A, e=420 | AREA MISMATCH polygon/national=0.000166",0.100868704028164,606.0572178186239,69.7633
76362,usgs,12513500,ok,1953-01-01,1979-09-29,9767,0.9818,0,flags: A=9767 | AREA MISMATCH polygon/national=1.33,1894.6186637734,1427.0834487951358,0.0089
76363,usgs,13168500,ok,1950-01-01,2019-12-31,25567,0.0,41,"flags: A=25418; A, e=149 | AREA MISMATCH polygon/national=4.61e-05",0.32059632170087,6956.708064362496,2803.8365
76364,usgs,13334300,ok,1958-07-22,2019-12-31,22443,0.0,41,"flags: A=22409; A, e=34 | AREA MISMATCH polygon/national=6.38e-05",15.3600985505748,240765.29473683453,5461.5308
76365,usgs,13334450,ok,2003-09-30,2019-12-31,5937,0.6035,16,"flags: A=5752; A, e=185 | AREA MISMATCH polygon/national=0.0045",1.21314785013596,269.358763474944,114.7025
76366,usgs,13341570,ok,2003-08-15,2019-12-31,5982,0.6005,16,"flags: A=5618; A, e=364 | AREA MISMATCH polygon/national=0.000374",0.564073246612197,1509.963068325888,1825.5607
76367,usgs,13342295,ok,2002-06-19,2019-10-21,6333,0.5771,16,"flags: A=6062; A, e=271 | AREA MISMATCH polygon/national=0.00255",0.202431796093173,79.5126349873152,99.541
76368,usgs,13342450,ok,1974-10-01,2019-12-31,15667,0.0575,37,"flags: A=15379; A, e=288 | AREA MISMATCH polygon/national=0.000729",0.498595095030557,683.7568611287039,383.695
76369,usgs,13353000,ok,1962-04-01,2000-09-29,12236,0.5915,15,flags: A=12236 | AREA MISMATCH polygon/national=3.62e-07,0.101633537440699,281013.709971456,1322481.8449
76370,usgs,14013500,ok,1950-01-01,1971-09-29,7942,1.0,0,flags: A=7942 | AREA MISMATCH polygon/national=0.00462,0.203404978227919,44.029797875712,191.8935
76371,usgs,14013700,ok,1997-11-01,2019-12-31,7023,0.531,16,"flags: A=6542; A, e=481 | AREA MISMATCH polygon/national=0.00144",0.344912513707289,240.0918978281472,899.796
76372,usgs,14018500,ok,1951-10-01,2019-12-31,24929,0.0,41,"flags: A=24395; A, e=534",4275.14144897031,4291.610298826752,0.3354
76373,usgs,14021000,ok,1950-01-01,1989-09-29,14517,0.7379,10,"flags: A=14420; A, e=97 | AREA MISMATCH polygon/national=0.000536",0.884231719751485,1649.822426284032,1415.4895
76374,usgs,14022500,ok,1950-01-01,1989-09-29,14517,0.7379,10,"flags: A=14466; A, e=51 | AREA MISMATCH polygon/national=0.000435",0.202945510230306,466.19785986048,1301.2644
76375,usgs,14023500,ok,1950-01-01,1991-09-30,15248,0.6891,12,"flags: A=14456; A, e=792 | AREA MISMATCH polygon/national=0.000213",0.102816145830958,481.737788522496,2427.1672
76376,usgs,14025000,ok,1950-01-01,1976-09-29,9769,1.0,0,flags: A=9769 | AREA MISMATCH polygon/national=0.000611,0.460483312383837,753.686540107776,290.4329
76377,usgs,14032000,ok,1950-01-01,1988-09-30,14153,0.7622,9,"flags: A=14138; A, e=15",764.110336606121,753.686540107776,0.1027
76378,usgs,14033500,ok,1950-01-01,2019-12-31,25567,0.0,41,"flags: A=25298; A, e=269",6488.31511217805,5931.0727726694395,0.1944
76379,usgs,14034470,ok,1982-10-01,2019-12-31,13606,0.0914,37,"flags: A=12861; A, e=745",181.050504456172,175.8601926918144,0.2736
76380,usgs,14034480,ok,1982-05-01,2003-09-30,7823,0.4776,20,"flags: A=7618; A, e=205 | AREA MISMATCH polygon/national=0.00152",0.103328848567663,68.11668730183679,58.5831
76381,usgs,14034500,ok,1951-10-01,2019-12-31,24929,0.0,41,"flags: A=24801; A, e=128",273.080210528275,250.7108490805248,0.1823
76382,usgs,14034608,ok,2007-10-01,2019-12-31,4475,0.7012,12,"flags: A=3909; A, e=566 | AREA MISMATCH polygon/national=0.00122",0.462875694709418,380.728252219392,145.4489
76383,usgs,14046890,ok,2003-10-01,2019-12-31,5936,0.6036,16,"flags: A=5798; A, e=138 | AREA MISMATCH polygon/national=0.00289",0.486348275407405,168.24562764742657,18.0888
76384,usgs,14076500,ok,1952-07-14,2019-12-31,24642,0.0,41,"flags: A=24605; A, e=37 | AREA MISMATCH polygon/national=0.000153",1.07365816485378,7005.9178384588795,2074.7393
76385,usgs,14087380,ok,2003-10-01,2019-12-31,5936,0.6036,16,"flags: A=5843; A, e=93 | AREA MISMATCH polygon/national=6.51e-05",0.762142114290748,11706.74625871872,1177.0557
76386,usgs,14087400,ok,1961-10-01,2019-12-31,21276,0.0,41,"flags: A=21233; A, e=43 | AREA MISMATCH polygon/national=1.75e-05",0.206715787441562,11802.575818801151,18179.3011
76387,usgs,14113200,ok,1963-04-17,2019-12-31,12061,0.5778,16,"flags: A=11982; A, e=79",96.1489258726648,107.484506578944,0.6645
76388,usgs,14118500,ok,1950-01-01,1991-09-30,15248,0.6891,12,"flags: A=15229; A, e=19",269.547777340007,247.60286334812156,5.0871
76389,usgs,14120000,ok,1965-01-16,2019-12-31,20068,0.0003,41,"flags: A=19906; A, e=162 | AREA MISMATCH polygon/national=0.000907",0.655120496114634,722.606682783744,3594.935
76390,usgs,14125500,ok,1956-10-01,1977-10-05,7675,1.0,0,"flags: A=7674; A, e=1 | AREA MISMATCH polygon/national=0.00304",1.05458357962961,347.058406785024,1269.2068
76391,usgs,14128500,ok,1950-01-01,1977-09-29,10134,1.0,0,kept 00060_Mean of 2 00060 series | flags: A=10134 | AREA MISMATCH polygon/national=0.000176,0.102602081064849,582.7473248256,30386.9293
76392,usgs,14137000,ok,1950-01-01,2019-12-31,25567,0.0,41,"flags: A=24781; A, e=715; A, R=71 | AREA MISMATCH polygon/national=0.000511",0.349162333817558,683.7568611287039,9550.1373
76393,usgs,14137002,ok,2002-03-07,2007-09-30,2034,0.8642,5,"flags: A=1955; A, e=79 | AREA MISMATCH polygon/national=0.000511",0.349162333817558,683.7568611287039,5673.6295
76394,usgs,14138720,ok,1992-10-01,2019-12-31,9953,0.3354,27,"flags: A=9767; A, e=186",15.4030103138638,13.15713960050688,4.227
76395,usgs,14138800,ok,1963-10-01,2019-12-31,20546,0.0,41,"flags: A=20190; A, e=355; A, R=1 | AREA MISMATCH polygon/national=0.00487",0.103108183898576,21.16020286144512,1356.7741
76396,usgs,14138850,ok,1966-07-22,2019-12-31,19521,0.0,41,"flags: A=19357; A, e=164",129.932020447658,124.0604304850944,7.6262
76397,usgs,14139700,ok,1964-08-01,2003-09-29,14089,0.3965,24,"flags: A=13785; A, e=304 | AREA MISMATCH polygon/national=0.01",0.205589936763048,20.53860571496448,773.1287
76398,usgs,14140000,ok,1950-01-01,2019-12-31,25567,0.0,41,"flags: A=25343; A, e=224 | AREA MISMATCH polygon/national=0.00642",1.77823150737969,277.128727805952,835.9346
76399,usgs,14140001,ok,1959-10-01,2015-09-30,20454,0.1037,36,"flags: A=20242; A, e=212 | AREA MISMATCH polygon/national=0.00642",1.77823150737969,277.128727805952,1101.4691
76400,usgs,14142500,ok,1950-01-01,2019-12-31,19144,0.13,35,"flags: A=18962; A, e=182",1134.30456086803,1129.2348161064958,4.9124
76401,usgs,14142800,ok,1999-10-01,2019-12-31,7397,0.506,20,"flags: A=7212; A, e=185 | AREA MISMATCH polygon/national=0.503",14.4680300399139,28.748868024729596,3.902
76402,usgs,14143500,ok,1950-01-01,1981-09-29,11595,0.933,2,flags: A=11595 | AREA MISMATCH polygon/national=0.00322,0.900841510208113,279.718715916288,2362.8747
76403,usgs,14144800,ok,1958-10-01,1997-09-30,14245,0.5427,18,"flags: A=14130; A, e=115 | AREA MISMATCH polygon/national=0.00573",3.91807592793091,683.7568611287039,506.6298
76404,usgs,14144900,ok,1958-10-01,1981-09-29,8400,0.933,2,flags: A=8400 | AREA MISMATCH polygon/national=0.00306,0.4171201998946,136.4923734147072,882.2451
76405,usgs,14145500,ok,1950-01-01,2019-12-31,25567,0.0,41,"flags: A=25483; A, e=84 | AREA MISMATCH polygon/national=0.000105",0.106219554501241,1015.275339251712,26865.3047
76406,usgs,14146500,ok,1950-01-01,1994-06-13,15870,0.6475,13,"flags: A=15760; A, e=110",303.207810125995,303.02860890931197,3.5251
76407,usgs,14147500,ok,1950-01-01,1994-09-30,15979,0.6403,13,"flags: A=15799; A, e=180",636.792925303273,637.1370751426559,3.0632
76408,usgs,14148000,ok,1950-01-01,2019-12-31,25567,0.0,41,"flags: A=25487; A, e=80 | AREA MISMATCH polygon/national=0.000218",0.522067920677411,2393.149013950464,13606.978
76409,usgs,14150000,ok,1950-01-01,2019-12-31,25567,0.0,41,"flags: A=25557; A, e=10 | AREA MISMATCH polygon/national=4.08e-05",0.105819829939168,2592.578098446336,70654.2616
76410,usgs,14150300,ok,1963-09-01,1999-09-30,13179,0.494,20,"flags: A=13074; A, e=105 | AREA MISMATCH polygon/national=0.000346",0.105775315254437,305.618597019648,9584.4865
76411,usgs,14150800,ok,1963-09-01,2019-12-31,13635,0.4635,21,"flags: A=13203; A, e=432",112.611846997392,113.7004780437504,2.4976
76412,usgs,14151000,ok,1950-01-01,2019-12-31,25567,0.0,41,"flags: A=25464; A, e=103 | AREA MISMATCH polygon/national=0.00193",0.931871502210816,481.737788522496,1525.0045
76413,usgs,14152000,ok,1952-10-01,2019-12-31,24563,0.0,41,"flags: A=24551; A, e=12 | AREA MISMATCH polygon/national=0.00231",8.02717215420652,3470.58406785024,1253.2556
76414,usgs,14152500,ok,1950-01-01,2019-12-31,14975,0.7073,10,"flags: A=14971; A, e=4 | AREA MISMATCH polygon/national=2",373.59734684612,186.73814275522557,1.317
76415,usgs,14153500,ok,1950-01-01,2019-12-31,25567,0.0,41,"flags: A=25544; A, e=23",278.281095476364,269.358763474944,2.2856
76416,usgs,14155500,ok,1950-01-01,2019-12-31,25567,0.0,41,"flags: A=25470; A, e=97",697.66715359362,699.2967897907199,2.5945
76417,usgs,14156500,ok,1950-01-01,1981-10-13,11243,0.9321,2,flags: A=11243,249.330254230767,246.8258669150208,2.3652
76418,usgs,14158850,ok,1959-10-01,2019-12-31,22007,0.0,41,"flags: A=21904; A, e=103 | AREA MISMATCH polygon/national=0.000707",0.336822157456484,476.557812301824,7360.7231
76419,usgs,14159110,ok,2003-01-30,2006-09-30,1340,0.9105,3,"flags: A=1328; A, e=12 | AREA MISMATCH polygon/national=0.00055",0.748849622413927,1362.2301465123226,8008.9348
76420,usgs,14159200,ok,1957-10-01,2019-12-31,17987,0.3172,27,"flags: A=17923; A, e=64 | AREA MISMATCH polygon/national=0.00993",4.11332879353419,414.39809765376,375.6707
76421,usgs,14159500,ok,1950-01-01,2019-12-31,25567,0.0,41,"flags: A=25506; A, e=61 | AREA MISMATCH polygon/national=0.000392",0.210978215648858,538.717526949888,9821.9343
76422,usgs,14161100,ok,1963-09-01,2003-09-29,14639,0.3965,24,"flags: A=14436; A, e=203 | AREA MISMATCH polygon/national=0.000888",0.105338767237985,118.6214554533888,5830.8169
76423,usgs,14162200,ok,1966-10-01,2019-12-31,19450,0.0,41,"flags: A=19344; A, e=106 | AREA MISMATCH polygon/national=0.00241",0.547325514255395,227.1419572764672,2029.9082
76424,usgs,14163000,ok,1951-10-01,1990-09-30,10957,0.7135,11,flags: A=10957 | AREA MISMATCH polygon/national=0.000855,0.105460895530184,123.2834340519936,4852.3546
76425,usgs,14163900,ok,1989-10-01,2019-12-31,11049,0.2622,30,"flags: A=10928; A, e=121 | AREA MISMATCH polygon/national=7.52e-05",0.210617933765295,2799.7771472732156,34704.8198
76426,usgs,14164900,ok,2007-03-22,2019-12-31,4668,0.6883,12,"flags: A=4625; A, e=43",2957.81916614267,2952.58644578304,3.8857
76427,usgs,14165000,ok,1950-01-01,2019-12-31,21183,0.0244,39,"flags: A=20873; A, e=310 | AREA MISMATCH polygon/national=0.000779",0.357155145537149,458.427895529472,3597.4969
76428,usgs,14165500,ok,1950-01-01,2019-12-31,11322,0.7987,8,"flags: A=11308; A, e=14",3449.83511144854,3462.8141035192316,4.0756
76429,usgs,14167000,ok,1950-01-01,1987-09-29,13786,0.7867,8,flags: A=13786 | AREA MISMATCH polygon/national=0.000429,0.105686225481433,246.30786929295357,4157.5672
76430,usgs,14169000,ok,1950-01-01,2019-12-31,25567,0.0,41,"flags: A=25510; A, e=57 | AREA MISMATCH polygon/national=0.000162",0.105507804554832,652.6770038046719,11887.5486
76431,usgs,14170000,ok,1950-01-01,2019-12-31,25567,0.0,41,"flags: A=25530; A, e=37 | AREA MISMATCH polygon/national=0.000559",0.566115260961888,1012.685351141376,3242.003
76432,usgs,14171000,ok,1950-01-01,2019-12-31,20087,0.3659,25,"flags: A=19924; A, e=163",398.793718092596,411.808109543424,2.737
76433,usgs,14172000,ok,1950-01-01,1990-09-30,14883,0.7135,11,"flags: A=14807; A, e=76",268.853478159599,271.94875158528,4.0127
76434,usgs,14173500,ok,1950-01-01,1981-09-29,11595,0.933,2,flags: A=11595 | AREA MISMATCH polygon/national=0.000214,0.206258429126774,963.475577044992,10832.8427
76435,usgs,14174000,ok,1950-01-01,2019-12-31,25567,0.0,41,"flags: A=25547; A, e=20",12560.8037234731,12535.54245402624,2.7987
76436,usgs,14180300,ok,1998-10-01,2019-12-31,7762,0.4817,21,"flags: A=7483; A, e=279",81.8154245716434,67.339690868736,3.3077
76437,usgs,14181500,ok,1950-01-01,2019-12-31,25567,0.0,41,"flags: A=25548; A, e=19 | AREA MISMATCH polygon/national=0.000178",0.208763672085206,1173.264613982208,27429.8442
76438,usgs,14181750,ok,2005-10-01,2008-10-22,1118,0.9253,2,"flags: A=1091; A, e=27",36.3193406807374,38.3318240329728,5.4926
76439,usgs,14184100,ok,1964-10-01,2019-12-31,6420,0.6525,14,"flags: A=6418; A, e=2 | AREA MISMATCH polygon/national=0.00011",0.208896839968202,1906.231249207296,38633.5866
76440,usgs,14187200,ok,1973-08-01,2019-12-31,16954,0.0,41,"flags: A=16936; A, e=18",1453.54807948456,1442.623377457152,4.732
76441,usgs,14187500,ok,1950-01-01,2019-12-31,25268,0.02,39,"flags: A=25163; A, e=105 | AREA MISMATCH polygon/national=0.000126",0.209678999289499,1657.59239061504,35788.8467
76442,usgs,14188610,ok,1993-07-15,2019-12-31,9666,0.3545,26,"flags: A=9185; A, e=481 | AREA MISMATCH polygon/national=0.0782",0.208655678436994,2.66768775364608,86.3346
76443,usgs,14188800,ok,1962-10-01,2019-12-31,15431,0.3659,25,"flags: A=15344; A, e=87",295.005110335765,284.1993953471693,3.9552
76444,usgs,14189000,ok,1950-01-01,2019-12-31,25202,0.0244,39,"flags: A=25117; A, e=85",4637.28617120635,4636.078717501439,4.1173
76445,usgs,14189500,ok,1950-01-01,1978-09-29,10499,1.0,0,flags: A=10499 | AREA MISMATCH polygon/national=0.00118,0.104440301281791,88.83659218452479,5072.034
76446,usgs,14190000,ok,1950-01-01,1970-09-29,7577,1.0,0,flags: A=7577,308.785867312607,297.84863268864,3.7319
76447,usgs,14190500,ok,1950-01-01,2019-12-31,25567,0.0,41,"flags: A=25426; A, e=141 | AREA MISMATCH polygon/national=0.000168",0.104315445100165,621.5971464806399,20241.8956
76448,usgs,14190700,ok,1957-10-01,1978-09-29,7669,1.0,0,flags: A=7669,79.2794325290914,70.96567422320639,4.4733
76449,usgs,14191000,ok,1950-01-01,2019-12-31,25567,0.0,41,"flags: A=25452; A, e=115",18808.0995327707,18855.11344324608,3.1015
76450,usgs,14192000,ok,1950-01-01,1978-09-29,10499,1.0,0,flags: A=10499,302.012808911303,284.89869213696,1.1108
76451,usgs,14192500,ok,1950-01-01,1993-09-29,15978,0.6403,14,"flags: A=15953; A, e=25",342.324417277238,344.468418674688,4.3876
76452,usgs,14193000,ok,1950-01-01,1991-09-29,15247,0.6891,12,"flags: A=15238; A, e=9 | AREA MISMATCH polygon/national=0.00869",1.45668143805659,167.5722307387392,443.6199
76453,usgs,14194000,ok,1950-01-01,1991-09-29,15247,0.6891,12,"flags: A=15071; A, e=176",1311.13119634853,1300.174031388672,3.2787
76454,usgs,14194150,ok,1994-10-01,2019-12-31,9223,0.3841,25,"flags: A=9107; A, e=116 | AREA MISMATCH polygon/national=0.00452",6.17557940454639,1367.5137222574078,682.9568
76455,usgs,14194300,ok,1958-10-01,1991-09-29,11504,0.6891,12,"flags: A=11483; A, e=21",25.4654624374047,23.387592636334077,4.4183
76456,usgs,14196000,ok,1967-10-01,2008-12-08,15045,0.2698,30,"flags: A=14888; A, e=157 | AREA MISMATCH polygon/national=0.0285",0.509601117040733,17.8709179613184,120.8017
76457,usgs,14197000,ok,1950-01-01,1973-09-29,8673,1.0,0,flags: A=8673 | AREA MISMATCH polygon/national=0.00205,0.353922692102321,173.01120577044475,1667.9549
76458,usgs,14197900,ok,2001-10-01,2019-12-31,6666,0.5549,18,"flags: A=6159; A, e=507",21679.0053526881,21626.4007213056,2.8428
76459,usgs,14198000,ok,1950-01-01,1973-07-31,8613,1.0,0,flags: A=8613,21927.2896817851,21755.9001268224,3.2067
76460,usgs,14198400,ok,1993-03-31,2019-12-31,9772,0.3474,26,"flags: A=8958; A, e=814 | AREA MISMATCH polygon/national=0.23",0.46378577140574,2.02019072606208,9.5562
76461,usgs,14198500,ok,1950-01-01,1993-09-29,15978,0.6403,14,"flags: A=15754; A, e=224",280.766213902611,251.228846702592,4.7253
76462,usgs,14199704,ok,2002-06-07,2019-12-31,6417,0.5715,17,"flags: A=6034; A, e=383 | AREA MISMATCH polygon/national=1.27",2.01213162699306,1.5798927473049598,1.7025
76463,usgs,14200000,ok,1950-01-01,2019-12-31,16068,0.5305,19,"flags: A=15901; A, e=167 | AREA MISMATCH polygon/national=0.000578",0.483523518940623,836.566159638528,5938.1444
76464,usgs,14201300,ok,1993-07-01,2019-12-31,9680,0.3536,26,"flags: A=8280; A, e=1400 | AREA MISMATCH polygon/national=0.501",19.4764878224659,38.84982165504,2.8525
76465,usgs,14201340,ok,1997-10-01,2019-12-31,8127,0.4573,22,"flags: A=7926; A, e=201 | AREA MISMATCH polygon/national=0.000627",0.510018100601462,813.256266645504,3868.4368
76466,usgs,14201500,ok,1950-01-01,2019-12-31,10109,0.6908,12,"flags: A=10072; A, e=37",159.032899458435,152.0323020767232,3.3417
76467,usgs,14202000,ok,1950-01-01,2019-12-31,13250,0.4749,20,"flags: A=12824; A, e=426",1287.94824317998,1240.604304850944,2.4357
76468,usgs,14202980,ok,1975-01-01,2006-10-01,11597,0.3231,27,"flags: A=11584; A, e=13 | AREA MISMATCH polygon/national=0.00103",0.103077711312583,100.4915386810368,2704.5273
76469,usgs,14203000,ok,1950-01-01,1974-09-29,9038,1.0,0,flags: A=9038,112.213818973504,112.14648517754878,3.2886
76470,usgs,14203500,ok,1950-01-01,2019-12-31,25567,0.0,41,"flags: A=25530; A, e=37",323.423807047062,323.748513792,2.9549
76471,usgs,14205400,ok,2002-05-08,2019-12-31,6447,0.5695,17,"flags: A=6307; A, e=140 | AREA MISMATCH polygon/national=0.0289",2.52786330563968,87.54159812935679,80.2427
76472,usgs,14206900,ok,1990-10-01,2019-12-31,10684,0.2865,29,"flags: A=10219; A, e=465 | AREA MISMATCH polygon/national=1.35",8.28542626004544,6.13827182149632,0.9133
76473,usgs,14206950,ok,1993-10-01,2019-12-31,7889,0.4732,21,"flags: A=7615; A, e=268; A, R=6 | AREA MISMATCH polygon/national=0.00126",0.1031919382879,81.58462547558399,1074.2053
76474,usgs,14207500,ok,1950-01-01,2019-12-31,25567,0.0,41,"flags: A=25480; A, e=87 | AREA MISMATCH polygon/national=5.65e-05",0.103290835744736,1828.531605897216,36046.9039
76475,usgs,14209500,ok,1950-01-01,2019-12-31,25567,0.0,41,"flags: A=25417; A, e=150 | AREA MISMATCH polygon/national=0.000732",0.908740309392742,1240.604304850944,5455.7863
76476,usgs,14211000,ok,1962-10-01,1983-09-29,7669,0.8843,4,flags: A=7669,2391.45154431926,2416.458906943488,3.7561
76477,usgs,14211010,ok,2001-06-01,2019-12-31,6788,0.5467,18,"flags: A=6585; A, e=203",2407.92986321109,2434.5888237158397,3.3398
76478,usgs,14211315,ok,2001-08-01,2019-12-31,6726,0.5509,18,"flags: A=6394; A, e=332 | AREA MISMATCH polygon/national=0.019",0.308857419430528,16.26512533291008,70.7876
76479,usgs,14211400,ok,1998-02-26,2019-12-31,7979,0.4672,22,"flags: A=7710; A, R=154; A, e=115 | AREA MISMATCH polygon/national=0.022",0.873682529573508,39.782217374760954,89.4979
76480,usgs,14211499,ok,2000-03-11,2019-12-31,7235,0.5169,19,"flags: A=7016; A, e=219",11.8538104020418,12.14704423747584,1.5756
76481,usgs,14211500,ok,1950-01-01,2019-12-31,25567,0.0,41,"flags: A=24976; A, e=591 | AREA MISMATCH polygon/national=0.00148",0.103060269588051,69.4116813570048,1273.633
76482,usgs,14211550,ok,1989-04-22,2019-12-31,11211,0.2514,30,"flags: A=11103; A, e=108 | AREA MISMATCH polygon/national=0.593",81.7268408823811,137.70966782656512,2.2623
76483,usgs,14211720,ok,1972-10-01,2019-12-31,17258,0.0,41,"flags: A=11806; A, e=5452",28841.6923829351,29007.8668357632,2.7864
76484,usgs,14216000,ok,1954-10-01,2019-12-31,10866,0.6646,13,"flags: A=10792; A, e=74 | AREA MISMATCH polygon/national=0.00147",0.864723379003753,587.927301046272,3651.9619
76485,usgs,14216500,ok,1954-10-01,2019-12-31,20273,0.1158,36,"flags: A=20090; A, e=183",343.772162445399,349.64839489535996,6.2364
76486,usgs,14219000,ok,2006-10-01,2019-12-31,4840,0.6768,13,"flags: A=4773; A, e=67",166.509194943762,166.01823787253758,6.6144
76487,usgs,14219800,ok,1959-06-01,2019-12-31,21642,0.0244,39,"flags: A=21409; A, e=233",36.0365459614084,32.633850190233595,7.0296
76488,usgs,14220500,ok,1950-01-01,2019-12-31,25567,0.0,41,"flags: A=25561; A, e=6",1900.50466924748,1893.281308655616,6.2857
76489,usgs,14223500,ok,1950-01-01,1982-09-12,9664,0.984,0,flags: A=9664,520.304831877613,512.817645846528,5.8915
76490,usgs,14226500,ok,1950-01-01,2019-12-31,25567,0.0,41,"flags: A=24645; A, e=922 | AREA MISMATCH polygon/national=0.000268",0.199060461611857,743.3265876664319,19980.0606
76491,usgs,14231000,ok,1993-10-01,2019-12-31,9588,0.3597,26,"flags: A=9469; A, e=119 | AREA MISMATCH polygon/national=0.000144",0.202235203106356,1401.1835676917758,34494.2536
76492,usgs,14233400,ok,1950-01-01,1994-03-07,16137,0.6297,15,"flags: A=16079; A, e=58 | AREA MISMATCH polygon/national=3.79e-05",0.101223579778169,2667.6877536460797,115727.1361
76493,usgs,14235500,ok,1950-10-01,1971-09-29,7669,1.0,0,flags: A=7669 | AREA MISMATCH polygon/national=0.0238,1.01174828292848,42.475805009510395,291.7334
76494,usgs,14237000,ok,1950-01-01,1972-09-29,8308,1.0,0,flags: A=8308,9.10352536419566,8.52106088300544,2.6384
76495,usgs,14237500,ok,1950-01-01,1970-10-21,7599,1.0,0,flags: A=7599 | AREA MISMATCH polygon/national=0.00103,0.101208080304725,97.9015505707008,2798.0253
76496,usgs,14240525,ok,1989-10-01,2019-12-31,8856,0.4086,22,"flags: A=8310; A, e=546 | AREA MISMATCH polygon/national=1.9",716.746061005408,378.138264109056,2.6864
76497,usgs,14241500,ok,1950-01-01,2013-09-29,9280,0.5692,17,"flags: A=9170; A, e=110",327.224337967576,310.79857324031997,4.9678
76498,usgs,14242500,ok,1950-01-01,1982-09-29,11151,0.9627,1,flags: A=11151,1224.14592514577,1227.654364299264,4.2586
76499,usgs,14242580,ok,1981-03-24,2019-12-31,14162,0.0543,38,"flags: A=14061; A, e=101",1280.10798162682,1284.634102726656,4.0395
76500,usgs,14243500,ok,1950-01-01,1969-09-29,7212,1.0,0,flags: A=7212,50.7088164355025,50.7637669625856,4.3824
76501,usgs,14245000,ok,1950-10-01,1984-09-30,12417,0.8599,5,flags: A=12417,306.273412211142,308.208585129984,3.4138
76502,usgs,14246900,ok,1968-05-01,2019-12-31,11205,0.3046,28,"flags: A=9095; A, e=2110 | AREA MISMATCH polygon/national=0.000224",149.118820571636,665367.9455453183,3878.022
76503,usgs,14247500,ok,1950-01-01,1971-10-12,7955,1.0,0,flags: A=7955 | AREA MISMATCH polygon/national=0.00119,0.202795626286053,170.4212176601088,4683.2387
76504,usgs,14249000,ok,1955-10-01,1975-10-28,7333,1.0,0,flags: A=7333 | AREA MISMATCH polygon/national=0.00865,0.893975353247446,103.3405256024064,940.3305
76505,usgs,14250500,ok,1950-01-01,1969-09-29,7212,1.0,0,flags: A=7212,42.030439949084,39.367819277107195,7.2923
76506,usgs,14299800,ok,2001-07-26,2019-12-31,6733,0.5504,18,"flags: A=6569; A, e=164 | AREA MISMATCH polygon/national=0.00336",0.60750223363513,180.7293703392461,948.5406
76507,usgs,14301500,ok,1950-01-01,2019-12-31,25567,0.0,41,"flags: A=25401; A, e=166 | AREA MISMATCH polygon/national=0.000247",0.103062471840468,416.988085764096,28041.4394
76508,usgs,14302480,ok,1996-04-01,2019-12-31,8675,0.4207,23,"flags: A=8422; A, e=253",373.59734684612,404.038145212416,6.3903
76509,usgs,14302900,ok,1960-10-01,2019-12-31,17698,0.2633,30,"flags: A=17448; A, e=250 | AREA MISMATCH polygon/national=0.00644",0.103362430220434,16.057926284083198,695.4332
76510,usgs,14303600,ok,1964-10-01,2019-12-31,13969,0.4148,23,"flags: A=13814; A, e=155 | AREA MISMATCH polygon/national=0.00431",2.01028435816445,466.19785986048,1279.347
76511,usgs,14306100,ok,1957-10-01,1989-09-29,11687,0.7379,10,flags: A=11687,165.726023093393,163.16925095116798,4.0658
76512,usgs,14306400,ok,1960-10-01,1990-09-29,9494,0.7135,11,"flags: A=9452; A, e=42 | AREA MISMATCH polygon/national=0.000356",0.10512237049278,295.258644578304,12528.0248
76513,usgs,14307580,ok,1967-10-01,1989-09-29,8035,0.7379,10,"flags: A=7981; A, e=54 | AREA MISMATCH polygon/national=0.000234",0.105574750094713,450.657931198464,16373.5119
76514,usgs,14307620,ok,1967-10-01,2019-12-31,16527,0.1708,33,"flags: A=16329; A, e=198 | AREA MISMATCH polygon/national=0.00024",0.365442438693471,1522.913008877568,13081.8176
76515,usgs,14307700,ok,1955-10-01,1986-09-29,11322,0.8111,7,flags: A=11322,396.211813211901,393.678192771072,1.9698
76516,usgs,14308000,ok,1950-01-01,2019-12-31,25567,0.0,41,"flags: A=25359; A, e=208 | AREA MISMATCH polygon/national=9.25e-05",0.107615230615306,1162.904661540864,23741.4383
76517,usgs,14308500,ok,1954-10-01,2019-12-31,19814,0.2684,28,"flags: A=19643; A, e=171",147.650451075326,147.3703234781184,1.2982
76518,usgs,14309000,ok,1950-01-01,2019-12-31,25567,0.0,41,"flags: A=25403; A, e=164",197.989757111892,202.019072606208,1.3251
76519,usgs,14310000,ok,1954-10-01,2019-12-31,23833,0.0,41,"flags: A=23780; A, e=53",1194.17713651172,1181.034578313216,1.6372
76520,usgs,14311000,ok,1955-10-01,1986-09-29,11322,0.8111,7,flags: A=11322,144.56873697786,140.3773555802112,1.2378
76521,usgs,14311500,ok,1955-10-01,2000-09-30,16437,0.4695,21,"flags: A=16307; A, e=130 | AREA MISMATCH polygon/national=0.00558",2.28534760311701,409.218121433088,275.0406
76522,usgs,14312000,ok,1950-01-01,2019-12-31,25567,0.0,41,"flags: A=25402; A, e=165",4248.22258990684,4325.28014426112,1.602
76523,usgs,14314500,ok,1950-01-01,2019-12-31,25567,0.0,41,"flags: A=25428; A, e=139 | AREA MISMATCH polygon/national=0.0039",0.42053143816696,107.7435053899776,212.7271
76524,usgs,14315950,ok,2003-10-01,2019-12-31,5928,0.6041,16,"flags: A=5840; A, e=88 | AREA MISMATCH polygon/national=0.00332",0.529223927954558,159.5432675966976,633.2601
76525,usgs,14316000,ok,1950-01-01,2006-09-29,20360,0.3477,25,"flags: A=20195; A, e=165",177.772020566596,178.1911819911168,1.8972
76526,usgs,14316495,ok,1997-10-01,2019-12-31,8126,0.4574,22,"flags: A=7837; A, e=289 | AREA MISMATCH polygon/national=0.00268",0.210877794644065,78.73563855421439,1207.1908
76527,usgs,14316500,ok,1950-01-01,2019-12-31,25565,0.0001,41,"flags: A=25492; A, e=73 | AREA MISMATCH polygon/national=8.7e-05",0.106970115700977,1230.2443524096,33437.7273
76528,usgs,14318000,ok,1954-10-01,2019-12-31,20272,0.2378,30,"flags: A=20160; A, e=112",455.457699338234,458.427895529472,2.4191
76529,usgs,14319500,ok,1954-10-01,2019-12-31,23833,0.0,41,"flags: A=23587; A, e=246",3502.36165416149,3480.944020291584,2.6138
76530,usgs,14320700,ok,1955-10-01,2001-09-30,12053,0.6341,14,flags: A=12053,542.633823814045,543.89750317056,2.025
76531,usgs,14320934,ok,2007-08-30,2019-12-31,4507,0.699,12,"flags: A=4462; A, e=42; A, R=3 | AREA MISMATCH polygon/national=0.00455",0.106737558042522,23.4393923985408,515.5016
76532,usgs,14321000,ok,1950-01-01,2019-12-31,25567,0.0,41,"flags: A=25282; A, e=285 | AREA MISMATCH polygon/national=9.57e-05",0.913006072610936,9538.926210367488,20056.5889
76533,usgs,14324500,ok,1954-10-01,1981-09-29,9861,0.933,2,flags: A=9861 | AREA MISMATCH polygon/national=0.0466,5.6664019621819,121.4704423747584,107.6483
76534,usgs,14324580,ok,1975-07-01,2008-09-29,12145,0.2745,29,"flags: A=11994; A, e=151 | AREA MISMATCH polygon/national=0.152",1.52533486640724,10.049153868103678,6.9131
76535,usgs,14328000,ok,1950-01-01,2019-12-31,19762,0.3876,24,"flags: A=19607; A, e=155 | AREA MISMATCH polygon/national=0.00217",1.75278896694471,808.076290424832,1220.4378
76536,usgs,14330000,ok,1968-10-01,2019-12-31,18718,0.0001,41,"flags: A=18569; A, e=147; A, R=2 | AREA MISMATCH polygon/national=0.00343",3.37088278398392,981.605493817344,1041.1463
76537,usgs,14335500,ok,1950-01-01,1991-09-30,15248,0.6891,12,"flags: A=15156; A, e=92",351.213085086275,357.41835922636795,1.0487
76538,usgs,14337500,ok,1950-01-01,2019-12-31,21914,0.0,41,"flags: A=21791; A, e=123",635.203128179193,634.54708703232,0.8965
76539,usgs,14337600,ok,1965-10-01,2019-12-31,14700,0.3416,25,"flags: A=14536; A, e=164",2425.45459076806,2429.4088474951677,2.1403
76540,usgs,14337800,ok,1973-08-01,2000-09-29,9922,0.4696,21,"flags: A=9803; A, e=119",206.100576864934,204.0910630944768,1.6838
76541,usgs,14337870,ok,1973-09-06,2000-09-29,9556,0.4696,21,"flags: A=9402; A, e=154 | AREA MISMATCH polygon/national=0.0277",1.01846833349535,36.77783116677119,45.8973
76542,usgs,14338000,ok,1950-01-01,2019-12-31,25456,0.0074,40,"flags: A=25252; A, e=204 | AREA MISMATCH polygon/national=0.00159",0.531654787292187,334.10846623334396,994.4573
76543,usgs,14339000,ok,1950-01-01,2019-12-31,25567,0.0,41,"flags: A=25476; A, e=91 | AREA MISMATCH polygon/national=0.000554",1.74247014529075,3146.8355540582397,3569.2696
76544,usgs,14341500,ok,1950-01-01,1982-09-29,10863,0.9086,3,flags: A=10863,336.970065132159,357.41835922636795,0.8054
76545,usgs,14343000,ok,1950-01-01,1985-09-30,12814,0.8354,6,flags: A=12814 | AREA MISMATCH polygon/national=0.00471,0.534143296821182,113.4414792327168,347.2915
76546,usgs,14350000,ok,1950-01-31,1986-09-29,13101,0.8111,7,flags: A=13101,171.75611553302,166.5362354946048,0.5765
76547,usgs,14353000,ok,1974-12-01,2019-12-31,9161,0.4879,20,"flags: A=8939; A, e=222 | AREA MISMATCH polygon/national=0.00393",0.108971420346828,27.7128727805952,227.1531
76548,usgs,14353500,ok,1974-12-01,2019-12-31,9161,0.4879,20,"flags: A=8810; A, e=245; A, R=106",21.5835664016003,21.08250321813504,1.157
76549,usgs,14354200,ok,1990-07-01,2019-12-31,10776,0.2804,29,"flags: A=10475; A, e=301",460.984764818705,463.607871750144,0.4325
76550,usgs,14359000,ok,1950-01-01,2019-12-31,25567,0.0,41,"flags: A=25170; A, e=397",5281.88381365794,5317.245590519808,1.4122
76551,usgs,14361500,ok,1950-01-01,2019-12-31,25567,0.0,41,"flags: A=25480; A, e=87",6349.36082904931,6368.780763316224,1.3236
76552,usgs,14362000,ok,1950-01-01,2019-12-31,25567,0.0,41,"flags: A=25502; A, e=65 | AREA MISMATCH polygon/national=0.000187",0.109117078042372,582.7473248256,9918.5143
76553,usgs,14366000,ok,1950-01-01,2019-12-31,25567,0.0,41,"flags: A=25424; A, e=143",1240.32580883766,1250.964257292288,1.0747
76554,usgs,14369500,ok,1950-01-01,2019-12-31,17195,0.0,41,"flags: A=16906; A, e=289",1793.89647514614,1807.811701014528,0.9857
76555,usgs,14371500,ok,1950-01-01,1989-04-30,14365,0.748,10,"flags: A=14304; A, e=61 | AREA MISMATCH polygon/national=0.00377",0.215611899582686,57.2387372384256,678.8207
76556,usgs,14372300,ok,1960-10-01,2019-12-31,21641,0.0,41,"flags: A=21457; A, e=184",10161.3833509375,10201.963166613505,1.3787
76557,usgs,14372500,ok,1950-01-01,1991-09-30,15248,0.6891,12,"flags: A=15243; A, e=5 | AREA MISMATCH polygon/national=0.003",0.32896157504697,109.5564970672128,1301.0509
76558,usgs,14375100,ok,1965-10-01,2019-12-31,13604,0.4148,23,"flags: A=13563; A, e=41 | AREA MISMATCH polygon/national=0.000501",0.108949901570695,217.3000024571904,4926.7102
76559,usgs,14375500,ok,1954-10-01,1985-09-30,11323,0.8354,6,flags: A=11323 | AREA MISMATCH polygon/national=0.000994,0.109160031738237,109.8154958782464,4913.4438
76560,usgs,14377100,ok,1961-10-01,2019-12-31,21273,0.0002,41,"flags: A=20925; A, e=348",983.895345132686,984.19548192768,3.1209
76561,usgs,14378200,ok,1960-10-01,1981-11-03,7704,0.9307,3,flags: A=7704,2535.94145782381,2558.9082530119676,3.9407
76562,usgs,15081497,ok,1989-09-01,2019-12-31,11079,0.2602,30,"flags: A=9563; A, e=1516 | AREA MISMATCH polygon/national=0.00224",0.283180239009248,126.6504185954304,3189.5408
76563,usgs,15085100,ok,1950-01-01,2018-09-30,25110,0.0305,39,"flags: A=23964; A, e=1146 | AREA MISMATCH polygon/national=0.0173",0.282391710190467,16.316925095116797,372.7341
76564,usgs,16501000,ok,1950-01-01,1983-09-29,12325,0.8843,4,flags: A=12325 | AREA MISMATCH polygon/national=1.47,26.0729143555609,17.715518674698238,5.4563
76565,usgs,16508000,ok,1950-01-01,2019-12-31,25567,0.0,41,"flags: A=25472; A, e=95 | AREA MISMATCH polygon/national=0.398",3.38718731741551,8.52106088300544,16.9959
76566,usgs,16518000,ok,1950-01-01,2019-12-31,25567,0.0,41,"flags: A=25345; A, e=222 | AREA MISMATCH polygon/national=0.0148",0.137383725307155,9.29805731610624,555.7451
76567,usgs,16521300,ok,2007-09-01,2011-06-30,1399,0.9066,3,flags: A=1399 | AREA MISMATCH polygon/national=0.0251,0.137354189121449,5.464874912808959,162.333
76568,usgs,16545000,ok,1950-01-01,1971-11-02,7976,1.0,0,flags: A=7976,4.67977079104151,5.74977360494592,16.06
76569,usgs,16585000,ok,1950-01-01,1971-11-08,7982,1.0,0,flags: A=7982 | AREA MISMATCH polygon/national=0.372,1.29097995625249,3.47058406785024,21.2337
76570,usgs,16587000,ok,1950-01-01,2019-12-31,25567,0.0,41,"flags: A=25535; A, e=32 | AREA MISMATCH polygon/national=0.0899",0.137319061227256,1.52809298509824,82.6887
76571,usgs,16700000,ok,1950-01-01,1995-11-30,16770,0.5874,17,"flags: A=16749; A, e=21 | AREA MISMATCH polygon/national=0.0227",1.25752094239597,55.45164544229376,23.6832
76572,usgs,16701800,ok,1970-09-30,1982-09-30,4384,0.9086,3,flags: A=4384 | AREA MISMATCH polygon/national=0.451,44.8665851121321,99.55914296131584,1.6794
76573,usgs,16717000,ok,1967-02-01,2019-12-31,19327,0.0,41,"flags: A=19168; A, e=159 | AREA MISMATCH polygon/national=1.29",40.3291496614567,31.18345684844543,7.4296
76574,usgs,16720000,ok,1964-01-01,2019-12-31,20454,0.0,41,"flags: A=19957; A, e=497 | AREA MISMATCH polygon/national=0.0692",0.27607585698056,3.98858168991744,124.763
76575,usgs,16720300,ok,1968-06-01,1999-10-19,11463,0.4927,20,"flags: A=11307; A, e=156 | AREA MISMATCH polygon/national=0.254",0.27607585698056,1.08779500634112,33.2128
76576,usgs,16725000,ok,1964-01-01,2019-12-31,20454,0.0,41,"flags: A=19626; A, e=782; A, R=46 | AREA MISMATCH polygon/national=0.704",1.51434070372884,2.14969013157888,11.6066
76577,usgs,16756100,ok,1998-06-26,2011-12-04,4906,0.6724,13,"flags: A=4834; A, e=72 | AREA MISMATCH polygon/national=0.0215",0.138066384521746,6.42317051363328,169.7347
76578,usgs,16757000,ok,1950-01-01,2019-12-31,8423,0.9678,1,flags: A=8423,2.07870128224932,2.3309892993024,8.1776
76579,usgs,16758000,ok,1950-01-01,2011-12-06,22620,0.1968,33,"flags: A=22556; A, e=64",0.13807004761441,,159.7391
76580,usgs,16759000,ok,1956-03-01,2004-10-03,17749,0.3718,25,"flags: A=17606; A, e=143",1.15759081221603,1.19139453075456,3.6857
76581,usgs,16759800,ok,1958-05-01,1982-09-30,8919,0.9086,3,flags: A=8919 | AREA MISMATCH polygon/national=2.06,5.65861488956336,2.74538739695616,0.0922
76582,usgs,16764000,ok,1966-02-01,1991-09-30,9373,0.6891,12,"flags: A=9298; A, e=75",4.04251164926583,4.35118002536448,4.3274
76583,usgs,16770500,ok,1962-05-01,2019-12-31,12786,0.5528,18,"flags: A=12558; A, e=228 | AREA MISMATCH polygon/national=6.08",26.1309073684018,4.29938026315776,0.0438
76584,usgs,50010500,ok,1969-05-20,2019-12-31,6195,0.6343,14,"flags: A=5590; A, e=605 | AREA MISMATCH polygon/national=0.0839",0.686571694765981,8.18436242866176,29.5833
76585,usgs,50014800,ok,1984-05-23,2019-12-31,13006,0.1315,35,"flags: A=11917; A, e=932; A, R=157",0.13938438250827,,2063.5412
76586,usgs,50021700,ok,1999-06-01,2019-12-31,7518,0.498,20,"flags: A=6867; A, e=651",95.6736478648619,93.239571972096,3.1219
76587,usgs,50024950,ok,1996-04-16,2019-12-31,8043,0.4629,19,"flags: A=7324; A, e=719 | AREA MISMATCH polygon/national=0.0428",7.94723097296262,185.7021475110912,62.1124
76588,usgs,50025155,ok,1989-08-21,2019-12-31,11076,0.2604,30,"flags: A=9829; A, e=1247 | AREA MISMATCH polygon/national=0.0273",0.62571907788356,22.94729465757696,121.2718
76589,usgs,50026025,ok,1995-10-01,2019-12-31,8858,0.4085,24,"flags: A=7950; A, e=810; A, R=98 | AREA MISMATCH polygon/national=0.0028",0.275204063959974,98.36774843056126,843.8075
76590,usgs,50026200,ok,2000-12-13,2006-09-29,2117,0.8586,5,"flags: A=2020; A, e=97 | AREA MISMATCH polygon/national=0.0112",1.47336743273433,131.57139600506878,248.5408
76591,usgs,50027000,ok,1999-12-17,2019-12-31,7320,0.5112,20,"flags: A=6922; A, e=396; A, R=2 | AREA MISMATCH polygon/national=0.00342",0.278887159159631,81.58462547558399,810.7259
76592,usgs,50028000,ok,1959-12-01,2019-12-31,21946,0.0,41,"flags: A=20354; A, e=877; A, R=715 | AREA MISMATCH polygon/national=0.0059",0.275091456754273,46.619785986048,464.8507
76593,usgs,50028400,ok,1969-04-09,2019-12-31,14790,0.0672,38,"flags: A=12690; A, e=2100 | AREA MISMATCH polygon/national=0.0117",0.6705399306739,57.49773604945919,398.1382
76594,usgs,50029000,ok,1969-05-19,2018-10-22,13308,0.346,25,"flags: A=12272; A, e=1031; A, >=5 | AREA MISMATCH polygon/national=1.44",745.880452186767,517.9976220671999,1.6043
76595,usgs,50031200,ok,1965-01-01,2017-10-01,19263,0.0551,38,"flags: A=18185; A, e=1078",148.231235035058,142.9673436905472,1.6511
76596,usgs,50034000,ok,1969-02-25,2019-12-31,16151,0.146,34,"flags: A=15176; A, e=919; A, R=56",41.20467642176,43.252801442611194,2.3052
76597,usgs,50035000,ok,1950-01-01,2019-12-31,23619,0.0,41,"flags: A=21896; A, e=1723",348.093247837191,347.058406785024,1.8196
76598,usgs,50038100,ok,1970-01-01,2018-10-16,17821,0.0294,39,"flags: A=17089; A, e=731; A, <=1 | AREA MISMATCH polygon/national=0.000523",0.274885982875015,525.767586398208,4026.6585
76599,usgs,50038320,ok,1969-05-01,2017-09-19,17309,0.08,36,"flags: A=15400; A, e=1909",41.1248103978376,39.108820466073595,1.8478
76600,usgs,50039500,ok,1973-01-01,2019-12-31,17161,0.0003,41,"flags: A=16372; A, e=789 | AREA MISMATCH polygon/national=0.00757",1.67152832501291,220.6669870006272,214.4392
76601,usgs,50043000,ok,1960-04-01,2013-09-29,14426,0.494,19,"flags: A=11330; A, e=3039; A, >=57 | AREA MISMATCH polygon/national=0.00421",0.6884556944194,163.4282497622016,369.3938
76602,usgs,50043800,ok,1988-12-14,2019-12-31,11340,0.2427,31,"flags: A=11021; A, e=319 | AREA MISMATCH polygon/national=0.00138",0.41794172866371,303.02860890931197,1179.2011
76603,usgs,50044810,ok,2001-03-12,2019-12-31,6869,0.5413,18,"flags: A=6656; A, e=201; A, R=12",19.7421879699378,20.87530416930816,2.4945
76604,usgs,50045010,ok,1989-07-14,2019-12-31,11128,0.2569,30,"flags: A=10473; A, e=652; A, <=3",452.370958782617,468.787847970816,1.1824
76605,usgs,50046000,ok,1960-01-01,2019-12-31,21915,0.0,41,"flags: A=21396; A, e=519 | AREA MISMATCH polygon/national=0.00051",0.274919272602763,538.717526949888,2495.7585
76606,usgs,50047560,ok,1990-11-01,2019-12-31,7365,0.5082,19,"flags: A=6509; A, e=856",25.0825355676788,21.54870107799552,1.5944
76607,usgs,50047850,ok,1964-09-01,2019-12-31,13818,0.2306,31,"flags: A=12929; A, e=889 | AREA MISMATCH polygon/national=0.00129",0.139437009947816,108.26150301204478,762.7644
76608,usgs,50048690,ok,1997-08-07,2015-09-29,6628,0.5574,17,"flags: A=6321; A, e=307 | AREA MISMATCH polygon/national=1.38",4.04318148857723,2.9266865646796796,1.6945
76609,usgs,50048770,ok,1988-03-26,2015-09-29,7858,0.4753,19,"flags: A=7110; A, e=748 | AREA MISMATCH polygon/national=0.0142",0.27499105470298,19.39901094641664,185.8885
76610,usgs,50049100,ok,1972-02-29,2019-12-31,12014,0.2212,32,"flags: A=10164; A, e=1179; A, R=669; A, <=1; A, >=1 | AREA MISMATCH polygon/national=1.29",50.7161833693193,39.367819277107195,2.6834
76611,usgs,50050900,ok,1977-10-01,2019-12-31,15432,0.0,41,"flags: A=14662; A, e=770 | AREA MISMATCH polygon/national=2.29",35.6286027994763,15.539928662016,2.2581
76612,usgs,50051310,ok,1977-09-16,2019-12-31,15447,0.0,41,"flags: A=14238; A, e=1209",22.4212208872537,26.1588799143936,4.9565
76613,usgs,50051800,ok,1990-02-01,2019-12-31,10926,0.2704,30,"flags: A=10257; A, e=669 | AREA MISMATCH polygon/national=0.00131",0.139557494462432,106.42261145370624,1941.0929
76614,usgs,50053025,ok,1989-10-01,2019-12-31,10958,0.2682,30,"flags: A=10507; A, e=451",21.0928639945504,18.54431487000576,2.7454
76615,usgs,50055000,ok,1959-11-17,2019-12-31,21960,0.0,41,"flags: A=21108; A, e=852",242.885662809898,232.5809323081728,2.2872
76616,usgs,50055380,ok,2002-01-23,2019-12-31,6372,0.5745,17,"flags: A=5376; A, e=927; A, R=38; A, >=31 | AREA MISMATCH polygon/national=0.434",5.32260122714694,12.25064376188928,5.3902
76617,usgs,50055750,ok,1990-03-10,2019-12-31,10889,0.2729,29,"flags: A=9862; A, e=1027",62.0506657797032,57.7567348604928,1.7281
76618,usgs,50056400,ok,1971-01-28,2019-12-31,17870,0.0,41,"flags: A=16771; A, e=1068; A, R=31 | AREA MISMATCH polygon/national=0.0459",1.94796054171328,42.475805009510395,61.2515
76619,usgs,50057000,ok,1959-10-01,2019-12-31,22003,0.0003,41,"flags: A=21592; A, e=398; A, >=13 | AREA MISMATCH polygon/national=0.00364",0.568034757681122,155.9172842422272,581.7036
76620,usgs,50058350,ok,1990-03-07,2019-12-31,10708,0.2849,29,"flags: A=10229; A, e=427; A, R=52",16.3673091712853,19.50261047083008,2.3304
76621,usgs,50059050,ok,1986-12-25,2019-12-31,12060,0.1947,33,"flags: A=11453; A, e=602; A, >=5 | AREA MISMATCH polygon/national=0.000258",0.139431124122767,541.307515060224,5759.9576
76622,usgs,50059210,ok,2012-09-30,2019-12-31,2649,0.8231,7,"flags: A=2548; A, R=42; A, >=34; A, e=25 | AREA MISMATCH polygon/national=0.00417",0.139424399547426,33.4108466233344,364.8166
76623,usgs,50061800,ok,1967-03-28,2019-12-31,19272,0.0,41,"flags: A=17798; A, e=1191; A, R=283",27.809807673416,26.417878725427197,2.4269
76624,usgs,50063800,ok,1966-08-01,2019-12-31,19510,0.0001,41,"flags: A=17842; A, e=1668 | AREA MISMATCH polygon/national=0.00624",0.13941683626079,22.325697511096315,1059.6678
76625,usgs,50064200,ok,1967-05-09,2019-12-31,16003,0.1911,32,"flags: A=15060; A, e=685; A, R=258 | AREA MISMATCH polygon/national=0.0289",0.547429311044346,18.93281308655616,190.8209
76626,usgs,50065500,ok,1967-08-01,2019-12-31,15708,0.1076,36,"flags: A=12939; A, e=1764; A, R=1005",18.3855727268562,17.819118199111678,7.6354
76627,usgs,50067000,ok,1979-10-01,2019-12-31,14702,0.0182,40,"flags: A=13109; A, e=1225; A, R=368",9.28529644976246,10.25635291693056,5.2429
76628,usgs,50070900,ok,2003-10-01,2019-12-31,5915,0.605,16,"flags: A=5119; A, >=585; A, R=141; A, e=70 | AREA MISMATCH polygon/national=0.0049",0.13948360958049,28.489869213695997,714.9718
76629,usgs,50071000,ok,1961-04-01,2019-12-31,21459,0.0,41,"flags: A=20840; A, e=604; A, >=13; A, R=2",33.4142907183672,38.5908228440064,4.9053
76630,usgs,50075000,ok,1950-01-01,2019-12-31,15886,0.0183,40,"flags: A=14907; A, e=979",3.48801901505949,3.26338501902336,10.1946
76631,usgs,50076000,ok,1982-10-01,2017-02-28,6209,0.5854,16,"flags: A=5618; A, e=591",34.1206033353983,31.8568537571328,5.9954
76632,usgs,50081000,ok,1974-07-12,2019-12-31,12956,0.2134,32,"flags: A=11973; A, e=842; A, R=141 | AREA MISMATCH polygon/national=0.0081",0.139565345436495,17.2234209337344,422.3952
76633,usgs,50085100,not_found,,,,,,no daily flow returned for 1950-2019,55.1423160403708,67.8576884908032,
76634,usgs,50090500,ok,1971-02-09,2019-12-31,14919,0.1963,32,"flags: A=13434; A, e=1485",14.3924468912047,13.93413603360768,3.4137
76635,usgs,50092000,ok,1966-01-01,2019-12-31,19723,0.0,41,"flags: A=17561; A, e=1206; A, R=956",49.6006967316801,47.3967824191488,3.0857
76636,usgs,50093120,ok,2005-10-01,2019-12-31,5183,0.6539,14,"flags: A=4959; A, e=224",68.4064313050233,66.48499479232512,2.0128
76637,usgs,50100200,ok,1988-09-02,2019-12-31,11443,0.2359,31,"flags: A=10163; A, e=1280 | AREA MISMATCH polygon/national=0.00544",0.139655019985561,25.69268205453312,164.9605
76638,usgs,50100450,ok,1973-01-09,2019-12-31,11508,0.2363,31,"flags: A=10081; A, e=1427 | AREA MISMATCH polygon/national=0.0127",0.548373862158169,43.252801442611194,43.3809
76639,usgs,50106100,ok,1987-01-21,2019-12-31,12032,0.1965,33,"flags: A=10648; A, e=1369; A, R=15 | AREA MISMATCH polygon/national=0.00124",0.1396414386087,112.664482799616,509.1232
76640,usgs,50108000,ok,1966-01-01,2010-09-29,10999,0.3508,26,"flags: A=7469; A, e=3530 | AREA MISMATCH polygon/national=0.00825",0.275484834427196,33.4108466233344,89.1312
76641,usgs,50110900,ok,1989-04-05,2019-12-31,11225,0.2504,30,"flags: A=10097; A, e=1128 | AREA MISMATCH polygon/national=0.00749",0.275368066327734,36.77783116677119,158.5245
76642,usgs,50111500,ok,1984-03-14,2019-12-31,13064,0.1276,35,"flags: A=11355; A, e=1708; A, >=1",136.660586309442,133.38438768230398,0.9689
76643,usgs,50112500,ok,1964-07-01,2019-12-31,19984,0.0,41,"flags: A=18105; A, e=1665; A, R=214 | AREA MISMATCH polygon/national=0.011",0.275433884369669,25.122884670259197,171.1753
76644,usgs,50113800,ok,1988-12-01,2019-12-31,11353,0.2419,31,"flags: A=10363; A, e=907; A, R=83 | AREA MISMATCH polygon/national=0.0381",1.17411030289396,30.8208585129984,70.3483
76645,usgs,50114000,ok,1964-05-01,2019-12-31,18078,0.1506,33,"flags: A=16706; A, e=1372 | AREA MISMATCH polygon/national=0.00606",0.279291240936718,46.1017883639808,296.7923
76646,usgs,50114900,ok,1997-10-01,2019-12-31,8127,0.4573,22,"flags: A=6238; A, e=1025; A, R=864 | AREA MISMATCH polygon/national=1.27",23.9305706193402,18.82921356214272,1.8094
76647,usgs,50115000,ok,1964-07-01,1999-01-19,12562,0.5149,20,"flags: A=11753; A, e=809 | AREA MISMATCH polygon/national=1.26",28.7458370784635,22.84369513316352,1.6183
76648,usgs,50115900,ok,1997-06-18,2012-09-29,5583,0.6272,14,"flags: A=3730; A, e=1853 | AREA MISMATCH polygon/national=0.00862",0.415230082911894,48.1737788522496,264.5729
76649,usgs,50124200,ok,1981-03-01,2019-12-31,14185,0.0528,39,"flags: A=12789; A, e=1249; A, R=147",56.1339542108234,48.9507752853504,1.0628
76650,usgs,50126150,ok,1976-11-05,2019-12-31,9086,0.4458,22,"flags: A=8730; A, e=356",85.9656678082938,83.1386183417856,0.6853
76651,usgs,50136400,ok,1985-10-01,2019-12-31,12510,0.1646,34,"flags: A=11154; A, e=1244; A, R=112",52.4623140712054,47.3967824191488,2.5197
76652,usgs,50138000,ok,1973-01-01,2019-12-31,17166,0.0,41,"flags: A=15752; A, e=996; A, R=418",313.835600227778,310.79857324031997,1.5551
76653,usgs,50141000,ok,1950-01-01,1985-01-31,7893,0.8875,4,flags: A=7893,39.3135158000993,39.8858168991744,2.435
76654,usgs,50147800,ok,1967-07-12,2019-12-31,18902,0.0176,39,"flags: A=17323; A, e=1579",202.039935651042,184.4071534559232,3.637
78237,usgs,01486000,ok,1951-05-01,2019-12-31,23985,0.0,41,"flags: A=23570; A, e=415 | AREA MISMATCH polygon/national=0.00929",0.115481671982105,12.4319429296128,107.8762
78243,usgs,01667500,ok,1950-01-01,2019-12-31,25567,0.0,41,"flags: A=24944; A, e=623 | AREA MISMATCH polygon/national=9.51e-05",0.115259705041867,1212.114435637248,11717.1627
78244,usgs,02046000,ok,1950-01-01,2019-12-31,25567,0.0,41,"flags: A=24877; A, e=690 | AREA MISMATCH polygon/national=0.000401",0.117274807839408,292.668656467968,2180.1291
78245,usgs,02051500,ok,1950-01-01,2019-12-31,25566,0.0001,41,"flags: A=25037; A, e=529 | AREA MISMATCH polygon/national=8.24e-05",0.11781624025462,1429.6734369054718,10096.5764
78246,usgs,02056900,ok,1976-10-01,2019-12-31,15797,0.0,41,"flags: A=15223; A, e=574 | AREA MISMATCH polygon/national=0.000394",0.117308107785695,297.84863268864,2807.5972
78247,usgs,02059500,ok,1950-01-01,2019-12-31,25567,0.0,41,"flags: A=24659; A, e=908 | AREA MISMATCH polygon/national=0.000241",0.117108912894864,486.917764743168,3739.6748
78248,usgs,02065500,ok,1950-01-01,2019-12-31,25567,0.0,41,"flags: A=25135; A, e=432 | AREA MISMATCH polygon/national=0.000928",0.23451870957536,252.7828395687936,983.8191
78249,usgs,02070000,ok,1950-01-01,2019-12-31,25567,0.0,41,"flags: A=25180; A, e=387 | AREA MISMATCH polygon/national=0.000422",0.118035557737556,279.718715916288,2669.1695
78250,usgs,02074500,ok,1950-01-01,2019-12-31,25567,0.0,41,"flags: A=25037; A, e=530 | AREA MISMATCH polygon/national=0.00041",0.11796091427263,287.488680247296,2286.2244
78253,usgs,02111180,ok,1965-10-01,2019-12-31,19788,0.0018,41,"flags: A=19150; A, e=638 | AREA MISMATCH polygon/national=0.000901",0.118801671137958,131.8303948161024,2032.6526
78254,usgs,02112120,ok,1964-04-01,2014-10-12,18457,0.1273,35,"flags: A=18026; A, e=431 | AREA MISMATCH polygon/national=0.000358",0.118527255550042,331.518478123008,3794.3491
78255,usgs,02112360,ok,1964-04-01,2014-09-29,18444,0.1281,35,"flags: A=18130; A, e=314 | AREA MISMATCH polygon/national=0.00058",0.11843239059842,204.0910630944768,2579.6282
78258,usgs,02149000,ok,1951-01-01,2019-12-31,25202,0.0,41,"flags: A=25074; A, e=128 | AREA MISMATCH polygon/national=0.000585",0.119764371751308,204.609060716544,2741.862
78260,usgs,02202600,ok,1980-02-14,2019-12-31,14566,0.0273,40,"flags: A=14430; A, e=136 | AREA MISMATCH polygon/national=0.000207",0.124411957205779,600.877241597952,3197.098
78274,usgs,02479300,ok,1961-09-30,2019-12-31,21277,0.0,41,"flags: A=20948; A, e=329",1124.96819765819,1142.184756658176,1.8316
78275,usgs,03165000,ok,1950-01-01,2019-12-31,25566,0.0001,41,"flags: A=25058; A, e=508 | AREA MISMATCH polygon/national=0.00116",0.11792654765603,102.0455315472384,1438.7342
78276,usgs,03285000,ok,1950-01-01,2019-12-31,25567,0.0,41,"flags: A=24851; A, e=716 | AREA MISMATCH polygon/national=0.000141",0.116384115576731,823.616219086848,10097.2292
78281,usgs,03504000,ok,1950-01-01,2019-12-31,25567,0.0,41,"flags: A=25301; A, e=266 | AREA MISMATCH polygon/national=0.000894",0.120204255741639,134.42038292643838,4189.2406
78284,usgs,05593575,ok,1967-10-01,2019-12-31,19085,0.0,41,"flags: A=17645; A, e=1440 | AREA MISMATCH polygon/national=0.000527",0.115118495054354,218.33599770132477,1692.2722
78295,usgs,08014500,ok,1950-01-01,2019-12-31,25201,0.0,41,"flags: A=24592; A, e=609 | AREA MISMATCH polygon/national=9.57e-05",0.126383545183674,1320.89393627136,14919.0
78297,usgs,08025500,ok,1955-10-01,2019-12-31,22735,0.0489,38,"flags: A=22165; A, e=570 | AREA MISMATCH polygon/national=0.000328",0.125572419261056,383.318240329728,3173.3027
78299,usgs,08086290,ok,1962-02-01,2019-12-31,21153,0.0,41,"flags: A=20556; A, e=597",747.909195847105,725.19667089408,0.1017
78340,usgs,11124500,ok,1950-01-01,2019-12-31,25567,0.0,41,"flags: A=24673; A, e=894 | AREA MISMATCH polygon/national=0.00126",0.241966772975203,191.659120164864,202.6986
78341,usgs,11143000,ok,1950-04-01,2019-12-31,25477,0.0,41,"flags: A=24551; A, e=926 | AREA MISMATCH polygon/national=0.00196",0.236386143956075,120.434447130624,1030.1784
78343,usgs,11180500,ok,1959-04-01,2019-12-31,22190,0.0,41,"flags: A=22065; A, e=125 | AREA MISMATCH polygon/national=0.00479",0.11643717260063,24.31998835605504,54.0442
78344,usgs,11180960,ok,1978-10-01,2019-12-31,15067,0.0,41,"flags: A=14600; A, e=467 | AREA MISMATCH polygon/national=0.00775",0.116261545039747,14.996031158845438,62.842
78346,usgs,11224500,ok,1950-01-01,2019-12-31,25567,0.0,41,"flags: A=25413; A, e=154 | AREA MISMATCH polygon/national=0.000478",0.118577399563355,248.12086097018877,118.6296
78353,usgs,11528700,ok,1965-10-01,2019-12-31,19815,0.0,41,"flags: A=19497; A, e=272; A, R=46 | AREA MISMATCH polygon/national=5.64e-05",0.111510039542331,1978.750916296704,29150.1689
78354,usgs,12025000,ok,1950-01-01,2019-12-31,25202,0.0244,39,"flags: A=25110; A, e=92 | AREA MISMATCH polygon/national=0.000251",0.100948843212412,401.44815710208,12583.0104
78355,usgs,12035000,ok,1950-01-01,2019-12-31,25567,0.0,41,"flags: A=25377; A, e=112; A, R=78 | AREA MISMATCH polygon/national=0.000129",0.100241875548281,774.4064449904639,51313.5431
78358,usgs,12073500,ok,1950-01-01,2019-12-31,22645,0.0,41,"flags: A=22089; A, e=556 | AREA MISMATCH polygon/national=0.00594",0.0995026375370352,16.75722307387392,276.1799
78359,usgs,12147500,ok,1952-10-01,2016-09-29,21947,0.0793,37,"flags: A=21536; A, e=411 | AREA MISMATCH polygon/national=0.000957",0.0988953803772513,103.3405256024064,8840.4909
78361,usgs,14138900,ok,1965-08-01,2019-12-31,19876,0.0,41,"flags: A=19717; A, e=159 | AREA MISMATCH polygon/national=0.00478",0.103031986172905,21.54870107799552,1744.8801
78366,usgs,14182500,ok,1950-01-01,2019-12-31,25567,0.0,41,"flags: A=25432; A, e=135 | AREA MISMATCH polygon/national=0.00036",0.104304843729985,290.07866835763195,17379.5471
78367,usgs,14185000,ok,1950-01-01,2019-12-31,25567,0.0,41,"flags: A=25451; A, e=116 | AREA MISMATCH polygon/national=0.000233",0.105022968949549,450.657931198464,19315.948
78368,usgs,14185900,ok,1963-08-01,2019-12-31,20306,0.0,41,"flags: A=19981; A, e=325 | AREA MISMATCH polygon/national=0.000815",0.209514131824584,256.92682054533117,7538.578
78369,usgs,14222500,ok,1950-01-01,2019-12-31,25567,0.0,41,"flags: A=25495; A, e=72 | AREA MISMATCH polygon/national=0.000316",0.102397446465266,323.748513792,17747.2222
78370,usgs,14236200,ok,1956-10-01,2019-12-31,23102,0.0,41,"flags: A=22988; A, e=114 | AREA MISMATCH polygon/national=0.000277",0.100988703521192,365.1883235573759,19962.5057
78371,usgs,14303200,ok,1983-07-01,2019-12-31,13333,0.1096,36,"flags: A=12865; A, e=468 | AREA MISMATCH polygon/national=0.0129",0.103334241458803,8.003063260938239,412.7929
78372,usgs,14309500,ok,1955-10-01,2019-12-31,23468,0.0,41,"flags: A=23191; A, e=277 | AREA MISMATCH polygon/national=0.000958",0.215654838486839,225.0699667881984,2842.086
78373,usgs,14316700,ok,1956-10-01,2019-12-31,23102,0.0,41,"flags: A=22853; A, e=249 | AREA MISMATCH polygon/national=0.000363",0.213140719157325,587.927301046272,8282.7333
78633,usgs,01484100,ok,1958-05-01,2019-12-31,22525,0.0,41,"flags: A=21965; A, e=560 | AREA MISMATCH polygon/national=0.656",5.12862890467646,7.821764093214719,1.7701
78634,usgs,01485500,ok,1950-01-01,2019-12-31,25567,0.0,41,"flags: A=25374; A, e=193 | AREA MISMATCH polygon/national=0.0208",2.42128478289627,116.2904661540864,54.7732
78635,usgs,01487000,ok,1950-01-01,2019-12-31,25567,0.0,41,"flags: A=25462; A, e=105 | AREA MISMATCH polygon/national=0.344",67.148392816033,195.2851035193344,3.4514
78640,usgs,01644000,ok,1950-01-01,2019-12-31,25567,0.0,41,"flags: A=24726; A, e=841 | AREA MISMATCH polygon/national=0.000751",0.646148027684355,859.8760526315519,1285.7077
78641,usgs,01666500,ok,1950-01-01,2019-12-31,25567,0.0,41,"flags: A=24962; A, e=605 | AREA MISMATCH polygon/national=0.00136",0.632741587717547,463.607871750144,872.7001
78642,usgs,02038850,ok,1966-04-27,2019-12-31,19607,0.0,41,"flags: A=18758; A, e=849 | AREA MISMATCH polygon/national=0.123",2.71721788542889,22.118498462269436,7.3114
78643,usgs,02051000,ok,1950-01-01,2019-12-31,25201,0.0244,39,"flags: A=24731; A, e=470 | AREA MISMATCH polygon/national=0.0444",6.44497064801642,145.03933417881598,18.6951
78644,usgs,02053200,ok,1958-04-01,2019-12-31,22555,0.0,41,"flags: A=22189; A, e=366 | AREA MISMATCH polygon/national=0.0241",14.0215004879926,582.7473248256,39.4504
78645,usgs,02055100,ok,1956-05-01,2019-12-31,23254,0.0001,41,"flags: A=22883; A, e=371 | AREA MISMATCH polygon/national=0.0113",0.341693680257412,30.302860890931196,88.1578
78646,usgs,02092500,ok,1951-01-01,2019-12-31,25202,0.0,41,"flags: A=24934; A, e=268 | AREA MISMATCH polygon/national=0.0321",13.9597369917246,435.118002536448,34.7431
78648,usgs,02118500,ok,1951-01-01,2019-12-31,25202,0.0,41,"flags: A=24784; A, e=418 | AREA MISMATCH polygon/national=0.00938",3.7663496640744,401.44815710208,130.1076
78649,usgs,02198100,ok,1986-06-07,2019-12-31,12261,0.1812,33,"flags: A=11895; A, e=365; A, [4]=1 | AREA MISMATCH polygon/national=0.0192",1.53321111636429,79.7716337983488,38.4322
78655,usgs,02312200,ok,1958-08-01,2019-12-31,22433,0.0,41,"flags: A=21993; A, e=440 | AREA MISMATCH polygon/national=0.00169",0.636384739052154,375.54827599872,272.7377
78656,usgs,02314500,ok,1950-01-01,2019-12-31,25567,0.0,41,"flags: A=24974; A, e=593",3082.65571972923,2926.68656467968,0.6911
78657,usgs,02315500,ok,1950-01-01,2019-12-31,25567,0.0,41,"flags: A=25133; A, e=434",6343.93271353662,6293.671108116479,0.634
78659,usgs,03300400,ok,1972-08-15,2019-12-31,17305,0.0,41,"flags: A=16750; A, e=555 | AREA MISMATCH polygon/national=0.00435",4.91777685918684,1129.2348161064958,328.3977
78660,usgs,03384450,ok,1967-10-01,2019-12-31,19085,0.0,41,"flags: A=18379; A, e=706 | AREA MISMATCH polygon/national=0.00856",0.95091748665188,111.1104899334144,157.9949
78661,usgs,03455500,ok,1954-03-01,2019-12-31,24047,0.0,41,"flags: A=23613; A, e=434 | AREA MISMATCH polygon/national=0.0806",5.75927756852873,71.4836718452736,42.9232
78662,usgs,03456500,ok,1954-03-01,2019-12-31,24047,0.0,41,"flags: A=23840; A, e=207 | AREA MISMATCH polygon/national=0.00287",0.383104303045899,133.38438768230398,912.0068
78668,usgs,07068000,ok,1950-01-01,2019-12-31,25567,0.0,41,"flags: A=25527; A, e=40 | AREA MISMATCH polygon/national=8.77e-05",0.462899316248145,5278.395768864768,15272.9857
78672,usgs,07340300,ok,1967-06-01,2019-12-31,19207,0.0,41,"flags: A=18674; A, e=533 | AREA MISMATCH polygon/national=0.0358",8.30998642352703,232.06293468610556,55.7396
78674,usgs,07373000,ok,1950-01-01,2019-12-31,25567,0.0,41,"flags: A=25263; A, e=304 | AREA MISMATCH polygon/national=0.0019",0.250534265521952,132.089393627136,605.3761
78675,usgs,07376000,ok,1950-01-01,2019-12-31,25202,0.0244,39,"flags: A=25100; A, e=102 | AREA MISMATCH polygon/national=0.000868",0.555091725594254,639.7270632529919,1657.5523
78677,usgs,08013000,ok,1950-01-01,2019-12-31,25552,0.001,41,"flags: A=25420; A, e=132 | AREA MISMATCH polygon/national=0.00526",6.79418268498686,1292.404067057664,266.9652
78680,usgs,08202700,ok,1960-11-01,2019-12-31,21610,0.0,41,"flags: A=21559; A, e=51",483.04336584266,435.118002536448,0.0415
78685,usgs,09505350,ok,1960-10-01,2019-12-31,21641,0.0,41,"flags: A=21101; A, e=540 | AREA MISMATCH polygon/national=0.00171",0.627123574708993,367.778311667712,155.2192
78686,usgs,09510200,ok,1960-10-01,2019-12-31,21641,0.0,41,"flags: A=19939; A, e=1702 | AREA MISMATCH polygon/national=0.0128",5.42150139975003,424.7580500951039,11.1262
78687,usgs,10259000,ok,1950-01-01,2019-12-31,25567,0.0,41,"flags: A=25497; A, e=70 | AREA MISMATCH polygon/national=0.318",7.12800246856839,22.4033971544064,0.9526
78692,usgs,11148900,ok,1971-09-16,2019-12-31,17639,0.0,41,"flags: A=17425; A, e=214 | AREA MISMATCH polygon/national=0.0415",17.4155573353332,419.578073874432,24.0243
78694,usgs,11176400,ok,1963-10-01,2019-12-31,20546,0.0,41,"flags: A=20388; A, e=153; A, R=5 | AREA MISMATCH polygon/national=0.0125",4.21761478112061,336.69845434368,19.9103
78695,usgs,11284400,ok,1969-05-01,2019-12-31,18507,0.0,41,"flags: A=18444; A, R=42; A, e=21 | AREA MISMATCH polygon/national=0.00824",0.349948982649918,42.475805009510395,63.7254
78696,usgs,11299600,ok,1983-08-24,2019-12-31,13279,0.1133,36,"flags: A=13215; A, e=64 | AREA MISMATCH polygon/national=0.0829",3.09128868951175,37.2958287888384,7.0558
78698,usgs,12040500,ok,1974-04-01,2019-12-31,16711,0.0,41,"flags: A=16338; A, e=373 | AREA MISMATCH polygon/national=0.000594",0.684633528142322,1152.54470909952,15999.3977
78699,usgs,12117000,ok,1956-08-01,2019-12-31,23163,0.0,41,"flags: A=22863; A, e=300 | AREA MISMATCH polygon/national=0.01",0.446011139835404,44.5477954977792,530.4065
78700,usgs,12167000,ok,1950-01-01,2019-12-31,25567,0.0,41,"flags: A=25311; A, e=256",695.627292116586,678.576884908032,6.8978
78701,usgs,14139800,ok,1974-10-01,2019-12-31,16528,0.0,41,"flags: A=16362; A, e=166 | AREA MISMATCH polygon/national=0.0119",0.481882041930187,40.6628133322752,571.3558
78702,usgs,14141500,ok,1950-01-01,2019-12-31,25567,0.0,41,"flags: A=25123; A, e=444 | AREA MISMATCH polygon/national=0.488",29.166538289794,59.8287253487616,12.1359
78704,usgs,14166500,ok,1950-01-01,2019-12-31,25567,0.0,41,"flags: A=24970; A, e=597 | AREA MISMATCH polygon/national=0.00179",0.414504536285104,231.2859382530048,1343.515
78705,usgs,14301000,ok,1950-01-01,2019-12-31,25566,0.0001,41,"flags: A=25404; A, e=162 | AREA MISMATCH polygon/national=0.000278",0.47950221235489,1727.5220695941118,13701.6703
78706,usgs,14305500,ok,1950-01-01,2019-12-31,25567,0.0,41,"flags: A=25451; A, e=116 | AREA MISMATCH polygon/national=0.00111",0.582436253503129,523.177598287872,6220.0908
78707,usgs,14306500,ok,1950-01-01,2019-12-31,25567,0.0,41,"flags: A=25537; A, e=30 | AREA MISMATCH polygon/national=0.000478",0.413834541541639,865.0560288522239,8694.6593
78709,usgs,14400000,ok,1969-10-01,2019-12-31,18354,0.0,41,"flags: A=17995; A, e=359",702.018977148503,701.886777901056,7.8442
