UCIN,season,n_events,r2_lin,r2_seg,k_seq,label,predicted,Source ID,national_id,first_q,last_q,n_days_valid,n_years_ge_300,n_p_nan,window,status,Tr,relation,relation_gcin,same_catchment,nearest_gcin,nearest_dist_km
73107,dormant,457,0.459011,0.570714,1,complex,intermediate,GSIM_US_0000376,01303500,1979-01-01,2019-12-31,14975,41,0,1979-01-01..2019-12-31,ok,1,independent,4363,False,4363,191.046
73107,growing,397,0.577095,0.678879,2,intermediate,intermediate,GSIM_US_0000376,01303500,1979-01-01,2019-12-31,14975,41,0,1979-01-01..2019-12-31,ok,1,independent,4363,False,4363,191.046
73109,dormant,2,,,,,intermediate,GSIM_US_0000379,01305000,1979-01-01,2019-12-31,14975,41,0,1979-01-01..2019-12-31,ok,7,independent,4363,False,4363,214.462
73109,growing,4,,,,,intermediate,GSIM_US_0000379,01305000,1979-01-01,2019-12-31,14975,41,0,1979-01-01..2019-12-31,ok,7,independent,4363,False,4363,214.462
73110,dormant,5,,,,,intermediate,GSIM_US_0000380,01305500,1979-01-01,2019-12-31,14975,41,0,1979-01-01..2019-12-31,ok,7,independent,4363,False,4363,214.246
73110,growing,7,,,,,intermediate,GSIM_US_0000380,01305500,1979-01-01,2019-12-31,14975,41,0,1979-01-01..2019-12-31,ok,7,independent,4363,False,4363,214.246
73112,dormant,0,,,,,intermediate,GSIM_US_0000382,01306440,1979-05-03,2013-09-29,12569,33,0,1979-01-01..2019-12-31,ok,7,independent,4363,False,4363,206.402
73112,growing,2,,,,,complex,GSIM_US_0000382,01306440,1979-05-03,2013-09-29,12569,33,0,1979-01-01..2019-12-31,ok,7,independent,4363,False,4363,206.402
73117,dormant,4,,,,,intermediate,GSIM_US_0000387,01308000,1979-01-01,2019-12-31,14975,41,0,1979-01-01..2019-12-31,ok,7,independent,4363,False,4363,190.332
73117,growing,0,,,,,intermediate,GSIM_US_0000387,01308000,1979-01-01,2019-12-31,14975,41,0,1979-01-01..2019-12-31,ok,7,independent,4363,False,4363,190.332
73120,dormant,246,0.538223,0.557464,1,intermediate,intermediate,GSIM_US_0000391,01310000,1979-01-01,2019-12-31,11504,29,0,1979-01-01..2019-12-31,ok,1,independent,4363,False,4363,176.932
73120,growing,292,0.420681,0.420681,0,complex,intermediate,GSIM_US_0000391,01310000,1979-01-01,2019-12-31,11504,29,0,1979-01-01..2019-12-31,ok,1,independent,4363,False,4363,176.932
73121,dormant,308,0.537771,0.593787,1,intermediate,intermediate,GSIM_US_0000392,01310500,1979-01-01,2019-12-31,12369,32,0,1979-01-01..2019-12-31,ok,1,independent,4363,False,4363,172.69
73121,growing,348,0.483365,0.563471,2,complex,intermediate,GSIM_US_0000392,01310500,1979-01-01,2019-12-31,12369,32,0,1979-01-01..2019-12-31,ok,1,independent,4363,False,4363,172.69
73124,dormant,129,0.418685,0.418685,0,complex,complex,GSIM_US_0000395,01311810,1993-08-25,2013-04-30,5059,11,0,1979-01-01..2019-12-31,ok,1,independent,4363,False,4363,163.476
73124,growing,109,0.683806,0.833926,1,intermediate,intermediate,GSIM_US_0000395,01311810,1993-08-25,2013-04-30,5059,11,0,1979-01-01..2019-12-31,ok,1,independent,4363,False,4363,163.476
73127,dormant,156,0.621437,0.684053,1,intermediate,intermediate,GSIM_US_0000524,01392210,1979-01-01,1997-09-30,6848,18,0,1979-01-01..2019-12-31,ok,1,independent,4363,False,4363,158.717
73127,growing,169,0.604017,0.620512,1,intermediate,intermediate,GSIM_US_0000524,01392210,1979-01-01,1997-09-30,6848,18,0,1979-01-01..2019-12-31,ok,1,independent,4363,False,4363,158.717
73137,dormant,219,0.637161,0.651314,1,intermediate,intermediate,GSIM_US_0000560,01406050,2000-10-01,2019-12-31,7031,19,0,1979-01-01..2019-12-31,ok,1,independent,4363,False,4363,108.646
73137,growing,213,0.516052,0.555555,2,intermediate,complex,GSIM_US_0000560,01406050,2000-10-01,2019-12-31,7031,19,0,1979-01-01..2019-12-31,ok,1,independent,4363,False,4363,108.646
73138,dormant,139,0.618165,0.642016,1,intermediate,intermediate,GSIM_US_0000561,01407290,2003-08-12,2019-12-31,5986,16,0,1979-01-01..2019-12-31,ok,1,independent,4363,False,4363,107.052
73138,growing,154,0.600257,0.688113,2,intermediate,complex,GSIM_US_0000561,01407290,2003-08-12,2019-12-31,5986,16,0,1979-01-01..2019-12-31,ok,1,independent,4363,False,4363,107.052
73139,dormant,386,0.470265,0.478617,1,complex,intermediate,GSIM_US_0000562,01407500,1979-01-01,2019-12-31,14975,41,0,1979-01-01..2019-12-31,ok,1,independent,4363,False,4363,103.343
73139,growing,360,0.495679,0.519659,1,complex,intermediate,GSIM_US_0000562,01407500,1979-01-01,2019-12-31,14975,41,0,1979-01-01..2019-12-31,ok,1,independent,4363,False,4363,103.343
73143,dormant,345,0.566103,0.577333,1,intermediate,intermediate,GSIM_US_0000566,01408029,1989-11-08,2019-12-31,10796,29,0,1979-01-01..2019-12-31,ok,1,independent,4363,False,4363,93.1555
73143,growing,302,0.463157,0.61068,2,complex,intermediate,GSIM_US_0000566,01408029,1989-11-08,2019-12-31,10796,29,0,1979-01-01..2019-12-31,ok,1,independent,4363,False,4363,93.1555
73144,dormant,517,0.591585,0.613524,1,intermediate,intermediate,GSIM_US_0000567,01408120,1979-01-01,2019-12-31,14975,41,0,1979-01-01..2019-12-31,ok,1,independent,4363,False,4363,89.1913
73144,growing,447,0.63918,0.731596,2,intermediate,intermediate,GSIM_US_0000567,01408120,1979-01-01,2019-12-31,14975,41,0,1979-01-01..2019-12-31,ok,1,independent,4363,False,4363,89.1913
73145,dormant,272,0.596382,0.661265,1,intermediate,intermediate,GSIM_US_0000568,01408500,1979-01-01,2019-12-31,14975,41,0,1979-01-01..2019-12-31,ok,2,independent,4363,False,4363,67.1259
73145,growing,230,0.63745,0.672593,1,intermediate,intermediate,GSIM_US_0000568,01408500,1979-01-01,2019-12-31,14975,41,0,1979-01-01..2019-12-31,ok,2,independent,4363,False,4363,67.1259
73147,dormant,304,0.489878,0.509614,1,complex,intermediate,GSIM_US_0000570,01409280,1979-01-01,2019-12-31,9593,25,0,1979-01-01..2019-12-31,ok,1,independent,4363,False,4363,46.6244
73147,growing,274,0.324051,0.324051,0,complex,complex,GSIM_US_0000570,01409280,1979-01-01,2019-12-31,9593,25,0,1979-01-01..2019-12-31,ok,1,independent,4363,False,4363,46.6244
73149,dormant,168,0.377014,0.377014,0,complex,intermediate,GSIM_US_0000572,01409500,1979-01-01,2005-09-30,9770,26,0,1979-01-01..2019-12-31,ok,2,independent,4363,False,4363,26.6201
73149,growing,125,0.355542,0.398376,1,complex,intermediate,GSIM_US_0000572,01409500,1979-01-01,2005-09-30,9770,26,0,1979-01-01..2019-12-31,ok,2,independent,4363,False,4363,26.6201
73151,dormant,512,0.504894,0.585839,2,intermediate,intermediate,GSIM_US_0000574,01410000,1979-01-01,2019-12-31,14975,41,0,1979-01-01..2019-12-31,ok,1,independent,4363,False,4363,36.4155
73151,growing,406,0.209546,0.209546,0,complex,intermediate,GSIM_US_0000574,01410000,1979-01-01,2019-12-31,14975,41,0,1979-01-01..2019-12-31,ok,1,independent,4363,False,4363,36.4155
73153,dormant,193,0.557281,0.557281,0,intermediate,intermediate,GSIM_US_0000576,01410500,1979-01-01,2018-08-09,6007,16,0,1979-01-01..2019-12-31,ok,1,independent,3225,False,3225,18.1071
73153,growing,169,0.390207,0.40362,1,complex,intermediate,GSIM_US_0000576,01410500,1979-01-01,2018-08-09,6007,16,0,1979-01-01..2019-12-31,ok,1,independent,3225,False,3225,18.1071
73156,dormant,256,0.455485,0.520796,1,complex,intermediate,GSIM_US_0000580,01411500,1979-01-01,2019-12-31,14975,41,0,1979-01-01..2019-12-31,ok,2,independent,4363,False,4363,10.718
73156,growing,211,0.691214,0.733937,2,intermediate,intermediate,GSIM_US_0000580,01411500,1979-01-01,2019-12-31,14975,41,0,1979-01-01..2019-12-31,ok,2,independent,4363,False,4363,10.718
73158,dormant,151,0.645218,0.721683,1,intermediate,intermediate,GSIM_US_0000680,01463620,1979-01-01,2019-12-31,10399,24,0,1979-01-01..2019-12-31,ok,2,independent,4363,False,4363,84.3763
73158,growing,150,0.450087,0.493012,1,complex,intermediate,GSIM_US_0000680,01463620,1979-01-01,2019-12-31,10399,24,0,1979-01-01..2019-12-31,ok,2,independent,4363,False,4363,84.3763
73159,dormant,3,,,,,intermediate,GSIM_US_0000681,01464000,1979-01-01,2019-12-31,14975,41,0,1979-01-01..2019-12-31,ok,7,independent,4363,False,4363,82.8432
73159,growing,2,,,,,intermediate,GSIM_US_0000681,01464000,1979-01-01,2019-12-31,14975,41,0,1979-01-01..2019-12-31,ok,7,independent,4363,False,4363,82.8432
73161,dormant,195,0.622811,0.642993,1,intermediate,intermediate,GSIM_US_0000686,01464907,1998-11-25,2019-12-31,7707,21,0,1979-01-01..2019-12-31,ok,1,independent,4363,False,4363,82.928
73161,growing,231,0.585404,0.665144,1,intermediate,complex,GSIM_US_0000686,01464907,1998-11-25,2019-12-31,7707,21,0,1979-01-01..2019-12-31,ok,1,independent,4363,False,4363,82.928
73162,dormant,417,0.646287,0.660437,1,intermediate,intermediate,GSIM_US_0000687,01465500,1979-01-01,2019-12-31,13879,37,0,1979-01-01..2019-12-31,ok,1,independent,4363,False,4363,76.5934
73162,growing,491,0.586148,0.67292,2,intermediate,intermediate,GSIM_US_0000687,01465500,1979-01-01,2019-12-31,13879,37,0,1979-01-01..2019-12-31,ok,1,independent,4363,False,4363,76.5934
73164,dormant,228,0.617059,0.736116,1,intermediate,intermediate,GSIM_US_0000689,01465850,1999-10-01,2019-12-31,7032,18,0,1979-01-01..2019-12-31,ok,1,independent,4363,False,4363,43.9314
73164,growing,203,0.415335,0.460445,1,complex,intermediate,GSIM_US_0000689,01465850,1999-10-01,2019-12-31,7032,18,0,1979-01-01..2019-12-31,ok,1,independent,4363,False,4363,43.9314
73170,dormant,363,0.66151,0.667591,1,intermediate,intermediate,GSIM_US_0000695,01467081,1979-01-01,2019-12-31,14975,41,0,1979-01-01..2019-12-31,ok,1,independent,4363,False,4363,47.7661
73170,growing,452,0.657484,0.713209,2,intermediate,complex,GSIM_US_0000695,01467081,1979-01-01,2019-12-31,14975,41,0,1979-01-01..2019-12-31,ok,1,independent,4363,False,4363,47.7661
73171,dormant,169,0.645194,0.684547,1,intermediate,intermediate,GSIM_US_0000696,01467086,1979-01-01,2019-12-31,8813,24,0,1979-01-01..2019-12-31,ok,1,independent,4363,False,4363,66.4753
73171,growing,249,0.543915,0.62234,1,intermediate,intermediate,GSIM_US_0000696,01467086,1979-01-01,2019-12-31,8813,24,0,1979-01-01..2019-12-31,ok,1,independent,4363,False,4363,66.4753
73172,dormant,303,0.565101,0.589053,1,intermediate,intermediate,GSIM_US_0000697,01467087,1982-07-01,2019-12-31,13698,37,0,1979-01-01..2019-12-31,ok,1,independent,4363,False,4363,62.9488
73172,growing,389,0.607107,0.673253,1,intermediate,intermediate,GSIM_US_0000697,01467087,1982-07-01,2019-12-31,13698,37,0,1979-01-01..2019-12-31,ok,1,independent,4363,False,4363,62.9488
73175,dormant,298,0.489043,0.502853,1,complex,intermediate,GSIM_US_0000725,01473169,1982-10-01,2019-12-31,13606,37,0,1979-01-01..2019-12-31,ok,1,independent,4363,False,4363,81.263
73175,growing,344,0.521831,0.586472,1,intermediate,intermediate,GSIM_US_0000725,01473169,1982-10-01,2019-12-31,13606,37,0,1979-01-01..2019-12-31,ok,1,independent,4363,False,4363,81.263
73176,dormant,148,0.614596,0.677017,1,intermediate,intermediate,GSIM_US_0000727,01473900,2000-06-01,2019-12-31,7153,19,0,1979-01-01..2019-12-31,ok,1,independent,4363,False,4363,74.8304
73176,growing,206,0.576856,0.647446,1,intermediate,intermediate,GSIM_US_0000727,01473900,2000-06-01,2019-12-31,7153,19,0,1979-01-01..2019-12-31,ok,1,independent,4363,False,4363,74.8304
73179,dormant,154,0.462772,0.492148,1,complex,intermediate,GSIM_US_0000730,01475300,1979-01-01,1997-09-30,6848,18,0,1979-01-01..2019-12-31,ok,1,independent,4363,False,4363,76.7055
73179,growing,188,0.434944,0.434944,0,complex,complex,GSIM_US_0000730,01475300,1979-01-01,1997-09-30,6848,18,0,1979-01-01..2019-12-31,ok,1,independent,4363,False,4363,76.7055
73180,dormant,94,0.538267,0.879961,2,intermediate,intermediate,GSIM_US_0000731,01475510,1979-01-01,1990-09-29,4290,11,0,1979-01-01..2019-12-31,ok,1,independent,4363,False,4363,61.4215
73180,growing,121,0.601675,0.635817,1,intermediate,intermediate,GSIM_US_0000731,01475510,1979-01-01,1990-09-29,4290,11,0,1979-01-01..2019-12-31,ok,1,independent,4363,False,4363,61.4215
73181,dormant,134,0.550407,0.550407,0,intermediate,intermediate,GSIM_US_0000732,01475530,1979-01-01,2019-12-31,6595,17,0,1979-01-01..2019-12-31,ok,1,independent,4363,False,4363,66.1097
73181,growing,180,0.662299,0.736162,1,intermediate,intermediate,GSIM_US_0000732,01475530,1979-01-01,2019-12-31,6595,17,0,1979-01-01..2019-12-31,ok,1,independent,4363,False,4363,66.1097
73182,dormant,125,0.526651,0.526651,0,intermediate,complex,GSIM_US_0000733,01475548,2005-10-18,2019-12-31,5188,14,0,1979-01-01..2019-12-31,ok,1,independent,4363,False,4363,59.9335
73182,growing,145,0.622753,0.691694,2,intermediate,intermediate,GSIM_US_0000733,01475548,2005-10-18,2019-12-31,5188,14,0,1979-01-01..2019-12-31,ok,1,independent,4363,False,4363,59.9335
73183,dormant,88,0.630372,0.8004,1,intermediate,complex,GSIM_US_0000734,01475550,1979-01-01,1990-10-03,4286,11,0,1979-01-01..2019-12-31,ok,1,independent,4363,False,4363,58.7314
73183,growing,111,0.655724,0.684741,1,intermediate,intermediate,GSIM_US_0000734,01475550,1979-01-01,1990-10-03,4286,11,0,1979-01-01..2019-12-31,ok,1,independent,4363,False,4363,58.7314
73184,dormant,344,0.573732,0.583721,1,intermediate,intermediate,GSIM_US_0000735,01475850,1981-10-01,2019-12-31,13971,38,0,1979-01-01..2019-12-31,ok,1,independent,4363,False,4363,73.0039
73184,growing,414,0.565482,0.667804,2,intermediate,complex,GSIM_US_0000735,01475850,1981-10-01,2019-12-31,13971,38,0,1979-01-01..2019-12-31,ok,1,independent,4363,False,4363,73.0039
73185,dormant,328,0.587405,0.605131,1,intermediate,intermediate,GSIM_US_0000736,01476480,1986-10-01,2019-12-31,11687,31,0,1979-01-01..2019-12-31,ok,1,independent,4363,False,4363,66.819
73185,growing,378,0.568995,0.701657,1,intermediate,intermediate,GSIM_US_0000736,01476480,1986-10-01,2019-12-31,11687,31,0,1979-01-01..2019-12-31,ok,1,independent,4363,False,4363,66.819
73189,dormant,354,0.566,0.566,0,intermediate,intermediate,GSIM_US_0000740,01478000,1979-01-01,2019-12-31,14975,41,0,1979-01-01..2019-12-31,ok,1,independent,4364,False,4364,49.5845
73189,growing,431,0.487682,0.553403,1,complex,intermediate,GSIM_US_0000740,01478000,1979-01-01,2019-12-31,14975,41,0,1979-01-01..2019-12-31,ok,1,independent,4364,False,4364,49.5845
73190,dormant,113,0.481755,0.481755,0,complex,intermediate,GSIM_US_0000741,01478120,2007-10-01,2019-12-31,4475,12,0,1979-01-01..2019-12-31,ok,1,independent,4364,False,4364,71.9408
73190,growing,138,0.483484,0.585123,2,complex,complex,GSIM_US_0000741,01478120,2007-10-01,2019-12-31,4475,12,0,1979-01-01..2019-12-31,ok,1,independent,4364,False,4364,71.9408
73193,dormant,267,0.555078,0.555078,0,intermediate,intermediate,GSIM_US_0000744,01478650,1994-03-01,2019-12-31,9435,26,0,1979-01-01..2019-12-31,ok,1,independent,4364,False,4364,55.6496
73193,growing,311,0.490155,0.603656,1,complex,intermediate,GSIM_US_0000744,01478650,1994-03-01,2019-12-31,9435,26,0,1979-01-01..2019-12-31,ok,1,independent,4364,False,4364,55.6496
73194,dormant,372,0.564457,0.572065,1,intermediate,intermediate,GSIM_US_0000745,01479000,1979-01-01,2019-12-31,14975,41,0,1979-01-01..2019-12-31,ok,1,independent,4364,False,4364,53.2842
73194,growing,471,0.462414,0.539662,1,complex,intermediate,GSIM_US_0000745,01479000,1979-01-01,2019-12-31,14975,41,0,1979-01-01..2019-12-31,ok,1,independent,4364,False,4364,53.2842
73195,dormant,279,0.518907,0.530835,1,intermediate,intermediate,GSIM_US_0000746,01479820,1988-01-01,2019-12-31,11688,32,0,1979-01-01..2019-12-31,ok,1,independent,3230,False,3230,68.0714
73195,growing,327,0.490472,0.534195,2,complex,complex,GSIM_US_0000746,01479820,1988-01-01,2019-12-31,11688,32,0,1979-01-01..2019-12-31,ok,1,independent,3230,False,3230,68.0714
73203,dormant,424,0.540584,0.567298,1,intermediate,intermediate,GSIM_US_0000764,01483700,1979-01-01,2019-12-31,14975,41,0,1979-01-01..2019-12-31,ok,1,overlapping,3230,False,3230,0
73203,growing,476,0.512751,0.539328,1,intermediate,complex,GSIM_US_0000764,01483700,1979-01-01,2019-12-31,14975,41,0,1979-01-01..2019-12-31,ok,1,overlapping,3230,False,3230,0
73210,dormant,520,0.551774,0.583466,1,intermediate,complex,GSIM_US_0000772,01485000,1979-01-01,2019-12-31,14244,38,0,1979-01-01..2019-12-31,ok,1,adjacent,3227,False,3227,2.83113
73210,growing,295,0.429104,0.560613,2,complex,complex,GSIM_US_0000772,01485000,1979-01-01,2019-12-31,14244,38,0,1979-01-01..2019-12-31,ok,1,adjacent,3227,False,3227,2.83113
73212,dormant,403,0.472774,0.532467,2,complex,complex,GSIM_US_0000777,01488500,1979-01-01,2019-12-31,14336,39,0,1979-01-01..2019-12-31,ok,1,overlapping,3230,False,3230,0
73212,growing,335,0.390926,0.576126,1,complex,complex,GSIM_US_0000777,01488500,1979-01-01,2019-12-31,14336,39,0,1979-01-01..2019-12-31,ok,1,overlapping,3230,False,3230,0
73219,dormant,547,0.446459,0.60758,2,complex,complex,GSIM_US_0000785,01493500,1979-01-01,2019-12-31,14609,39,0,1979-01-01..2019-12-31,ok,1,independent,3230,False,3230,20.5024
73219,growing,351,0.353356,0.379945,1,complex,complex,GSIM_US_0000785,01493500,1979-01-01,2019-12-31,14609,39,0,1979-01-01..2019-12-31,ok,1,independent,3230,False,3230,20.5024
73220,dormant,135,0.558172,0.807775,2,intermediate,complex,GSIM_US_0000786,01494150,2006-12-20,2017-09-30,3938,10,0,1979-01-01..2019-12-31,ok,1,independent,3230,False,3230,13.5225
73220,growing,69,0.561448,0.561448,0,intermediate,complex,GSIM_US_0000786,01494150,2006-12-20,2017-09-30,3938,10,0,1979-01-01..2019-12-31,ok,1,independent,3230,False,3230,13.5225
73221,dormant,397,0.5668,0.575256,1,intermediate,complex,GSIM_US_0000788,01495000,1979-01-01,2019-12-31,14975,41,0,1979-01-01..2019-12-31,ok,1,independent,4364,False,4364,54.4578
73221,growing,493,0.494939,0.575771,1,complex,complex,GSIM_US_0000788,01495000,1979-01-01,2019-12-31,14975,41,0,1979-01-01..2019-12-31,ok,1,independent,4364,False,4364,54.4578
73223,dormant,108,0.512921,0.577419,1,intermediate,complex,GSIM_US_0000790,01496200,1979-01-01,1992-04-02,4841,13,0,1979-01-01..2019-12-31,ok,1,independent,4364,False,4364,55.4547
73223,growing,131,0.458553,0.458553,0,complex,complex,GSIM_US_0000790,01496200,1979-01-01,1992-04-02,4841,13,0,1979-01-01..2019-12-31,ok,1,independent,4364,False,4364,55.4547
73226,dormant,451,0.496836,0.581385,1,complex,intermediate,GSIM_US_0000921,01580000,1979-01-01,2019-12-31,14975,41,0,1979-01-01..2019-12-31,ok,1,independent,3230,False,3230,74.7409
73226,growing,404,0.642711,0.738568,2,intermediate,complex,GSIM_US_0000921,01580000,1979-01-01,2019-12-31,14975,41,0,1979-01-01..2019-12-31,ok,1,independent,3230,False,3230,74.7409
73227,dormant,233,0.614394,0.731405,1,intermediate,intermediate,GSIM_US_0000922,01580520,2000-01-01,2019-12-31,7305,20,0,1979-01-01..2019-12-31,ok,1,independent,4364,False,4364,57.4334
73227,growing,193,0.630086,0.732255,2,intermediate,complex,GSIM_US_0000922,01580520,2000-01-01,2019-12-31,7305,20,0,1979-01-01..2019-12-31,ok,1,independent,4364,False,4364,57.4334
73228,dormant,155,0.619354,0.683519,1,intermediate,intermediate,GSIM_US_0000924,01581500,1999-06-01,2019-12-31,7519,20,0,1979-01-01..2019-12-31,ok,1,independent,3230,False,3230,62.9863
73228,growing,201,0.652098,0.763933,1,intermediate,intermediate,GSIM_US_0000924,01581500,1999-06-01,2019-12-31,7519,20,0,1979-01-01..2019-12-31,ok,1,independent,3230,False,3230,62.9863
73229,dormant,141,0.546536,0.546536,0,intermediate,intermediate,GSIM_US_0000925,01581649,2004-10-01,2019-12-31,5570,15,0,1979-01-01..2019-12-31,ok,1,independent,3230,False,3230,54.5773
73229,growing,159,0.515608,0.593883,2,intermediate,complex,GSIM_US_0000925,01581649,2004-10-01,2019-12-31,5570,15,0,1979-01-01..2019-12-31,ok,1,independent,3230,False,3230,54.5773
73231,dormant,334,0.479564,0.527318,1,complex,intermediate,GSIM_US_0000927,01581700,1979-01-01,2019-12-31,14975,41,0,1979-01-01..2019-12-31,ok,1,independent,3230,False,3230,64.4715
73231,growing,404,0.585869,0.686771,2,intermediate,complex,GSIM_US_0000927,01581700,1979-01-01,2019-12-31,14975,41,0,1979-01-01..2019-12-31,ok,1,independent,3230,False,3230,64.4715
73233,dormant,182,0.4387,0.507502,1,complex,intermediate,GSIM_US_0000931,01581830,2000-03-25,2019-12-31,7221,19,0,1979-01-01..2019-12-31,ok,1,independent,3231,False,3231,73.4285
73233,growing,164,0.536077,0.70073,2,intermediate,complex,GSIM_US_0000931,01581830,2000-03-25,2019-12-31,7221,19,0,1979-01-01..2019-12-31,ok,1,independent,3231,False,3231,73.4285
73234,dormant,197,0.486025,0.522421,1,complex,intermediate,GSIM_US_0000932,01581870,2000-03-25,2019-12-31,7221,19,0,1979-01-01..2019-12-31,ok,1,independent,3231,False,3231,71.7082
73234,growing,177,0.541869,0.572241,1,intermediate,complex,GSIM_US_0000932,01581870,2000-03-25,2019-12-31,7221,19,0,1979-01-01..2019-12-31,ok,1,independent,3231,False,3231,71.7082
73235,dormant,194,0.328488,0.378019,1,complex,intermediate,GSIM_US_0000933,01581920,2000-07-19,2019-12-31,7105,19,0,1979-01-01..2019-12-31,ok,1,independent,3231,False,3231,71.8934
73235,growing,156,0.32247,0.32247,0,complex,complex,GSIM_US_0000933,01581920,2000-07-19,2019-12-31,7105,19,0,1979-01-01..2019-12-31,ok,1,independent,3231,False,3231,71.8934
73237,dormant,411,0.48819,0.569001,1,complex,intermediate,GSIM_US_0000935,01582000,1979-01-01,2019-12-31,14975,41,0,1979-01-01..2019-12-31,ok,1,independent,3230,False,3230,84.0075
73237,growing,369,0.633808,0.754265,2,intermediate,complex,GSIM_US_0000935,01582000,1979-01-01,2019-12-31,14975,41,0,1979-01-01..2019-12-31,ok,1,independent,3230,False,3230,84.0075
73238,dormant,6,,,,,intermediate,GSIM_US_0000936,01582500,1979-01-01,2019-12-31,14056,38,0,1979-01-01..2019-12-31,ok,7,independent,3231,False,3231,71.9083
73238,growing,2,,,,,complex,GSIM_US_0000936,01582500,1979-01-01,2019-12-31,14056,38,0,1979-01-01..2019-12-31,ok,7,independent,3231,False,3231,71.9083
73240,dormant,245,0.424932,0.461513,1,complex,intermediate,GSIM_US_0000938,01583100,1982-05-10,2019-12-31,10614,28,0,1979-01-01..2019-12-31,ok,1,independent,3231,False,3231,70.1927
73240,growing,292,0.549222,0.58748,1,intermediate,complex,GSIM_US_0000938,01583100,1982-05-10,2019-12-31,10614,28,0,1979-01-01..2019-12-31,ok,1,independent,3231,False,3231,70.1927
73241,dormant,373,0.406644,0.479502,1,complex,complex,GSIM_US_0000939,01583500,1979-01-01,2019-12-31,14975,41,0,1979-01-01..2019-12-31,ok,1,independent,3231,False,3231,67.6259
73241,growing,436,0.467734,0.524979,1,complex,complex,GSIM_US_0000939,01583500,1979-01-01,2019-12-31,14975,41,0,1979-01-01..2019-12-31,ok,1,independent,3231,False,3231,67.6259
73243,dormant,265,0.474531,0.526636,1,complex,intermediate,GSIM_US_0000941,01583600,1982-10-01,2019-12-31,13606,37,0,1979-01-01..2019-12-31,ok,1,independent,3231,False,3231,73.189
73243,growing,330,0.551246,0.643934,2,intermediate,intermediate,GSIM_US_0000941,01583600,1982-10-01,2019-12-31,13606,37,0,1979-01-01..2019-12-31,ok,1,independent,3231,False,3231,73.189
73244,dormant,131,0.561337,0.610299,1,intermediate,intermediate,GSIM_US_0000942,0158397967,2001-10-01,2019-12-31,6666,18,0,1979-01-01..2019-12-31,ok,1,independent,3230,False,3230,71.306
73244,growing,154,0.602809,0.602809,0,intermediate,intermediate,GSIM_US_0000942,0158397967,2001-10-01,2019-12-31,6666,18,0,1979-01-01..2019-12-31,ok,1,independent,3230,False,3230,71.306
73245,dormant,190,0.576698,0.729454,1,intermediate,intermediate,GSIM_US_0000944,01584500,1998-10-01,2019-12-31,7762,21,0,1979-01-01..2019-12-31,ok,1,independent,3230,False,3230,67.2936
73245,growing,209,0.55409,0.735943,1,intermediate,complex,GSIM_US_0000944,01584500,1998-10-01,2019-12-31,7762,21,0,1979-01-01..2019-12-31,ok,1,independent,3230,False,3230,67.2936
73246,dormant,188,0.623505,0.656094,1,intermediate,intermediate,GSIM_US_0000945,01585090,1995-01-01,2019-12-31,9131,25,0,1979-01-01..2019-12-31,ok,1,independent,3230,False,3230,65.4582
73246,growing,223,0.672852,0.753061,1,intermediate,intermediate,GSIM_US_0000945,01585090,1995-01-01,2019-12-31,9131,25,0,1979-01-01..2019-12-31,ok,1,independent,3230,False,3230,65.4582
73248,dormant,213,0.585985,0.677026,1,intermediate,intermediate,GSIM_US_0000949,01585200,1979-01-01,2019-12-31,11686,31,0,1979-01-01..2019-12-31,ok,1,independent,3230,False,3230,72.4836
73248,growing,259,0.636268,0.698334,1,intermediate,complex,GSIM_US_0000949,01585200,1979-01-01,2019-12-31,11686,31,0,1979-01-01..2019-12-31,ok,1,independent,3230,False,3230,72.4836
73249,dormant,150,0.572196,0.666272,1,intermediate,intermediate,GSIM_US_0000950,01585230,1996-07-23,2019-12-31,8562,23,0,1979-01-01..2019-12-31,ok,1,independent,3230,False,3230,66.422
73249,growing,209,0.655055,0.775231,1,intermediate,intermediate,GSIM_US_0000950,01585230,1996-07-23,2019-12-31,8562,23,0,1979-01-01..2019-12-31,ok,1,independent,3230,False,3230,66.422
73251,dormant,380,0.393932,0.393932,0,complex,intermediate,GSIM_US_0000954,01586000,1979-01-01,2019-12-31,14975,41,0,1979-01-01..2019-12-31,ok,1,independent,3231,False,3231,59.3944
73251,growing,433,0.538248,0.59694,1,intermediate,intermediate,GSIM_US_0000954,01586000,1979-01-01,2019-12-31,14975,41,0,1979-01-01..2019-12-31,ok,1,independent,3231,False,3231,59.3944
73252,dormant,308,0.373171,0.385713,1,complex,intermediate,GSIM_US_0000955,01586210,1982-10-01,2019-12-31,13606,37,0,1979-01-01..2019-12-31,ok,1,independent,3231,False,3231,56.767
73252,growing,361,0.432344,0.500752,1,complex,complex,GSIM_US_0000955,01586210,1982-10-01,2019-12-31,13606,37,0,1979-01-01..2019-12-31,ok,1,independent,3231,False,3231,56.767
73255,dormant,276,0.26957,0.26957,0,complex,intermediate,GSIM_US_0000958,01589000,1979-01-01,2019-12-31,10612,26,0,1979-01-01..2019-12-31,ok,1,independent,3231,False,3231,34.7324
73255,growing,344,0.433461,0.522091,1,complex,intermediate,GSIM_US_0000958,01589000,1979-01-01,2019-12-31,10612,26,0,1979-01-01..2019-12-31,ok,1,independent,3231,False,3231,34.7324
73257,dormant,164,0.505989,0.609176,1,intermediate,intermediate,GSIM_US_0000960,01589197,1998-10-01,2019-12-31,7762,21,0,1979-01-01..2019-12-31,ok,1,independent,3231,False,3231,66.1661
73257,growing,201,0.585433,0.729023,1,intermediate,complex,GSIM_US_0000960,01589197,1998-10-01,2019-12-31,7762,21,0,1979-01-01..2019-12-31,ok,1,independent,3231,False,3231,66.1661
73259,dormant,268,0.534637,0.577776,1,intermediate,intermediate,GSIM_US_0000962,01589300,1979-01-01,2019-12-31,12053,32,0,1979-01-01..2019-12-31,ok,1,independent,3231,False,3231,64.2677
73259,growing,311,0.618652,0.750341,2,intermediate,intermediate,GSIM_US_0000962,01589300,1979-01-01,2019-12-31,12053,32,0,1979-01-01..2019-12-31,ok,1,independent,3231,False,3231,64.2677
73260,dormant,103,0.631379,0.723588,1,intermediate,complex,GSIM_US_0000963,01589305,2005-11-01,2019-10-14,5096,13,0,1979-01-01..2019-12-31,ok,1,independent,3231,False,3231,72.3256
73260,growing,132,0.67242,0.699053,1,intermediate,complex,GSIM_US_0000963,01589305,2005-11-01,2019-10-14,5096,13,0,1979-01-01..2019-12-31,ok,1,independent,3231,False,3231,72.3256
73264,dormant,177,0.609872,0.664061,2,intermediate,intermediate,GSIM_US_0000967,01589352,1998-10-01,2019-12-31,7762,21,0,1979-01-01..2019-12-31,ok,1,independent,3231,False,3231,64.2677
73264,growing,224,0.667327,0.763437,2,intermediate,intermediate,GSIM_US_0000967,01589352,1998-10-01,2019-12-31,7762,21,0,1979-01-01..2019-12-31,ok,1,independent,3231,False,3231,64.2677
73265,dormant,260,0.504728,0.624104,1,intermediate,intermediate,GSIM_US_0000968,01589440,1979-01-01,2019-12-31,12053,32,0,1979-01-01..2019-12-31,ok,1,independent,3231,False,3231,70.5199
73265,growing,321,0.496179,0.604663,2,complex,complex,GSIM_US_0000968,01589440,1979-01-01,2019-12-31,12053,32,0,1979-01-01..2019-12-31,ok,1,independent,3231,False,3231,70.5199
73269,dormant,378,0.40276,0.40276,0,complex,intermediate,GSIM_US_0000972,01591000,1979-01-01,2019-12-31,14975,41,0,1979-01-01..2019-12-31,ok,1,independent,3231,False,3231,30.6164
73269,growing,452,0.498382,0.662694,2,complex,complex,GSIM_US_0000972,01591000,1979-01-01,2019-12-31,14975,41,0,1979-01-01..2019-12-31,ok,1,independent,3231,False,3231,30.6164
73270,dormant,357,0.452212,0.475234,1,complex,intermediate,GSIM_US_0000973,01591400,1979-01-01,2019-12-31,14975,41,0,1979-01-01..2019-12-31,ok,1,independent,3231,False,3231,39.2497
73270,growing,438,0.528094,0.658103,2,intermediate,complex,GSIM_US_0000973,01591400,1979-01-01,2019-12-31,14975,41,0,1979-01-01..2019-12-31,ok,1,independent,3231,False,3231,39.2497
73272,dormant,380,0.490443,0.490443,0,complex,intermediate,GSIM_US_0000975,01591700,1979-01-01,2019-12-31,14975,41,0,1979-01-01..2019-12-31,ok,1,independent,3231,False,3231,35.8216
73272,growing,456,0.588476,0.726381,2,intermediate,complex,GSIM_US_0000975,01591700,1979-01-01,2019-12-31,14975,41,0,1979-01-01..2019-12-31,ok,1,independent,3231,False,3231,35.8216
73274,dormant,373,0.479407,0.479407,0,complex,intermediate,GSIM_US_0000977,01593500,1979-01-01,2019-12-31,14975,41,0,1979-01-01..2019-12-31,ok,1,independent,3231,False,3231,54.776
73274,growing,423,0.617838,0.756028,2,intermediate,complex,GSIM_US_0000977,01593500,1979-01-01,2019-12-31,14975,41,0,1979-01-01..2019-12-31,ok,1,independent,3231,False,3231,54.776
73277,dormant,469,0.561142,0.604306,2,intermediate,intermediate,GSIM_US_0000980,01594440,1979-01-01,2019-12-31,14975,41,0,1979-01-01..2019-12-31,ok,1,independent,3231,False,3231,30.6234
73277,growing,532,0.637124,0.71004,1,intermediate,intermediate,GSIM_US_0000980,01594440,1979-01-01,2019-12-31,14975,41,0,1979-01-01..2019-12-31,ok,1,independent,3231,False,3231,30.6234
73279,dormant,327,0.685472,0.719204,1,intermediate,intermediate,GSIM_US_0000982,01594526,1985-10-01,2019-12-31,11444,30,0,1979-01-01..2019-12-31,ok,1,independent,3232,False,3232,51.9469
73279,growing,351,0.638154,0.750368,2,intermediate,intermediate,GSIM_US_0000982,01594526,1985-10-01,2019-12-31,11444,30,0,1979-01-01..2019-12-31,ok,1,independent,3232,False,3232,51.9469
73284,dormant,285,0.426897,0.426897,0,complex,complex,GSIM_US_0001022,01615000,1979-01-01,2019-12-31,13168,35,0,1979-01-01..2019-12-31,ok,1,adjacent,3495,False,3495,0
73284,growing,369,0.517567,0.589623,2,intermediate,intermediate,GSIM_US_0001022,01615000,1979-01-01,2019-12-31,13168,35,0,1979-01-01..2019-12-31,ok,1,adjacent,3495,False,3495,0
73285,dormant,78,0.282536,0.282536,0,complex,complex,GSIM_US_0001023,01616000,1979-06-20,1994-11-14,5627,15,0,1979-01-01..2019-12-31,ok,1,adjacent,3494,False,3494,0
73285,growing,102,0.524783,0.60959,1,intermediate,intermediate,GSIM_US_0001023,01616000,1979-06-20,1994-11-14,5627,15,0,1979-01-01..2019-12-31,ok,1,adjacent,3494,False,3494,0
73286,dormant,119,0.194951,0.194951,0,complex,complex,GSIM_US_0001024,01616100,2002-08-22,2019-12-31,6341,17,0,1979-01-01..2019-12-31,ok,1,adjacent,3495,False,3495,0
73286,growing,167,0.183901,0.183901,0,complex,complex,GSIM_US_0001024,01616100,2002-08-22,2019-12-31,6341,17,0,1979-01-01..2019-12-31,ok,1,adjacent,3495,False,3495,0
73287,dormant,384,0.540981,0.540981,0,intermediate,complex,GSIM_US_0001025,01616500,1979-01-01,2019-12-31,14975,41,0,1979-01-01..2019-12-31,ok,1,adjacent,3494,False,3494,0
73287,growing,493,0.441007,0.505191,2,complex,intermediate,GSIM_US_0001025,01616500,1979-01-01,2019-12-31,14975,41,0,1979-01-01..2019-12-31,ok,1,adjacent,3494,False,3494,0
73289,dormant,8,,,,,complex,GSIM_US_0001027,01617800,1979-01-01,2019-12-31,14975,41,0,1979-01-01..2019-12-31,ok,7,independent,3494,False,3494,19.373
73289,growing,3,,,,,complex,GSIM_US_0001027,01617800,1979-01-01,2019-12-31,14975,41,0,1979-01-01..2019-12-31,ok,7,independent,3494,False,3494,19.373
73291,dormant,415,0.394157,0.435507,2,complex,intermediate,GSIM_US_0001030,01619500,1979-01-01,2019-12-31,14975,41,0,1979-01-01..2019-12-31,ok,1,independent,3231,False,3231,15.2287
73291,growing,502,0.41484,0.487924,2,complex,intermediate,GSIM_US_0001030,01619500,1979-01-01,2019-12-31,14975,41,0,1979-01-01..2019-12-31,ok,1,independent,3231,False,3231,15.2287
73294,dormant,147,0.63751,0.728811,1,intermediate,complex,GSIM_US_0001034,01624800,1979-01-01,1997-10-06,6854,18,0,1979-01-01..2019-12-31,ok,1,nested,3495,False,3495,0
73294,growing,186,0.380367,0.430512,1,complex,intermediate,GSIM_US_0001034,01624800,1979-01-01,1997-10-06,6854,18,0,1979-01-01..2019-12-31,ok,1,nested,3495,False,3495,0
73297,dormant,278,0.336154,0.336154,0,complex,complex,GSIM_US_0001037,01626850,1979-01-01,2019-12-31,11831,32,0,1979-01-01..2019-12-31,ok,1,nested,3495,False,3495,0
73297,growing,344,0.410488,0.452459,1,complex,complex,GSIM_US_0001037,01626850,1979-01-01,2019-12-31,11831,32,0,1979-01-01..2019-12-31,ok,1,nested,3495,False,3495,0
73298,dormant,364,0.370944,0.370944,0,complex,complex,GSIM_US_0001038,01627500,1979-01-01,2019-12-31,14975,41,0,1979-01-01..2019-12-31,ok,1,nested,3495,False,3495,0
73298,growing,482,0.434338,0.48062,1,complex,complex,GSIM_US_0001038,01627500,1979-01-01,2019-12-31,14975,41,0,1979-01-01..2019-12-31,ok,1,nested,3495,False,3495,0
73301,dormant,334,0.392674,0.392674,0,complex,complex,GSIM_US_0001042,01631000,1979-01-01,2019-12-31,14975,41,0,1979-01-01..2019-12-31,ok,1,nested,3495,False,3495,0
73301,growing,424,0.404706,0.44247,1,complex,complex,GSIM_US_0001042,01631000,1979-01-01,2019-12-31,14975,41,0,1979-01-01..2019-12-31,ok,1,nested,3495,False,3495,0
73302,dormant,245,0.3018,0.3018,0,complex,complex,GSIM_US_0001044,01632082,1985-08-09,2019-12-31,12562,34,0,1979-01-01..2019-12-31,ok,1,nested,3495,False,3495,0
73302,growing,317,0.295694,0.338588,1,complex,complex,GSIM_US_0001044,01632082,1985-08-09,2019-12-31,12562,34,0,1979-01-01..2019-12-31,ok,1,nested,3495,False,3495,0
73305,dormant,311,0.352318,0.396125,2,complex,complex,GSIM_US_0001047,01634000,1979-01-01,2019-12-31,14975,41,0,1979-01-01..2019-12-31,ok,1,nested,3495,False,3495,0
73305,growing,436,0.389571,0.404514,1,complex,complex,GSIM_US_0001047,01634000,1979-01-01,2019-12-31,14975,41,0,1979-01-01..2019-12-31,ok,1,nested,3495,False,3495,0
73306,dormant,395,0.456989,0.479006,1,complex,complex,GSIM_US_0001048,01634500,1979-01-01,2019-12-31,14975,41,0,1979-01-01..2019-12-31,ok,1,nested,3495,False,3495,0
73306,growing,395,0.372079,0.434471,1,complex,complex,GSIM_US_0001048,01634500,1979-01-01,2019-12-31,14975,41,0,1979-01-01..2019-12-31,ok,1,nested,3495,False,3495,0
73314,dormant,384,0.43176,0.43176,0,complex,complex,GSIM_US_0001057,01637500,1979-01-01,2019-12-31,14975,41,0,1979-01-01..2019-12-31,ok,1,independent,3231,False,3231,16.3951
73314,growing,453,0.396426,0.455554,2,complex,complex,GSIM_US_0001057,01637500,1979-01-01,2019-12-31,14975,41,0,1979-01-01..2019-12-31,ok,1,independent,3231,False,3231,16.3951
73315,dormant,172,0.370618,0.370618,0,complex,complex,GSIM_US_0001058,01638350,2001-07-01,2019-12-31,6758,18,0,1979-01-01..2019-12-31,ok,1,nested,4365,False,4365,0
73315,growing,213,0.405103,0.405103,0,complex,complex,GSIM_US_0001058,01638350,2001-07-01,2019-12-31,6758,18,0,1979-01-01..2019-12-31,ok,1,nested,4365,False,4365,0
73322,dormant,166,0.577008,0.577008,0,intermediate,complex,GSIM_US_0001067,01642190,2003-10-01,2019-12-31,5936,16,0,1979-01-01..2019-12-31,ok,1,independent,3231,False,3231,22.8699
73322,growing,198,0.614488,0.632305,1,intermediate,complex,GSIM_US_0001067,01642190,2003-10-01,2019-12-31,5936,16,0,1979-01-01..2019-12-31,ok,1,independent,3231,False,3231,22.8699
73325,dormant,416,0.543614,0.55657,1,intermediate,complex,GSIM_US_0001070,01643000,1979-01-01,2019-12-31,14975,41,0,1979-01-01..2019-12-31,ok,1,independent,3231,False,3231,17.6611
73325,growing,487,0.462319,0.490049,1,complex,complex,GSIM_US_0001070,01643000,1979-01-01,2019-12-31,14975,41,0,1979-01-01..2019-12-31,ok,1,independent,3231,False,3231,17.6611
73327,dormant,382,0.410809,0.410809,0,complex,complex,GSIM_US_0001072,01643500,1979-01-01,2019-12-31,14975,41,0,1979-01-01..2019-12-31,ok,1,independent,3231,False,3231,12.1171
73327,growing,460,0.426268,0.468442,2,complex,complex,GSIM_US_0001072,01643500,1979-01-01,2019-12-31,14975,41,0,1979-01-01..2019-12-31,ok,1,independent,3231,False,3231,12.1171
73329,dormant,308,0.445669,0.479202,1,complex,complex,GSIM_US_0001074,01643700,1979-01-01,2019-12-31,13364,36,0,1979-01-01..2019-12-31,ok,1,adjacent,3233,False,3233,0
73329,growing,386,0.412222,0.478003,2,complex,complex,GSIM_US_0001074,01643700,1979-01-01,2019-12-31,13364,36,0,1979-01-01..2019-12-31,ok,1,adjacent,3233,False,3233,0
73330,dormant,166,0.296783,0.296783,0,complex,complex,GSIM_US_0001075,01643805,2001-07-19,2019-12-31,6740,18,0,1979-01-01..2019-12-31,ok,1,adjacent,4365,False,4365,0
73330,growing,206,0.474511,0.532841,2,complex,complex,GSIM_US_0001075,01643805,2001-07-19,2019-12-31,6740,18,0,1979-01-01..2019-12-31,ok,1,adjacent,4365,False,4365,0
73331,dormant,154,0.392317,0.404101,1,complex,complex,GSIM_US_0001076,01643880,2001-07-18,2019-12-31,6741,18,0,1979-01-01..2019-12-31,ok,1,adjacent,3495,False,3495,0
73331,growing,190,0.345614,0.345614,0,complex,complex,GSIM_US_0001076,01643880,2001-07-18,2019-12-31,6741,18,0,1979-01-01..2019-12-31,ok,1,adjacent,3495,False,3495,0
73339,dormant,99,0.579745,0.579745,0,intermediate,intermediate,GSIM_US_0001085,01645704,2007-09-21,2019-12-31,4485,12,0,1979-01-01..2019-12-31,ok,1,independent,3232,False,3232,23.7941
73339,growing,122,0.666948,0.769508,1,intermediate,complex,GSIM_US_0001085,01645704,2007-09-21,2019-12-31,4485,12,0,1979-01-01..2019-12-31,ok,1,independent,3232,False,3232,23.7941
73340,dormant,99,0.413637,0.48535,1,complex,intermediate,GSIM_US_0001086,01645762,2007-09-20,2019-12-31,4486,12,0,1979-01-01..2019-12-31,ok,1,independent,3232,False,3232,28.7865
73340,growing,112,0.579169,0.673058,1,intermediate,complex,GSIM_US_0001086,01645762,2007-09-20,2019-12-31,4486,12,0,1979-01-01..2019-12-31,ok,1,independent,3232,False,3232,28.7865
73342,dormant,91,0.465984,0.465984,0,complex,intermediate,GSIM_US_0001088,01646305,2008-01-10,2019-12-31,4374,12,0,1979-01-01..2019-12-31,ok,1,independent,3232,False,3232,38.5752
73342,growing,113,0.685516,0.74875,2,intermediate,complex,GSIM_US_0001088,01646305,2008-01-10,2019-12-31,4374,12,0,1979-01-01..2019-12-31,ok,1,independent,3232,False,3232,38.5752
73349,dormant,106,0.354141,0.416309,1,complex,intermediate,GSIM_US_0001095,01649190,2007-10-01,2019-12-31,4475,12,0,1979-01-01..2019-12-31,ok,1,independent,3231,False,3231,50.3695
73349,growing,114,0.618609,0.658287,1,intermediate,intermediate,GSIM_US_0001095,01649190,2007-10-01,2019-12-31,4475,12,0,1979-01-01..2019-12-31,ok,1,independent,3231,False,3231,50.3695
73350,dormant,351,0.52086,0.52086,0,intermediate,intermediate,GSIM_US_0001096,01649500,1979-01-01,2019-12-31,14975,41,0,1979-01-01..2019-12-31,ok,1,independent,3231,False,3231,50.4795
73350,growing,394,0.658692,0.771217,2,intermediate,intermediate,GSIM_US_0001096,01649500,1979-01-01,2019-12-31,14975,41,0,1979-01-01..2019-12-31,ok,1,independent,3231,False,3231,50.4795
73351,dormant,208,0.487779,0.487779,0,complex,intermediate,GSIM_US_0001097,01650500,1979-01-01,2019-12-31,9804,26,0,1979-01-01..2019-12-31,ok,1,independent,3231,False,3231,43.6898
73351,growing,267,0.562683,0.723528,2,intermediate,complex,GSIM_US_0001097,01650500,1979-01-01,2019-12-31,9804,26,0,1979-01-01..2019-12-31,ok,1,independent,3231,False,3231,43.6898
73352,dormant,87,0.429713,0.429713,0,complex,intermediate,GSIM_US_0001098,01650800,2008-10-01,2019-12-31,4109,11,0,1979-01-01..2019-12-31,ok,1,independent,3231,False,3231,47.6108
73352,growing,114,0.752814,0.783877,1,simple,complex,GSIM_US_0001098,01650800,2008-10-01,2019-12-31,4109,11,0,1979-01-01..2019-12-31,ok,1,independent,3231,False,3231,47.6108
73355,dormant,162,0.562968,0.580953,2,intermediate,complex,GSIM_US_0001101,01652500,1979-07-01,2019-12-31,9025,24,0,1979-01-01..2019-12-31,ok,1,independent,3232,False,3232,35.4179
73355,growing,232,0.757624,0.859496,1,simple,intermediate,GSIM_US_0001101,01652500,1979-07-01,2019-12-31,9025,24,0,1979-01-01..2019-12-31,ok,1,independent,3232,False,3232,35.4179
73358,dormant,395,0.58136,0.623048,1,intermediate,intermediate,GSIM_US_0001104,01653600,1979-01-01,2019-12-31,14609,39,0,1979-01-01..2019-12-31,ok,1,independent,3232,False,3232,39.6812
73358,growing,434,0.513425,0.627462,2,intermediate,intermediate,GSIM_US_0001104,01653600,1979-01-01,2019-12-31,14609,39,0,1979-01-01..2019-12-31,ok,1,independent,3232,False,3232,39.6812
73359,dormant,310,0.538288,0.567227,1,intermediate,intermediate,GSIM_US_0001105,01654000,1979-01-01,2019-12-31,14975,41,0,1979-01-01..2019-12-31,ok,1,independent,3232,False,3232,24.5552
73359,growing,381,0.683152,0.729879,1,intermediate,complex,GSIM_US_0001105,01654000,1979-01-01,2019-12-31,14975,41,0,1979-01-01..2019-12-31,ok,1,independent,3232,False,3232,24.5552
73370,dormant,384,0.600067,0.623316,1,intermediate,intermediate,GSIM_US_0001117,01660920,1983-06-14,2019-12-31,12984,34,0,1979-01-01..2019-12-31,ok,1,independent,3232,False,3232,37.3101
73370,growing,375,0.457469,0.457469,0,complex,intermediate,GSIM_US_0001117,01660920,1983-06-14,2019-12-31,12984,34,0,1979-01-01..2019-12-31,ok,1,independent,3232,False,3232,37.3101
73372,dormant,368,0.539758,0.601207,1,intermediate,intermediate,GSIM_US_0001119,01661050,1979-01-01,2019-12-31,14609,39,0,1979-01-01..2019-12-31,ok,1,independent,3236,False,3236,50.7035
73372,growing,425,0.537471,0.717717,2,intermediate,complex,GSIM_US_0001119,01661050,1979-01-01,2019-12-31,14609,39,0,1979-01-01..2019-12-31,ok,1,independent,3236,False,3236,50.7035
73377,dormant,286,0.480466,0.558083,1,complex,complex,GSIM_US_0001124,01662800,1979-01-01,2019-12-31,14162,38,0,1979-01-01..2019-12-31,ok,1,nested,3233,False,3233,0
73377,growing,374,0.46803,0.526239,1,complex,complex,GSIM_US_0001124,01662800,1979-01-01,2019-12-31,14162,38,0,1979-01-01..2019-12-31,ok,1,nested,3233,False,3233,0
73378,dormant,291,0.46997,0.706016,2,complex,complex,GSIM_US_0001125,01663500,1979-01-01,2019-12-31,11426,29,0,1979-01-01..2019-12-31,ok,1,nested,4367,False,4367,0
73378,growing,347,0.515879,0.563545,1,intermediate,intermediate,GSIM_US_0001125,01663500,1979-01-01,2019-12-31,11426,29,0,1979-01-01..2019-12-31,ok,1,nested,4367,False,4367,0
73380,dormant,324,0.528771,0.662141,2,intermediate,intermediate,GSIM_US_0001128,01665500,1979-01-01,2019-12-31,13787,37,0,1979-01-01..2019-12-31,ok,1,nested,3235,False,3235,0
73380,growing,396,0.40487,0.476497,1,complex,complex,GSIM_US_0001128,01665500,1979-01-01,2019-12-31,13787,37,0,1979-01-01..2019-12-31,ok,1,nested,3235,False,3235,0
73385,dormant,108,0.67458,0.737023,1,intermediate,complex,GSIM_US_0001137,01670000,1979-01-01,1989-01-18,3671,10,0,1979-01-01..2019-12-31,ok,1,independent,4369,False,4369,15.1633
73385,growing,108,0.497245,0.811219,2,intermediate,complex,GSIM_US_0001137,01670000,1979-01-01,1989-01-18,3671,10,0,1979-01-01..2019-12-31,ok,1,independent,4369,False,4369,15.1633
73386,dormant,229,0.481777,0.589895,1,complex,intermediate,GSIM_US_0001138,01670400,1979-01-01,2019-12-31,10780,28,0,1979-01-01..2019-12-31,ok,1,adjacent,3235,False,3235,0
73386,growing,291,0.334792,0.334792,0,complex,complex,GSIM_US_0001138,01670400,1979-01-01,2019-12-31,10780,28,0,1979-01-01..2019-12-31,ok,1,adjacent,3235,False,3235,0
73392,dormant,366,0.464394,0.464394,0,complex,intermediate,GSIM_US_0001144,01672500,1979-01-01,2019-12-31,12878,34,0,1979-01-01..2019-12-31,ok,1,adjacent,3235,False,3235,0
73392,growing,394,0.480031,0.578045,1,complex,complex,GSIM_US_0001144,01672500,1979-01-01,2019-12-31,12878,34,0,1979-01-01..2019-12-31,ok,1,adjacent,3235,False,3235,0
73395,dormant,429,0.574842,0.625592,1,intermediate,intermediate,GSIM_US_0001147,01673550,1979-01-01,2019-12-31,14975,41,0,1979-01-01..2019-12-31,ok,1,independent,3236,False,3236,28.3341
73395,growing,476,0.502434,0.607503,1,intermediate,complex,GSIM_US_0001147,01673550,1979-01-01,2019-12-31,14975,41,0,1979-01-01..2019-12-31,ok,1,independent,3236,False,3236,28.3341
73399,dormant,97,0.453434,0.558515,1,complex,complex,GSIM_US_0001151,01674500,1979-01-01,2019-12-31,14975,41,0,1979-01-01..2019-12-31,ok,3,adjacent,4368,False,4368,5.93488
73399,growing,85,0.490142,0.490142,0,complex,intermediate,GSIM_US_0001151,01674500,1979-01-01,2019-12-31,14975,41,0,1979-01-01..2019-12-31,ok,3,adjacent,4368,False,4368,5.93488
73410,dormant,429,0.485381,0.492651,1,complex,intermediate,GSIM_US_0001170,02021500,1979-01-01,2019-12-31,14975,41,0,1979-01-01..2019-12-31,ok,1,adjacent,3495,False,3495,0
73410,growing,385,0.327527,0.327527,0,complex,intermediate,GSIM_US_0001170,02021500,1979-01-01,2019-12-31,14975,41,0,1979-01-01..2019-12-31,ok,1,adjacent,3495,False,3495,0
73411,dormant,298,0.507738,0.565437,2,intermediate,intermediate,GSIM_US_0001171,02022500,1979-01-01,2019-12-31,14975,41,0,1979-01-01..2019-12-31,ok,1,independent,3495,False,3495,22.943
73411,growing,389,0.327126,0.361407,1,complex,intermediate,GSIM_US_0001171,02022500,1979-01-01,2019-12-31,14975,41,0,1979-01-01..2019-12-31,ok,1,independent,3495,False,3495,22.943
73412,dormant,442,0.485782,0.485782,0,complex,intermediate,GSIM_US_0001172,02024000,1979-01-01,2019-12-31,14975,41,0,1979-01-01..2019-12-31,ok,1,adjacent,3495,False,3495,0
73412,growing,419,0.405424,0.42837,1,complex,intermediate,GSIM_US_0001172,02024000,1979-01-01,2019-12-31,14975,41,0,1979-01-01..2019-12-31,ok,1,adjacent,3495,False,3495,0
73413,dormant,143,0.669377,0.713589,1,intermediate,intermediate,GSIM_US_0001173,02024752,2005-10-01,2019-12-31,5205,14,0,1979-01-01..2019-12-31,ok,1,adjacent,3243,False,3243,0
73413,growing,152,0.420712,0.420712,0,complex,complex,GSIM_US_0001173,02024752,2005-10-01,2019-12-31,5205,14,0,1979-01-01..2019-12-31,ok,1,adjacent,3243,False,3243,0
73415,dormant,426,0.526913,0.526913,0,intermediate,intermediate,GSIM_US_0001175,02025500,1979-01-01,2019-12-31,14974,41,0,1979-01-01..2019-12-31,ok,1,adjacent,3243,False,3243,0
73415,growing,439,0.403379,0.427469,1,complex,complex,GSIM_US_0001175,02025500,1979-01-01,2019-12-31,14974,41,0,1979-01-01..2019-12-31,ok,1,adjacent,3243,False,3243,0
73416,dormant,404,0.593772,0.638136,1,intermediate,intermediate,GSIM_US_0001176,02026000,1979-01-01,2019-12-31,14975,41,0,1979-01-01..2019-12-31,ok,1,adjacent,4371,False,4371,0
73416,growing,423,0.403939,0.427323,1,complex,complex,GSIM_US_0001176,02026000,1979-01-01,2019-12-31,14975,41,0,1979-01-01..2019-12-31,ok,1,adjacent,4371,False,4371,0
73418,dormant,344,0.34685,0.34685,0,complex,intermediate,GSIM_US_0001178,02027500,1979-01-01,2019-12-31,14975,41,0,1979-01-01..2019-12-31,ok,1,adjacent,3495,False,3495,8.53921
73418,growing,366,0.438459,0.556168,2,complex,intermediate,GSIM_US_0001178,02027500,1979-01-01,2019-12-31,14975,41,0,1979-01-01..2019-12-31,ok,1,adjacent,3495,False,3495,8.53921
73419,dormant,147,0.67787,0.775741,2,intermediate,intermediate,GSIM_US_0001179,02027800,1979-01-01,1995-09-30,6117,16,0,1979-01-01..2019-12-31,ok,1,independent,3246,False,3246,17.9572
73419,growing,182,0.481095,0.556617,2,complex,intermediate,GSIM_US_0001179,02027800,1979-01-01,1995-09-30,6117,16,0,1979-01-01..2019-12-31,ok,1,independent,3246,False,3246,17.9572
73420,dormant,428,0.590874,0.675804,2,intermediate,complex,GSIM_US_0001181,02029000,1979-01-01,2019-12-31,14975,41,0,1979-01-01..2019-12-31,ok,1,contains,4370,False,4370,0
73420,growing,421,0.469036,0.510566,1,complex,intermediate,GSIM_US_0001181,02029000,1979-01-01,2019-12-31,14975,41,0,1979-01-01..2019-12-31,ok,1,contains,4370,False,4370,0
73421,dormant,375,0.599122,0.636103,2,intermediate,intermediate,GSIM_US_0001182,02030000,1979-01-01,2019-12-31,14619,39,0,1979-01-01..2019-12-31,ok,1,adjacent,4370,False,4370,0
73421,growing,477,0.48999,0.531049,1,complex,complex,GSIM_US_0001182,02030000,1979-01-01,2019-12-31,14619,39,0,1979-01-01..2019-12-31,ok,1,adjacent,4370,False,4370,0
73429,dormant,381,0.503531,0.514836,1,intermediate,complex,GSIM_US_0001190,02035000,1979-01-01,2019-12-31,14975,41,0,1979-01-01..2019-12-31,ok,1,contains,4370,False,4370,0
73429,growing,486,0.444792,0.466876,1,complex,intermediate,GSIM_US_0001190,02035000,1979-01-01,2019-12-31,14975,41,0,1979-01-01..2019-12-31,ok,1,contains,4370,False,4370,0
73430,dormant,423,0.546339,0.591814,1,intermediate,intermediate,GSIM_US_0001191,02036500,1979-01-01,2019-12-31,14973,41,0,1979-01-01..2019-12-31,ok,1,independent,3239,False,3239,43.2359
73430,growing,482,0.426622,0.486683,1,complex,complex,GSIM_US_0001191,02036500,1979-01-01,2019-12-31,14973,41,0,1979-01-01..2019-12-31,ok,1,independent,3239,False,3239,43.2359
73432,dormant,165,0.557294,0.64607,2,intermediate,intermediate,GSIM_US_0001193,02038000,1979-01-01,1994-12-07,5820,16,0,1979-01-01..2019-12-31,ok,1,independent,3239,False,3239,28.3991
73432,growing,176,0.357119,0.357119,0,complex,complex,GSIM_US_0001193,02038000,1979-01-01,1994-12-07,5820,16,0,1979-01-01..2019-12-31,ok,1,independent,3239,False,3239,28.3991
73438,dormant,212,0.471735,0.528637,1,complex,intermediate,GSIM_US_0001200,02042500,1979-01-01,2019-12-31,14975,41,0,1979-01-01..2019-12-31,ok,2,independent,4369,False,4369,27.9825
73438,growing,193,0.428405,0.570712,2,complex,intermediate,GSIM_US_0001200,02042500,1979-01-01,2019-12-31,14975,41,0,1979-01-01..2019-12-31,ok,2,independent,4369,False,4369,27.9825
73445,dormant,21,0.21923,0.21923,0,complex,intermediate,GSIM_US_0001208,02048000,1979-01-01,1989-01-03,3656,10,0,1979-01-01..2019-12-31,ok,3,independent,3239,False,3239,16.5366
73445,growing,21,0.274658,0.274658,0,complex,intermediate,GSIM_US_0001208,02048000,1979-01-01,1989-01-03,3656,10,0,1979-01-01..2019-12-31,ok,3,independent,3239,False,3239,16.5366
73451,dormant,404,0.474989,0.474989,0,complex,intermediate,GSIM_US_0001217,02053800,1979-01-01,2019-12-31,14975,41,0,1979-01-01..2019-12-31,ok,1,adjacent,3244,False,3244,0
73451,growing,394,0.438812,0.532869,1,complex,intermediate,GSIM_US_0001217,02053800,1979-01-01,2019-12-31,14975,41,0,1979-01-01..2019-12-31,ok,1,adjacent,3244,False,3244,0
73452,dormant,358,0.417665,0.469418,2,complex,intermediate,GSIM_US_0001218,02054500,1979-01-01,2019-12-31,14975,41,0,1979-01-01..2019-12-31,ok,1,adjacent,3244,False,3244,0
73452,growing,461,0.417766,0.459022,1,complex,intermediate,GSIM_US_0001218,02054500,1979-01-01,2019-12-31,14975,41,0,1979-01-01..2019-12-31,ok,1,adjacent,3244,False,3244,0
73454,dormant,371,0.423592,0.423592,0,complex,intermediate,GSIM_US_0001220,02055000,1979-01-01,2019-12-31,14975,41,0,1979-01-01..2019-12-31,ok,1,adjacent,3244,False,3244,0
73454,growing,446,0.510973,0.552262,1,intermediate,complex,GSIM_US_0001220,02055000,1979-01-01,2019-12-31,14975,41,0,1979-01-01..2019-12-31,ok,1,adjacent,3244,False,3244,0
73455,dormant,359,0.389741,0.389741,0,complex,intermediate,GSIM_US_0001222,02056000,1979-01-01,2019-12-31,14975,41,0,1979-01-01..2019-12-31,ok,1,adjacent,3243,False,3243,0
73455,growing,457,0.498405,0.531922,1,complex,intermediate,GSIM_US_0001222,02056000,1979-01-01,2019-12-31,14975,41,0,1979-01-01..2019-12-31,ok,1,adjacent,3243,False,3243,0
73456,dormant,386,0.48721,0.48721,0,complex,intermediate,GSIM_US_0001223,02056650,1979-01-01,2019-12-31,14975,41,0,1979-01-01..2019-12-31,ok,1,adjacent,3244,False,3244,0
73456,growing,462,0.46539,0.556374,2,complex,intermediate,GSIM_US_0001223,02056650,1979-01-01,2019-12-31,14975,41,0,1979-01-01..2019-12-31,ok,1,adjacent,3244,False,3244,0
73462,dormant,418,0.479843,0.50369,2,complex,intermediate,GSIM_US_0001231,02062500,1979-01-01,2019-12-31,14975,41,0,1979-01-01..2019-12-31,ok,1,contains,3245,False,3245,0
73462,growing,502,0.425146,0.479822,1,complex,intermediate,GSIM_US_0001231,02062500,1979-01-01,2019-12-31,14975,41,0,1979-01-01..2019-12-31,ok,1,contains,3245,False,3245,0
73466,dormant,152,0.559331,0.584856,1,intermediate,intermediate,GSIM_US_0001237,02069000,1986-04-01,2019-12-31,5787,15,0,1979-01-01..2019-12-31,ok,1,adjacent,3248,False,3248,0
73466,growing,180,0.471534,0.554269,2,complex,intermediate,GSIM_US_0001237,02069000,1986-04-01,2019-12-31,5787,15,0,1979-01-01..2019-12-31,ok,1,adjacent,3248,False,3248,0
73469,dormant,189,0.586393,0.586393,0,intermediate,intermediate,GSIM_US_0001242,02071530,1994-10-01,2019-12-31,9223,25,0,1979-01-01..2019-12-31,ok,1,adjacent,3248,False,3248,0
73469,growing,225,0.573059,0.768987,1,intermediate,intermediate,GSIM_US_0001242,02071530,1994-10-01,2019-12-31,9223,25,0,1979-01-01..2019-12-31,ok,1,adjacent,3248,False,3248,0
73470,dormant,255,0.213981,0.255707,2,complex,intermediate,GSIM_US_0001243,02072000,1979-01-01,2019-12-31,14975,41,0,1979-01-01..2019-12-31,ok,2,adjacent,3249,False,3249,0
73470,growing,237,0.12036,0.12036,0,complex,intermediate,GSIM_US_0001243,02072000,1979-01-01,2019-12-31,14975,41,0,1979-01-01..2019-12-31,ok,2,adjacent,3249,False,3249,0
73471,dormant,166,0.370175,0.413083,2,complex,intermediate,GSIM_US_0001244,02072500,1979-01-01,2019-12-31,14975,41,0,1979-01-01..2019-12-31,ok,3,adjacent,3249,False,3249,0
73471,growing,142,0.229095,0.229095,0,complex,intermediate,GSIM_US_0001244,02072500,1979-01-01,2019-12-31,14975,41,0,1979-01-01..2019-12-31,ok,3,adjacent,3249,False,3249,0
73474,dormant,190,0.528212,0.528212,0,intermediate,intermediate,GSIM_US_0001248,02075000,1979-01-01,1995-09-30,6117,16,0,1979-01-01..2019-12-31,ok,1,contains,3250,False,3250,0
73474,growing,204,0.506476,0.620855,2,intermediate,intermediate,GSIM_US_0001248,02075000,1979-01-01,1995-09-30,6117,16,0,1979-01-01..2019-12-31,ok,1,contains,3250,False,3250,0
73479,dormant,299,0.439215,0.439215,0,complex,intermediate,GSIM_US_0001254,02077303,1979-01-01,2019-12-31,14911,41,0,1979-01-01..2019-12-31,ok,1,contains,3251,False,3251,0
73479,growing,309,0.320355,0.360486,1,complex,complex,GSIM_US_0001254,02077303,1979-01-01,2019-12-31,14911,41,0,1979-01-01..2019-12-31,ok,1,contains,3251,False,3251,0
73480,dormant,355,0.448658,0.448658,0,complex,intermediate,GSIM_US_0001255,02077500,1979-01-01,2014-03-31,12874,35,0,1979-01-01..2019-12-31,ok,1,contains,3251,False,3251,0
73480,growing,387,0.222441,0.222441,0,complex,intermediate,GSIM_US_0001255,02077500,1979-01-01,2014-03-31,12874,35,0,1979-01-01..2019-12-31,ok,1,contains,3251,False,3251,0
73481,dormant,92,0.211289,0.211289,0,complex,intermediate,GSIM_US_0001256,02077670,1979-01-01,2019-12-31,14960,41,0,1979-01-01..2019-12-31,ok,3,adjacent,3252,False,3252,0
73481,growing,74,0.177597,0.252261,1,complex,complex,GSIM_US_0001256,02077670,1979-01-01,2019-12-31,14960,41,0,1979-01-01..2019-12-31,ok,3,adjacent,3252,False,3252,0
73482,dormant,325,0.555203,0.555203,0,intermediate,intermediate,GSIM_US_0001257,02079640,1979-01-01,2019-12-31,13534,36,0,1979-01-01..2019-12-31,ok,1,adjacent,3241,False,3241,0
73482,growing,387,0.306277,0.334218,1,complex,complex,GSIM_US_0001257,02079640,1979-01-01,2019-12-31,13534,36,0,1979-01-01..2019-12-31,ok,1,adjacent,3241,False,3241,0
73485,dormant,420,0.613811,0.638905,1,intermediate,intermediate,GSIM_US_0001261,02081747,1979-01-01,2019-12-31,14975,41,0,1979-01-01..2019-12-31,ok,1,contains,4374,False,4374,0
73485,growing,471,0.446485,0.570446,2,complex,intermediate,GSIM_US_0001261,02081747,1979-01-01,2019-12-31,14975,41,0,1979-01-01..2019-12-31,ok,1,contains,4374,False,4374,0
73492,dormant,150,0.586449,0.711372,1,intermediate,intermediate,GSIM_US_0001269,02083800,1979-01-01,2002-06-30,8580,23,0,1979-01-01..2019-12-31,ok,2,independent,3242,False,3242,30.0991
73492,growing,91,0.365382,0.44244,1,complex,complex,GSIM_US_0001269,02083800,1979-01-01,2002-06-30,8580,23,0,1979-01-01..2019-12-31,ok,2,independent,3242,False,3242,30.0991
73498,dormant,400,0.590267,0.618766,1,intermediate,intermediate,GSIM_US_0001275,02085070,1979-01-01,2019-12-31,14937,41,0,1979-01-01..2019-12-31,ok,1,adjacent,4376,False,4376,0
73498,growing,475,0.473296,0.562809,1,complex,complex,GSIM_US_0001275,02085070,1979-01-01,2019-12-31,14937,41,0,1979-01-01..2019-12-31,ok,1,adjacent,4376,False,4376,0
73509,dormant,205,0.688076,0.724781,1,intermediate,intermediate,GSIM_US_0001286,02086849,1982-10-01,2019-12-31,8891,22,0,1979-01-01..2019-12-31,ok,1,independent,4376,False,4376,17.434
73509,growing,259,0.598828,0.645984,1,intermediate,complex,GSIM_US_0001286,02086849,1982-10-01,2019-12-31,8891,22,0,1979-01-01..2019-12-31,ok,1,independent,4376,False,4376,17.434
73511,dormant,275,0.635772,0.705546,2,intermediate,intermediate,GSIM_US_0001289,0208726005,1987-12-01,2019-12-31,10131,27,0,1979-01-01..2019-12-31,ok,1,independent,3252,False,3252,26.9337
73511,growing,325,0.633128,0.773754,2,intermediate,complex,GSIM_US_0001289,0208726005,1987-12-01,2019-12-31,10131,27,0,1979-01-01..2019-12-31,ok,1,independent,3252,False,3252,26.9337
73514,dormant,239,0.652503,0.652503,0,intermediate,intermediate,GSIM_US_0001292,0208732885,1984-01-01,2019-12-31,13149,36,0,1979-01-01..2019-12-31,ok,1,independent,3252,False,3252,29.4441
73514,growing,336,0.493714,0.607561,1,complex,complex,GSIM_US_0001292,0208732885,1984-01-01,2019-12-31,13149,36,0,1979-01-01..2019-12-31,ok,1,independent,3252,False,3252,29.4441
73515,dormant,180,0.662373,0.662373,0,intermediate,intermediate,GSIM_US_0001293,0208735012,1992-06-26,2019-12-31,9370,23,0,1979-01-01..2019-12-31,ok,1,independent,3252,False,3252,39.5997
73515,growing,238,0.744828,0.762145,1,intermediate,intermediate,GSIM_US_0001293,0208735012,1992-06-26,2019-12-31,9370,23,0,1979-01-01..2019-12-31,ok,1,independent,3252,False,3252,39.5997
73517,dormant,5,,,,,intermediate,GSIM_US_0001295,02087500,1979-01-01,2019-12-31,14975,41,0,1979-01-01..2019-12-31,ok,7,adjacent,3252,False,3252,0
73517,growing,6,,,,,intermediate,GSIM_US_0001295,02087500,1979-01-01,2019-12-31,14975,41,0,1979-01-01..2019-12-31,ok,7,adjacent,3252,False,3252,0
73520,dormant,299,0.671659,0.715639,2,intermediate,intermediate,GSIM_US_0001298,0208758850,1987-12-01,2019-12-31,11561,30,0,1979-01-01..2019-12-31,ok,1,independent,4376,False,4376,38.5723
73520,growing,387,0.579934,0.680245,1,intermediate,complex,GSIM_US_0001298,0208758850,1987-12-01,2019-12-31,11561,30,0,1979-01-01..2019-12-31,ok,1,independent,4376,False,4376,38.5723
73522,dormant,462,0.575685,0.587693,1,intermediate,intermediate,GSIM_US_0001300,02088000,1979-01-01,2019-12-31,14968,41,0,1979-01-01..2019-12-31,ok,1,independent,4376,False,4376,44.3833
73522,growing,496,0.494049,0.650004,2,complex,intermediate,GSIM_US_0001300,02088000,1979-01-01,2019-12-31,14968,41,0,1979-01-01..2019-12-31,ok,1,independent,4376,False,4376,44.3833
73523,dormant,111,0.509104,0.509104,0,intermediate,intermediate,GSIM_US_0001301,02088383,2008-10-01,2019-12-31,4091,11,0,1979-01-01..2019-12-31,ok,1,independent,3252,False,3252,16.7621
73523,growing,123,0.491096,0.689344,1,complex,complex,GSIM_US_0001301,02088383,2008-10-01,2019-12-31,4091,11,0,1979-01-01..2019-12-31,ok,1,independent,3252,False,3252,16.7621
73524,dormant,106,0.5278,0.605684,1,intermediate,intermediate,GSIM_US_0001302,02088470,1979-01-01,1989-10-05,3931,10,0,1979-01-01..2019-12-31,ok,1,independent,3252,False,3252,17.0838
73524,growing,110,0.356606,0.445785,1,complex,complex,GSIM_US_0001302,02088470,1979-01-01,1989-10-05,3931,10,0,1979-01-01..2019-12-31,ok,1,independent,3252,False,3252,17.0838
73525,dormant,403,0.52581,0.562872,2,intermediate,intermediate,GSIM_US_0001303,02088500,1979-01-01,2019-12-31,14975,41,0,1979-01-01..2019-12-31,ok,1,independent,3252,False,3252,17.0838
73525,growing,417,0.393942,0.457965,1,complex,intermediate,GSIM_US_0001303,02088500,1979-01-01,2019-12-31,14975,41,0,1979-01-01..2019-12-31,ok,1,independent,3252,False,3252,17.0838
73531,dormant,46,0.715645,0.793258,1,intermediate,intermediate,GSIM_US_0001309,02091500,1979-01-01,2019-12-31,14973,41,0,1979-01-01..2019-12-31,ok,4,independent,3257,False,3257,21.2465
73531,growing,20,0.273043,0.273043,0,complex,intermediate,GSIM_US_0001309,02091500,1979-01-01,2019-12-31,14973,41,0,1979-01-01..2019-12-31,ok,4,independent,3257,False,3257,21.2465
73533,dormant,6,,,,,complex,GSIM_US_0001311,02091814,1996-10-01,2019-12-31,8490,23,0,1979-01-01..2019-12-31,ok,5,adjacent,3252,False,3252,0
73533,growing,2,,,,,intermediate,GSIM_US_0001311,02091814,1996-10-01,2019-12-31,8490,23,0,1979-01-01..2019-12-31,ok,5,adjacent,3252,False,3252,0
73534,dormant,119,0.552273,0.552273,0,intermediate,intermediate,GSIM_US_0001312,02092000,1979-01-01,1989-10-03,3929,10,0,1979-01-01..2019-12-31,ok,1,independent,3254,False,3254,30.6342
73534,growing,84,0.398221,0.485116,1,complex,intermediate,GSIM_US_0001312,02092000,1979-01-01,1989-10-03,3929,10,0,1979-01-01..2019-12-31,ok,1,independent,3254,False,3254,30.6342
73538,dormant,136,0.725716,0.786984,1,intermediate,complex,GSIM_US_0001317,02093877,2004-04-01,2019-12-31,5753,15,0,1979-01-01..2019-12-31,ok,1,independent,3264,False,3264,46.2057
73538,growing,187,0.713889,0.75373,1,intermediate,complex,GSIM_US_0001317,02093877,2004-04-01,2019-12-31,5753,15,0,1979-01-01..2019-12-31,ok,1,independent,3264,False,3264,46.2057
73540,dormant,396,0.458128,0.49261,1,complex,intermediate,GSIM_US_0001319,02094500,1979-01-01,2019-12-31,14974,41,0,1979-01-01..2019-12-31,ok,1,independent,3251,False,3251,28.2106
73540,growing,491,0.41131,0.471335,1,complex,complex,GSIM_US_0001319,02094500,1979-01-01,2019-12-31,14974,41,0,1979-01-01..2019-12-31,ok,1,independent,3251,False,3251,28.2106
73542,dormant,180,0.710856,0.768535,1,intermediate,intermediate,GSIM_US_0001321,02094770,1998-08-01,2019-12-31,7823,21,0,1979-01-01..2019-12-31,ok,1,independent,3264,False,3264,33.3376
73542,growing,226,0.673209,0.713449,1,intermediate,intermediate,GSIM_US_0001321,02094770,1998-08-01,2019-12-31,7823,21,0,1979-01-01..2019-12-31,ok,1,independent,3264,False,3264,33.3376
73544,dormant,179,0.694501,0.801269,1,intermediate,intermediate,GSIM_US_0001323,02095000,1998-08-01,2019-12-31,7823,21,0,1979-01-01..2019-12-31,ok,1,independent,3264,False,3264,33.5314
73544,growing,239,0.646009,0.679774,1,intermediate,intermediate,GSIM_US_0001323,02095000,1998-08-01,2019-12-31,7823,21,0,1979-01-01..2019-12-31,ok,1,independent,3264,False,3264,33.5314
73552,dormant,99,0.787762,0.818233,1,simple,intermediate,GSIM_US_0001333,0209722970,2008-08-01,2019-12-31,4170,11,0,1979-01-01..2019-12-31,ok,1,independent,3255,False,3255,17.9314
73552,growing,115,0.640604,0.731617,2,intermediate,complex,GSIM_US_0001333,0209722970,2008-08-01,2019-12-31,4170,11,0,1979-01-01..2019-12-31,ok,1,independent,3255,False,3255,17.9314
73553,dormant,112,0.770244,0.797281,1,simple,intermediate,GSIM_US_0001334,02097280,2008-08-01,2019-12-31,4170,11,0,1979-01-01..2019-12-31,ok,1,independent,3255,False,3255,18.9938
73553,growing,137,0.675148,0.775113,2,intermediate,complex,GSIM_US_0001334,02097280,2008-08-01,2019-12-31,4170,11,0,1979-01-01..2019-12-31,ok,1,independent,3255,False,3255,18.9938
73554,dormant,364,0.585997,0.611733,1,intermediate,intermediate,GSIM_US_0001335,02097314,1982-10-01,2019-12-31,13606,37,0,1979-01-01..2019-12-31,ok,1,adjacent,3255,False,3255,0
73554,growing,468,0.445316,0.489785,1,complex,intermediate,GSIM_US_0001335,02097314,1982-10-01,2019-12-31,13606,37,0,1979-01-01..2019-12-31,ok,1,adjacent,3255,False,3255,0
73555,dormant,397,0.676467,0.687714,1,intermediate,intermediate,GSIM_US_0001336,0209741955,1982-10-01,2019-12-31,13060,35,0,1979-01-01..2019-12-31,ok,1,independent,3255,False,3255,23.58
73555,growing,457,0.561999,0.71722,2,intermediate,intermediate,GSIM_US_0001336,0209741955,1982-10-01,2019-12-31,13060,35,0,1979-01-01..2019-12-31,ok,1,independent,3255,False,3255,23.58
73556,dormant,283,0.416247,0.416247,0,complex,intermediate,GSIM_US_0001337,02097464,1988-11-01,2019-12-31,11383,31,0,1979-01-01..2019-12-31,ok,1,adjacent,3255,False,3255,1.69211
73556,growing,338,0.336521,0.40103,2,complex,complex,GSIM_US_0001337,02097464,1988-11-01,2019-12-31,11383,31,0,1979-01-01..2019-12-31,ok,1,adjacent,3255,False,3255,1.69211
73558,dormant,187,0.664376,0.664376,0,intermediate,intermediate,GSIM_US_0001339,0209782609,1999-09-01,2019-12-31,7396,20,0,1979-01-01..2019-12-31,ok,1,independent,4376,False,4376,30.3488
73558,growing,232,0.509135,0.564463,2,intermediate,complex,GSIM_US_0001339,0209782609,1999-09-01,2019-12-31,7396,20,0,1979-01-01..2019-12-31,ok,1,independent,4376,False,4376,30.3488
73563,dormant,426,0.588101,0.6483,2,intermediate,intermediate,GSIM_US_0001344,02100500,1979-01-01,2019-12-31,14975,41,0,1979-01-01..2019-12-31,ok,1,adjacent,3264,False,3264,0.0587396
73563,growing,523,0.492796,0.559314,2,complex,intermediate,GSIM_US_0001344,02100500,1979-01-01,2019-12-31,14975,41,0,1979-01-01..2019-12-31,ok,1,adjacent,3264,False,3264,0.0587396
73565,dormant,292,0.551153,0.580084,1,intermediate,intermediate,GSIM_US_0001346,0210166029,1988-05-01,2019-12-31,11567,31,0,1979-01-01..2019-12-31,ok,1,independent,3264,False,3264,25.4416
73565,growing,365,0.422067,0.534034,2,complex,complex,GSIM_US_0001346,0210166029,1988-05-01,2019-12-31,11567,31,0,1979-01-01..2019-12-31,ok,1,independent,3264,False,3264,25.4416
73566,dormant,100,0.553414,0.708675,2,intermediate,intermediate,GSIM_US_0001347,02101726,2009-01-16,2019-12-31,4002,11,0,1979-01-01..2019-12-31,ok,1,independent,4376,False,4376,23.6058
73566,growing,121,0.49318,0.827476,2,intermediate,complex,GSIM_US_0001347,02101726,2009-01-16,2019-12-31,4002,11,0,1979-01-01..2019-12-31,ok,1,independent,4376,False,4376,23.6058
73567,dormant,257,0.477388,0.515766,1,complex,intermediate,GSIM_US_0001348,02101800,1979-01-01,2019-12-31,10381,27,0,1979-01-01..2019-12-31,ok,1,independent,4381,False,4381,27.661
73567,growing,287,0.406578,0.617768,2,complex,complex,GSIM_US_0001348,02101800,1979-01-01,2019-12-31,10381,27,0,1979-01-01..2019-12-31,ok,1,independent,4381,False,4381,27.661
73568,dormant,401,0.58015,0.59592,1,intermediate,intermediate,GSIM_US_0001349,02102000,1979-01-01,2019-12-31,14975,41,0,1979-01-01..2019-12-31,ok,1,adjacent,3264,False,3264,0
73568,growing,471,0.378964,0.393963,1,complex,intermediate,GSIM_US_0001349,02102000,1979-01-01,2019-12-31,14975,41,0,1979-01-01..2019-12-31,ok,1,adjacent,3264,False,3264,0
73571,dormant,118,0.660232,0.73241,2,intermediate,intermediate,GSIM_US_0001353,02103000,2002-07-01,2019-12-31,6393,17,0,1979-01-01..2019-12-31,ok,2,contains,4377,False,4377,0
73571,growing,111,0.50423,0.50423,0,intermediate,intermediate,GSIM_US_0001353,02103000,2002-07-01,2019-12-31,6393,17,0,1979-01-01..2019-12-31,ok,2,contains,4377,False,4377,0
73573,dormant,351,0.738846,0.738846,0,intermediate,intermediate,GSIM_US_0001355,02104220,1988-07-01,2019-12-31,11506,31,0,1979-01-01..2019-12-31,ok,1,adjacent,3256,False,3256,0
73573,growing,371,0.637438,0.64833,1,intermediate,intermediate,GSIM_US_0001355,02104220,1988-07-01,2019-12-31,11506,31,0,1979-01-01..2019-12-31,ok,1,adjacent,3256,False,3256,0
73578,dormant,241,0.459456,0.459456,0,complex,intermediate,GSIM_US_0001360,02106500,1979-01-01,2019-12-31,14975,41,0,1979-01-01..2019-12-31,ok,2,adjacent,3257,False,3257,0
73578,growing,163,0.362736,0.533414,2,complex,intermediate,GSIM_US_0001360,02106500,1979-01-01,2019-12-31,14975,41,0,1979-01-01..2019-12-31,ok,2,adjacent,3257,False,3257,0
73586,dormant,75,0.602483,0.602483,0,intermediate,intermediate,GSIM_US_0001371,0211139110,2007-11-01,2019-12-31,4439,12,0,1979-01-01..2019-12-31,ok,2,contains,3258,False,3258,0
73586,growing,61,0.466252,0.466252,0,complex,intermediate,GSIM_US_0001371,0211139110,2007-11-01,2019-12-31,4439,12,0,1979-01-01..2019-12-31,ok,2,contains,3258,False,3258,0
73587,dormant,277,0.578157,0.630008,2,intermediate,intermediate,GSIM_US_0001373,02112000,1979-01-01,2019-12-31,14975,41,0,1979-01-01..2019-12-31,ok,2,contains,4379,False,4379,0
73587,growing,260,0.497477,0.529379,1,complex,intermediate,GSIM_US_0001373,02112000,1979-01-01,2019-12-31,14975,41,0,1979-01-01..2019-12-31,ok,2,contains,4379,False,4379,0
73588,dormant,51,0.633085,0.776138,1,intermediate,intermediate,GSIM_US_0001375,02112250,1979-01-01,2019-12-31,14975,41,0,1979-01-01..2019-12-31,ok,4,contains,3260,False,3260,0
73588,growing,50,0.571296,0.571296,0,intermediate,intermediate,GSIM_US_0001375,02112250,1979-01-01,2019-12-31,14975,41,0,1979-01-01..2019-12-31,ok,4,contains,3260,False,3260,0
73596,dormant,404,0.552271,0.650123,1,intermediate,intermediate,GSIM_US_0001385,02118000,1979-01-01,2019-12-31,14975,41,0,1979-01-01..2019-12-31,ok,1,adjacent,3262,False,3262,0
73596,growing,490,0.52552,0.60895,2,intermediate,complex,GSIM_US_0001385,02118000,1979-01-01,2019-12-31,14975,41,0,1979-01-01..2019-12-31,ok,1,adjacent,3262,False,3262,0
73602,dormant,175,0.485754,0.485754,0,complex,intermediate,GSIM_US_0001392,02123567,1981-10-01,2004-09-29,7673,19,0,1979-01-01..2019-12-31,ok,1,independent,3264,False,3264,12.0152
73602,growing,201,0.379166,0.439231,2,complex,complex,GSIM_US_0001392,02123567,1981-10-01,2004-09-29,7673,19,0,1979-01-01..2019-12-31,ok,1,independent,3264,False,3264,12.0152
73604,dormant,133,0.636464,0.636464,0,intermediate,intermediate,GSIM_US_0001394,02124080,2003-07-21,2019-12-31,6008,16,0,1979-01-01..2019-12-31,ok,1,independent,3263,False,3263,30.2966
73604,growing,171,0.440399,0.496158,2,complex,complex,GSIM_US_0001394,02124080,2003-07-21,2019-12-31,6008,16,0,1979-01-01..2019-12-31,ok,1,independent,3263,False,3263,30.2966
73605,dormant,206,0.72657,0.72657,0,intermediate,intermediate,GSIM_US_0001395,0212414900,1994-12-01,2019-12-31,9162,25,0,1979-01-01..2019-12-31,ok,1,independent,3263,False,3263,26.5203
73605,growing,249,0.585021,0.727877,1,intermediate,complex,GSIM_US_0001395,0212414900,1994-12-01,2019-12-31,9162,25,0,1979-01-01..2019-12-31,ok,1,independent,3263,False,3263,26.5203
73608,dormant,90,0.660797,0.660797,0,intermediate,intermediate,GSIM_US_0001398,0212430653,2007-07-13,2019-12-31,4555,12,0,1979-01-01..2019-12-31,ok,1,independent,3263,False,3263,20.7881
73608,growing,136,0.478746,0.556615,1,complex,complex,GSIM_US_0001398,0212430653,2007-07-13,2019-12-31,4555,12,0,1979-01-01..2019-12-31,ok,1,independent,3263,False,3263,20.7881
73610,dormant,147,0.605764,0.605764,0,intermediate,intermediate,GSIM_US_0001400,0212466000,2002-10-01,2019-12-31,6301,17,0,1979-01-01..2019-12-31,ok,1,independent,4380,False,4380,18.8593
73610,growing,188,0.46747,0.590889,1,complex,complex,GSIM_US_0001400,0212466000,2002-10-01,2019-12-31,6301,17,0,1979-01-01..2019-12-31,ok,1,independent,4380,False,4380,18.8593
73611,dormant,137,0.640564,0.640564,0,intermediate,intermediate,GSIM_US_0001401,0212467595,2002-09-11,2019-12-31,6320,17,0,1979-01-01..2019-12-31,ok,1,independent,4380,False,4380,24.74
73611,growing,190,0.420368,0.517661,1,complex,complex,GSIM_US_0001401,0212467595,2002-09-11,2019-12-31,6320,17,0,1979-01-01..2019-12-31,ok,1,independent,4380,False,4380,24.74
73617,dormant,305,0.469562,0.494819,1,complex,complex,GSIM_US_0001409,02130561,1990-11-03,2019-12-31,10651,29,0,1979-01-01..2019-12-31,ok,1,contains,3262,False,3262,0
73617,growing,335,0.374273,0.414892,1,complex,intermediate,GSIM_US_0001409,02130561,1990-11-03,2019-12-31,10651,29,0,1979-01-01..2019-12-31,ok,1,contains,3262,False,3262,0
73620,dormant,235,0.380553,0.397952,1,complex,intermediate,GSIM_US_0001412,02130910,1979-01-01,2019-12-31,14975,41,0,1979-01-01..2019-12-31,ok,2,independent,3263,False,3263,57.8217
73620,growing,188,0.378042,0.378042,0,complex,intermediate,GSIM_US_0001412,02130910,1979-01-01,2019-12-31,14975,41,0,1979-01-01..2019-12-31,ok,2,independent,3263,False,3263,57.8217
73621,dormant,177,0.490036,0.523711,1,complex,intermediate,GSIM_US_0001413,02130980,2001-10-01,2019-12-31,6666,18,0,1979-01-01..2019-12-31,ok,1,independent,3263,False,3263,57.8215
73621,growing,192,0.448965,0.538696,1,complex,intermediate,GSIM_US_0001413,02130980,2001-10-01,2019-12-31,6666,18,0,1979-01-01..2019-12-31,ok,1,independent,3263,False,3263,57.8215
73622,dormant,31,0.578499,0.710548,1,intermediate,complex,GSIM_US_0001414,02131000,1979-01-01,2019-12-31,14972,41,0,1979-01-01..2019-12-31,ok,5,contains,3262,False,3262,0
73622,growing,32,0.170021,0.170021,0,complex,complex,GSIM_US_0001414,02131000,1979-01-01,2019-12-31,14972,41,0,1979-01-01..2019-12-31,ok,5,contains,3262,False,3262,0
73625,dormant,174,0.555635,0.6067,2,intermediate,intermediate,GSIM_US_0001417,02131309,1979-01-01,1997-09-29,6847,18,0,1979-01-01..2019-12-31,ok,1,independent,3263,False,3263,60.7262
73625,growing,204,0.322447,0.390499,2,complex,intermediate,GSIM_US_0001417,02131309,1979-01-01,1997-09-29,6847,18,0,1979-01-01..2019-12-31,ok,1,independent,3263,False,3263,60.7262
73626,dormant,137,0.561512,0.561512,0,intermediate,intermediate,GSIM_US_0001418,02131320,1990-10-01,2012-09-29,5345,12,0,1979-01-01..2019-12-31,ok,1,independent,3263,False,3263,60.7454
73626,growing,160,0.253649,0.391076,1,complex,intermediate,GSIM_US_0001418,02131320,1990-10-01,2012-09-29,5345,12,0,1979-01-01..2019-12-31,ok,1,independent,3263,False,3263,60.7454
73633,dormant,81,0.393981,0.393981,0,complex,intermediate,GSIM_US_0001425,02134170,2000-07-02,2019-12-31,7121,19,0,1979-01-01..2019-12-31,ok,2,independent,3264,False,3264,11.5451
73633,growing,87,0.324544,0.37548,1,complex,intermediate,GSIM_US_0001425,02134170,2000-07-02,2019-12-31,7121,19,0,1979-01-01..2019-12-31,ok,2,independent,3264,False,3264,11.5451
73635,dormant,51,0.32537,0.834055,1,intermediate,intermediate,GSIM_US_0001427,02134500,1979-01-01,2019-12-31,14974,41,0,1979-01-01..2019-12-31,ok,3,independent,3264,False,3264,11.5451
73635,growing,38,0.198367,0.198367,0,complex,intermediate,GSIM_US_0001427,02134500,1979-01-01,2019-12-31,14974,41,0,1979-01-01..2019-12-31,ok,3,independent,3264,False,3264,11.5451
73637,dormant,219,0.586774,0.651275,1,intermediate,intermediate,GSIM_US_0001429,02135300,1979-01-01,2003-09-29,9038,24,0,1979-01-01..2019-12-31,ok,1,independent,3496,False,3496,97.2875
73637,growing,220,0.325726,0.413395,1,complex,complex,GSIM_US_0001429,02135300,1979-01-01,2003-09-29,9038,24,0,1979-01-01..2019-12-31,ok,1,independent,3496,False,3496,97.2875
73641,dormant,172,0.423682,0.728586,2,complex,intermediate,GSIM_US_0001434,0213903612,1991-07-01,2009-10-20,6687,17,0,1979-01-01..2019-12-31,ok,1,contains,4382,False,4382,0
73641,growing,204,0.367487,0.433978,1,complex,intermediate,GSIM_US_0001434,0213903612,1991-07-01,2009-10-20,6687,17,0,1979-01-01..2019-12-31,ok,1,contains,4382,False,4382,0
73647,dormant,203,0.662342,0.694435,1,intermediate,intermediate,GSIM_US_0001441,0214266000,1996-11-26,2019-12-31,8436,23,0,1979-01-01..2019-12-31,ok,1,independent,3263,False,3263,38.1305
73647,growing,259,0.471236,0.604803,1,complex,complex,GSIM_US_0001441,0214266000,1996-11-26,2019-12-31,8436,23,0,1979-01-01..2019-12-31,ok,1,independent,3263,False,3263,38.1305
73648,dormant,130,0.683659,0.683659,0,intermediate,complex,GSIM_US_0001442,0214266080,2002-10-01,2019-12-31,6301,17,0,1979-01-01..2019-12-31,ok,1,independent,3263,False,3263,39.8698
73648,growing,158,0.537967,0.637093,1,intermediate,complex,GSIM_US_0001442,0214266080,2002-10-01,2019-12-31,6301,17,0,1979-01-01..2019-12-31,ok,1,independent,3263,False,3263,39.8698
73653,dormant,209,0.678023,0.723492,1,intermediate,intermediate,GSIM_US_0001447,0214295600,1994-10-01,2019-12-31,9222,25,0,1979-01-01..2019-12-31,ok,1,independent,3263,False,3263,44.2632
73653,growing,263,0.515449,0.624613,1,intermediate,complex,GSIM_US_0001447,0214295600,1994-10-01,2019-12-31,9222,25,0,1979-01-01..2019-12-31,ok,1,independent,3263,False,3263,44.2632
73654,dormant,114,0.495584,0.495584,0,complex,intermediate,GSIM_US_0001448,0214297160,2003-01-01,2019-12-31,6151,17,0,1979-01-01..2019-12-31,ok,1,independent,3263,False,3263,51.2718
73654,growing,154,0.376996,0.426542,1,complex,intermediate,GSIM_US_0001448,0214297160,2003-01-01,2019-12-31,6151,17,0,1979-01-01..2019-12-31,ok,1,independent,3263,False,3263,51.2718
73655,dormant,396,0.597285,0.687575,1,intermediate,intermediate,GSIM_US_0001451,02143500,1979-01-01,2019-12-31,14975,41,0,1979-01-01..2019-12-31,ok,1,adjacent,3268,False,3268,7.02378
73655,growing,464,0.480057,0.600501,1,complex,complex,GSIM_US_0001451,02143500,1979-01-01,2019-12-31,14975,41,0,1979-01-01..2019-12-31,ok,1,adjacent,3268,False,3268,7.02378
73656,dormant,363,0.558066,0.609707,1,intermediate,intermediate,GSIM_US_0001452,02144000,1979-01-01,2019-12-31,14975,41,0,1979-01-01..2019-12-31,ok,1,independent,4385,False,4385,32.5583
73656,growing,445,0.419172,0.492822,2,complex,complex,GSIM_US_0001452,02144000,1979-01-01,2019-12-31,14975,41,0,1979-01-01..2019-12-31,ok,1,independent,4385,False,4385,32.5583
73658,dormant,109,0.547738,0.547738,0,intermediate,intermediate,GSIM_US_0001454,021457492,2008-04-09,2019-12-31,4283,11,0,1979-01-01..2019-12-31,ok,1,independent,4386,False,4386,53.4471
73658,growing,148,0.395711,0.491066,2,complex,complex,GSIM_US_0001454,021457492,2008-04-09,2019-12-31,4283,11,0,1979-01-01..2019-12-31,ok,1,independent,4386,False,4386,53.4471
73659,dormant,104,0.662625,0.662625,0,intermediate,intermediate,GSIM_US_0001455,021459367,2006-09-29,2019-12-31,4840,13,0,1979-01-01..2019-12-31,ok,1,independent,4380,False,4380,65.0734
73659,growing,121,0.432349,0.432349,0,complex,intermediate,GSIM_US_0001455,021459367,2006-09-29,2019-12-31,4840,13,0,1979-01-01..2019-12-31,ok,1,independent,4380,False,4380,65.0734
73660,dormant,290,0.158419,0.158419,0,complex,intermediate,GSIM_US_0001456,02146000,1979-01-01,2019-12-31,14920,41,0,1979-01-01..2019-12-31,ok,2,contains,4383,False,4383,0
73660,growing,236,0.167919,0.229423,1,complex,intermediate,GSIM_US_0001456,02146000,1979-01-01,2019-12-31,14920,41,0,1979-01-01..2019-12-31,ok,2,contains,4383,False,4383,0
73661,dormant,91,0.602991,0.602991,0,intermediate,intermediate,GSIM_US_0001457,02146110,2006-12-07,2019-12-31,4769,13,0,1979-01-01..2019-12-31,ok,1,independent,4380,False,4380,65.0539
73661,growing,116,0.576522,0.65319,1,intermediate,intermediate,GSIM_US_0001457,02146110,2006-12-07,2019-12-31,4769,13,0,1979-01-01..2019-12-31,ok,1,independent,4380,False,4380,65.0539
73663,dormant,148,0.629318,0.629318,0,intermediate,intermediate,GSIM_US_0001459,0214627970,2000-06-01,2019-12-31,7153,19,0,1979-01-01..2019-12-31,ok,1,independent,3263,False,3263,39.8977
73663,growing,190,0.486585,0.65704,1,complex,complex,GSIM_US_0001459,0214627970,2000-06-01,2019-12-31,7153,19,0,1979-01-01..2019-12-31,ok,1,independent,3263,False,3263,39.8977
73665,dormant,323,0.693393,0.734084,1,intermediate,intermediate,GSIM_US_0001461,02146300,1979-01-01,2019-12-31,14974,41,0,1979-01-01..2019-12-31,ok,1,independent,3263,False,3263,34.4945
73665,growing,401,0.540457,0.5933,1,intermediate,complex,GSIM_US_0001461,02146300,1979-01-01,2019-12-31,14974,41,0,1979-01-01..2019-12-31,ok,1,independent,3263,False,3263,34.4945
73666,dormant,156,0.711018,0.731784,1,intermediate,intermediate,GSIM_US_0001462,02146315,1998-07-01,2019-12-31,7854,21,0,1979-01-01..2019-12-31,ok,1,independent,3263,False,3263,44.8093
73666,growing,200,0.547569,0.646397,1,intermediate,intermediate,GSIM_US_0001462,02146315,1998-07-01,2019-12-31,7854,21,0,1979-01-01..2019-12-31,ok,1,independent,3263,False,3263,44.8093
73667,dormant,178,0.719304,0.743941,1,intermediate,intermediate,GSIM_US_0001463,02146348,1998-10-01,2019-12-31,7760,21,0,1979-01-01..2019-12-31,ok,1,independent,3263,False,3263,47.8136
73667,growing,199,0.630006,0.780417,1,intermediate,complex,GSIM_US_0001463,02146348,1998-10-01,2019-12-31,7760,21,0,1979-01-01..2019-12-31,ok,1,independent,3263,False,3263,47.8136
73668,dormant,236,0.689007,0.72125,1,intermediate,intermediate,GSIM_US_0001464,02146381,1994-10-01,2019-12-31,9223,25,0,1979-01-01..2019-12-31,ok,1,independent,3263,False,3263,34.4945
73668,growing,277,0.593421,0.725693,1,intermediate,complex,GSIM_US_0001464,02146381,1994-10-01,2019-12-31,9223,25,0,1979-01-01..2019-12-31,ok,1,independent,3263,False,3263,34.4945
73670,dormant,154,0.577139,0.577139,0,intermediate,intermediate,GSIM_US_0001466,0214642825,1998-04-01,2019-12-31,7942,21,0,1979-01-01..2019-12-31,ok,1,independent,3263,False,3263,29.77
73670,growing,214,0.439682,0.533789,1,complex,complex,GSIM_US_0001466,0214642825,1998-04-01,2019-12-31,7942,21,0,1979-01-01..2019-12-31,ok,1,independent,3263,False,3263,29.77
73678,dormant,150,0.61378,0.61378,0,intermediate,intermediate,GSIM_US_0001474,0214657975,1999-06-01,2019-12-31,7519,20,0,1979-01-01..2019-12-31,ok,1,independent,4380,False,4380,25.7806
73678,growing,209,0.419326,0.578578,1,complex,complex,GSIM_US_0001474,0214657975,1999-06-01,2019-12-31,7519,20,0,1979-01-01..2019-12-31,ok,1,independent,4380,False,4380,25.7806
73679,dormant,326,0.608556,0.608556,0,intermediate,intermediate,GSIM_US_0001475,02146600,1979-01-01,2019-12-31,14975,41,0,1979-01-01..2019-12-31,ok,1,independent,4380,False,4380,25.7803
73679,growing,418,0.461387,0.487245,1,complex,complex,GSIM_US_0001475,02146600,1979-01-01,2019-12-31,14975,41,0,1979-01-01..2019-12-31,ok,1,independent,4380,False,4380,25.7803
73681,dormant,383,0.653854,0.694775,1,intermediate,intermediate,GSIM_US_0001477,02146750,1979-01-01,2019-12-31,14975,41,0,1979-01-01..2019-12-31,ok,1,independent,4380,False,4380,25.6871
73681,growing,476,0.549678,0.619458,1,intermediate,complex,GSIM_US_0001477,02146750,1979-01-01,2019-12-31,14975,41,0,1979-01-01..2019-12-31,ok,1,independent,4380,False,4380,25.6871
73682,dormant,77,0.530855,0.629272,2,intermediate,intermediate,GSIM_US_0001478,0214676115,2005-10-01,2019-12-31,4864,14,0,1979-01-01..2019-12-31,ok,1,independent,4380,False,4380,25.7169
73682,growing,118,0.566972,0.566972,0,intermediate,complex,GSIM_US_0001478,0214676115,2005-10-01,2019-12-31,4864,14,0,1979-01-01..2019-12-31,ok,1,independent,4380,False,4380,25.7169
73684,dormant,7,,,,,intermediate,GSIM_US_0001480,02146800,2006-04-01,2019-12-31,5023,13,0,1979-01-01..2019-12-31,ok,7,independent,4380,False,4380,25.7169
73684,growing,3,,,,,intermediate,GSIM_US_0001480,02146800,2006-04-01,2019-12-31,5023,13,0,1979-01-01..2019-12-31,ok,7,independent,4380,False,4380,25.7169
73685,dormant,105,0.744863,0.744863,0,intermediate,intermediate,GSIM_US_0001481,0214685800,2007-10-01,2019-12-31,4474,12,0,1979-01-01..2019-12-31,ok,1,independent,4380,False,4380,38.6694
73685,growing,146,0.646109,0.690701,1,intermediate,complex,GSIM_US_0001481,0214685800,2007-10-01,2019-12-31,4474,12,0,1979-01-01..2019-12-31,ok,1,independent,4380,False,4380,38.6694
73686,dormant,235,0.590607,0.634517,1,intermediate,intermediate,GSIM_US_0001482,02146900,1979-01-01,2004-02-29,9191,25,0,1979-01-01..2019-12-31,ok,1,independent,4380,False,4380,35.1578
73686,growing,270,0.395131,0.478694,1,complex,complex,GSIM_US_0001482,02146900,1979-01-01,2004-02-29,9191,25,0,1979-01-01..2019-12-31,ok,1,independent,4380,False,4380,35.1578
73687,dormant,112,0.310117,0.368603,1,complex,intermediate,GSIM_US_0001483,02147000,1979-01-01,1992-01-31,4779,13,0,1979-01-01..2019-12-31,ok,1,contains,4383,False,4383,0
73687,growing,127,0.407537,0.407537,0,complex,intermediate,GSIM_US_0001483,02147000,1979-01-01,1992-01-31,4779,13,0,1979-01-01..2019-12-31,ok,1,contains,4383,False,4383,0
73688,dormant,190,0.270328,0.288227,1,complex,intermediate,GSIM_US_0001484,02147020,1992-01-25,2019-12-31,9837,26,0,1979-01-01..2019-12-31,ok,2,contains,4383,False,4383,0
73688,growing,162,0.23642,0.23642,0,complex,intermediate,GSIM_US_0001484,02147020,1992-01-25,2019-12-31,9837,26,0,1979-01-01..2019-12-31,ok,2,contains,4383,False,4383,0
73689,dormant,114,0.62716,0.70221,1,intermediate,intermediate,GSIM_US_0001485,02147126,2002-04-27,2015-09-29,4662,11,0,1979-01-01..2019-12-31,ok,1,independent,4380,False,4380,48.8504
73689,growing,124,0.303989,0.41977,1,complex,complex,GSIM_US_0001485,02147126,2002-04-27,2015-09-29,4662,11,0,1979-01-01..2019-12-31,ok,1,independent,4380,False,4380,48.8504
73690,dormant,142,0.601485,0.658637,2,intermediate,intermediate,GSIM_US_0001486,021473426,1998-08-24,2019-12-31,6008,15,0,1979-01-01..2019-12-31,ok,1,independent,4380,False,4380,71.3986
73690,growing,170,0.356382,0.461973,2,complex,complex,GSIM_US_0001486,021473426,1998-08-24,2019-12-31,6008,15,0,1979-01-01..2019-12-31,ok,1,independent,4380,False,4380,71.3986
73692,dormant,367,0.619128,0.715793,1,intermediate,intermediate,GSIM_US_0001488,02147500,1979-01-01,2019-12-31,13202,35,0,1979-01-01..2019-12-31,ok,1,independent,3496,False,3496,49.7255
73692,growing,378,0.404003,0.472049,2,complex,complex,GSIM_US_0001488,02147500,1979-01-01,2019-12-31,13202,35,0,1979-01-01..2019-12-31,ok,1,independent,3496,False,3496,49.7255
73695,dormant,178,0.5949,0.654997,1,intermediate,intermediate,GSIM_US_0001493,02151000,1979-01-01,1996-12-31,6575,18,0,1979-01-01..2019-12-31,ok,1,adjacent,3270,False,3270,0
73695,growing,170,0.516548,0.516548,0,intermediate,intermediate,GSIM_US_0001493,02151000,1979-01-01,1996-12-31,6575,18,0,1979-01-01..2019-12-31,ok,1,adjacent,3270,False,3270,0
73696,dormant,406,0.614791,0.68924,1,intermediate,intermediate,GSIM_US_0001494,02151500,1979-01-01,2019-12-31,14975,41,0,1979-01-01..2019-12-31,ok,1,contains,3269,False,3269,0
73696,growing,438,0.553703,0.639556,2,intermediate,intermediate,GSIM_US_0001494,02151500,1979-01-01,2019-12-31,14975,41,0,1979-01-01..2019-12-31,ok,1,contains,3269,False,3269,0
73702,dormant,224,0.569992,0.642751,1,intermediate,intermediate,GSIM_US_0001501,02153551,1998-10-30,2019-12-31,7733,21,0,1979-01-01..2019-12-31,ok,1,contains,3269,False,3269,0
73702,growing,240,0.404321,0.486619,2,complex,intermediate,GSIM_US_0001501,02153551,1998-10-30,2019-12-31,7733,21,0,1979-01-01..2019-12-31,ok,1,contains,3269,False,3269,0
73703,dormant,109,0.475905,0.475905,0,complex,intermediate,GSIM_US_0001502,02153590,2006-04-01,2019-12-31,5022,13,0,1979-01-01..2019-12-31,ok,1,independent,4386,False,4386,40.5271
73703,growing,156,0.391686,0.391686,0,complex,complex,GSIM_US_0001502,02153590,2006-04-01,2019-12-31,5022,13,0,1979-01-01..2019-12-31,ok,1,independent,4386,False,4386,40.5271
73705,dormant,124,0.547989,0.547989,0,intermediate,intermediate,GSIM_US_0001504,02153700,2006-03-31,2019-12-31,5024,13,0,1979-01-01..2019-12-31,ok,1,independent,3270,False,3270,38.8359
73705,growing,158,0.229107,0.229107,0,complex,complex,GSIM_US_0001504,02153700,2006-03-31,2019-12-31,5024,13,0,1979-01-01..2019-12-31,ok,1,independent,3270,False,3270,38.8359
73709,dormant,349,0.511593,0.56097,1,intermediate,intermediate,GSIM_US_0001508,02155500,1979-01-01,2019-12-31,14052,36,0,1979-01-01..2019-12-31,ok,1,independent,3269,False,3269,18.1485
73709,growing,421,0.544243,0.621102,2,intermediate,intermediate,GSIM_US_0001508,02155500,1979-01-01,2019-12-31,14052,36,0,1979-01-01..2019-12-31,ok,1,independent,3269,False,3269,18.1485
73710,dormant,260,0.522972,0.564306,1,intermediate,intermediate,GSIM_US_0001509,021556525,1993-11-01,2019-12-31,9557,26,0,1979-01-01..2019-12-31,ok,1,independent,3269,False,3269,18.1485
73710,growing,259,0.470726,0.618929,2,complex,intermediate,GSIM_US_0001509,021556525,1993-11-01,2019-12-31,9557,26,0,1979-01-01..2019-12-31,ok,1,independent,3269,False,3269,18.1485
73712,dormant,218,0.492793,0.527643,1,complex,intermediate,GSIM_US_0001511,02156050,1979-10-01,2007-07-08,10143,27,0,1979-01-01..2019-12-31,ok,1,independent,3269,False,3269,39.4252
73712,growing,254,0.567085,0.660286,1,intermediate,intermediate,GSIM_US_0001511,02156050,1979-10-01,2007-07-08,10143,27,0,1979-01-01..2019-12-31,ok,1,independent,3269,False,3269,39.4252
73716,dormant,149,0.534217,0.631864,1,intermediate,intermediate,GSIM_US_0001515,02157470,2002-02-15,2019-12-31,6529,18,0,1979-01-01..2019-12-31,ok,1,independent,3269,False,3269,34.5333
73716,growing,181,0.36022,0.36022,0,complex,intermediate,GSIM_US_0001515,02157470,2002-02-15,2019-12-31,6529,18,0,1979-01-01..2019-12-31,ok,1,independent,3269,False,3269,34.5333
73718,dormant,195,0.524485,0.57295,1,intermediate,intermediate,GSIM_US_0001517,02157510,2000-02-12,2019-12-31,7263,20,0,1979-01-01..2019-12-31,ok,1,independent,3269,False,3269,34.548
73718,growing,235,0.48192,0.546475,2,complex,intermediate,GSIM_US_0001517,02157510,2000-02-12,2019-12-31,7263,20,0,1979-01-01..2019-12-31,ok,1,independent,3269,False,3269,34.548
73722,dormant,395,0.660781,0.778847,2,intermediate,intermediate,GSIM_US_0001521,02160105,1979-01-01,2019-12-31,14975,41,0,1979-01-01..2019-12-31,ok,1,independent,3496,False,3496,19.2561
73722,growing,459,0.494304,0.533011,2,complex,intermediate,GSIM_US_0001521,02160105,1979-01-01,2019-12-31,14975,41,0,1979-01-01..2019-12-31,ok,1,independent,3496,False,3496,19.2561
73723,dormant,273,0.607283,0.658554,1,intermediate,intermediate,GSIM_US_0001522,02160326,1993-03-10,2019-12-31,9793,26,0,1979-01-01..2019-12-31,ok,1,independent,3334,False,3334,35.7654
73723,growing,282,0.633589,0.722807,2,intermediate,intermediate,GSIM_US_0001522,02160326,1993-03-10,2019-12-31,9793,26,0,1979-01-01..2019-12-31,ok,1,independent,3334,False,3334,35.7654
73727,dormant,400,0.624844,0.669678,2,intermediate,intermediate,GSIM_US_0001526,02160700,1979-01-01,2019-12-31,14975,41,0,1979-01-01..2019-12-31,ok,1,adjacent,3496,False,3496,9.50631
73727,growing,449,0.559968,0.6197,1,intermediate,intermediate,GSIM_US_0001526,02160700,1979-01-01,2019-12-31,14975,41,0,1979-01-01..2019-12-31,ok,1,adjacent,3496,False,3496,9.50631
73730,dormant,137,0.581146,0.667751,1,intermediate,intermediate,GSIM_US_0001529,02162010,1979-01-01,1996-09-29,5967,15,0,1979-01-01..2019-12-31,ok,1,independent,3496,False,3496,38.3927
73730,growing,167,0.326723,0.326723,0,complex,complex,GSIM_US_0001529,02162010,1979-01-01,1996-09-29,5967,15,0,1979-01-01..2019-12-31,ok,1,independent,3496,False,3496,38.3927
73731,dormant,234,0.698257,0.777112,1,intermediate,intermediate,GSIM_US_0001530,02162093,1979-01-01,2019-12-31,13882,33,0,1979-01-01..2019-12-31,ok,1,independent,3496,False,3496,47.8895
73731,growing,316,0.542532,0.542532,0,intermediate,complex,GSIM_US_0001530,02162093,1979-01-01,2019-12-31,13882,33,0,1979-01-01..2019-12-31,ok,1,independent,3496,False,3496,47.8895
73732,dormant,242,0.529334,0.529334,0,intermediate,intermediate,GSIM_US_0001531,02162350,1980-10-01,2019-12-31,11120,29,0,1979-01-01..2019-12-31,ok,1,independent,3334,False,3334,14.6173
73732,growing,231,0.451661,0.451661,0,complex,intermediate,GSIM_US_0001531,02162350,1980-10-01,2019-12-31,11120,29,0,1979-01-01..2019-12-31,ok,1,independent,3334,False,3334,14.6173
73735,dormant,247,0.653614,0.731736,1,intermediate,intermediate,GSIM_US_0001534,02163001,1995-05-02,2019-12-31,9008,24,0,1979-01-01..2019-12-31,ok,1,adjacent,3334,False,3334,8.89655
73735,growing,265,0.521481,0.521481,0,intermediate,intermediate,GSIM_US_0001534,02163001,1995-05-02,2019-12-31,9008,24,0,1979-01-01..2019-12-31,ok,1,adjacent,3334,False,3334,8.89655
73738,dormant,285,0.617741,0.647073,1,intermediate,intermediate,GSIM_US_0001537,02164110,1993-09-01,2019-12-31,9618,26,0,1979-01-01..2019-12-31,ok,1,independent,3334,False,3334,34.9912
73738,growing,294,0.626109,0.702843,1,intermediate,intermediate,GSIM_US_0001537,02164110,1993-09-01,2019-12-31,9618,26,0,1979-01-01..2019-12-31,ok,1,independent,3334,False,3334,34.9912
73744,dormant,225,0.576502,0.591263,1,intermediate,intermediate,GSIM_US_0001543,02166970,1980-10-01,2001-09-29,7669,20,0,1979-01-01..2019-12-31,ok,1,adjacent,3274,False,3274,0
73744,growing,191,0.29303,0.367511,2,complex,complex,GSIM_US_0001543,02166970,1980-10-01,2001-09-29,7669,20,0,1979-01-01..2019-12-31,ok,1,adjacent,3274,False,3274,0
73745,dormant,389,0.571749,0.665102,2,intermediate,intermediate,GSIM_US_0001544,02167000,1979-01-01,2019-12-31,14975,41,0,1979-01-01..2019-12-31,ok,1,adjacent,3274,False,3274,0
73745,growing,452,0.533667,0.588086,2,intermediate,intermediate,GSIM_US_0001544,02167000,1979-01-01,2019-12-31,14975,41,0,1979-01-01..2019-12-31,ok,1,adjacent,3274,False,3274,0
73746,dormant,295,0.653157,0.711742,1,intermediate,intermediate,GSIM_US_0001545,02167450,1990-03-30,2019-12-31,10865,29,0,1979-01-01..2019-12-31,ok,1,adjacent,3496,False,3496,0
73746,growing,344,0.523925,0.680448,2,intermediate,complex,GSIM_US_0001545,02167450,1990-03-30,2019-12-31,10865,29,0,1979-01-01..2019-12-31,ok,1,adjacent,3496,False,3496,0
73748,dormant,238,0.210612,0.210612,0,complex,intermediate,GSIM_US_0001548,02168504,1988-10-01,2019-12-31,11411,31,0,1979-01-01..2019-12-31,ok,1,contains,3496,False,3496,0
73748,growing,302,0.242306,0.242306,0,complex,intermediate,GSIM_US_0001548,02168504,1988-10-01,2019-12-31,11411,31,0,1979-01-01..2019-12-31,ok,1,contains,3496,False,3496,0
73749,dormant,246,0.189231,0.189231,0,complex,intermediate,GSIM_US_0001549,02169000,1979-01-01,2019-12-31,14973,41,0,1979-01-01..2019-12-31,ok,2,contains,3496,False,3496,0
73749,growing,292,0.172498,0.187484,1,complex,intermediate,GSIM_US_0001549,02169000,1979-01-01,2019-12-31,14973,41,0,1979-01-01..2019-12-31,ok,2,contains,3496,False,3496,0
73750,dormant,391,0.616629,0.680928,1,intermediate,complex,GSIM_US_0001550,02169500,1979-01-01,2019-12-31,14973,41,0,1979-01-01..2019-12-31,ok,1,contains,3496,False,3496,0
73750,growing,440,0.464822,0.563553,2,complex,intermediate,GSIM_US_0001550,02169500,1979-01-01,2019-12-31,14973,41,0,1979-01-01..2019-12-31,ok,1,contains,3496,False,3496,0
73756,dormant,181,0.554745,0.582926,1,intermediate,intermediate,GSIM_US_0001556,02172300,1995-10-01,2019-12-31,7633,20,0,1979-01-01..2019-12-31,ok,1,independent,3274,False,3274,13.9683
73756,growing,177,0.523023,0.555508,1,intermediate,intermediate,GSIM_US_0001556,02172300,1995-10-01,2019-12-31,7633,20,0,1979-01-01..2019-12-31,ok,1,independent,3274,False,3274,13.9683
73761,dormant,101,0.657947,0.729234,1,intermediate,complex,GSIM_US_0001561,02173212,2008-04-08,2019-12-31,4285,11,0,1979-01-01..2019-12-31,ok,1,independent,3496,False,3496,44.0482
73761,growing,139,0.736387,0.821858,1,intermediate,complex,GSIM_US_0001561,02173212,2008-04-08,2019-12-31,4285,11,0,1979-01-01..2019-12-31,ok,1,independent,3496,False,3496,44.0482
73762,dormant,240,0.374576,0.711955,1,complex,intermediate,GSIM_US_0001562,02173500,1979-01-01,2019-12-31,14970,41,0,1979-01-01..2019-12-31,ok,2,independent,3274,False,3274,18.157
73762,growing,202,0.399417,0.399417,0,complex,intermediate,GSIM_US_0001562,02173500,1979-01-01,2019-12-31,14970,41,0,1979-01-01..2019-12-31,ok,2,independent,3274,False,3274,18.157
73765,dormant,7,,,,,intermediate,GSIM_US_0001565,02175000,1979-01-01,2019-12-31,14975,41,0,1979-01-01..2019-12-31,ok,6,adjacent,3274,False,3274,0
73765,growing,3,,,,,intermediate,GSIM_US_0001565,02175000,1979-01-01,2019-12-31,14975,41,0,1979-01-01..2019-12-31,ok,6,adjacent,3274,False,3274,0
73768,dormant,169,0.251636,0.711071,2,complex,intermediate,GSIM_US_0001570,02181580,1997-11-15,2019-12-31,8082,22,0,1979-01-01..2019-12-31,ok,1,contains,4388,False,4388,0
73768,growing,184,0.219321,0.374696,2,complex,intermediate,GSIM_US_0001570,02181580,1997-11-15,2019-12-31,8082,22,0,1979-01-01..2019-12-31,ok,1,contains,4388,False,4388,0
73773,dormant,301,0.587561,0.685661,2,intermediate,intermediate,GSIM_US_0001575,02187910,1989-05-25,2019-12-31,10267,26,0,1979-01-01..2019-12-31,ok,1,independent,3497,False,3497,34.7075
73773,growing,298,0.411112,0.519445,1,complex,intermediate,GSIM_US_0001575,02187910,1989-05-25,2019-12-31,10267,26,0,1979-01-01..2019-12-31,ok,1,independent,3497,False,3497,34.7075
73778,dormant,314,0.566678,0.646039,1,intermediate,intermediate,GSIM_US_0001582,02192500,1986-08-09,2019-12-31,11827,31,0,1979-01-01..2019-12-31,ok,1,independent,3274,False,3274,18.1249
73778,growing,366,0.376081,0.531358,1,complex,complex,GSIM_US_0001582,02192500,1986-08-09,2019-12-31,11827,31,0,1979-01-01..2019-12-31,ok,1,independent,3274,False,3274,18.1249
73779,dormant,138,0.643852,0.714697,2,intermediate,intermediate,GSIM_US_0001587,02196690,2005-04-06,2019-12-31,5383,14,0,1979-01-01..2019-12-31,ok,1,adjacent,3274,False,3274,3.31609
73779,growing,168,0.632485,0.661373,1,intermediate,intermediate,GSIM_US_0001587,02196690,2005-04-06,2019-12-31,5383,14,0,1979-01-01..2019-12-31,ok,1,adjacent,3274,False,3274,3.31609
73780,dormant,104,0.773205,0.827197,1,simple,intermediate,GSIM_US_0001588,02196820,1979-01-01,1991-01-22,4405,12,0,1979-01-01..2019-12-31,ok,1,independent,3499,False,3499,10.7303
73780,growing,139,0.540021,0.812825,2,intermediate,intermediate,GSIM_US_0001588,02196820,1979-01-01,1991-01-22,4405,12,0,1979-01-01..2019-12-31,ok,1,independent,3499,False,3499,10.7303
73781,dormant,137,0.693296,0.707844,1,intermediate,intermediate,GSIM_US_0001589,02196835,2001-10-01,2016-05-31,5332,14,0,1979-01-01..2019-12-31,ok,1,independent,3499,False,3499,10.8098
73781,growing,149,0.506713,0.621574,1,intermediate,complex,GSIM_US_0001589,02196835,2001-10-01,2016-05-31,5332,14,0,1979-01-01..2019-12-31,ok,1,independent,3499,False,3499,10.8098
73785,dormant,267,0.730304,0.796865,1,intermediate,complex,GSIM_US_0001593,02197310,1979-01-01,2002-09-29,8354,22,0,1979-01-01..2019-12-31,ok,1,independent,3274,False,3274,25.6943
73785,growing,227,0.540051,0.587902,1,intermediate,intermediate,GSIM_US_0001593,02197310,1979-01-01,2002-09-29,8354,22,0,1979-01-01..2019-12-31,ok,1,independent,3274,False,3274,25.6943
73786,dormant,269,0.7303,0.79792,1,intermediate,complex,GSIM_US_0001594,02197315,1979-01-01,2002-09-29,8636,23,0,1979-01-01..2019-12-31,ok,1,independent,3274,False,3274,25.6544
73786,growing,226,0.505244,0.524407,1,intermediate,intermediate,GSIM_US_0001594,02197315,1979-01-01,2002-09-29,8636,23,0,1979-01-01..2019-12-31,ok,1,independent,3274,False,3274,25.6544
73792,dormant,207,0.47038,0.47038,0,complex,complex,GSIM_US_0001600,02197340,1979-01-01,2002-09-29,8662,23,0,1979-01-01..2019-12-31,ok,1,independent,3275,False,3275,34.4639
73792,growing,200,0.364295,0.364295,0,complex,complex,GSIM_US_0001600,02197340,1979-01-01,2002-09-29,8662,23,0,1979-01-01..2019-12-31,ok,1,independent,3275,False,3275,34.4639
73794,dormant,3,,,,,complex,GSIM_US_0001602,02197344,1979-01-01,2002-09-29,8608,23,0,1979-01-01..2019-12-31,ok,7,independent,3275,False,3275,24.0863
73794,growing,0,,,,,intermediate,GSIM_US_0001602,02197344,1979-01-01,2002-09-29,8608,23,0,1979-01-01..2019-12-31,ok,7,independent,3275,False,3275,24.0863
73795,dormant,6,,,,,intermediate,GSIM_US_0001603,02197348,1979-01-01,2002-09-29,8259,21,0,1979-01-01..2019-12-31,ok,7,independent,3275,False,3275,22.9567
73795,growing,1,,,,,complex,GSIM_US_0001603,02197348,1979-01-01,2002-09-29,8259,21,0,1979-01-01..2019-12-31,ok,7,independent,3275,False,3275,22.9567
73796,dormant,96,0.310265,0.398336,1,complex,complex,GSIM_US_0001604,02197380,1979-01-01,2002-09-29,7077,18,0,1979-01-01..2019-12-31,ok,2,independent,3275,False,3275,34.7501
73796,growing,68,0.236219,0.236219,0,complex,complex,GSIM_US_0001604,02197380,1979-01-01,2002-09-29,7077,18,0,1979-01-01..2019-12-31,ok,2,independent,3275,False,3275,34.7501
73797,dormant,4,,,,,complex,GSIM_US_0001605,02197400,1979-01-01,2002-09-29,8517,22,0,1979-01-01..2019-12-31,ok,7,independent,3275,False,3275,33.4228
73797,growing,2,,,,,intermediate,GSIM_US_0001605,02197400,1979-01-01,2002-09-29,8517,22,0,1979-01-01..2019-12-31,ok,7,independent,3275,False,3275,33.4228
73798,dormant,71,0.447938,0.447938,0,complex,intermediate,GSIM_US_0001606,02197500,1982-10-01,2019-12-31,13250,35,0,1979-01-01..2019-12-31,ok,3,contains,3274,False,3274,0
73798,growing,126,0.171819,0.171819,0,complex,complex,GSIM_US_0001606,02197500,1982-10-01,2019-12-31,13250,35,0,1979-01-01..2019-12-31,ok,3,contains,3274,False,3274,0
73799,dormant,2,,,,,intermediate,GSIM_US_0001607,02197520,1979-01-01,1993-10-11,5398,14,0,1979-01-01..2019-12-31,ok,7,adjacent,3499,False,3499,5.35908
73799,growing,6,,,,,complex,GSIM_US_0001607,02197520,1979-01-01,1993-10-11,5398,14,0,1979-01-01..2019-12-31,ok,7,adjacent,3499,False,3499,5.35908
73800,dormant,20,0.861144,0.861144,0,simple,intermediate,GSIM_US_0001608,02197598,2005-06-15,2019-12-31,5313,14,0,1979-01-01..2019-12-31,ok,4,independent,3499,False,3499,18.5816
73800,growing,26,0.591005,0.591005,0,intermediate,complex,GSIM_US_0001608,02197598,2005-06-15,2019-12-31,5313,14,0,1979-01-01..2019-12-31,ok,4,independent,3499,False,3499,18.5816
73801,dormant,242,0.478058,0.532876,1,complex,complex,GSIM_US_0001609,02197600,1979-01-01,2005-06-13,9661,26,0,1979-01-01..2019-12-31,ok,1,independent,3499,False,3499,18.5817
73801,growing,262,0.296481,0.760667,2,intermediate,complex,GSIM_US_0001609,02197600,1979-01-01,2005-06-13,9661,26,0,1979-01-01..2019-12-31,ok,1,independent,3499,False,3499,18.5817
73802,dormant,56,0.646404,0.710278,1,intermediate,complex,GSIM_US_0001610,02197830,1979-01-01,2019-12-31,9732,26,0,1979-01-01..2019-12-31,ok,3,adjacent,3499,False,3499,0
73802,growing,60,0.670357,0.670357,0,intermediate,intermediate,GSIM_US_0001610,02197830,1979-01-01,2019-12-31,9732,26,0,1979-01-01..2019-12-31,ok,3,adjacent,3499,False,3499,0
73803,dormant,15,0.377609,0.377609,0,complex,complex,GSIM_US_0001611,02198000,1979-01-01,2019-12-31,14975,41,0,1979-01-01..2019-12-31,ok,5,adjacent,3275,False,3275,0
73803,growing,22,0.730749,0.886361,1,intermediate,intermediate,GSIM_US_0001611,02198000,1979-01-01,2019-12-31,14975,41,0,1979-01-01..2019-12-31,ok,5,adjacent,3275,False,3275,0
73806,dormant,405,0.55105,0.586439,1,intermediate,intermediate,GSIM_US_0001615,02201000,1980-05-07,2019-12-31,14483,39,0,1979-01-01..2019-12-31,ok,1,adjacent,3505,False,3505,0
73806,growing,409,0.542524,0.624045,2,intermediate,complex,GSIM_US_0001615,02201000,1980-05-07,2019-12-31,14483,39,0,1979-01-01..2019-12-31,ok,1,adjacent,3505,False,3505,0
73807,dormant,9,,,,,intermediate,GSIM_US_0001616,02201230,2003-02-27,2019-12-31,6152,17,0,1979-01-01..2019-12-31,ok,5,adjacent,3505,False,3505,0
73807,growing,7,,,,,intermediate,GSIM_US_0001616,02201230,2003-02-27,2019-12-31,6152,17,0,1979-01-01..2019-12-31,ok,5,adjacent,3505,False,3505,0
73808,dormant,3,,,,,complex,GSIM_US_0001617,02202040,2002-09-27,2019-12-31,6305,17,0,1979-01-01..2019-12-31,ok,6,adjacent,3498,False,3498,0
73808,growing,1,,,,,intermediate,GSIM_US_0001617,02202040,2002-09-27,2019-12-31,6305,17,0,1979-01-01..2019-12-31,ok,6,adjacent,3498,False,3498,0
73809,dormant,2,,,,,complex,GSIM_US_0001618,02202500,1979-01-01,2019-12-31,14975,41,0,1979-01-01..2019-12-31,ok,7,adjacent,3276,False,3276,0
73809,growing,0,,,,,intermediate,GSIM_US_0001618,02202500,1979-01-01,2019-12-31,14975,41,0,1979-01-01..2019-12-31,ok,7,adjacent,3276,False,3276,0
73813,dormant,130,0.567123,0.567123,0,intermediate,intermediate,GSIM_US_0001624,02203700,2003-04-04,2019-12-31,6114,16,0,1979-01-01..2019-12-31,ok,1,independent,3581,False,3581,47.7507
73813,growing,156,0.640122,0.6828,2,intermediate,intermediate,GSIM_US_0001624,02203700,2003-04-04,2019-12-31,6114,16,0,1979-01-01..2019-12-31,ok,1,independent,3581,False,3581,47.7507
73814,dormant,325,0.704557,0.738424,1,intermediate,intermediate,GSIM_US_0001625,02204070,1983-10-01,2019-12-31,13241,36,0,1979-01-01..2019-12-31,ok,1,independent,3503,False,3503,31.4797
73814,growing,405,0.645223,0.743453,1,intermediate,intermediate,GSIM_US_0001625,02204070,1983-10-01,2019-12-31,13241,36,0,1979-01-01..2019-12-31,ok,1,independent,3503,False,3503,31.4797
73815,dormant,132,0.499175,0.561001,1,complex,intermediate,GSIM_US_0001626,02204130,2002-11-02,2019-12-31,6164,16,0,1979-01-01..2019-12-31,ok,1,independent,3504,False,3504,24.2321
73815,growing,176,0.560608,0.709817,2,intermediate,intermediate,GSIM_US_0001626,02204130,2002-11-02,2019-12-31,6164,16,0,1979-01-01..2019-12-31,ok,1,independent,3504,False,3504,24.2321
73816,dormant,168,0.555048,0.555048,0,intermediate,intermediate,GSIM_US_0001627,02204285,1979-01-01,2019-12-31,6893,18,0,1979-01-01..2019-12-31,ok,1,independent,3533,False,3533,43.9884
73816,growing,195,0.405483,0.732427,1,complex,complex,GSIM_US_0001627,02204285,1979-01-01,2019-12-31,6893,18,0,1979-01-01..2019-12-31,ok,1,independent,3533,False,3533,43.9884
73819,dormant,151,0.641829,0.684594,1,intermediate,intermediate,GSIM_US_0001630,02206500,1987-10-01,2019-12-31,6221,16,0,1979-01-01..2019-12-31,ok,1,adjacent,3503,False,3503,1.16611
73819,growing,197,0.463297,0.490731,1,complex,intermediate,GSIM_US_0001630,02206500,1987-10-01,2019-12-31,6221,16,0,1979-01-01..2019-12-31,ok,1,adjacent,3503,False,3503,1.16611
73820,dormant,167,0.601281,0.698514,2,intermediate,intermediate,GSIM_US_0001631,02207120,1996-05-18,2019-12-31,6713,18,0,1979-01-01..2019-12-31,ok,1,adjacent,3503,False,3503,1.03845
73820,growing,223,0.612433,0.823872,1,intermediate,intermediate,GSIM_US_0001631,02207120,1996-05-18,2019-12-31,6713,18,0,1979-01-01..2019-12-31,ok,1,adjacent,3503,False,3503,1.03845
73821,dormant,139,0.530819,0.687867,2,intermediate,intermediate,GSIM_US_0001632,02207185,2001-03-01,2019-12-31,6880,19,0,1979-01-01..2019-12-31,ok,1,independent,3503,False,3503,16.3373
73821,growing,165,0.507219,0.562586,1,intermediate,complex,GSIM_US_0001632,02207185,2001-03-01,2019-12-31,6880,19,0,1979-01-01..2019-12-31,ok,1,independent,3503,False,3503,16.3373
73823,dormant,177,0.623475,0.623475,0,intermediate,intermediate,GSIM_US_0001634,02207335,2001-11-01,2019-12-31,6634,18,0,1979-01-01..2019-12-31,ok,1,adjacent,3503,False,3503,1.20001
73823,growing,219,0.601791,0.770818,2,intermediate,intermediate,GSIM_US_0001634,02207335,2001-11-01,2019-12-31,6634,18,0,1979-01-01..2019-12-31,ok,1,adjacent,3503,False,3503,1.20001
73824,dormant,141,0.442296,0.442296,0,complex,intermediate,GSIM_US_0001635,02207385,1998-10-05,2019-12-31,6928,19,0,1979-01-01..2019-12-31,ok,1,adjacent,3503,False,3503,9.89784
73824,growing,189,0.525316,0.525316,0,intermediate,intermediate,GSIM_US_0001635,02207385,1998-10-05,2019-12-31,6928,19,0,1979-01-01..2019-12-31,ok,1,adjacent,3503,False,3503,9.89784
73826,dormant,138,0.360068,0.360068,0,complex,intermediate,GSIM_US_0001637,02207418,2001-10-12,2019-12-31,6449,17,0,1979-01-01..2019-12-31,ok,1,adjacent,3503,False,3503,9.941
73826,growing,156,0.402216,0.402216,0,complex,intermediate,GSIM_US_0001637,02207418,2001-10-12,2019-12-31,6449,17,0,1979-01-01..2019-12-31,ok,1,adjacent,3503,False,3503,9.941
73827,dormant,137,0.406119,0.406119,0,complex,intermediate,GSIM_US_0001638,02207435,2001-10-16,2019-12-31,5928,16,0,1979-01-01..2019-12-31,ok,1,adjacent,3503,False,3503,9.68372
73827,growing,172,0.303087,0.303087,0,complex,intermediate,GSIM_US_0001638,02207435,2001-10-16,2019-12-31,5928,16,0,1979-01-01..2019-12-31,ok,1,adjacent,3503,False,3503,9.68372
73828,dormant,130,0.248072,0.322239,1,complex,intermediate,GSIM_US_0001639,02207448,2002-06-22,2017-12-18,5638,15,0,1979-01-01..2019-12-31,ok,1,adjacent,3503,False,3503,9.63332
73828,growing,176,0.305814,0.305814,0,complex,intermediate,GSIM_US_0001639,02207448,2002-06-22,2017-12-18,5638,15,0,1979-01-01..2019-12-31,ok,1,adjacent,3503,False,3503,9.63332
73830,dormant,134,0.548192,0.548192,0,intermediate,intermediate,GSIM_US_0001641,02208150,2001-03-07,2019-12-31,6874,19,0,1979-01-01..2019-12-31,ok,1,adjacent,3503,False,3503,0
73830,growing,184,0.636623,0.830635,1,intermediate,intermediate,GSIM_US_0001641,02208150,2001-03-07,2019-12-31,6874,19,0,1979-01-01..2019-12-31,ok,1,adjacent,3503,False,3503,0
73831,dormant,371,0.624896,0.670633,1,intermediate,intermediate,GSIM_US_0001642,02208450,1979-01-01,2019-12-31,14975,41,0,1979-01-01..2019-12-31,ok,1,adjacent,3504,False,3504,0
73831,growing,479,0.541606,0.594628,1,intermediate,intermediate,GSIM_US_0001642,02208450,1979-01-01,2019-12-31,14975,41,0,1979-01-01..2019-12-31,ok,1,adjacent,3504,False,3504,0
73833,dormant,108,0.562719,0.562719,0,intermediate,intermediate,GSIM_US_0001644,02211375,2003-10-17,2019-12-31,5920,16,0,1979-01-01..2019-12-31,ok,1,independent,3277,False,3277,42.2759
73833,growing,138,0.54754,0.731297,1,intermediate,intermediate,GSIM_US_0001644,02211375,2003-10-17,2019-12-31,5920,16,0,1979-01-01..2019-12-31,ok,1,independent,3277,False,3277,42.2759
73835,dormant,348,0.595263,0.638754,2,intermediate,intermediate,GSIM_US_0001648,02213500,1979-01-01,2019-12-31,14965,41,0,1979-01-01..2019-12-31,ok,1,independent,3501,False,3501,15.6694
73835,growing,350,0.34703,0.600549,1,complex,intermediate,GSIM_US_0001648,02213500,1979-01-01,2019-12-31,14965,41,0,1979-01-01..2019-12-31,ok,1,independent,3501,False,3501,15.6694
73837,dormant,4,,,,,intermediate,GSIM_US_0001650,02215000,2007-06-09,2019-12-31,4589,12,0,1979-01-01..2019-12-31,ok,6,contains,3277,False,3277,0
73837,growing,2,,,,,intermediate,GSIM_US_0001650,02215000,2007-06-09,2019-12-31,4589,12,0,1979-01-01..2019-12-31,ok,6,contains,3277,False,3277,0
73838,dormant,1,,,,,intermediate,GSIM_US_0001652,02215500,1979-01-01,2019-12-31,14975,41,0,1979-01-01..2019-12-31,ok,7,contains,3278,False,3278,0
73838,growing,1,,,,,intermediate,GSIM_US_0001652,02215500,1979-01-01,2019-12-31,14975,41,0,1979-01-01..2019-12-31,ok,7,contains,3278,False,3278,0
73840,dormant,131,0.564537,0.564537,0,intermediate,intermediate,GSIM_US_0001655,02217274,2001-06-29,2019-12-31,6760,18,0,1979-01-01..2019-12-31,ok,1,nested,3502,False,3502,0
73840,growing,169,0.548296,0.596255,1,intermediate,intermediate,GSIM_US_0001655,02217274,2001-06-29,2019-12-31,6760,18,0,1979-01-01..2019-12-31,ok,1,nested,3502,False,3502,0
73841,dormant,115,0.496066,0.496066,0,complex,intermediate,GSIM_US_0001656,02217297,2007-07-18,2019-12-31,4549,12,0,1979-01-01..2019-12-31,ok,1,nested,3502,False,3502,0
73841,growing,134,0.614704,0.614704,0,intermediate,intermediate,GSIM_US_0001656,02217297,2007-07-18,2019-12-31,4549,12,0,1979-01-01..2019-12-31,ok,1,nested,3502,False,3502,0
73842,dormant,317,0.609227,0.659612,1,intermediate,intermediate,GSIM_US_0001657,02217475,1987-03-01,2019-12-31,11994,33,0,1979-01-01..2019-12-31,ok,1,nested,3502,False,3502,0
73842,growing,390,0.513783,0.542919,1,intermediate,intermediate,GSIM_US_0001657,02217475,1987-03-01,2019-12-31,11994,33,0,1979-01-01..2019-12-31,ok,1,nested,3502,False,3502,0
73843,dormant,400,0.618077,0.675911,1,intermediate,intermediate,GSIM_US_0001658,02217500,1979-01-01,2019-12-31,14975,41,0,1979-01-01..2019-12-31,ok,1,nested,3502,False,3502,0
73843,growing,471,0.491498,0.525323,1,complex,intermediate,GSIM_US_0001658,02217500,1979-01-01,2019-12-31,14975,41,0,1979-01-01..2019-12-31,ok,1,nested,3502,False,3502,0
73846,dormant,137,0.514339,0.514339,0,intermediate,intermediate,GSIM_US_0001662,02218565,2001-07-13,2019-12-31,6746,18,0,1979-01-01..2019-12-31,ok,1,nested,3503,False,3503,0
73846,growing,165,0.685237,0.831168,2,intermediate,intermediate,GSIM_US_0001662,02218565,2001-07-13,2019-12-31,6746,18,0,1979-01-01..2019-12-31,ok,1,nested,3503,False,3503,0
73850,dormant,369,0.46642,0.493264,1,complex,intermediate,GSIM_US_0001669,02223000,1979-01-01,2019-12-31,14974,41,0,1979-01-01..2019-12-31,ok,1,contains,3502,False,3502,0
73850,growing,411,0.436878,0.552082,1,complex,intermediate,GSIM_US_0001669,02223000,1979-01-01,2019-12-31,14974,41,0,1979-01-01..2019-12-31,ok,1,contains,3502,False,3502,0
73851,dormant,7,,,,,intermediate,GSIM_US_0001670,02223056,1992-11-04,2019-12-31,9431,26,0,1979-01-01..2019-12-31,ok,5,contains,3502,False,3502,0
73851,growing,20,0.474149,0.474149,0,complex,intermediate,GSIM_US_0001670,02223056,1992-11-04,2019-12-31,9431,26,0,1979-01-01..2019-12-31,ok,5,contains,3502,False,3502,0
73852,dormant,161,0.49077,0.54919,1,complex,intermediate,GSIM_US_0001671,02223248,1992-11-01,2019-12-31,9921,27,0,1979-01-01..2019-12-31,ok,2,contains,3502,False,3502,0
73852,growing,167,0.434942,0.490726,1,complex,intermediate,GSIM_US_0001671,02223248,1992-11-01,2019-12-31,9921,27,0,1979-01-01..2019-12-31,ok,2,contains,3502,False,3502,0
73853,dormant,37,0.706206,0.763877,1,intermediate,intermediate,GSIM_US_0001672,02223500,1979-01-01,2019-12-31,14975,41,0,1979-01-01..2019-12-31,ok,4,contains,3502,False,3502,0
73853,growing,40,0.423113,0.423113,0,complex,complex,GSIM_US_0001672,02223500,1979-01-01,2019-12-31,14975,41,0,1979-01-01..2019-12-31,ok,4,contains,3502,False,3502,0
73856,dormant,2,,,,,intermediate,GSIM_US_0001675,02224940,2008-12-12,2019-12-31,4037,11,0,1979-01-01..2019-12-31,ok,7,contains,3502,False,3502,0
73856,growing,0,,,,,intermediate,GSIM_US_0001675,02224940,2008-12-12,2019-12-31,4037,11,0,1979-01-01..2019-12-31,ok,7,contains,3502,False,3502,0
73857,dormant,2,,,,,intermediate,GSIM_US_0001676,02225000,1979-01-01,2019-12-31,14975,41,0,1979-01-01..2019-12-31,ok,7,contains,3502,False,3502,0
73857,growing,2,,,,,intermediate,GSIM_US_0001676,02225000,1979-01-01,2019-12-31,14975,41,0,1979-01-01..2019-12-31,ok,7,contains,3502,False,3502,0
73858,dormant,0,,,,,intermediate,GSIM_US_0001678,02226000,1979-01-01,2019-12-31,14974,41,0,1979-01-01..2019-12-31,ok,7,contains,3505,False,3505,0
73858,growing,2,,,,,complex,GSIM_US_0001678,02226000,1979-01-01,2019-12-31,14974,41,0,1979-01-01..2019-12-31,ok,7,contains,3505,False,3505,0
73870,dormant,18,0.299704,0.771864,1,intermediate,complex,GSIM_US_0001693,02232000,1979-01-01,2019-12-31,14975,41,0,1979-01-01..2019-12-31,ok,7,contains,4396,False,4396,0
73870,growing,3,,,,,complex,GSIM_US_0001693,02232000,1979-01-01,2019-12-31,14975,41,0,1979-01-01..2019-12-31,ok,7,contains,4396,False,4396,0
73871,dormant,159,0.515765,0.596036,1,intermediate,complex,GSIM_US_0001694,02232155,1994-08-16,2019-12-31,9137,24,0,1979-01-01..2019-12-31,ok,1,independent,3282,False,3282,56.4966
73871,growing,136,0.242831,0.242831,0,complex,complex,GSIM_US_0001694,02232155,1994-08-16,2019-12-31,9137,24,0,1979-01-01..2019-12-31,ok,1,independent,3282,False,3282,56.4966
73872,dormant,251,0.586581,0.755698,1,intermediate,complex,GSIM_US_0001695,02232200,1979-01-01,2019-12-31,14974,41,0,1979-01-01..2019-12-31,ok,1,independent,3282,False,3282,62.0684
73872,growing,217,0.304158,0.336329,1,complex,complex,GSIM_US_0001695,02232200,1979-01-01,2019-12-31,14974,41,0,1979-01-01..2019-12-31,ok,1,independent,3282,False,3282,62.0684
73873,dormant,14,,,,,complex,GSIM_US_0001696,02232400,1979-01-01,2019-12-31,14975,41,0,1979-01-01..2019-12-31,ok,6,contains,4396,False,4396,0
73873,growing,4,,,,,complex,GSIM_US_0001696,02232400,1979-01-01,2019-12-31,14975,41,0,1979-01-01..2019-12-31,ok,6,contains,4396,False,4396,0
73878,dormant,164,0.64959,0.678722,1,intermediate,intermediate,GSIM_US_0001701,02233475,1996-10-01,2019-12-31,8492,23,0,1979-01-01..2019-12-31,ok,1,independent,4397,False,4397,32.9157
73878,growing,132,0.581751,0.70685,1,intermediate,intermediate,GSIM_US_0001701,02233475,1996-10-01,2019-12-31,8492,23,0,1979-01-01..2019-12-31,ok,1,independent,4397,False,4397,32.9157
73879,dormant,108,0.64109,0.691731,1,intermediate,intermediate,GSIM_US_0001702,02233484,2001-12-04,2019-12-31,6602,18,0,1979-01-01..2019-12-31,ok,1,independent,4397,False,4397,34.1243
73879,growing,107,0.447846,0.764598,1,intermediate,complex,GSIM_US_0001702,02233484,2001-12-04,2019-12-31,6602,18,0,1979-01-01..2019-12-31,ok,1,independent,4397,False,4397,34.1243
73880,dormant,172,0.441989,0.441989,0,complex,intermediate,GSIM_US_0001703,02233500,1979-01-01,2019-12-31,14975,41,0,1979-01-01..2019-12-31,ok,2,independent,4397,False,4397,32.8461
73880,growing,117,0.43168,0.571444,1,complex,complex,GSIM_US_0001703,02233500,1979-01-01,2019-12-31,14975,41,0,1979-01-01..2019-12-31,ok,2,independent,4397,False,4397,32.8461
73881,dormant,48,0.198653,0.198653,0,complex,complex,GSIM_US_0001704,02234000,1981-10-01,2019-12-31,13971,38,0,1979-01-01..2019-12-31,ok,4,contains,4396,False,4396,0
73881,growing,29,0.30591,0.30591,0,complex,complex,GSIM_US_0001704,02234000,1981-10-01,2019-12-31,13971,38,0,1979-01-01..2019-12-31,ok,4,contains,4396,False,4396,0
73889,dormant,18,0.261764,0.567764,1,complex,intermediate,GSIM_US_0001712,02234500,1987-05-01,2019-12-31,9952,26,0,1979-01-01..2019-12-31,ok,7,contains,4396,False,4396,0
73889,growing,2,,,,,intermediate,GSIM_US_0001712,02234500,1987-05-01,2019-12-31,9952,26,0,1979-01-01..2019-12-31,ok,7,contains,4396,False,4396,0
73893,dormant,19,0.11292,0.11292,0,complex,intermediate,GSIM_US_0001717,02236125,1994-02-10,2019-12-31,9259,25,0,1979-01-01..2019-12-31,ok,7,contains,3283,False,3283,0
73893,growing,4,,,,,intermediate,GSIM_US_0001717,02236125,1994-02-10,2019-12-31,9259,25,0,1979-01-01..2019-12-31,ok,7,contains,3283,False,3283,0
73903,dormant,9,,,,,complex,GSIM_US_0001728,02243000,1979-01-01,2019-12-31,14975,41,0,1979-01-01..2019-12-31,ok,7,adjacent,3514,False,3514,0
73903,growing,5,,,,,intermediate,GSIM_US_0001728,02243000,1979-01-01,2019-12-31,14975,41,0,1979-01-01..2019-12-31,ok,7,adjacent,3514,False,3514,0
73909,dormant,187,0.512942,0.558773,1,intermediate,intermediate,GSIM_US_0001735,02245140,1979-01-01,2004-07-05,9318,25,0,1979-01-01..2019-12-31,ok,1,overlapping,3284,False,3284,0
73909,growing,160,0.346643,0.451673,1,complex,complex,GSIM_US_0001735,02245140,1979-01-01,2004-07-05,9318,25,0,1979-01-01..2019-12-31,ok,1,overlapping,3284,False,3284,0
73912,dormant,128,0.505489,0.541799,1,intermediate,intermediate,GSIM_US_0001740,02246025,1981-10-01,2011-02-01,6084,14,0,1979-01-01..2019-12-31,ok,1,contains,4399,False,4399,0
73912,growing,123,0.319595,0.319595,0,complex,intermediate,GSIM_US_0001740,02246025,1981-10-01,2011-02-01,6084,14,0,1979-01-01..2019-12-31,ok,1,contains,4399,False,4399,0
73916,dormant,90,0.422745,0.422745,0,complex,intermediate,GSIM_US_0001744,02246459,1993-11-17,2019-12-31,5216,11,0,1979-01-01..2019-12-31,ok,1,adjacent,3285,False,3285,4.18347
73916,growing,94,0.507007,0.580753,1,intermediate,intermediate,GSIM_US_0001744,02246459,1993-11-17,2019-12-31,5216,11,0,1979-01-01..2019-12-31,ok,1,adjacent,3285,False,3285,4.18347
73920,dormant,293,0.376553,0.376553,0,complex,intermediate,GSIM_US_0001749,02247510,1979-01-01,2019-12-31,14974,41,0,1979-01-01..2019-12-31,ok,1,independent,3283,False,3283,27.7726
73920,growing,268,0.359562,0.396618,1,complex,intermediate,GSIM_US_0001749,02247510,1979-01-01,2019-12-31,14974,41,0,1979-01-01..2019-12-31,ok,1,independent,3283,False,3283,27.7726
73933,dormant,60,0.281886,0.348174,1,complex,complex,GSIM_US_0001762,02266496,1989-10-01,2019-12-31,10134,25,0,1979-01-01..2019-12-31,ok,3,adjacent,4407,False,4407,0
73933,growing,27,0.0645017,0.245529,1,complex,complex,GSIM_US_0001762,02266496,1989-10-01,2019-12-31,10134,25,0,1979-01-01..2019-12-31,ok,3,adjacent,4407,False,4407,0
73963,dormant,310,0.308117,0.338841,1,complex,complex,GSIM_US_0001798,02295637,1979-01-01,2019-12-31,14975,41,0,1979-01-01..2019-12-31,ok,1,adjacent,3293,False,3293,0
73963,growing,187,0.450244,0.487085,1,complex,complex,GSIM_US_0001798,02295637,1979-01-01,2019-12-31,14975,41,0,1979-01-01..2019-12-31,ok,1,adjacent,3293,False,3293,0
73966,dormant,200,0.304618,0.304618,0,complex,complex,GSIM_US_0001802,02296750,1979-01-01,2019-12-31,14975,41,0,1979-01-01..2019-12-31,ok,2,contains,4400,False,4400,0
73966,growing,92,0.487572,0.487572,0,complex,intermediate,GSIM_US_0001802,02296750,1979-01-01,2019-12-31,14975,41,0,1979-01-01..2019-12-31,ok,2,contains,4400,False,4400,0
73974,dormant,20,0.0268834,0.0268834,0,complex,complex,GSIM_US_0001817,02298880,2008-03-01,2019-12-31,4323,12,0,1979-01-01..2019-12-31,ok,4,contains,3508,False,3508,0
73974,growing,1,,,,,intermediate,GSIM_US_0001817,02298880,2008-03-01,2019-12-31,4323,12,0,1979-01-01..2019-12-31,ok,4,contains,3508,False,3508,0
73976,dormant,13,,,,,complex,GSIM_US_0001819,02299472,2007-07-18,2019-12-31,4550,12,0,1979-01-01..2019-12-31,ok,5,adjacent,3290,False,3290,0
73976,growing,4,,,,,complex,GSIM_US_0001819,02299472,2007-07-18,2019-12-31,4550,12,0,1979-01-01..2019-12-31,ok,5,adjacent,3290,False,3290,0
73977,dormant,133,0.658604,0.843613,1,intermediate,intermediate,GSIM_US_0001822,02300018,2000-10-01,2019-12-31,7030,19,0,1979-01-01..2019-12-31,ok,1,adjacent,3509,False,3509,0
73977,growing,94,0.629537,0.76703,2,intermediate,intermediate,GSIM_US_0001822,02300018,2000-10-01,2019-12-31,7030,19,0,1979-01-01..2019-12-31,ok,1,adjacent,3509,False,3509,0
73979,dormant,108,0.537099,0.691954,1,intermediate,complex,GSIM_US_0001824,02300033,2005-12-21,2019-12-31,5124,14,0,1979-01-01..2019-12-31,ok,1,adjacent,3290,False,3290,2.42678
73979,growing,75,0.581543,0.799093,1,intermediate,complex,GSIM_US_0001824,02300033,2005-12-21,2019-12-31,5124,14,0,1979-01-01..2019-12-31,ok,1,adjacent,3290,False,3290,2.42678
73980,dormant,113,0.530766,0.571736,1,intermediate,complex,GSIM_US_0001825,02300042,1992-04-01,2019-12-31,10136,27,0,1979-01-01..2019-12-31,ok,1,adjacent,3290,False,3290,2.42678
73980,growing,100,0.455798,0.497845,1,complex,intermediate,GSIM_US_0001825,02300042,1992-04-01,2019-12-31,10136,27,0,1979-01-01..2019-12-31,ok,1,adjacent,3290,False,3290,2.42678
73982,dormant,156,0.680214,0.780427,1,intermediate,complex,GSIM_US_0001829,02300300,1987-10-01,2019-12-31,7520,20,0,1979-01-01..2019-12-31,ok,1,adjacent,3291,False,3291,0
73982,growing,102,0.563969,0.821204,2,intermediate,intermediate,GSIM_US_0001829,02300300,1987-10-01,2019-12-31,7520,20,0,1979-01-01..2019-12-31,ok,1,adjacent,3291,False,3291,0
73983,dormant,288,0.415315,0.572906,1,complex,complex,GSIM_US_0001830,02300500,1979-01-01,2019-12-31,14973,41,0,1979-01-01..2019-12-31,ok,1,adjacent,3292,False,3292,0
73983,growing,230,0.524108,0.714202,2,intermediate,intermediate,GSIM_US_0001830,02300500,1979-01-01,2019-12-31,14973,41,0,1979-01-01..2019-12-31,ok,1,adjacent,3292,False,3292,0
73985,dormant,264,0.519966,0.674584,1,intermediate,complex,GSIM_US_0001833,02301000,1979-01-01,2019-12-31,13972,37,0,1979-01-01..2019-12-31,ok,1,adjacent,4407,False,4407,8.67138
73985,growing,229,0.487237,0.518495,1,complex,intermediate,GSIM_US_0001833,02301000,1979-01-01,2019-12-31,13972,37,0,1979-01-01..2019-12-31,ok,1,adjacent,4407,False,4407,8.67138
73987,dormant,242,0.378539,0.463114,1,complex,complex,GSIM_US_0001835,02301300,1979-01-01,2019-12-31,14975,41,0,1979-01-01..2019-12-31,ok,1,adjacent,4405,False,4405,3.84535
73987,growing,203,0.389516,0.404657,1,complex,complex,GSIM_US_0001835,02301300,1979-01-01,2019-12-31,14975,41,0,1979-01-01..2019-12-31,ok,1,adjacent,4405,False,4405,3.84535
73988,dormant,290,0.464405,0.627988,1,complex,intermediate,GSIM_US_0001836,02301500,1979-01-01,2019-12-31,14975,41,0,1979-01-01..2019-12-31,ok,1,adjacent,4405,False,4405,3.91762
73988,growing,243,0.478175,0.537198,1,complex,intermediate,GSIM_US_0001836,02301500,1979-01-01,2019-12-31,14975,41,0,1979-01-01..2019-12-31,ok,1,adjacent,4405,False,4405,3.91762
73989,dormant,71,0.0927642,0.0927642,0,complex,complex,GSIM_US_0001837,02301719,1999-11-13,2015-02-24,4741,11,0,1979-01-01..2019-12-31,ok,1,adjacent,4406,False,4406,0
73989,growing,81,0.554107,0.599992,2,intermediate,intermediate,GSIM_US_0001837,02301719,1999-11-13,2015-02-24,4741,11,0,1979-01-01..2019-12-31,ok,1,adjacent,4406,False,4406,0
73996,dormant,262,0.344494,0.44201,1,complex,intermediate,GSIM_US_0001845,02303000,1979-01-01,2019-12-31,14973,41,0,1979-01-01..2019-12-31,ok,1,contains,3510,False,3510,0
73996,growing,214,0.199932,0.199932,0,complex,intermediate,GSIM_US_0001845,02303000,1979-01-01,2019-12-31,14973,41,0,1979-01-01..2019-12-31,ok,1,contains,3510,False,3510,0
73997,dormant,176,0.558095,0.643028,1,intermediate,intermediate,GSIM_US_0001846,02303205,1992-04-01,2019-12-31,9729,25,0,1979-01-01..2019-12-31,ok,1,independent,3510,False,3510,11.2469
73997,growing,153,0.343416,0.381107,1,complex,intermediate,GSIM_US_0001846,02303205,1992-04-01,2019-12-31,9729,25,0,1979-01-01..2019-12-31,ok,1,independent,3510,False,3510,11.2469
73999,dormant,160,0.205336,0.205336,0,complex,intermediate,GSIM_US_0001848,02303330,1979-01-01,2019-12-31,14673,39,0,1979-01-01..2019-12-31,ok,2,contains,3510,False,3510,0
73999,growing,95,0.247833,0.744792,1,complex,intermediate,GSIM_US_0001848,02303330,1979-01-01,2019-12-31,14673,39,0,1979-01-01..2019-12-31,ok,2,contains,3510,False,3510,0
74004,dormant,236,0.342492,0.469993,1,complex,complex,GSIM_US_0001855,02306500,1979-01-01,2019-12-31,14975,41,0,1979-01-01..2019-12-31,ok,1,independent,3512,False,3512,11.6625
74004,growing,221,0.393671,0.393671,0,complex,complex,GSIM_US_0001855,02306500,1979-01-01,2019-12-31,14975,41,0,1979-01-01..2019-12-31,ok,1,independent,3512,False,3512,11.6625
74005,dormant,178,0.479658,0.663452,1,complex,complex,GSIM_US_0001856,02306647,1985-10-01,2019-12-31,12509,34,0,1979-01-01..2019-12-31,ok,1,independent,3513,False,3513,11.2997
74005,growing,230,0.564498,0.612981,1,intermediate,complex,GSIM_US_0001856,02306647,1985-10-01,2019-12-31,12509,34,0,1979-01-01..2019-12-31,ok,1,independent,3513,False,3513,11.2997
74008,dormant,262,0.416857,0.542072,2,complex,complex,GSIM_US_0001859,02307000,1979-01-01,2019-12-31,14975,41,0,1979-01-01..2019-12-31,ok,1,adjacent,3512,False,3512,6.12386
74008,growing,247,0.503372,0.528317,1,intermediate,complex,GSIM_US_0001859,02307000,1979-01-01,2019-12-31,14975,41,0,1979-01-01..2019-12-31,ok,1,adjacent,3512,False,3512,6.12386
74009,dormant,23,0.0182963,0.0182963,0,complex,complex,GSIM_US_0001860,02307323,1979-01-01,2019-12-31,9598,26,0,1979-01-01..2019-12-31,ok,4,adjacent,3513,False,3513,1.52653
74009,growing,13,,,,,intermediate,GSIM_US_0001860,02307323,1979-01-01,2019-12-31,9598,26,0,1979-01-01..2019-12-31,ok,4,adjacent,3513,False,3513,1.52653
74011,dormant,88,0.452342,0.644658,1,complex,intermediate,GSIM_US_0001863,02307671,1982-05-01,2009-10-04,6176,14,0,1979-01-01..2019-12-31,ok,1,independent,3513,False,3513,14.7695
74011,growing,75,0.555781,0.648578,1,intermediate,intermediate,GSIM_US_0001863,02307671,1982-05-01,2009-10-04,6176,14,0,1979-01-01..2019-12-31,ok,1,independent,3513,False,3513,14.7695
74012,dormant,172,0.491401,0.614466,1,complex,complex,GSIM_US_0001865,02308935,1984-08-28,2018-05-28,9129,23,0,1979-01-01..2019-12-31,ok,1,independent,3509,False,3509,27.8469
74012,growing,156,0.538191,0.538191,0,intermediate,complex,GSIM_US_0001865,02308935,1984-08-28,2018-05-28,9129,23,0,1979-01-01..2019-12-31,ok,1,independent,3509,False,3509,27.8469
74013,dormant,82,0.613014,0.857744,2,intermediate,complex,GSIM_US_0001866,02309415,1999-08-09,2019-12-31,7449,20,0,1979-01-01..2019-12-31,ok,1,independent,3513,False,3513,13.4415
74013,growing,111,0.598031,0.598031,0,intermediate,complex,GSIM_US_0001866,02309415,1999-08-09,2019-12-31,7449,20,0,1979-01-01..2019-12-31,ok,1,independent,3513,False,3513,13.4415
74014,dormant,81,0.652048,0.843864,1,intermediate,complex,GSIM_US_0001867,02309421,2002-06-13,2019-12-31,6410,17,0,1979-01-01..2019-12-31,ok,1,independent,3513,False,3513,10.9602
74014,growing,104,0.783487,0.83129,1,simple,complex,GSIM_US_0001867,02309421,2002-06-13,2019-12-31,6410,17,0,1979-01-01..2019-12-31,ok,1,independent,3513,False,3513,10.9602
74015,dormant,183,0.352832,0.664696,1,complex,complex,GSIM_US_0001868,02309848,1979-01-01,2019-12-31,14975,41,0,1979-01-01..2019-12-31,ok,1,adjacent,3513,False,3513,6.58654
74015,growing,143,0.406095,0.489355,1,complex,complex,GSIM_US_0001868,02309848,1979-01-01,2019-12-31,14975,41,0,1979-01-01..2019-12-31,ok,1,adjacent,3513,False,3513,6.58654
74016,dormant,223,0.461688,0.716512,2,complex,intermediate,GSIM_US_0001869,02310000,1979-01-01,2019-12-31,14974,41,0,1979-01-01..2019-12-31,ok,1,adjacent,3512,False,3512,0
74016,growing,213,0.474539,0.722845,2,complex,complex,GSIM_US_0001869,02310000,1979-01-01,2019-12-31,14974,41,0,1979-01-01..2019-12-31,ok,1,adjacent,3512,False,3512,0
74020,dormant,13,,,,,intermediate,GSIM_US_0001877,02312000,1979-01-01,2019-12-31,14975,41,0,1979-01-01..2019-12-31,ok,7,contains,4407,False,4407,0
74020,growing,1,,,,,complex,GSIM_US_0001877,02312000,1979-01-01,2019-12-31,14975,41,0,1979-01-01..2019-12-31,ok,7,contains,4407,False,4407,0
74021,dormant,2,,,,,complex,GSIM_US_0001879,02312300,2004-03-01,2019-12-31,5784,16,0,1979-01-01..2019-12-31,ok,7,contains,4407,False,4407,0
74021,growing,1,,,,,complex,GSIM_US_0001879,02312300,2004-03-01,2019-12-31,5784,16,0,1979-01-01..2019-12-31,ok,7,contains,4407,False,4407,0
74022,dormant,3,,,,,complex,GSIM_US_0001880,02312500,1979-01-01,2019-12-31,14975,41,0,1979-01-01..2019-12-31,ok,7,contains,4407,False,4407,0
74022,growing,0,,,,,complex,GSIM_US_0001880,02312500,1979-01-01,2019-12-31,14975,41,0,1979-01-01..2019-12-31,ok,7,contains,4407,False,4407,0
74031,dormant,7,,,,,complex,GSIM_US_0001889,02313000,1979-01-01,2019-12-31,14975,41,0,1979-01-01..2019-12-31,ok,7,contains,4407,False,4407,0
74031,growing,3,,,,,intermediate,GSIM_US_0001889,02313000,1979-01-01,2019-12-31,14975,41,0,1979-01-01..2019-12-31,ok,7,contains,4407,False,4407,0
74032,dormant,96,0.106321,0.106321,0,complex,complex,GSIM_US_0001890,02313230,1979-01-01,2019-12-31,14955,41,0,1979-01-01..2019-12-31,ok,1,contains,4407,False,4407,0
74032,growing,113,0.210366,0.210366,0,complex,intermediate,GSIM_US_0001890,02313230,1979-01-01,2019-12-31,14955,41,0,1979-01-01..2019-12-31,ok,1,contains,4407,False,4407,0
74033,dormant,1,,,,,complex,GSIM_US_0001894,02315000,1979-01-01,2015-10-04,10886,28,0,1979-01-01..2019-12-31,ok,7,overlapping,3295,False,3295,0
74033,growing,1,,,,,complex,GSIM_US_0001894,02315000,1979-01-01,2015-10-04,10886,28,0,1979-01-01..2019-12-31,ok,7,overlapping,3295,False,3295,0
74034,dormant,2,,,,,complex,GSIM_US_0001896,02315550,1979-01-01,2019-12-31,9496,25,0,1979-01-01..2019-12-31,ok,7,contains,3295,False,3295,0
74034,growing,0,,,,,complex,GSIM_US_0001896,02315550,1979-01-01,2019-12-31,9496,25,0,1979-01-01..2019-12-31,ok,7,contains,3295,False,3295,0
74035,dormant,2,,,,,complex,GSIM_US_0001898,02317500,1979-01-01,2019-12-31,14975,41,0,1979-01-01..2019-12-31,ok,7,contains,3516,False,3516,0
74035,growing,0,,,,,complex,GSIM_US_0001898,02317500,1979-01-01,2019-12-31,14975,41,0,1979-01-01..2019-12-31,ok,7,contains,3516,False,3516,0
74036,dormant,1,,,,,complex,GSIM_US_0001899,02317620,1979-01-01,2019-12-31,8405,20,0,1979-01-01..2019-12-31,ok,7,contains,3516,False,3516,0
74036,growing,0,,,,,intermediate,GSIM_US_0001899,02317620,1979-01-01,2019-12-31,8405,20,0,1979-01-01..2019-12-31,ok,7,contains,3516,False,3516,0
74037,dormant,161,0.424192,0.485351,1,complex,complex,GSIM_US_0001900,023177483,1988-06-11,2019-12-31,11522,31,0,1979-01-01..2019-12-31,ok,2,nested,3518,False,3518,0
74037,growing,126,0.243159,0.640228,1,complex,complex,GSIM_US_0001900,023177483,1988-06-11,2019-12-31,11522,31,0,1979-01-01..2019-12-31,ok,2,nested,3518,False,3518,0
74038,dormant,7,,,,,intermediate,GSIM_US_0001904,02319000,1979-01-01,2019-12-31,14958,41,0,1979-01-01..2019-12-31,ok,6,contains,3518,False,3518,0
74038,growing,4,,,,,intermediate,GSIM_US_0001904,02319000,1979-01-01,2019-12-31,14958,41,0,1979-01-01..2019-12-31,ok,6,contains,3518,False,3518,0
74041,dormant,3,,,,,complex,GSIM_US_0001907,02319500,1979-01-01,2019-12-31,14975,41,0,1979-01-01..2019-12-31,ok,7,contains,3295,False,3295,0
74041,growing,0,,,,,intermediate,GSIM_US_0001907,02319500,1979-01-01,2019-12-31,14975,41,0,1979-01-01..2019-12-31,ok,7,contains,3295,False,3295,0
74042,dormant,0,,,,,complex,GSIM_US_0001908,02319800,1996-10-01,2019-12-31,8489,23,0,1979-01-01..2019-12-31,ok,,contains,3295,False,3295,0
74042,growing,0,,,,,intermediate,GSIM_US_0001908,02319800,1996-10-01,2019-12-31,8489,23,0,1979-01-01..2019-12-31,ok,,contains,3295,False,3295,0
74043,dormant,1,,,,,complex,GSIM_US_0001909,02320000,1996-09-27,2019-12-31,8496,23,0,1979-01-01..2019-12-31,ok,7,contains,3295,False,3295,0
74043,growing,0,,,,,intermediate,GSIM_US_0001909,02320000,1996-09-27,2019-12-31,8496,23,0,1979-01-01..2019-12-31,ok,7,contains,3295,False,3295,0
74044,dormant,5,,,,,complex,GSIM_US_0001910,02320500,1979-01-01,2019-12-31,14975,41,0,1979-01-01..2019-12-31,ok,7,contains,3295,False,3295,0
74044,growing,1,,,,,intermediate,GSIM_US_0001910,02320500,1979-01-01,2019-12-31,14975,41,0,1979-01-01..2019-12-31,ok,7,contains,3295,False,3295,0
74046,dormant,14,,,,,intermediate,GSIM_US_0001913,02322500,1979-01-01,2019-12-31,14975,41,0,1979-01-01..2019-12-31,ok,5,adjacent,3281,False,3281,0
74046,growing,3,,,,,intermediate,GSIM_US_0001913,02322500,1979-01-01,2019-12-31,14975,41,0,1979-01-01..2019-12-31,ok,5,adjacent,3281,False,3281,0
74050,dormant,2,,,,,complex,GSIM_US_0001917,02323000,2000-08-04,2019-12-31,7089,19,0,1979-01-01..2019-12-31,ok,7,contains,3295,False,3295,0
74050,growing,1,,,,,intermediate,GSIM_US_0001917,02323000,2000-08-04,2019-12-31,7089,19,0,1979-01-01..2019-12-31,ok,7,contains,3295,False,3295,0
74052,dormant,9,,,,,complex,GSIM_US_0001919,02323592,1999-06-24,2015-09-30,5513,13,0,1979-01-01..2019-12-31,ok,7,contains,3295,False,3295,0
74052,growing,6,,,,,intermediate,GSIM_US_0001919,02323592,1999-06-24,2015-09-30,5513,13,0,1979-01-01..2019-12-31,ok,7,contains,3295,False,3295,0
74054,dormant,3,,,,,intermediate,GSIM_US_0001925,02326500,1979-01-01,2019-12-31,5263,13,0,1979-01-01..2019-12-31,ok,6,adjacent,3523,False,3523,0
74054,growing,2,,,,,complex,GSIM_US_0001925,02326500,1979-01-01,2019-12-31,5263,13,0,1979-01-01..2019-12-31,ok,6,adjacent,3523,False,3523,0
74055,dormant,0,,,,,complex,GSIM_US_0001926,02326512,1979-01-01,1997-10-07,6855,18,0,1979-01-01..2019-12-31,ok,,adjacent,3522,False,3522,0
74055,growing,0,,,,,complex,GSIM_US_0001926,02326512,1979-01-01,1997-10-07,6855,18,0,1979-01-01..2019-12-31,ok,,adjacent,3522,False,3522,0
74061,dormant,222,0.612775,0.639479,2,intermediate,intermediate,GSIM_US_0001935,02329342,1991-11-15,2019-12-31,10085,28,0,1979-01-01..2019-12-31,ok,1,nested,3525,False,3526,0
74061,growing,208,0.402409,0.402409,0,complex,complex,GSIM_US_0001935,02329342,1991-11-15,2019-12-31,10085,28,0,1979-01-01..2019-12-31,ok,1,nested,3525,False,3526,0
74063,dormant,119,0.313955,0.56483,1,complex,intermediate,GSIM_US_0001940,02330150,1996-08-07,2019-12-31,8547,23,0,1979-01-01..2019-12-31,ok,2,contains,3524,False,3524,0
74063,growing,59,0.364583,0.467559,1,complex,intermediate,GSIM_US_0001940,02330150,1996-08-07,2019-12-31,8547,23,0,1979-01-01..2019-12-31,ok,2,contains,3524,False,3524,0
74064,dormant,89,0.348365,0.621516,1,complex,intermediate,GSIM_US_0001941,02330400,1996-12-11,2019-12-31,8126,21,0,1979-01-01..2019-12-31,ok,2,adjacent,4409,False,4409,8.37592
74064,growing,40,0.301575,0.493893,1,complex,complex,GSIM_US_0001941,02330400,1996-12-11,2019-12-31,8126,21,0,1979-01-01..2019-12-31,ok,2,adjacent,4409,False,4409,8.37592
74065,dormant,368,0.671462,0.715675,2,intermediate,intermediate,GSIM_US_0001945,02333500,1979-01-01,2019-12-31,14975,41,0,1979-01-01..2019-12-31,ok,1,adjacent,3529,False,3529,0
74065,growing,390,0.549237,0.640454,1,intermediate,intermediate,GSIM_US_0001945,02333500,1979-01-01,2019-12-31,14975,41,0,1979-01-01..2019-12-31,ok,1,adjacent,3529,False,3529,0
74066,dormant,2,,,,,intermediate,GSIM_US_0001946,02334430,1979-01-01,2019-12-31,14975,41,0,1979-01-01..2019-12-31,ok,7,contains,3530,False,3530,0
74066,growing,7,,,,,intermediate,GSIM_US_0001946,02334430,1979-01-01,2019-12-31,14975,41,0,1979-01-01..2019-12-31,ok,7,contains,3530,False,3530,0
74070,dormant,108,0.516564,0.640417,2,intermediate,intermediate,GSIM_US_0001950,02334620,2003-12-15,2019-12-31,5858,16,0,1979-01-01..2019-12-31,ok,1,independent,3503,False,3503,17.2509
74070,growing,138,0.597659,0.655986,1,intermediate,complex,GSIM_US_0001950,02334620,2003-12-15,2019-12-31,5858,16,0,1979-01-01..2019-12-31,ok,1,independent,3503,False,3503,17.2509
74071,dormant,296,0.594977,0.594977,0,intermediate,intermediate,GSIM_US_0001951,02334885,1984-10-01,2019-12-31,12875,35,0,1979-01-01..2019-12-31,ok,1,adjacent,3502,False,3502,0
74071,growing,359,0.571653,0.681321,2,intermediate,intermediate,GSIM_US_0001951,02334885,1984-10-01,2019-12-31,12875,35,0,1979-01-01..2019-12-31,ok,1,adjacent,3502,False,3502,0
74072,dormant,5,,,,,intermediate,GSIM_US_0001952,02335000,1979-01-01,2019-12-31,14975,41,0,1979-01-01..2019-12-31,ok,6,overlapping,3530,False,3530,0
74072,growing,14,,,,,intermediate,GSIM_US_0001952,02335000,1979-01-01,2019-12-31,14975,41,0,1979-01-01..2019-12-31,ok,6,overlapping,3530,False,3530,0
74073,dormant,121,0.661275,0.661275,0,intermediate,intermediate,GSIM_US_0001953,02335350,1997-10-01,2019-12-31,6875,18,0,1979-01-01..2019-12-31,ok,1,independent,3503,False,3503,24.922
74073,growing,174,0.676116,0.809992,2,intermediate,intermediate,GSIM_US_0001953,02335350,1997-10-01,2019-12-31,6875,18,0,1979-01-01..2019-12-31,ok,1,independent,3503,False,3503,24.922
74074,dormant,7,,,,,intermediate,GSIM_US_0001954,02335450,1979-01-01,2019-12-31,14975,41,0,1979-01-01..2019-12-31,ok,6,overlapping,3530,False,3530,0
74074,growing,12,,,,,intermediate,GSIM_US_0001954,02335450,1979-01-01,2019-12-31,14975,41,0,1979-01-01..2019-12-31,ok,6,overlapping,3530,False,3530,0
74075,dormant,96,0.567221,0.567221,0,intermediate,intermediate,GSIM_US_0001955,02335580,2007-03-08,2019-12-31,4680,12,0,1979-01-01..2019-12-31,ok,1,independent,3562,False,3562,11.3258
74075,growing,124,0.654748,0.831153,2,intermediate,intermediate,GSIM_US_0001955,02335580,2007-03-08,2019-12-31,4680,12,0,1979-01-01..2019-12-31,ok,1,independent,3562,False,3562,11.3258
74076,dormant,370,0.652397,0.683457,1,intermediate,intermediate,GSIM_US_0001956,02335700,1979-01-01,2019-12-31,14975,41,0,1979-01-01..2019-12-31,ok,1,independent,3562,False,3562,11.2543
74076,growing,427,0.592115,0.676274,1,intermediate,intermediate,GSIM_US_0001956,02335700,1979-01-01,2019-12-31,14975,41,0,1979-01-01..2019-12-31,ok,1,independent,3562,False,3562,11.2543
74078,dormant,89,0.615216,0.615216,0,intermediate,intermediate,GSIM_US_0001958,02335790,2007-05-11,2019-12-31,4618,12,0,1979-01-01..2019-12-31,ok,1,independent,3563,False,3563,26.5327
74078,growing,125,0.589095,0.889548,2,intermediate,intermediate,GSIM_US_0001958,02335790,2007-05-11,2019-12-31,4618,12,0,1979-01-01..2019-12-31,ok,1,independent,3563,False,3563,26.5327
74080,dormant,90,0.61302,0.61302,0,intermediate,intermediate,GSIM_US_0001960,023358685,2007-04-28,2019-12-31,4631,12,0,1979-01-01..2019-12-31,ok,1,independent,3563,False,3563,29.145
74080,growing,111,0.599019,0.853277,2,intermediate,intermediate,GSIM_US_0001960,023358685,2007-04-28,2019-12-31,4631,12,0,1979-01-01..2019-12-31,ok,1,independent,3563,False,3563,29.145
74083,dormant,47,0.216361,0.216361,0,complex,intermediate,GSIM_US_0001963,02336000,1979-01-01,2019-12-31,14975,41,0,1979-01-01..2019-12-31,ok,4,overlapping,3530,False,3530,0
74083,growing,74,0.296391,0.296391,0,complex,intermediate,GSIM_US_0001963,02336000,1979-01-01,2019-12-31,14975,41,0,1979-01-01..2019-12-31,ok,4,overlapping,3530,False,3530,0
74084,dormant,111,0.748958,0.769023,1,intermediate,complex,GSIM_US_0001964,02336030,2001-06-08,2019-12-31,6743,18,0,1979-01-01..2019-12-31,ok,1,independent,3503,False,3503,27.2824
74084,growing,142,0.685549,0.879949,1,intermediate,intermediate,GSIM_US_0001964,02336030,2001-06-08,2019-12-31,6743,18,0,1979-01-01..2019-12-31,ok,1,independent,3503,False,3503,27.2824
74085,dormant,122,0.729786,0.752662,1,intermediate,intermediate,GSIM_US_0001965,02336120,2003-05-10,2019-12-31,6080,16,0,1979-01-01..2019-12-31,ok,1,independent,3503,False,3503,27.4753
74085,growing,157,0.742975,0.875303,1,intermediate,intermediate,GSIM_US_0001965,02336120,2003-05-10,2019-12-31,6080,16,0,1979-01-01..2019-12-31,ok,1,independent,3503,False,3503,27.4753
74086,dormant,124,0.751019,0.769274,1,simple,intermediate,GSIM_US_0001966,02336240,2003-05-01,2019-12-31,6089,16,0,1979-01-01..2019-12-31,ok,1,independent,3503,False,3503,31.1382
74086,growing,158,0.696961,0.855739,1,intermediate,complex,GSIM_US_0001966,02336240,2003-05-01,2019-12-31,6089,16,0,1979-01-01..2019-12-31,ok,1,independent,3503,False,3503,31.1382
74088,dormant,122,0.597,0.622878,1,intermediate,intermediate,GSIM_US_0001968,02336360,2003-05-24,2019-12-31,6066,16,0,1979-01-01..2019-12-31,ok,1,independent,3503,False,3503,30.8566
74088,growing,156,0.716184,0.848692,1,intermediate,complex,GSIM_US_0001968,02336360,2003-05-24,2019-12-31,6066,16,0,1979-01-01..2019-12-31,ok,1,independent,3503,False,3503,30.8566
74089,dormant,176,0.533239,0.560207,1,intermediate,intermediate,GSIM_US_0001969,02336410,1994-08-23,2019-12-31,7545,20,0,1979-01-01..2019-12-31,ok,1,independent,3503,False,3503,30.9564
74089,growing,194,0.628415,0.674533,1,intermediate,intermediate,GSIM_US_0001969,02336410,1994-08-23,2019-12-31,7545,20,0,1979-01-01..2019-12-31,ok,1,independent,3503,False,3503,30.9564
74092,dormant,217,0.527849,0.58745,1,intermediate,intermediate,GSIM_US_0001972,02336635,1995-10-01,2019-12-31,8858,24,0,1979-01-01..2019-12-31,ok,1,independent,3579,False,3579,32.3
74092,growing,230,0.618994,0.816841,2,intermediate,intermediate,GSIM_US_0001972,02336635,1995-10-01,2019-12-31,8858,24,0,1979-01-01..2019-12-31,ok,1,independent,3579,False,3579,32.3
74093,dormant,167,0.651752,0.709459,1,intermediate,intermediate,GSIM_US_0001973,02336728,1994-09-01,2019-12-31,7134,19,0,1979-01-01..2019-12-31,ok,1,independent,3581,False,3581,32.2411
74093,growing,192,0.604264,0.706766,1,intermediate,complex,GSIM_US_0001973,02336728,1994-09-01,2019-12-31,7134,19,0,1979-01-01..2019-12-31,ok,1,independent,3581,False,3581,32.2411
74094,dormant,183,0.576734,0.576734,0,intermediate,intermediate,GSIM_US_0001974,02336968,1998-07-14,2019-12-31,7841,21,0,1979-01-01..2019-12-31,ok,1,independent,3579,False,3579,24.0404
74094,growing,209,0.668559,0.820823,2,intermediate,intermediate,GSIM_US_0001974,02336968,1998-07-14,2019-12-31,7841,21,0,1979-01-01..2019-12-31,ok,1,independent,3579,False,3579,24.0404
74096,dormant,156,0.634011,0.634011,0,intermediate,intermediate,GSIM_US_0001976,02337040,1998-09-01,2019-12-31,6720,14,0,1979-01-01..2019-12-31,ok,1,adjacent,3579,False,3579,0
74096,growing,201,0.519535,0.56732,2,intermediate,intermediate,GSIM_US_0001976,02337040,1998-09-01,2019-12-31,6720,14,0,1979-01-01..2019-12-31,ok,1,adjacent,3579,False,3579,0
74097,dormant,268,0.618723,0.642391,1,intermediate,intermediate,GSIM_US_0001977,02337170,1979-01-01,2019-12-31,14975,41,0,1979-01-01..2019-12-31,ok,2,contains,3530,False,3530,0
74097,growing,281,0.512688,0.512688,0,intermediate,intermediate,GSIM_US_0001977,02337170,1979-01-01,2019-12-31,14975,41,0,1979-01-01..2019-12-31,ok,2,contains,3530,False,3530,0
74099,dormant,93,0.462955,0.462955,0,complex,complex,GSIM_US_0001979,02337498,2008-02-21,2019-12-31,4332,12,0,1979-01-01..2019-12-31,ok,1,nested,3531,True,3531,0
74099,growing,94,0.362753,0.432027,1,complex,intermediate,GSIM_US_0001979,02337498,2008-02-21,2019-12-31,4332,12,0,1979-01-01..2019-12-31,ok,1,nested,3531,True,3531,0
74100,dormant,406,0.678348,0.678348,0,intermediate,intermediate,GSIM_US_0001981,02338000,1979-01-01,2019-12-31,14975,41,0,1979-01-01..2019-12-31,ok,1,contains,3531,False,3530,0
74100,growing,469,0.538738,0.661121,2,intermediate,intermediate,GSIM_US_0001981,02338000,1979-01-01,2019-12-31,14975,41,0,1979-01-01..2019-12-31,ok,1,contains,3531,False,3530,0
74101,dormant,169,0.634121,0.646223,1,intermediate,intermediate,GSIM_US_0001982,02338500,2004-03-23,2019-12-31,5761,15,0,1979-01-01..2019-12-31,ok,1,contains,3530,False,3530,0
74101,growing,177,0.657936,0.740992,2,intermediate,intermediate,GSIM_US_0001982,02338500,2004-03-23,2019-12-31,5761,15,0,1979-01-01..2019-12-31,ok,1,contains,3530,False,3530,0
74102,dormant,233,0.275902,0.355349,1,complex,intermediate,GSIM_US_0001986,02339500,1979-01-01,2019-12-31,14974,41,0,1979-01-01..2019-12-31,ok,2,contains,3533,False,3530,0
74102,growing,269,0.24189,0.24189,0,complex,intermediate,GSIM_US_0001986,02339500,1979-01-01,2019-12-31,14974,41,0,1979-01-01..2019-12-31,ok,2,contains,3533,False,3530,0
74104,dormant,207,0.4504,0.532575,1,complex,complex,GSIM_US_0001988,02341500,1979-01-01,2002-01-17,8418,23,0,1979-01-01..2019-12-31,ok,1,contains,3533,False,3530,0
74104,growing,243,0.43925,0.54711,1,complex,intermediate,GSIM_US_0001988,02341500,1979-01-01,2002-01-17,8418,23,0,1979-01-01..2019-12-31,ok,1,contains,3533,False,3530,0
74108,dormant,110,0.592302,0.592302,0,intermediate,intermediate,GSIM_US_0001995,02342850,2008-05-08,2019-12-31,4255,11,0,1979-01-01..2019-12-31,ok,1,adjacent,3300,False,3300,0
74108,growing,116,0.448807,0.620414,2,complex,intermediate,GSIM_US_0001995,02342850,2008-05-08,2019-12-31,4255,11,0,1979-01-01..2019-12-31,ok,1,adjacent,3300,False,3300,0
74109,dormant,403,0.387163,0.418832,1,complex,intermediate,GSIM_US_0001999,02343801,1979-01-01,2019-12-31,14975,41,0,1979-01-01..2019-12-31,ok,1,contains,3536,False,3536,0
74109,growing,413,0.205554,0.205554,0,complex,intermediate,GSIM_US_0001999,02343801,1979-01-01,2019-12-31,14975,41,0,1979-01-01..2019-12-31,ok,1,contains,3536,False,3536,0
74110,dormant,168,0.601203,0.696712,2,intermediate,complex,GSIM_US_0002000,02343940,2002-01-19,2019-12-31,6556,18,0,1979-01-01..2019-12-31,ok,1,adjacent,3542,False,3542,0
74110,growing,179,0.297064,0.353206,1,complex,complex,GSIM_US_0002000,02343940,2002-01-19,2019-12-31,6556,18,0,1979-01-01..2019-12-31,ok,1,adjacent,3542,False,3542,0
74111,dormant,357,0.744532,0.7839,1,intermediate,intermediate,GSIM_US_0002001,02344350,1985-05-07,2019-12-31,12657,34,0,1979-01-01..2019-12-31,ok,1,independent,3533,False,3533,29.7059
74111,growing,409,0.651226,0.726304,2,intermediate,complex,GSIM_US_0002001,02344350,1985-05-07,2019-12-31,12657,34,0,1979-01-01..2019-12-31,ok,1,independent,3533,False,3533,29.7059
74112,dormant,123,0.724677,0.724677,0,intermediate,intermediate,GSIM_US_0002002,02344396,2007-11-03,2019-12-31,4442,12,0,1979-01-01..2019-12-31,ok,1,independent,3533,False,3533,29.8049
74112,growing,145,0.734475,0.815563,1,intermediate,intermediate,GSIM_US_0002002,02344396,2007-11-03,2019-12-31,4442,12,0,1979-01-01..2019-12-31,ok,1,independent,3533,False,3533,29.8049
74114,dormant,401,0.650035,0.686187,1,intermediate,intermediate,GSIM_US_0002004,02344500,1979-01-01,2019-12-31,14975,41,0,1979-01-01..2019-12-31,ok,1,independent,3533,False,3533,28.0491
74114,growing,456,0.557219,0.642288,1,intermediate,intermediate,GSIM_US_0002004,02344500,1979-01-01,2019-12-31,14975,41,0,1979-01-01..2019-12-31,ok,1,independent,3533,False,3533,28.0491
74115,dormant,124,0.617952,0.641646,1,intermediate,intermediate,GSIM_US_0002005,02344605,2008-06-28,2019-12-31,4204,11,0,1979-01-01..2019-12-31,ok,1,independent,3533,False,3533,15.5043
74115,growing,130,0.621178,0.755864,1,intermediate,intermediate,GSIM_US_0002005,02344605,2008-06-28,2019-12-31,4204,11,0,1979-01-01..2019-12-31,ok,1,independent,3533,False,3533,15.5043
74116,dormant,109,0.489816,0.595458,1,complex,intermediate,GSIM_US_0002006,02344620,2007-12-15,2019-12-31,4397,12,0,1979-01-01..2019-12-31,ok,1,independent,3533,False,3533,10.252
74116,growing,106,0.50899,0.597451,1,intermediate,intermediate,GSIM_US_0002006,02344620,2007-12-15,2019-12-31,4397,12,0,1979-01-01..2019-12-31,ok,1,independent,3533,False,3533,10.252
74118,dormant,424,0.625977,0.67109,1,intermediate,intermediate,GSIM_US_0002008,02344700,1979-01-01,2019-12-31,14975,41,0,1979-01-01..2019-12-31,ok,1,independent,3533,False,3533,10.2783
74118,growing,473,0.555413,0.642129,1,intermediate,intermediate,GSIM_US_0002008,02344700,1979-01-01,2019-12-31,14975,41,0,1979-01-01..2019-12-31,ok,1,independent,3533,False,3533,10.2783
74120,dormant,147,0.666349,0.748116,2,intermediate,intermediate,GSIM_US_0002010,02346180,1979-01-01,2019-12-31,6114,16,0,1979-01-01..2019-12-31,ok,1,adjacent,3533,False,3533,0
74120,growing,164,0.523668,0.584055,1,intermediate,intermediate,GSIM_US_0002010,02346180,1979-01-01,2019-12-31,6114,16,0,1979-01-01..2019-12-31,ok,1,adjacent,3533,False,3533,0
74128,dormant,18,0.460394,0.460394,0,complex,complex,GSIM_US_0002019,02350512,1987-05-01,2019-12-31,11933,32,0,1979-01-01..2019-12-31,ok,5,contains,4411,False,4411,0
74128,growing,30,0.391993,0.391993,0,complex,complex,GSIM_US_0002019,02350512,1987-05-01,2019-12-31,11933,32,0,1979-01-01..2019-12-31,ok,5,contains,4411,False,4411,0
74130,dormant,46,0.410925,0.6158,1,complex,complex,GSIM_US_0002024,02352500,1979-01-01,2019-12-31,14975,41,0,1979-01-01..2019-12-31,ok,4,contains,4412,False,4412,0
74130,growing,53,0.202934,0.202934,0,complex,complex,GSIM_US_0002024,02352500,1979-01-01,2019-12-31,14975,41,0,1979-01-01..2019-12-31,ok,4,contains,4412,False,4412,0
74131,dormant,41,0.353644,0.353644,0,complex,complex,GSIM_US_0002025,02353000,1979-01-01,2019-12-31,14975,41,0,1979-01-01..2019-12-31,ok,4,contains,4412,False,4412,0
74131,growing,45,0.179993,0.179993,0,complex,complex,GSIM_US_0002025,02353000,1979-01-01,2019-12-31,14975,41,0,1979-01-01..2019-12-31,ok,4,contains,4412,False,4412,0
74141,dormant,175,0.466547,0.509416,1,complex,intermediate,GSIM_US_0002036,02358000,1979-01-01,2019-12-31,14975,41,0,1979-01-01..2019-12-31,ok,2,contains,3542,False,3542,0
74141,growing,184,0.337225,0.392554,2,complex,intermediate,GSIM_US_0002036,02358000,1979-01-01,2019-12-31,14975,41,0,1979-01-01..2019-12-31,ok,2,contains,3542,False,3542,0
74142,dormant,24,0.253169,0.761366,1,intermediate,intermediate,GSIM_US_0002037,02358700,1979-01-01,2019-12-31,14969,41,0,1979-01-01..2019-12-31,ok,4,contains,3542,False,3542,0
74142,growing,32,0.0390664,0.0390664,0,complex,intermediate,GSIM_US_0002037,02358700,1979-01-01,2019-12-31,14969,41,0,1979-01-01..2019-12-31,ok,4,contains,3542,False,3542,0
74143,dormant,1,,,,,intermediate,GSIM_US_0002038,02358754,1979-01-01,2019-12-19,7965,16,0,1979-01-01..2019-12-31,ok,6,contains,3542,False,3542,0
74143,growing,5,,,,,intermediate,GSIM_US_0002038,02358754,1979-01-01,2019-12-19,7965,16,0,1979-01-01..2019-12-31,ok,6,contains,3542,False,3542,0
74145,dormant,15,0.762902,0.991428,1,simple,intermediate,GSIM_US_0002040,02359000,1979-01-01,2019-12-31,14975,41,0,1979-01-01..2019-12-31,ok,5,independent,4413,False,4413,12.3985
74145,growing,8,,,,,intermediate,GSIM_US_0002040,02359000,1979-01-01,2019-12-31,14975,41,0,1979-01-01..2019-12-31,ok,5,independent,4413,False,4413,12.3985
74146,dormant,2,,,,,intermediate,GSIM_US_0002041,02359051,1991-10-01,2009-09-29,6266,15,0,1979-01-01..2019-12-31,ok,6,independent,4413,False,4413,12.3985
74146,growing,1,,,,,complex,GSIM_US_0002041,02359051,1991-10-01,2009-09-29,6266,15,0,1979-01-01..2019-12-31,ok,6,independent,4413,False,4413,12.3985
74147,dormant,0,,,,,intermediate,GSIM_US_0002042,02359170,1979-01-01,2019-12-31,14971,41,0,1979-01-01..2019-12-31,ok,7,contains,3542,False,3542,0
74147,growing,1,,,,,intermediate,GSIM_US_0002042,02359170,1979-01-01,2019-12-31,14971,41,0,1979-01-01..2019-12-31,ok,7,contains,3542,False,3542,0
74148,dormant,408,0.562031,0.591782,1,intermediate,intermediate,GSIM_US_0002043,02359500,1979-01-01,2019-12-31,13539,36,0,1979-01-01..2019-12-31,ok,1,independent,3527,False,3527,37.3659
74148,growing,217,0.412787,0.474985,1,complex,intermediate,GSIM_US_0002043,02359500,1979-01-01,2019-12-31,13539,36,0,1979-01-01..2019-12-31,ok,1,independent,3527,False,3527,37.3659
74149,dormant,217,0.754603,0.795709,1,simple,intermediate,GSIM_US_0002045,02361500,2000-12-07,2019-12-31,6964,19,0,1979-01-01..2019-12-31,ok,1,contains,4413,False,4413,0
74149,growing,148,0.566558,0.621013,1,intermediate,intermediate,GSIM_US_0002045,02361500,2000-12-07,2019-12-31,6964,19,0,1979-01-01..2019-12-31,ok,1,contains,4413,False,4413,0
74151,dormant,190,0.61683,0.651514,2,intermediate,intermediate,GSIM_US_0002051,02365470,1998-10-01,2019-12-31,7762,21,0,1979-01-01..2019-12-31,ok,1,independent,4413,False,4413,17.7928
74151,growing,151,0.343081,0.343081,0,complex,complex,GSIM_US_0002051,02365470,1998-10-01,2019-12-31,7762,21,0,1979-01-01..2019-12-31,ok,1,independent,4413,False,4413,17.7928
74153,dormant,199,0.607821,0.676647,2,intermediate,intermediate,GSIM_US_0002053,02365769,1998-10-01,2019-12-31,7397,19,0,1979-01-01..2019-12-31,ok,1,adjacent,3546,False,3546,3.68876
74153,growing,133,0.61965,0.747939,1,intermediate,intermediate,GSIM_US_0002053,02365769,1998-10-01,2019-12-31,7397,19,0,1979-01-01..2019-12-31,ok,1,adjacent,3546,False,3546,3.68876
74155,dormant,5,,,,,intermediate,GSIM_US_0002055,02366500,1979-01-01,2019-12-31,14548,39,0,1979-01-01..2019-12-31,ok,6,contains,3544,False,3544,0
74155,growing,3,,,,,intermediate,GSIM_US_0002055,02366500,1979-01-01,2019-12-31,14548,39,0,1979-01-01..2019-12-31,ok,6,contains,3544,False,3544,0
74158,dormant,172,0.601375,0.629105,1,intermediate,intermediate,GSIM_US_0002058,02367310,1979-01-01,2019-12-31,8241,21,0,1979-01-01..2019-12-31,ok,1,adjacent,3546,False,3546,0
74158,growing,155,0.657868,0.765024,1,intermediate,intermediate,GSIM_US_0002058,02367310,1979-01-01,2019-12-31,8241,21,0,1979-01-01..2019-12-31,ok,1,adjacent,3546,False,3546,0
74163,dormant,409,0.586603,0.687348,2,intermediate,intermediate,GSIM_US_0002065,02370000,1979-01-01,2019-12-31,13629,37,0,1979-01-01..2019-12-31,ok,1,contains,3303,False,3303,0
74163,growing,243,0.420499,0.420499,0,complex,intermediate,GSIM_US_0002065,02370000,1979-01-01,2019-12-31,13629,37,0,1979-01-01..2019-12-31,ok,1,contains,3303,False,3303,0
74167,dormant,18,0.45039,0.45039,0,complex,intermediate,GSIM_US_0002071,02372422,1999-06-17,2019-12-31,6060,13,0,1979-01-01..2019-12-31,ok,5,contains,4416,False,4416,0
74167,growing,12,,,,,intermediate,GSIM_US_0002071,02372422,1999-06-17,2019-12-31,6060,13,0,1979-01-01..2019-12-31,ok,5,contains,4416,False,4416,0
74169,dormant,208,0.425832,0.425832,0,complex,intermediate,GSIM_US_0002074,02374250,1999-04-16,2019-12-31,7565,20,0,1979-01-01..2019-12-31,ok,1,contains,4416,False,4416,0
74169,growing,175,0.305416,0.352109,1,complex,intermediate,GSIM_US_0002074,02374250,1999-04-16,2019-12-31,7565,20,0,1979-01-01..2019-12-31,ok,1,contains,4416,False,4416,0
74170,dormant,446,0.385342,0.39217,1,complex,intermediate,GSIM_US_0002079,02375500,1979-01-01,2019-12-31,14975,41,0,1979-01-01..2019-12-31,ok,1,contains,4416,False,4416,0
74170,growing,337,0.383394,0.419166,2,complex,intermediate,GSIM_US_0002079,02375500,1979-01-01,2019-12-31,14975,41,0,1979-01-01..2019-12-31,ok,1,contains,4416,False,4416,0
74171,dormant,22,0.711336,0.919601,1,intermediate,intermediate,GSIM_US_0002081,02376033,1983-11-20,2019-12-31,6947,14,0,1979-01-01..2019-12-31,ok,4,contains,4416,False,4416,0
74171,growing,5,,,,,intermediate,GSIM_US_0002081,02376033,1983-11-20,2019-12-31,6947,14,0,1979-01-01..2019-12-31,ok,4,contains,4416,False,4416,0
74172,dormant,292,0.581284,0.663753,1,intermediate,intermediate,GSIM_US_0002082,02376115,1987-10-01,2019-12-31,11780,32,0,1979-01-01..2019-12-31,ok,1,independent,3552,False,3552,13.1175
74172,growing,246,0.614795,0.758638,1,intermediate,intermediate,GSIM_US_0002082,02376115,1987-10-01,2019-12-31,11780,32,0,1979-01-01..2019-12-31,ok,1,independent,3552,False,3552,13.1175
74173,dormant,183,0.540745,0.540745,0,intermediate,intermediate,GSIM_US_0002083,02376293,1998-10-01,2019-12-31,7642,20,0,1979-01-01..2019-12-31,ok,1,nested,3552,False,3552,0
74173,growing,173,0.45506,0.45506,0,complex,complex,GSIM_US_0002083,02376293,1998-10-01,2019-12-31,7642,20,0,1979-01-01..2019-12-31,ok,1,nested,3552,False,3552,0
74176,dormant,96,0.528966,0.528966,0,intermediate,intermediate,GSIM_US_0002090,02379500,2009-04-22,2019-12-31,3906,10,0,1979-01-01..2019-12-31,ok,1,adjacent,3562,False,3562,0
74176,growing,101,0.602242,0.602242,0,intermediate,intermediate,GSIM_US_0002090,02379500,2009-04-22,2019-12-31,3906,10,0,1979-01-01..2019-12-31,ok,1,adjacent,3562,False,3562,0
74177,dormant,2,,,,,intermediate,GSIM_US_0002091,02380500,1979-01-01,2019-12-31,14975,41,0,1979-01-01..2019-12-31,ok,7,adjacent,3307,False,3307,0
74177,growing,4,,,,,intermediate,GSIM_US_0002091,02380500,1979-01-01,2019-12-31,14975,41,0,1979-01-01..2019-12-31,ok,7,adjacent,3307,False,3307,0
74179,dormant,1,,,,,intermediate,GSIM_US_0002095,02382500,1979-01-01,2019-12-31,14975,41,0,1979-01-01..2019-12-31,ok,7,contains,3556,False,3556,0
74179,growing,3,,,,,intermediate,GSIM_US_0002095,02382500,1979-01-01,2019-12-31,14975,41,0,1979-01-01..2019-12-31,ok,7,contains,3556,False,3556,0
74181,dormant,2,,,,,intermediate,GSIM_US_0002097,02383500,1979-01-01,2019-12-31,14975,41,0,1979-01-01..2019-12-31,ok,7,contains,3556,False,3556,0
74181,growing,8,,,,,intermediate,GSIM_US_0002097,02383500,1979-01-01,2019-12-31,14975,41,0,1979-01-01..2019-12-31,ok,7,contains,3556,False,3556,0
74182,dormant,105,0.476345,0.476345,0,complex,intermediate,GSIM_US_0002101,02385500,2005-06-10,2019-12-31,5318,14,0,1979-01-01..2019-12-31,ok,1,nested,3558,False,3560,0
74182,growing,137,0.411224,0.411224,0,complex,intermediate,GSIM_US_0002101,02385500,2005-06-10,2019-12-31,5318,14,0,1979-01-01..2019-12-31,ok,1,nested,3558,False,3560,0
74183,dormant,222,0.64781,0.733017,2,intermediate,intermediate,GSIM_US_0002104,02387500,1979-01-01,2019-12-31,14975,41,0,1979-01-01..2019-12-31,ok,2,contains,3560,False,3560,0
74183,growing,235,0.386675,0.471464,1,complex,complex,GSIM_US_0002104,02387500,1979-01-01,2019-12-31,14975,41,0,1979-01-01..2019-12-31,ok,2,contains,3560,False,3560,0
74184,dormant,18,0.649681,0.996902,1,intermediate,intermediate,GSIM_US_0002105,02387600,2005-03-19,2019-12-31,5401,14,0,1979-01-01..2019-12-31,ok,4,adjacent,3309,False,3309,0
74184,growing,24,0.529856,0.529856,0,intermediate,intermediate,GSIM_US_0002105,02387600,2005-03-19,2019-12-31,5401,14,0,1979-01-01..2019-12-31,ok,4,adjacent,3309,False,3309,0
74186,dormant,5,,,,,intermediate,GSIM_US_0002107,02388300,1979-01-01,1989-09-29,3925,10,0,1979-01-01..2019-12-31,ok,4,adjacent,3565,False,3565,0
74186,growing,20,0.349903,0.349903,0,complex,intermediate,GSIM_US_0002107,02388300,1979-01-01,1989-09-29,3925,10,0,1979-01-01..2019-12-31,ok,4,adjacent,3565,False,3565,0
74187,dormant,340,0.55396,0.643612,1,intermediate,intermediate,GSIM_US_0002108,02388320,1982-03-02,2019-12-31,13819,38,0,1979-01-01..2019-12-31,ok,1,adjacent,3565,False,3565,0
74187,growing,381,0.392565,0.497286,1,complex,intermediate,GSIM_US_0002108,02388320,1982-03-02,2019-12-31,13819,38,0,1979-01-01..2019-12-31,ok,1,adjacent,3565,False,3565,0
74189,dormant,417,0.646594,0.704711,2,intermediate,intermediate,GSIM_US_0002110,02388500,1979-01-01,2019-12-31,14975,41,0,1979-01-01..2019-12-31,ok,1,contains,3560,False,3560,0
74189,growing,432,0.370185,0.370185,0,complex,complex,GSIM_US_0002110,02388500,1979-01-01,2019-12-31,14975,41,0,1979-01-01..2019-12-31,ok,1,contains,3560,False,3560,0
74192,dormant,124,0.569743,0.569743,0,intermediate,intermediate,GSIM_US_0002115,02390000,2005-09-23,2019-12-31,5210,14,0,1979-01-01..2019-12-31,ok,1,adjacent,3562,False,3562,0
74192,growing,134,0.60426,0.675033,2,intermediate,intermediate,GSIM_US_0002115,02390000,2005-09-23,2019-12-31,5210,14,0,1979-01-01..2019-12-31,ok,1,adjacent,3562,False,3562,0
74193,dormant,127,0.531808,0.531808,0,intermediate,intermediate,GSIM_US_0002116,02390140,2005-09-22,2019-12-31,5214,14,0,1979-01-01..2019-12-31,ok,1,adjacent,3562,False,3562,0
74193,growing,147,0.658963,0.696338,1,intermediate,intermediate,GSIM_US_0002116,02390140,2005-09-22,2019-12-31,5214,14,0,1979-01-01..2019-12-31,ok,1,adjacent,3562,False,3562,0
74195,dormant,95,0.0366055,0.0366055,0,complex,intermediate,GSIM_US_0002119,02391840,2007-11-30,2019-12-31,4415,12,0,1979-01-01..2019-12-31,ok,1,adjacent,3563,False,3563,0
74195,growing,111,0.334928,0.334928,0,complex,complex,GSIM_US_0002119,02391840,2007-11-30,2019-12-31,4415,12,0,1979-01-01..2019-12-31,ok,1,adjacent,3563,False,3563,0
74196,dormant,111,0.654416,0.654416,0,intermediate,intermediate,GSIM_US_0002120,02391860,2008-07-18,2019-12-31,4184,11,0,1979-01-01..2019-12-31,ok,1,contains,3562,False,3562,0
74196,growing,125,0.519962,0.519962,0,intermediate,intermediate,GSIM_US_0002120,02391860,2008-07-18,2019-12-31,4184,11,0,1979-01-01..2019-12-31,ok,1,contains,3562,False,3562,0
74197,dormant,420,0.659513,0.709153,2,intermediate,intermediate,GSIM_US_0002121,02392000,1979-01-01,2019-12-31,14975,41,0,1979-01-01..2019-12-31,ok,1,contains,3562,False,3562,0
74197,growing,465,0.522005,0.599651,2,intermediate,intermediate,GSIM_US_0002121,02392000,1979-01-01,2019-12-31,14975,41,0,1979-01-01..2019-12-31,ok,1,contains,3562,False,3562,0
74198,dormant,117,0.48671,0.48671,0,complex,intermediate,GSIM_US_0002122,02392360,2005-10-01,2019-12-31,5205,14,0,1979-01-01..2019-12-31,ok,1,adjacent,3563,False,3563,0
74198,growing,134,0.521225,0.579816,1,intermediate,complex,GSIM_US_0002122,02392360,2005-10-01,2019-12-31,5205,14,0,1979-01-01..2019-12-31,ok,1,adjacent,3563,False,3563,0
74200,dormant,125,0.519753,0.519753,0,intermediate,intermediate,GSIM_US_0002124,02392780,2005-09-01,2019-12-31,5235,14,0,1979-01-01..2019-12-31,ok,1,adjacent,3563,False,3563,8.49368
74200,growing,139,0.612479,0.846429,1,intermediate,intermediate,GSIM_US_0002124,02392780,2005-09-01,2019-12-31,5235,14,0,1979-01-01..2019-12-31,ok,1,adjacent,3563,False,3563,8.49368
74201,dormant,157,0.544786,0.544786,0,intermediate,intermediate,GSIM_US_0002125,02392950,1998-07-14,2019-12-31,7841,21,0,1979-01-01..2019-12-31,ok,1,independent,3563,False,3563,28.3017
74201,growing,211,0.574801,0.85803,2,intermediate,intermediate,GSIM_US_0002125,02392950,1998-07-14,2019-12-31,7841,21,0,1979-01-01..2019-12-31,ok,1,independent,3563,False,3563,28.3017
74202,dormant,151,0.582661,0.582661,0,intermediate,intermediate,GSIM_US_0002126,02392975,1998-07-14,2019-12-31,7841,21,0,1979-01-01..2019-12-31,ok,1,independent,3563,False,3563,26.0765
74202,growing,218,0.603623,0.86097,2,intermediate,intermediate,GSIM_US_0002126,02392975,1998-07-14,2019-12-31,7841,21,0,1979-01-01..2019-12-31,ok,1,independent,3563,False,3563,26.0765
74204,dormant,1,,,,,intermediate,GSIM_US_0002128,02394000,1979-01-01,2019-12-31,14975,41,0,1979-01-01..2019-12-31,ok,7,contains,3562,False,3562,0
74204,growing,10,,,,,intermediate,GSIM_US_0002128,02394000,1979-01-01,2019-12-31,14975,41,0,1979-01-01..2019-12-31,ok,7,contains,3562,False,3562,0
74205,dormant,2,,,,,intermediate,GSIM_US_0002129,02395000,1979-01-01,2019-12-31,10249,27,0,1979-01-01..2019-12-31,ok,7,contains,3562,False,3562,0
74205,growing,9,,,,,intermediate,GSIM_US_0002129,02395000,1979-01-01,2019-12-31,10249,27,0,1979-01-01..2019-12-31,ok,7,contains,3562,False,3562,0
74206,dormant,1,,,,,intermediate,GSIM_US_0002131,02395980,1979-01-01,2019-12-31,14969,41,0,1979-01-01..2019-12-31,ok,7,contains,3562,False,3562,0
74206,growing,10,,,,,intermediate,GSIM_US_0002131,02395980,1979-01-01,2019-12-31,14969,41,0,1979-01-01..2019-12-31,ok,7,contains,3562,False,3562,0
74207,dormant,173,0.419695,0.419695,0,complex,intermediate,GSIM_US_0002132,02396000,1979-01-01,1997-09-30,6848,18,0,1979-01-01..2019-12-31,ok,1,contains,3562,False,3562,0
74207,growing,192,0.385438,0.385438,0,complex,intermediate,GSIM_US_0002132,02396000,1979-01-01,1997-09-30,6848,18,0,1979-01-01..2019-12-31,ok,1,contains,3562,False,3562,0
74208,dormant,407,0.622085,0.667561,1,intermediate,complex,GSIM_US_0002133,02397000,1979-01-01,2019-12-31,14975,41,0,1979-01-01..2019-12-31,ok,1,contains,3560,False,3560,0
74208,growing,443,0.346641,0.346641,0,complex,intermediate,GSIM_US_0002133,02397000,1979-01-01,2019-12-31,14975,41,0,1979-01-01..2019-12-31,ok,1,contains,3560,False,3560,0
74215,dormant,31,0.159152,0.159152,0,complex,complex,GSIM_US_0002154,02411000,1979-01-01,2013-09-29,12691,34,0,1979-01-01..2019-12-31,ok,4,contains,3560,False,3560,0
74215,growing,59,0.271533,0.271533,0,complex,intermediate,GSIM_US_0002154,02411000,1979-01-01,2013-09-29,12691,34,0,1979-01-01..2019-12-31,ok,4,contains,3560,False,3560,0
74216,dormant,76,0.708374,0.872798,1,intermediate,intermediate,GSIM_US_0002159,02413210,2000-02-01,2019-12-31,5794,13,0,1979-01-01..2019-12-31,ok,2,nested,3581,False,3581,0
74216,growing,101,0.525024,0.647229,1,intermediate,intermediate,GSIM_US_0002159,02413210,2000-02-01,2019-12-31,5794,13,0,1979-01-01..2019-12-31,ok,2,nested,3581,False,3581,0
74217,dormant,390,0.488829,0.558739,2,complex,intermediate,GSIM_US_0002161,02414500,1979-01-01,2019-12-31,14937,41,0,1979-01-01..2019-12-31,ok,1,contains,3579,False,3579,0
74217,growing,444,0.362019,0.432963,2,complex,intermediate,GSIM_US_0002161,02414500,1979-01-01,2019-12-31,14937,41,0,1979-01-01..2019-12-31,ok,1,contains,3579,False,3579,0
74218,dormant,339,0.494141,0.555303,1,complex,intermediate,GSIM_US_0002162,02414715,1985-11-15,2019-12-31,12452,34,0,1979-01-01..2019-12-31,ok,1,contains,3579,False,3579,0
74218,growing,369,0.310115,0.348374,1,complex,intermediate,GSIM_US_0002162,02414715,1985-11-15,2019-12-31,12452,34,0,1979-01-01..2019-12-31,ok,1,contains,3579,False,3579,0
74219,dormant,203,0.59561,0.697776,2,intermediate,intermediate,GSIM_US_0002164,02418230,1999-11-09,2019-12-31,7358,20,0,1979-01-01..2019-12-31,ok,1,adjacent,3582,False,3582,0
74219,growing,218,0.510383,0.727407,2,intermediate,intermediate,GSIM_US_0002164,02418230,1999-11-09,2019-12-31,7358,20,0,1979-01-01..2019-12-31,ok,1,adjacent,3582,False,3582,0
74220,dormant,295,0.15987,0.281702,1,complex,intermediate,GSIM_US_0002165,02418500,1979-01-01,2013-09-29,12691,34,0,1979-01-01..2019-12-31,ok,1,contains,3579,False,3579,0
74220,growing,342,0.360621,0.400088,1,complex,intermediate,GSIM_US_0002165,02418500,1979-01-01,2013-09-29,12691,34,0,1979-01-01..2019-12-31,ok,1,contains,3579,False,3579,0
74221,dormant,161,0.519353,0.538435,1,intermediate,intermediate,GSIM_US_0002166,02418760,2002-10-08,2019-12-31,6294,17,0,1979-01-01..2019-12-31,ok,1,nested,3582,False,3582,0
74221,growing,189,0.491575,0.632999,2,complex,intermediate,GSIM_US_0002166,02418760,2002-10-08,2019-12-31,6294,17,0,1979-01-01..2019-12-31,ok,1,nested,3582,False,3582,0
74222,dormant,265,0.538782,0.616234,1,intermediate,intermediate,GSIM_US_0002168,02419890,1995-10-01,2019-12-31,8323,22,0,1979-01-01..2019-12-31,ok,1,contains,3579,False,3579,0
74222,growing,227,0.51146,0.591876,1,intermediate,intermediate,GSIM_US_0002168,02419890,1995-10-01,2019-12-31,8323,22,0,1979-01-01..2019-12-31,ok,1,contains,3579,False,3579,0
74223,dormant,278,0.511769,0.511769,0,intermediate,intermediate,GSIM_US_0002169,02420000,1979-01-01,2019-12-31,10954,29,0,1979-01-01..2019-12-31,ok,1,contains,3560,False,3560,0
74223,growing,292,0.445963,0.492759,2,complex,intermediate,GSIM_US_0002169,02420000,1979-01-01,2019-12-31,10954,29,0,1979-01-01..2019-12-31,ok,1,contains,3560,False,3560,0
74226,dormant,283,0.62375,0.656578,1,intermediate,intermediate,GSIM_US_0002174,02423130,1988-10-01,2019-12-31,11414,31,0,1979-01-01..2019-12-31,ok,1,nested,3584,False,3584,0
74226,growing,299,0.496685,0.612971,1,complex,intermediate,GSIM_US_0002174,02423130,1988-10-01,2019-12-31,11414,31,0,1979-01-01..2019-12-31,ok,1,nested,3584,False,3584,0
74227,dormant,226,0.630376,0.651643,1,intermediate,intermediate,GSIM_US_0002176,02423397,1995-06-16,2019-12-31,8310,22,0,1979-01-01..2019-12-31,ok,1,adjacent,3573,False,3573,0
74227,growing,204,0.499757,0.654313,2,complex,intermediate,GSIM_US_0002176,02423397,1995-06-16,2019-12-31,8310,22,0,1979-01-01..2019-12-31,ok,1,adjacent,3573,False,3573,0
74228,dormant,240,0.619239,0.642007,1,intermediate,intermediate,GSIM_US_0002177,02423400,1986-07-23,2019-12-31,9555,25,0,1979-01-01..2019-12-31,ok,1,adjacent,3573,False,3573,0
74228,growing,287,0.478113,0.629883,1,complex,intermediate,GSIM_US_0002177,02423400,1986-07-23,2019-12-31,9555,25,0,1979-01-01..2019-12-31,ok,1,adjacent,3573,False,3573,0
74229,dormant,37,0.289144,0.289144,0,complex,intermediate,GSIM_US_0002178,02423414,2003-08-01,2019-12-31,5997,16,0,1979-01-01..2019-12-31,ok,3,adjacent,3584,False,3584,0
74229,growing,59,0.352418,0.352418,0,complex,intermediate,GSIM_US_0002178,02423414,2003-08-01,2019-12-31,5997,16,0,1979-01-01..2019-12-31,ok,3,adjacent,3584,False,3584,0
74230,dormant,315,0.622106,0.633967,1,intermediate,intermediate,GSIM_US_0002179,02423425,1979-01-01,2019-12-31,11022,29,0,1979-01-01..2019-12-31,ok,1,contains,3584,False,3584,0
74230,growing,341,0.436338,0.535592,1,complex,intermediate,GSIM_US_0002179,02423425,1979-01-01,2019-12-31,11022,29,0,1979-01-01..2019-12-31,ok,1,contains,3584,False,3584,0
74231,dormant,319,0.640062,0.664047,1,intermediate,intermediate,GSIM_US_0002180,02423496,1988-05-01,2019-12-31,11567,31,0,1979-01-01..2019-12-31,ok,1,contains,3584,False,3584,0
74231,growing,366,0.529459,0.60472,1,intermediate,intermediate,GSIM_US_0002180,02423496,1988-05-01,2019-12-31,11567,31,0,1979-01-01..2019-12-31,ok,1,contains,3584,False,3584,0
74232,dormant,336,0.639646,0.660019,1,intermediate,intermediate,GSIM_US_0002181,02423500,1983-10-01,2019-12-31,11900,31,0,1979-01-01..2019-12-31,ok,1,contains,3584,False,3584,0
74232,growing,365,0.509961,0.571074,1,intermediate,intermediate,GSIM_US_0002181,02423500,1983-10-01,2019-12-31,11900,31,0,1979-01-01..2019-12-31,ok,1,contains,3584,False,3584,0
74233,dormant,184,0.57827,0.686259,1,intermediate,intermediate,GSIM_US_0002182,0242354750,1998-10-01,2019-12-31,7762,21,0,1979-01-01..2019-12-31,ok,1,adjacent,3575,False,3575,0
74233,growing,198,0.519473,0.628864,1,intermediate,intermediate,GSIM_US_0002182,0242354750,1998-10-01,2019-12-31,7762,21,0,1979-01-01..2019-12-31,ok,1,adjacent,3575,False,3575,0
74234,dormant,160,0.658997,0.705477,1,intermediate,intermediate,GSIM_US_0002183,02423555,1996-09-30,2019-12-31,5936,11,0,1979-01-01..2019-12-31,ok,1,contains,3584,False,3584,0
74234,growing,180,0.664285,0.720503,1,intermediate,intermediate,GSIM_US_0002183,02423555,1996-09-30,2019-12-31,5936,11,0,1979-01-01..2019-12-31,ok,1,contains,3584,False,3584,0
74235,dormant,297,0.69966,0.719405,1,intermediate,intermediate,GSIM_US_0002184,02423630,1979-01-01,2019-12-31,9130,24,0,1979-01-01..2019-12-31,ok,1,adjacent,3584,False,3584,0
74235,growing,248,0.604689,0.697427,1,intermediate,intermediate,GSIM_US_0002184,02423630,1979-01-01,2019-12-31,9130,24,0,1979-01-01..2019-12-31,ok,1,adjacent,3584,False,3584,0
74236,dormant,460,0.671819,0.72054,1,intermediate,intermediate,GSIM_US_0002185,02424000,1979-01-01,2019-12-31,14975,41,0,1979-01-01..2019-12-31,ok,1,contains,3584,False,3584,0
74236,growing,405,0.458253,0.599994,2,complex,intermediate,GSIM_US_0002185,02424000,1979-01-01,2019-12-31,14975,41,0,1979-01-01..2019-12-31,ok,1,contains,3584,False,3584,0
74238,dormant,264,0.630165,0.694417,1,intermediate,intermediate,GSIM_US_0002187,02424590,1987-08-28,2011-10-02,8802,23,0,1979-01-01..2019-12-31,ok,1,contains,3584,False,3584,0
74238,growing,229,0.416954,0.416954,0,complex,intermediate,GSIM_US_0002187,02424590,1987-08-28,2011-10-02,8802,23,0,1979-01-01..2019-12-31,ok,1,contains,3584,False,3584,0
74239,dormant,233,0.613345,0.694991,2,intermediate,intermediate,GSIM_US_0002188,02425000,1979-01-01,2019-12-31,14975,41,0,1979-01-01..2019-12-31,ok,2,contains,3584,False,3584,0
74239,growing,168,0.487566,0.6727,2,complex,intermediate,GSIM_US_0002188,02425000,1979-01-01,2019-12-31,14975,41,0,1979-01-01..2019-12-31,ok,2,contains,3584,False,3584,0
74240,dormant,239,0.437334,0.437334,0,complex,intermediate,GSIM_US_0002192,02428400,1979-01-01,2019-12-31,14975,41,0,1979-01-01..2019-12-31,ok,2,contains,3560,False,3560,0
74240,growing,207,0.463492,0.463492,0,complex,intermediate,GSIM_US_0002192,02428400,1979-01-01,2019-12-31,14975,41,0,1979-01-01..2019-12-31,ok,2,contains,3560,False,3560,0
74243,dormant,72,0.49579,0.708056,1,complex,intermediate,GSIM_US_0002206,02437100,1984-05-03,2019-12-31,13025,35,0,1979-01-01..2019-12-31,ok,3,contains,3594,False,3594,0
74243,growing,118,0.535058,0.554271,1,intermediate,intermediate,GSIM_US_0002206,02437100,1984-05-03,2019-12-31,13025,35,0,1979-01-01..2019-12-31,ok,3,contains,3594,False,3594,0
74253,dormant,32,0.426852,0.426852,0,complex,intermediate,GSIM_US_0002219,02446500,1979-01-01,2019-12-31,14975,41,0,1979-01-01..2019-12-31,ok,4,adjacent,3317,False,3317,0
74253,growing,28,0.709776,0.814567,1,intermediate,intermediate,GSIM_US_0002219,02446500,1979-01-01,2019-12-31,14975,41,0,1979-01-01..2019-12-31,ok,4,adjacent,3317,False,3317,0
74257,dormant,182,0.588572,0.619831,1,intermediate,intermediate,GSIM_US_0002225,02449245,1979-01-01,1997-09-30,6848,18,0,1979-01-01..2019-12-31,ok,1,independent,3320,False,3320,23.543
74257,growing,197,0.555901,0.787155,1,intermediate,intermediate,GSIM_US_0002225,02449245,1979-01-01,1997-09-30,6848,18,0,1979-01-01..2019-12-31,ok,1,independent,3320,False,3320,23.543
74258,dormant,359,0.597078,0.597078,0,intermediate,intermediate,GSIM_US_0002227,02450000,1979-01-01,2015-09-29,13421,36,0,1979-01-01..2019-12-31,ok,1,contains,3600,False,3600,0
74258,growing,421,0.483927,0.552837,2,complex,complex,GSIM_US_0002227,02450000,1979-01-01,2015-09-29,13421,36,0,1979-01-01..2019-12-31,ok,1,contains,3600,False,3600,0
74259,dormant,377,0.577118,0.577118,0,intermediate,intermediate,GSIM_US_0002228,02450180,1979-01-01,2019-12-31,14244,38,0,1979-01-01..2019-12-31,ok,1,contains,3600,False,3600,0
74259,growing,420,0.515232,0.581345,1,intermediate,complex,GSIM_US_0002228,02450180,1979-01-01,2019-12-31,14244,38,0,1979-01-01..2019-12-31,ok,1,contains,3600,False,3600,0
74260,dormant,267,0.579273,0.653046,2,intermediate,intermediate,GSIM_US_0002237,02455980,1988-07-01,2019-12-31,11506,31,0,1979-01-01..2019-12-31,ok,1,nested,3608,False,3608,0
74260,growing,301,0.494759,0.609314,1,complex,intermediate,GSIM_US_0002237,02455980,1988-07-01,2019-12-31,11506,31,0,1979-01-01..2019-12-31,ok,1,nested,3608,False,3608,0
74261,dormant,195,0.634182,0.656313,1,intermediate,intermediate,GSIM_US_0002240,02457000,1979-01-01,2019-03-11,8614,22,0,1979-01-01..2019-12-31,ok,1,adjacent,3608,False,3608,0
74261,growing,194,0.586627,0.71924,1,intermediate,intermediate,GSIM_US_0002240,02457000,1979-01-01,2019-03-11,8614,22,0,1979-01-01..2019-12-31,ok,1,adjacent,3608,False,3608,0
74263,dormant,267,0.708662,0.708662,0,intermediate,intermediate,GSIM_US_0002242,02458300,1988-06-01,2019-12-31,10966,29,0,1979-01-01..2019-12-31,ok,1,adjacent,3584,False,3584,0.849492
74263,growing,236,0.650961,0.726395,1,intermediate,intermediate,GSIM_US_0002242,02458300,1988-06-01,2019-12-31,10966,29,0,1979-01-01..2019-12-31,ok,1,adjacent,3584,False,3584,0.849492
74264,dormant,302,0.695843,0.695843,0,intermediate,intermediate,GSIM_US_0002243,02458450,1979-01-01,2019-12-31,11771,31,0,1979-01-01..2019-12-31,ok,1,adjacent,3584,False,3584,0.849492
74264,growing,283,0.659891,0.777091,2,intermediate,intermediate,GSIM_US_0002243,02458450,1979-01-01,2019-12-31,11771,31,0,1979-01-01..2019-12-31,ok,1,adjacent,3584,False,3584,0.849492
74265,dormant,250,0.727574,0.760798,1,intermediate,intermediate,GSIM_US_0002244,02458600,1996-06-21,2019-12-31,8594,23,0,1979-01-01..2019-12-31,ok,1,adjacent,3584,False,3584,0.849492
74265,growing,220,0.654902,0.735632,1,intermediate,intermediate,GSIM_US_0002244,02458600,1996-06-21,2019-12-31,8594,23,0,1979-01-01..2019-12-31,ok,1,adjacent,3584,False,3584,0.849492
74267,dormant,467,0.639358,0.639358,0,intermediate,intermediate,GSIM_US_0002246,02462000,1979-01-01,2019-12-31,14975,41,0,1979-01-01..2019-12-31,ok,1,adjacent,3584,False,3584,5.51207
74267,growing,403,0.476626,0.626403,2,complex,intermediate,GSIM_US_0002246,02462000,1979-01-01,2019-12-31,14975,41,0,1979-01-01..2019-12-31,ok,1,adjacent,3584,False,3584,5.51207
74268,dormant,357,0.571943,0.599027,1,intermediate,simple,GSIM_US_0002247,02462500,1979-01-01,2014-09-29,13056,35,0,1979-01-01..2019-12-31,ok,1,contains,3609,False,3609,0
74268,growing,352,0.393382,0.424144,1,complex,intermediate,GSIM_US_0002247,02462500,1979-01-01,2014-09-29,13056,35,0,1979-01-01..2019-12-31,ok,1,contains,3609,False,3609,0
74269,dormant,338,0.607815,0.638056,1,intermediate,simple,GSIM_US_0002248,02462951,1979-01-01,2014-09-29,12809,34,0,1979-01-01..2019-12-31,ok,1,contains,3609,False,3609,0
74269,growing,356,0.433413,0.476449,1,complex,intermediate,GSIM_US_0002248,02462951,1979-01-01,2014-09-29,12809,34,0,1979-01-01..2019-12-31,ok,1,contains,3609,False,3609,0
74270,dormant,434,0.575841,0.614647,1,intermediate,simple,GSIM_US_0002253,02465000,1979-01-01,2019-12-31,14916,41,0,1979-01-01..2019-12-31,ok,1,contains,3609,False,3609,0
74270,growing,415,0.397289,0.513789,2,complex,intermediate,GSIM_US_0002253,02465000,1979-01-01,2019-12-31,14916,41,0,1979-01-01..2019-12-31,ok,1,contains,3609,False,3609,0
74271,dormant,124,0.593346,0.593346,0,intermediate,intermediate,GSIM_US_0002254,02465292,2002-07-25,2019-12-31,6369,17,0,1979-01-01..2019-12-31,ok,1,independent,3610,False,3610,12.1399
74271,growing,136,0.573148,0.644202,1,intermediate,intermediate,GSIM_US_0002254,02465292,2002-07-25,2019-12-31,6369,17,0,1979-01-01..2019-12-31,ok,1,independent,3610,False,3610,12.1399
74272,dormant,226,0.515759,0.515759,0,intermediate,complex,GSIM_US_0002257,02467000,1979-01-01,2019-12-31,14966,41,0,1979-01-01..2019-12-31,ok,2,contains,3609,False,3609,0
74272,growing,205,0.50275,0.50275,0,intermediate,intermediate,GSIM_US_0002257,02467000,1979-01-01,2019-12-31,14966,41,0,1979-01-01..2019-12-31,ok,2,contains,3609,False,3609,0
74275,dormant,218,0.462611,0.581992,2,complex,intermediate,GSIM_US_0002260,02469761,1979-01-01,2019-12-31,14970,41,0,1979-01-01..2019-12-31,ok,2,contains,3609,False,3609,0
74275,growing,212,0.564175,0.564175,0,intermediate,intermediate,GSIM_US_0002260,02469761,1979-01-01,2019-12-31,14970,41,0,1979-01-01..2019-12-31,ok,2,contains,3609,False,3609,0
74276,dormant,239,0.631944,0.819287,2,intermediate,intermediate,GSIM_US_0002264,02471078,1995-03-09,2019-12-31,9064,24,0,1979-01-01..2019-12-31,ok,1,independent,3612,False,3612,23.5342
74276,growing,225,0.572516,0.627035,1,intermediate,intermediate,GSIM_US_0002264,02471078,1995-03-09,2019-12-31,9064,24,0,1979-01-01..2019-12-31,ok,1,independent,3612,False,3612,23.5342
74278,dormant,411,0.575174,0.618668,1,intermediate,intermediate,GSIM_US_0002278,02476600,1979-01-01,2019-12-31,14975,41,0,1979-01-01..2019-12-31,ok,1,contains,3622,False,3622,0
74278,growing,380,0.50643,0.567247,2,intermediate,intermediate,GSIM_US_0002278,02476600,1979-01-01,2019-12-31,14975,41,0,1979-01-01..2019-12-31,ok,1,contains,3622,False,3622,0
74279,dormant,457,0.570667,0.596656,1,intermediate,intermediate,GSIM_US_0002279,02477000,1979-01-01,2019-12-31,14967,41,0,1979-01-01..2019-12-31,ok,1,contains,3621,False,3621,0
74279,growing,424,0.546014,0.605951,2,intermediate,intermediate,GSIM_US_0002279,02477000,1979-01-01,2019-12-31,14967,41,0,1979-01-01..2019-12-31,ok,1,contains,3621,False,3621,0
74280,dormant,210,0.504182,0.504182,0,intermediate,intermediate,GSIM_US_0002281,02478500,1979-01-01,2019-12-31,14968,41,0,1979-01-01..2019-12-31,ok,2,contains,3623,False,3623,0
74280,growing,172,0.564666,0.602011,1,intermediate,intermediate,GSIM_US_0002281,02478500,1979-01-01,2019-12-31,14968,41,0,1979-01-01..2019-12-31,ok,2,contains,3623,False,3623,0
74281,dormant,77,0.516358,0.612149,1,intermediate,intermediate,GSIM_US_0002282,02479000,1979-01-01,2019-12-31,14975,41,0,1979-01-01..2019-12-31,ok,3,contains,3620,False,3620,0
74281,growing,66,0.388028,0.388028,0,complex,intermediate,GSIM_US_0002282,02479000,1979-01-01,2019-12-31,14975,41,0,1979-01-01..2019-12-31,ok,3,contains,3620,False,3620,0
74282,dormant,3,,,,,intermediate,GSIM_US_0002287,02479310,2009-09-30,2019-12-31,3726,10,0,1979-01-01..2019-12-31,ok,5,contains,3620,False,3620,0
74282,growing,6,,,,,intermediate,GSIM_US_0002287,02479310,2009-09-30,2019-12-31,3726,10,0,1979-01-01..2019-12-31,ok,5,contains,3620,False,3620,0
74285,dormant,216,0.531114,0.632576,1,intermediate,intermediate,GSIM_US_0002293,02480002,1990-06-21,2019-12-31,10786,29,0,1979-01-01..2019-12-31,ok,1,adjacent,3612,False,3612,5.59329
74285,growing,245,0.572927,0.599492,1,intermediate,intermediate,GSIM_US_0002293,02480002,1990-06-21,2019-12-31,10786,29,0,1979-01-01..2019-12-31,ok,1,adjacent,3612,False,3612,5.59329
74286,dormant,326,0.566285,0.566285,0,intermediate,intermediate,GSIM_US_0002303,02485700,1980-10-01,2016-08-19,12929,35,0,1979-01-01..2019-12-31,ok,1,independent,3356,False,3356,21.4219
74286,growing,272,0.549357,0.549357,0,intermediate,complex,GSIM_US_0002303,02485700,1980-10-01,2016-08-19,12929,35,0,1979-01-01..2019-12-31,ok,1,independent,3356,False,3356,21.4219
74287,dormant,41,0.110138,0.110138,0,complex,intermediate,GSIM_US_0002304,02486000,1979-01-01,2019-12-31,14608,39,0,1979-01-01..2019-12-31,ok,4,contains,3632,False,3632,0
74287,growing,45,0.17253,0.17253,0,complex,intermediate,GSIM_US_0002304,02486000,1979-01-01,2019-12-31,14608,39,0,1979-01-01..2019-12-31,ok,4,contains,3632,False,3632,0
74288,dormant,105,0.413034,0.413034,0,complex,intermediate,GSIM_US_0002306,02488000,1984-10-12,2019-12-31,7536,19,0,1979-01-01..2019-12-31,ok,2,contains,3632,False,3632,0
74288,growing,123,0.449225,0.572003,2,complex,intermediate,GSIM_US_0002306,02488000,1984-10-12,2019-12-31,7536,19,0,1979-01-01..2019-12-31,ok,2,contains,3632,False,3632,0
74289,dormant,190,0.488301,0.523937,1,complex,intermediate,GSIM_US_0002307,02488500,1979-01-01,2019-12-31,14104,37,0,1979-01-01..2019-12-31,ok,2,contains,3632,False,3632,0
74289,growing,186,0.556034,0.556034,0,intermediate,intermediate,GSIM_US_0002307,02488500,1979-01-01,2019-12-31,14104,37,0,1979-01-01..2019-12-31,ok,2,contains,3632,False,3632,0
74290,dormant,86,0.507135,0.507135,0,intermediate,intermediate,GSIM_US_0002309,02489000,1999-10-01,2019-12-31,7397,20,0,1979-01-01..2019-12-31,ok,2,contains,3632,False,3632,0
74290,growing,90,0.560368,0.560368,0,intermediate,intermediate,GSIM_US_0002309,02489000,1999-10-01,2019-12-31,7397,20,0,1979-01-01..2019-12-31,ok,2,contains,3632,False,3632,0
74294,dormant,209,0.33921,0.33921,0,complex,intermediate,GSIM_US_0002382,03058000,1979-01-01,2019-12-31,8399,22,0,1979-01-01..2019-12-31,ok,1,independent,3645,False,3645,67.451
74294,growing,183,0.190536,0.190536,0,complex,intermediate,GSIM_US_0002382,03058000,1979-01-01,2019-12-31,8399,22,0,1979-01-01..2019-12-31,ok,1,independent,3645,False,3645,67.451
74295,dormant,252,0.405221,0.405221,0,complex,intermediate,GSIM_US_0002383,03058500,1979-01-01,2019-12-31,9130,24,0,1979-01-01..2019-12-31,ok,1,independent,3645,False,3645,67.554
74295,growing,233,0.275095,0.275095,0,complex,intermediate,GSIM_US_0002383,03058500,1979-01-01,2019-12-31,9130,24,0,1979-01-01..2019-12-31,ok,1,independent,3645,False,3645,67.554
74298,dormant,398,0.645256,0.680366,1,intermediate,intermediate,GSIM_US_0002386,03061000,1979-01-01,2019-12-31,14604,39,0,1979-01-01..2019-12-31,ok,1,independent,3645,False,3645,67.554
74298,growing,449,0.468845,0.488209,1,complex,intermediate,GSIM_US_0002386,03061000,1979-01-01,2019-12-31,14604,39,0,1979-01-01..2019-12-31,ok,1,independent,3645,False,3645,67.554
74300,dormant,257,0.554411,0.591237,1,intermediate,intermediate,GSIM_US_0002516,03152000,1979-01-01,2019-12-31,7968,20,0,1979-01-01..2019-12-31,ok,1,independent,3645,False,3645,43.8564
74300,growing,173,0.524014,0.56282,1,intermediate,intermediate,GSIM_US_0002516,03152000,1979-01-01,2019-12-31,7968,20,0,1979-01-01..2019-12-31,ok,1,independent,3645,False,3645,43.8564
74304,dormant,490,0.582311,0.587961,1,intermediate,intermediate,GSIM_US_0002521,03155000,1979-01-01,2019-12-31,14975,41,0,1979-01-01..2019-12-31,ok,1,adjacent,3645,False,3645,0
74304,growing,286,0.467757,0.59901,1,complex,complex,GSIM_US_0002521,03155000,1979-01-01,2019-12-31,14975,41,0,1979-01-01..2019-12-31,ok,1,adjacent,3645,False,3645,0
74306,dormant,478,0.636157,0.677932,1,intermediate,intermediate,GSIM_US_0002532,03164000,1979-01-01,2019-12-31,14975,41,0,1979-01-01..2019-12-31,ok,1,adjacent,4379,False,4379,0
74306,growing,418,0.620523,0.711476,1,intermediate,intermediate,GSIM_US_0002532,03164000,1979-01-01,2019-12-31,14975,41,0,1979-01-01..2019-12-31,ok,1,adjacent,4379,False,4379,0
74309,dormant,196,0.553697,0.573269,1,intermediate,intermediate,GSIM_US_0002536,03167500,1979-01-01,1995-09-29,6116,16,0,1979-01-01..2019-12-31,ok,1,adjacent,4372,False,4372,2.53553
74309,growing,186,0.578923,0.578923,0,intermediate,intermediate,GSIM_US_0002536,03167500,1979-01-01,1995-09-29,6116,16,0,1979-01-01..2019-12-31,ok,1,adjacent,4372,False,4372,2.53553
74315,dormant,411,0.484657,0.484657,0,complex,intermediate,GSIM_US_0002542,03175500,1979-01-01,2019-12-31,14609,39,0,1979-01-01..2019-12-31,ok,1,adjacent,3681,False,3681,0
74315,growing,377,0.34548,0.438179,2,complex,complex,GSIM_US_0002542,03175500,1979-01-01,2019-12-31,14609,39,0,1979-01-01..2019-12-31,ok,1,adjacent,3681,False,3681,0
74316,dormant,452,0.530318,0.549826,1,intermediate,intermediate,GSIM_US_0002543,03176500,1979-01-01,2019-12-31,14975,41,0,1979-01-01..2019-12-31,ok,1,contains,3329,False,3329,0
74316,growing,427,0.454967,0.567016,2,complex,intermediate,GSIM_US_0002543,03176500,1979-01-01,2019-12-31,14975,41,0,1979-01-01..2019-12-31,ok,1,contains,3329,False,3329,0
74321,dormant,276,0.592317,0.592317,0,intermediate,complex,GSIM_US_0002553,03184500,1979-01-01,2003-09-30,9039,24,0,1979-01-01..2019-12-31,ok,1,contains,3641,False,3641,0
74321,growing,225,0.403671,0.403671,0,complex,complex,GSIM_US_0002553,03184500,1979-01-01,2003-09-30,9039,24,0,1979-01-01..2019-12-31,ok,1,contains,3641,False,3641,0
74323,dormant,434,0.576438,0.576438,0,intermediate,complex,GSIM_US_0002555,03185400,1981-02-19,2019-12-31,14195,39,0,1979-01-01..2019-12-31,ok,1,contains,3641,False,3641,0
74323,growing,349,0.405333,0.405333,0,complex,complex,GSIM_US_0002555,03185400,1981-02-19,2019-12-31,14195,39,0,1979-01-01..2019-12-31,ok,1,contains,3641,False,3641,0
74324,dormant,456,0.554693,0.554693,0,intermediate,complex,GSIM_US_0002566,03193000,1979-01-01,2019-12-31,14975,41,0,1979-01-01..2019-12-31,ok,1,contains,3641,False,3641,0
74324,growing,390,0.39438,0.39438,0,complex,simple,GSIM_US_0002566,03193000,1979-01-01,2019-12-31,14975,41,0,1979-01-01..2019-12-31,ok,1,contains,3641,False,3641,0
74325,dormant,444,0.562284,0.562284,0,intermediate,intermediate,GSIM_US_0002572,03198000,1979-01-01,2019-12-31,14970,41,0,1979-01-01..2019-12-31,ok,1,contains,3641,False,3641,0
74325,growing,378,0.430241,0.532634,2,complex,complex,GSIM_US_0002572,03198000,1979-01-01,2019-12-31,14970,41,0,1979-01-01..2019-12-31,ok,1,contains,3641,False,3641,0
74327,dormant,214,0.540939,0.540939,0,intermediate,intermediate,GSIM_US_0002578,03201405,1998-10-01,2019-12-31,7762,21,0,1979-01-01..2019-12-31,ok,1,adjacent,3644,False,3644,6.80843
74327,growing,186,0.398817,0.476416,1,complex,intermediate,GSIM_US_0002578,03201405,1998-10-01,2019-12-31,7762,21,0,1979-01-01..2019-12-31,ok,1,adjacent,3644,False,3644,6.80843
74330,dormant,478,0.427974,0.440613,1,complex,intermediate,GSIM_US_0002585,03203600,1979-01-01,2019-12-31,14975,41,0,1979-01-01..2019-12-31,ok,1,adjacent,3649,False,3649,0
74330,growing,338,0.398397,0.564027,1,complex,intermediate,GSIM_US_0002585,03203600,1979-01-01,2019-12-31,14975,41,0,1979-01-01..2019-12-31,ok,1,adjacent,3649,False,3649,0
74331,dormant,163,0.45817,0.45817,0,complex,intermediate,GSIM_US_0002586,03204000,1979-01-01,1995-09-30,6117,16,0,1979-01-01..2019-12-31,ok,1,adjacent,3650,False,3650,0
74331,growing,165,0.344641,0.495451,1,complex,intermediate,GSIM_US_0002586,03204000,1979-01-01,1995-09-30,6117,16,0,1979-01-01..2019-12-31,ok,1,adjacent,3650,False,3650,0
74337,dormant,490,0.577364,0.625274,1,intermediate,intermediate,GSIM_US_0002595,03208500,1979-01-01,2019-12-31,14975,41,0,1979-01-01..2019-12-31,ok,1,adjacent,3681,False,3681,0
74337,growing,337,0.409209,0.491195,1,complex,complex,GSIM_US_0002595,03208500,1979-01-01,2019-12-31,14975,41,0,1979-01-01..2019-12-31,ok,1,adjacent,3681,False,3681,0
74343,dormant,162,0.47229,0.487827,1,complex,intermediate,GSIM_US_0002601,03209300,1979-01-01,1992-09-29,5021,13,0,1979-01-01..2019-12-31,ok,1,adjacent,3681,False,3681,0
74343,growing,114,0.454919,0.544049,1,complex,complex,GSIM_US_0002601,03209300,1979-01-01,1992-09-29,5021,13,0,1979-01-01..2019-12-31,ok,1,adjacent,3681,False,3681,0
74344,dormant,507,0.527517,0.536987,1,intermediate,intermediate,GSIM_US_0002602,03209500,1979-01-01,2019-12-31,14975,41,0,1979-01-01..2019-12-31,ok,1,contains,3648,False,3681,0
74344,growing,362,0.447396,0.494872,1,complex,complex,GSIM_US_0002602,03209500,1979-01-01,2019-12-31,14975,41,0,1979-01-01..2019-12-31,ok,1,contains,3648,False,3681,0
74346,dormant,113,0.540248,0.608597,1,intermediate,intermediate,GSIM_US_0002604,03211500,1979-01-01,1992-09-30,5022,13,0,1979-01-01..2019-12-31,ok,1,adjacent,3650,False,3650,0
74346,growing,98,0.228064,0.377508,1,complex,intermediate,GSIM_US_0002604,03211500,1979-01-01,1992-09-30,5022,13,0,1979-01-01..2019-12-31,ok,1,adjacent,3650,False,3650,0
74362,dormant,197,0.688255,0.70871,1,intermediate,intermediate,GSIM_US_0002657,03238745,2001-01-17,2019-12-31,6923,19,0,1979-01-01..2019-12-31,ok,1,independent,3655,False,3655,20.1768
74362,growing,176,0.401476,0.469344,1,complex,complex,GSIM_US_0002657,03238745,2001-01-17,2019-12-31,6923,19,0,1979-01-01..2019-12-31,ok,1,independent,3655,False,3655,20.1768
74364,dormant,167,0.523348,0.523348,0,intermediate,intermediate,GSIM_US_0002667,03248300,2001-04-25,2019-12-31,6088,14,0,1979-01-01..2019-12-31,ok,1,independent,3650,False,3650,41.3408
74364,growing,175,0.319493,0.492879,1,complex,intermediate,GSIM_US_0002667,03248300,2001-04-25,2019-12-31,6088,14,0,1979-01-01..2019-12-31,ok,1,independent,3650,False,3650,41.3408
74366,dormant,10,,,,,intermediate,GSIM_US_0002669,03249500,1979-01-01,2018-03-21,9202,18,0,1979-01-01..2019-12-31,ok,5,independent,3652,False,3652,31.7882
74366,growing,10,,,,,intermediate,GSIM_US_0002669,03249500,1979-01-01,2018-03-21,9202,18,0,1979-01-01..2019-12-31,ok,5,independent,3652,False,3652,31.7882
74373,dormant,186,0.542462,0.542462,0,intermediate,intermediate,GSIM_US_0002676,03250500,2001-10-01,2019-12-31,6666,18,0,1979-01-01..2019-12-31,ok,1,adjacent,3652,False,3652,0
74373,growing,182,0.539291,0.617919,1,intermediate,complex,GSIM_US_0002676,03250500,2001-10-01,2019-12-31,6666,18,0,1979-01-01..2019-12-31,ok,1,adjacent,3652,False,3652,0
74376,dormant,112,0.57575,0.642809,1,intermediate,intermediate,GSIM_US_0002680,03252000,1979-01-01,1991-09-30,4656,12,0,1979-01-01..2019-12-31,ok,1,adjacent,3654,False,3654,0
74376,growing,120,0.538762,0.628715,1,intermediate,complex,GSIM_US_0002680,03252000,1979-01-01,1991-09-30,4656,12,0,1979-01-01..2019-12-31,ok,1,adjacent,3654,False,3654,0
74379,dormant,317,0.540241,0.540241,0,intermediate,complex,GSIM_US_0002683,03253500,1989-09-30,2019-12-31,10685,28,0,1979-01-01..2019-12-31,ok,1,contains,3652,False,3652,0
74379,growing,229,0.502172,0.677106,1,intermediate,intermediate,GSIM_US_0002683,03253500,1989-09-30,2019-12-31,10685,28,0,1979-01-01..2019-12-31,ok,1,contains,3652,False,3652,0
74380,dormant,172,0.678145,0.701121,1,intermediate,intermediate,GSIM_US_0002684,03254480,2000-12-01,2019-12-31,6605,17,0,1979-01-01..2019-12-31,ok,1,adjacent,3655,False,3655,0.862104
74380,growing,158,0.33997,0.33997,0,complex,complex,GSIM_US_0002684,03254480,2000-12-01,2019-12-31,6605,17,0,1979-01-01..2019-12-31,ok,1,adjacent,3655,False,3655,0.862104
74383,dormant,111,0.78161,0.851297,1,simple,intermediate,GSIM_US_0002690,03260050,2007-09-30,2019-12-31,4476,12,0,1979-01-01..2019-12-31,ok,1,independent,3655,False,3655,20.0809
74383,growing,118,0.680041,0.680041,0,intermediate,complex,GSIM_US_0002690,03260050,2007-09-30,2019-12-31,4476,12,0,1979-01-01..2019-12-31,ok,1,independent,3655,False,3655,20.0809
74384,dormant,159,0.73265,0.744863,1,intermediate,complex,GSIM_US_0002691,03260100,1999-04-09,2019-12-31,7562,20,0,1979-01-01..2019-12-31,ok,1,independent,3655,False,3655,23.9353
74384,growing,202,0.677212,0.738011,1,intermediate,complex,GSIM_US_0002691,03260100,1999-04-09,2019-12-31,7562,20,0,1979-01-01..2019-12-31,ok,1,independent,3655,False,3655,23.9353
74385,dormant,172,0.766825,0.835589,1,simple,intermediate,GSIM_US_0002697,03262001,2000-12-01,2019-12-31,6970,19,0,1979-01-01..2019-12-31,ok,1,independent,3655,False,3655,21.5477
74385,growing,200,0.484756,0.511496,1,complex,complex,GSIM_US_0002697,03262001,2000-12-01,2019-12-31,6970,19,0,1979-01-01..2019-12-31,ok,1,independent,3655,False,3655,21.5477
74386,dormant,175,0.767186,0.821572,1,simple,intermediate,GSIM_US_0002730,03277075,1999-04-01,2019-12-31,7580,20,0,1979-01-01..2019-12-31,ok,1,independent,3655,False,3655,11.8336
74386,growing,236,0.684038,0.732543,2,intermediate,complex,GSIM_US_0002730,03277075,1999-04-01,2019-12-31,7580,20,0,1979-01-01..2019-12-31,ok,1,independent,3655,False,3655,11.8336
74388,dormant,223,0.58876,0.646435,2,intermediate,intermediate,GSIM_US_0002732,03277300,1998-10-01,2019-12-31,7762,21,0,1979-01-01..2019-12-31,ok,1,adjacent,3682,False,3682,5.49487
74388,growing,168,0.470256,0.492234,1,complex,intermediate,GSIM_US_0002732,03277300,1998-10-01,2019-12-31,7762,21,0,1979-01-01..2019-12-31,ok,1,adjacent,3682,False,3682,5.49487
74390,dormant,210,0.468697,0.480706,1,complex,intermediate,GSIM_US_0002734,03277500,1979-01-01,2019-12-31,7184,17,0,1979-01-01..2019-12-31,ok,1,adjacent,3682,False,3682,5.76209
74390,growing,188,0.365041,0.647036,1,complex,complex,GSIM_US_0002734,03277500,1979-01-01,2019-12-31,7184,17,0,1979-01-01..2019-12-31,ok,1,adjacent,3682,False,3682,5.76209
74392,dormant,399,0.615249,0.699001,1,intermediate,intermediate,GSIM_US_0002736,03280000,1979-01-01,2019-12-31,13514,36,0,1979-01-01..2019-12-31,ok,1,adjacent,3682,False,3682,5.76209
74392,growing,337,0.308713,0.56965,1,complex,intermediate,GSIM_US_0002736,03280000,1979-01-01,2019-12-31,13514,36,0,1979-01-01..2019-12-31,ok,1,adjacent,3682,False,3682,5.76209
74397,dormant,195,0.6859,0.740143,1,intermediate,intermediate,GSIM_US_0002741,03281040,1979-01-01,2000-09-29,7943,21,0,1979-01-01..2019-12-31,ok,1,adjacent,4439,False,4439,0
74397,growing,238,0.342104,0.64726,2,complex,complex,GSIM_US_0002741,03281040,1979-01-01,2000-09-29,7943,21,0,1979-01-01..2019-12-31,ok,1,adjacent,4439,False,4439,0
74399,dormant,448,0.59765,0.619179,1,intermediate,intermediate,GSIM_US_0002744,03282000,1979-01-01,2019-12-31,14975,41,0,1979-01-01..2019-12-31,ok,1,contains,4439,False,4439,0
74399,growing,359,0.419784,0.629325,1,complex,intermediate,GSIM_US_0002744,03282000,1979-01-01,2019-12-31,14975,41,0,1979-01-01..2019-12-31,ok,1,contains,4439,False,4439,0
74405,dormant,395,0.613992,0.637054,1,intermediate,intermediate,GSIM_US_0002751,03284000,1979-01-01,2019-12-31,14245,38,0,1979-01-01..2019-12-31,ok,1,contains,4439,False,4439,0
74405,growing,312,0.441952,0.586375,1,complex,intermediate,GSIM_US_0002751,03284000,1979-01-01,2019-12-31,14245,38,0,1979-01-01..2019-12-31,ok,1,contains,4439,False,4439,0
74406,dormant,49,0.521225,0.521225,0,intermediate,intermediate,GSIM_US_0002752,03284230,2009-10-01,2019-12-31,3731,10,0,1979-01-01..2019-12-31,ok,2,contains,4439,False,4439,0
74406,growing,34,0.327785,0.327785,0,complex,intermediate,GSIM_US_0002752,03284230,2009-10-01,2019-12-31,3731,10,0,1979-01-01..2019-12-31,ok,2,contains,4439,False,4439,0
74407,dormant,47,0.491887,0.491887,0,complex,intermediate,GSIM_US_0002753,03284500,2002-09-30,2019-12-31,4814,12,0,1979-01-01..2019-12-31,ok,2,contains,4439,False,4439,0
74407,growing,39,0.550858,0.550858,0,intermediate,complex,GSIM_US_0002753,03284500,2002-09-30,2019-12-31,4814,12,0,1979-01-01..2019-12-31,ok,2,contains,4439,False,4439,0
74412,dormant,184,0.501266,0.501266,0,intermediate,intermediate,GSIM_US_0002759,03287000,1979-01-01,2019-12-31,13147,35,0,1979-01-01..2019-12-31,ok,2,contains,3331,False,3331,0
74412,growing,145,0.453299,0.581637,2,complex,complex,GSIM_US_0002759,03287000,1979-01-01,2019-12-31,13147,35,0,1979-01-01..2019-12-31,ok,2,contains,3331,False,3331,0
74413,dormant,77,0.505686,0.505686,0,intermediate,intermediate,GSIM_US_0002760,03287250,2003-10-01,2019-12-31,5914,16,0,1979-01-01..2019-12-31,ok,2,contains,3331,False,3331,0
74413,growing,55,0.466142,0.785606,1,intermediate,complex,GSIM_US_0002760,03287250,2003-10-01,2019-12-31,5914,16,0,1979-01-01..2019-12-31,ok,2,contains,3331,False,3331,0
74414,dormant,217,0.561432,0.582134,1,intermediate,intermediate,GSIM_US_0002761,03287500,1979-01-01,2019-12-31,14975,41,0,1979-01-01..2019-12-31,ok,2,contains,3331,False,3331,0
74414,growing,141,0.501621,0.70379,1,intermediate,complex,GSIM_US_0002761,03287500,1979-01-01,2019-12-31,14975,41,0,1979-01-01..2019-12-31,ok,2,contains,3331,False,3331,0
74416,dormant,192,0.656668,0.689473,1,intermediate,intermediate,GSIM_US_0002763,03287600,1997-10-01,2019-12-31,8127,22,0,1979-01-01..2019-12-31,ok,1,nested,3654,False,3654,0
74416,growing,235,0.629676,0.73261,1,intermediate,complex,GSIM_US_0002763,03287600,1997-10-01,2019-12-31,8127,22,0,1979-01-01..2019-12-31,ok,1,nested,3654,False,3654,0
74417,dormant,287,0.588346,0.588346,0,intermediate,intermediate,GSIM_US_0002765,03288100,1992-12-01,2019-12-31,9892,27,0,1979-01-01..2019-12-31,ok,1,contains,3654,False,3654,0
74417,growing,274,0.550637,0.702397,2,intermediate,complex,GSIM_US_0002765,03288100,1992-12-01,2019-12-31,9892,27,0,1979-01-01..2019-12-31,ok,1,contains,3654,False,3654,0
74420,dormant,348,0.591745,0.591745,0,intermediate,intermediate,GSIM_US_0002768,03289000,1979-01-01,2019-12-31,13149,35,0,1979-01-01..2019-12-31,ok,1,adjacent,3654,False,3654,6.75369
74420,growing,356,0.601651,0.702929,1,intermediate,complex,GSIM_US_0002768,03289000,1979-01-01,2019-12-31,13149,35,0,1979-01-01..2019-12-31,ok,1,adjacent,3654,False,3654,6.75369
74421,dormant,188,0.730491,0.759149,1,intermediate,intermediate,GSIM_US_0002769,03289193,1997-10-01,2019-12-31,8127,22,0,1979-01-01..2019-12-31,ok,1,adjacent,3654,False,3654,3.73365
74421,growing,188,0.677404,0.752075,1,intermediate,complex,GSIM_US_0002769,03289193,1997-10-01,2019-12-31,8127,22,0,1979-01-01..2019-12-31,ok,1,adjacent,3654,False,3654,3.73365
74422,dormant,217,0.737778,0.75775,1,intermediate,intermediate,GSIM_US_0002770,03289200,1997-10-01,2019-12-31,8127,22,0,1979-01-01..2019-12-31,ok,1,adjacent,3654,False,3654,0.234637
74422,growing,209,0.649308,0.72304,1,intermediate,complex,GSIM_US_0002770,03289200,1997-10-01,2019-12-31,8127,22,0,1979-01-01..2019-12-31,ok,1,adjacent,3654,False,3654,0.234637
74424,dormant,384,0.628619,0.673686,1,intermediate,intermediate,GSIM_US_0002772,03289500,1979-01-01,2019-12-31,13828,37,0,1979-01-01..2019-12-31,ok,1,contains,3654,False,3654,0
74424,growing,393,0.536048,0.717901,2,intermediate,complex,GSIM_US_0002772,03289500,1979-01-01,2019-12-31,13828,37,0,1979-01-01..2019-12-31,ok,1,contains,3654,False,3654,0
74426,dormant,167,0.564069,0.564069,0,intermediate,intermediate,GSIM_US_0002774,03290500,1979-01-01,2019-12-31,12762,34,0,1979-01-01..2019-12-31,ok,2,contains,3331,False,3331,0
74426,growing,120,0.444147,0.52068,1,complex,complex,GSIM_US_0002774,03290500,1979-01-01,2019-12-31,12762,34,0,1979-01-01..2019-12-31,ok,2,contains,3331,False,3331,0
74429,dormant,224,0.708839,0.797491,1,intermediate,intermediate,GSIM_US_0002779,03292470,1999-01-01,2019-12-31,7668,21,0,1979-01-01..2019-12-31,ok,1,adjacent,3660,False,3660,0
74429,growing,213,0.514573,0.544849,1,intermediate,complex,GSIM_US_0002779,03292470,1999-01-01,2019-12-31,7668,21,0,1979-01-01..2019-12-31,ok,1,adjacent,3660,False,3660,0
74440,dormant,245,0.654265,0.66688,1,intermediate,complex,GSIM_US_0002791,03294550,1988-05-11,2019-12-31,9751,25,0,1979-01-01..2019-12-31,ok,1,adjacent,3661,False,3661,4.714
74440,growing,299,0.644288,0.705862,1,intermediate,intermediate,GSIM_US_0002791,03294550,1988-05-11,2019-12-31,9751,25,0,1979-01-01..2019-12-31,ok,1,adjacent,3661,False,3661,4.714
74442,dormant,390,0.597724,0.69197,2,intermediate,intermediate,GSIM_US_0002796,03295890,1981-07-01,2019-12-31,13697,36,0,1979-01-01..2019-12-31,ok,1,adjacent,3660,False,3660,0.00692585
74442,growing,340,0.515471,0.784657,2,intermediate,complex,GSIM_US_0002796,03295890,1981-07-01,2019-12-31,13697,36,0,1979-01-01..2019-12-31,ok,1,adjacent,3660,False,3660,0.00692585
74447,dormant,196,0.765034,0.772024,1,simple,intermediate,GSIM_US_0002802,03298150,1996-01-23,2019-12-31,8744,24,0,1979-01-01..2019-12-31,ok,1,adjacent,3660,False,3660,8.52461
74447,growing,258,0.59952,0.689147,1,intermediate,intermediate,GSIM_US_0002802,03298150,1996-01-23,2019-12-31,8744,24,0,1979-01-01..2019-12-31,ok,1,adjacent,3660,False,3660,8.52461
74448,dormant,213,0.769672,0.81076,1,simple,intermediate,GSIM_US_0002803,03298200,2000-11-01,2019-12-31,7000,19,0,1979-01-01..2019-12-31,ok,1,contains,3660,False,3660,0
74448,growing,190,0.61474,0.718903,2,intermediate,intermediate,GSIM_US_0002803,03298200,2000-11-01,2019-12-31,7000,19,0,1979-01-01..2019-12-31,ok,1,contains,3660,False,3660,0
74451,dormant,440,0.554897,0.648334,1,intermediate,intermediate,GSIM_US_0002806,03298500,1979-01-01,2019-12-31,14965,41,0,1979-01-01..2019-12-31,ok,1,contains,3659,False,3659,0
74451,growing,389,0.541244,0.656899,2,intermediate,intermediate,GSIM_US_0002806,03298500,1979-01-01,2019-12-31,14965,41,0,1979-01-01..2019-12-31,ok,1,contains,3659,False,3659,0
74452,dormant,257,0.605353,0.625309,1,intermediate,intermediate,GSIM_US_0002807,03298550,1992-04-01,2019-12-31,10136,27,0,1979-01-01..2019-12-31,ok,1,independent,3665,False,3665,23.6627
74452,growing,291,0.396079,0.432294,2,complex,complex,GSIM_US_0002807,03298550,1992-04-01,2019-12-31,10136,27,0,1979-01-01..2019-12-31,ok,1,independent,3665,False,3665,23.6627
74455,dormant,239,0.682653,0.716672,1,intermediate,intermediate,GSIM_US_0002811,03301000,1997-10-01,2019-12-31,7669,20,0,1979-01-01..2019-12-31,ok,1,contains,3332,False,3332,0
74455,growing,185,0.620248,0.682409,1,intermediate,intermediate,GSIM_US_0002811,03301000,1997-10-01,2019-12-31,7669,20,0,1979-01-01..2019-12-31,ok,1,contains,3332,False,3332,0
74456,dormant,426,0.685486,0.729256,1,intermediate,simple,GSIM_US_0002812,03301500,1979-01-01,2019-12-31,14974,41,0,1979-01-01..2019-12-31,ok,1,contains,3332,False,3332,0
74456,growing,368,0.517592,0.582048,1,intermediate,intermediate,GSIM_US_0002812,03301500,1979-01-01,2019-12-31,14974,41,0,1979-01-01..2019-12-31,ok,1,contains,3332,False,3332,0
74461,dormant,172,0.674419,0.725504,1,intermediate,intermediate,GSIM_US_0002817,03302050,1999-01-01,2019-12-31,7365,20,0,1979-01-01..2019-12-31,ok,1,independent,3661,False,3661,12.8856
74461,growing,158,0.299359,0.299359,0,complex,complex,GSIM_US_0002817,03302050,1999-01-01,2019-12-31,7365,20,0,1979-01-01..2019-12-31,ok,1,independent,3661,False,3661,12.8856
74467,dormant,202,0.535158,0.617672,1,intermediate,intermediate,GSIM_US_0002826,03303400,1979-01-01,2003-09-29,9038,24,0,1979-01-01..2019-12-31,ok,1,independent,3663,False,3663,45.9253
74467,growing,174,0.488107,0.667459,1,complex,complex,GSIM_US_0002826,03303400,1979-01-01,2003-09-29,9038,24,0,1979-01-01..2019-12-31,ok,1,independent,3663,False,3663,45.9253
74470,dormant,2,,,,,simple,GSIM_US_0002829,03306000,1979-01-01,1994-09-30,5752,15,0,1979-01-01..2019-12-31,ok,5,adjacent,3664,False,3664,0
74470,growing,1,,,,,complex,GSIM_US_0002829,03306000,1979-01-01,1994-09-30,5752,15,0,1979-01-01..2019-12-31,ok,5,adjacent,3664,False,3664,0
74473,dormant,355,0.548754,0.601213,1,intermediate,intermediate,GSIM_US_0002833,03308500,1979-01-01,2019-12-31,13514,35,0,1979-01-01..2019-12-31,ok,1,contains,3664,False,3664,0
74473,growing,361,0.432672,0.590904,2,complex,complex,GSIM_US_0002833,03308500,1979-01-01,2019-12-31,13514,35,0,1979-01-01..2019-12-31,ok,1,contains,3664,False,3664,0
74475,dormant,0,,,,,intermediate,GSIM_US_0002837,03311000,1979-01-01,2004-09-29,9404,25,0,1979-01-01..2019-12-31,ok,7,contains,3665,False,3665,0
74475,growing,1,,,,,complex,GSIM_US_0002837,03311000,1979-01-01,2004-09-29,9404,25,0,1979-01-01..2019-12-31,ok,7,contains,3665,False,3665,0
74476,dormant,119,0.60734,0.731932,1,intermediate,simple,GSIM_US_0002838,03311500,1979-01-01,1992-09-30,5022,13,0,1979-01-01..2019-12-31,ok,1,contains,3665,False,3665,0
74476,growing,143,0.64498,0.815927,2,intermediate,intermediate,GSIM_US_0002838,03311500,1979-01-01,1992-09-30,5022,13,0,1979-01-01..2019-12-31,ok,1,contains,3665,False,3665,0
74477,dormant,139,0.705201,0.705201,0,intermediate,intermediate,GSIM_US_0002839,03311600,1979-01-01,1994-09-30,5752,15,0,1979-01-01..2019-12-31,ok,1,independent,3668,False,3668,24.1687
74477,growing,162,0.388873,0.510509,1,complex,complex,GSIM_US_0002839,03311600,1979-01-01,1994-09-30,5752,15,0,1979-01-01..2019-12-31,ok,1,independent,3668,False,3668,24.1687
74479,dormant,129,0.656321,0.708657,1,intermediate,intermediate,GSIM_US_0002841,03312259,2004-01-01,2018-10-15,5402,14,0,1979-01-01..2019-12-31,ok,1,independent,3668,False,3668,26.8902
74479,growing,151,0.377813,0.377813,0,complex,complex,GSIM_US_0002841,03312259,2004-01-01,2018-10-15,5402,14,0,1979-01-01..2019-12-31,ok,1,independent,3668,False,3668,26.8902
74480,dormant,2,,,,,intermediate,GSIM_US_0002842,03313000,1979-01-01,1994-09-30,5752,15,0,1979-01-01..2019-12-31,ok,6,adjacent,3668,False,3668,0
74480,growing,3,,,,,intermediate,GSIM_US_0002842,03313000,1979-01-01,1994-09-30,5752,15,0,1979-01-01..2019-12-31,ok,6,adjacent,3668,False,3668,0
74482,dormant,294,0.524867,0.555505,2,intermediate,intermediate,GSIM_US_0002846,03314500,1979-01-01,2019-12-31,12267,33,0,1979-01-01..2019-12-31,ok,1,contains,3668,False,3668,0
74482,growing,366,0.460232,0.527767,2,complex,intermediate,GSIM_US_0002846,03314500,1979-01-01,2019-12-31,12267,33,0,1979-01-01..2019-12-31,ok,1,contains,3668,False,3668,0
74484,dormant,128,0.529994,0.529994,0,intermediate,intermediate,GSIM_US_0002848,03316500,1979-01-01,2019-12-31,11506,31,0,1979-01-01..2019-12-31,ok,2,contains,3668,False,3668,0
74484,growing,141,0.651702,0.701926,1,intermediate,intermediate,GSIM_US_0002848,03316500,1979-01-01,2019-12-31,11506,31,0,1979-01-01..2019-12-31,ok,2,contains,3668,False,3668,0
74485,dormant,0,,,,,intermediate,GSIM_US_0002849,03318500,1979-01-01,1994-09-30,5752,15,0,1979-01-01..2019-12-31,ok,7,adjacent,3665,False,3665,0
74485,growing,3,,,,,complex,GSIM_US_0002849,03318500,1979-01-01,1994-09-30,5752,15,0,1979-01-01..2019-12-31,ok,7,adjacent,3665,False,3665,0
74487,dormant,159,0.688106,0.74463,1,intermediate,intermediate,GSIM_US_0002851,03319000,1979-01-01,2004-09-29,5965,15,0,1979-01-01..2019-12-31,ok,1,adjacent,3665,False,3665,0
74487,growing,162,0.597313,0.798117,1,intermediate,intermediate,GSIM_US_0002851,03319000,1979-01-01,2004-09-29,5965,15,0,1979-01-01..2019-12-31,ok,1,adjacent,3665,False,3665,0
74488,dormant,166,0.454782,0.454782,0,complex,intermediate,GSIM_US_0002852,03320000,1979-01-01,2019-12-31,14975,41,0,1979-01-01..2019-12-31,ok,2,contains,3668,False,3668,0
74488,growing,170,0.457707,0.48514,1,complex,intermediate,GSIM_US_0002852,03320000,1979-01-01,2019-12-31,14975,41,0,1979-01-01..2019-12-31,ok,2,contains,3668,False,3668,0
74493,dormant,292,0.649206,0.670736,1,intermediate,intermediate,GSIM_US_0002985,03366200,1979-01-01,2003-09-30,9039,24,0,1979-01-01..2019-12-31,ok,1,adjacent,3656,False,3656,8.20535
74493,growing,206,0.582085,0.748492,2,intermediate,complex,GSIM_US_0002985,03366200,1979-01-01,2003-09-30,9039,24,0,1979-01-01..2019-12-31,ok,1,adjacent,3656,False,3656,8.20535
74496,dormant,208,0.671739,0.698455,2,intermediate,intermediate,GSIM_US_0002991,03371520,1979-01-01,2003-09-30,9039,24,0,1979-01-01..2019-12-31,ok,1,independent,3663,False,3663,23.9618
74496,growing,238,0.549774,0.714733,1,intermediate,complex,GSIM_US_0002991,03371520,1979-01-01,2003-09-30,9039,24,0,1979-01-01..2019-12-31,ok,1,independent,3663,False,3663,23.9618
74501,dormant,83,0.552043,0.812831,1,intermediate,intermediate,GSIM_US_0003002,03376300,1986-05-29,2019-12-31,12270,33,0,1979-01-01..2019-12-31,ok,3,adjacent,3663,False,3663,0
74501,growing,62,0.198299,0.198299,0,complex,complex,GSIM_US_0003002,03376300,1986-05-29,2019-12-31,12270,33,0,1979-01-01..2019-12-31,ok,3,adjacent,3663,False,3663,0
74510,dormant,13,,,,,complex,GSIM_US_0003013,03381500,1979-01-01,2019-12-31,14975,41,0,1979-01-01..2019-12-31,ok,6,adjacent,3692,False,3692,0
74510,growing,5,,,,,complex,GSIM_US_0003013,03381500,1979-01-01,2019-12-31,14975,41,0,1979-01-01..2019-12-31,ok,6,adjacent,3692,False,3692,0
74511,dormant,393,0.637745,0.683463,1,intermediate,intermediate,GSIM_US_0003014,03382100,1979-01-01,2019-12-31,14975,41,0,1979-01-01..2019-12-31,ok,1,independent,3333,False,3333,10.1207
74511,growing,439,0.500556,0.599955,2,intermediate,complex,GSIM_US_0003014,03382100,1979-01-01,2019-12-31,14975,41,0,1979-01-01..2019-12-31,ok,1,independent,3333,False,3333,10.1207
74514,dormant,206,0.590075,0.590075,0,intermediate,intermediate,GSIM_US_0003019,03400500,1979-01-01,2019-12-31,8384,22,0,1979-01-01..2019-12-31,ok,1,adjacent,3682,False,3682,0
74514,growing,189,0.27728,0.644718,1,complex,complex,GSIM_US_0003019,03400500,1979-01-01,2019-12-31,8384,22,0,1979-01-01..2019-12-31,ok,1,adjacent,3682,False,3682,0
74515,dormant,404,0.696473,0.750516,2,intermediate,intermediate,GSIM_US_0003021,03401000,1980-09-30,2019-12-31,13607,35,0,1979-01-01..2019-12-31,ok,1,contains,3670,False,3670,0
74515,growing,342,0.404493,0.58958,2,complex,complex,GSIM_US_0003021,03401000,1980-09-30,2019-12-31,13607,35,0,1979-01-01..2019-12-31,ok,1,contains,3670,False,3670,0
74516,dormant,234,0.63943,0.688788,1,intermediate,intermediate,GSIM_US_0003022,03402000,1979-01-01,2005-09-29,9769,26,0,1979-01-01..2019-12-31,ok,1,adjacent,3682,False,3682,0.624499
74516,growing,239,0.291268,0.392691,1,complex,intermediate,GSIM_US_0003022,03402000,1979-01-01,2005-09-29,9769,26,0,1979-01-01..2019-12-31,ok,1,adjacent,3682,False,3682,0.624499
74521,dormant,337,0.650577,0.650577,0,intermediate,simple,GSIM_US_0003027,03404900,1979-01-01,2019-12-31,13150,35,0,1979-01-01..2019-12-31,ok,1,adjacent,3330,False,3330,7.56083
74521,growing,361,0.393155,0.45892,1,complex,intermediate,GSIM_US_0003027,03404900,1979-01-01,2019-12-31,13150,35,0,1979-01-01..2019-12-31,ok,1,adjacent,3330,False,3330,7.56083
74526,dormant,291,0.705279,0.716381,1,intermediate,intermediate,GSIM_US_0003032,03410500,1979-01-01,2019-10-22,10336,27,0,1979-01-01..2019-12-31,ok,1,adjacent,3671,False,3671,0
74526,growing,291,0.41466,0.565629,1,complex,complex,GSIM_US_0003032,03410500,1979-01-01,2019-10-22,10336,27,0,1979-01-01..2019-12-31,ok,1,adjacent,3671,False,3671,0
74528,dormant,212,0.586641,0.597982,1,intermediate,intermediate,GSIM_US_0003036,03416000,1979-01-01,2019-12-31,8702,22,0,1979-01-01..2019-12-31,ok,1,adjacent,3671,False,3671,1.40674
74528,growing,229,0.35472,0.567251,2,complex,complex,GSIM_US_0003036,03416000,1979-01-01,2019-12-31,8702,22,0,1979-01-01..2019-12-31,ok,1,adjacent,3671,False,3671,1.40674
74530,dormant,164,0.654139,0.675456,1,intermediate,intermediate,GSIM_US_0003038,03419800,2001-09-27,2017-06-13,5739,15,0,1979-01-01..2019-12-31,ok,1,adjacent,3671,False,3671,0
74530,growing,149,0.425011,0.525466,2,complex,complex,GSIM_US_0003038,03419800,2001-09-27,2017-06-13,5739,15,0,1979-01-01..2019-12-31,ok,1,adjacent,3671,False,3671,0
74532,dormant,411,0.698719,0.745088,2,intermediate,intermediate,GSIM_US_0003040,03421000,1979-01-01,2019-12-31,14975,41,0,1979-01-01..2019-12-31,ok,1,adjacent,3686,False,3686,0
74532,growing,402,0.344357,0.344357,0,complex,complex,GSIM_US_0003040,03421000,1979-01-01,2019-12-31,14975,41,0,1979-01-01..2019-12-31,ok,1,adjacent,3686,False,3686,0
74533,dormant,181,0.699138,0.778801,2,intermediate,intermediate,GSIM_US_0003041,03422500,1979-01-01,1999-02-16,6851,18,0,1979-01-01..2019-12-31,ok,1,adjacent,3686,False,3686,0
74533,growing,170,0.453572,0.705385,2,complex,intermediate,GSIM_US_0003041,03422500,1979-01-01,1999-02-16,6851,18,0,1979-01-01..2019-12-31,ok,1,adjacent,3686,False,3686,0
74534,dormant,304,0.623638,0.637087,1,intermediate,intermediate,GSIM_US_0003042,03424730,1991-08-01,2019-12-31,10380,28,0,1979-01-01..2019-12-31,ok,1,independent,3691,False,3691,29.8272
74534,growing,277,0.603859,0.762474,2,intermediate,intermediate,GSIM_US_0003042,03424730,1991-08-01,2019-12-31,10380,28,0,1979-01-01..2019-12-31,ok,1,independent,3691,False,3691,29.8272
74537,dormant,213,0.673768,0.691618,1,intermediate,intermediate,GSIM_US_0003045,03426470,1996-10-01,2019-12-31,8489,23,0,1979-01-01..2019-12-31,ok,1,adjacent,3676,False,3676,9.22864
74537,growing,199,0.59821,0.75128,1,intermediate,intermediate,GSIM_US_0003045,03426470,1996-10-01,2019-12-31,8489,23,0,1979-01-01..2019-12-31,ok,1,adjacent,3676,False,3676,9.22864
74539,dormant,317,0.754225,0.7916,1,simple,intermediate,GSIM_US_0003047,03427500,1979-01-01,2019-12-31,11389,29,0,1979-01-01..2019-12-31,ok,1,adjacent,3691,False,3691,9.75083
74539,growing,295,0.526435,0.688238,2,intermediate,complex,GSIM_US_0003047,03427500,1979-01-01,2019-12-31,11389,29,0,1979-01-01..2019-12-31,ok,1,adjacent,3691,False,3691,9.75083
74542,dormant,189,0.662203,0.763545,1,intermediate,intermediate,GSIM_US_0003050,03428500,1979-01-01,2005-09-29,7098,17,0,1979-01-01..2019-12-31,ok,1,adjacent,3691,False,3691,0
74542,growing,173,0.473358,0.535901,1,complex,intermediate,GSIM_US_0003050,03428500,1979-01-01,2005-09-29,7098,17,0,1979-01-01..2019-12-31,ok,1,adjacent,3691,False,3691,0
74544,dormant,222,0.611028,0.653463,1,intermediate,intermediate,GSIM_US_0003052,03431060,1996-10-01,2019-12-31,8127,21,0,1979-01-01..2019-12-31,ok,1,adjacent,3674,False,3674,0
74544,growing,199,0.634339,0.882393,2,intermediate,intermediate,GSIM_US_0003052,03431060,1996-10-01,2019-12-31,8127,21,0,1979-01-01..2019-12-31,ok,1,adjacent,3674,False,3674,0
74546,dormant,188,0.554425,0.554425,0,intermediate,complex,GSIM_US_0003054,034315005,1992-05-01,2010-09-29,6726,17,0,1979-01-01..2019-12-31,ok,1,contains,3671,False,3671,0
74546,growing,204,0.446639,0.512436,1,complex,complex,GSIM_US_0003054,034315005,1992-05-01,2010-09-29,6726,17,0,1979-01-01..2019-12-31,ok,1,contains,3671,False,3671,0
74547,dormant,255,0.630047,0.653143,1,intermediate,intermediate,GSIM_US_0003055,03431599,1993-07-30,2019-12-31,9651,26,0,1979-01-01..2019-12-31,ok,1,adjacent,3676,False,3676,6.39224
74547,growing,239,0.595307,0.725685,1,intermediate,intermediate,GSIM_US_0003055,03431599,1993-07-30,2019-12-31,9651,26,0,1979-01-01..2019-12-31,ok,1,adjacent,3676,False,3676,6.39224
74548,dormant,314,0.674485,0.722527,2,intermediate,intermediate,GSIM_US_0003056,03431700,1979-01-01,2019-12-31,13967,38,0,1979-01-01..2019-12-31,ok,1,adjacent,3675,False,3675,0
74548,growing,311,0.647819,0.874436,2,intermediate,intermediate,GSIM_US_0003056,03431700,1979-01-01,2019-12-31,13967,38,0,1979-01-01..2019-12-31,ok,1,adjacent,3675,False,3675,0
74549,dormant,159,0.608091,0.608091,0,intermediate,intermediate,GSIM_US_0003057,03431800,1979-01-01,2019-12-31,7470,18,0,1979-01-01..2019-12-31,ok,1,adjacent,3676,False,3676,0.0431551
74549,growing,213,0.487211,0.647389,1,complex,complex,GSIM_US_0003057,03431800,1979-01-01,2019-12-31,7470,18,0,1979-01-01..2019-12-31,ok,1,adjacent,3676,False,3676,0.0431551
74551,dormant,234,0.680389,0.804496,1,intermediate,simple,GSIM_US_0003060,03432400,1988-08-01,2019-12-31,10574,23,0,1979-01-01..2019-12-31,ok,1,nested,3673,True,3674,0
74551,growing,279,0.484378,0.566967,2,complex,intermediate,GSIM_US_0003060,03432400,1988-08-01,2019-12-31,10574,23,0,1979-01-01..2019-12-31,ok,1,nested,3673,True,3674,0
74558,dormant,417,0.640758,0.675297,2,intermediate,intermediate,GSIM_US_0003071,03438000,1979-01-01,2019-12-31,14975,41,0,1979-01-01..2019-12-31,ok,1,adjacent,3669,False,3669,0.0354787
74558,growing,384,0.440774,0.554249,2,complex,intermediate,GSIM_US_0003071,03438000,1979-01-01,2019-12-31,14975,41,0,1979-01-01..2019-12-31,ok,1,adjacent,3669,False,3669,0.0354787
74559,dormant,94,0.334836,0.334836,0,complex,complex,GSIM_US_0003072,03438220,1979-01-01,1997-09-30,6483,16,0,1979-01-01..2019-12-31,ok,2,contains,3677,False,3677,0
74559,growing,77,0.268898,0.268898,0,complex,complex,GSIM_US_0003072,03438220,1979-01-01,1997-09-30,6483,16,0,1979-01-01..2019-12-31,ok,2,contains,3677,False,3677,0
74560,dormant,187,0.664351,0.742941,1,intermediate,intermediate,GSIM_US_0003074,03440000,1986-11-01,2004-09-29,6543,17,0,1979-01-01..2019-12-31,ok,1,adjacent,4440,False,4440,0
74560,growing,100,0.577571,0.839074,1,intermediate,intermediate,GSIM_US_0003074,03440000,1986-11-01,2004-09-29,6543,17,0,1979-01-01..2019-12-31,ok,1,adjacent,4440,False,4440,0
74561,dormant,372,0.630723,0.653079,1,intermediate,intermediate,GSIM_US_0003075,03441000,1979-01-01,2019-12-31,13943,37,0,1979-01-01..2019-12-31,ok,1,adjacent,3336,False,3336,0
74561,growing,254,0.527749,0.606679,2,intermediate,intermediate,GSIM_US_0003075,03441000,1979-01-01,2019-12-31,13943,37,0,1979-01-01..2019-12-31,ok,1,adjacent,3336,False,3336,0
74562,dormant,0,,,,,intermediate,GSIM_US_0003076,03441440,1979-01-01,1991-02-27,4441,12,0,1979-01-01..2019-12-31,ok,,independent,3334,False,3334,10.0643
74562,growing,0,,,,,intermediate,GSIM_US_0003076,03441440,1979-01-01,1991-02-27,4441,12,0,1979-01-01..2019-12-31,ok,,independent,3334,False,3334,10.0643
74568,dormant,356,0.58925,0.697803,2,intermediate,intermediate,GSIM_US_0003083,03450000,1979-10-01,2019-12-31,13275,35,0,1979-01-01..2019-12-31,ok,1,adjacent,3265,False,3265,7.38564
74568,growing,274,0.429941,0.512481,2,complex,complex,GSIM_US_0003083,03450000,1979-10-01,2019-12-31,13275,35,0,1979-01-01..2019-12-31,ok,1,adjacent,3265,False,3265,7.38564
74569,dormant,448,0.514985,0.573382,1,intermediate,intermediate,GSIM_US_0003084,03451000,1979-01-01,2019-12-31,14975,41,0,1979-01-01..2019-12-31,ok,1,adjacent,3265,False,3265,0
74569,growing,344,0.447823,0.529317,2,complex,intermediate,GSIM_US_0003084,03451000,1979-01-01,2019-12-31,14975,41,0,1979-01-01..2019-12-31,ok,1,adjacent,3265,False,3265,0
74574,dormant,440,0.664291,0.702632,2,intermediate,intermediate,GSIM_US_0003089,03455000,1979-01-01,2019-12-31,14544,40,0,1979-01-01..2019-12-31,ok,1,contains,4440,False,4440,0
74574,growing,400,0.576473,0.619544,2,intermediate,complex,GSIM_US_0003089,03455000,1979-01-01,2019-12-31,14544,40,0,1979-01-01..2019-12-31,ok,1,contains,4440,False,4440,0
74577,dormant,442,0.572094,0.595655,2,intermediate,complex,GSIM_US_0003095,03456991,1979-01-01,2019-12-31,14608,39,0,1979-01-01..2019-12-31,ok,1,contains,3336,False,3336,0
74577,growing,296,0.40222,0.491515,2,complex,intermediate,GSIM_US_0003095,03456991,1979-01-01,2019-12-31,14608,39,0,1979-01-01..2019-12-31,ok,1,contains,3336,False,3336,0
74581,dormant,477,0.580782,0.634011,2,intermediate,intermediate,GSIM_US_0003099,03459500,1979-01-01,2019-12-31,14974,41,0,1979-01-01..2019-12-31,ok,1,contains,3336,False,3336,0
74581,growing,339,0.407652,0.492926,1,complex,intermediate,GSIM_US_0003099,03459500,1979-01-01,2019-12-31,14974,41,0,1979-01-01..2019-12-31,ok,1,contains,3336,False,3336,0
74582,dormant,1,,,,,intermediate,GSIM_US_0003100,03460000,1979-01-01,2019-12-31,14975,41,0,1979-01-01..2019-12-31,ok,7,independent,3336,False,3336,20.889
74582,growing,0,,,,,complex,GSIM_US_0003100,03460000,1979-01-01,2019-12-31,14975,41,0,1979-01-01..2019-12-31,ok,7,independent,3336,False,3336,20.889
74585,dormant,261,0.575344,0.811545,2,intermediate,intermediate,GSIM_US_0003103,03461500,1979-01-01,2019-12-31,8025,20,0,1979-01-01..2019-12-31,ok,1,contains,3336,False,3336,0
74585,growing,185,0.512394,0.553207,2,intermediate,complex,GSIM_US_0003103,03461500,1979-01-01,2019-12-31,8025,20,0,1979-01-01..2019-12-31,ok,1,contains,3336,False,3336,0
74586,dormant,396,0.603261,0.656723,2,intermediate,intermediate,GSIM_US_0003104,03463300,1979-01-01,2019-12-31,14975,41,0,1979-01-01..2019-12-31,ok,1,nested,3678,False,3678,0
74586,growing,322,0.593507,0.733368,2,intermediate,intermediate,GSIM_US_0003104,03463300,1979-01-01,2019-12-31,14975,41,0,1979-01-01..2019-12-31,ok,1,nested,3678,False,3678,0
74588,dormant,159,0.497025,0.602468,1,complex,complex,GSIM_US_0003108,03466228,1979-01-01,2000-11-08,7983,22,0,1979-01-01..2019-12-31,ok,1,nested,3680,False,3680,0
74588,growing,193,0.370231,0.535387,1,complex,complex,GSIM_US_0003108,03466228,1979-01-01,2000-11-08,7983,22,0,1979-01-01..2019-12-31,ok,1,nested,3680,False,3680,0
74600,dormant,417,0.538583,0.564667,1,intermediate,intermediate,GSIM_US_0003121,03479000,1979-01-01,2019-12-31,14975,41,0,1979-01-01..2019-12-31,ok,1,adjacent,4383,False,4383,0
74600,growing,342,0.478001,0.684119,2,complex,intermediate,GSIM_US_0003121,03479000,1979-01-01,2019-12-31,14975,41,0,1979-01-01..2019-12-31,ok,1,adjacent,4383,False,4383,0
74608,dormant,392,0.546277,0.560043,1,intermediate,intermediate,GSIM_US_0003130,03491000,1979-01-01,2019-12-31,14610,39,0,1979-01-01..2019-12-31,ok,1,adjacent,3681,False,3681,0.0842093
74608,growing,429,0.227667,0.382965,1,complex,complex,GSIM_US_0003130,03491000,1979-01-01,2019-12-31,14610,39,0,1979-01-01..2019-12-31,ok,1,adjacent,3681,False,3681,0.0842093
74610,dormant,202,0.543083,0.563799,1,intermediate,intermediate,GSIM_US_0003132,03491544,1988-10-01,2019-12-31,9260,25,0,1979-01-01..2019-12-31,ok,1,adjacent,3680,False,3680,7.15568
74610,growing,224,0.377377,0.542871,1,complex,complex,GSIM_US_0003132,03491544,1988-10-01,2019-12-31,9260,25,0,1979-01-01..2019-12-31,ok,1,adjacent,3680,False,3680,7.15568
74612,dormant,1,,,,,intermediate,GSIM_US_0003134,03495500,1979-01-01,1993-11-01,5419,15,0,1979-01-01..2019-12-31,ok,7,adjacent,3680,False,3680,0
74612,growing,1,,,,,complex,GSIM_US_0003134,03495500,1979-01-01,1993-11-01,5419,15,0,1979-01-01..2019-12-31,ok,7,adjacent,3680,False,3680,0
74619,dormant,455,0.636924,0.683203,2,intermediate,intermediate,GSIM_US_0003144,03503000,1979-01-01,2019-12-31,14337,39,0,1979-01-01..2019-12-31,ok,1,contains,4442,False,4442,0
74619,growing,330,0.503423,0.576296,1,intermediate,intermediate,GSIM_US_0003144,03503000,1979-01-01,2019-12-31,14337,39,0,1979-01-01..2019-12-31,ok,1,contains,4442,False,4442,0
74623,dormant,169,0.350258,0.825512,2,intermediate,intermediate,GSIM_US_0003149,03508050,2004-09-01,2019-12-31,5600,15,0,1979-01-01..2019-12-31,ok,1,adjacent,3334,False,3334,0
74623,growing,123,0.512097,0.619954,1,intermediate,intermediate,GSIM_US_0003149,03508050,2004-09-01,2019-12-31,5600,15,0,1979-01-01..2019-12-31,ok,1,adjacent,3334,False,3334,0
74628,dormant,3,,,,,intermediate,GSIM_US_0003154,03513000,1979-01-01,2019-12-31,13912,37,0,1979-01-01..2019-12-31,ok,7,adjacent,3335,False,3335,0
74628,growing,2,,,,,intermediate,GSIM_US_0003154,03513000,1979-01-01,2019-12-31,13912,37,0,1979-01-01..2019-12-31,ok,7,adjacent,3335,False,3335,0
74630,dormant,218,0.333497,0.572671,1,complex,intermediate,GSIM_US_0003156,0351706800,1999-10-01,2019-12-31,7397,20,0,1979-01-01..2019-12-31,ok,1,independent,4443,False,4443,14.5257
74630,growing,171,0.203208,0.33002,1,complex,intermediate,GSIM_US_0003156,0351706800,1999-10-01,2019-12-31,7397,20,0,1979-01-01..2019-12-31,ok,1,independent,4443,False,4443,14.5257
74631,dormant,1,,,,,intermediate,GSIM_US_0003157,03518300,1979-01-01,1990-12-31,4379,12,0,1979-01-01..2019-12-31,ok,7,contains,4442,False,4442,0
74631,growing,1,,,,,intermediate,GSIM_US_0003157,03518300,1979-01-01,1990-12-31,4379,12,0,1979-01-01..2019-12-31,ok,7,contains,4442,False,4442,0
74632,dormant,240,0.641307,0.666934,1,intermediate,intermediate,GSIM_US_0003158,03518500,1979-01-01,2019-12-31,7760,20,0,1979-01-01..2019-12-31,ok,1,independent,3337,False,3337,33.1777
74632,growing,171,0.438302,0.469036,1,complex,intermediate,GSIM_US_0003158,03518500,1979-01-01,2019-12-31,7760,20,0,1979-01-01..2019-12-31,ok,1,independent,3337,False,3337,33.1777
74636,dormant,111,0.604936,0.604936,0,intermediate,intermediate,GSIM_US_0003164,03527220,2007-09-19,2019-12-31,4486,12,0,1979-01-01..2019-12-31,ok,1,nested,3681,False,3681,0
74636,growing,110,0.388832,0.429857,1,complex,complex,GSIM_US_0003164,03527220,2007-09-19,2019-12-31,4486,12,0,1979-01-01..2019-12-31,ok,1,nested,3681,False,3681,0
74639,dormant,462,0.698734,0.768373,1,intermediate,intermediate,GSIM_US_0003168,03531500,1979-01-01,2019-12-31,14975,41,0,1979-01-01..2019-12-31,ok,1,nested,3682,False,3682,0
74639,growing,391,0.409225,0.653113,1,complex,complex,GSIM_US_0003168,03531500,1979-01-01,2019-12-31,14975,41,0,1979-01-01..2019-12-31,ok,1,nested,3682,False,3682,0
74640,dormant,1,,,,,intermediate,GSIM_US_0003170,03533000,1979-01-01,1993-12-31,5479,15,0,1979-01-01..2019-12-31,ok,7,contains,3681,False,3681,0
74640,growing,0,,,,,complex,GSIM_US_0003170,03533000,1979-01-01,1993-12-31,5479,15,0,1979-01-01..2019-12-31,ok,7,contains,3681,False,3681,0
74641,dormant,227,0.597945,0.597945,0,intermediate,intermediate,GSIM_US_0003171,03535000,1979-01-01,2019-12-31,9588,26,0,1979-01-01..2019-12-31,ok,1,independent,3682,False,3682,19.2221
74641,growing,282,0.27146,0.293523,1,complex,intermediate,GSIM_US_0003171,03535000,1979-01-01,2019-12-31,9588,26,0,1979-01-01..2019-12-31,ok,1,independent,3682,False,3682,19.2221
74643,dormant,106,0.591914,0.644344,1,intermediate,intermediate,GSIM_US_0003173,03538225,1979-01-01,1989-09-30,3926,10,0,1979-01-01..2019-12-31,ok,1,independent,3337,False,3337,41.0233
74643,growing,127,0.43319,0.43319,0,complex,complex,GSIM_US_0003173,03538225,1979-01-01,1989-09-30,3926,10,0,1979-01-01..2019-12-31,ok,1,independent,3337,False,3337,41.0233
74646,dormant,279,0.645908,0.675931,1,intermediate,intermediate,GSIM_US_0003176,03539778,1997-04-01,2019-12-31,8310,22,0,1979-01-01..2019-12-31,ok,1,adjacent,3671,False,3671,0.135377
74646,growing,149,0.366747,0.397414,1,complex,intermediate,GSIM_US_0003176,03539778,1997-04-01,2019-12-31,8310,22,0,1979-01-01..2019-12-31,ok,1,adjacent,3671,False,3671,0.135377
74648,dormant,412,0.736697,0.752512,1,intermediate,intermediate,GSIM_US_0003178,03540500,1979-01-01,2019-12-31,14975,41,0,1979-01-01..2019-12-31,ok,1,adjacent,3686,False,3686,0
74648,growing,395,0.405212,0.444464,2,complex,intermediate,GSIM_US_0003178,03540500,1979-01-01,2019-12-31,14975,41,0,1979-01-01..2019-12-31,ok,1,adjacent,3686,False,3686,0
74649,dormant,191,0.664537,0.726433,1,intermediate,intermediate,GSIM_US_0003179,03543500,1979-01-01,2019-12-31,8619,23,0,1979-01-01..2019-12-31,ok,1,independent,3686,False,3686,26.0683
74649,growing,254,0.494276,0.650377,2,complex,intermediate,GSIM_US_0003179,03543500,1979-01-01,2019-12-31,8619,23,0,1979-01-01..2019-12-31,ok,1,independent,3686,False,3686,26.0683
74663,dormant,0,,,,,intermediate,GSIM_US_0003196,03563000,1979-01-01,1998-11-18,7262,20,0,1979-01-01..2019-12-31,ok,7,adjacent,3562,False,3562,0
74663,growing,3,,,,,intermediate,GSIM_US_0003196,03563000,1979-01-01,1998-11-18,7262,20,0,1979-01-01..2019-12-31,ok,7,adjacent,3562,False,3562,0
74664,dormant,139,0.4137,0.53757,1,complex,intermediate,GSIM_US_0003197,03564500,1979-01-01,1994-12-31,5844,16,0,1979-01-01..2019-12-31,ok,1,adjacent,3562,False,3562,0
74664,growing,169,0.438201,0.594995,2,complex,intermediate,GSIM_US_0003197,03564500,1979-01-01,1994-12-31,5844,16,0,1979-01-01..2019-12-31,ok,1,adjacent,3562,False,3562,0
74668,dormant,334,0.526253,0.633687,1,intermediate,intermediate,GSIM_US_0003201,03566000,1979-08-29,2018-06-04,12104,32,0,1979-01-01..2019-12-31,ok,1,contains,3685,False,3685,0
74668,growing,341,0.320086,0.358621,1,complex,intermediate,GSIM_US_0003201,03566000,1979-08-29,2018-06-04,12104,32,0,1979-01-01..2019-12-31,ok,1,contains,3685,False,3685,0
74672,dormant,280,0.417012,0.484207,2,complex,intermediate,GSIM_US_0003205,03568000,1979-01-01,2008-09-29,10865,29,0,1979-01-01..2019-12-31,ok,1,contains,3680,False,3680,0
74672,growing,309,0.243724,0.289612,1,complex,complex,GSIM_US_0003205,03568000,1979-01-01,2008-09-29,10865,29,0,1979-01-01..2019-12-31,ok,1,contains,3680,False,3680,0
74673,dormant,383,0.621382,0.64422,1,intermediate,intermediate,GSIM_US_0003206,03568933,1979-08-30,2019-12-31,14734,40,0,1979-01-01..2019-12-31,ok,1,adjacent,3566,False,3566,0
74673,growing,377,0.425816,0.544582,1,complex,complex,GSIM_US_0003206,03568933,1979-08-30,2019-12-31,14734,40,0,1979-01-01..2019-12-31,ok,1,adjacent,3566,False,3566,0
74676,dormant,80,0.334579,0.498015,1,complex,intermediate,GSIM_US_0003214,03575500,1979-01-01,2005-09-29,6846,16,0,1979-01-01..2019-12-31,ok,2,contains,3680,False,3680,0
74676,growing,84,0.103999,0.103999,0,complex,complex,GSIM_US_0003214,03575500,1979-01-01,2005-09-29,6846,16,0,1979-01-01..2019-12-31,ok,2,contains,3680,False,3680,0
74677,dormant,215,0.676819,0.717393,1,intermediate,simple,GSIM_US_0003215,03575830,1979-01-01,2019-12-23,8267,21,0,1979-01-01..2019-12-31,ok,1,adjacent,3689,False,3689,0
74677,growing,215,0.421777,0.497806,1,complex,intermediate,GSIM_US_0003215,03575830,1979-01-01,2019-12-23,8267,21,0,1979-01-01..2019-12-31,ok,1,adjacent,3689,False,3689,0
74678,dormant,163,0.555627,0.555627,0,intermediate,intermediate,GSIM_US_0003217,03576500,1992-10-01,2019-12-31,5556,14,0,1979-01-01..2019-12-31,ok,1,independent,3600,False,3600,28.0928
74678,growing,156,0.359373,0.359373,0,complex,intermediate,GSIM_US_0003217,03576500,1992-10-01,2019-12-31,5556,14,0,1979-01-01..2019-12-31,ok,1,independent,3600,False,3600,28.0928
74679,dormant,294,0.697749,0.717834,1,intermediate,intermediate,GSIM_US_0003218,03578000,1979-01-01,2019-12-31,10272,28,0,1979-01-01..2019-12-31,ok,1,adjacent,3687,False,3687,9.06866
74679,growing,261,0.468226,0.578901,2,complex,complex,GSIM_US_0003218,03578000,1979-01-01,2019-12-31,10272,28,0,1979-01-01..2019-12-31,ok,1,adjacent,3687,False,3687,9.06866
74686,dormant,422,0.658464,0.705103,2,intermediate,intermediate,GSIM_US_0003226,03586500,1979-01-01,2019-12-31,12631,34,0,1979-01-01..2019-12-31,ok,1,adjacent,3316,False,3316,0
74686,growing,297,0.41588,0.463976,1,complex,complex,GSIM_US_0003226,03586500,1979-01-01,2019-12-31,12631,34,0,1979-01-01..2019-12-31,ok,1,adjacent,3316,False,3316,0
74696,dormant,130,0.544427,0.80464,1,intermediate,intermediate,GSIM_US_0003237,03593500,1979-01-01,2006-03-07,9919,27,0,1979-01-01..2019-12-31,ok,2,contains,3680,False,3680,0
74696,growing,120,0.27622,0.27622,0,complex,complex,GSIM_US_0003237,03593500,1979-01-01,2006-03-07,9919,27,0,1979-01-01..2019-12-31,ok,2,contains,3680,False,3680,0
74698,dormant,297,0.678314,0.715366,2,intermediate,intermediate,GSIM_US_0003239,03596000,1979-01-01,2019-12-31,9812,25,0,1979-01-01..2019-12-31,ok,1,independent,3691,False,3691,11.637
74698,growing,238,0.407667,0.529955,2,complex,complex,GSIM_US_0003239,03596000,1979-01-01,2019-12-31,9812,25,0,1979-01-01..2019-12-31,ok,1,independent,3691,False,3691,11.637
74700,dormant,220,0.665378,0.76334,2,intermediate,intermediate,GSIM_US_0003242,03598000,1979-01-01,2019-12-31,14974,41,0,1979-01-01..2019-12-31,ok,2,contains,3691,False,3691,0
74700,growing,216,0.432708,0.469594,1,complex,complex,GSIM_US_0003242,03598000,1979-01-01,2019-12-31,14974,41,0,1979-01-01..2019-12-31,ok,2,contains,3691,False,3691,0
74703,dormant,158,0.520977,0.520977,0,intermediate,simple,GSIM_US_0003245,03599450,2003-05-01,2019-12-31,6089,16,0,1979-01-01..2019-12-31,ok,1,independent,3341,False,3341,16.0378
74703,growing,145,0.605962,0.832643,2,intermediate,complex,GSIM_US_0003245,03599450,2003-05-01,2019-12-31,6089,16,0,1979-01-01..2019-12-31,ok,1,independent,3341,False,3341,16.0378
74707,dormant,167,0.67052,0.849211,1,intermediate,intermediate,GSIM_US_0003249,03601990,2001-05-01,2019-12-31,6819,18,0,1979-01-01..2019-12-31,ok,1,contains,3691,False,3691,0
74707,growing,181,0.550671,0.750701,2,intermediate,complex,GSIM_US_0003249,03601990,2001-05-01,2019-12-31,6819,18,0,1979-01-01..2019-12-31,ok,1,contains,3691,False,3691,0
74708,dormant,315,0.61741,0.669486,2,intermediate,intermediate,GSIM_US_0003250,03602500,1979-01-01,2019-12-31,12479,34,0,1979-01-01..2019-12-31,ok,1,adjacent,3675,False,3675,0
74708,growing,342,0.452219,0.637818,2,complex,complex,GSIM_US_0003250,03602500,1979-01-01,2019-12-31,12479,34,0,1979-01-01..2019-12-31,ok,1,adjacent,3675,False,3675,0
74709,dormant,323,0.59633,0.613381,1,intermediate,simple,GSIM_US_0003251,03603000,1979-01-01,2019-12-31,13103,34,0,1979-01-01..2019-12-31,ok,1,contains,3691,False,3691,0
74709,growing,331,0.467772,0.63937,2,complex,complex,GSIM_US_0003251,03603000,1979-01-01,2019-12-31,13103,34,0,1979-01-01..2019-12-31,ok,1,contains,3691,False,3691,0
74710,dormant,286,0.648761,0.676023,1,intermediate,intermediate,GSIM_US_0003253,03604400,1979-01-01,2019-12-31,9508,24,0,1979-01-01..2019-12-31,ok,1,contains,4446,False,4446,0
74710,growing,239,0.494161,0.610735,2,complex,complex,GSIM_US_0003253,03604400,1979-01-01,2019-12-31,9508,24,0,1979-01-01..2019-12-31,ok,1,contains,4446,False,4446,0
74711,dormant,98,0.322177,0.368344,1,complex,intermediate,GSIM_US_0003254,03605078,1995-09-01,2019-12-31,8058,22,0,1979-01-01..2019-12-31,ok,1,independent,3341,False,3341,57.3353
74711,growing,159,0.247681,0.323968,1,complex,complex,GSIM_US_0003254,03605078,1995-09-01,2019-12-31,8058,22,0,1979-01-01..2019-12-31,ok,1,independent,3341,False,3341,57.3353
74713,dormant,255,0.68641,0.741489,1,intermediate,intermediate,GSIM_US_0003256,03606500,1979-01-01,2019-12-31,9672,25,0,1979-01-01..2019-12-31,ok,1,independent,3341,False,3341,48.5225
74713,growing,290,0.558396,0.708742,2,intermediate,complex,GSIM_US_0003256,03606500,1979-01-01,2019-12-31,9672,25,0,1979-01-01..2019-12-31,ok,1,independent,3341,False,3341,48.5225
74714,dormant,424,0.641283,0.71474,2,intermediate,intermediate,GSIM_US_0003257,03610200,1982-10-01,2019-12-31,13606,37,0,1979-01-01..2019-12-31,ok,1,independent,3669,False,3669,58.0017
74714,growing,299,0.478362,0.606685,1,complex,complex,GSIM_US_0003257,03610200,1982-10-01,2019-12-31,13606,37,0,1979-01-01..2019-12-31,ok,1,independent,3669,False,3669,58.0017
74715,dormant,339,0.667231,0.692765,1,intermediate,intermediate,GSIM_US_0003258,03611260,1979-01-01,2019-12-31,14975,41,0,1979-01-01..2019-12-31,ok,1,independent,3333,False,3333,47.6886
74715,growing,389,0.486227,0.532235,1,complex,complex,GSIM_US_0003258,03611260,1979-01-01,2019-12-31,14975,41,0,1979-01-01..2019-12-31,ok,1,independent,3333,False,3333,47.6886
74720,dormant,211,0.611188,0.675946,1,intermediate,intermediate,GSIM_US_0003263,03612000,1979-01-01,2019-12-31,14975,41,0,1979-01-01..2019-12-31,ok,2,independent,3333,False,3333,21.3616
74720,growing,226,0.314664,0.378699,2,complex,complex,GSIM_US_0003263,03612000,1979-01-01,2019-12-31,14975,41,0,1979-01-01..2019-12-31,ok,2,independent,3333,False,3333,21.3616
74722,dormant,415,0.519232,0.622345,2,intermediate,intermediate,GSIM_US_0004317,05588000,1979-01-01,2019-12-31,14975,41,0,1979-01-01..2019-12-31,ok,1,independent,3342,False,3342,63.927
74722,growing,291,0.501358,0.706124,2,intermediate,complex,GSIM_US_0004317,05588000,1979-01-01,2019-12-31,14975,41,0,1979-01-01..2019-12-31,ok,1,independent,3342,False,3342,63.927
74725,dormant,219,0.56377,0.56377,0,intermediate,intermediate,GSIM_US_0004335,05593520,1979-01-01,1998-09-30,7213,19,0,1979-01-01..2019-12-31,ok,1,adjacent,3342,False,3342,0
74725,growing,138,0.332321,0.469905,1,complex,complex,GSIM_US_0004335,05593520,1979-01-01,1998-09-30,7213,19,0,1979-01-01..2019-12-31,ok,1,adjacent,3342,False,3342,0
74729,dormant,488,0.608031,0.643189,1,intermediate,intermediate,GSIM_US_0004345,05595200,1979-01-01,2019-12-31,14975,41,0,1979-01-01..2019-12-31,ok,1,independent,3342,False,3342,34.9069
74729,growing,318,0.508004,0.628371,1,intermediate,complex,GSIM_US_0004345,05595200,1979-01-01,2019-12-31,14975,41,0,1979-01-01..2019-12-31,ok,1,independent,3342,False,3342,34.9069
74741,dormant,273,0.518849,0.518849,0,intermediate,complex,GSIM_US_0005242,06917000,1979-01-01,2019-12-31,14975,41,0,1979-01-01..2019-12-31,ok,1,adjacent,3693,False,3693,0
74741,growing,307,0.531,0.712211,2,intermediate,intermediate,GSIM_US_0005242,06917000,1979-01-01,2019-12-31,14975,41,0,1979-01-01..2019-12-31,ok,1,adjacent,3693,False,3693,0
74742,dormant,118,0.52329,0.580001,1,intermediate,complex,GSIM_US_0005243,06917060,1988-11-20,2019-12-31,7235,19,0,1979-01-01..2019-12-31,ok,2,adjacent,3693,False,3693,0
74742,growing,86,0.370118,0.417905,1,complex,intermediate,GSIM_US_0005243,06917060,1988-11-20,2019-12-31,7235,19,0,1979-01-01..2019-12-31,ok,2,adjacent,3693,False,3693,0
74747,dormant,314,0.555869,0.777393,2,intermediate,intermediate,GSIM_US_0005251,06918440,1979-01-01,2019-12-31,14975,41,0,1979-01-01..2019-12-31,ok,1,adjacent,3727,False,3727,3.85057
74747,growing,340,0.465744,0.729037,2,complex,complex,GSIM_US_0005251,06918440,1979-01-01,2019-12-31,14975,41,0,1979-01-01..2019-12-31,ok,1,adjacent,3727,False,3727,3.85057
74749,dormant,123,0.543984,0.543984,0,intermediate,complex,GSIM_US_0005253,06918493,1996-08-30,2019-12-31,7427,19,0,1979-01-01..2019-12-31,ok,1,independent,3727,False,3727,38.2252
74749,growing,181,0.55907,0.710959,2,intermediate,complex,GSIM_US_0005253,06918493,1996-08-30,2019-12-31,7427,19,0,1979-01-01..2019-12-31,ok,1,independent,3727,False,3727,38.2252
74751,dormant,3,,,,,intermediate,GSIM_US_0005255,06919000,1979-01-01,2005-09-30,4159,11,0,1979-01-01..2019-12-31,ok,7,adjacent,3727,False,3727,0
74751,growing,4,,,,,intermediate,GSIM_US_0005255,06919000,1979-01-01,2005-09-30,4159,11,0,1979-01-01..2019-12-31,ok,7,adjacent,3727,False,3727,0
74752,dormant,20,0.0673798,0.464024,1,complex,intermediate,GSIM_US_0005256,06919020,1979-01-01,2019-12-31,14975,41,0,1979-01-01..2019-12-31,ok,7,adjacent,3727,False,3727,0
74752,growing,5,,,,,intermediate,GSIM_US_0005256,06919020,1979-01-01,2019-12-31,14975,41,0,1979-01-01..2019-12-31,ok,7,adjacent,3727,False,3727,0
74756,dormant,271,0.671899,0.800067,2,intermediate,complex,GSIM_US_0005260,06921200,1979-01-01,2019-12-31,14975,41,0,1979-01-01..2019-12-31,ok,1,independent,3727,False,3727,65.1954
74756,growing,337,0.489355,0.698194,1,complex,complex,GSIM_US_0005260,06921200,1979-01-01,2019-12-31,14975,41,0,1979-01-01..2019-12-31,ok,1,independent,3727,False,3727,65.1954
74758,dormant,118,0.736199,0.822213,1,intermediate,intermediate,GSIM_US_0005265,06923250,1991-07-24,2019-12-31,6745,18,0,1979-01-01..2019-12-31,ok,1,independent,4449,False,4449,57.688
74758,growing,183,0.598833,0.793347,2,intermediate,complex,GSIM_US_0005265,06923250,1991-07-24,2019-12-31,6745,18,0,1979-01-01..2019-12-31,ok,1,independent,4449,False,4449,57.688
74763,dormant,30,0.0732378,0.0732378,0,complex,complex,GSIM_US_0005270,06926000,1979-01-01,2019-12-31,14974,41,0,1979-01-01..2019-12-31,ok,7,contains,3693,False,3693,0
74763,growing,5,,,,,intermediate,GSIM_US_0005270,06926000,1979-01-01,2019-12-31,14974,41,0,1979-01-01..2019-12-31,ok,7,contains,3693,False,3693,0
74764,dormant,130,0.181472,0.215418,1,complex,complex,GSIM_US_0005271,06926500,1979-01-01,1996-09-30,6483,17,0,1979-01-01..2019-12-31,ok,1,contains,3693,False,3693,0
74764,growing,159,0.156725,0.156725,0,complex,intermediate,GSIM_US_0005271,06926500,1979-01-01,1996-09-30,6483,17,0,1979-01-01..2019-12-31,ok,1,contains,3693,False,3693,0
74765,dormant,14,,,,,complex,GSIM_US_0005272,06926510,1996-06-14,2019-12-31,8236,21,0,1979-01-01..2019-12-31,ok,7,contains,3693,False,3693,0
74765,growing,3,,,,,complex,GSIM_US_0005272,06926510,1996-06-14,2019-12-31,8236,21,0,1979-01-01..2019-12-31,ok,7,contains,3693,False,3693,0
74768,dormant,149,0.454187,0.454187,0,complex,intermediate,GSIM_US_0005276,06928300,1999-12-29,2019-12-31,7308,20,0,1979-01-01..2019-12-31,ok,1,independent,4449,False,4449,16.0125
74768,growing,187,0.259067,0.317402,1,complex,complex,GSIM_US_0005276,06928300,1999-12-29,2019-12-31,7308,20,0,1979-01-01..2019-12-31,ok,1,independent,4449,False,4449,16.0125
74769,dormant,61,0.626889,0.626889,0,intermediate,intermediate,GSIM_US_0005277,06928420,2008-12-23,2019-12-31,4016,11,0,1979-01-01..2019-12-31,ok,1,independent,4449,False,4449,16.0125
74769,growing,71,0.390188,0.498233,1,complex,complex,GSIM_US_0005277,06928420,2008-12-23,2019-12-31,4016,11,0,1979-01-01..2019-12-31,ok,1,independent,4449,False,4449,16.0125
74772,dormant,128,0.582465,0.794243,1,intermediate,intermediate,GSIM_US_0005280,06930060,1999-12-03,2019-12-31,7334,20,0,1979-01-01..2019-12-31,ok,1,adjacent,3347,False,3347,0
74772,growing,167,0.343155,0.425561,1,complex,complex,GSIM_US_0005280,06930060,1999-12-03,2019-12-31,7334,20,0,1979-01-01..2019-12-31,ok,1,adjacent,3347,False,3347,0
74774,dormant,322,0.55566,0.706324,1,intermediate,intermediate,GSIM_US_0005282,06932000,1979-01-01,2019-12-31,14975,41,0,1979-01-01..2019-12-31,ok,1,adjacent,3347,False,3347,0.0365233
74774,growing,381,0.382931,0.499569,2,complex,complex,GSIM_US_0005282,06932000,1979-01-01,2019-12-31,14975,41,0,1979-01-01..2019-12-31,ok,1,adjacent,3347,False,3347,0.0365233
74777,dormant,132,0.714969,0.758325,2,intermediate,intermediate,GSIM_US_0005286,06935755,1997-09-01,2019-12-31,8157,22,0,1979-01-01..2019-12-31,ok,1,independent,3342,False,3342,102.339
74777,growing,181,0.456281,0.486591,1,complex,complex,GSIM_US_0005286,06935755,1997-09-01,2019-12-31,8157,22,0,1979-01-01..2019-12-31,ok,1,independent,3342,False,3342,102.339
74778,dormant,140,0.512101,0.512101,0,intermediate,intermediate,GSIM_US_0005287,06935770,1997-06-13,2019-12-31,8237,22,0,1979-01-01..2019-12-31,ok,1,independent,3342,False,3342,101.949
74778,growing,198,0.536253,0.665692,1,intermediate,complex,GSIM_US_0005287,06935770,1997-06-13,2019-12-31,8237,22,0,1979-01-01..2019-12-31,ok,1,independent,3342,False,3342,101.949
74780,dormant,160,0.654718,0.667633,1,intermediate,intermediate,GSIM_US_0005291,06935955,1996-07-12,2019-12-31,8573,23,0,1979-01-01..2019-12-31,ok,1,independent,3342,False,3342,85.2864
74780,growing,247,0.615717,0.668998,1,intermediate,complex,GSIM_US_0005291,06935955,1996-07-12,2019-12-31,8573,23,0,1979-01-01..2019-12-31,ok,1,independent,3342,False,3342,85.2864
74782,dormant,174,0.525062,0.525062,0,intermediate,complex,GSIM_US_0005294,06936475,1996-07-11,2019-12-31,8562,23,0,1979-01-01..2019-12-31,ok,1,independent,3342,False,3342,80.5689
74782,growing,258,0.56724,0.653531,1,intermediate,intermediate,GSIM_US_0005294,06936475,1996-07-11,2019-12-31,8562,23,0,1979-01-01..2019-12-31,ok,1,independent,3342,False,3342,80.5689
74784,dormant,159,0.576188,0.599465,1,intermediate,intermediate,GSIM_US_0005296,07001985,1997-05-09,2019-12-31,8272,22,0,1979-01-01..2019-12-31,ok,1,independent,3342,False,3342,73.0693
74784,growing,237,0.563963,0.718448,1,intermediate,intermediate,GSIM_US_0005296,07001985,1997-05-09,2019-12-31,8272,22,0,1979-01-01..2019-12-31,ok,1,independent,3342,False,3342,73.0693
74786,dormant,144,0.674787,0.831972,2,intermediate,intermediate,GSIM_US_0005299,07010022,1997-09-03,2019-12-31,8155,22,0,1979-01-01..2019-12-31,ok,1,independent,3342,False,3342,78.7033
74786,growing,216,0.646809,0.690035,1,intermediate,intermediate,GSIM_US_0005299,07010022,1997-09-03,2019-12-31,8155,22,0,1979-01-01..2019-12-31,ok,1,independent,3342,False,3342,78.7033
74787,dormant,134,0.467919,0.467919,0,complex,intermediate,GSIM_US_0005300,07010030,1997-06-25,2019-12-31,8225,22,0,1979-01-01..2019-12-31,ok,1,independent,3342,False,3342,78.3811
74787,growing,204,0.528869,0.627913,1,intermediate,intermediate,GSIM_US_0005300,07010030,1997-06-25,2019-12-31,8225,22,0,1979-01-01..2019-12-31,ok,1,independent,3342,False,3342,78.3811
74790,dormant,57,0.680305,0.680305,0,intermediate,intermediate,GSIM_US_0005303,07010061,2002-05-31,2019-12-31,6424,17,0,1979-01-01..2019-12-31,ok,1,independent,3342,False,3342,81.6805
74790,growing,94,0.656842,0.691396,1,intermediate,intermediate,GSIM_US_0005303,07010061,2002-05-31,2019-12-31,6424,17,0,1979-01-01..2019-12-31,ok,1,independent,3342,False,3342,81.6805
74794,dormant,160,0.689768,0.826723,2,intermediate,intermediate,GSIM_US_0005307,07010086,1979-01-01,2019-12-31,8804,22,0,1979-01-01..2019-12-31,ok,1,independent,3342,False,3342,76.2395
74794,growing,241,0.658037,0.761571,1,intermediate,intermediate,GSIM_US_0005307,07010086,1979-01-01,2019-12-31,8804,22,0,1979-01-01..2019-12-31,ok,1,independent,3342,False,3342,76.2395
74795,dormant,136,0.70385,0.828591,1,intermediate,intermediate,GSIM_US_0005308,07010090,1997-05-22,2019-12-31,8258,22,0,1979-01-01..2019-12-31,ok,1,independent,3342,False,3342,74.994
74795,growing,220,0.63211,0.693178,1,intermediate,intermediate,GSIM_US_0005308,07010090,1997-05-22,2019-12-31,8258,22,0,1979-01-01..2019-12-31,ok,1,independent,3342,False,3342,74.994
74797,dormant,134,0.581411,0.581411,0,intermediate,intermediate,GSIM_US_0005310,07010097,2002-02-08,2019-12-31,6536,18,0,1979-01-01..2019-12-31,ok,1,independent,3342,False,3342,70.4969
74797,growing,179,0.598429,0.726806,1,intermediate,intermediate,GSIM_US_0005310,07010097,2002-02-08,2019-12-31,6536,18,0,1979-01-01..2019-12-31,ok,1,independent,3342,False,3342,70.4969
74800,dormant,110,0.621134,0.681404,1,intermediate,intermediate,GSIM_US_0005313,07010350,1979-01-01,2019-12-31,5319,13,0,1979-01-01..2019-12-31,ok,1,adjacent,3347,False,3347,0
74800,growing,144,0.44178,0.497769,1,complex,complex,GSIM_US_0005313,07010350,1979-01-01,2019-12-31,5319,13,0,1979-01-01..2019-12-31,ok,1,adjacent,3347,False,3347,0
74803,dormant,106,0.594091,0.594091,0,intermediate,intermediate,GSIM_US_0005316,07014000,2007-03-05,2019-12-31,4685,13,0,1979-01-01..2019-12-31,ok,1,adjacent,3347,False,3347,7.0558
74803,growing,134,0.418665,0.418665,0,complex,complex,GSIM_US_0005316,07014000,2007-03-05,2019-12-31,4685,13,0,1979-01-01..2019-12-31,ok,1,adjacent,3347,False,3347,7.0558
74806,dormant,316,0.612539,0.658173,1,intermediate,intermediate,GSIM_US_0005319,07015720,1979-01-01,2019-12-31,14975,41,0,1979-01-01..2019-12-31,ok,1,independent,3347,False,3347,43.9177
74806,growing,397,0.459248,0.523921,2,complex,complex,GSIM_US_0005319,07015720,1979-01-01,2019-12-31,14975,41,0,1979-01-01..2019-12-31,ok,1,independent,3347,False,3347,43.9177
74807,dormant,259,0.560752,0.576286,1,intermediate,intermediate,GSIM_US_0005320,07016500,1979-01-01,2019-12-31,14975,41,0,1979-01-01..2019-12-31,ok,1,independent,3347,False,3347,43.9178
74807,growing,371,0.421378,0.482007,2,complex,complex,GSIM_US_0005320,07016500,1979-01-01,2019-12-31,14975,41,0,1979-01-01..2019-12-31,ok,1,independent,3347,False,3347,43.9178
74809,dormant,347,0.640346,0.704446,2,intermediate,intermediate,GSIM_US_0005322,07017200,1979-01-01,2019-12-31,14925,41,0,1979-01-01..2019-12-31,ok,1,independent,3347,False,3347,31.9133
74809,growing,426,0.461586,0.655641,1,complex,complex,GSIM_US_0005322,07017200,1979-01-01,2019-12-31,14925,41,0,1979-01-01..2019-12-31,ok,1,independent,3347,False,3347,31.9133
74813,dormant,366,0.570547,0.64627,1,intermediate,intermediate,GSIM_US_0005326,07018500,1979-01-01,2019-12-31,14975,41,0,1979-01-01..2019-12-31,ok,1,independent,3347,False,3347,31.9133
74813,growing,345,0.401306,0.436718,2,complex,complex,GSIM_US_0005326,07018500,1979-01-01,2019-12-31,14975,41,0,1979-01-01..2019-12-31,ok,1,independent,3347,False,3347,31.9133
74816,dormant,166,0.435735,0.435735,0,complex,intermediate,GSIM_US_0005329,07019090,1997-05-23,2019-12-31,8258,22,0,1979-01-01..2019-12-31,ok,1,independent,3342,False,3342,88.2121
74816,growing,234,0.53938,0.702232,2,intermediate,intermediate,GSIM_US_0005329,07019090,1997-05-23,2019-12-31,8258,22,0,1979-01-01..2019-12-31,ok,1,independent,3342,False,3342,88.2121
74817,dormant,118,0.52262,0.52262,0,intermediate,intermediate,GSIM_US_0005330,07019120,1996-07-18,2019-12-31,8454,22,0,1979-01-01..2019-12-31,ok,1,independent,3342,False,3342,90.0166
74817,growing,175,0.514964,0.597932,1,intermediate,complex,GSIM_US_0005330,07019120,1996-07-18,2019-12-31,8454,22,0,1979-01-01..2019-12-31,ok,1,independent,3342,False,3342,90.0166
74823,dormant,149,0.597316,0.597316,0,intermediate,intermediate,GSIM_US_0005336,07019317,1996-07-11,2019-12-31,8574,23,0,1979-01-01..2019-12-31,ok,1,independent,3342,False,3342,73.6555
74823,growing,215,0.624203,0.688218,2,intermediate,complex,GSIM_US_0005336,07019317,1996-07-11,2019-12-31,8574,23,0,1979-01-01..2019-12-31,ok,1,independent,3342,False,3342,73.6555
74825,dormant,128,0.54855,0.54855,0,intermediate,intermediate,GSIM_US_0005338,07020550,1998-06-10,2019-12-31,6960,17,0,1979-01-01..2019-12-31,ok,1,independent,3342,False,3342,76.9178
74825,growing,173,0.346899,0.416607,1,complex,complex,GSIM_US_0005338,07020550,1998-06-10,2019-12-31,6960,17,0,1979-01-01..2019-12-31,ok,1,independent,3342,False,3342,76.9178
74829,dormant,119,0.597199,0.690435,1,intermediate,intermediate,GSIM_US_0005342,07024200,1994-09-30,2019-12-31,4814,13,0,1979-01-01..2019-12-31,ok,1,independent,3341,False,3341,72.9398
74829,growing,97,0.65206,0.74989,1,intermediate,complex,GSIM_US_0005342,07024200,1994-09-30,2019-12-31,4814,13,0,1979-01-01..2019-12-31,ok,1,independent,3341,False,3341,72.9398
74830,dormant,107,0.788253,0.807539,1,simple,intermediate,GSIM_US_0005343,07024300,1979-01-01,1994-04-13,4730,11,0,1979-01-01..2019-12-31,ok,1,independent,3341,False,3341,63.2357
74830,growing,110,0.465791,0.64397,2,complex,complex,GSIM_US_0005343,07024300,1979-01-01,1994-04-13,4730,11,0,1979-01-01..2019-12-31,ok,1,independent,3341,False,3341,63.2357
74831,dormant,182,0.64208,0.754114,2,intermediate,intermediate,GSIM_US_0005344,07024500,1979-01-01,2019-12-31,10317,27,0,1979-01-01..2019-12-31,ok,2,independent,3341,False,3341,63.2852
74831,growing,144,0.514854,0.585616,1,intermediate,complex,GSIM_US_0005344,07024500,1979-01-01,2019-12-31,10317,27,0,1979-01-01..2019-12-31,ok,2,independent,3341,False,3341,63.2852
74832,dormant,150,0.646736,0.710609,1,intermediate,intermediate,GSIM_US_0005345,07025400,1979-01-01,2019-12-31,7584,20,0,1979-01-01..2019-12-31,ok,2,independent,3669,False,3669,78.0331
74832,growing,123,0.363942,0.363942,0,complex,complex,GSIM_US_0005345,07025400,1979-01-01,2019-12-31,7584,20,0,1979-01-01..2019-12-31,ok,2,independent,3669,False,3669,78.0331
74834,dormant,30,0.539975,0.816542,1,intermediate,intermediate,GSIM_US_0005347,07026000,1979-01-01,1991-01-01,4384,12,0,1979-01-01..2019-12-31,ok,3,independent,3341,False,3341,63.2763
74834,growing,29,0.601168,0.871447,1,intermediate,intermediate,GSIM_US_0005347,07026000,1979-01-01,1991-01-01,4384,12,0,1979-01-01..2019-12-31,ok,3,independent,3341,False,3341,63.2763
74846,dormant,417,0.746323,0.787308,1,intermediate,intermediate,GSIM_US_0005360,07030240,1979-01-01,2019-12-31,13760,37,0,1979-01-01..2019-12-31,ok,1,independent,3695,False,3695,12.0578
74846,growing,335,0.549513,0.699933,2,intermediate,complex,GSIM_US_0005360,07030240,1979-01-01,2019-12-31,13760,37,0,1979-01-01..2019-12-31,ok,1,independent,3695,False,3695,12.0578
74847,dormant,185,0.661736,0.760661,2,intermediate,intermediate,GSIM_US_0005362,07030500,2001-05-25,2019-12-31,6795,18,0,1979-01-01..2019-12-31,ok,1,contains,3695,False,3695,0
74847,growing,167,0.527511,0.687284,2,intermediate,intermediate,GSIM_US_0005362,07030500,2001-05-25,2019-12-31,6795,18,0,1979-01-01..2019-12-31,ok,1,contains,3695,False,3695,0
74850,dormant,38,0.723144,0.723144,0,intermediate,intermediate,GSIM_US_0005365,07031740,1995-02-01,2019-12-31,8900,23,0,1979-01-01..2019-12-31,ok,3,contains,3695,False,3695,0
74850,growing,66,0.325382,0.401901,1,complex,intermediate,GSIM_US_0005365,07031740,1995-02-01,2019-12-31,8900,23,0,1979-01-01..2019-12-31,ok,3,contains,3695,False,3695,0
74851,dormant,306,0.717917,0.717917,0,intermediate,intermediate,GSIM_US_0005366,07032200,1979-01-01,2019-12-31,14240,38,0,1979-01-01..2019-12-31,ok,1,adjacent,3748,False,3748,0
74851,growing,406,0.549581,0.653301,1,intermediate,complex,GSIM_US_0005366,07032200,1979-01-01,2019-12-31,14240,38,0,1979-01-01..2019-12-31,ok,1,adjacent,3748,False,3748,0
74852,dormant,262,0.63792,0.63792,0,intermediate,intermediate,GSIM_US_0005367,07035000,1983-06-03,2019-12-31,10399,27,0,1979-01-01..2019-12-31,ok,1,independent,3347,False,3347,70.75
74852,growing,292,0.423898,0.461635,1,complex,complex,GSIM_US_0005367,07035000,1983-06-03,2019-12-31,10399,27,0,1979-01-01..2019-12-31,ok,1,independent,3347,False,3347,70.75
74855,dormant,258,0.722921,0.722921,0,intermediate,intermediate,GSIM_US_0005370,07036100,1983-06-10,2019-12-31,10432,27,0,1979-01-01..2019-12-31,ok,1,independent,3347,False,3347,40.2036
74855,growing,290,0.41962,0.458077,1,complex,complex,GSIM_US_0005370,07036100,1983-06-10,2019-12-31,10432,27,0,1979-01-01..2019-12-31,ok,1,independent,3347,False,3347,40.2036
74857,dormant,312,0.746173,0.820827,2,intermediate,intermediate,GSIM_US_0005372,07037500,1979-01-01,2019-12-31,14610,39,0,1979-01-01..2019-12-31,ok,1,independent,3347,False,3347,24.2619
74857,growing,397,0.39697,0.44559,1,complex,intermediate,GSIM_US_0005372,07037500,1979-01-01,2019-12-31,14610,39,0,1979-01-01..2019-12-31,ok,1,independent,3347,False,3347,24.2619
74861,dormant,117,0.203813,0.364616,2,complex,intermediate,GSIM_US_0005377,07040450,1997-10-01,2010-11-16,4147,11,0,1979-01-01..2019-12-31,ok,1,independent,3347,False,3347,20.143
74861,growing,85,0.207185,0.207185,0,complex,complex,GSIM_US_0005377,07040450,1997-10-01,2010-11-16,4147,11,0,1979-01-01..2019-12-31,ok,1,independent,3347,False,3347,20.143
74865,dormant,37,0.497273,0.497273,0,complex,complex,GSIM_US_0005383,07047950,1997-10-01,2019-12-31,8076,22,0,1979-01-01..2019-12-31,ok,3,contains,3696,False,3696,0
74865,growing,33,0.506259,0.506259,0,intermediate,intermediate,GSIM_US_0005383,07047950,1997-10-01,2019-12-31,8076,22,0,1979-01-01..2019-12-31,ok,3,contains,3696,False,3696,0
74869,dormant,137,0.667089,0.789105,1,intermediate,intermediate,GSIM_US_0005387,07048550,2001-09-19,2019-12-31,6677,18,0,1979-01-01..2019-12-31,ok,1,independent,3352,False,3352,12.384
74869,growing,188,0.493312,0.541553,1,complex,complex,GSIM_US_0005387,07048550,2001-09-19,2019-12-31,6677,18,0,1979-01-01..2019-12-31,ok,1,independent,3352,False,3352,12.384
74872,dormant,157,0.644136,0.768655,2,intermediate,complex,GSIM_US_0005390,07049000,1998-10-01,2019-12-31,7759,21,0,1979-01-01..2019-12-31,ok,1,adjacent,3344,False,3344,6.40482
74872,growing,209,0.351619,0.463474,1,complex,intermediate,GSIM_US_0005390,07049000,1998-10-01,2019-12-31,7759,21,0,1979-01-01..2019-12-31,ok,1,adjacent,3344,False,3344,6.40482
74873,dormant,82,0.689757,0.969646,1,intermediate,intermediate,GSIM_US_0005391,07050152,2008-03-12,2019-12-31,4312,11,0,1979-01-01..2019-12-31,ok,1,adjacent,3727,False,3727,5.66226
74873,growing,87,0.632938,0.902484,1,intermediate,complex,GSIM_US_0005391,07050152,2008-03-12,2019-12-31,4312,11,0,1979-01-01..2019-12-31,ok,1,adjacent,3727,False,3727,5.66226
74875,dormant,120,0.700137,0.893578,2,intermediate,complex,GSIM_US_0005393,07050690,1999-07-21,2019-12-31,7469,20,0,1979-01-01..2019-12-31,ok,1,independent,3727,False,3727,35.746
74875,growing,194,0.641713,0.87939,2,intermediate,complex,GSIM_US_0005393,07050690,1999-07-21,2019-12-31,7469,20,0,1979-01-01..2019-12-31,ok,1,independent,3727,False,3727,35.746
74876,dormant,285,0.610436,0.665113,1,intermediate,intermediate,GSIM_US_0005394,07050700,1979-01-01,2019-12-31,14975,41,0,1979-01-01..2019-12-31,ok,1,independent,3727,False,3727,35.8246
74876,growing,379,0.509629,0.725146,2,intermediate,complex,GSIM_US_0005394,07050700,1979-01-01,2019-12-31,14975,41,0,1979-01-01..2019-12-31,ok,1,independent,3727,False,3727,35.8246
74877,dormant,127,0.788931,0.914449,1,simple,intermediate,GSIM_US_0005395,07052000,1998-06-04,2019-12-31,7881,21,0,1979-01-01..2019-12-31,ok,1,independent,3727,False,3727,27.7392
74877,growing,196,0.658219,0.82102,2,intermediate,intermediate,GSIM_US_0005395,07052000,1998-06-04,2019-12-31,7881,21,0,1979-01-01..2019-12-31,ok,1,independent,3727,False,3727,27.7392
74878,dormant,121,0.718389,0.883987,1,intermediate,intermediate,GSIM_US_0005396,07052100,1979-01-01,2019-12-31,9256,24,0,1979-01-01..2019-12-31,ok,1,independent,3727,False,3727,23.3867
74878,growing,216,0.557674,0.783695,1,intermediate,complex,GSIM_US_0005396,07052100,1979-01-01,2019-12-31,9256,24,0,1979-01-01..2019-12-31,ok,1,independent,3727,False,3727,23.3867
74879,dormant,76,0.528568,0.682425,1,intermediate,intermediate,GSIM_US_0005397,07052120,1998-05-29,2019-12-31,7887,21,0,1979-01-01..2019-12-31,ok,1,independent,3727,False,3727,23.8631
74879,growing,91,0.442025,0.66643,1,complex,complex,GSIM_US_0005397,07052120,1998-05-29,2019-12-31,7887,21,0,1979-01-01..2019-12-31,ok,1,independent,3727,False,3727,23.8631
74880,dormant,124,0.717563,0.919846,2,intermediate,intermediate,GSIM_US_0005398,07052152,2001-07-10,2019-12-31,6749,18,0,1979-01-01..2019-12-31,ok,1,independent,3727,False,3727,21.584
74880,growing,185,0.602699,0.839657,2,intermediate,complex,GSIM_US_0005398,07052152,2001-07-10,2019-12-31,6749,18,0,1979-01-01..2019-12-31,ok,1,independent,3727,False,3727,21.584
74881,dormant,128,0.5747,0.799503,2,intermediate,intermediate,GSIM_US_0005399,07052250,1979-01-01,2019-12-31,7306,19,0,1979-01-01..2019-12-31,ok,1,adjacent,3727,False,3727,3.75028
74881,growing,218,0.549861,0.703832,2,intermediate,intermediate,GSIM_US_0005399,07052250,1979-01-01,2019-12-31,7306,19,0,1979-01-01..2019-12-31,ok,1,adjacent,3727,False,3727,3.75028
74882,dormant,153,0.607776,0.77836,2,intermediate,intermediate,GSIM_US_0005400,07052345,2001-10-01,2019-12-31,6515,17,0,1979-01-01..2019-12-31,ok,1,independent,3727,False,3727,22.2334
74882,growing,148,0.630583,0.848441,2,intermediate,complex,GSIM_US_0005400,07052345,2001-10-01,2019-12-31,6515,17,0,1979-01-01..2019-12-31,ok,1,independent,3727,False,3727,22.2334
74883,dormant,300,0.58939,0.637141,2,intermediate,intermediate,GSIM_US_0005401,07052500,1979-01-01,2019-12-31,14975,41,0,1979-01-01..2019-12-31,ok,1,adjacent,3727,False,3727,0
74883,growing,398,0.539737,0.726262,2,intermediate,complex,GSIM_US_0005401,07052500,1979-01-01,2019-12-31,14975,41,0,1979-01-01..2019-12-31,ok,1,adjacent,3727,False,3727,0
74884,dormant,87,0.519094,0.63497,1,intermediate,intermediate,GSIM_US_0005402,07052820,2007-05-04,2019-12-31,4625,12,0,1979-01-01..2019-12-31,ok,1,adjacent,3727,False,3727,0
74884,growing,107,0.654906,0.842561,1,intermediate,complex,GSIM_US_0005402,07052820,2007-05-04,2019-12-31,4625,12,0,1979-01-01..2019-12-31,ok,1,adjacent,3727,False,3727,0
74885,dormant,205,0.420124,0.53981,2,complex,intermediate,GSIM_US_0005403,07053250,1993-04-15,2019-12-31,9756,26,0,1979-01-01..2019-12-31,ok,1,independent,4448,False,4448,25.7139
74885,growing,216,0.37461,0.42124,1,complex,intermediate,GSIM_US_0005403,07053250,1993-04-15,2019-12-31,9756,26,0,1979-01-01..2019-12-31,ok,1,independent,4448,False,4448,25.7139
74886,dormant,73,0.0403475,0.0403475,0,complex,complex,GSIM_US_0005404,07053500,1979-01-01,2008-10-20,9397,24,0,1979-01-01..2019-12-31,ok,4,adjacent,3727,False,3727,0
74886,growing,25,0.0648507,0.0648507,0,complex,complex,GSIM_US_0005404,07053500,1979-01-01,2008-10-20,9397,24,0,1979-01-01..2019-12-31,ok,4,adjacent,3727,False,3727,0
74887,dormant,197,0.565797,0.592048,2,intermediate,intermediate,GSIM_US_0005405,07053810,1994-10-01,2019-12-31,8857,23,0,1979-01-01..2019-12-31,ok,1,independent,3727,False,3727,27.7694
74887,growing,193,0.538423,0.72712,2,intermediate,complex,GSIM_US_0005405,07053810,1994-10-01,2019-12-31,8857,23,0,1979-01-01..2019-12-31,ok,1,independent,3727,False,3727,27.7694
74888,dormant,209,0.484398,0.541036,2,complex,intermediate,GSIM_US_0005406,07054080,1994-07-23,2019-12-31,9227,25,0,1979-01-01..2019-12-31,ok,1,independent,3345,False,3345,27.7472
74888,growing,189,0.561152,0.84137,2,intermediate,complex,GSIM_US_0005406,07054080,1994-07-23,2019-12-31,9227,25,0,1979-01-01..2019-12-31,ok,1,independent,3345,False,3345,27.7472
74891,dormant,190,0.475917,0.494621,1,complex,intermediate,GSIM_US_0005409,07055875,1995-06-01,2019-12-31,8977,24,0,1979-01-01..2019-12-31,ok,1,nested,4448,False,4448,0
74891,growing,195,0.589761,0.643397,1,intermediate,simple,GSIM_US_0005409,07055875,1995-06-01,2019-12-31,8977,24,0,1979-01-01..2019-12-31,ok,1,nested,4448,False,4448,0
74892,dormant,145,0.564676,0.628071,1,intermediate,intermediate,GSIM_US_0005411,07056515,1999-01-22,2019-12-31,7646,21,0,1979-01-01..2019-12-31,ok,1,adjacent,3344,False,3344,0
74892,growing,171,0.28059,0.28059,0,complex,complex,GSIM_US_0005411,07056515,1999-01-22,2019-12-31,7646,21,0,1979-01-01..2019-12-31,ok,1,adjacent,3344,False,3344,0
74893,dormant,150,0.64509,0.81203,2,intermediate,intermediate,GSIM_US_0005412,07056700,2002-10-01,2019-12-31,6300,17,0,1979-01-01..2019-12-31,ok,1,contains,4448,False,4448,0
74893,growing,133,0.552217,0.761981,2,intermediate,complex,GSIM_US_0005412,07056700,2002-10-01,2019-12-31,6300,17,0,1979-01-01..2019-12-31,ok,1,contains,4448,False,4448,0
74895,dormant,173,0.387653,0.551323,1,complex,intermediate,GSIM_US_0005414,07057370,1996-05-18,2019-12-31,6316,16,0,1979-01-01..2019-12-31,ok,1,contains,4448,False,4448,0
74895,growing,160,0.0888223,0.0888223,0,complex,complex,GSIM_US_0005414,07057370,1996-05-18,2019-12-31,6316,16,0,1979-01-01..2019-12-31,ok,1,contains,4448,False,4448,0
74898,dormant,257,0.50804,0.598109,2,intermediate,complex,GSIM_US_0005419,07061000,1986-10-01,2019-06-08,9176,24,0,1979-01-01..2019-12-31,ok,1,contains,4448,False,4448,0
74898,growing,220,0.256945,0.333035,1,complex,complex,GSIM_US_0005419,07061000,1986-10-01,2019-06-08,9176,24,0,1979-01-01..2019-12-31,ok,1,contains,4448,False,4448,0
74900,dormant,93,0.657995,0.714646,1,intermediate,intermediate,GSIM_US_0005421,07061290,2008-03-13,2019-12-31,4311,11,0,1979-01-01..2019-12-31,ok,1,independent,3347,False,3347,27.0266
74900,growing,114,0.449714,0.472992,1,complex,complex,GSIM_US_0005421,07061290,2008-03-13,2019-12-31,4311,11,0,1979-01-01..2019-12-31,ok,1,independent,3347,False,3347,27.0266
74901,dormant,401,0.629316,0.723397,2,intermediate,intermediate,GSIM_US_0005423,07061500,1979-01-01,2019-12-31,14975,41,0,1979-01-01..2019-12-31,ok,1,adjacent,3347,False,3347,0
74901,growing,367,0.458849,0.538268,2,complex,intermediate,GSIM_US_0005423,07061500,1979-01-01,2019-12-31,14975,41,0,1979-01-01..2019-12-31,ok,1,adjacent,3347,False,3347,0
74906,dormant,350,0.421691,0.538848,1,complex,intermediate,GSIM_US_0005428,07063000,1979-01-01,2019-12-31,14975,41,0,1979-01-01..2019-12-31,ok,1,adjacent,3347,False,3347,0
74906,growing,332,0.258842,0.258842,0,complex,intermediate,GSIM_US_0005428,07063000,1979-01-01,2019-12-31,14975,41,0,1979-01-01..2019-12-31,ok,1,adjacent,3347,False,3347,0
74907,dormant,220,0.353943,0.353943,0,complex,intermediate,GSIM_US_0005429,07064000,1979-01-01,2019-12-31,14215,38,0,1979-01-01..2019-12-31,ok,2,adjacent,3347,False,3347,0
74907,growing,171,0.222549,0.222549,0,complex,complex,GSIM_US_0005429,07064000,1979-01-01,2019-12-31,14215,38,0,1979-01-01..2019-12-31,ok,2,adjacent,3347,False,3347,0
74909,dormant,96,0.508661,0.734951,1,intermediate,intermediate,GSIM_US_0005431,07064440,2007-02-07,2019-12-31,4710,13,0,1979-01-01..2019-12-31,ok,1,nested,3347,False,3347,0
74909,growing,95,0.40574,0.752723,1,intermediate,complex,GSIM_US_0005431,07064440,2007-02-07,2019-12-31,4710,13,0,1979-01-01..2019-12-31,ok,1,nested,3347,False,3347,0
74911,dormant,142,0.488062,0.764416,1,intermediate,intermediate,GSIM_US_0005433,07064533,2001-08-14,2019-12-31,6714,18,0,1979-01-01..2019-12-31,ok,1,nested,3347,False,3347,0
74911,growing,141,0.356762,0.384055,1,complex,complex,GSIM_US_0005433,07064533,2001-08-14,2019-12-31,6714,18,0,1979-01-01..2019-12-31,ok,1,nested,3347,False,3347,0
74912,dormant,158,0.706977,0.837522,2,intermediate,intermediate,GSIM_US_0005434,07065200,2001-10-01,2019-12-31,6666,18,0,1979-01-01..2019-12-31,ok,1,nested,3347,False,3347,0
74912,growing,186,0.363944,0.512276,1,complex,complex,GSIM_US_0005434,07065200,2001-10-01,2019-12-31,6666,18,0,1979-01-01..2019-12-31,ok,1,nested,3347,False,3347,0
74913,dormant,217,0.661475,0.82029,2,intermediate,intermediate,GSIM_US_0005435,07065495,1993-03-25,2019-12-31,9778,26,0,1979-01-01..2019-12-31,ok,1,nested,3347,False,3347,0
74913,growing,272,0.403209,0.592495,1,complex,complex,GSIM_US_0005435,07065495,1993-03-25,2019-12-31,9778,26,0,1979-01-01..2019-12-31,ok,1,nested,3347,False,3347,0
74914,dormant,314,0.691313,0.768478,2,intermediate,intermediate,GSIM_US_0005436,07066000,1979-01-01,2019-12-31,14975,41,0,1979-01-01..2019-12-31,ok,1,nested,3347,False,3347,0
74914,growing,403,0.387757,0.498407,1,complex,complex,GSIM_US_0005436,07066000,1979-01-01,2019-12-31,14975,41,0,1979-01-01..2019-12-31,ok,1,nested,3347,False,3347,0
74916,dormant,332,0.664608,0.810462,2,intermediate,intermediate,GSIM_US_0005438,07067000,1979-01-01,2019-12-31,14975,41,0,1979-01-01..2019-12-31,ok,1,nested,3347,False,3347,0
74916,growing,408,0.34857,0.376647,1,complex,complex,GSIM_US_0005438,07067000,1979-01-01,2019-12-31,14975,41,0,1979-01-01..2019-12-31,ok,1,nested,3347,False,3347,0
74919,dormant,170,0.565247,0.775362,1,intermediate,intermediate,GSIM_US_0005442,07069305,2001-10-01,2019-12-31,6659,18,0,1979-01-01..2019-12-31,ok,1,adjacent,4451,False,4451,0
74919,growing,137,0.207176,0.207176,0,complex,complex,GSIM_US_0005442,07069305,2001-10-01,2019-12-31,6659,18,0,1979-01-01..2019-12-31,ok,1,adjacent,4451,False,4451,0
74920,dormant,332,0.563104,0.71492,2,intermediate,intermediate,GSIM_US_0005443,07069500,1979-01-01,2019-12-31,12221,32,0,1979-01-01..2019-12-31,ok,1,adjacent,3348,False,3348,0
74920,growing,319,0.314335,0.378691,1,complex,complex,GSIM_US_0005443,07069500,1979-01-01,2019-12-31,12221,32,0,1979-01-01..2019-12-31,ok,1,adjacent,3348,False,3348,0
74922,dormant,314,0.542088,0.707047,2,intermediate,intermediate,GSIM_US_0005446,07072000,1979-01-01,2019-12-31,12979,35,0,1979-01-01..2019-12-31,ok,1,contains,4451,False,4451,0
74922,growing,300,0.2442,0.256285,1,complex,complex,GSIM_US_0005446,07072000,1979-01-01,2019-12-31,12979,35,0,1979-01-01..2019-12-31,ok,1,contains,4451,False,4451,0
74927,dormant,34,0.212816,0.212816,0,complex,complex,GSIM_US_0005451,07074420,1999-01-20,2019-12-31,7648,21,0,1979-01-01..2019-12-31,ok,3,contains,3347,False,3347,0
74927,growing,34,0.19441,0.19441,0,complex,complex,GSIM_US_0005451,07074420,1999-01-20,2019-12-31,7648,21,0,1979-01-01..2019-12-31,ok,3,contains,3347,False,3347,0
74928,dormant,166,0.749904,0.809151,2,intermediate,complex,GSIM_US_0005453,07075000,1979-01-01,2019-12-31,7287,19,0,1979-01-01..2019-12-31,ok,1,adjacent,3344,False,3344,5.14674
74928,growing,154,0.45584,0.557314,1,complex,complex,GSIM_US_0005453,07075000,1979-01-01,2019-12-31,7287,19,0,1979-01-01..2019-12-31,ok,1,adjacent,3344,False,3344,5.14674
74930,dormant,9,,,,,intermediate,GSIM_US_0005455,07076517,1996-11-22,2019-12-31,8435,23,0,1979-01-01..2019-12-31,ok,7,adjacent,3354,False,3354,0
74930,growing,1,,,,,intermediate,GSIM_US_0005455,07076517,1996-11-22,2019-12-31,8435,23,0,1979-01-01..2019-12-31,ok,7,adjacent,3354,False,3354,0
74931,dormant,6,,,,,intermediate,GSIM_US_0005456,07077000,1988-10-01,2019-12-31,11397,31,0,1979-01-01..2019-12-31,ok,7,contains,3347,False,3347,0
74931,growing,2,,,,,intermediate,GSIM_US_0005456,07077000,1988-10-01,2019-12-31,11397,31,0,1979-01-01..2019-12-31,ok,7,contains,3347,False,3347,0
74932,dormant,282,0.53178,0.565982,1,intermediate,intermediate,GSIM_US_0005457,07077380,1979-01-01,2019-12-31,14975,41,0,1979-01-01..2019-12-31,ok,2,adjacent,3696,False,3696,7.33111
74932,growing,171,0.56191,0.56191,0,intermediate,intermediate,GSIM_US_0005457,07077380,1979-01-01,2019-12-31,14975,41,0,1979-01-01..2019-12-31,ok,2,adjacent,3696,False,3696,7.33111
74933,dormant,1,,,,,intermediate,GSIM_US_0005458,07077555,1987-04-03,2019-12-31,11907,32,0,1979-01-01..2019-12-31,ok,7,adjacent,3696,False,3696,7.26902
74933,growing,0,,,,,intermediate,GSIM_US_0005458,07077555,1987-04-03,2019-12-31,11907,32,0,1979-01-01..2019-12-31,ok,7,adjacent,3696,False,3696,7.26902
74940,dormant,157,0.252876,0.436513,2,complex,complex,GSIM_US_0005520,07121500,1979-01-01,2019-12-31,14975,41,0,1979-01-01..2019-12-31,ok,1,independent,3709,False,3709,50.8188
74940,growing,207,0.194948,0.194948,0,complex,complex,GSIM_US_0005520,07121500,1979-01-01,2019-12-31,14975,41,0,1979-01-01..2019-12-31,ok,1,independent,3709,False,3709,50.8188
74941,dormant,24,0.000536567,0.000536567,0,complex,complex,GSIM_US_0005521,07122400,1979-01-01,1993-09-30,5387,14,0,1979-01-01..2019-12-31,ok,7,independent,3715,False,3715,56.4499
74941,growing,11,,,,,complex,GSIM_US_0005521,07122400,1979-01-01,1993-09-30,5387,14,0,1979-01-01..2019-12-31,ok,7,independent,3715,False,3715,56.4499
74942,dormant,15,0.176472,0.176472,0,complex,complex,GSIM_US_0005529,07126325,1983-03-18,2019-10-31,10099,15,0,1979-01-01..2019-12-31,ok,1,independent,3709,False,3709,37.0315
74942,growing,33,0.485929,0.837604,1,intermediate,complex,GSIM_US_0005529,07126325,1983-03-18,2019-10-31,10099,15,0,1979-01-01..2019-12-31,ok,1,independent,3709,False,3709,37.0315
74945,dormant,0,,,,,complex,GSIM_US_0005539,07139800,1979-01-01,1990-09-29,4290,11,0,1979-01-01..2019-12-31,ok,1,adjacent,3715,False,3715,0
74945,growing,10,,,,,complex,GSIM_US_0005539,07139800,1979-01-01,1990-09-29,4290,11,0,1979-01-01..2019-12-31,ok,1,adjacent,3715,False,3715,0
74946,dormant,175,0.0590904,0.0590904,0,complex,complex,GSIM_US_0005547,07142300,1979-01-01,2019-12-31,14975,41,0,1979-01-01..2019-12-31,ok,3,adjacent,3715,False,3715,0
74946,growing,62,0.296532,0.296532,0,complex,complex,GSIM_US_0005547,07142300,1979-01-01,2019-12-31,14975,41,0,1979-01-01..2019-12-31,ok,3,adjacent,3715,False,3715,0
74948,dormant,95,0.36524,0.36524,0,complex,intermediate,GSIM_US_0005556,07144480,2001-04-01,2019-12-31,6849,18,0,1979-01-01..2019-12-31,ok,1,nested,3698,True,3698,0
74948,growing,149,0.485985,0.650587,1,complex,intermediate,GSIM_US_0005556,07144480,2001-04-01,2019-12-31,6849,18,0,1979-01-01..2019-12-31,ok,1,nested,3698,True,3698,0
74949,dormant,30,0.021932,0.021932,0,complex,complex,GSIM_US_0005559,07144795,1979-01-01,2015-09-30,13422,36,0,1979-01-01..2019-12-31,ok,7,contains,3699,False,3699,0
74949,growing,9,,,,,complex,GSIM_US_0005559,07144795,1979-01-01,2015-09-30,13422,36,0,1979-01-01..2019-12-31,ok,7,contains,3699,False,3699,0
74950,dormant,209,0.625335,0.729998,2,intermediate,complex,GSIM_US_0005562,07145500,1979-01-01,2019-12-31,14975,41,0,1979-01-01..2019-12-31,ok,1,contains,3699,False,3699,0
74950,growing,329,0.346529,0.377841,1,complex,complex,GSIM_US_0005562,07145500,1979-01-01,2019-12-31,14975,41,0,1979-01-01..2019-12-31,ok,1,contains,3699,False,3699,0
74951,dormant,269,0.534205,0.652625,2,intermediate,complex,GSIM_US_0005566,07147800,1979-01-01,2019-12-31,14975,41,0,1979-01-01..2019-12-31,ok,1,contains,3703,False,3703,0
74951,growing,288,0.427377,0.469383,1,complex,complex,GSIM_US_0005566,07147800,1979-01-01,2019-12-31,14975,41,0,1979-01-01..2019-12-31,ok,1,contains,3703,False,3703,0
74952,dormant,69,0.340906,0.474771,1,complex,complex,GSIM_US_0005570,07150500,1979-01-01,1993-09-30,5387,14,0,1979-01-01..2019-12-31,ok,3,contains,3349,False,3349,0
74952,growing,33,0.432415,0.432415,0,complex,complex,GSIM_US_0005570,07150500,1979-01-01,1993-09-30,5387,14,0,1979-01-01..2019-12-31,ok,3,contains,3349,False,3349,0
74953,dormant,206,0.587467,0.683278,2,intermediate,complex,GSIM_US_0005571,07151000,1979-01-01,2019-12-31,14975,41,0,1979-01-01..2019-12-31,ok,1,contains,3349,False,3349,0
74953,growing,306,0.33204,0.454959,1,complex,complex,GSIM_US_0005571,07151000,1979-01-01,2019-12-31,14975,41,0,1979-01-01..2019-12-31,ok,1,contains,3349,False,3349,0
74955,dormant,2,,,,,complex,GSIM_US_0005578,07156220,1979-01-01,1998-09-29,7212,19,0,1979-01-01..2019-12-31,ok,1,adjacent,3715,False,3715,0
74955,growing,8,,,,,complex,GSIM_US_0005578,07156220,1979-01-01,1998-09-29,7212,19,0,1979-01-01..2019-12-31,ok,1,adjacent,3715,False,3715,0
74958,dormant,134,0.588199,0.833557,1,intermediate,complex,GSIM_US_0005586,07159750,1979-01-01,2019-12-31,7525,19,0,1979-01-01..2019-12-31,ok,1,adjacent,3741,False,3741,0
74958,growing,202,0.500765,0.719035,2,intermediate,intermediate,GSIM_US_0005586,07159750,1979-01-01,2019-12-31,7525,19,0,1979-01-01..2019-12-31,ok,1,adjacent,3741,False,3741,0
74959,dormant,214,0.417702,0.42137,1,complex,complex,GSIM_US_0005587,07160000,1983-02-10,2019-12-31,13474,37,0,1979-01-01..2019-12-31,ok,1,nested,3715,True,3715,0
74959,growing,252,0.21425,0.315882,1,complex,complex,GSIM_US_0005587,07160000,1983-02-10,2019-12-31,13474,37,0,1979-01-01..2019-12-31,ok,1,nested,3715,True,3715,0
74960,dormant,167,0.524476,0.611257,1,intermediate,complex,GSIM_US_0005588,07160350,1996-02-17,2019-12-31,8719,24,0,1979-01-01..2019-12-31,ok,1,nested,3716,False,3716,0
74960,growing,187,0.408803,0.501416,1,complex,intermediate,GSIM_US_0005588,07160350,1996-02-17,2019-12-31,8719,24,0,1979-01-01..2019-12-31,ok,1,nested,3716,False,3716,0
74961,dormant,84,0.188094,0.188094,0,complex,complex,GSIM_US_0005590,07161000,1979-01-01,1991-09-30,4615,12,0,1979-01-01..2019-12-31,ok,1,contains,3715,False,3715,0
74961,growing,77,0.344664,0.583104,1,complex,complex,GSIM_US_0005590,07161000,1979-01-01,1991-09-30,4615,12,0,1979-01-01..2019-12-31,ok,1,contains,3715,False,3715,0
74962,dormant,187,0.276178,0.276178,0,complex,complex,GSIM_US_0005591,07161450,1987-10-01,2019-12-31,11780,32,0,1979-01-01..2019-12-31,ok,1,contains,3715,False,3715,0
74962,growing,210,0.243458,0.414762,1,complex,complex,GSIM_US_0005591,07161450,1987-10-01,2019-12-31,11780,32,0,1979-01-01..2019-12-31,ok,1,contains,3715,False,3715,0
74963,dormant,171,0.0114,0.0785492,1,complex,complex,GSIM_US_0005593,07164500,1979-01-01,2019-12-31,14975,41,0,1979-01-01..2019-12-31,ok,5,contains,3715,False,3715,0
74963,growing,33,0.37831,0.37831,0,complex,intermediate,GSIM_US_0005593,07164500,1979-01-01,2019-12-31,14975,41,0,1979-01-01..2019-12-31,ok,5,contains,3715,False,3715,0
74964,dormant,157,0.734357,0.734357,0,intermediate,intermediate,GSIM_US_0005594,07164600,1988-03-11,2019-12-31,11618,31,0,1979-01-01..2019-12-31,ok,1,adjacent,3724,False,3724,8.63714
74964,growing,282,0.696093,0.74682,1,intermediate,complex,GSIM_US_0005594,07164600,1988-03-11,2019-12-31,11618,31,0,1979-01-01..2019-12-31,ok,1,adjacent,3724,False,3724,8.63714
74966,dormant,205,0.731132,0.756999,1,intermediate,complex,GSIM_US_0005596,07165562,1988-01-20,2019-12-31,11669,32,0,1979-01-01..2019-12-31,ok,1,independent,3724,False,3724,18.3213
74966,growing,302,0.64542,0.692277,1,intermediate,complex,GSIM_US_0005596,07165562,1988-01-20,2019-12-31,11669,32,0,1979-01-01..2019-12-31,ok,1,independent,3724,False,3724,18.3213
74967,dormant,192,0.716605,0.734199,1,intermediate,complex,GSIM_US_0005597,07165565,1987-10-01,2019-12-31,11780,32,0,1979-01-01..2019-12-31,ok,1,independent,3724,False,3724,16.4626
74967,growing,290,0.656963,0.672472,1,intermediate,intermediate,GSIM_US_0005597,07165565,1987-10-01,2019-12-31,11780,32,0,1979-01-01..2019-12-31,ok,1,independent,3724,False,3724,16.4626
74968,dormant,301,0.368384,0.388597,1,complex,complex,GSIM_US_0005599,07166500,1979-01-01,2019-12-31,14975,41,0,1979-01-01..2019-12-31,ok,1,adjacent,3718,False,3718,8.89638
74968,growing,269,0.544808,0.766762,2,intermediate,intermediate,GSIM_US_0005599,07166500,1979-01-01,2019-12-31,14975,41,0,1979-01-01..2019-12-31,ok,1,adjacent,3718,False,3718,8.89638
74971,dormant,28,0.417222,0.417222,0,complex,complex,GSIM_US_0005603,07169500,1979-01-01,2019-12-31,14975,41,0,1979-01-01..2019-12-31,ok,7,contains,3718,False,3718,0
74971,growing,3,,,,,intermediate,GSIM_US_0005603,07169500,1979-01-01,2019-12-31,14975,41,0,1979-01-01..2019-12-31,ok,7,contains,3718,False,3718,0
74973,dormant,299,0.348955,0.348955,0,complex,intermediate,GSIM_US_0005607,07170500,1979-01-01,2019-12-31,14975,41,0,1979-01-01..2019-12-31,ok,1,contains,3720,False,3720,0
74973,growing,291,0.506002,0.807765,2,intermediate,intermediate,GSIM_US_0005607,07170500,1979-01-01,2019-12-31,14975,41,0,1979-01-01..2019-12-31,ok,1,contains,3720,False,3720,0
74974,dormant,172,0.314936,0.339889,1,complex,complex,GSIM_US_0005608,07170700,1979-01-01,2017-10-25,14066,37,0,1979-01-01..2019-12-31,ok,1,independent,3720,False,3720,24.0363
74974,growing,259,0.305463,0.305463,0,complex,complex,GSIM_US_0005608,07170700,1979-01-01,2017-10-25,14066,37,0,1979-01-01..2019-12-31,ok,1,independent,3720,False,3720,24.0363
74976,dormant,364,0.471718,0.506855,1,complex,intermediate,GSIM_US_0005610,07171000,1979-01-01,2019-12-31,14975,41,0,1979-01-01..2019-12-31,ok,1,contains,3720,False,3720,0
74976,growing,290,0.555088,0.718209,2,intermediate,intermediate,GSIM_US_0005610,07171000,1979-01-01,2019-12-31,14975,41,0,1979-01-01..2019-12-31,ok,1,contains,3720,False,3720,0
74978,dormant,52,0.0674867,0.259841,2,complex,complex,GSIM_US_0005613,07174400,1985-10-01,2019-12-31,12510,34,0,1979-01-01..2019-12-31,ok,5,contains,3721,False,3721,0
74978,growing,32,0.000112926,0.000112926,0,complex,intermediate,GSIM_US_0005613,07174400,1985-10-01,2019-12-31,12510,34,0,1979-01-01..2019-12-31,ok,5,contains,3721,False,3721,0
74980,dormant,241,0.516819,0.608951,1,intermediate,complex,GSIM_US_0005616,07175500,1979-01-01,2019-12-31,14975,41,0,1979-01-01..2019-12-31,ok,1,contains,3721,False,3721,0
74980,growing,401,0.242036,0.242036,0,complex,intermediate,GSIM_US_0005616,07175500,1979-01-01,2019-12-31,14975,41,0,1979-01-01..2019-12-31,ok,1,contains,3721,False,3721,0
74981,dormant,22,0.365816,0.365816,0,complex,complex,GSIM_US_0005617,07176000,1979-01-01,2019-12-31,14975,41,0,1979-01-01..2019-12-31,ok,7,contains,3720,False,3720,0
74981,growing,4,,,,,intermediate,GSIM_US_0005617,07176000,1979-01-01,2019-12-31,14975,41,0,1979-01-01..2019-12-31,ok,7,contains,3720,False,3720,0
74982,dormant,259,0.511555,0.54072,1,intermediate,complex,GSIM_US_0005618,07176500,1979-01-01,2019-12-31,14975,41,0,1979-01-01..2019-12-31,ok,1,adjacent,3722,False,3722,0
74982,growing,382,0.467466,0.572258,2,complex,intermediate,GSIM_US_0005618,07176500,1979-01-01,2019-12-31,14975,41,0,1979-01-01..2019-12-31,ok,1,adjacent,3722,False,3722,0
74984,dormant,259,0.545609,0.568169,1,intermediate,complex,GSIM_US_0005621,07177500,1979-01-01,2019-12-31,14975,41,0,1979-01-01..2019-12-31,ok,1,contains,3723,False,3723,0
74984,growing,396,0.432599,0.525836,2,complex,complex,GSIM_US_0005621,07177500,1979-01-01,2019-12-31,14975,41,0,1979-01-01..2019-12-31,ok,1,contains,3723,False,3723,0
74985,dormant,165,0.75046,0.802765,1,simple,complex,GSIM_US_0005623,07177800,1988-01-30,2019-12-31,11659,32,0,1979-01-01..2019-12-31,ok,1,adjacent,3724,False,3724,5.15236
74985,growing,289,0.618075,0.6486,1,intermediate,intermediate,GSIM_US_0005623,07177800,1988-01-30,2019-12-31,11659,32,0,1979-01-01..2019-12-31,ok,1,adjacent,3724,False,3724,5.15236
74986,dormant,217,0.528148,0.528148,0,intermediate,complex,GSIM_US_0005624,07178000,1987-04-25,2019-12-31,11939,32,0,1979-01-01..2019-12-31,ok,1,contains,3723,False,3723,0
74986,growing,319,0.362073,0.415371,2,complex,complex,GSIM_US_0005624,07178000,1987-04-25,2019-12-31,11939,32,0,1979-01-01..2019-12-31,ok,1,contains,3723,False,3723,0
74987,dormant,215,0.607692,0.7004,1,intermediate,complex,GSIM_US_0005625,07178200,1988-08-01,2019-12-31,11475,31,0,1979-01-01..2019-12-31,ok,1,contains,3723,False,3723,0
74987,growing,315,0.399385,0.485708,2,complex,complex,GSIM_US_0005625,07178200,1988-08-01,2019-12-31,11475,31,0,1979-01-01..2019-12-31,ok,1,contains,3723,False,3723,0
74989,dormant,346,0.335631,0.335631,0,complex,complex,GSIM_US_0005638,07185000,1979-01-01,2019-12-31,14975,41,0,1979-01-01..2019-12-31,ok,1,contains,4453,False,4453,0
74989,growing,296,0.391239,0.512521,1,complex,intermediate,GSIM_US_0005638,07185000,1979-01-01,2019-12-31,14975,41,0,1979-01-01..2019-12-31,ok,1,contains,4453,False,4453,0
74994,dormant,78,0.595943,0.780731,1,intermediate,intermediate,GSIM_US_0005646,07186400,1979-01-01,1991-09-30,4656,12,0,1979-01-01..2019-12-31,ok,1,nested,3727,False,3727,0
74994,growing,106,0.32882,0.431061,1,complex,complex,GSIM_US_0005646,07186400,1979-01-01,1991-09-30,4656,12,0,1979-01-01..2019-12-31,ok,1,nested,3727,False,3727,0
74995,dormant,249,0.477866,0.77448,1,intermediate,intermediate,GSIM_US_0005647,07187000,1979-01-01,2019-12-31,14975,41,0,1979-01-01..2019-12-31,ok,1,nested,3727,False,3727,0
74995,growing,402,0.365446,0.618336,1,complex,intermediate,GSIM_US_0005647,07187000,1979-01-01,2019-12-31,14975,41,0,1979-01-01..2019-12-31,ok,1,nested,3727,False,3727,0
74996,dormant,129,0.720865,0.899651,1,intermediate,intermediate,GSIM_US_0005649,07188653,2000-05-25,2019-12-31,7160,19,0,1979-01-01..2019-12-31,ok,1,adjacent,3727,False,3727,4.53061
74996,growing,201,0.519096,0.805846,2,intermediate,complex,GSIM_US_0005649,07188653,2000-05-25,2019-12-31,7160,19,0,1979-01-01..2019-12-31,ok,1,adjacent,3727,False,3727,4.53061
74997,dormant,120,0.721794,0.891988,1,intermediate,intermediate,GSIM_US_0005650,07188838,2004-10-01,2019-12-31,5570,15,0,1979-01-01..2019-12-31,ok,1,adjacent,3732,False,3732,0
74997,growing,162,0.523303,0.779978,1,intermediate,complex,GSIM_US_0005650,07188838,2004-10-01,2019-12-31,5570,15,0,1979-01-01..2019-12-31,ok,1,adjacent,3732,False,3732,0
74998,dormant,135,0.427421,0.73902,1,complex,intermediate,GSIM_US_0005651,07188885,2000-05-24,2019-12-31,7161,19,0,1979-01-01..2019-12-31,ok,1,adjacent,3727,False,3727,0
74998,growing,176,0.471443,0.743557,1,complex,complex,GSIM_US_0005651,07188885,2000-05-24,2019-12-31,7161,19,0,1979-01-01..2019-12-31,ok,1,adjacent,3727,False,3727,0
74999,dormant,323,0.583907,0.701717,2,intermediate,intermediate,GSIM_US_0005652,07189000,1979-01-01,2019-12-31,14975,41,0,1979-01-01..2019-12-31,ok,1,adjacent,3727,False,3727,0
74999,growing,343,0.436476,0.605048,1,complex,complex,GSIM_US_0005652,07189000,1979-01-01,2019-12-31,14975,41,0,1979-01-01..2019-12-31,ok,1,adjacent,3727,False,3727,0
75002,dormant,94,0.701823,0.860887,1,intermediate,intermediate,GSIM_US_0005661,071912213,2001-10-01,2019-12-31,6666,18,0,1979-01-01..2019-12-31,ok,1,contains,3733,False,3733,0
75002,growing,154,0.410471,0.723169,1,complex,complex,GSIM_US_0005661,071912213,2001-10-01,2019-12-31,6666,18,0,1979-01-01..2019-12-31,ok,1,contains,3733,False,3733,0
75003,dormant,94,0.590842,0.921794,1,intermediate,intermediate,GSIM_US_0005663,07191288,2001-10-01,2019-12-31,6666,18,0,1979-01-01..2019-12-31,ok,1,contains,3733,False,3733,0
75003,growing,131,0.357216,0.748902,1,complex,complex,GSIM_US_0005663,07191288,2001-10-01,2019-12-31,6666,18,0,1979-01-01..2019-12-31,ok,1,contains,3733,False,3733,0
75004,dormant,298,0.344189,0.496982,1,complex,intermediate,GSIM_US_0005664,07191500,1979-01-01,2019-12-31,14975,41,0,1979-01-01..2019-12-31,ok,2,contains,3727,False,3727,0
75004,growing,246,0.207476,0.207476,0,complex,complex,GSIM_US_0005664,07191500,1979-01-01,2019-12-31,14975,41,0,1979-01-01..2019-12-31,ok,2,contains,3727,False,3727,0
75005,dormant,14,,,,,intermediate,GSIM_US_0005665,07193500,1979-01-01,1989-09-29,3925,10,0,1979-01-01..2019-12-31,ok,5,contains,3727,False,3727,0
75005,growing,8,,,,,complex,GSIM_US_0005665,07193500,1979-01-01,1989-09-29,3925,10,0,1979-01-01..2019-12-31,ok,5,contains,3727,False,3727,0
75007,dormant,174,0.689241,0.916031,1,intermediate,complex,GSIM_US_0005667,07195000,1995-07-13,2019-12-31,8938,24,0,1979-01-01..2019-12-31,ok,1,adjacent,3351,False,3351,0
75007,growing,265,0.392589,0.728109,1,complex,complex,GSIM_US_0005667,07195000,1995-07-13,2019-12-31,8938,24,0,1979-01-01..2019-12-31,ok,1,adjacent,3351,False,3351,0
75009,dormant,197,0.666145,0.878839,2,intermediate,intermediate,GSIM_US_0005669,07195430,1995-07-14,2019-12-31,8937,24,0,1979-01-01..2019-12-31,ok,1,adjacent,3351,False,3351,0
75009,growing,294,0.455195,0.668182,1,complex,intermediate,GSIM_US_0005669,07195430,1995-07-14,2019-12-31,8937,24,0,1979-01-01..2019-12-31,ok,1,adjacent,3351,False,3351,0
75010,dormant,311,0.584753,0.827023,2,intermediate,intermediate,GSIM_US_0005670,07195500,1979-01-01,2019-12-31,14975,41,0,1979-01-01..2019-12-31,ok,1,adjacent,3351,False,3351,0
75010,growing,469,0.437679,0.664182,1,complex,intermediate,GSIM_US_0005670,07195500,1979-01-01,2019-12-31,14975,41,0,1979-01-01..2019-12-31,ok,1,adjacent,3351,False,3351,0
75011,dormant,255,0.537454,0.640455,2,intermediate,intermediate,GSIM_US_0005672,07195855,1979-10-01,2019-12-31,14702,40,0,1979-01-01..2019-12-31,ok,1,contains,4454,False,4454,0
75011,growing,399,0.365315,0.738204,1,complex,complex,GSIM_US_0005672,07195855,1979-10-01,2019-12-31,14702,40,0,1979-01-01..2019-12-31,ok,1,contains,4454,False,4454,0
75012,dormant,150,0.639813,0.729663,2,intermediate,intermediate,GSIM_US_0005673,07195865,1996-09-12,2019-12-31,8510,23,0,1979-01-01..2019-12-31,ok,1,adjacent,3351,False,3351,4.06482
75012,growing,246,0.470583,0.746083,1,complex,complex,GSIM_US_0005673,07195865,1996-09-12,2019-12-31,8510,23,0,1979-01-01..2019-12-31,ok,1,adjacent,3351,False,3351,4.06482
75013,dormant,246,0.545614,0.81922,2,intermediate,intermediate,GSIM_US_0005674,07196000,1979-03-27,2019-12-31,14159,37,0,1979-01-01..2019-12-31,ok,1,contains,4454,False,4454,0
75013,growing,414,0.40876,0.755423,1,intermediate,complex,GSIM_US_0005674,07196000,1979-03-27,2019-12-31,14159,37,0,1979-01-01..2019-12-31,ok,1,contains,4454,False,4454,0
75014,dormant,264,0.609785,0.737445,2,intermediate,intermediate,GSIM_US_0005675,07196500,1979-01-01,2019-12-31,14975,41,0,1979-01-01..2019-12-31,ok,1,contains,3351,False,3351,0
75014,growing,395,0.422912,0.715874,1,complex,complex,GSIM_US_0005675,07196500,1979-01-01,2019-12-31,14975,41,0,1979-01-01..2019-12-31,ok,1,contains,3351,False,3351,0
75015,dormant,21,0.0041526,0.0041526,0,complex,intermediate,GSIM_US_0005679,07198000,1979-01-01,2019-12-31,14975,41,0,1979-01-01..2019-12-31,ok,7,contains,4456,False,4456,0
75015,growing,9,,,,,complex,GSIM_US_0005679,07198000,1979-01-01,2019-12-31,14975,41,0,1979-01-01..2019-12-31,ok,7,contains,4456,False,4456,0
75016,dormant,105,0.00132102,0.00132102,0,complex,complex,GSIM_US_0005700,07227000,1979-01-01,2019-12-31,14783,40,0,1979-01-01..2019-12-31,ok,1,contains,3737,False,3737,0
75016,growing,243,0.048128,0.048128,0,complex,complex,GSIM_US_0005700,07227000,1979-01-01,2019-12-31,14783,40,0,1979-01-01..2019-12-31,ok,1,contains,3737,False,3737,0
75017,dormant,0,,,,,complex,GSIM_US_0005702,07227420,2007-10-01,2019-12-31,4475,12,0,1979-01-01..2019-12-31,ok,,independent,3737,False,3737,18.4821
75017,growing,0,,,,,complex,GSIM_US_0005702,07227420,2007-10-01,2019-12-31,4475,12,0,1979-01-01..2019-12-31,ok,,independent,3737,False,3737,18.4821
75018,dormant,121,0.56967,0.683076,2,intermediate,complex,GSIM_US_0005703,07227500,1979-01-01,2019-12-31,14975,41,0,1979-01-01..2019-12-31,ok,1,contains,3737,False,3737,0
75018,growing,305,0.281415,0.311207,1,complex,complex,GSIM_US_0005703,07227500,1979-01-01,2019-12-31,14975,41,0,1979-01-01..2019-12-31,ok,1,contains,3737,False,3737,0
75019,dormant,170,0.342474,0.342474,0,complex,complex,GSIM_US_0005704,07228000,1979-01-01,2019-12-31,14975,41,0,1979-01-01..2019-12-31,ok,1,contains,3737,False,3737,0
75019,growing,310,0.0661958,0.0661958,0,complex,complex,GSIM_US_0005704,07228000,1979-01-01,2019-12-31,14975,41,0,1979-01-01..2019-12-31,ok,1,contains,3737,False,3737,0
75020,dormant,16,0.0273029,0.0273029,0,complex,complex,GSIM_US_0005706,07230000,1979-01-01,2019-12-31,14975,41,0,1979-01-01..2019-12-31,ok,7,adjacent,3739,False,3739,8.38852
75020,growing,10,,,,,complex,GSIM_US_0005706,07230000,1979-01-01,2019-12-31,14975,41,0,1979-01-01..2019-12-31,ok,7,adjacent,3739,False,3739,8.38852
75021,dormant,31,0.025328,0.025328,0,complex,complex,GSIM_US_0005707,07230500,1979-01-01,2019-12-31,14975,41,0,1979-01-01..2019-12-31,ok,7,adjacent,3739,False,3739,8.43909
75021,growing,4,,,,,intermediate,GSIM_US_0005707,07230500,1979-01-01,2019-12-31,14975,41,0,1979-01-01..2019-12-31,ok,7,adjacent,3739,False,3739,8.43909
75022,dormant,293,0.536918,0.604424,1,intermediate,complex,GSIM_US_0005708,07231000,1979-01-01,2019-12-31,14975,41,0,1979-01-01..2019-12-31,ok,1,adjacent,3739,False,3739,8.46432
75022,growing,363,0.353913,0.379167,1,complex,intermediate,GSIM_US_0005708,07231000,1979-01-01,2019-12-31,14975,41,0,1979-01-01..2019-12-31,ok,1,adjacent,3739,False,3739,8.46432
75023,dormant,1,,,,,complex,GSIM_US_0005709,07232250,1980-10-01,2002-06-30,7943,21,0,1979-01-01..2019-12-31,ok,1,adjacent,3709,False,3709,0
75023,growing,6,,,,,complex,GSIM_US_0005709,07232250,1980-10-01,2002-06-30,7943,21,0,1979-01-01..2019-12-31,ok,1,adjacent,3709,False,3709,0
75027,dormant,6,,,,,complex,GSIM_US_0005713,07233500,1979-01-01,2019-12-31,7776,20,0,1979-01-01..2019-12-31,ok,2,independent,3362,False,3362,48.2165
75027,growing,3,,,,,complex,GSIM_US_0005713,07233500,1979-01-01,2019-12-31,7776,20,0,1979-01-01..2019-12-31,ok,2,independent,3362,False,3362,48.2165
75028,dormant,89,0.344411,0.376279,1,complex,complex,GSIM_US_0005714,07233650,1991-10-01,2010-09-29,6939,18,0,1979-01-01..2019-12-31,ok,3,independent,3740,False,3740,15.2852
75028,growing,42,0.000151295,0.000151295,0,complex,complex,GSIM_US_0005714,07233650,1991-10-01,2010-09-29,6939,18,0,1979-01-01..2019-12-31,ok,3,independent,3740,False,3740,15.2852
75029,dormant,136,0.133693,0.20669,2,complex,complex,GSIM_US_0005715,07234000,1979-01-01,2019-12-31,14975,41,0,1979-01-01..2019-12-31,ok,3,adjacent,3711,False,3711,0
75029,growing,61,0.0280485,0.0280485,0,complex,complex,GSIM_US_0005715,07234000,1979-01-01,2019-12-31,14975,41,0,1979-01-01..2019-12-31,ok,3,adjacent,3711,False,3711,0
75030,dormant,151,0.046771,0.046771,0,complex,complex,GSIM_US_0005717,07235000,1979-01-01,2019-12-31,14975,41,0,1979-01-01..2019-12-31,ok,1,independent,3740,False,3740,13.8205
75030,growing,264,0.07777,0.100644,1,complex,complex,GSIM_US_0005717,07235000,1979-01-01,2019-12-31,14975,41,0,1979-01-01..2019-12-31,ok,1,independent,3740,False,3740,13.8205
75032,dormant,38,0.0133621,0.0133621,0,complex,complex,GSIM_US_0005719,07237000,1979-01-01,1993-10-03,5390,14,0,1979-01-01..2019-12-31,ok,4,adjacent,3713,False,3713,6.00468
75032,growing,14,,,,,complex,GSIM_US_0005719,07237000,1979-01-01,1993-10-03,5390,14,0,1979-01-01..2019-12-31,ok,4,adjacent,3713,False,3713,6.00468
75033,dormant,56,0.00187514,0.00187514,0,complex,complex,GSIM_US_0005720,07237500,1979-01-01,2019-12-31,14975,41,0,1979-01-01..2019-12-31,ok,7,contains,3740,False,3740,0
75033,growing,8,,,,,complex,GSIM_US_0005720,07237500,1979-01-01,2019-12-31,14975,41,0,1979-01-01..2019-12-31,ok,7,contains,3740,False,3740,0
75034,dormant,203,0.322896,0.387237,1,complex,complex,GSIM_US_0005721,07238000,1979-01-01,2019-12-31,14975,41,0,1979-01-01..2019-12-31,ok,1,contains,3740,False,3740,0
75034,growing,285,0.0888114,0.0888114,0,complex,complex,GSIM_US_0005721,07238000,1979-01-01,2019-12-31,14975,41,0,1979-01-01..2019-12-31,ok,1,contains,3740,False,3740,0
75036,dormant,39,0.00517238,0.00517238,0,complex,complex,GSIM_US_0005723,07239300,1983-10-01,2019-12-31,13241,36,0,1979-01-01..2019-12-31,ok,7,contains,3740,False,3740,0
75036,growing,13,,,,,complex,GSIM_US_0005723,07239300,1983-10-01,2019-12-31,13241,36,0,1979-01-01..2019-12-31,ok,7,contains,3740,False,3740,0
75037,dormant,154,0.229408,0.229408,0,complex,complex,GSIM_US_0005724,07239450,1988-10-01,2019-12-31,11414,31,0,1979-01-01..2019-12-31,ok,1,contains,3740,False,3740,0
75037,growing,191,0.0407947,0.0407947,0,complex,complex,GSIM_US_0005724,07239450,1988-10-01,2019-12-31,11414,31,0,1979-01-01..2019-12-31,ok,1,contains,3740,False,3740,0
75038,dormant,206,0.142128,0.142128,0,complex,complex,GSIM_US_0005725,07239500,1979-01-01,2019-12-31,14975,41,0,1979-01-01..2019-12-31,ok,1,contains,3740,False,3740,0
75038,growing,255,0.0249281,0.0249281,0,complex,complex,GSIM_US_0005725,07239500,1979-01-01,2019-12-31,14975,41,0,1979-01-01..2019-12-31,ok,1,contains,3740,False,3740,0
75039,dormant,105,0.210904,0.271859,1,complex,complex,GSIM_US_0005726,07239700,1999-10-01,2019-12-31,7397,20,0,1979-01-01..2019-12-31,ok,1,contains,3740,False,3740,0
75039,growing,124,0.0776056,0.272331,2,complex,complex,GSIM_US_0005726,07239700,1999-10-01,2019-12-31,7397,20,0,1979-01-01..2019-12-31,ok,1,contains,3740,False,3740,0
75040,dormant,190,0.1368,0.1368,0,complex,complex,GSIM_US_0005727,07241000,1979-01-01,2019-12-31,14609,39,0,1979-01-01..2019-12-31,ok,1,contains,3740,False,3740,0
75040,growing,259,0.038559,0.038559,0,complex,complex,GSIM_US_0005727,07241000,1979-01-01,2019-12-31,14609,39,0,1979-01-01..2019-12-31,ok,1,contains,3740,False,3740,0
75041,dormant,183,0.141494,0.141494,0,complex,complex,GSIM_US_0005728,07241520,1988-10-01,2019-12-31,11414,31,0,1979-01-01..2019-12-31,ok,1,contains,3740,False,3740,0
75041,growing,234,0.120218,0.120218,0,complex,complex,GSIM_US_0005728,07241520,1988-10-01,2019-12-31,11414,31,0,1979-01-01..2019-12-31,ok,1,contains,3740,False,3740,0
75042,dormant,270,0.121026,0.121026,0,complex,complex,GSIM_US_0005729,07241550,1979-01-01,2019-12-31,14975,41,0,1979-01-01..2019-12-31,ok,1,contains,3740,False,3740,0
75042,growing,308,0.111858,0.111858,0,complex,complex,GSIM_US_0005729,07241550,1979-01-01,2019-12-31,14975,41,0,1979-01-01..2019-12-31,ok,1,contains,3740,False,3740,0
75043,dormant,110,0.116862,0.116862,0,complex,complex,GSIM_US_0005730,07241800,2001-02-07,2019-12-31,6902,19,0,1979-01-01..2019-12-31,ok,1,contains,3740,False,3740,0
75043,growing,136,0.151746,0.151746,0,complex,complex,GSIM_US_0005730,07241800,2001-02-07,2019-12-31,6902,19,0,1979-01-01..2019-12-31,ok,1,contains,3740,False,3740,0
75044,dormant,236,0.049099,0.0878608,1,complex,complex,GSIM_US_0005731,07242000,1979-01-01,2019-12-31,14975,41,0,1979-01-01..2019-12-31,ok,1,contains,3740,False,3740,0
75044,growing,262,0.13756,0.13756,0,complex,complex,GSIM_US_0005731,07242000,1979-01-01,2019-12-31,14975,41,0,1979-01-01..2019-12-31,ok,1,contains,3740,False,3740,0
75045,dormant,84,0.209144,0.209144,0,complex,complex,GSIM_US_0005732,07242350,1979-01-01,1998-05-31,5895,15,0,1979-01-01..2019-12-31,ok,1,nested,3741,False,3741,0
75045,growing,128,0.444165,0.444165,0,complex,complex,GSIM_US_0005732,07242350,1979-01-01,1998-05-31,5895,15,0,1979-01-01..2019-12-31,ok,1,nested,3741,False,3741,0
75046,dormant,131,0.412973,0.498399,1,complex,complex,GSIM_US_0005735,07243500,1979-01-01,2019-12-31,14975,41,0,1979-01-01..2019-12-31,ok,3,contains,3741,False,3741,0
75046,growing,89,0.178312,0.178312,0,complex,complex,GSIM_US_0005735,07243500,1979-01-01,2019-12-31,14975,41,0,1979-01-01..2019-12-31,ok,3,contains,3741,False,3741,0
75047,dormant,139,0.131237,0.270622,1,complex,complex,GSIM_US_0005736,07245000,1979-01-01,2019-12-31,14975,41,0,1979-01-01..2019-12-31,ok,5,contains,3737,False,3737,0
75047,growing,59,0.0406407,0.0406407,0,complex,complex,GSIM_US_0005736,07245000,1979-01-01,2019-12-31,14975,41,0,1979-01-01..2019-12-31,ok,5,contains,3737,False,3737,0
75050,dormant,249,0.60359,0.639846,1,intermediate,intermediate,GSIM_US_0005739,07247015,1992-04-01,2019-12-31,10136,27,0,1979-01-01..2019-12-31,ok,1,adjacent,3743,False,3743,2.78365
75050,growing,228,0.355063,0.355063,0,complex,complex,GSIM_US_0005739,07247015,1992-04-01,2019-12-31,10136,27,0,1979-01-01..2019-12-31,ok,1,adjacent,3743,False,3743,2.78365
75051,dormant,328,0.640325,0.736816,2,intermediate,intermediate,GSIM_US_0005742,07249400,1979-01-01,2019-12-31,14973,41,0,1979-01-01..2019-12-31,ok,1,independent,3743,False,3743,17.3134
75051,growing,411,0.335515,0.395143,2,complex,complex,GSIM_US_0005742,07249400,1979-01-01,2019-12-31,14973,41,0,1979-01-01..2019-12-31,ok,1,independent,3743,False,3743,17.3134
75052,dormant,251,0.505571,0.567796,1,intermediate,intermediate,GSIM_US_0005743,07249413,1989-10-01,2019-12-31,10563,28,0,1979-01-01..2019-12-31,ok,1,contains,3744,False,3744,0
75052,growing,316,0.347664,0.347664,0,complex,complex,GSIM_US_0005743,07249413,1989-10-01,2019-12-31,10563,28,0,1979-01-01..2019-12-31,ok,1,contains,3744,False,3744,0
75056,dormant,299,0.618767,0.644194,1,intermediate,intermediate,GSIM_US_0005747,07249985,1979-01-01,2019-12-31,14678,39,0,1979-01-01..2019-12-31,ok,1,adjacent,3353,False,3353,0
75056,growing,356,0.391057,0.455298,1,complex,complex,GSIM_US_0005747,07249985,1979-01-01,2019-12-31,14678,39,0,1979-01-01..2019-12-31,ok,1,adjacent,3353,False,3353,0
75059,dormant,114,0.717937,0.873614,1,intermediate,intermediate,GSIM_US_0005750,07250935,2000-10-01,2019-12-31,6796,18,0,1979-01-01..2019-12-31,ok,1,independent,3353,False,3353,22.8479
75059,growing,109,0.309895,0.309895,0,complex,simple,GSIM_US_0005750,07250935,2000-10-01,2019-12-31,6796,18,0,1979-01-01..2019-12-31,ok,1,independent,3353,False,3353,22.8479
75063,dormant,285,0.658231,0.718309,1,intermediate,intermediate,GSIM_US_0005754,07252000,1979-01-01,2019-12-31,13733,37,0,1979-01-01..2019-12-31,ok,1,adjacent,3344,False,3344,0
75063,growing,313,0.430299,0.513222,2,complex,complex,GSIM_US_0005754,07252000,1979-01-01,2019-12-31,13733,37,0,1979-01-01..2019-12-31,ok,1,adjacent,3344,False,3344,0
75065,dormant,103,0.664238,0.664238,0,intermediate,intermediate,GSIM_US_0005756,07257000,1979-01-01,1993-08-10,4844,12,0,1979-01-01..2019-12-31,ok,1,nested,3745,False,3745,0
75065,growing,98,0.397917,0.700137,1,complex,intermediate,GSIM_US_0005756,07257000,1979-01-01,1993-08-10,4844,12,0,1979-01-01..2019-12-31,ok,1,nested,3745,False,3745,0
75066,dormant,155,0.706251,0.794402,2,intermediate,intermediate,GSIM_US_0005758,07257500,1999-10-01,2019-12-31,7395,20,0,1979-01-01..2019-12-31,ok,1,adjacent,3344,False,3344,0
75066,growing,182,0.371388,0.427228,1,complex,intermediate,GSIM_US_0005758,07257500,1999-10-01,2019-12-31,7395,20,0,1979-01-01..2019-12-31,ok,1,adjacent,3344,False,3344,0
75070,dormant,349,0.525778,0.589499,1,intermediate,intermediate,GSIM_US_0005762,07260500,1979-01-01,2019-12-31,14973,41,0,1979-01-01..2019-12-31,ok,1,independent,3743,False,3743,19.6977
75070,growing,385,0.309161,0.363226,1,complex,complex,GSIM_US_0005762,07260500,1979-01-01,2019-12-31,14973,41,0,1979-01-01..2019-12-31,ok,1,independent,3743,False,3743,19.6977
75071,dormant,311,0.623804,0.715412,2,intermediate,intermediate,GSIM_US_0005764,07261500,1979-01-01,2019-12-31,13353,36,0,1979-01-01..2019-12-31,ok,1,adjacent,3743,False,3743,0
75071,growing,299,0.524362,0.660474,2,intermediate,complex,GSIM_US_0005764,07261500,1979-01-01,2019-12-31,13353,36,0,1979-01-01..2019-12-31,ok,1,adjacent,3743,False,3743,0
75075,dormant,117,0.768199,0.768199,0,simple,intermediate,GSIM_US_0005769,07263296,2007-07-11,2019-12-31,4554,12,0,1979-01-01..2019-12-31,ok,1,contains,4458,False,4458,0
75075,growing,92,0.572158,0.715883,2,intermediate,intermediate,GSIM_US_0005769,07263296,2007-07-11,2019-12-31,4554,12,0,1979-01-01..2019-12-31,ok,1,contains,4458,False,4458,0
75092,dormant,181,0.137022,0.207797,1,complex,intermediate,GSIM_US_0005791,07281600,1995-10-01,2019-12-31,8838,24,0,1979-01-01..2019-12-31,ok,1,contains,3746,False,3746,0
75092,growing,194,0.31874,0.31874,0,complex,intermediate,GSIM_US_0005791,07281600,1995-10-01,2019-12-31,8838,24,0,1979-01-01..2019-12-31,ok,1,contains,3746,False,3746,0
75094,dormant,2,,,,,intermediate,GSIM_US_0005797,07285500,1990-10-01,2019-12-31,10667,29,0,1979-01-01..2019-12-31,ok,7,contains,3754,False,3754,0
75094,growing,1,,,,,intermediate,GSIM_US_0005797,07285500,1990-10-01,2019-12-31,10667,29,0,1979-01-01..2019-12-31,ok,7,contains,3754,False,3754,0
75096,dormant,42,0.401137,0.636194,1,complex,complex,GSIM_US_0005805,07288955,1995-10-01,2019-12-31,8849,24,0,1979-01-01..2019-12-31,ok,3,contains,3759,False,3759,0
75096,growing,49,0.148435,0.148435,0,complex,intermediate,GSIM_US_0005805,07288955,1995-10-01,2019-12-31,8849,24,0,1979-01-01..2019-12-31,ok,3,contains,3759,False,3759,0
75098,dormant,14,,,,,intermediate,GSIM_US_0005809,07289730,1995-10-01,2019-12-31,8856,24,0,1979-01-01..2019-12-31,ok,4,contains,3761,False,3761,0
75098,growing,15,0.288074,0.288074,0,complex,intermediate,GSIM_US_0005809,07289730,1995-10-01,2019-12-31,8856,24,0,1979-01-01..2019-12-31,ok,4,contains,3761,False,3761,0
75099,dormant,7,,,,,intermediate,GSIM_US_0005810,07290000,1979-01-01,2019-12-31,14975,41,0,1979-01-01..2019-12-31,ok,5,contains,3761,False,3761,0
75099,growing,9,,,,,intermediate,GSIM_US_0005810,07290000,1979-01-01,2019-12-31,14975,41,0,1979-01-01..2019-12-31,ok,5,contains,3761,False,3761,0
75100,dormant,9,,,,,complex,GSIM_US_0005815,07295500,2002-10-01,2019-12-31,6301,17,0,1979-01-01..2019-12-31,ok,1,adjacent,3738,False,3738,0
75100,growing,15,0.533389,0.533389,0,intermediate,complex,GSIM_US_0005815,07295500,2002-10-01,2019-12-31,6301,17,0,1979-01-01..2019-12-31,ok,1,adjacent,3738,False,3738,0
75105,dormant,140,0.566281,0.62516,1,intermediate,complex,GSIM_US_0005820,07299540,1979-01-01,2019-12-31,14975,41,0,1979-01-01..2019-12-31,ok,1,adjacent,3362,False,3362,0
75105,growing,339,0.31322,0.37484,1,complex,complex,GSIM_US_0005820,07299540,1979-01-01,2019-12-31,14975,41,0,1979-01-01..2019-12-31,ok,1,adjacent,3362,False,3362,0
75107,dormant,166,0.419636,0.513839,1,complex,complex,GSIM_US_0005824,07300000,1979-01-01,2019-12-31,14975,41,0,1979-01-01..2019-12-31,ok,1,contains,3762,False,3762,0
75107,growing,333,0.377337,0.431608,1,complex,complex,GSIM_US_0005824,07300000,1979-01-01,2019-12-31,14975,41,0,1979-01-01..2019-12-31,ok,1,contains,3762,False,3762,0
75108,dormant,129,0.502431,0.659167,2,intermediate,complex,GSIM_US_0005825,07300500,1979-01-01,2019-12-31,14975,41,0,1979-01-01..2019-12-31,ok,1,contains,3762,False,3762,0
75108,growing,294,0.319485,0.423247,1,complex,complex,GSIM_US_0005825,07300500,1979-01-01,2019-12-31,14975,41,0,1979-01-01..2019-12-31,ok,1,contains,3762,False,3762,0
75109,dormant,165,0.354016,0.354016,0,complex,complex,GSIM_US_0005826,07301110,1979-10-01,2019-12-31,14702,40,0,1979-01-01..2019-12-31,ok,1,contains,3762,False,3762,0
75109,growing,341,0.385386,0.558034,1,complex,complex,GSIM_US_0005826,07301110,1979-10-01,2019-12-31,14702,40,0,1979-01-01..2019-12-31,ok,1,contains,3762,False,3762,0
75110,dormant,77,0.576852,0.745628,1,intermediate,complex,GSIM_US_0005827,07301300,1995-01-06,2019-12-31,7063,19,0,1979-01-01..2019-12-31,ok,1,nested,4465,False,4465,0
75110,growing,141,0.106226,0.106226,0,complex,complex,GSIM_US_0005827,07301300,1995-01-06,2019-12-31,7063,19,0,1979-01-01..2019-12-31,ok,1,nested,4465,False,4465,0
75112,dormant,196,0.0615539,0.0615539,0,complex,complex,GSIM_US_0005832,07303000,1979-01-01,2019-12-31,14975,41,0,1979-01-01..2019-12-31,ok,2,nested,4465,True,4465,0
75112,growing,192,0.0866685,0.128276,1,complex,complex,GSIM_US_0005832,07303000,1979-01-01,2019-12-31,14975,41,0,1979-01-01..2019-12-31,ok,2,nested,4465,True,4465,0
75113,dormant,166,0.223596,0.223596,0,complex,complex,GSIM_US_0005835,07305000,1979-01-01,2019-12-31,14975,41,0,1979-01-01..2019-12-31,ok,1,contains,4465,False,4465,0
75113,growing,351,0.39845,0.650223,1,complex,complex,GSIM_US_0005835,07305000,1979-01-01,2019-12-31,14975,41,0,1979-01-01..2019-12-31,ok,1,contains,4465,False,4465,0
75115,dormant,147,0.408951,0.408951,0,complex,complex,GSIM_US_0005838,07307028,1983-06-28,2019-12-31,12969,34,0,1979-01-01..2019-12-31,ok,1,contains,4465,False,4465,0
75115,growing,315,0.488946,0.774703,1,intermediate,complex,GSIM_US_0005838,07307028,1983-06-28,2019-12-31,12969,34,0,1979-01-01..2019-12-31,ok,1,contains,4465,False,4465,0
75116,dormant,149,0.251019,0.251019,0,complex,complex,GSIM_US_0005841,07308500,1979-01-01,2019-12-31,14975,41,0,1979-01-01..2019-12-31,ok,1,contains,3767,False,3767,0
75116,growing,336,0.296232,0.440757,1,complex,complex,GSIM_US_0005841,07308500,1979-01-01,2019-12-31,14975,41,0,1979-01-01..2019-12-31,ok,1,contains,3767,False,3767,0
75118,dormant,301,0.397707,0.500255,2,complex,complex,GSIM_US_0005843,07311000,1979-01-01,2019-12-31,14975,41,0,1979-01-01..2019-12-31,ok,1,adjacent,3768,False,3768,0
75118,growing,362,0.425972,0.543577,2,complex,complex,GSIM_US_0005843,07311000,1979-01-01,2019-12-31,14975,41,0,1979-01-01..2019-12-31,ok,1,adjacent,3768,False,3768,0
75119,dormant,212,0.343318,0.381151,1,complex,complex,GSIM_US_0005845,07311500,1979-01-01,2019-12-31,14975,41,0,1979-01-01..2019-12-31,ok,1,independent,3768,False,3768,14.4976
75119,growing,267,0.498687,0.679055,2,complex,intermediate,GSIM_US_0005845,07311500,1979-01-01,2019-12-31,14975,41,0,1979-01-01..2019-12-31,ok,1,independent,3768,False,3768,14.4976
75120,dormant,205,0.519838,0.750682,2,intermediate,complex,GSIM_US_0005846,07311700,1979-01-01,2019-12-31,14975,41,0,1979-01-01..2019-12-31,ok,1,adjacent,3767,False,3767,0
75120,growing,284,0.395581,0.526177,2,complex,complex,GSIM_US_0005846,07311700,1979-01-01,2019-12-31,14975,41,0,1979-01-01..2019-12-31,ok,1,adjacent,3767,False,3767,0
75121,dormant,121,0.632652,0.678174,1,intermediate,complex,GSIM_US_0005848,07311900,1979-01-01,2019-12-31,8765,23,0,1979-01-01..2019-12-31,ok,2,contains,3769,False,3769,0
75121,growing,142,0.42871,0.4708,1,complex,complex,GSIM_US_0005848,07311900,1979-01-01,2019-12-31,8765,23,0,1979-01-01..2019-12-31,ok,2,contains,3769,False,3769,0
75122,dormant,36,0.404472,0.973453,1,intermediate,complex,GSIM_US_0005849,07312100,1979-01-01,2019-12-31,14975,41,0,1979-01-01..2019-12-31,ok,7,contains,3769,False,3769,0
75122,growing,14,,,,,complex,GSIM_US_0005849,07312100,1979-01-01,2019-12-31,14975,41,0,1979-01-01..2019-12-31,ok,7,contains,3769,False,3769,0
75123,dormant,345,0.306881,0.306881,0,complex,complex,GSIM_US_0005850,07312200,1979-01-01,2019-12-31,14975,41,0,1979-01-01..2019-12-31,ok,1,adjacent,3767,False,3767,0
75123,growing,226,0.305277,0.33316,1,complex,complex,GSIM_US_0005850,07312200,1979-01-01,2019-12-31,14975,41,0,1979-01-01..2019-12-31,ok,1,adjacent,3767,False,3767,0
75124,dormant,272,0.355193,0.450738,2,complex,complex,GSIM_US_0005851,07312500,1979-01-01,2019-12-31,14975,41,0,1979-01-01..2019-12-31,ok,1,contains,3769,False,3769,0
75124,growing,282,0.265564,0.309756,1,complex,complex,GSIM_US_0005851,07312500,1979-01-01,2019-12-31,14975,41,0,1979-01-01..2019-12-31,ok,1,contains,3769,False,3769,0
75125,dormant,277,0.413283,0.422219,2,complex,complex,GSIM_US_0005852,07312700,1979-01-01,2018-09-30,14518,39,0,1979-01-01..2019-12-31,ok,1,contains,3769,False,3769,0
75125,growing,278,0.293751,0.337068,1,complex,complex,GSIM_US_0005852,07312700,1979-01-01,2018-09-30,14518,39,0,1979-01-01..2019-12-31,ok,1,contains,3769,False,3769,0
75126,dormant,230,0.246645,0.287122,1,complex,complex,GSIM_US_0005853,07314500,1979-01-01,2019-12-31,14975,41,0,1979-01-01..2019-12-31,ok,1,adjacent,3816,False,3816,0
75126,growing,219,0.338321,0.435179,1,complex,complex,GSIM_US_0005853,07314500,1979-01-01,2019-12-31,14975,41,0,1979-01-01..2019-12-31,ok,1,adjacent,3816,False,3816,0
75127,dormant,155,0.0659256,0.0659256,0,complex,complex,GSIM_US_0005854,07314900,1979-01-01,2019-12-31,14975,41,0,1979-01-01..2019-12-31,ok,1,adjacent,3363,False,3363,0
75127,growing,139,0.165818,0.165818,0,complex,complex,GSIM_US_0005854,07314900,1979-01-01,2019-12-31,14975,41,0,1979-01-01..2019-12-31,ok,1,adjacent,3363,False,3363,0
75128,dormant,138,0.312894,0.398899,1,complex,complex,GSIM_US_0005857,07316000,1979-01-01,2019-12-31,14975,41,0,1979-01-01..2019-12-31,ok,3,contains,3767,False,3767,0
75128,growing,86,0.375677,0.634296,1,complex,complex,GSIM_US_0005857,07316000,1979-01-01,2019-12-31,14975,41,0,1979-01-01..2019-12-31,ok,3,contains,3767,False,3767,0
75131,dormant,39,0.00946952,0.00946952,0,complex,complex,GSIM_US_0005863,07324400,1979-01-01,2019-12-31,14243,38,0,1979-01-01..2019-12-31,ok,7,contains,3771,False,3771,0
75131,growing,11,,,,,complex,GSIM_US_0005863,07324400,1979-01-01,2019-12-31,14243,38,0,1979-01-01..2019-12-31,ok,7,contains,3771,False,3771,0
75132,dormant,176,0.125765,0.125765,0,complex,complex,GSIM_US_0005864,07325000,1979-01-01,2019-12-31,14975,41,0,1979-01-01..2019-12-31,ok,1,contains,3771,False,3771,0
75132,growing,406,0.341281,0.553206,1,complex,complex,GSIM_US_0005864,07325000,1979-01-01,2019-12-31,14975,41,0,1979-01-01..2019-12-31,ok,1,contains,3771,False,3771,0
75133,dormant,158,0.292786,0.292786,0,complex,complex,GSIM_US_0005865,07325500,1979-01-01,2006-09-29,10134,27,0,1979-01-01..2019-12-31,ok,1,contains,3771,False,3771,0
75133,growing,207,0.440297,0.489481,1,complex,complex,GSIM_US_0005865,07325500,1979-01-01,2006-09-29,10134,27,0,1979-01-01..2019-12-31,ok,1,contains,3771,False,3771,0
75134,dormant,30,0.0548632,0.0548632,0,complex,complex,GSIM_US_0005870,07326000,1979-01-01,2019-12-31,14975,41,0,1979-01-01..2019-12-31,ok,7,contains,3772,False,3772,0
75134,growing,18,0.109129,0.109129,0,complex,complex,GSIM_US_0005870,07326000,1979-01-01,2019-12-31,14975,41,0,1979-01-01..2019-12-31,ok,7,contains,3772,False,3772,0
75135,dormant,218,0.246363,0.246363,0,complex,complex,GSIM_US_0005871,07326500,1979-01-01,2019-12-31,14975,41,0,1979-01-01..2019-12-31,ok,2,contains,3771,False,3771,0
75135,growing,197,0.483582,0.650191,1,complex,complex,GSIM_US_0005871,07326500,1979-01-01,2019-12-31,14975,41,0,1979-01-01..2019-12-31,ok,2,contains,3771,False,3771,0
75136,dormant,57,0.375198,0.375198,0,complex,complex,GSIM_US_0005872,073274406,1995-02-24,2013-09-29,6793,18,0,1979-01-01..2019-12-31,ok,1,nested,3776,False,3777,0
75136,growing,124,0.18763,0.18763,0,complex,complex,GSIM_US_0005872,073274406,1995-02-24,2013-09-29,6793,18,0,1979-01-01..2019-12-31,ok,1,nested,3776,False,3777,0
75138,dormant,150,0.199716,0.199716,0,complex,complex,GSIM_US_0005878,07328100,1979-01-01,2019-12-31,14288,38,0,1979-01-01..2019-12-31,ok,3,contains,3771,False,3771,0
75138,growing,118,0.290159,0.349995,1,complex,complex,GSIM_US_0005878,07328100,1979-01-01,2019-12-31,14288,38,0,1979-01-01..2019-12-31,ok,3,contains,3771,False,3771,0
75139,dormant,230,0.16368,0.16368,0,complex,complex,GSIM_US_0005880,07328500,1979-01-01,2019-12-31,14975,41,0,1979-01-01..2019-12-31,ok,1,contains,3771,False,3771,0
75139,growing,314,0.34261,0.370364,1,complex,complex,GSIM_US_0005880,07328500,1979-01-01,2019-12-31,14975,41,0,1979-01-01..2019-12-31,ok,1,contains,3771,False,3771,0
75141,dormant,107,0.410185,0.448728,1,complex,complex,GSIM_US_0005882,07329700,1979-01-01,2002-06-30,6116,15,0,1979-01-01..2019-12-31,ok,1,adjacent,3364,False,3364,0
75141,growing,150,0.226275,0.226275,0,complex,complex,GSIM_US_0005882,07329700,1979-01-01,2002-06-30,6116,15,0,1979-01-01..2019-12-31,ok,1,adjacent,3364,False,3364,0
75142,dormant,266,0.330883,0.330883,0,complex,complex,GSIM_US_0005885,07331000,1979-01-01,2019-12-31,14975,41,0,1979-01-01..2019-12-31,ok,1,contains,3771,False,3771,0
75142,growing,342,0.318273,0.332416,1,complex,complex,GSIM_US_0005885,07331000,1979-01-01,2019-12-31,14975,41,0,1979-01-01..2019-12-31,ok,1,contains,3771,False,3771,0
75144,dormant,61,0.000187912,0.000187912,0,complex,complex,GSIM_US_0005889,07331600,1979-01-01,2019-12-31,12356,33,0,1979-01-01..2019-12-31,ok,7,contains,3767,False,3767,0
75144,growing,16,0.0257819,0.0257819,0,complex,complex,GSIM_US_0005889,07331600,1979-01-01,2019-12-31,12356,33,0,1979-01-01..2019-12-31,ok,7,contains,3767,False,3767,0
75145,dormant,99,0.606359,0.752566,1,intermediate,intermediate,GSIM_US_0005894,07332620,2006-07-01,2019-10-15,4854,12,0,1979-01-01..2019-12-31,ok,1,contains,3788,False,3788,0
75145,growing,91,0.450009,0.546554,1,complex,complex,GSIM_US_0005894,07332620,2006-07-01,2019-10-15,4854,12,0,1979-01-01..2019-12-31,ok,1,contains,3788,False,3788,0
75146,dormant,228,0.572036,0.663651,2,intermediate,intermediate,GSIM_US_0005895,07334000,1979-01-01,2019-12-31,14975,41,0,1979-01-01..2019-12-31,ok,2,adjacent,3789,False,3789,0
75146,growing,203,0.522516,0.522516,0,intermediate,complex,GSIM_US_0005895,07334000,1979-01-01,2019-12-31,14975,41,0,1979-01-01..2019-12-31,ok,2,adjacent,3789,False,3789,0
75147,dormant,123,0.522152,0.63743,2,intermediate,complex,GSIM_US_0005897,07335300,1982-08-25,2019-12-31,13643,37,0,1979-01-01..2019-12-31,ok,3,contains,3789,False,3789,0
75147,growing,78,0.262747,0.372589,1,complex,complex,GSIM_US_0005897,07335300,1982-08-25,2019-12-31,13643,37,0,1979-01-01..2019-12-31,ok,3,contains,3789,False,3789,0
75148,dormant,323,0.119094,0.143609,1,complex,complex,GSIM_US_0005898,07335500,1979-01-01,2019-12-31,14975,41,0,1979-01-01..2019-12-31,ok,1,contains,3767,False,3767,0
75148,growing,340,0.224092,0.29912,1,complex,complex,GSIM_US_0005898,07335500,1979-01-01,2019-12-31,14975,41,0,1979-01-01..2019-12-31,ok,1,contains,3767,False,3767,0
75150,dormant,120,0.303632,0.384781,1,complex,complex,GSIM_US_0005903,07337000,1979-01-01,2019-12-31,14971,41,0,1979-01-01..2019-12-31,ok,4,contains,3767,False,3767,0
75150,growing,63,0.0827147,0.0827147,0,complex,complex,GSIM_US_0005903,07337000,1979-01-01,2019-12-31,14971,41,0,1979-01-01..2019-12-31,ok,4,contains,3767,False,3767,0
75151,dormant,400,0.485911,0.502878,1,complex,intermediate,GSIM_US_0005905,07338500,1979-01-01,2019-12-31,14975,41,0,1979-01-01..2019-12-31,ok,1,contains,3792,False,3792,0
75151,growing,359,0.452706,0.470873,1,complex,complex,GSIM_US_0005905,07338500,1979-01-01,2019-12-31,14975,41,0,1979-01-01..2019-12-31,ok,1,contains,3792,False,3792,0
75152,dormant,11,,,,,intermediate,GSIM_US_0005907,07339000,1979-01-01,2019-12-31,14975,41,0,1979-01-01..2019-12-31,ok,7,contains,3793,False,3793,0
75152,growing,11,,,,,complex,GSIM_US_0005907,07339000,1979-01-01,2019-12-31,14975,41,0,1979-01-01..2019-12-31,ok,7,contains,3793,False,3793,0
75155,dormant,371,0.471004,0.598952,1,complex,intermediate,GSIM_US_0005912,07341200,1979-01-01,2019-12-31,14975,41,0,1979-01-01..2019-12-31,ok,1,adjacent,3366,False,3366,0
75155,growing,366,0.407764,0.435841,1,complex,intermediate,GSIM_US_0005912,07341200,1979-01-01,2019-12-31,14975,41,0,1979-01-01..2019-12-31,ok,1,adjacent,3366,False,3366,0
75156,dormant,248,0.170714,0.170714,0,complex,complex,GSIM_US_0005915,07342500,1979-01-01,2019-12-31,14975,41,0,1979-01-01..2019-12-31,ok,2,contains,3794,False,3794,0
75156,growing,235,0.149148,0.202934,2,complex,complex,GSIM_US_0005915,07342500,1979-01-01,2019-12-31,14975,41,0,1979-01-01..2019-12-31,ok,2,contains,3794,False,3794,0
75157,dormant,326,0.398046,0.412604,1,complex,complex,GSIM_US_0005917,07343200,1979-01-01,2019-12-31,14974,41,0,1979-01-01..2019-12-31,ok,1,contains,3796,False,3796,0
75157,growing,330,0.502777,0.530695,1,intermediate,intermediate,GSIM_US_0005917,07343200,1979-01-01,2019-12-31,14974,41,0,1979-01-01..2019-12-31,ok,1,contains,3796,False,3796,0
75158,dormant,32,0.751604,0.990172,1,simple,complex,GSIM_US_0005918,07343450,2008-10-01,2019-12-31,4109,11,0,1979-01-01..2019-12-31,ok,3,contains,3796,False,3796,0
75158,growing,21,0.132584,0.132584,0,complex,intermediate,GSIM_US_0005918,07343450,2008-10-01,2019-12-31,4109,11,0,1979-01-01..2019-12-31,ok,3,contains,3796,False,3796,0
75159,dormant,309,0.254803,0.377688,2,complex,complex,GSIM_US_0005919,07343500,1979-01-01,2019-12-31,14975,41,0,1979-01-01..2019-12-31,ok,1,adjacent,3804,False,3804,4.85111
75159,growing,289,0.51557,0.538542,1,intermediate,complex,GSIM_US_0005919,07343500,1979-01-01,2019-12-31,14975,41,0,1979-01-01..2019-12-31,ok,1,adjacent,3804,False,3804,4.85111
75161,dormant,33,0.0110786,0.153422,1,complex,complex,GSIM_US_0005921,07344370,1997-10-01,2019-12-31,8127,22,0,1979-01-01..2019-12-31,ok,5,contains,3767,False,3767,0
75161,growing,12,,,,,complex,GSIM_US_0005921,07344370,1997-10-01,2019-12-31,8127,22,0,1979-01-01..2019-12-31,ok,5,contains,3767,False,3767,0
75163,dormant,133,0.443738,0.510526,1,complex,intermediate,GSIM_US_0005924,07344493,2004-12-09,2019-12-31,5501,15,0,1979-01-01..2019-12-31,ok,1,contains,3797,False,3797,0
75163,growing,133,0.296133,0.296133,0,complex,complex,GSIM_US_0005924,07344493,2004-12-09,2019-12-31,5501,15,0,1979-01-01..2019-12-31,ok,1,contains,3797,False,3797,0
75164,dormant,192,0.416045,0.515819,1,complex,intermediate,GSIM_US_0005925,07344500,1979-01-01,2019-12-31,7311,19,0,1979-01-01..2019-12-31,ok,1,contains,3797,False,3797,0
75164,growing,203,0.417181,0.453905,1,complex,complex,GSIM_US_0005925,07344500,1979-01-01,2019-12-31,7311,19,0,1979-01-01..2019-12-31,ok,1,contains,3797,False,3797,0
75166,dormant,3,,,,,complex,GSIM_US_0005927,07346000,1979-10-01,2019-12-31,12870,33,0,1979-01-01..2019-12-31,ok,7,contains,3797,False,3797,0
75166,growing,6,,,,,complex,GSIM_US_0005927,07346000,1979-10-01,2019-12-31,12870,33,0,1979-01-01..2019-12-31,ok,7,contains,3797,False,3797,0
75167,dormant,14,,,,,complex,GSIM_US_0005931,07346080,2006-05-05,2019-12-31,4984,13,0,1979-01-01..2019-12-31,ok,4,contains,3799,False,3799,0
75167,growing,24,0.0129843,0.0129843,0,complex,complex,GSIM_US_0005931,07346080,2006-05-05,2019-12-31,4984,13,0,1979-01-01..2019-12-31,ok,4,contains,3799,False,3799,0
75174,dormant,342,0.515656,0.657352,1,intermediate,intermediate,GSIM_US_0005939,07351500,1982-10-01,2019-12-31,13241,35,0,1979-01-01..2019-12-31,ok,1,adjacent,3376,False,3376,5.80255
75174,growing,273,0.274017,0.274017,0,complex,intermediate,GSIM_US_0005939,07351500,1982-10-01,2019-12-31,13241,35,0,1979-01-01..2019-12-31,ok,1,adjacent,3376,False,3376,5.80255
75177,dormant,387,0.559455,0.738229,1,intermediate,intermediate,GSIM_US_0005942,07352000,1979-01-01,2019-12-31,14975,41,0,1979-01-01..2019-12-31,ok,1,independent,3376,False,3376,69.0805
75177,growing,347,0.357704,0.395914,1,complex,intermediate,GSIM_US_0005942,07352000,1979-01-01,2019-12-31,14975,41,0,1979-01-01..2019-12-31,ok,1,independent,3376,False,3376,69.0805
75178,dormant,140,0.353947,0.353947,0,complex,intermediate,GSIM_US_0005943,07352800,1979-06-14,1996-09-29,6318,16,0,1979-01-01..2019-12-31,ok,1,independent,3376,False,3376,35.7663
75178,growing,116,0.305599,0.305599,0,complex,complex,GSIM_US_0005943,07352800,1979-06-14,1996-09-29,6318,16,0,1979-01-01..2019-12-31,ok,1,independent,3376,False,3376,35.7663
75182,dormant,387,0.657256,0.680643,1,intermediate,intermediate,GSIM_US_0005947,07356000,1979-01-01,2019-12-31,14973,41,0,1979-01-01..2019-12-31,ok,1,adjacent,3793,False,3793,0
75182,growing,398,0.522341,0.581158,2,intermediate,complex,GSIM_US_0005947,07356000,1979-01-01,2019-12-31,14973,41,0,1979-01-01..2019-12-31,ok,1,adjacent,3793,False,3793,0
75185,dormant,239,0.511138,0.561855,1,intermediate,intermediate,GSIM_US_0005950,07359001,1979-01-01,2003-09-29,9031,24,0,1979-01-01..2019-12-31,ok,1,adjacent,3368,False,3368,0
75185,growing,261,0.238675,0.238675,0,complex,intermediate,GSIM_US_0005950,07359001,1979-01-01,2003-09-29,9031,24,0,1979-01-01..2019-12-31,ok,1,adjacent,3368,False,3368,0
75186,dormant,2,,,,,intermediate,GSIM_US_0005951,07359002,1979-01-01,2019-12-31,14693,39,0,1979-01-01..2019-12-31,ok,7,adjacent,3368,False,3368,0
75186,growing,6,,,,,intermediate,GSIM_US_0005951,07359002,1979-01-01,2019-12-31,14693,39,0,1979-01-01..2019-12-31,ok,7,adjacent,3368,False,3368,0
75198,dormant,196,0.751559,0.810172,1,simple,intermediate,GSIM_US_0005967,07363000,1979-01-01,2019-12-31,7672,19,0,1979-01-01..2019-12-31,ok,1,contains,3370,False,3370,0
75198,growing,221,0.569571,0.70529,2,intermediate,intermediate,GSIM_US_0005967,07363000,1979-01-01,2019-12-31,7672,19,0,1979-01-01..2019-12-31,ok,1,contains,3370,False,3370,0
75204,dormant,54,0.518628,0.518628,0,intermediate,complex,GSIM_US_0005973,07364133,1987-10-01,2019-12-31,11759,32,0,1979-01-01..2019-12-31,ok,3,independent,3760,False,3760,55.1843
75204,growing,65,0.408252,0.408252,0,complex,intermediate,GSIM_US_0005973,07364133,1987-10-01,2019-12-31,11759,32,0,1979-01-01..2019-12-31,ok,3,independent,3760,False,3760,55.1843
75205,dormant,1,,,,,complex,GSIM_US_0005974,07364150,1979-01-01,2019-12-31,11688,31,0,1979-01-01..2019-12-31,ok,7,independent,3760,False,3760,38.4857
75205,growing,2,,,,,intermediate,GSIM_US_0005974,07364150,1979-01-01,2019-12-31,11688,31,0,1979-01-01..2019-12-31,ok,7,independent,3760,False,3760,38.4857
75222,dormant,132,0.351204,0.385155,1,complex,intermediate,GSIM_US_0005991,07372050,2001-11-20,2019-12-31,6254,16,0,1979-01-01..2019-12-31,ok,1,independent,3371,False,3371,25.712
75222,growing,118,0.33926,0.430592,1,complex,intermediate,GSIM_US_0005991,07372050,2001-11-20,2019-12-31,6254,16,0,1979-01-01..2019-12-31,ok,1,independent,3371,False,3371,25.712
75226,dormant,438,0.613888,0.666195,1,intermediate,intermediate,GSIM_US_0005998,07375500,1979-01-01,2019-12-31,14975,41,0,1979-01-01..2019-12-31,ok,1,contains,3801,False,3801,0
75226,growing,350,0.541466,0.604016,1,intermediate,intermediate,GSIM_US_0005998,07375500,1979-01-01,2019-12-31,14975,41,0,1979-01-01..2019-12-31,ok,1,contains,3801,False,3801,0
75232,dormant,256,0.650812,0.701828,1,intermediate,intermediate,GSIM_US_0006005,07377782,1979-01-01,2012-10-02,11598,29,0,1979-01-01..2019-12-31,ok,1,independent,4462,False,4462,25.6966
75232,growing,288,0.57215,0.654768,2,intermediate,intermediate,GSIM_US_0006005,07377782,1979-01-01,2012-10-02,11598,29,0,1979-01-01..2019-12-31,ok,1,independent,4462,False,4462,25.6966
75234,dormant,391,0.625788,0.683342,1,intermediate,intermediate,GSIM_US_0006007,07378500,1979-01-01,2019-12-31,14975,41,0,1979-01-01..2019-12-31,ok,1,adjacent,3373,False,3373,0
75234,growing,336,0.49625,0.539102,1,complex,intermediate,GSIM_US_0006007,07378500,1979-01-01,2019-12-31,14975,41,0,1979-01-01..2019-12-31,ok,1,adjacent,3373,False,3373,0
75235,dormant,144,0.535216,0.646016,2,intermediate,intermediate,GSIM_US_0006008,07380120,1987-10-01,2015-09-29,8183,15,0,1979-01-01..2019-12-31,ok,2,adjacent,3373,False,3373,0
75235,growing,104,0.757825,0.757825,0,simple,intermediate,GSIM_US_0006008,07380120,1987-10-01,2015-09-29,8183,15,0,1979-01-01..2019-12-31,ok,2,adjacent,3373,False,3373,0
75243,dormant,479,0.716105,0.734348,1,intermediate,complex,GSIM_US_0006017,08010000,1979-01-01,2019-12-31,14975,41,0,1979-01-01..2019-12-31,ok,1,independent,3375,False,3375,37.8706
75243,growing,264,0.611943,0.787258,1,intermediate,intermediate,GSIM_US_0006017,08010000,1979-01-01,2019-12-31,14975,41,0,1979-01-01..2019-12-31,ok,1,independent,3375,False,3375,37.8706
75244,dormant,233,0.516256,0.531533,1,intermediate,intermediate,GSIM_US_0006018,08012000,1979-01-01,2019-12-31,14973,41,0,1979-01-01..2019-12-31,ok,2,adjacent,3375,False,3375,8.37049
75244,growing,193,0.388882,0.502617,1,complex,intermediate,GSIM_US_0006018,08012000,1979-01-01,2019-12-31,14973,41,0,1979-01-01..2019-12-31,ok,2,adjacent,3375,False,3375,8.37049
75249,dormant,200,0.469105,0.675111,2,complex,intermediate,GSIM_US_0006025,08015500,1979-01-01,2016-03-15,13581,37,0,1979-01-01..2019-12-31,ok,2,contains,3375,False,3375,0
75249,growing,160,0.339852,0.339852,0,complex,intermediate,GSIM_US_0006025,08015500,1979-01-01,2016-03-15,13581,37,0,1979-01-01..2019-12-31,ok,2,contains,3375,False,3375,0
75253,dormant,210,0.413842,0.564263,1,complex,complex,GSIM_US_0006032,08018500,1979-01-01,2019-12-31,14244,38,0,1979-01-01..2019-12-31,ok,2,contains,3803,False,3803,0
75253,growing,244,0.379792,0.47221,2,complex,complex,GSIM_US_0006032,08018500,1979-01-01,2019-12-31,14244,38,0,1979-01-01..2019-12-31,ok,2,contains,3803,False,3803,0
75254,dormant,277,0.268868,0.268868,0,complex,complex,GSIM_US_0006033,08019000,1979-01-01,2019-12-31,14244,38,0,1979-01-01..2019-12-31,ok,1,adjacent,3804,False,3804,0
75254,growing,333,0.364008,0.459588,1,complex,complex,GSIM_US_0006033,08019000,1979-01-01,2019-12-31,14244,38,0,1979-01-01..2019-12-31,ok,1,adjacent,3804,False,3804,0
75255,dormant,21,0.237185,0.237185,0,complex,complex,GSIM_US_0006034,08019200,1997-09-27,2019-12-31,8130,22,0,1979-01-01..2019-12-31,ok,5,contains,3803,False,3803,0
75255,growing,16,0.381277,0.381277,0,complex,complex,GSIM_US_0006034,08019200,1997-09-27,2019-12-31,8130,22,0,1979-01-01..2019-12-31,ok,5,contains,3803,False,3803,0
75256,dormant,3,,,,,complex,GSIM_US_0006036,08020000,1979-01-01,2019-12-31,13878,36,0,1979-01-01..2019-12-31,ok,7,contains,3804,False,3804,0
75256,growing,9,,,,,complex,GSIM_US_0006036,08020000,1979-01-01,2019-12-31,13878,36,0,1979-01-01..2019-12-31,ok,7,contains,3804,False,3804,0
75258,dormant,0,,,,,complex,GSIM_US_0006038,08020900,1995-10-01,2019-12-31,8858,24,0,1979-01-01..2019-12-31,ok,7,contains,3804,False,3804,0
75258,growing,7,,,,,complex,GSIM_US_0006038,08020900,1995-10-01,2019-12-31,8858,24,0,1979-01-01..2019-12-31,ok,7,contains,3804,False,3804,0
75259,dormant,375,0.328778,0.328778,0,complex,complex,GSIM_US_0006039,08022040,1979-01-01,2019-12-31,14975,41,0,1979-01-01..2019-12-31,ok,1,contains,3804,False,3804,0
75259,growing,315,0.214851,0.214851,0,complex,complex,GSIM_US_0006039,08022040,1979-01-01,2019-12-31,14975,41,0,1979-01-01..2019-12-31,ok,1,contains,3804,False,3804,0
75260,dormant,167,0.222403,0.222403,0,complex,intermediate,GSIM_US_0006040,08022070,1979-01-01,1996-10-22,6505,17,0,1979-01-01..2019-12-31,ok,1,adjacent,3810,False,3810,9.23746
75260,growing,149,0.437206,0.538701,1,complex,complex,GSIM_US_0006040,08022070,1979-01-01,1996-10-22,6505,17,0,1979-01-01..2019-12-31,ok,1,adjacent,3810,False,3810,9.23746
75262,dormant,340,0.523474,0.634402,2,intermediate,intermediate,GSIM_US_0006044,08023400,1979-01-01,2019-12-31,13652,35,0,1979-01-01..2019-12-31,ok,1,adjacent,3376,False,3376,3.94065
75262,growing,295,0.273605,0.273605,0,complex,complex,GSIM_US_0006044,08023400,1979-01-01,2019-12-31,13652,35,0,1979-01-01..2019-12-31,ok,1,adjacent,3376,False,3376,3.94065
75263,dormant,253,0.18193,0.292969,2,complex,complex,GSIM_US_0006045,08025360,1979-01-01,2019-12-31,14975,41,0,1979-01-01..2019-12-31,ok,1,contains,3804,False,3804,0
75263,growing,304,0.117434,0.141834,1,complex,intermediate,GSIM_US_0006045,08025360,1979-01-01,2019-12-31,14975,41,0,1979-01-01..2019-12-31,ok,1,contains,3804,False,3804,0
75264,dormant,247,0.0786778,0.0786778,0,complex,complex,GSIM_US_0006047,08026000,1979-01-01,2019-12-31,14975,41,0,1979-01-01..2019-12-31,ok,2,contains,3804,False,3804,0
75264,growing,296,0.0781575,0.0781575,0,complex,intermediate,GSIM_US_0006047,08026000,1979-01-01,2019-12-31,14975,41,0,1979-01-01..2019-12-31,ok,2,contains,3804,False,3804,0
75266,dormant,227,0.200657,0.222589,1,complex,complex,GSIM_US_0006049,08028500,1979-01-01,2019-12-31,14244,38,0,1979-01-01..2019-12-31,ok,2,contains,3804,False,3804,0
75266,growing,273,0.161009,0.19968,1,complex,intermediate,GSIM_US_0006049,08028500,1979-01-01,2019-12-31,14244,38,0,1979-01-01..2019-12-31,ok,2,contains,3804,False,3804,0
75268,dormant,23,0.0187387,0.0187387,0,complex,intermediate,GSIM_US_0006053,08030500,1979-01-01,2019-12-31,14975,41,0,1979-01-01..2019-12-31,ok,5,contains,3804,False,3804,0
75268,growing,34,0.362517,0.362517,0,complex,complex,GSIM_US_0006053,08030500,1979-01-01,2019-12-31,14975,41,0,1979-01-01..2019-12-31,ok,5,contains,3804,False,3804,0
75269,dormant,160,0.240173,0.342054,1,complex,complex,GSIM_US_0006056,08032000,1979-01-01,2019-12-31,9861,26,0,1979-01-01..2019-12-31,ok,2,contains,3808,False,3808,0
75269,growing,160,0.242591,0.273408,1,complex,complex,GSIM_US_0006056,08032000,1979-01-01,2019-12-31,9861,26,0,1979-01-01..2019-12-31,ok,2,contains,3808,False,3808,0
75271,dormant,86,0.414158,0.414158,0,complex,intermediate,GSIM_US_0006058,08033000,1979-01-01,2019-12-31,4384,11,0,1979-01-01..2019-12-31,ok,1,contains,3808,False,3808,0
75271,growing,71,0.373667,0.373667,0,complex,intermediate,GSIM_US_0006058,08033000,1979-01-01,2019-12-31,4384,11,0,1979-01-01..2019-12-31,ok,1,contains,3808,False,3808,0
75272,dormant,54,0.470376,0.470376,0,complex,intermediate,GSIM_US_0006060,08033500,1979-01-01,2019-12-31,14975,41,0,1979-01-01..2019-12-31,ok,4,contains,3808,False,3808,0
75272,growing,47,0.100455,0.100455,0,complex,intermediate,GSIM_US_0006060,08033500,1979-01-01,2019-12-31,14975,41,0,1979-01-01..2019-12-31,ok,4,contains,3808,False,3808,0
75273,dormant,129,0.385295,0.509105,2,complex,intermediate,GSIM_US_0006062,08034500,1979-01-01,2019-12-31,7013,18,0,1979-01-01..2019-12-31,ok,2,independent,3808,False,3808,19.9028
75273,growing,130,0.31678,0.367468,1,complex,complex,GSIM_US_0006062,08034500,1979-01-01,2019-12-31,7013,18,0,1979-01-01..2019-12-31,ok,2,independent,3808,False,3808,19.9028
75274,dormant,63,0.496779,0.614317,1,complex,intermediate,GSIM_US_0006063,08036500,1979-01-01,2019-12-31,14973,41,0,1979-01-01..2019-12-31,ok,4,contains,3810,False,3810,0
75274,growing,54,0.285075,0.382901,1,complex,complex,GSIM_US_0006063,08036500,1979-01-01,2019-12-31,14973,41,0,1979-01-01..2019-12-31,ok,4,contains,3810,False,3810,0
75276,dormant,245,0.236569,0.236569,0,complex,complex,GSIM_US_0006068,08040600,1979-01-01,2019-12-31,11322,30,0,1979-01-01..2019-12-31,ok,1,contains,3812,False,3812,0
75276,growing,234,0.252109,0.398204,1,complex,complex,GSIM_US_0006068,08040600,1979-01-01,2019-12-31,11322,30,0,1979-01-01..2019-12-31,ok,1,contains,3812,False,3812,0
75277,dormant,61,0.238288,0.527508,1,complex,complex,GSIM_US_0006069,08041000,1979-01-01,2019-12-31,14975,41,0,1979-01-01..2019-12-31,ok,4,contains,3812,False,3812,0
75277,growing,60,0.189512,0.312073,1,complex,complex,GSIM_US_0006069,08041000,1979-01-01,2019-12-31,14975,41,0,1979-01-01..2019-12-31,ok,4,contains,3812,False,3812,0
75278,dormant,18,0.167323,0.167323,0,complex,intermediate,GSIM_US_0006072,08041780,2003-06-05,2019-12-31,6000,16,0,1979-01-01..2019-12-31,ok,4,contains,3814,False,3814,0
75278,growing,23,0.397262,0.856598,1,intermediate,complex,GSIM_US_0006072,08041780,2003-06-05,2019-12-31,6000,16,0,1979-01-01..2019-12-31,ok,4,contains,3814,False,3814,0
75281,dormant,167,0.309706,0.634549,1,complex,complex,GSIM_US_0006076,08044000,1979-01-01,2019-12-31,11685,31,0,1979-01-01..2019-12-31,ok,1,adjacent,3827,False,3827,0
75281,growing,220,0.202525,0.202525,0,complex,complex,GSIM_US_0006076,08044000,1979-01-01,2019-12-31,11685,31,0,1979-01-01..2019-12-31,ok,1,adjacent,3827,False,3827,0
75282,dormant,269,0.181604,0.209392,1,complex,complex,GSIM_US_0006077,08044500,1979-01-01,2019-12-31,14973,41,0,1979-01-01..2019-12-31,ok,1,contains,3816,False,3816,0
75282,growing,331,0.276494,0.344965,2,complex,complex,GSIM_US_0006077,08044500,1979-01-01,2019-12-31,14973,41,0,1979-01-01..2019-12-31,ok,1,contains,3816,False,3816,0
75284,dormant,17,0.478193,0.704297,1,complex,complex,GSIM_US_0006080,08047000,1979-01-01,2019-12-31,14974,41,0,1979-01-01..2019-12-31,ok,7,adjacent,3817,False,3817,0
75284,growing,11,,,,,complex,GSIM_US_0006080,08047000,1979-01-01,2019-12-31,14974,41,0,1979-01-01..2019-12-31,ok,7,adjacent,3817,False,3817,0
75285,dormant,120,0.318441,0.318441,0,complex,complex,GSIM_US_0006081,08047050,1998-05-21,2019-12-31,7893,21,0,1979-01-01..2019-12-31,ok,1,independent,3817,False,3817,12.4493
75285,growing,118,0.433847,0.550245,2,complex,complex,GSIM_US_0006081,08047050,1998-05-21,2019-12-31,7893,21,0,1979-01-01..2019-12-31,ok,1,independent,3817,False,3817,12.4493
75286,dormant,27,0.560748,0.560748,0,intermediate,complex,GSIM_US_0006082,08047500,1979-01-01,2019-12-31,14974,41,0,1979-01-01..2019-12-31,ok,7,adjacent,3817,False,3817,0
75286,growing,16,0.345308,0.345308,0,complex,complex,GSIM_US_0006082,08047500,1979-01-01,2019-12-31,14974,41,0,1979-01-01..2019-12-31,ok,7,adjacent,3817,False,3817,0
75287,dormant,33,0.362189,0.773248,2,intermediate,complex,GSIM_US_0006083,08048000,1979-01-01,2019-12-31,14975,41,0,1979-01-01..2019-12-31,ok,7,contains,3816,False,3816,0
75287,growing,19,0.41681,0.41681,0,complex,complex,GSIM_US_0006083,08048000,1979-01-01,2019-12-31,14975,41,0,1979-01-01..2019-12-31,ok,7,contains,3816,False,3816,0
75288,dormant,25,0.636965,0.636965,0,intermediate,complex,GSIM_US_0006084,08048543,1979-01-01,2019-12-31,14975,41,0,1979-01-01..2019-12-31,ok,7,contains,3816,False,3816,0
75288,growing,22,0.270379,0.270379,0,complex,complex,GSIM_US_0006084,08048543,1979-01-01,2019-12-31,14975,41,0,1979-01-01..2019-12-31,ok,7,contains,3816,False,3816,0
75289,dormant,194,0.382781,0.412449,1,complex,complex,GSIM_US_0006085,08048970,1989-10-01,2019-12-31,11049,30,0,1979-01-01..2019-12-31,ok,1,adjacent,3818,False,3818,4.73497
75289,growing,254,0.465992,0.534019,1,complex,complex,GSIM_US_0006085,08048970,1989-10-01,2019-12-31,11049,30,0,1979-01-01..2019-12-31,ok,1,adjacent,3818,False,3818,4.73497
75290,dormant,27,0.810033,0.86861,1,simple,complex,GSIM_US_0006086,08049500,1979-01-01,2019-12-31,14975,41,0,1979-01-01..2019-12-31,ok,7,contains,3816,False,3816,0
75290,growing,17,0.309515,0.309515,0,complex,complex,GSIM_US_0006086,08049500,1979-01-01,2019-12-31,14975,41,0,1979-01-01..2019-12-31,ok,7,contains,3816,False,3816,0
75291,dormant,229,0.342921,0.342921,0,complex,complex,GSIM_US_0006089,08049700,1979-01-01,2019-12-31,14975,41,0,1979-01-01..2019-12-31,ok,1,adjacent,3819,False,3819,0
75291,growing,338,0.509296,0.603778,1,intermediate,complex,GSIM_US_0006089,08049700,1979-01-01,2019-12-31,14975,41,0,1979-01-01..2019-12-31,ok,1,adjacent,3819,False,3819,0
75292,dormant,266,0.482492,0.549577,1,complex,complex,GSIM_US_0006090,08050100,1979-01-01,2019-12-31,14244,38,0,1979-01-01..2019-12-31,ok,1,contains,3819,False,3819,0
75292,growing,356,0.456693,0.456693,0,complex,complex,GSIM_US_0006090,08050100,1979-01-01,2019-12-31,14244,38,0,1979-01-01..2019-12-31,ok,1,contains,3819,False,3819,0
75293,dormant,12,,,,,complex,GSIM_US_0006098,08052745,2004-10-01,2019-12-31,5570,15,0,1979-01-01..2019-12-31,ok,7,adjacent,3825,False,3825,0
75293,growing,2,,,,,intermediate,GSIM_US_0006098,08052745,2004-10-01,2019-12-31,5570,15,0,1979-01-01..2019-12-31,ok,7,adjacent,3825,False,3825,0
75294,dormant,17,0.0330527,0.0330527,0,complex,complex,GSIM_US_0006100,08053000,1979-01-01,2019-12-31,14610,39,0,1979-01-01..2019-12-31,ok,7,contains,3821,False,3821,0
75294,growing,15,0.00882633,0.00882633,0,complex,intermediate,GSIM_US_0006100,08053000,1979-01-01,2019-12-31,14610,39,0,1979-01-01..2019-12-31,ok,7,contains,3821,False,3821,0
75295,dormant,75,0.716462,0.716462,0,intermediate,complex,GSIM_US_0006101,08053009,2007-02-15,2019-12-31,4702,13,0,1979-01-01..2019-12-31,ok,1,independent,3825,False,3825,20.8383
75295,growing,86,0.680655,0.745051,1,intermediate,complex,GSIM_US_0006101,08053009,2007-02-15,2019-12-31,4702,13,0,1979-01-01..2019-12-31,ok,1,independent,3825,False,3825,20.8383
75296,dormant,20,0.310094,0.310094,0,complex,complex,GSIM_US_0006103,08055000,1979-01-01,2019-12-31,10583,28,0,1979-01-01..2019-12-31,ok,7,contains,3827,False,3827,0
75296,growing,9,,,,,complex,GSIM_US_0006103,08055000,1979-01-01,2019-12-31,10583,28,0,1979-01-01..2019-12-31,ok,7,contains,3827,False,3827,0
75297,dormant,28,0.0538539,0.0538539,0,complex,complex,GSIM_US_0006104,08055500,1979-01-01,2019-12-31,14975,41,0,1979-01-01..2019-12-31,ok,7,contains,3827,False,3827,0
75297,growing,17,0.811475,0.811475,0,simple,intermediate,GSIM_US_0006104,08055500,1979-01-01,2019-12-31,14975,41,0,1979-01-01..2019-12-31,ok,7,contains,3827,False,3827,0
75299,dormant,389,0.577993,0.600868,1,intermediate,complex,GSIM_US_0006106,08057000,1979-01-01,2019-12-31,14975,41,0,1979-01-01..2019-12-31,ok,1,contains,3816,False,3816,0
75299,growing,398,0.553511,0.601044,1,intermediate,complex,GSIM_US_0006106,08057000,1979-01-01,2019-12-31,14975,41,0,1979-01-01..2019-12-31,ok,1,contains,3816,False,3816,0
75300,dormant,189,0.762121,0.874851,2,simple,complex,GSIM_US_0006107,08057200,1979-01-01,2019-12-31,12236,30,0,1979-01-01..2019-12-31,ok,1,independent,3828,False,3828,15.6586
75300,growing,300,0.550041,0.626336,2,intermediate,complex,GSIM_US_0006107,08057200,1979-01-01,2019-12-31,12236,30,0,1979-01-01..2019-12-31,ok,1,independent,3828,False,3828,15.6586
75301,dormant,356,0.610437,0.65069,1,intermediate,complex,GSIM_US_0006108,08057410,1979-01-01,2019-12-31,13879,37,0,1979-01-01..2019-12-31,ok,1,contains,3816,False,3816,0
75301,growing,372,0.535078,0.585408,1,intermediate,complex,GSIM_US_0006108,08057410,1979-01-01,2019-12-31,13879,37,0,1979-01-01..2019-12-31,ok,1,contains,3816,False,3816,0
75302,dormant,176,0.730403,0.758342,1,intermediate,complex,GSIM_US_0006109,08057445,1979-01-01,2011-09-30,10685,27,0,1979-01-01..2019-12-31,ok,1,independent,3833,False,3833,19.8748
75302,growing,293,0.634385,0.677912,1,intermediate,complex,GSIM_US_0006109,08057445,1979-01-01,2011-09-30,10685,27,0,1979-01-01..2019-12-31,ok,1,independent,3833,False,3833,19.8748
75305,dormant,5,,,,,complex,GSIM_US_0006116,08061000,1979-01-01,2019-07-11,4495,11,0,1979-01-01..2019-12-31,ok,7,contains,3829,False,3829,0
75305,growing,1,,,,,complex,GSIM_US_0006116,08061000,1979-01-01,2019-07-11,4495,11,0,1979-01-01..2019-12-31,ok,7,contains,3829,False,3829,0
75306,dormant,264,0.672258,0.795752,2,intermediate,intermediate,GSIM_US_0006117,08061540,1979-01-01,2019-12-31,14975,41,0,1979-01-01..2019-12-31,ok,1,adjacent,3829,False,3829,6.19158
75306,growing,405,0.590842,0.642508,1,intermediate,complex,GSIM_US_0006117,08061540,1979-01-01,2019-12-31,14975,41,0,1979-01-01..2019-12-31,ok,1,adjacent,3829,False,3829,6.19158
75308,dormant,86,0.7691,0.86009,1,simple,complex,GSIM_US_0006119,08061700,1979-01-01,1992-12-31,4749,12,0,1979-01-01..2019-12-31,ok,1,independent,3833,False,3833,16.2538
75308,growing,126,0.628677,0.628677,0,intermediate,complex,GSIM_US_0006119,08061700,1979-01-01,1992-12-31,4749,12,0,1979-01-01..2019-12-31,ok,1,independent,3833,False,3833,16.2538
75309,dormant,366,0.377761,0.399098,1,complex,complex,GSIM_US_0006120,08061750,1979-01-01,2019-12-31,14608,39,0,1979-01-01..2019-12-31,ok,1,contains,3829,False,3829,0
75309,growing,365,0.259782,0.259782,0,complex,complex,GSIM_US_0006120,08061750,1979-01-01,2019-12-31,14608,39,0,1979-01-01..2019-12-31,ok,1,contains,3829,False,3829,0
75310,dormant,400,0.437538,0.45462,1,complex,complex,GSIM_US_0006121,08062000,1979-01-01,2019-12-31,14975,41,0,1979-01-01..2019-12-31,ok,1,contains,3829,False,3829,0
75310,growing,397,0.332228,0.332228,0,complex,complex,GSIM_US_0006121,08062000,1979-01-01,2019-12-31,14975,41,0,1979-01-01..2019-12-31,ok,1,contains,3829,False,3829,0
75311,dormant,384,0.572327,0.605661,2,intermediate,complex,GSIM_US_0006122,08062500,1979-01-01,2019-12-31,14974,41,0,1979-01-01..2019-12-31,ok,1,contains,3816,False,3816,0
75311,growing,406,0.525552,0.55527,1,intermediate,intermediate,GSIM_US_0006122,08062500,1979-01-01,2019-12-31,14974,41,0,1979-01-01..2019-12-31,ok,1,contains,3816,False,3816,0
75312,dormant,296,0.522074,0.543995,1,intermediate,complex,GSIM_US_0006123,08062700,1979-01-01,2019-12-31,14975,41,0,1979-01-01..2019-12-31,ok,2,contains,3816,False,3816,0
75312,growing,264,0.239942,0.239942,0,complex,intermediate,GSIM_US_0006123,08062700,1979-01-01,2019-12-31,14975,41,0,1979-01-01..2019-12-31,ok,2,contains,3816,False,3816,0
75313,dormant,167,0.37088,0.398953,1,complex,complex,GSIM_US_0006124,08062800,1979-01-01,2019-12-31,9495,25,0,1979-01-01..2019-12-31,ok,1,adjacent,3833,False,3833,0
75313,growing,187,0.4872,0.4872,0,complex,intermediate,GSIM_US_0006124,08062800,1979-01-01,2019-12-31,9495,25,0,1979-01-01..2019-12-31,ok,1,adjacent,3833,False,3833,0
75314,dormant,17,0.00240856,0.00240856,0,complex,complex,GSIM_US_0006128,08063100,1979-01-01,2019-12-31,14610,39,0,1979-01-01..2019-12-31,ok,7,contains,3834,False,3834,0
75314,growing,17,0.000575046,0.000575046,0,complex,complex,GSIM_US_0006128,08063100,1979-01-01,2019-12-31,14610,39,0,1979-01-01..2019-12-31,ok,7,contains,3834,False,3834,0
75315,dormant,74,0.313485,0.313485,0,complex,complex,GSIM_US_0006129,08063500,1979-01-01,1989-06-30,3834,10,0,1979-01-01..2019-12-31,ok,1,contains,3834,False,3834,0
75315,growing,73,0.553851,0.553851,0,intermediate,complex,GSIM_US_0006129,08063500,1979-01-01,1989-06-30,3834,10,0,1979-01-01..2019-12-31,ok,1,contains,3834,False,3834,0
75316,dormant,11,,,,,complex,GSIM_US_0006130,08063800,1979-01-01,2019-12-31,14898,40,0,1979-01-01..2019-12-31,ok,7,adjacent,3819,False,3819,0
75316,growing,8,,,,,complex,GSIM_US_0006130,08063800,1979-01-01,2019-12-31,14898,40,0,1979-01-01..2019-12-31,ok,7,adjacent,3819,False,3819,0
75317,dormant,283,0.483431,0.506914,1,complex,complex,GSIM_US_0006131,08064100,1983-10-01,2019-12-31,13241,36,0,1979-01-01..2019-12-31,ok,1,adjacent,3819,False,3819,0
75317,growing,261,0.517007,0.543241,1,intermediate,complex,GSIM_US_0006131,08064100,1983-10-01,2019-12-31,13241,36,0,1979-01-01..2019-12-31,ok,1,adjacent,3819,False,3819,0
75319,dormant,81,0.435409,0.435409,0,complex,complex,GSIM_US_0006135,08065000,1979-01-01,2019-12-31,14975,41,0,1979-01-01..2019-12-31,ok,4,contains,3816,False,3816,0
75319,growing,59,0.443931,0.443931,0,complex,complex,GSIM_US_0006135,08065000,1979-01-01,2019-12-31,14975,41,0,1979-01-01..2019-12-31,ok,4,contains,3816,False,3816,0
75320,dormant,19,0.552065,0.552065,0,intermediate,complex,GSIM_US_0006137,08065350,1979-01-01,2019-12-31,14975,41,0,1979-01-01..2019-12-31,ok,6,contains,3816,False,3816,0
75320,growing,14,,,,,complex,GSIM_US_0006137,08065350,1979-01-01,2019-12-31,14975,41,0,1979-01-01..2019-12-31,ok,6,contains,3816,False,3816,0
75322,dormant,11,,,,,complex,GSIM_US_0006141,08066191,1979-01-01,1991-09-29,4655,12,0,1979-01-01..2019-12-31,ok,1,contains,3816,False,3816,0
75322,growing,25,0.00443721,0.00443721,0,complex,complex,GSIM_US_0006141,08066191,1979-01-01,1991-09-29,4655,12,0,1979-01-01..2019-12-31,ok,1,contains,3816,False,3816,0
75323,dormant,205,0.0258217,0.0585092,1,complex,complex,GSIM_US_0006143,08066250,1979-01-01,2019-12-31,11323,30,0,1979-01-01..2019-12-31,ok,1,contains,3816,False,3816,0
75323,growing,214,0.154117,0.197894,1,complex,complex,GSIM_US_0006143,08066250,1979-01-01,2019-12-31,11323,30,0,1979-01-01..2019-12-31,ok,1,contains,3816,False,3816,0
75324,dormant,283,0.113944,0.113944,0,complex,complex,GSIM_US_0006145,08066500,1979-01-01,2019-12-31,14975,41,0,1979-01-01..2019-12-31,ok,1,contains,3816,False,3816,0
75324,growing,301,0.077586,0.141889,2,complex,complex,GSIM_US_0006145,08066500,1979-01-01,2019-12-31,14975,41,0,1979-01-01..2019-12-31,ok,1,contains,3816,False,3816,0
75327,dormant,128,0.359932,0.649647,1,complex,complex,GSIM_US_0006149,08067650,1979-01-01,2019-08-30,6491,10,0,1979-01-01..2019-12-31,ok,1,adjacent,3383,False,3383,0
75327,growing,86,0.405589,0.487379,1,complex,intermediate,GSIM_US_0006149,08067650,1979-01-01,2019-08-30,6491,10,0,1979-01-01..2019-12-31,ok,1,adjacent,3383,False,3383,0
75328,dormant,311,0.360702,0.386778,2,complex,complex,GSIM_US_0006150,08068000,1979-01-01,2019-12-31,14975,41,0,1979-01-01..2019-12-31,ok,1,adjacent,3383,False,3383,0
75328,growing,393,0.37269,0.502196,1,complex,complex,GSIM_US_0006150,08068000,1979-01-01,2019-12-31,14975,41,0,1979-01-01..2019-12-31,ok,1,adjacent,3383,False,3383,0
75329,dormant,248,0.363645,0.432813,2,complex,intermediate,GSIM_US_0006151,08068090,1984-05-01,2019-12-31,10836,28,0,1979-01-01..2019-12-31,ok,1,adjacent,3383,False,3383,0
75329,growing,304,0.415006,0.524237,2,complex,intermediate,GSIM_US_0006151,08068090,1984-05-01,2019-12-31,10836,28,0,1979-01-01..2019-12-31,ok,1,adjacent,3383,False,3383,0
75331,dormant,132,0.729021,0.794075,2,intermediate,intermediate,GSIM_US_0006155,08068400,1999-01-27,2019-12-31,7278,19,0,1979-01-01..2019-12-31,ok,1,adjacent,3841,False,3841,9.07701
75331,growing,183,0.613004,0.651208,1,intermediate,intermediate,GSIM_US_0006155,08068400,1999-01-27,2019-12-31,7278,19,0,1979-01-01..2019-12-31,ok,1,adjacent,3841,False,3841,9.07701
75332,dormant,178,0.768829,0.870042,1,simple,intermediate,GSIM_US_0006156,08068450,1999-10-01,2019-12-31,7397,20,0,1979-01-01..2019-12-31,ok,1,adjacent,3841,False,3841,9.07701
75332,growing,219,0.589139,0.589139,0,intermediate,intermediate,GSIM_US_0006156,08068450,1999-10-01,2019-12-31,7397,20,0,1979-01-01..2019-12-31,ok,1,adjacent,3841,False,3841,9.07701
75333,dormant,381,0.506434,0.553889,2,intermediate,intermediate,GSIM_US_0006157,08068500,1979-01-01,2019-12-31,14975,41,0,1979-01-01..2019-12-31,ok,1,contains,3841,False,3841,0
75333,growing,341,0.588063,0.89134,2,intermediate,intermediate,GSIM_US_0006157,08068500,1979-01-01,2019-12-31,14975,41,0,1979-01-01..2019-12-31,ok,1,contains,3841,False,3841,0
75334,dormant,265,0.512168,0.575632,2,intermediate,intermediate,GSIM_US_0006160,08068780,1982-05-01,2019-12-31,11914,31,0,1979-01-01..2019-12-31,ok,1,adjacent,3841,False,3841,0
75334,growing,235,0.407283,0.49801,1,complex,intermediate,GSIM_US_0006160,08068780,1982-05-01,2019-12-31,11914,31,0,1979-01-01..2019-12-31,ok,1,adjacent,3841,False,3841,0
75335,dormant,206,0.525117,0.525117,0,intermediate,complex,GSIM_US_0006161,08068800,1982-10-01,2019-12-31,10319,27,0,1979-01-01..2019-12-31,ok,1,contains,3843,False,3843,0
75335,growing,271,0.510867,0.575357,1,intermediate,complex,GSIM_US_0006161,08068800,1982-10-01,2019-12-31,10319,27,0,1979-01-01..2019-12-31,ok,1,contains,3843,False,3843,0
75336,dormant,134,0.58233,0.790775,1,intermediate,intermediate,GSIM_US_0006162,08069000,1979-01-01,2019-12-31,14975,41,0,1979-01-01..2019-12-31,ok,3,contains,3843,False,3843,0
75336,growing,181,0.554552,0.690749,2,intermediate,intermediate,GSIM_US_0006162,08069000,1979-01-01,2019-12-31,14975,41,0,1979-01-01..2019-12-31,ok,3,contains,3843,False,3843,0
75337,dormant,258,0.659704,0.697214,1,intermediate,complex,GSIM_US_0006168,08072300,1979-01-01,2019-12-31,13145,35,0,1979-01-01..2019-12-31,ok,1,adjacent,3842,False,3842,0
75337,growing,330,0.528006,0.564188,1,intermediate,complex,GSIM_US_0006168,08072300,1979-01-01,2019-12-31,13145,35,0,1979-01-01..2019-12-31,ok,1,adjacent,3842,False,3842,0
75340,dormant,39,0.832442,0.832442,0,simple,complex,GSIM_US_0006171,08073500,1979-01-01,2019-12-31,13879,37,0,1979-01-01..2019-12-31,ok,5,adjacent,3843,False,3843,0
75340,growing,39,0.85533,0.90551,1,simple,complex,GSIM_US_0006171,08073500,1979-01-01,2019-12-31,13879,37,0,1979-01-01..2019-12-31,ok,5,adjacent,3843,False,3843,0
75341,dormant,14,,,,,intermediate,GSIM_US_0006172,08073600,1979-01-01,2019-12-31,14975,41,0,1979-01-01..2019-12-31,ok,7,adjacent,3843,False,3843,0
75341,growing,12,,,,,complex,GSIM_US_0006172,08073600,1979-01-01,2019-12-31,14975,41,0,1979-01-01..2019-12-31,ok,7,adjacent,3843,False,3843,0
75342,dormant,10,,,,,intermediate,GSIM_US_0006173,08073700,1984-10-01,2019-12-31,8857,21,0,1979-01-01..2019-12-31,ok,7,adjacent,3843,False,3843,0
75342,growing,4,,,,,complex,GSIM_US_0006173,08073700,1984-10-01,2019-12-31,8857,21,0,1979-01-01..2019-12-31,ok,7,adjacent,3843,False,3843,0
75346,dormant,253,0.744773,0.799183,1,intermediate,intermediate,GSIM_US_0006177,08074500,1979-01-01,2019-12-31,14954,41,0,1979-01-01..2019-12-31,ok,1,adjacent,3843,False,3843,7.05267
75346,growing,380,0.76558,0.807217,2,simple,intermediate,GSIM_US_0006177,08074500,1979-01-01,2019-12-31,14954,41,0,1979-01-01..2019-12-31,ok,1,adjacent,3843,False,3843,7.05267
75347,dormant,61,0.685223,0.732853,1,intermediate,complex,GSIM_US_0006178,08074760,2006-10-01,2019-12-31,4840,13,0,1979-01-01..2019-12-31,ok,1,independent,3847,False,3847,20.673
75347,growing,118,0.714987,0.767333,1,intermediate,intermediate,GSIM_US_0006178,08074760,2006-10-01,2019-12-31,4840,13,0,1979-01-01..2019-12-31,ok,1,independent,3847,False,3847,20.673
75349,dormant,242,0.692731,0.760565,1,intermediate,intermediate,GSIM_US_0006180,08075000,1979-01-01,2019-12-31,14975,41,0,1979-01-01..2019-12-31,ok,1,independent,3847,False,3847,10.8876
75349,growing,377,0.805892,0.842053,1,simple,intermediate,GSIM_US_0006180,08075000,1979-01-01,2019-12-31,14975,41,0,1979-01-01..2019-12-31,ok,1,independent,3847,False,3847,10.8876
75350,dormant,199,0.677042,0.731184,2,intermediate,intermediate,GSIM_US_0006181,08075400,1979-02-14,2019-12-31,12907,34,0,1979-01-01..2019-12-31,ok,1,adjacent,3847,False,3847,6.01252
75350,growing,280,0.715036,0.792559,1,intermediate,complex,GSIM_US_0006181,08075400,1979-02-14,2019-12-31,12907,34,0,1979-01-01..2019-12-31,ok,1,adjacent,3847,False,3847,6.01252
75351,dormant,116,0.560786,0.607698,1,intermediate,intermediate,GSIM_US_0006182,08075500,1979-01-01,1995-09-29,6116,16,0,1979-01-01..2019-12-31,ok,1,adjacent,3847,False,3847,6.01252
75351,growing,156,0.794499,0.855988,1,simple,intermediate,GSIM_US_0006182,08075500,1979-01-01,1995-09-29,6116,16,0,1979-01-01..2019-12-31,ok,1,adjacent,3847,False,3847,6.01252
75352,dormant,74,0.598478,0.642329,1,intermediate,complex,GSIM_US_0006183,08075605,2006-10-01,2019-12-31,4840,13,0,1979-01-01..2019-12-31,ok,1,independent,3847,False,3847,15.1236
75352,growing,133,0.865676,0.966088,1,simple,complex,GSIM_US_0006183,08075605,2006-10-01,2019-12-31,4840,13,0,1979-01-01..2019-12-31,ok,1,independent,3847,False,3847,15.1236
75353,dormant,233,0.637857,0.66838,1,intermediate,complex,GSIM_US_0006184,08075730,1979-01-01,2019-12-31,14975,41,0,1979-01-01..2019-12-31,ok,1,independent,3847,False,3847,15.0848
75353,growing,368,0.848433,0.926242,2,simple,intermediate,GSIM_US_0006184,08075730,1979-01-01,2019-12-31,14975,41,0,1979-01-01..2019-12-31,ok,1,independent,3847,False,3847,15.0848
75354,dormant,67,0.650108,0.650108,0,intermediate,intermediate,GSIM_US_0006185,08075763,2006-10-01,2019-12-31,4840,13,0,1979-01-01..2019-12-31,ok,1,independent,3840,False,3840,26.2401
75354,growing,126,0.797065,0.954935,1,simple,intermediate,GSIM_US_0006185,08075763,2006-10-01,2019-12-31,4840,13,0,1979-01-01..2019-12-31,ok,1,independent,3840,False,3840,26.2401
75355,dormant,262,0.656768,0.696114,1,intermediate,intermediate,GSIM_US_0006186,08075770,1979-01-01,2019-12-31,14975,41,0,1979-01-01..2019-12-31,ok,1,independent,3840,False,3840,22.5848
75355,growing,387,0.751791,0.841889,2,simple,intermediate,GSIM_US_0006186,08075770,1979-01-01,2019-12-31,14975,41,0,1979-01-01..2019-12-31,ok,1,independent,3840,False,3840,22.5848
75356,dormant,154,0.614593,0.656402,1,intermediate,complex,GSIM_US_0006187,08075900,1979-01-01,2019-12-31,9697,24,0,1979-01-01..2019-12-31,ok,1,independent,3843,False,3843,12.7292
75356,growing,236,0.730265,0.799391,2,intermediate,complex,GSIM_US_0006187,08075900,1979-01-01,2019-12-31,9697,24,0,1979-01-01..2019-12-31,ok,1,independent,3843,False,3843,12.7292
75357,dormant,282,0.741573,0.807179,1,intermediate,intermediate,GSIM_US_0006188,08076000,1979-01-01,2019-12-31,14975,41,0,1979-01-01..2019-12-31,ok,1,independent,3843,False,3843,12.7901
75357,growing,413,0.718979,0.769115,2,intermediate,complex,GSIM_US_0006188,08076000,1979-01-01,2019-12-31,14975,41,0,1979-01-01..2019-12-31,ok,1,independent,3843,False,3843,12.7901
75366,dormant,207,0.305258,0.305258,0,complex,complex,GSIM_US_0006202,08082000,1979-01-01,2019-12-31,14975,41,0,1979-01-01..2019-12-31,ok,1,contains,3848,False,3848,0
75366,growing,213,0.365749,0.524127,1,complex,complex,GSIM_US_0006202,08082000,1979-01-01,2019-12-31,14975,41,0,1979-01-01..2019-12-31,ok,1,contains,3848,False,3848,0
75369,dormant,72,0.704139,0.704139,0,intermediate,intermediate,GSIM_US_0006210,08083420,1979-01-01,2019-12-31,7060,18,0,1979-01-01..2019-12-31,ok,1,adjacent,3853,False,3853,8.85992
75369,growing,117,0.561833,0.72656,1,intermediate,complex,GSIM_US_0006210,08083420,1979-01-01,2019-12-31,7060,18,0,1979-01-01..2019-12-31,ok,1,adjacent,3853,False,3853,8.85992
75370,dormant,168,0.10636,0.10636,0,complex,complex,GSIM_US_0006211,08084000,1979-01-01,2019-12-31,14975,41,0,1979-01-01..2019-12-31,ok,1,contains,3852,False,3852,0
75370,growing,302,0.1757,0.195372,1,complex,complex,GSIM_US_0006211,08084000,1979-01-01,2019-12-31,14975,41,0,1979-01-01..2019-12-31,ok,1,contains,3852,False,3852,0
75371,dormant,189,0.0518111,0.0518111,0,complex,complex,GSIM_US_0006213,08085500,1979-01-01,2019-12-31,14975,41,0,1979-01-01..2019-12-31,ok,2,contains,3852,False,3852,0
75371,growing,166,0.320543,0.371694,1,complex,complex,GSIM_US_0006213,08085500,1979-01-01,2019-12-31,14975,41,0,1979-01-01..2019-12-31,ok,2,contains,3852,False,3852,0
75376,dormant,135,0.0957378,0.0957378,0,complex,complex,GSIM_US_0006225,08091750,1979-01-01,2006-09-30,10135,27,0,1979-01-01..2019-12-31,ok,1,adjacent,3859,False,3859,0
75376,growing,150,0.171733,0.171733,0,complex,complex,GSIM_US_0006225,08091750,1979-01-01,2006-09-30,10135,27,0,1979-01-01..2019-12-31,ok,1,adjacent,3859,False,3859,0
75377,dormant,18,0.578656,0.714451,1,intermediate,complex,GSIM_US_0006226,08092000,1979-01-01,2019-12-31,7670,20,0,1979-01-01..2019-12-31,ok,7,independent,3819,False,3819,10.3057
75377,growing,6,,,,,complex,GSIM_US_0006226,08092000,1979-01-01,2019-12-31,7670,20,0,1979-01-01..2019-12-31,ok,7,independent,3819,False,3819,10.3057
75378,dormant,46,0.00655441,0.00655441,0,complex,complex,GSIM_US_0006227,08093100,1979-01-01,2019-12-31,14974,41,0,1979-01-01..2019-12-31,ok,7,contains,3852,False,3852,0
75378,growing,23,0.0274038,0.0274038,0,complex,complex,GSIM_US_0006227,08093100,1979-01-01,2019-12-31,14974,41,0,1979-01-01..2019-12-31,ok,7,contains,3852,False,3852,0
75379,dormant,24,0.0464633,0.0464633,0,complex,complex,GSIM_US_0006228,08093360,1979-10-01,2019-12-31,11036,29,0,1979-01-01..2019-12-31,ok,6,adjacent,3834,False,3834,0
75379,growing,7,,,,,complex,GSIM_US_0006228,08093360,1979-10-01,2019-12-31,11036,29,0,1979-01-01..2019-12-31,ok,6,adjacent,3834,False,3834,0
75380,dormant,15,0.0408962,0.0408962,0,complex,complex,GSIM_US_0006229,08093500,1979-01-01,2001-05-24,8180,22,0,1979-01-01..2019-12-31,ok,7,adjacent,3834,False,3834,0
75380,growing,2,,,,,complex,GSIM_US_0006229,08093500,1979-01-01,2001-05-24,8180,22,0,1979-01-01..2019-12-31,ok,7,adjacent,3834,False,3834,0
75382,dormant,12,,,,,complex,GSIM_US_0006234,08095400,1979-01-01,2019-12-31,6940,18,0,1979-01-01..2019-12-31,ok,7,adjacent,3862,False,3862,0
75382,growing,1,,,,,complex,GSIM_US_0006234,08095400,1979-01-01,2019-12-31,6940,18,0,1979-01-01..2019-12-31,ok,7,adjacent,3862,False,3862,0
75384,dormant,62,0.158046,0.158046,0,complex,complex,GSIM_US_0006237,08099100,1979-01-01,2019-12-31,7406,19,0,1979-01-01..2019-12-31,ok,2,adjacent,3387,False,3387,0
75384,growing,60,0.230114,0.230114,0,complex,complex,GSIM_US_0006237,08099100,1979-01-01,2019-12-31,7406,19,0,1979-01-01..2019-12-31,ok,2,adjacent,3387,False,3387,0
75385,dormant,14,,,,,complex,GSIM_US_0006239,08099500,1979-01-01,2019-12-31,9202,24,0,1979-01-01..2019-12-31,ok,7,contains,3864,False,3864,0
75385,growing,10,,,,,complex,GSIM_US_0006239,08099500,1979-01-01,2019-12-31,9202,24,0,1979-01-01..2019-12-31,ok,7,contains,3864,False,3864,0
75386,dormant,174,0.256846,0.305071,1,complex,complex,GSIM_US_0006240,08100000,1979-01-01,2019-12-31,10958,29,0,1979-01-01..2019-12-31,ok,1,contains,3864,False,3864,0
75386,growing,207,0.194529,0.194529,0,complex,complex,GSIM_US_0006240,08100000,1979-01-01,2019-12-31,10958,29,0,1979-01-01..2019-12-31,ok,1,contains,3864,False,3864,0
75387,dormant,269,0.256925,0.304695,1,complex,complex,GSIM_US_0006241,08100500,1979-01-01,2019-12-31,14975,41,0,1979-01-01..2019-12-31,ok,1,contains,3864,False,3864,0
75387,growing,256,0.346182,0.346182,0,complex,complex,GSIM_US_0006241,08100500,1979-01-01,2019-12-31,14975,41,0,1979-01-01..2019-12-31,ok,1,contains,3864,False,3864,0
75388,dormant,19,0.134342,0.134342,0,complex,complex,GSIM_US_0006243,08102500,1979-01-01,2019-12-31,14975,41,0,1979-01-01..2019-12-31,ok,7,contains,4484,False,4484,0
75388,growing,18,0.0260487,0.0260487,0,complex,complex,GSIM_US_0006243,08102500,1979-01-01,2019-12-31,14975,41,0,1979-01-01..2019-12-31,ok,7,contains,4484,False,4484,0
75390,dormant,19,0.0186403,0.0186403,0,complex,complex,GSIM_US_0006247,08104100,1979-01-01,2019-12-31,11505,30,0,1979-01-01..2019-12-31,ok,7,contains,3865,False,3865,0
75390,growing,8,,,,,complex,GSIM_US_0006247,08104100,1979-01-01,2019-12-31,11505,30,0,1979-01-01..2019-12-31,ok,7,contains,3865,False,3865,0
75391,dormant,33,0.0363911,0.0363911,0,complex,complex,GSIM_US_0006248,08104500,1979-01-01,2019-12-31,14975,41,0,1979-01-01..2019-12-31,ok,7,contains,3865,False,3865,0
75391,growing,22,4.72427e-05,4.72427e-05,0,complex,complex,GSIM_US_0006248,08104500,1979-01-01,2019-12-31,14975,41,0,1979-01-01..2019-12-31,ok,7,contains,3865,False,3865,0
75392,dormant,8,,,,,complex,GSIM_US_0006249,0810464660,2008-10-01,2019-12-31,4109,11,0,1979-01-01..2019-12-31,ok,7,adjacent,3390,False,3390,0
75392,growing,0,,,,,complex,GSIM_US_0006249,0810464660,2008-10-01,2019-12-31,4109,11,0,1979-01-01..2019-12-31,ok,7,adjacent,3390,False,3390,0
75393,dormant,21,0.00240953,0.00240953,0,complex,complex,GSIM_US_0006250,08104700,1979-01-01,2019-12-31,14975,41,0,1979-01-01..2019-12-31,ok,7,adjacent,3390,False,3390,0
75393,growing,15,0.0415895,0.0415895,0,complex,complex,GSIM_US_0006250,08104700,1979-01-01,2019-12-31,14975,41,0,1979-01-01..2019-12-31,ok,7,adjacent,3390,False,3390,0
75395,dormant,6,,,,,complex,GSIM_US_0006253,08105095,2003-10-01,2019-12-31,5936,16,0,1979-01-01..2019-12-31,ok,5,nested,3866,True,3866,0
75395,growing,5,,,,,complex,GSIM_US_0006253,08105095,2003-10-01,2019-12-31,5936,16,0,1979-01-01..2019-12-31,ok,5,nested,3866,True,3866,0
75396,dormant,23,0.0099011,0.0099011,0,complex,complex,GSIM_US_0006255,08105700,1979-01-01,2019-12-31,14975,41,0,1979-01-01..2019-12-31,ok,7,contains,4486,False,4486,0
75396,growing,11,,,,,complex,GSIM_US_0006255,08105700,1979-01-01,2019-12-31,14975,41,0,1979-01-01..2019-12-31,ok,7,contains,4486,False,4486,0
75397,dormant,163,0.386292,0.386292,0,complex,complex,GSIM_US_0006256,08106350,1981-02-12,2019-12-31,9022,11,0,1979-01-01..2019-12-31,ok,2,contains,3865,False,3865,0
75397,growing,115,0.459524,0.459524,0,complex,complex,GSIM_US_0006256,08106350,1981-02-12,2019-12-31,9022,11,0,1979-01-01..2019-12-31,ok,2,contains,3865,False,3865,0
75398,dormant,357,0.251495,0.251495,0,complex,complex,GSIM_US_0006257,08106500,1979-01-01,2019-12-31,14975,41,0,1979-01-01..2019-12-31,ok,1,contains,3865,False,3865,0
75398,growing,309,0.244554,0.258862,1,complex,complex,GSIM_US_0006257,08106500,1979-01-01,2019-12-31,14975,41,0,1979-01-01..2019-12-31,ok,1,contains,3865,False,3865,0
75399,dormant,309,0.319239,0.319239,0,complex,complex,GSIM_US_0006259,08109800,1979-01-01,2019-12-31,14975,41,0,1979-01-01..2019-12-31,ok,1,adjacent,3391,False,3391,0
75399,growing,306,0.431804,0.525354,2,complex,complex,GSIM_US_0006259,08109800,1979-01-01,2019-12-31,14975,41,0,1979-01-01..2019-12-31,ok,1,adjacent,3391,False,3391,0
75400,dormant,8,,,,,complex,GSIM_US_0006260,08110000,1979-01-01,2019-12-31,8792,23,0,1979-01-01..2019-12-31,ok,7,contains,3391,False,3391,0
75400,growing,4,,,,,complex,GSIM_US_0006260,08110000,1979-01-01,2019-12-31,8792,23,0,1979-01-01..2019-12-31,ok,7,contains,3391,False,3391,0
75401,dormant,331,0.293018,0.309916,1,complex,complex,GSIM_US_0006264,08110500,1979-01-01,2019-12-31,14975,41,0,1979-01-01..2019-12-31,ok,1,contains,3868,False,3868,0
75401,growing,320,0.365899,0.424502,1,complex,complex,GSIM_US_0006264,08110500,1979-01-01,2019-12-31,14975,41,0,1979-01-01..2019-12-31,ok,1,contains,3868,False,3868,0
75402,dormant,157,0.230432,0.286949,1,complex,complex,GSIM_US_0006265,08110800,1997-04-01,2019-12-31,8310,22,0,1979-01-01..2019-12-31,ok,2,contains,3868,False,3868,0
75402,growing,131,0.274073,0.319799,1,complex,complex,GSIM_US_0006265,08110800,1997-04-01,2019-12-31,8310,22,0,1979-01-01..2019-12-31,ok,2,contains,3868,False,3868,0
75403,dormant,52,0.473979,0.615842,1,complex,complex,GSIM_US_0006266,08111000,1979-01-01,1997-03-31,5864,15,0,1979-01-01..2019-12-31,ok,3,contains,3868,False,3868,0
75403,growing,44,0.213701,0.213701,0,complex,complex,GSIM_US_0006266,08111000,1979-01-01,1997-03-31,5864,15,0,1979-01-01..2019-12-31,ok,3,contains,3868,False,3868,0
75404,dormant,81,0.268934,0.268934,0,complex,complex,GSIM_US_0006268,08114000,1979-01-01,2019-12-31,14975,41,0,1979-01-01..2019-12-31,ok,4,contains,3861,False,3861,0
75404,growing,64,0.19686,0.388881,1,complex,complex,GSIM_US_0006268,08114000,1979-01-01,2019-12-31,14975,41,0,1979-01-01..2019-12-31,ok,4,contains,3861,False,3861,0
75405,dormant,84,0.662012,0.728067,1,intermediate,intermediate,GSIM_US_0006270,08116400,1979-01-01,2019-12-31,4675,12,0,1979-01-01..2019-12-31,ok,1,adjacent,3871,False,3871,0
75405,growing,85,0.437611,0.656651,2,complex,complex,GSIM_US_0006270,08116400,1979-01-01,2019-12-31,4675,12,0,1979-01-01..2019-12-31,ok,1,adjacent,3871,False,3871,0
75408,dormant,161,0.247536,0.31109,1,complex,complex,GSIM_US_0006275,08121000,1979-01-01,2019-12-31,14975,41,0,1979-01-01..2019-12-31,ok,1,contains,3873,False,3873,0
75408,growing,238,0.285334,0.537604,1,complex,complex,GSIM_US_0006275,08121000,1979-01-01,2019-12-31,14975,41,0,1979-01-01..2019-12-31,ok,1,contains,3873,False,3873,0
75410,dormant,179,0.367977,0.470495,1,complex,complex,GSIM_US_0006277,08123800,1979-01-01,2019-12-31,14975,41,0,1979-01-01..2019-12-31,ok,1,adjacent,3880,False,3880,0
75410,growing,177,0.0910436,0.0910436,0,complex,complex,GSIM_US_0006277,08123800,1979-01-01,2019-12-31,14975,41,0,1979-01-01..2019-12-31,ok,1,adjacent,3880,False,3880,0
75411,dormant,187,0.280798,0.38271,2,complex,complex,GSIM_US_0006278,08123850,1979-01-01,2019-12-31,14975,41,0,1979-01-01..2019-12-31,ok,1,contains,3873,False,3873,0
75411,growing,175,0.21547,0.359133,1,complex,complex,GSIM_US_0006278,08123850,1979-01-01,2019-12-31,14975,41,0,1979-01-01..2019-12-31,ok,1,contains,3873,False,3873,0
75412,dormant,163,0.0108352,0.0108352,0,complex,complex,GSIM_US_0006279,08124000,1979-01-01,2019-12-31,14975,41,0,1979-01-01..2019-12-31,ok,1,contains,3873,False,3873,0
75412,growing,157,0.037592,0.037592,0,complex,complex,GSIM_US_0006279,08124000,1979-01-01,2019-12-31,14975,41,0,1979-01-01..2019-12-31,ok,1,contains,3873,False,3873,0
75414,dormant,143,0.138153,0.138153,0,complex,complex,GSIM_US_0006282,08127000,1979-01-01,2019-12-31,14975,41,0,1979-01-01..2019-12-31,ok,1,adjacent,3853,False,3853,8.45534
75414,growing,175,0.226546,0.226546,0,complex,complex,GSIM_US_0006282,08127000,1979-01-01,2019-12-31,14975,41,0,1979-01-01..2019-12-31,ok,1,adjacent,3853,False,3853,8.45534
75416,dormant,10,,,,,complex,GSIM_US_0006290,08133250,2000-02-17,2019-12-31,6791,18,0,1979-01-01..2019-12-31,ok,1,nested,3879,False,3880,0
75416,growing,26,0.17729,0.17729,0,complex,complex,GSIM_US_0006290,08133250,2000-02-17,2019-12-31,6791,18,0,1979-01-01..2019-12-31,ok,1,nested,3879,False,3880,0
75420,dormant,49,0.577743,0.577743,0,intermediate,complex,GSIM_US_0006296,08135000,1979-01-01,1990-12-31,4383,12,0,1979-01-01..2019-12-31,ok,1,nested,3880,True,3880,0
75420,growing,79,0.511543,0.511543,0,intermediate,complex,GSIM_US_0006296,08135000,1979-01-01,1990-12-31,4383,12,0,1979-01-01..2019-12-31,ok,1,nested,3880,True,3880,0
75421,dormant,175,0.270876,0.270876,0,complex,complex,GSIM_US_0006297,08136000,1979-01-01,2019-12-31,14975,41,0,1979-01-01..2019-12-31,ok,1,contains,3880,False,3880,0
75421,growing,278,0.266738,0.266738,0,complex,complex,GSIM_US_0006297,08136000,1979-01-01,2019-12-31,14975,41,0,1979-01-01..2019-12-31,ok,1,contains,3880,False,3880,0
75422,dormant,183,0.14759,0.14759,0,complex,complex,GSIM_US_0006298,08136500,1979-01-01,2019-12-31,14975,41,0,1979-01-01..2019-12-31,ok,1,contains,3880,False,3880,0
75422,growing,254,0.171953,0.171953,0,complex,complex,GSIM_US_0006298,08136500,1979-01-01,2019-12-31,14975,41,0,1979-01-01..2019-12-31,ok,1,contains,3880,False,3880,0
75425,dormant,7,,,,,complex,GSIM_US_0006301,08141500,1979-01-01,1990-12-31,4383,12,0,1979-01-01..2019-12-31,ok,6,independent,3855,False,3855,43.9706
75425,growing,3,,,,,complex,GSIM_US_0006301,08141500,1979-01-01,1990-12-31,4383,12,0,1979-01-01..2019-12-31,ok,6,independent,3855,False,3855,43.9706
75428,dormant,262,0.0486849,0.0486849,0,complex,complex,GSIM_US_0006304,08143600,1979-01-01,2019-12-31,14974,41,0,1979-01-01..2019-12-31,ok,2,adjacent,3386,False,3386,0
75428,growing,190,0.425477,0.615813,2,complex,complex,GSIM_US_0006304,08143600,1979-01-01,2019-12-31,14974,41,0,1979-01-01..2019-12-31,ok,2,adjacent,3386,False,3386,0
75429,dormant,42,0.268135,0.268135,0,complex,complex,GSIM_US_0006308,08145000,1979-01-01,2019-12-31,9654,25,0,1979-01-01..2019-12-31,ok,5,contains,3883,False,3883,0
75429,growing,15,0.538666,0.972743,1,intermediate,complex,GSIM_US_0006308,08145000,1979-01-01,2019-12-31,9654,25,0,1979-01-01..2019-12-31,ok,5,contains,3883,False,3883,0
75430,dormant,252,0.214327,0.249117,1,complex,complex,GSIM_US_0006309,08146000,1979-01-01,2019-12-31,13514,36,0,1979-01-01..2019-12-31,ok,1,contains,3882,False,3882,0
75430,growing,210,0.28657,0.342727,2,complex,complex,GSIM_US_0006309,08146000,1979-01-01,2019-12-31,13514,36,0,1979-01-01..2019-12-31,ok,1,contains,3882,False,3882,0
75431,dormant,192,0.649928,0.810973,2,intermediate,intermediate,GSIM_US_0006318,08154700,1979-01-01,2019-12-31,14975,41,0,1979-01-01..2019-12-31,ok,1,adjacent,3891,False,3891,8.64882
75431,growing,273,0.449933,0.56012,2,complex,complex,GSIM_US_0006318,08154700,1979-01-01,2019-12-31,14975,41,0,1979-01-01..2019-12-31,ok,1,adjacent,3891,False,3891,8.64882
75432,dormant,132,0.509761,0.79152,2,intermediate,intermediate,GSIM_US_0006321,08155300,1979-01-01,2019-12-31,14975,41,0,1979-01-01..2019-12-31,ok,1,contains,3891,False,3891,0
75432,growing,159,0.383027,0.418748,1,complex,complex,GSIM_US_0006321,08155300,1979-01-01,2019-12-31,14975,41,0,1979-01-01..2019-12-31,ok,1,contains,3891,False,3891,0
75433,dormant,81,0.509624,0.509624,0,intermediate,intermediate,GSIM_US_0006322,08155400,1998-09-24,2019-12-31,7769,21,0,1979-01-01..2019-12-31,ok,1,contains,3891,False,3891,0
75433,growing,110,0.472535,0.554823,1,complex,complex,GSIM_US_0006322,08155400,1998-09-24,2019-12-31,7769,21,0,1979-01-01..2019-12-31,ok,1,contains,3891,False,3891,0
75434,dormant,50,0.608674,0.608674,0,intermediate,complex,GSIM_US_0006323,08155541,2007-07-21,2019-12-31,4547,12,0,1979-01-01..2019-12-31,ok,1,adjacent,3891,False,3891,5.85866
75434,growing,66,0.548583,0.548583,0,intermediate,complex,GSIM_US_0006323,08155541,2007-07-21,2019-12-31,4547,12,0,1979-01-01..2019-12-31,ok,1,adjacent,3891,False,3891,5.85866
75435,dormant,58,0.739732,0.739732,0,intermediate,complex,GSIM_US_0006324,08156675,2007-07-10,2019-12-31,4557,12,0,1979-01-01..2019-12-31,ok,1,independent,3891,False,3891,10.4273
75435,growing,56,0.705064,0.752626,1,intermediate,complex,GSIM_US_0006324,08156675,2007-07-10,2019-12-31,4557,12,0,1979-01-01..2019-12-31,ok,1,independent,3891,False,3891,10.4273
75436,dormant,166,0.683078,0.760649,2,intermediate,complex,GSIM_US_0006325,08156800,1983-01-08,2019-12-31,13440,36,0,1979-01-01..2019-12-31,ok,1,adjacent,3891,False,3891,6.77387
75436,growing,172,0.597588,0.608453,1,intermediate,complex,GSIM_US_0006325,08156800,1983-01-08,2019-12-31,13440,36,0,1979-01-01..2019-12-31,ok,1,adjacent,3891,False,3891,6.77387
75437,dormant,58,0.743467,0.743467,0,intermediate,complex,GSIM_US_0006326,08156910,2007-07-19,2019-12-31,4549,12,0,1979-01-01..2019-12-31,ok,1,independent,3891,False,3891,10.3041
75437,growing,55,0.645843,0.742493,1,intermediate,complex,GSIM_US_0006326,08156910,2007-07-19,2019-12-31,4549,12,0,1979-01-01..2019-12-31,ok,1,independent,3891,False,3891,10.3041
75440,dormant,108,0.00555505,0.00555505,0,complex,complex,GSIM_US_0006329,08158000,1979-01-01,2019-12-31,14974,41,0,1979-01-01..2019-12-31,ok,6,contains,3887,False,3887,0
75440,growing,40,0.188689,0.188689,0,complex,complex,GSIM_US_0006329,08158000,1979-01-01,2019-12-31,14974,41,0,1979-01-01..2019-12-31,ok,6,contains,3887,False,3887,0
75441,dormant,59,0.667035,0.667035,0,intermediate,complex,GSIM_US_0006330,08158030,2007-08-02,2019-12-31,4535,12,0,1979-01-01..2019-12-31,ok,1,independent,3891,False,3891,10.1557
75441,growing,57,0.645637,0.645637,0,intermediate,complex,GSIM_US_0006330,08158030,2007-08-02,2019-12-31,4535,12,0,1979-01-01..2019-12-31,ok,1,independent,3891,False,3891,10.1557
75442,dormant,49,0.756582,0.756582,0,simple,complex,GSIM_US_0006331,08158035,2007-08-01,2019-12-31,4536,12,0,1979-01-01..2019-12-31,ok,1,independent,3891,False,3891,10.0341
75442,growing,79,0.664087,0.664087,0,intermediate,complex,GSIM_US_0006331,08158035,2007-08-01,2019-12-31,4536,12,0,1979-01-01..2019-12-31,ok,1,independent,3891,False,3891,10.0341
75444,dormant,46,0.880293,0.92202,1,simple,complex,GSIM_US_0006333,08158200,1985-05-13,2019-12-31,4536,12,0,1979-01-01..2019-12-31,ok,1,independent,3891,False,3891,13.7773
75444,growing,58,0.617415,0.675766,1,intermediate,complex,GSIM_US_0006333,08158200,1985-05-13,2019-12-31,4536,12,0,1979-01-01..2019-12-31,ok,1,independent,3891,False,3891,13.7773
75445,dormant,55,0.811051,0.811051,0,simple,complex,GSIM_US_0006334,08158380,1985-02-21,2019-12-31,4355,12,0,1979-01-01..2019-12-31,ok,1,independent,3891,False,3891,12.4282
75445,growing,59,0.781067,0.824455,1,simple,complex,GSIM_US_0006334,08158380,1985-02-21,2019-12-31,4355,12,0,1979-01-01..2019-12-31,ok,1,independent,3891,False,3891,12.4282
75446,dormant,196,0.601583,0.696436,2,intermediate,complex,GSIM_US_0006335,08158600,1979-01-01,2019-12-31,14975,41,0,1979-01-01..2019-12-31,ok,1,independent,3891,False,3891,12.3748
75446,growing,301,0.474443,0.542071,2,complex,complex,GSIM_US_0006335,08158600,1979-01-01,2019-12-31,14975,41,0,1979-01-01..2019-12-31,ok,1,independent,3891,False,3891,12.3748
75448,dormant,13,,,,,complex,GSIM_US_0006339,08158827,2003-04-03,2019-12-31,5982,15,0,1979-01-01..2019-12-31,ok,6,contains,4490,False,4490,0
75448,growing,1,,,,,complex,GSIM_US_0006339,08158827,2003-04-03,2019-12-31,5982,15,0,1979-01-01..2019-12-31,ok,6,contains,4490,False,4490,0
75449,dormant,88,0.642116,0.787947,1,intermediate,intermediate,GSIM_US_0006340,08158840,1979-01-01,2019-12-31,10512,26,0,1979-01-01..2019-12-31,ok,1,adjacent,3393,False,3393,0
75449,growing,104,0.4957,0.544257,1,complex,complex,GSIM_US_0006340,08158840,1979-01-01,2019-12-31,10512,26,0,1979-01-01..2019-12-31,ok,1,adjacent,3393,False,3393,0
75450,dormant,47,0.426671,0.525997,1,complex,intermediate,GSIM_US_0006341,08158860,2003-05-31,2019-12-31,5996,16,0,1979-01-01..2019-12-31,ok,1,adjacent,3393,False,3393,0
75450,growing,41,0.447548,0.447548,0,complex,complex,GSIM_US_0006341,08158860,2003-05-31,2019-12-31,5996,16,0,1979-01-01..2019-12-31,ok,1,adjacent,3393,False,3393,0
75451,dormant,112,0.641714,0.838772,1,intermediate,intermediate,GSIM_US_0006342,08158920,1979-01-01,2019-12-31,11320,30,0,1979-01-01..2019-12-31,ok,1,adjacent,3891,False,3891,0
75451,growing,120,0.522672,0.564127,1,intermediate,complex,GSIM_US_0006342,08158920,1979-01-01,2019-12-31,11320,30,0,1979-01-01..2019-12-31,ok,1,adjacent,3891,False,3891,0
75452,dormant,21,0.318833,0.318833,0,complex,complex,GSIM_US_0006343,08158927,2007-09-14,2019-12-31,4492,12,0,1979-01-01..2019-12-31,ok,1,adjacent,3891,False,3891,2.85271
75452,growing,18,0.221031,0.221031,0,complex,complex,GSIM_US_0006343,08158927,2007-09-14,2019-12-31,4492,12,0,1979-01-01..2019-12-31,ok,1,adjacent,3891,False,3891,2.85271
75455,dormant,272,0.37438,0.580941,2,complex,intermediate,GSIM_US_0006346,08159000,1979-01-01,2019-12-31,14975,41,0,1979-01-01..2019-12-31,ok,1,contains,4490,False,4490,0
75455,growing,256,0.48915,0.604093,2,complex,intermediate,GSIM_US_0006346,08159000,1979-01-01,2019-12-31,14975,41,0,1979-01-01..2019-12-31,ok,1,contains,4490,False,4490,0
75456,dormant,236,0.104584,0.131158,1,complex,complex,GSIM_US_0006348,08162000,1979-01-01,2019-12-31,14975,41,0,1979-01-01..2019-12-31,ok,2,contains,3887,False,3887,0
75456,growing,244,0.0430324,0.0430324,0,complex,complex,GSIM_US_0006348,08162000,1979-01-01,2019-12-31,14975,41,0,1979-01-01..2019-12-31,ok,2,contains,3887,False,3887,0
75458,dormant,11,,,,,complex,GSIM_US_0006365,08166250,2008-02-01,2019-12-31,4030,11,0,1979-01-01..2019-12-31,ok,7,nested,3904,False,3904,0
75458,growing,6,,,,,complex,GSIM_US_0006365,08166250,2008-02-01,2019-12-31,4030,11,0,1979-01-01..2019-12-31,ok,7,nested,3904,False,3904,0
75459,dormant,45,0.0234767,0.0234767,0,complex,complex,GSIM_US_0006368,08167800,1979-01-01,2019-12-31,14975,41,0,1979-01-01..2019-12-31,ok,5,nested,3905,True,3905,0
75459,growing,42,0.0237302,0.0237302,0,complex,intermediate,GSIM_US_0006368,08167800,1979-01-01,2019-12-31,14975,41,0,1979-01-01..2019-12-31,ok,5,nested,3905,True,3905,0
75460,dormant,49,0.000201007,0.000201007,0,complex,complex,GSIM_US_0006369,08168500,1979-01-01,2019-12-31,14975,41,0,1979-01-01..2019-12-31,ok,5,contains,3905,False,3905,0
75460,growing,33,0.0793825,0.0793825,0,complex,intermediate,GSIM_US_0006369,08168500,1979-01-01,2019-12-31,14975,41,0,1979-01-01..2019-12-31,ok,5,contains,3905,False,3905,0
75461,dormant,17,0.300912,0.300912,0,complex,intermediate,GSIM_US_0006370,08168797,2006-03-03,2019-12-31,5052,14,0,1979-01-01..2019-12-31,ok,6,nested,3906,True,3906,0
75461,growing,3,,,,,complex,GSIM_US_0006370,08168797,2006-03-03,2019-12-31,5052,14,0,1979-01-01..2019-12-31,ok,6,nested,3906,True,3906,0
75462,dormant,23,0.172553,0.404485,1,complex,intermediate,GSIM_US_0006372,08169792,2005-03-14,2019-12-31,5405,14,0,1979-01-01..2019-12-31,ok,7,contains,3905,False,3905,0
75462,growing,8,,,,,intermediate,GSIM_US_0006372,08169792,2005-03-14,2019-12-31,5405,14,0,1979-01-01..2019-12-31,ok,7,contains,3905,False,3905,0
75463,dormant,158,0.381063,0.513823,1,complex,intermediate,GSIM_US_0006380,08173900,1996-10-01,2019-12-31,8491,23,0,1979-01-01..2019-12-31,ok,1,contains,3905,False,3905,0
75463,growing,167,0.272606,0.272606,0,complex,intermediate,GSIM_US_0006380,08173900,1996-10-01,2019-12-31,8491,23,0,1979-01-01..2019-12-31,ok,1,contains,3905,False,3905,0
75464,dormant,273,0.296898,0.815632,2,intermediate,complex,GSIM_US_0006383,08175800,1979-01-01,2019-12-31,14975,41,0,1979-01-01..2019-12-31,ok,2,contains,3905,False,3905,0
75464,growing,253,0.324143,0.360738,1,complex,intermediate,GSIM_US_0006383,08175800,1979-01-01,2019-12-31,14975,41,0,1979-01-01..2019-12-31,ok,2,contains,3905,False,3905,0
75465,dormant,185,0.178667,0.178667,0,complex,complex,GSIM_US_0006384,08176500,1979-01-01,2019-12-31,14975,41,0,1979-01-01..2019-12-31,ok,3,contains,3905,False,3905,0
75465,growing,153,0.245049,0.245049,0,complex,intermediate,GSIM_US_0006384,08176500,1979-01-01,2019-12-31,14975,41,0,1979-01-01..2019-12-31,ok,3,contains,3905,False,3905,0
75467,dormant,276,0.45676,0.541275,1,complex,complex,GSIM_US_0006388,08177500,1979-01-01,2019-12-31,14975,41,0,1979-01-01..2019-12-31,ok,1,contains,4498,False,4498,0
75467,growing,274,0.305391,0.345454,1,complex,complex,GSIM_US_0006388,08177500,1979-01-01,2019-12-31,14975,41,0,1979-01-01..2019-12-31,ok,1,contains,4498,False,4498,0
75469,dormant,146,0.555518,0.689832,2,intermediate,complex,GSIM_US_0006390,08178000,1979-01-01,2019-12-31,10040,26,0,1979-01-01..2019-12-31,ok,1,independent,3916,False,3916,11.2776
75469,growing,168,0.172266,0.172266,0,complex,complex,GSIM_US_0006390,08178000,1979-01-01,2019-12-31,10040,26,0,1979-01-01..2019-12-31,ok,1,independent,3916,False,3916,11.2776
75471,dormant,301,0.644731,0.742745,1,intermediate,intermediate,GSIM_US_0006392,08178800,1979-01-01,2019-12-31,14975,41,0,1979-01-01..2019-12-31,ok,1,adjacent,3919,False,3919,0
75471,growing,323,0.491634,0.506657,1,complex,intermediate,GSIM_US_0006392,08178800,1979-01-01,2019-12-31,14975,41,0,1979-01-01..2019-12-31,ok,1,adjacent,3919,False,3919,0
75474,dormant,175,0.291885,0.3473,2,complex,intermediate,GSIM_US_0006397,08180700,1981-01-01,2019-12-31,13654,36,0,1979-01-01..2019-12-31,ok,1,contains,3915,False,3915,0
75474,growing,275,0.253979,0.394864,1,complex,intermediate,GSIM_US_0006397,08180700,1981-01-01,2019-12-31,13654,36,0,1979-01-01..2019-12-31,ok,1,contains,3915,False,3915,0
75476,dormant,142,0.36859,0.418847,1,complex,intermediate,GSIM_US_0006399,08180800,1979-01-01,2019-12-31,9732,24,0,1979-01-01..2019-12-31,ok,1,contains,3915,False,3915,0
75476,growing,197,0.265694,0.386563,1,complex,intermediate,GSIM_US_0006399,08180800,1979-01-01,2019-12-31,9732,24,0,1979-01-01..2019-12-31,ok,1,contains,3915,False,3915,0
75477,dormant,201,0.626341,0.902363,2,intermediate,complex,GSIM_US_0006401,08181480,1984-09-13,2019-12-31,12890,35,0,1979-01-01..2019-12-31,ok,1,contains,3916,False,3916,0
75477,growing,230,0.400599,0.644294,1,complex,intermediate,GSIM_US_0006401,08181480,1984-09-13,2019-12-31,12890,35,0,1979-01-01..2019-12-31,ok,1,contains,3916,False,3916,0
75478,dormant,265,0.48343,0.634982,1,complex,complex,GSIM_US_0006402,08181500,1979-01-01,2019-12-31,14975,41,0,1979-01-01..2019-12-31,ok,1,contains,3915,False,3915,0
75478,growing,303,0.285672,0.35006,2,complex,intermediate,GSIM_US_0006402,08181500,1979-01-01,2019-12-31,14975,41,0,1979-01-01..2019-12-31,ok,1,contains,3915,False,3915,0
75479,dormant,315,0.547727,0.702884,1,intermediate,complex,GSIM_US_0006403,08181800,1979-01-01,2019-12-31,14975,41,0,1979-01-01..2019-12-31,ok,1,contains,3915,False,3915,0
75479,growing,320,0.560019,0.869706,2,intermediate,intermediate,GSIM_US_0006403,08181800,1979-01-01,2019-12-31,14975,41,0,1979-01-01..2019-12-31,ok,1,contains,3915,False,3915,0
75480,dormant,98,0.734193,0.758742,1,intermediate,complex,GSIM_US_0006404,08183200,2006-01-04,2019-12-31,5110,14,0,1979-01-01..2019-12-31,ok,1,contains,3915,False,3915,0
75480,growing,111,0.536259,0.572467,1,intermediate,intermediate,GSIM_US_0006404,08183200,2006-01-04,2019-12-31,5110,14,0,1979-01-01..2019-12-31,ok,1,contains,3915,False,3915,0
75481,dormant,312,0.491538,0.698702,1,complex,complex,GSIM_US_0006405,08183500,1979-01-01,2019-12-31,14975,41,0,1979-01-01..2019-12-31,ok,1,contains,3915,False,3915,0
75481,growing,327,0.654813,0.735537,1,intermediate,intermediate,GSIM_US_0006405,08183500,1979-01-01,2019-12-31,14975,41,0,1979-01-01..2019-12-31,ok,1,contains,3915,False,3915,0
75482,dormant,17,0.0809822,0.0809822,0,complex,intermediate,GSIM_US_0006409,08185065,2005-12-08,2019-12-31,5137,14,0,1979-01-01..2019-12-31,ok,7,nested,3920,False,3921,0
75482,growing,10,,,,,intermediate,GSIM_US_0006409,08185065,2005-12-08,2019-12-31,5137,14,0,1979-01-01..2019-12-31,ok,7,nested,3920,False,3921,0
75483,dormant,101,0.469115,0.638966,1,complex,complex,GSIM_US_0006410,08185100,2005-11-16,2019-12-31,5159,14,0,1979-01-01..2019-12-31,ok,1,nested,3920,False,3921,0
75483,growing,101,0.412224,0.465817,1,complex,complex,GSIM_US_0006410,08185100,2005-11-16,2019-12-31,5159,14,0,1979-01-01..2019-12-31,ok,1,nested,3920,False,3921,0
75484,dormant,154,0.394568,0.501377,1,complex,complex,GSIM_US_0006414,08188500,1979-01-01,2019-12-31,14975,41,0,1979-01-01..2019-12-31,ok,3,contains,3921,False,3921,0
75484,growing,132,0.485758,0.573165,2,complex,intermediate,GSIM_US_0006414,08188500,1979-01-01,2019-12-31,14975,41,0,1979-01-01..2019-12-31,ok,3,contains,3921,False,3921,0
75485,dormant,20,0.828685,0.998588,1,simple,complex,GSIM_US_0006415,08188570,2005-11-24,2019-12-31,5150,14,0,1979-01-01..2019-12-31,ok,5,contains,3921,False,3921,0
75485,growing,9,,,,,intermediate,GSIM_US_0006415,08188570,2005-11-24,2019-12-31,5150,14,0,1979-01-01..2019-12-31,ok,5,contains,3921,False,3921,0
75486,dormant,41,0.528363,0.528363,0,intermediate,complex,GSIM_US_0006416,08188800,2000-08-04,2019-12-31,6899,19,0,1979-01-01..2019-12-31,ok,4,contains,3905,False,3905,0
75486,growing,32,0.365997,0.365997,0,complex,complex,GSIM_US_0006416,08188800,2000-08-04,2019-12-31,6899,19,0,1979-01-01..2019-12-31,ok,4,contains,3905,False,3905,0
75487,dormant,12,,,,,complex,GSIM_US_0006426,08194000,1979-01-01,2019-12-31,14975,41,0,1979-01-01..2019-12-31,ok,7,nested,3929,False,3929,0
75487,growing,4,,,,,complex,GSIM_US_0006426,08194000,1979-01-01,2019-12-31,14975,41,0,1979-01-01..2019-12-31,ok,7,nested,3929,False,3929,0
75488,dormant,5,,,,,complex,GSIM_US_0006436,08200720,2006-07-06,2019-12-31,4925,13,0,1979-01-01..2019-12-31,ok,1,nested,3932,True,3937,0
75488,growing,16,0.230771,0.230771,0,complex,intermediate,GSIM_US_0006436,08200720,2006-07-06,2019-12-31,4925,13,0,1979-01-01..2019-12-31,ok,1,nested,3932,True,3937,0
75489,dormant,70,0.0230584,0.0230584,0,complex,complex,GSIM_US_0006444,08206910,1991-11-19,2019-12-31,9901,27,0,1979-01-01..2019-12-31,ok,1,contains,3937,False,3937,0
75489,growing,104,0.0964707,0.0964707,0,complex,complex,GSIM_US_0006444,08206910,1991-11-19,2019-12-31,9901,27,0,1979-01-01..2019-12-31,ok,1,contains,3937,False,3937,0
75491,dormant,170,0.163537,0.163537,0,complex,complex,GSIM_US_0006448,08210000,1979-01-01,2019-12-31,14975,41,0,1979-01-01..2019-12-31,ok,2,contains,3929,False,3929,0
75491,growing,201,0.221268,0.29029,2,complex,complex,GSIM_US_0006448,08210000,1979-01-01,2019-12-31,14975,41,0,1979-01-01..2019-12-31,ok,2,contains,3929,False,3929,0
75492,dormant,6,,,,,complex,GSIM_US_0006449,08210400,1979-01-01,2019-12-31,10236,27,0,1979-01-01..2019-12-31,ok,1,adjacent,3943,False,3943,0
75492,growing,26,0.391011,0.964798,1,intermediate,complex,GSIM_US_0006449,08210400,1979-01-01,2019-12-31,10236,27,0,1979-01-01..2019-12-31,ok,1,adjacent,3943,False,3943,0
75493,dormant,74,0.0105719,0.0105719,0,complex,complex,GSIM_US_0006450,08211000,1979-01-01,2019-12-31,14975,41,0,1979-01-01..2019-12-31,ok,6,contains,3929,False,3929,0
75493,growing,51,0.0806584,0.0806584,0,complex,complex,GSIM_US_0006450,08211000,1979-01-01,2019-12-31,14975,41,0,1979-01-01..2019-12-31,ok,6,contains,3929,False,3929,0
75494,dormant,25,0.0174355,0.0174355,0,complex,complex,GSIM_US_0006451,08211500,1989-10-01,2019-12-31,11011,30,0,1979-01-01..2019-12-31,ok,7,contains,3929,False,3929,0
75494,growing,13,,,,,complex,GSIM_US_0006451,08211500,1989-10-01,2019-12-31,11011,30,0,1979-01-01..2019-12-31,ok,7,contains,3929,False,3929,0
75495,dormant,8,,,,,complex,GSIM_US_0006455,08212400,1979-01-01,2019-12-31,9315,24,0,1979-01-01..2019-12-31,ok,1,adjacent,3929,False,3929,0
75495,growing,32,0.241895,0.241895,0,complex,complex,GSIM_US_0006455,08212400,1979-01-01,2019-12-31,9315,24,0,1979-01-01..2019-12-31,ok,1,adjacent,3929,False,3929,0
75497,dormant,22,0.0528119,0.0528119,0,complex,complex,GSIM_US_0006542,08330600,1982-09-30,2019-09-29,10970,17,0,1979-01-01..2019-12-31,ok,1,independent,3736,False,3736,129.053
75497,growing,33,0.265452,0.265452,0,complex,complex,GSIM_US_0006542,08330600,1982-09-30,2019-09-29,10970,17,0,1979-01-01..2019-12-31,ok,1,independent,3736,False,3736,129.053
75500,dormant,0,,,,,complex,GSIM_US_0006559,08376300,2006-10-01,2017-10-31,4049,11,0,1979-01-01..2019-12-31,ok,,independent,3955,False,3955,25.7602
75500,growing,0,,,,,complex,GSIM_US_0006559,08376300,2006-10-01,2017-10-31,4049,11,0,1979-01-01..2019-12-31,ok,,independent,3955,False,3955,25.7602
75501,dormant,116,0.477924,0.563036,1,complex,complex,GSIM_US_0006564,08382500,1979-01-01,2019-12-31,14975,41,0,1979-01-01..2019-12-31,ok,1,adjacent,3736,False,3736,0
75501,growing,236,0.236112,0.365551,1,complex,complex,GSIM_US_0006564,08382500,1979-01-01,2019-12-31,14975,41,0,1979-01-01..2019-12-31,ok,1,adjacent,3736,False,3736,0
75502,dormant,105,0.443477,0.737237,1,complex,complex,GSIM_US_0006565,08382600,1979-01-01,2019-12-31,14974,41,0,1979-01-01..2019-12-31,ok,1,adjacent,3736,False,3736,0
75502,growing,232,0.354213,0.418791,1,complex,complex,GSIM_US_0006565,08382600,1979-01-01,2019-12-31,14974,41,0,1979-01-01..2019-12-31,ok,1,adjacent,3736,False,3736,0
75503,dormant,136,0.461028,0.828414,1,intermediate,complex,GSIM_US_0006566,08382650,1979-01-01,2019-12-31,14975,41,0,1979-01-01..2019-12-31,ok,1,adjacent,3736,False,3736,0
75503,growing,265,0.392043,0.464163,1,complex,complex,GSIM_US_0006566,08382650,1979-01-01,2019-12-31,14975,41,0,1979-01-01..2019-12-31,ok,1,adjacent,3736,False,3736,0
75504,dormant,4,,,,,complex,GSIM_US_0006567,08382730,1979-01-01,1997-09-30,6848,18,0,1979-01-01..2019-12-31,ok,5,adjacent,3736,False,3736,0
75504,growing,1,,,,,complex,GSIM_US_0006567,08382730,1979-01-01,1997-09-30,6848,18,0,1979-01-01..2019-12-31,ok,5,adjacent,3736,False,3736,0
75505,dormant,74,0.0535254,0.187903,1,complex,complex,GSIM_US_0006568,08382830,1980-01-17,2019-12-31,14594,40,0,1979-01-01..2019-12-31,ok,4,adjacent,3736,False,3736,0
75505,growing,46,0.000134823,0.000134823,0,complex,complex,GSIM_US_0006568,08382830,1980-01-17,2019-12-31,14594,40,0,1979-01-01..2019-12-31,ok,4,adjacent,3736,False,3736,0
75506,dormant,28,0.00169212,0.00169212,0,complex,complex,GSIM_US_0006569,08383000,1979-01-01,1992-09-29,5021,13,0,1979-01-01..2019-12-31,ok,7,adjacent,3736,False,3736,0
75506,growing,3,,,,,complex,GSIM_US_0006569,08383000,1979-01-01,1992-09-29,5021,13,0,1979-01-01..2019-12-31,ok,7,adjacent,3736,False,3736,0
75507,dormant,66,0.0162544,0.0162544,0,complex,complex,GSIM_US_0006570,08383500,1979-01-01,2019-12-31,14975,41,0,1979-01-01..2019-12-31,ok,7,adjacent,3736,False,3736,0
75507,growing,24,0.0124888,0.0124888,0,complex,complex,GSIM_US_0006570,08383500,1979-01-01,2019-12-31,14975,41,0,1979-01-01..2019-12-31,ok,7,adjacent,3736,False,3736,0
75508,dormant,88,0.024771,0.024771,0,complex,complex,GSIM_US_0006571,08384500,1979-01-01,2019-12-31,14975,41,0,1979-01-01..2019-12-31,ok,1,adjacent,3736,False,3736,0
75508,growing,140,0.0385277,0.0385277,0,complex,complex,GSIM_US_0006571,08384500,1979-01-01,2019-12-31,14975,41,0,1979-01-01..2019-12-31,ok,1,adjacent,3736,False,3736,0
75509,dormant,32,0.365624,0.487431,1,complex,complex,GSIM_US_0006572,08385522,1992-08-12,2019-12-31,9637,25,0,1979-01-01..2019-12-31,ok,7,adjacent,3736,False,3736,0
75509,growing,19,0.00097894,0.00097894,0,complex,complex,GSIM_US_0006572,08385522,1992-08-12,2019-12-31,9637,25,0,1979-01-01..2019-12-31,ok,7,adjacent,3736,False,3736,0
75510,dormant,104,0.391906,0.506609,1,complex,complex,GSIM_US_0006573,08385630,1993-08-20,2019-12-31,9075,24,0,1979-01-01..2019-12-31,ok,1,adjacent,3736,False,3736,0
75510,growing,120,0.383892,0.520834,2,complex,complex,GSIM_US_0006573,08385630,1993-08-20,2019-12-31,9075,24,0,1979-01-01..2019-12-31,ok,1,adjacent,3736,False,3736,0
75511,dormant,197,0.0316945,0.0316945,0,complex,complex,GSIM_US_0006574,08386000,1979-01-01,2019-12-31,14975,41,0,1979-01-01..2019-12-31,ok,1,adjacent,3736,False,3736,0
75511,growing,190,0.425836,0.554308,2,complex,complex,GSIM_US_0006574,08386000,1979-01-01,2019-12-31,14975,41,0,1979-01-01..2019-12-31,ok,1,adjacent,3736,False,3736,0
75512,dormant,79,0.0603382,0.0603382,0,complex,complex,GSIM_US_0006581,08394024,2003-10-24,2019-12-31,5740,16,0,1979-01-01..2019-12-31,ok,1,contains,3949,False,3949,0
75512,growing,64,0.0297153,0.0297153,0,complex,complex,GSIM_US_0006581,08394024,2003-10-24,2019-12-31,5740,16,0,1979-01-01..2019-12-31,ok,1,contains,3949,False,3949,0
75513,dormant,80,0.276639,0.59217,1,complex,complex,GSIM_US_0006582,08394033,2003-10-24,2019-12-31,5736,16,0,1979-01-01..2019-12-31,ok,1,contains,3949,False,3949,0
75513,growing,68,0.146589,0.146589,0,complex,complex,GSIM_US_0006582,08394033,2003-10-24,2019-12-31,5736,16,0,1979-01-01..2019-12-31,ok,1,contains,3949,False,3949,0
75514,dormant,203,0.207204,0.320631,1,complex,complex,GSIM_US_0006584,08395500,1979-01-01,2019-12-31,14975,41,0,1979-01-01..2019-12-31,ok,1,contains,3949,False,3949,0
75514,growing,171,0.386982,0.485842,1,complex,complex,GSIM_US_0006584,08395500,1979-01-01,2019-12-31,14975,41,0,1979-01-01..2019-12-31,ok,1,contains,3949,False,3949,0
75515,dormant,205,0.123988,0.176883,1,complex,complex,GSIM_US_0006585,08396500,1979-01-01,2019-12-31,14975,41,0,1979-01-01..2019-12-31,ok,2,contains,3949,False,3949,0
75515,growing,139,0.303151,0.409372,2,complex,complex,GSIM_US_0006585,08396500,1979-01-01,2019-12-31,14975,41,0,1979-01-01..2019-12-31,ok,2,contains,3949,False,3949,0
75516,dormant,4,,,,,complex,GSIM_US_0006588,08398500,1979-01-01,2019-12-31,14879,40,0,1979-01-01..2019-12-31,ok,1,contains,3951,False,3951,0
75516,growing,28,0.0075786,0.0075786,0,complex,complex,GSIM_US_0006588,08398500,1979-01-01,2019-12-31,14879,40,0,1979-01-01..2019-12-31,ok,1,contains,3951,False,3951,0
75517,dormant,6,,,,,complex,GSIM_US_0006589,08400000,1979-01-01,2019-12-31,14865,40,0,1979-01-01..2019-12-31,ok,1,adjacent,3951,False,3951,6.83552
75517,growing,8,,,,,complex,GSIM_US_0006589,08400000,1979-01-01,2019-12-31,14865,40,0,1979-01-01..2019-12-31,ok,1,adjacent,3951,False,3951,6.83552
75518,dormant,12,,,,,complex,GSIM_US_0006590,08401200,1979-01-01,2019-12-31,14224,38,0,1979-01-01..2019-12-31,ok,1,independent,3953,False,3953,30.5818
75518,growing,8,,,,,complex,GSIM_US_0006590,08401200,1979-01-01,2019-12-31,14224,38,0,1979-01-01..2019-12-31,ok,1,independent,3953,False,3953,30.5818
75519,dormant,11,,,,,complex,GSIM_US_0006591,08401900,1979-01-01,2019-12-31,14975,41,0,1979-01-01..2019-12-31,ok,1,independent,3953,False,3953,16.0237
75519,growing,10,,,,,complex,GSIM_US_0006591,08401900,1979-01-01,2019-12-31,14975,41,0,1979-01-01..2019-12-31,ok,1,independent,3953,False,3953,16.0237
75520,dormant,2,,,,,complex,GSIM_US_0006592,08405105,2002-02-03,2019-12-31,6541,18,0,1979-01-01..2019-12-31,ok,1,adjacent,3952,False,3952,0
75520,growing,1,,,,,complex,GSIM_US_0006592,08405105,2002-02-03,2019-12-31,6541,18,0,1979-01-01..2019-12-31,ok,1,adjacent,3952,False,3952,0
75521,dormant,4,,,,,complex,GSIM_US_0006593,08405150,1979-01-01,2019-12-31,14975,41,0,1979-01-01..2019-12-31,ok,1,adjacent,3952,False,3952,0
75521,growing,9,,,,,complex,GSIM_US_0006593,08405150,1979-01-01,2019-12-31,14975,41,0,1979-01-01..2019-12-31,ok,1,adjacent,3952,False,3952,0
75522,dormant,4,,,,,complex,GSIM_US_0006597,08431700,1979-01-01,2007-09-29,4289,10,0,1979-01-01..2019-12-31,ok,1,independent,3954,False,3954,110.628
75522,growing,19,0.292948,0.292948,0,complex,complex,GSIM_US_0006597,08431700,1979-01-01,2007-09-29,4289,10,0,1979-01-01..2019-12-31,ok,1,independent,3954,False,3954,110.628
75523,dormant,10,,,,,complex,GSIM_US_0006598,08433000,1979-01-01,2019-12-31,7635,19,0,1979-01-01..2019-12-31,ok,1,independent,3955,False,3955,88.2132
75523,growing,7,,,,,complex,GSIM_US_0006598,08433000,1979-01-01,2019-12-31,7635,19,0,1979-01-01..2019-12-31,ok,1,independent,3955,False,3955,88.2132
75524,dormant,218,0.0594264,0.0594264,0,complex,complex,GSIM_US_0006599,08446500,1979-01-01,2019-12-31,14975,41,0,1979-01-01..2019-12-31,ok,2,contains,3949,False,3949,0
75524,growing,144,0.108092,0.108092,0,complex,complex,GSIM_US_0006599,08446500,1979-01-01,2019-12-31,14975,41,0,1979-01-01..2019-12-31,ok,2,contains,3949,False,3949,0
75531,dormant,54,0.0918506,0.0918506,0,complex,complex,GSIM_US_0006995,09398500,1979-01-01,1993-10-13,4730,13,0,1979-01-01..2019-12-31,ok,1,adjacent,3977,False,3977,0
75531,growing,4,,,,,complex,GSIM_US_0006995,09398500,1979-01-01,1993-10-13,4730,13,0,1979-01-01..2019-12-31,ok,1,adjacent,3977,False,3977,0
75533,dormant,0,,,,,complex,GSIM_US_0006997,09399400,2006-06-21,2019-12-31,4942,13,0,1979-01-01..2019-12-31,ok,,adjacent,3977,False,3977,0
75533,growing,0,,,,,complex,GSIM_US_0006997,09399400,2006-06-21,2019-12-31,4942,13,0,1979-01-01..2019-12-31,ok,,adjacent,3977,False,3977,0
75534,dormant,23,8.60579e-05,8.60579e-05,0,complex,complex,GSIM_US_0006999,09400562,1995-07-26,2013-12-25,6727,18,0,1979-01-01..2019-12-31,ok,1,adjacent,3959,False,3959,6.65806
75534,growing,36,0.391161,0.391161,0,complex,complex,GSIM_US_0006999,09400562,1995-07-26,2013-12-25,6727,18,0,1979-01-01..2019-12-31,ok,1,adjacent,3959,False,3959,6.65806
75535,dormant,103,0.199734,0.199734,0,complex,complex,GSIM_US_0007000,09400568,1994-04-21,2019-12-31,9386,25,0,1979-01-01..2019-12-31,ok,1,independent,3959,False,3959,19.774
75535,growing,38,0.301252,0.301252,0,complex,complex,GSIM_US_0007000,09400568,1994-04-21,2019-12-31,9386,25,0,1979-01-01..2019-12-31,ok,1,independent,3959,False,3959,19.774
75537,dormant,142,0.276917,0.360827,1,complex,complex,GSIM_US_0007003,09402000,1979-01-01,2019-12-31,14975,41,0,1979-01-01..2019-12-31,ok,3,contains,3959,False,3959,0
75537,growing,82,0.654682,0.685122,1,intermediate,complex,GSIM_US_0007003,09402000,1979-01-01,2019-12-31,14975,41,0,1979-01-01..2019-12-31,ok,3,contains,3959,False,3959,0
75539,dormant,76,0.0415501,0.0415501,0,complex,complex,GSIM_US_0007006,09404110,1995-09-01,2019-12-31,8888,24,0,1979-01-01..2019-12-31,ok,1,nested,3960,True,3960,0
75539,growing,65,0.109695,0.109695,0,complex,complex,GSIM_US_0007006,09404110,1995-09-01,2019-12-31,8888,24,0,1979-01-01..2019-12-31,ok,1,nested,3960,True,3960,0
75540,dormant,93,0.0466772,0.0466772,0,complex,complex,GSIM_US_0007008,09404208,1993-05-12,2019-12-31,9730,26,0,1979-01-01..2019-12-31,ok,1,independent,3960,False,3960,11.3046
75540,growing,70,0.00449861,0.00449861,0,complex,complex,GSIM_US_0007008,09404208,1993-05-12,2019-12-31,9730,26,0,1979-01-01..2019-12-31,ok,1,independent,3960,False,3960,11.3046
75541,dormant,79,0.0696193,0.0696193,0,complex,complex,GSIM_US_0007009,09404222,1998-03-26,2019-12-31,7948,21,0,1979-01-01..2019-12-31,ok,1,independent,3965,False,3965,23.6363
75541,growing,24,0.0240559,0.0240559,0,complex,complex,GSIM_US_0007009,09404222,1998-03-26,2019-12-31,7948,21,0,1979-01-01..2019-12-31,ok,1,independent,3965,False,3965,23.6363
75542,dormant,62,0.125406,0.125406,0,complex,complex,GSIM_US_0007010,09404343,1993-09-30,2019-12-31,9589,26,0,1979-01-01..2019-12-31,ok,1,adjacent,3965,False,3965,0
75542,growing,23,0.108881,0.108881,0,complex,complex,GSIM_US_0007010,09404343,1993-09-30,2019-12-31,9589,26,0,1979-01-01..2019-12-31,ok,1,adjacent,3965,False,3965,0
75544,dormant,177,0.187688,0.187688,0,complex,complex,GSIM_US_0007022,09409880,1979-01-01,2013-11-24,12747,35,0,1979-01-01..2019-12-31,ok,1,independent,3960,False,3960,130.032
75544,growing,137,0.04298,0.04298,0,complex,intermediate,GSIM_US_0007022,09409880,1979-01-01,2013-11-24,12747,35,0,1979-01-01..2019-12-31,ok,1,independent,3960,False,3960,130.032
75546,dormant,112,0.181941,0.181941,0,complex,complex,GSIM_US_0007024,09410100,1979-01-01,2019-12-31,10234,27,0,1979-01-01..2019-12-31,ok,1,independent,3960,False,3960,126.677
75546,growing,93,0.0457624,0.0457624,0,complex,complex,GSIM_US_0007024,09410100,1979-01-01,2019-12-31,10234,27,0,1979-01-01..2019-12-31,ok,1,independent,3960,False,3960,126.677
75547,dormant,224,0.08826,0.08826,0,complex,complex,GSIM_US_0007025,09413000,1984-11-19,2019-12-31,12826,35,0,1979-01-01..2019-12-31,ok,1,independent,3960,False,3960,112.727
75547,growing,105,0.136373,0.214252,1,complex,complex,GSIM_US_0007025,09413000,1984-11-19,2019-12-31,12826,35,0,1979-01-01..2019-12-31,ok,1,independent,3960,False,3960,112.727
75549,dormant,194,0.38706,0.835841,1,intermediate,complex,GSIM_US_0007027,09413500,1991-10-01,2019-12-31,10319,28,0,1979-01-01..2019-12-31,ok,1,independent,3960,False,3960,25.8072
75549,growing,164,0.618651,0.647446,1,intermediate,complex,GSIM_US_0007027,09413500,1991-10-01,2019-12-31,10319,28,0,1979-01-01..2019-12-31,ok,1,independent,3960,False,3960,25.8072
75550,dormant,142,0.245625,0.327986,1,complex,complex,GSIM_US_0007028,09413700,1998-06-23,2019-12-31,7862,21,0,1979-01-01..2019-12-31,ok,1,independent,3960,False,3960,25.8072
75550,growing,123,0.5141,0.5141,0,intermediate,complex,GSIM_US_0007028,09413700,1998-06-23,2019-12-31,7862,21,0,1979-01-01..2019-12-31,ok,1,independent,3960,False,3960,25.8072
75552,dormant,80,0.448787,0.947158,2,intermediate,complex,GSIM_US_0007030,09414900,1993-02-06,2017-09-30,8521,21,0,1979-01-01..2019-12-31,ok,1,independent,3960,False,3960,123.715
75552,growing,45,0.0800854,0.0800854,0,complex,complex,GSIM_US_0007030,09414900,1993-02-06,2017-09-30,8521,21,0,1979-01-01..2019-12-31,ok,1,independent,3960,False,3960,123.715
75553,dormant,269,0.212189,0.260618,1,complex,complex,GSIM_US_0007031,09415000,1979-01-01,2019-12-31,14975,41,0,1979-01-01..2019-12-31,ok,1,independent,3960,False,3960,25.8071
75553,growing,226,0.468768,0.468768,0,complex,complex,GSIM_US_0007031,09415000,1979-01-01,2019-12-31,14975,41,0,1979-01-01..2019-12-31,ok,1,independent,3960,False,3960,25.8071
75554,dormant,118,0.212884,0.212884,0,complex,complex,GSIM_US_0007032,09415250,2006-04-21,2019-05-02,4760,12,0,1979-01-01..2019-12-31,ok,1,independent,3960,False,3960,25.8193
75554,growing,24,0.143202,0.143202,0,complex,complex,GSIM_US_0007032,09415250,2006-04-21,2019-05-02,4760,12,0,1979-01-01..2019-12-31,ok,1,independent,3960,False,3960,25.8193
75557,dormant,14,,,,,complex,GSIM_US_0007043,09419674,1992-02-01,2005-07-26,4925,13,0,1979-01-01..2019-12-31,ok,1,independent,3965,False,3965,158.134
75557,growing,12,,,,,complex,GSIM_US_0007043,09419674,1992-02-01,2005-07-26,4925,13,0,1979-01-01..2019-12-31,ok,1,independent,3965,False,3965,158.134
75563,dormant,142,0.13339,0.13339,0,complex,complex,GSIM_US_0007061,09442000,1979-01-01,2019-12-31,12784,34,0,1979-01-01..2019-12-31,ok,1,contains,3966,False,3966,0
75563,growing,133,0.319613,0.581051,1,complex,complex,GSIM_US_0007061,09442000,1979-01-01,2019-12-31,12784,34,0,1979-01-01..2019-12-31,ok,1,contains,3966,False,3966,0
75565,dormant,200,0.197632,0.197632,0,complex,complex,GSIM_US_0007070,09448500,1979-01-01,2019-12-31,14975,41,0,1979-01-01..2019-12-31,ok,1,contains,3966,False,3966,0
75565,growing,159,0.332406,0.436198,1,complex,complex,GSIM_US_0007070,09448500,1979-01-01,2019-12-31,14975,41,0,1979-01-01..2019-12-31,ok,1,contains,3966,False,3966,0
75568,dormant,203,0.238449,0.267845,1,complex,complex,GSIM_US_0007074,09468500,1979-01-01,2019-12-31,14777,39,0,1979-01-01..2019-12-31,ok,1,adjacent,3412,False,3412,0
75568,growing,109,0.165721,0.271254,1,complex,complex,GSIM_US_0007074,09468500,1979-01-01,2019-12-31,14777,39,0,1979-01-01..2019-12-31,ok,1,adjacent,3412,False,3412,0
75569,dormant,88,0.000414226,0.000414226,0,complex,complex,GSIM_US_0007075,09469500,1979-01-01,2019-12-31,14975,41,0,1979-01-01..2019-12-31,ok,4,contains,3966,False,3966,0
75569,growing,25,0.015323,0.015323,0,complex,intermediate,GSIM_US_0007075,09469500,1979-01-01,2019-12-31,14975,41,0,1979-01-01..2019-12-31,ok,4,contains,3966,False,3966,0
75570,dormant,39,0.320376,0.497494,1,complex,complex,GSIM_US_0007076,09470000,1979-01-01,2004-07-01,4866,10,0,1979-01-01..2019-12-31,ok,4,contains,3966,False,3966,0
75570,growing,8,,,,,intermediate,GSIM_US_0007076,09470000,1979-01-01,2004-07-01,4866,10,0,1979-01-01..2019-12-31,ok,4,contains,3966,False,3966,0
75571,dormant,11,,,,,complex,GSIM_US_0007078,09470700,2001-02-09,2019-12-31,6900,19,0,1979-01-01..2019-12-31,ok,3,independent,3970,False,3970,13.0675
75571,growing,11,,,,,complex,GSIM_US_0007078,09470700,2001-02-09,2019-12-31,6900,19,0,1979-01-01..2019-12-31,ok,3,independent,3970,False,3970,13.0675
75572,dormant,13,,,,,complex,GSIM_US_0007079,09470750,2000-05-01,2019-12-31,7184,19,0,1979-01-01..2019-12-31,ok,7,adjacent,3970,False,3970,0
75572,growing,0,,,,,complex,GSIM_US_0007079,09470750,2000-05-01,2019-12-31,7184,19,0,1979-01-01..2019-12-31,ok,7,adjacent,3970,False,3970,0
75574,dormant,35,0.00603642,0.00603642,0,complex,complex,GSIM_US_0007081,09471310,2000-05-12,2019-12-31,7169,19,0,1979-01-01..2019-12-31,ok,3,adjacent,3970,False,3970,6.67859
75574,growing,11,,,,,complex,GSIM_US_0007081,09471310,2000-05-12,2019-12-31,7169,19,0,1979-01-01..2019-12-31,ok,3,adjacent,3970,False,3970,6.67859
75575,dormant,70,0.0735441,0.0735441,0,complex,complex,GSIM_US_0007082,09471380,2000-07-09,2019-12-31,7115,19,0,1979-01-01..2019-12-31,ok,1,adjacent,4510,False,4510,0
75575,growing,66,0.0504659,0.0504659,0,complex,complex,GSIM_US_0007082,09471380,2000-07-09,2019-12-31,7115,19,0,1979-01-01..2019-12-31,ok,1,adjacent,4510,False,4510,0
75576,dormant,55,0.000264812,0.000264812,0,complex,complex,GSIM_US_0007083,09471400,2000-03-18,2019-12-31,7228,19,0,1979-01-01..2019-12-31,ok,1,adjacent,4510,False,4510,0
75576,growing,71,0.19598,0.434895,2,complex,complex,GSIM_US_0007083,09471400,2000-03-18,2019-12-31,7228,19,0,1979-01-01..2019-12-31,ok,1,adjacent,4510,False,4510,0
75578,dormant,68,0.358074,0.530448,1,complex,complex,GSIM_US_0007090,09484550,2001-08-18,2019-12-31,6710,18,0,1979-01-01..2019-12-31,ok,1,nested,4510,False,4510,0
75578,growing,69,0.109867,0.109867,0,complex,complex,GSIM_US_0007090,09484550,2001-08-18,2019-12-31,6710,18,0,1979-01-01..2019-12-31,ok,1,nested,4510,False,4510,0
75579,dormant,78,0.146399,0.146399,0,complex,complex,GSIM_US_0007093,09485000,1987-10-01,2019-12-31,11392,30,0,1979-01-01..2019-12-31,ok,1,nested,3973,False,3973,0
75579,growing,60,0.504597,0.504597,0,intermediate,intermediate,GSIM_US_0007093,09485000,1987-10-01,2019-12-31,11392,30,0,1979-01-01..2019-12-31,ok,1,nested,3973,False,3973,0
75580,dormant,10,,,,,complex,GSIM_US_0007094,09485450,1998-07-18,2019-12-31,7472,19,0,1979-01-01..2019-12-31,ok,1,nested,3973,False,3973,0
75580,growing,29,0.342593,0.342593,0,complex,complex,GSIM_US_0007094,09485450,1998-07-18,2019-12-31,7472,19,0,1979-01-01..2019-12-31,ok,1,nested,3973,False,3973,0
75583,dormant,5,,,,,complex,GSIM_US_0007098,09486350,1992-08-07,2019-12-31,8867,24,0,1979-01-01..2019-12-31,ok,1,adjacent,3414,False,3414,0
75583,growing,15,0.292756,0.956322,1,intermediate,intermediate,GSIM_US_0007098,09486350,1992-08-07,2019-12-31,8867,24,0,1979-01-01..2019-12-31,ok,1,adjacent,3414,False,3414,0
75584,dormant,2,,,,,complex,GSIM_US_0007100,09486800,1992-05-06,2019-12-31,10101,27,0,1979-01-01..2019-12-31,ok,1,independent,3415,False,3415,28.2685
75584,growing,27,0.149268,0.149268,0,complex,complex,GSIM_US_0007100,09486800,1992-05-06,2019-12-31,10101,27,0,1979-01-01..2019-12-31,ok,1,independent,3415,False,3415,28.2685
75585,dormant,4,,,,,complex,GSIM_US_0007101,09487000,1990-12-14,2019-12-31,10099,27,0,1979-01-01..2019-12-31,ok,1,independent,3415,False,3415,28.4696
75585,growing,36,0.0244536,0.0244536,0,complex,complex,GSIM_US_0007101,09487000,1990-12-14,2019-12-31,10099,27,0,1979-01-01..2019-12-31,ok,1,independent,3415,False,3415,28.4696
75588,dormant,221,0.137346,0.137346,0,complex,complex,GSIM_US_0007111,09496500,1979-01-01,2019-12-31,14975,41,0,1979-01-01..2019-12-31,ok,1,adjacent,3416,False,3416,0
75588,growing,208,0.285705,0.655437,1,complex,complex,GSIM_US_0007111,09496500,1979-01-01,2019-12-31,14975,41,0,1979-01-01..2019-12-31,ok,1,adjacent,3416,False,3416,0
75589,dormant,276,0.309168,0.381867,1,complex,complex,GSIM_US_0007112,09497500,1979-01-01,2019-12-31,14975,41,0,1979-01-01..2019-12-31,ok,1,adjacent,3416,False,3416,0
75589,growing,189,0.317393,0.417507,1,complex,complex,GSIM_US_0007112,09497500,1979-01-01,2019-12-31,14975,41,0,1979-01-01..2019-12-31,ok,1,adjacent,3416,False,3416,0
75592,dormant,273,0.254494,0.254494,0,complex,complex,GSIM_US_0007117,09498500,1979-01-01,2019-12-31,14975,41,0,1979-01-01..2019-12-31,ok,1,contains,3416,False,3416,0
75592,growing,182,0.242271,0.242271,0,complex,complex,GSIM_US_0007117,09498500,1979-01-01,2019-12-31,14975,41,0,1979-01-01..2019-12-31,ok,1,contains,3416,False,3416,0
75593,dormant,43,0.383706,0.839935,1,intermediate,complex,GSIM_US_0007118,094985005,2007-10-31,2019-12-31,4445,12,0,1979-01-01..2019-12-31,ok,1,independent,4512,False,4512,42.5963
75593,growing,24,0.0384886,0.0384886,0,complex,complex,GSIM_US_0007118,094985005,2007-10-31,2019-12-31,4445,12,0,1979-01-01..2019-12-31,ok,1,independent,4512,False,4512,42.5963
75594,dormant,54,0.433254,0.72838,1,complex,complex,GSIM_US_0007119,09498501,1995-10-01,2019-12-31,8858,24,0,1979-01-01..2019-12-31,ok,1,independent,4512,False,4512,42.58
75594,growing,47,0.0775389,0.0775389,0,complex,complex,GSIM_US_0007119,09498501,1995-10-01,2019-12-31,8858,24,0,1979-01-01..2019-12-31,ok,1,independent,4512,False,4512,42.58
75595,dormant,55,0.44067,0.567916,1,complex,complex,GSIM_US_0007120,09498502,1994-09-30,2019-12-31,8860,23,0,1979-01-01..2019-12-31,ok,1,independent,3420,False,3420,35.5035
75595,growing,83,0.03324,0.03324,0,complex,complex,GSIM_US_0007120,09498502,1994-09-30,2019-12-31,8860,23,0,1979-01-01..2019-12-31,ok,1,independent,3420,False,3420,35.5035
75596,dormant,113,0.447565,0.707952,1,complex,complex,GSIM_US_0007121,09498503,1985-11-16,2019-12-31,11917,32,0,1979-01-01..2019-12-31,ok,1,adjacent,4512,False,4512,2.92876
75596,growing,57,0.0972486,0.0972486,0,complex,intermediate,GSIM_US_0007121,09498503,1985-11-16,2019-12-31,11917,32,0,1979-01-01..2019-12-31,ok,1,adjacent,4512,False,4512,2.92876
75597,dormant,224,0.3554,0.3554,0,complex,complex,GSIM_US_0007122,09499000,1979-01-01,2019-12-31,14975,41,0,1979-01-01..2019-12-31,ok,1,adjacent,3417,False,3417,0
75597,growing,189,0.391066,0.742409,2,complex,complex,GSIM_US_0007122,09499000,1979-01-01,2019-12-31,14975,41,0,1979-01-01..2019-12-31,ok,1,adjacent,3417,False,3417,0
75599,dormant,107,0.234696,0.432033,1,complex,complex,GSIM_US_0007124,09502800,1979-01-01,2019-12-31,9189,24,0,1979-01-01..2019-12-31,ok,1,nested,3974,False,3977,0
75599,growing,47,0.25372,0.852557,1,intermediate,complex,GSIM_US_0007124,09502800,1979-01-01,2019-12-31,9189,24,0,1979-01-01..2019-12-31,ok,1,nested,3974,False,3977,0
75600,dormant,72,0.2956,0.523356,1,complex,complex,GSIM_US_0007125,09502960,1994-11-16,2019-12-31,9177,25,0,1979-01-01..2019-12-31,ok,1,nested,3974,False,3975,0
75600,growing,81,0.402366,0.402366,0,complex,intermediate,GSIM_US_0007125,09502960,1994-11-16,2019-12-31,9177,25,0,1979-01-01..2019-12-31,ok,1,nested,3974,False,3975,0
75601,dormant,89,0.333587,0.63249,1,complex,complex,GSIM_US_0007126,09503000,1994-10-01,2019-12-31,9223,25,0,1979-01-01..2019-12-31,ok,1,nested,3974,False,3975,0
75601,growing,95,0.418176,0.50827,1,complex,intermediate,GSIM_US_0007126,09503000,1994-10-01,2019-12-31,9223,25,0,1979-01-01..2019-12-31,ok,1,nested,3974,False,3975,0
75603,dormant,200,0.223244,0.223244,0,complex,complex,GSIM_US_0007130,09504420,1981-10-01,2019-12-31,13971,38,0,1979-01-01..2019-12-31,ok,1,nested,3976,False,3977,0
75603,growing,167,0.0921855,0.0921855,0,complex,complex,GSIM_US_0007130,09504420,1981-10-01,2019-12-31,13971,38,0,1979-01-01..2019-12-31,ok,1,nested,3976,False,3977,0
75604,dormant,254,0.362255,0.567235,2,complex,complex,GSIM_US_0007131,09504500,1979-01-01,2019-12-31,14975,41,0,1979-01-01..2019-12-31,ok,1,nested,3976,False,3977,0
75604,growing,216,0.248213,0.248213,0,complex,complex,GSIM_US_0007131,09504500,1979-01-01,2019-12-31,14975,41,0,1979-01-01..2019-12-31,ok,1,nested,3976,False,3977,0
75605,dormant,203,0.31969,0.433898,2,complex,complex,GSIM_US_0007132,09505200,1979-01-01,2019-12-31,13443,35,0,1979-01-01..2019-12-31,ok,1,nested,3976,False,3977,0
75605,growing,164,0.20438,0.46948,1,complex,complex,GSIM_US_0007132,09505200,1979-01-01,2019-12-31,13443,35,0,1979-01-01..2019-12-31,ok,1,nested,3976,False,3977,0
75608,dormant,209,0.260212,0.395189,2,complex,intermediate,GSIM_US_0007136,09505800,1979-01-01,2019-12-31,14975,41,0,1979-01-01..2019-12-31,ok,1,nested,3976,False,3977,0
75608,growing,133,0.0230972,0.0230972,0,complex,complex,GSIM_US_0007136,09505800,1979-01-01,2019-12-31,14975,41,0,1979-01-01..2019-12-31,ok,1,nested,3976,False,3977,0
75609,dormant,230,0.398533,0.415474,1,complex,complex,GSIM_US_0007138,09507980,1979-01-01,2019-12-31,14610,39,0,1979-01-01..2019-12-31,ok,1,nested,3977,False,3977,0
75609,growing,204,0.265657,0.54015,1,complex,complex,GSIM_US_0007138,09507980,1979-01-01,2019-12-31,14610,39,0,1979-01-01..2019-12-31,ok,1,nested,3977,False,3977,0
75612,dormant,204,0.178587,0.305982,2,complex,complex,GSIM_US_0007144,09511300,1979-01-01,2019-12-31,14245,38,0,1979-01-01..2019-12-31,ok,1,contains,3977,False,3977,0
75612,growing,160,0.14582,0.43006,1,complex,complex,GSIM_US_0007144,09511300,1979-01-01,2019-12-31,14245,38,0,1979-01-01..2019-12-31,ok,1,contains,3977,False,3977,0
75615,dormant,90,0.348637,0.515726,1,complex,complex,GSIM_US_0007151,09512450,2000-01-07,2019-12-31,7299,20,0,1979-01-01..2019-12-31,ok,1,nested,3978,False,3978,0
75615,growing,72,0.454553,0.649463,1,complex,complex,GSIM_US_0007151,09512450,2000-01-07,2019-12-31,7299,20,0,1979-01-01..2019-12-31,ok,1,nested,3978,False,3978,0
75620,dormant,84,0.000669814,0.000669814,0,complex,complex,GSIM_US_0007162,09520500,1979-01-01,2019-12-31,14975,41,0,1979-01-01..2019-12-31,ok,7,contains,3977,False,3977,0
75620,growing,12,,,,,complex,GSIM_US_0007162,09520500,1979-01-01,2019-12-31,14975,41,0,1979-01-01..2019-12-31,ok,7,contains,3977,False,3977,0
75622,dormant,54,0.192254,0.192254,0,complex,complex,GSIM_US_0007166,09537200,1982-07-01,2019-12-31,13698,37,0,1979-01-01..2019-12-31,ok,1,independent,3970,False,3970,56.5037
75622,growing,85,0.216072,0.565765,1,complex,complex,GSIM_US_0007166,09537200,1982-07-01,2019-12-31,13698,37,0,1979-01-01..2019-12-31,ok,1,independent,3970,False,3970,56.5037
75623,dormant,27,0.512162,0.994868,2,intermediate,complex,GSIM_US_0007167,09537500,1979-01-01,2019-12-31,7665,20,0,1979-01-01..2019-12-31,ok,1,adjacent,3970,False,3970,0
75623,growing,73,0.313519,0.313519,0,complex,complex,GSIM_US_0007167,09537500,1979-01-01,2019-12-31,7665,20,0,1979-01-01..2019-12-31,ok,1,adjacent,3970,False,3970,0
75624,dormant,8,,,,,complex,GSIM_US_0007300,10250800,1979-01-01,1989-09-30,3926,10,0,1979-01-01..2019-12-31,ok,1,independent,3427,False,3427,167.968
75624,growing,8,,,,,complex,GSIM_US_0007300,10250800,1979-01-01,1989-09-30,3926,10,0,1979-01-01..2019-12-31,ok,1,independent,3427,False,3427,167.968
75625,dormant,70,0.481254,0.834133,2,intermediate,complex,GSIM_US_0007301,10251300,1979-01-01,2019-12-31,9380,25,0,1979-01-01..2019-12-31,ok,1,independent,3427,False,3427,185.947
75625,growing,28,0.362954,0.677391,1,complex,complex,GSIM_US_0007301,10251300,1979-01-01,2019-12-31,9380,25,0,1979-01-01..2019-12-31,ok,1,independent,3427,False,3427,185.947
75628,dormant,57,0.0562596,0.0562596,0,complex,complex,GSIM_US_0007304,10255810,1979-01-01,2019-12-31,10834,28,0,1979-01-01..2019-12-31,ok,1,independent,3426,False,3426,16.1394
75628,growing,113,0.518886,0.743458,2,intermediate,complex,GSIM_US_0007304,10255810,1979-01-01,2019-12-31,10834,28,0,1979-01-01..2019-12-31,ok,1,independent,3426,False,3426,16.1394
75631,dormant,202,0.383617,0.427198,2,complex,complex,GSIM_US_0007307,10256500,1979-01-01,2019-12-31,14975,41,0,1979-01-01..2019-12-31,ok,1,adjacent,3423,False,3423,0.557314
75631,growing,111,0.417445,0.417445,0,complex,complex,GSIM_US_0007307,10256500,1979-01-01,2019-12-31,14975,41,0,1979-01-01..2019-12-31,ok,1,adjacent,3423,False,3423,0.557314
75633,dormant,19,0.0349435,0.0349435,0,complex,complex,GSIM_US_0007309,10257548,1998-10-01,2019-12-31,7715,21,0,1979-01-01..2019-12-31,ok,7,adjacent,3423,False,3423,0
75633,growing,12,,,,,complex,GSIM_US_0007309,10257548,1998-10-01,2019-12-31,7715,21,0,1979-01-01..2019-12-31,ok,7,adjacent,3423,False,3423,0
75634,dormant,31,0.439566,0.59126,1,complex,complex,GSIM_US_0007310,10257550,1984-10-01,2019-12-31,12462,33,0,1979-01-01..2019-12-31,ok,7,adjacent,3423,False,3423,0
75634,growing,18,0.00235968,0.00235968,0,complex,complex,GSIM_US_0007310,10257550,1984-10-01,2019-12-31,12462,33,0,1979-01-01..2019-12-31,ok,7,adjacent,3423,False,3423,0
75635,dormant,119,0.0648934,0.0648934,0,complex,complex,GSIM_US_0007311,10257600,1979-01-01,2019-12-16,14596,39,0,1979-01-01..2019-12-31,ok,1,independent,3423,False,3423,18.0724
75635,growing,64,0.303911,0.303911,0,complex,complex,GSIM_US_0007311,10257600,1979-01-01,2019-12-16,14596,39,0,1979-01-01..2019-12-31,ok,1,independent,3423,False,3423,18.0724
75637,dormant,12,,,,,complex,GSIM_US_0007316,10259100,1989-03-30,2019-12-31,11234,30,0,1979-01-01..2019-12-31,ok,1,contains,4517,False,3424,0
75637,growing,14,,,,,complex,GSIM_US_0007316,10259100,1989-03-30,2019-12-31,11234,30,0,1979-01-01..2019-12-31,ok,1,contains,4517,False,3424,0
75639,dormant,237,0.217498,0.217498,0,complex,complex,GSIM_US_0007320,10260500,1979-01-01,2019-12-31,14975,41,0,1979-01-01..2019-12-31,ok,1,independent,3427,False,3427,34.7596
75639,growing,92,0.394769,0.394769,0,complex,complex,GSIM_US_0007320,10260500,1979-01-01,2019-12-31,14975,41,0,1979-01-01..2019-12-31,ok,1,independent,3427,False,3427,34.7596
75641,dormant,119,0.572442,0.672957,2,intermediate,complex,GSIM_US_0007322,10260950,1979-01-01,2019-12-31,14975,41,0,1979-01-01..2019-12-31,ok,1,independent,3427,False,3427,17.5828
75641,growing,66,0.369092,0.449997,1,complex,complex,GSIM_US_0007322,10260950,1979-01-01,2019-12-31,14975,41,0,1979-01-01..2019-12-31,ok,1,independent,3427,False,3427,17.5828
75643,dormant,93,0.303576,0.303576,0,complex,complex,GSIM_US_0007324,10261100,1980-10-01,1997-09-30,6209,16,0,1979-01-01..2019-12-31,ok,1,independent,3427,False,3427,17.5951
75643,growing,32,0.340055,0.340055,0,complex,complex,GSIM_US_0007324,10261100,1980-10-01,1997-09-30,6209,16,0,1979-01-01..2019-12-31,ok,1,independent,3427,False,3427,17.5951
75665,dormant,198,0.320446,0.616079,2,complex,complex,GSIM_US_0007494,11015000,1979-01-01,2019-12-31,14975,41,0,1979-01-01..2019-12-31,ok,1,independent,3426,False,3426,52.7937
75665,growing,76,0.433669,0.58696,1,complex,intermediate,GSIM_US_0007494,11015000,1979-01-01,2019-12-31,14975,41,0,1979-01-01..2019-12-31,ok,1,independent,3426,False,3426,52.7937
75666,dormant,1,,,,,complex,GSIM_US_0007495,11016200,2005-10-01,2019-12-31,5205,14,0,1979-01-01..2019-12-31,ok,7,independent,3426,False,3426,52.7937
75666,growing,0,,,,,complex,GSIM_US_0007495,11016200,2005-10-01,2019-12-31,5205,14,0,1979-01-01..2019-12-31,ok,7,independent,3426,False,3426,52.7937
75667,dormant,67,0.539255,0.539255,0,intermediate,complex,GSIM_US_0007496,11022200,1983-10-01,2019-12-31,13241,36,0,1979-01-01..2019-12-31,ok,1,independent,3426,False,3426,75.2888
75667,growing,121,0.527575,0.527575,0,intermediate,complex,GSIM_US_0007496,11022200,1983-10-01,2019-12-31,13241,36,0,1979-01-01..2019-12-31,ok,1,independent,3426,False,3426,75.2888
75668,dormant,137,0.659941,0.776981,1,intermediate,complex,GSIM_US_0007497,11022480,1979-01-01,2019-12-31,14975,41,0,1979-01-01..2019-12-31,ok,1,independent,3426,False,3426,43.0761
75668,growing,108,0.617018,0.617018,0,intermediate,complex,GSIM_US_0007497,11022480,1979-01-01,2019-12-31,14975,41,0,1979-01-01..2019-12-31,ok,1,independent,3426,False,3426,43.0761
75672,dormant,97,0.534965,0.846879,2,intermediate,complex,GSIM_US_0007501,11023340,1979-01-01,2019-12-31,14975,41,0,1979-01-01..2019-12-31,ok,1,independent,3424,False,3424,70.9962
75672,growing,140,0.683964,0.765383,1,intermediate,intermediate,GSIM_US_0007501,11023340,1979-01-01,2019-12-31,14975,41,0,1979-01-01..2019-12-31,ok,1,independent,3424,False,3424,70.9962
75676,dormant,74,0.323991,0.638244,1,complex,complex,GSIM_US_0007505,11028500,1979-01-01,2019-12-31,14975,41,0,1979-01-01..2019-12-31,ok,1,independent,3426,False,3426,51.8176
75676,growing,166,0.388066,0.388066,0,complex,complex,GSIM_US_0007505,11028500,1979-01-01,2019-12-31,14975,41,0,1979-01-01..2019-12-31,ok,1,independent,3426,False,3426,51.8176
75681,dormant,109,0.20586,0.20586,0,complex,complex,GSIM_US_0007510,11042000,1979-01-01,2019-12-31,14486,38,0,1979-01-01..2019-12-31,ok,1,independent,3424,False,3424,17.0995
75681,growing,97,0.631422,0.830191,2,intermediate,complex,GSIM_US_0007510,11042000,1979-01-01,2019-12-31,14486,38,0,1979-01-01..2019-12-31,ok,1,independent,3424,False,3424,17.0995
75682,dormant,160,0.28535,0.28535,0,complex,complex,GSIM_US_0007511,11042400,1979-01-01,2019-12-31,14611,39,0,1979-01-01..2019-12-31,ok,1,independent,3424,False,3424,13.2321
75682,growing,119,0.546813,0.757609,1,intermediate,intermediate,GSIM_US_0007511,11042400,1979-01-01,2019-12-31,14611,39,0,1979-01-01..2019-12-31,ok,1,independent,3424,False,3424,13.2321
75683,dormant,6,,,,,complex,GSIM_US_0007512,11042631,1987-10-01,2019-12-31,11714,31,0,1979-01-01..2019-12-31,ok,1,independent,3424,False,3424,42.1301
75683,growing,16,0.297038,0.297038,0,complex,complex,GSIM_US_0007512,11042631,1987-10-01,2019-12-31,11714,31,0,1979-01-01..2019-12-31,ok,1,independent,3424,False,3424,42.1301
75685,dormant,55,0.607473,0.726588,1,intermediate,complex,GSIM_US_0007514,11042800,1987-10-01,2019-12-31,11561,31,0,1979-01-01..2019-12-31,ok,1,independent,3423,False,3423,30.611
75685,growing,74,0.565843,0.635254,1,intermediate,intermediate,GSIM_US_0007514,11042800,1987-10-01,2019-12-31,11561,31,0,1979-01-01..2019-12-31,ok,1,independent,3423,False,3423,30.611
75687,dormant,88,0.312016,0.384731,1,complex,complex,GSIM_US_0007516,11043000,1979-01-01,2019-12-31,14975,41,0,1979-01-01..2019-12-31,ok,1,independent,3423,False,3423,20.8017
75687,growing,138,0.597859,0.694931,1,intermediate,complex,GSIM_US_0007516,11043000,1979-01-01,2019-12-31,14975,41,0,1979-01-01..2019-12-31,ok,1,independent,3423,False,3423,20.8017
75690,dormant,113,0.589149,0.749365,1,intermediate,complex,GSIM_US_0007519,11044300,1989-10-01,2019-12-31,11049,30,0,1979-01-01..2019-12-31,ok,1,adjacent,3424,False,3424,0
75690,growing,103,0.641189,0.739292,1,intermediate,complex,GSIM_US_0007519,11044300,1989-10-01,2019-12-31,11049,30,0,1979-01-01..2019-12-31,ok,1,adjacent,3424,False,3424,0
75691,dormant,91,0.440714,0.553666,1,complex,complex,GSIM_US_0007520,11044350,1989-10-01,2019-12-31,11049,30,0,1979-01-01..2019-12-31,ok,1,independent,3423,False,3423,55.7273
75691,growing,70,0.528266,0.686999,1,intermediate,complex,GSIM_US_0007520,11044350,1989-10-01,2019-12-31,11049,30,0,1979-01-01..2019-12-31,ok,1,independent,3423,False,3423,55.7273
75693,dormant,68,0.307978,0.50352,1,complex,complex,GSIM_US_0007522,11044800,1992-10-01,2019-12-31,9953,27,0,1979-01-01..2019-12-31,ok,1,independent,3423,False,3423,58.3823
75693,growing,56,0.486959,0.749086,1,complex,complex,GSIM_US_0007522,11044800,1992-10-01,2019-12-31,9953,27,0,1979-01-01..2019-12-31,ok,1,independent,3423,False,3423,58.3823
75702,dormant,90,0.52333,0.52333,0,intermediate,complex,GSIM_US_0007533,11047300,1983-10-01,2019-12-31,11050,29,0,1979-01-01..2019-12-31,ok,1,independent,4516,False,4516,72.269
75702,growing,76,0.678069,0.785846,1,intermediate,intermediate,GSIM_US_0007533,11047300,1983-10-01,2019-12-31,11050,29,0,1979-01-01..2019-12-31,ok,1,independent,4516,False,4516,72.269
75707,dormant,48,0.653795,0.653795,0,intermediate,complex,GSIM_US_0007538,11048600,2001-07-01,2019-12-31,6758,18,0,1979-01-01..2019-12-31,ok,1,independent,3428,False,3428,67.6262
75707,growing,39,0.690212,0.956964,1,intermediate,complex,GSIM_US_0007538,11048600,2001-07-01,2019-12-31,6758,18,0,1979-01-01..2019-12-31,ok,1,independent,3428,False,3428,67.6262
75716,dormant,87,0.535695,0.766786,2,intermediate,complex,GSIM_US_0007549,11058600,1979-01-01,2019-12-31,6939,18,0,1979-01-01..2019-12-31,ok,1,independent,3427,False,3427,32.0948
75716,growing,28,0.492792,0.492792,0,complex,intermediate,GSIM_US_0007549,11058600,1979-01-01,2019-12-31,6939,18,0,1979-01-01..2019-12-31,ok,1,independent,3427,False,3427,32.0948
75719,dormant,176,0.542305,0.791611,2,intermediate,complex,GSIM_US_0007552,11062000,1979-01-01,2019-12-31,14975,41,0,1979-01-01..2019-12-31,ok,1,adjacent,3427,False,3427,3.87678
75719,growing,58,0.291956,0.291956,0,complex,intermediate,GSIM_US_0007552,11062000,1979-01-01,2019-12-31,14975,41,0,1979-01-01..2019-12-31,ok,1,adjacent,3427,False,3427,3.87678
75723,dormant,110,0.444454,0.534978,1,complex,complex,GSIM_US_0007556,11063510,1983-10-01,2019-12-31,13241,36,0,1979-01-01..2019-12-31,ok,1,adjacent,3427,False,3427,1.62701
75723,growing,66,0.297441,0.457372,1,complex,complex,GSIM_US_0007556,11063510,1983-10-01,2019-12-31,13241,36,0,1979-01-01..2019-12-31,ok,1,adjacent,3427,False,3427,1.62701
75724,dormant,219,0.376837,0.577254,1,complex,complex,GSIM_US_0007557,11063680,1979-01-01,2019-12-31,14975,41,0,1979-01-01..2019-12-31,ok,2,independent,3427,False,3427,27.5229
75724,growing,78,0.50725,0.50725,0,intermediate,intermediate,GSIM_US_0007557,11063680,1979-01-01,2019-12-31,14975,41,0,1979-01-01..2019-12-31,ok,2,independent,3427,False,3427,27.5229
75726,dormant,190,0.572425,0.633365,1,intermediate,complex,GSIM_US_0007559,11066460,1979-01-01,2019-12-31,14975,41,0,1979-01-01..2019-12-31,ok,1,adjacent,3427,False,3427,1.62701
75726,growing,92,0.448544,0.448544,0,complex,intermediate,GSIM_US_0007559,11066460,1979-01-01,2019-12-31,14975,41,0,1979-01-01..2019-12-31,ok,1,adjacent,3427,False,3427,1.62701
75729,dormant,179,0.16075,0.16075,0,complex,complex,GSIM_US_0007562,11069500,1979-01-01,2019-12-31,13148,35,0,1979-01-01..2019-12-31,ok,1,adjacent,3424,False,3424,0
75729,growing,72,0.193433,0.193433,0,complex,complex,GSIM_US_0007562,11069500,1979-01-01,2019-12-31,13148,35,0,1979-01-01..2019-12-31,ok,1,adjacent,3424,False,3424,0
75731,dormant,7,,,,,complex,GSIM_US_0007564,11070210,2000-08-23,2019-12-31,7070,19,0,1979-01-01..2019-12-31,ok,3,adjacent,3424,False,3424,0
75731,growing,3,,,,,intermediate,GSIM_US_0007564,11070210,2000-08-23,2019-12-31,7070,19,0,1979-01-01..2019-12-31,ok,3,adjacent,3424,False,3424,0
75732,dormant,62,0.620507,0.780239,1,intermediate,complex,GSIM_US_0007565,11070365,2000-08-25,2019-12-31,7068,19,0,1979-01-01..2019-12-31,ok,1,adjacent,3424,False,3424,0
75732,growing,56,0.49612,0.49612,0,complex,intermediate,GSIM_US_0007565,11070365,2000-08-25,2019-12-31,7068,19,0,1979-01-01..2019-12-31,ok,1,adjacent,3424,False,3424,0
75734,dormant,132,0.199497,0.618542,1,complex,complex,GSIM_US_0007568,11070500,1979-01-01,2019-12-31,14975,41,0,1979-01-01..2019-12-31,ok,1,adjacent,3424,False,3424,0
75734,growing,120,0.353486,0.409048,1,complex,intermediate,GSIM_US_0007568,11070500,1979-01-01,2019-12-31,14975,41,0,1979-01-01..2019-12-31,ok,1,adjacent,3424,False,3424,0
75744,dormant,112,0.265881,0.265881,0,complex,complex,GSIM_US_0007578,11075800,1979-01-01,2019-12-31,14975,41,0,1979-01-01..2019-12-31,ok,1,independent,4519,False,4519,70.3824
75744,growing,75,0.426221,0.426221,0,complex,intermediate,GSIM_US_0007578,11075800,1979-01-01,2019-12-31,14975,41,0,1979-01-01..2019-12-31,ok,1,independent,4519,False,4519,70.3824
75756,dormant,89,0.65926,0.690369,1,intermediate,complex,GSIM_US_0007590,11088500,1979-01-01,2019-12-31,14975,41,0,1979-01-01..2019-12-31,ok,1,independent,3428,False,3428,35.2654
75756,growing,103,0.550934,0.550934,0,intermediate,intermediate,GSIM_US_0007590,11088500,1979-01-01,2019-12-31,14975,41,0,1979-01-01..2019-12-31,ok,1,independent,3428,False,3428,35.2654
75759,dormant,47,0.758945,0.758945,0,simple,complex,GSIM_US_0007594,11092450,1979-01-01,2019-12-31,6629,18,0,1979-01-01..2019-12-31,ok,1,independent,3428,False,3428,23.3271
75759,growing,42,0.726188,0.766921,1,intermediate,intermediate,GSIM_US_0007594,11092450,1979-01-01,2019-12-31,6629,18,0,1979-01-01..2019-12-31,ok,1,independent,3428,False,3428,23.3271
75779,dormant,74,0.747424,0.876311,2,intermediate,complex,GSIM_US_0007615,11106550,1979-01-01,2016-10-30,9068,24,0,1979-01-01..2019-12-31,ok,1,independent,3428,False,3428,38.4266
75779,growing,63,0.682453,0.792226,1,intermediate,complex,GSIM_US_0007615,11106550,1979-01-01,2016-10-30,9068,24,0,1979-01-01..2019-12-31,ok,1,independent,3428,False,3428,38.4266
75783,dormant,73,0.593179,0.723476,1,intermediate,complex,GSIM_US_0007620,11109000,1996-10-01,2019-12-31,8492,23,0,1979-01-01..2019-12-31,ok,1,independent,3428,False,3428,10.1963
75783,growing,50,0.478324,0.793677,1,intermediate,complex,GSIM_US_0007620,11109000,1996-10-01,2019-12-31,8492,23,0,1979-01-01..2019-12-31,ok,1,independent,3428,False,3428,10.1963
75785,dormant,59,0.214542,0.214542,0,complex,complex,GSIM_US_0007622,11109395,1988-10-01,2019-12-31,10318,27,0,1979-01-01..2019-12-31,ok,1,independent,3429,False,3429,63.5322
75785,growing,59,0.549997,0.795152,1,intermediate,complex,GSIM_US_0007622,11109395,1988-10-01,2019-12-31,10318,27,0,1979-01-01..2019-12-31,ok,1,independent,3429,False,3429,63.5322
75786,dormant,44,0.370602,0.370602,0,complex,complex,GSIM_US_0007623,11109525,1988-10-01,2019-09-30,10591,27,0,1979-01-01..2019-12-31,ok,1,independent,3429,False,3429,42.5859
75786,growing,15,0.38268,0.38268,0,complex,intermediate,GSIM_US_0007623,11109525,1988-10-01,2019-09-30,10591,27,0,1979-01-01..2019-12-31,ok,1,independent,3429,False,3429,42.5859
75787,dormant,174,0.30436,0.540057,1,complex,complex,GSIM_US_0007624,11109600,1979-01-01,2019-12-31,14975,41,0,1979-01-01..2019-12-31,ok,1,independent,3429,False,3429,42.2988
75787,growing,66,0.440958,0.607873,1,complex,complex,GSIM_US_0007624,11109600,1979-01-01,2019-12-31,14975,41,0,1979-01-01..2019-12-31,ok,1,independent,3429,False,3429,42.2988
75788,dormant,84,0.0503911,0.0503911,0,complex,complex,GSIM_US_0007625,11109800,1979-01-01,2019-12-31,14975,41,0,1979-01-01..2019-12-31,ok,1,independent,3429,False,3429,42.2988
75788,growing,33,0.0044214,0.23345,1,complex,complex,GSIM_US_0007625,11109800,1979-01-01,2019-12-31,14975,41,0,1979-01-01..2019-12-31,ok,1,independent,3429,False,3429,42.2988
75790,dormant,136,0.31806,0.4802,1,complex,complex,GSIM_US_0007628,11113000,1979-01-01,2019-12-31,12890,34,0,1979-01-01..2019-12-31,ok,1,independent,3429,False,3429,20.0778
75790,growing,49,0.562023,0.731538,1,intermediate,intermediate,GSIM_US_0007628,11113000,1979-01-01,2019-12-31,12890,34,0,1979-01-01..2019-12-31,ok,1,independent,3429,False,3429,20.0778
75791,dormant,110,0.302458,0.720511,1,complex,complex,GSIM_US_0007629,11113500,1979-01-01,2019-12-31,14610,39,0,1979-01-01..2019-12-31,ok,1,independent,3429,False,3429,52.0035
75791,growing,76,0.542407,0.737602,1,intermediate,intermediate,GSIM_US_0007629,11113500,1979-01-01,2019-12-31,14610,39,0,1979-01-01..2019-12-31,ok,1,independent,3429,False,3429,52.0035
75792,dormant,62,0.269266,0.269266,0,complex,complex,GSIM_US_0007630,11114000,1979-01-01,2004-09-30,8310,20,0,1979-01-01..2019-12-31,ok,1,independent,3428,False,3428,10.4341
75792,growing,33,0.477076,0.477076,0,complex,complex,GSIM_US_0007630,11114000,1979-01-01,2004-09-30,8310,20,0,1979-01-01..2019-12-31,ok,1,independent,3428,False,3428,10.4341
75802,dormant,106,0.26283,0.717414,1,complex,complex,GSIM_US_0007640,11118500,1979-01-01,2019-12-31,14975,41,0,1979-01-01..2019-12-31,ok,1,independent,3429,False,3429,21.3431
75802,growing,91,0.30108,0.30108,0,complex,complex,GSIM_US_0007640,11118500,1979-01-01,2019-12-31,14975,41,0,1979-01-01..2019-12-31,ok,1,independent,3429,False,3429,21.3431
75804,dormant,114,0.518543,0.553431,1,intermediate,complex,GSIM_US_0007646,11120000,1979-01-01,2019-12-31,14975,41,0,1979-01-01..2019-12-31,ok,1,adjacent,3429,False,3429,9.69546
75804,growing,98,0.656761,0.785704,1,intermediate,intermediate,GSIM_US_0007646,11120000,1979-01-01,2019-12-31,14975,41,0,1979-01-01..2019-12-31,ok,1,adjacent,3429,False,3429,9.69546
75805,dormant,106,0.399327,0.399327,0,complex,complex,GSIM_US_0007647,11120500,1979-01-01,2019-12-31,14712,40,0,1979-01-01..2019-12-31,ok,1,adjacent,3429,False,3429,9.40222
75805,growing,104,0.651942,0.841678,1,intermediate,intermediate,GSIM_US_0007647,11120500,1979-01-01,2019-12-31,14712,40,0,1979-01-01..2019-12-31,ok,1,adjacent,3429,False,3429,9.40222
75808,dormant,95,0.428484,0.720924,1,complex,complex,GSIM_US_0007652,11123500,1979-01-01,2019-12-31,14975,41,0,1979-01-01..2019-12-31,ok,1,adjacent,3429,False,3429,0
75808,growing,70,0.451725,0.904799,1,intermediate,intermediate,GSIM_US_0007652,11123500,1979-01-01,2019-12-31,14975,41,0,1979-01-01..2019-12-31,ok,1,adjacent,3429,False,3429,0
75813,dormant,137,0.317628,0.606764,2,complex,complex,GSIM_US_0007658,11128500,1979-01-01,2019-12-31,14098,38,0,1979-01-01..2019-12-31,ok,1,contains,3429,False,3429,0
75813,growing,73,0.288719,0.288719,0,complex,intermediate,GSIM_US_0007658,11128500,1979-01-01,2019-12-31,14098,38,0,1979-01-01..2019-12-31,ok,1,contains,3429,False,3429,0
75814,dormant,17,0.0822619,0.0822619,0,complex,complex,GSIM_US_0007659,11129800,1979-01-01,2019-12-31,10835,26,0,1979-01-01..2019-12-31,ok,1,independent,3429,False,3429,15.9857
75814,growing,61,0.408024,0.519613,1,complex,intermediate,GSIM_US_0007659,11129800,1979-01-01,2019-12-31,10835,26,0,1979-01-01..2019-12-31,ok,1,independent,3429,False,3429,15.9857
75817,dormant,125,0.445738,0.72962,2,complex,complex,GSIM_US_0007662,11132500,1979-01-01,2019-12-31,14975,41,0,1979-01-01..2019-12-31,ok,1,independent,3429,False,3429,32.0575
75817,growing,121,0.719509,0.824558,1,intermediate,intermediate,GSIM_US_0007662,11132500,1979-01-01,2019-12-31,14975,41,0,1979-01-01..2019-12-31,ok,1,independent,3429,False,3429,32.0575
75818,dormant,96,0.347728,0.796584,2,intermediate,complex,GSIM_US_0007663,11133000,1979-01-01,2019-12-31,14608,39,0,1979-01-01..2019-12-31,ok,1,contains,3429,False,3429,0
75818,growing,93,0.450776,0.564304,1,complex,intermediate,GSIM_US_0007663,11133000,1979-01-01,2019-12-31,14608,39,0,1979-01-01..2019-12-31,ok,1,contains,3429,False,3429,0
75819,dormant,26,0.469805,0.676149,1,complex,complex,GSIM_US_0007664,11134000,1998-10-01,2019-12-31,7762,21,0,1979-01-01..2019-12-31,ok,1,contains,3429,False,3429,0
75819,growing,35,0.383171,0.383171,0,complex,intermediate,GSIM_US_0007664,11134000,1998-10-01,2019-12-31,7762,21,0,1979-01-01..2019-12-31,ok,1,contains,3429,False,3429,0
75821,dormant,62,0.499286,0.499286,0,complex,complex,GSIM_US_0007666,11134800,1979-01-01,2009-09-29,10719,28,0,1979-01-01..2019-12-31,ok,1,independent,3429,False,3429,48.0647
75821,growing,70,0.537528,0.82397,1,intermediate,intermediate,GSIM_US_0007666,11134800,1979-01-01,2009-09-29,10719,28,0,1979-01-01..2019-12-31,ok,1,independent,3429,False,3429,48.0647
75823,dormant,102,0.404694,0.579804,1,complex,complex,GSIM_US_0007669,11136800,1979-01-01,2019-12-31,14975,41,0,1979-01-01..2019-12-31,ok,1,adjacent,3429,False,3429,4.63562
75823,growing,84,0.318445,0.318445,0,complex,complex,GSIM_US_0007669,11136800,1979-01-01,2019-12-31,14975,41,0,1979-01-01..2019-12-31,ok,1,adjacent,3429,False,3429,4.63562
75829,dormant,44,0.499064,0.682834,1,complex,complex,GSIM_US_0007675,11140000,1979-01-01,2019-12-31,14975,41,0,1979-01-01..2019-12-31,ok,1,adjacent,3429,False,3429,0
75829,growing,72,0.538498,0.73463,1,intermediate,intermediate,GSIM_US_0007675,11140000,1979-01-01,2019-12-31,14975,41,0,1979-01-01..2019-12-31,ok,1,adjacent,3429,False,3429,0
75830,dormant,13,,,,,complex,GSIM_US_0007676,11140585,1999-04-01,2019-12-31,5023,13,0,1979-01-01..2019-12-31,ok,1,adjacent,3429,False,3429,0
75830,growing,17,0.108628,0.108628,0,complex,intermediate,GSIM_US_0007676,11140585,1999-04-01,2019-12-31,5023,13,0,1979-01-01..2019-12-31,ok,1,adjacent,3429,False,3429,0
75832,dormant,87,0.271803,0.271803,0,complex,complex,GSIM_US_0007678,11141050,1982-10-01,2019-12-31,12620,33,0,1979-01-01..2019-12-31,ok,1,independent,3430,False,3430,37.7612
75832,growing,119,0.294737,0.294737,0,complex,intermediate,GSIM_US_0007678,11141050,1982-10-01,2019-12-31,12620,33,0,1979-01-01..2019-12-31,ok,1,independent,3430,False,3430,37.7612
75843,dormant,61,0.525034,0.602986,1,intermediate,complex,GSIM_US_0007691,11147500,1979-01-01,2019-12-31,14975,41,0,1979-01-01..2019-12-31,ok,1,adjacent,3430,False,3430,0
75843,growing,92,0.520964,0.738026,1,intermediate,complex,GSIM_US_0007691,11147500,1979-01-01,2019-12-31,14975,41,0,1979-01-01..2019-12-31,ok,1,adjacent,3430,False,3430,0
75844,dormant,3,,,,,complex,GSIM_US_0007692,11148500,1979-01-01,2019-02-03,7704,20,0,1979-01-01..2019-12-31,ok,1,independent,3433,False,3433,14.7501
75844,growing,41,0.423439,0.915086,1,intermediate,complex,GSIM_US_0007692,11148500,1979-01-01,2019-02-03,7704,20,0,1979-01-01..2019-12-31,ok,1,independent,3433,False,3433,14.7501
75845,dormant,124,0.252315,0.40051,1,complex,complex,GSIM_US_0007694,11149400,1979-01-01,2019-12-31,14975,41,0,1979-01-01..2019-12-31,ok,2,contains,3432,False,3432,0
75845,growing,69,0.0795227,0.0795227,0,complex,simple,GSIM_US_0007694,11149400,1979-01-01,2019-12-31,14975,41,0,1979-01-01..2019-12-31,ok,2,contains,3432,False,3432,0
75846,dormant,62,0.679425,0.877958,2,intermediate,complex,GSIM_US_0007695,11149900,1979-01-01,2019-12-31,14975,41,0,1979-01-01..2019-12-31,ok,1,adjacent,3432,False,3432,0
75846,growing,78,0.665858,0.756238,1,intermediate,intermediate,GSIM_US_0007695,11149900,1979-01-01,2019-12-31,14975,41,0,1979-01-01..2019-12-31,ok,1,adjacent,3432,False,3432,0
75847,dormant,130,0.231774,0.277373,1,complex,complex,GSIM_US_0007696,11150500,1979-01-01,2019-12-31,14975,41,0,1979-01-01..2019-12-31,ok,1,contains,3432,False,3432,0
75847,growing,119,0.547531,0.771678,1,intermediate,complex,GSIM_US_0007696,11150500,1979-01-01,2019-12-31,14975,41,0,1979-01-01..2019-12-31,ok,1,contains,3432,False,3432,0
75850,dormant,177,0.430367,0.740543,1,complex,complex,GSIM_US_0007700,11152000,1979-01-01,2019-12-31,14975,41,0,1979-01-01..2019-12-31,ok,1,adjacent,3431,False,3431,0
75850,growing,82,0.380404,0.545892,1,complex,intermediate,GSIM_US_0007700,11152000,1979-01-01,2019-12-31,14975,41,0,1979-01-01..2019-12-31,ok,1,adjacent,3431,False,3431,0
75853,dormant,67,0.530046,0.582113,1,intermediate,complex,GSIM_US_0007703,11152500,1979-01-01,2019-12-31,14975,41,0,1979-01-01..2019-12-31,ok,1,contains,3433,False,3433,0
75853,growing,66,0.346287,0.6039,1,complex,complex,GSIM_US_0007703,11152500,1979-01-01,2019-12-31,14975,41,0,1979-01-01..2019-12-31,ok,1,contains,3433,False,3433,0
75854,dormant,59,0.155804,0.155804,0,complex,complex,GSIM_US_0007704,11152540,1979-01-01,2001-09-30,8309,22,0,1979-01-01..2019-12-31,ok,1,independent,3431,False,3431,21.6453
75854,growing,69,0.334764,0.334764,0,complex,intermediate,GSIM_US_0007704,11152540,1979-01-01,2001-09-30,8309,22,0,1979-01-01..2019-12-31,ok,1,independent,3431,False,3431,21.6453
75855,dormant,5,,,,,complex,GSIM_US_0007705,11152600,1979-01-01,2014-09-29,13056,35,0,1979-01-01..2019-12-31,ok,6,independent,4525,False,4525,40.1736
75855,growing,19,0.017117,0.017117,0,complex,intermediate,GSIM_US_0007705,11152600,1979-01-01,2014-09-29,13056,35,0,1979-01-01..2019-12-31,ok,6,independent,4525,False,4525,40.1736
75864,dormant,3,,,,,complex,GSIM_US_0007714,11154200,1979-01-01,1992-09-30,5022,13,0,1979-01-01..2019-12-31,ok,3,independent,4525,False,4525,21.903
75864,growing,8,,,,,intermediate,GSIM_US_0007714,11154200,1979-01-01,1992-09-30,5022,13,0,1979-01-01..2019-12-31,ok,3,independent,4525,False,4525,21.903
75865,dormant,107,0.359966,0.669627,1,complex,complex,GSIM_US_0007715,11154700,1993-10-01,2016-04-11,7838,20,0,1979-01-01..2019-12-31,ok,1,adjacent,3439,False,3439,0.909808
75865,growing,32,0.604359,0.991338,1,intermediate,intermediate,GSIM_US_0007715,11154700,1993-10-01,2016-04-11,7838,20,0,1979-01-01..2019-12-31,ok,1,adjacent,3439,False,3439,0.909808
75867,dormant,35,0.0698939,0.0698939,0,complex,complex,GSIM_US_0007717,11157500,1979-01-01,2019-12-31,10225,27,0,1979-01-01..2019-12-31,ok,1,independent,3433,False,3433,13.5583
75867,growing,85,0.486846,0.601235,1,complex,intermediate,GSIM_US_0007717,11157500,1979-01-01,2019-12-31,10225,27,0,1979-01-01..2019-12-31,ok,1,independent,3433,False,3433,13.5583
75869,dormant,70,0.148086,0.148086,0,complex,complex,GSIM_US_0007719,11158600,1979-01-01,2019-12-31,14975,41,0,1979-01-01..2019-12-31,ok,1,adjacent,3433,False,3433,0
75869,growing,81,0.423625,0.549703,2,complex,intermediate,GSIM_US_0007719,11158600,1979-01-01,2019-12-31,14975,41,0,1979-01-01..2019-12-31,ok,1,adjacent,3433,False,3433,0
75872,dormant,206,0.535862,0.64811,2,intermediate,complex,GSIM_US_0007722,11160000,1979-01-01,2019-12-31,14975,41,0,1979-01-01..2019-12-31,ok,1,independent,4523,False,4523,16.4195
75872,growing,57,0.772394,0.85236,1,simple,complex,GSIM_US_0007722,11160000,1979-01-01,2019-12-31,14975,41,0,1979-01-01..2019-12-31,ok,1,independent,4523,False,4523,16.4195
75874,dormant,63,0.323568,0.323568,0,complex,complex,GSIM_US_0007724,11160300,1979-01-01,1992-12-31,5114,14,0,1979-01-01..2019-12-31,ok,1,independent,4523,False,4523,12.1523
75874,growing,18,0.272054,0.272054,0,complex,intermediate,GSIM_US_0007724,11160300,1979-01-01,1992-12-31,5114,14,0,1979-01-01..2019-12-31,ok,1,independent,4523,False,4523,12.1523
75882,dormant,202,0.440346,0.598694,2,complex,complex,GSIM_US_0007734,11164500,1979-01-01,2019-12-31,14975,41,0,1979-01-01..2019-12-31,ok,1,adjacent,4523,False,4523,0
75882,growing,101,0.667154,0.907913,1,intermediate,complex,GSIM_US_0007734,11164500,1979-01-01,2019-12-31,14975,41,0,1979-01-01..2019-12-31,ok,1,adjacent,4523,False,4523,0
75886,dormant,81,0.551675,0.627094,1,intermediate,intermediate,GSIM_US_0007738,11169025,2002-05-23,2019-12-31,6432,17,0,1979-01-01..2019-12-31,ok,1,adjacent,4523,False,4523,1.63477
75886,growing,39,0.711064,0.753969,1,intermediate,intermediate,GSIM_US_0007738,11169025,2002-05-23,2019-12-31,6432,17,0,1979-01-01..2019-12-31,ok,1,adjacent,4523,False,4523,1.63477
75888,dormant,48,0.462269,0.527346,1,complex,intermediate,GSIM_US_0007740,11169800,1979-01-01,2019-12-31,6938,18,0,1979-01-01..2019-12-31,ok,1,adjacent,3435,False,3435,0
75888,growing,33,0.629206,0.98666,1,intermediate,intermediate,GSIM_US_0007740,11169800,1979-01-01,2019-12-31,6938,18,0,1979-01-01..2019-12-31,ok,1,adjacent,3435,False,3435,0
75891,dormant,18,0.596337,0.768008,1,intermediate,complex,GSIM_US_0007743,11172175,1999-01-01,2019-12-31,7670,21,0,1979-01-01..2019-12-31,ok,7,adjacent,3435,False,3435,0
75891,growing,19,0.436871,0.815955,1,intermediate,intermediate,GSIM_US_0007743,11172175,1999-01-01,2019-12-31,7670,21,0,1979-01-01..2019-12-31,ok,7,adjacent,3435,False,3435,0
75892,dormant,101,0.351234,0.351234,0,complex,complex,GSIM_US_0007744,11172945,1994-10-01,2019-12-31,9223,25,0,1979-01-01..2019-12-31,ok,1,adjacent,3435,False,3435,0
75892,growing,56,0.678296,0.788602,1,intermediate,intermediate,GSIM_US_0007744,11172945,1994-10-01,2019-12-31,9223,25,0,1979-01-01..2019-12-31,ok,1,adjacent,3435,False,3435,0
75897,dormant,46,0.405794,0.405794,0,complex,complex,GSIM_US_0007749,11174000,1999-10-01,2019-12-31,7397,20,0,1979-01-01..2019-12-31,ok,1,adjacent,3435,False,3435,0
75897,growing,52,0.14527,0.14527,0,complex,intermediate,GSIM_US_0007749,11174000,1999-10-01,2019-12-31,7397,20,0,1979-01-01..2019-12-31,ok,1,adjacent,3435,False,3435,0
75901,dormant,46,0.760076,0.760076,0,simple,complex,GSIM_US_0007755,11176900,1979-01-01,2019-12-31,13514,36,0,1979-01-01..2019-12-31,ok,7,contains,3435,False,3435,0
75901,growing,22,0.478355,0.478355,0,complex,intermediate,GSIM_US_0007755,11176900,1979-01-01,2019-12-31,13514,36,0,1979-01-01..2019-12-31,ok,7,contains,3435,False,3435,0
75903,dormant,46,0.590011,0.752964,1,intermediate,complex,GSIM_US_0007757,11179000,1979-01-01,2019-12-31,14975,41,0,1979-01-01..2019-12-31,ok,7,contains,3435,False,3435,0
75903,growing,30,0.58964,0.58964,0,intermediate,intermediate,GSIM_US_0007757,11179000,1979-01-01,2019-12-31,14975,41,0,1979-01-01..2019-12-31,ok,7,contains,3435,False,3435,0
75905,dormant,132,0.502036,0.797862,1,intermediate,complex,GSIM_US_0007760,11180825,1980-10-01,2019-12-31,13267,36,0,1979-01-01..2019-12-31,ok,1,adjacent,3436,False,3436,0
75905,growing,118,0.474043,0.549069,1,complex,intermediate,GSIM_US_0007760,11180825,1980-10-01,2019-12-31,13267,36,0,1979-01-01..2019-12-31,ok,1,adjacent,3436,False,3436,0
75926,dormant,62,0.431544,0.431544,0,complex,complex,GSIM_US_0007784,11199500,1979-01-01,2005-09-30,9770,26,0,1979-01-01..2019-12-31,ok,1,independent,3429,False,3429,137.739
75926,growing,106,0.368128,0.47244,1,complex,intermediate,GSIM_US_0007784,11199500,1979-01-01,2005-09-30,9770,26,0,1979-01-01..2019-12-31,ok,1,independent,3429,False,3429,137.739
75927,dormant,226,0.358434,0.39989,1,complex,complex,GSIM_US_0007785,11200800,1979-01-01,2019-12-31,14975,41,0,1979-01-01..2019-12-31,ok,1,independent,3438,False,3438,142.198
75927,growing,109,0.346152,0.346152,0,complex,intermediate,GSIM_US_0007785,11200800,1979-01-01,2019-12-31,14975,41,0,1979-01-01..2019-12-31,ok,1,independent,3438,False,3438,142.198
75929,dormant,232,0.313753,0.480526,2,complex,complex,GSIM_US_0007787,11202000,1979-01-01,2019-12-31,14975,41,0,1979-01-01..2019-12-31,ok,1,independent,3438,False,3438,147.033
75929,growing,58,0.223128,0.418642,1,complex,complex,GSIM_US_0007787,11202000,1979-01-01,2019-12-31,14975,41,0,1979-01-01..2019-12-31,ok,1,independent,3438,False,3438,147.033
75930,dormant,167,0.174481,0.244681,1,complex,complex,GSIM_US_0007788,11202710,1988-10-01,2019-12-31,11049,29,0,1979-01-01..2019-12-31,ok,1,independent,3438,False,3438,146.01
75930,growing,41,0.514812,0.862816,1,intermediate,intermediate,GSIM_US_0007788,11202710,1988-10-01,2019-12-31,11049,29,0,1979-01-01..2019-12-31,ok,1,independent,3438,False,3438,146.01
75932,dormant,125,0.363842,0.549959,2,complex,complex,GSIM_US_0007790,11203580,2000-01-22,2019-12-31,7284,20,0,1979-01-01..2019-12-31,ok,1,independent,3438,False,3438,152.177
75932,growing,23,0.264942,0.264942,0,complex,complex,GSIM_US_0007790,11203580,2000-01-22,2019-12-31,7284,20,0,1979-01-01..2019-12-31,ok,1,independent,3438,False,3438,152.177
75933,dormant,112,0.269956,0.323446,1,complex,complex,GSIM_US_0007791,11204100,2000-09-02,2019-12-31,7060,19,0,1979-01-01..2019-12-31,ok,1,independent,3438,False,3438,140.876
75933,growing,38,0.18208,0.508913,2,complex,intermediate,GSIM_US_0007791,11204100,2000-09-02,2019-12-31,7060,19,0,1979-01-01..2019-12-31,ok,1,independent,3438,False,3438,140.876
75935,dormant,24,0.71268,0.869593,1,intermediate,intermediate,GSIM_US_0007793,11204900,1979-01-01,1990-09-30,4291,11,0,1979-01-01..2019-12-31,ok,4,independent,3438,False,3438,125.262
75935,growing,18,0.0380668,0.0380668,0,complex,intermediate,GSIM_US_0007793,11204900,1979-01-01,1990-09-30,4291,11,0,1979-01-01..2019-12-31,ok,4,independent,3438,False,3438,125.262
75953,dormant,196,0.303974,0.574847,1,complex,intermediate,GSIM_US_0007834,11244000,1979-01-01,2019-12-31,14975,41,0,1979-01-01..2019-12-31,ok,1,independent,3441,False,3441,61.787
75953,growing,36,0.155728,0.155728,0,complex,intermediate,GSIM_US_0007834,11244000,1979-01-01,2019-12-31,14975,41,0,1979-01-01..2019-12-31,ok,1,independent,3441,False,3441,61.787
75954,dormant,305,0.436921,0.604667,1,complex,intermediate,GSIM_US_0007835,11246500,1979-01-01,2019-12-31,14975,41,0,1979-01-01..2019-12-31,ok,1,independent,3441,False,3441,61.787
75954,growing,82,0.41108,0.58315,2,complex,simple,GSIM_US_0007835,11246500,1979-01-01,2019-12-31,14975,41,0,1979-01-01..2019-12-31,ok,1,independent,3441,False,3441,61.787
75960,dormant,88,0.523997,0.613221,1,intermediate,intermediate,GSIM_US_0007842,11257500,1979-01-01,1990-09-30,4291,11,0,1979-01-01..2019-12-31,ok,1,independent,3441,False,3441,51.0874
75960,growing,27,0.788631,0.788631,0,simple,intermediate,GSIM_US_0007842,11257500,1979-01-01,1990-09-30,4291,11,0,1979-01-01..2019-12-31,ok,1,independent,3441,False,3441,51.0874
75961,dormant,25,0.489654,0.791765,1,intermediate,complex,GSIM_US_0007843,11258000,1979-01-01,1990-09-29,4290,11,0,1979-01-01..2019-12-31,ok,1,independent,3441,False,3441,51.0875
75961,growing,31,0.283976,0.9597,2,intermediate,intermediate,GSIM_US_0007843,11258000,1979-01-01,1990-09-29,4290,11,0,1979-01-01..2019-12-31,ok,1,independent,3441,False,3441,51.0875
75963,dormant,21,0.119768,0.119768,0,complex,complex,GSIM_US_0007845,11259000,1979-01-01,1990-09-30,4291,11,0,1979-01-01..2019-12-31,ok,1,independent,3441,False,3441,32.8623
75963,growing,25,0.157785,0.157785,0,complex,intermediate,GSIM_US_0007845,11259000,1979-01-01,1990-09-30,4291,11,0,1979-01-01..2019-12-31,ok,1,independent,3441,False,3441,32.8623
75971,dormant,20,0.204393,0.204393,0,complex,complex,GSIM_US_0007855,11271320,1979-01-01,1992-09-30,5022,13,0,1979-01-01..2019-12-31,ok,1,independent,3441,False,3441,20.0019
75971,growing,48,0.578571,0.578571,0,intermediate,complex,GSIM_US_0007855,11271320,1979-01-01,1992-09-30,5022,13,0,1979-01-01..2019-12-31,ok,1,independent,3441,False,3441,20.0019
75972,dormant,146,0.329482,0.519864,1,complex,complex,GSIM_US_0007856,11272500,1979-01-01,2010-09-29,9037,22,0,1979-01-01..2019-12-31,ok,1,adjacent,3441,False,3441,0
75972,growing,83,0.0327388,0.0327388,0,complex,intermediate,GSIM_US_0007856,11272500,1979-01-01,2010-09-29,9037,22,0,1979-01-01..2019-12-31,ok,1,adjacent,3441,False,3441,0
75990,dormant,11,,,,,intermediate,GSIM_US_0007892,11295340,2006-10-01,2019-12-31,4554,12,0,1979-01-01..2019-12-31,ok,5,independent,3442,False,3442,28.5639
75990,growing,7,,,,,complex,GSIM_US_0007892,11295340,2006-10-01,2019-12-31,4554,12,0,1979-01-01..2019-12-31,ok,5,independent,3442,False,3442,28.5639
76000,dormant,40,0.286744,0.286744,0,complex,complex,GSIM_US_0007906,11308900,1979-01-01,1990-09-30,4291,11,0,1979-01-01..2019-12-31,ok,1,adjacent,3442,False,3442,0
76000,growing,29,0.706846,0.894091,1,intermediate,simple,GSIM_US_0007906,11308900,1979-01-01,1990-09-30,4291,11,0,1979-01-01..2019-12-31,ok,1,adjacent,3442,False,3442,0
76007,dormant,271,0.197412,0.461276,1,complex,intermediate,GSIM_US_0007922,11316800,1979-01-01,2019-12-31,14975,41,0,1979-01-01..2019-12-31,ok,1,independent,3442,False,3442,43.2734
76007,growing,119,0.421796,0.846708,1,intermediate,intermediate,GSIM_US_0007922,11316800,1979-01-01,2019-12-31,14975,41,0,1979-01-01..2019-12-31,ok,1,independent,3442,False,3442,43.2734
76008,dormant,264,0.316362,0.473072,1,complex,intermediate,GSIM_US_0007923,11317000,1979-01-01,2019-12-31,14975,41,0,1979-01-01..2019-12-31,ok,1,independent,3442,False,3442,38.7283
76008,growing,131,0.233564,0.747141,1,complex,intermediate,GSIM_US_0007923,11317000,1979-01-01,2019-12-31,14975,41,0,1979-01-01..2019-12-31,ok,1,independent,3442,False,3442,38.7283
76009,dormant,264,0.329161,0.499765,2,complex,complex,GSIM_US_0007924,11318500,1979-01-01,2019-12-31,14975,41,0,1979-01-01..2019-12-31,ok,1,independent,3442,False,3442,33.6821
76009,growing,113,0.432862,0.901349,1,intermediate,intermediate,GSIM_US_0007924,11318500,1979-01-01,2019-12-31,14975,41,0,1979-01-01..2019-12-31,ok,1,independent,3442,False,3442,33.6821
76010,dormant,332,0.396754,0.661895,2,complex,complex,GSIM_US_0007925,11319500,1979-01-01,2019-12-31,14975,41,0,1979-01-01..2019-12-31,ok,1,independent,3442,False,3442,28.0133
76010,growing,115,0.391644,0.574262,1,complex,intermediate,GSIM_US_0007925,11319500,1979-01-01,2019-12-31,14975,41,0,1979-01-01..2019-12-31,ok,1,independent,3442,False,3442,28.0133
76011,dormant,100,0.13915,0.224785,1,complex,complex,GSIM_US_0007926,11323500,1979-01-01,2019-12-31,14975,41,0,1979-01-01..2019-12-31,ok,3,independent,3442,False,3442,23.1351
76011,growing,75,0.00467631,0.00467631,0,complex,intermediate,GSIM_US_0007926,11323500,1979-01-01,2019-12-31,14975,41,0,1979-01-01..2019-12-31,ok,3,independent,3442,False,3442,23.1351
76018,dormant,279,0.387864,0.592264,2,complex,complex,GSIM_US_0007933,11335000,1979-01-01,2019-12-31,14975,41,0,1979-01-01..2019-12-31,ok,1,independent,3442,False,3442,49.8597
76018,growing,121,0.588574,0.789535,2,intermediate,complex,GSIM_US_0007933,11335000,1979-01-01,2019-12-31,14975,41,0,1979-01-01..2019-12-31,ok,1,independent,3442,False,3442,49.8597
76026,dormant,277,0.474803,0.502177,1,complex,intermediate,GSIM_US_0007943,11342000,1979-01-01,2019-12-31,14975,41,0,1979-01-01..2019-12-31,ok,1,adjacent,3455,False,3455,0
76026,growing,115,0.610726,0.761306,2,intermediate,complex,GSIM_US_0007943,11342000,1979-01-01,2019-12-31,14975,41,0,1979-01-01..2019-12-31,ok,1,adjacent,3455,False,3455,0
76028,dormant,8,,,,,complex,GSIM_US_0007953,11362950,1993-10-01,2019-12-31,8494,21,0,1979-01-01..2019-12-31,ok,7,independent,3455,False,3455,57.1211
76028,growing,8,,,,,complex,GSIM_US_0007953,11362950,1993-10-01,2019-12-31,8494,21,0,1979-01-01..2019-12-31,ok,7,independent,3455,False,3455,57.1211
76030,dormant,84,0.320573,0.36069,1,complex,intermediate,GSIM_US_0007955,11363930,1979-01-01,2019-12-31,14700,40,0,1979-01-01..2019-12-31,ok,1,independent,3455,False,3455,45.0459
76030,growing,27,0.0196289,0.0196289,0,complex,complex,GSIM_US_0007955,11363930,1979-01-01,2019-12-31,14700,40,0,1979-01-01..2019-12-31,ok,1,independent,3455,False,3455,45.0459
76031,dormant,10,,,,,intermediate,GSIM_US_0007956,11364200,1987-10-01,2009-08-02,5865,13,0,1979-01-01..2019-12-31,ok,5,independent,4527,False,4527,53.3047
76031,growing,12,,,,,complex,GSIM_US_0007956,11364200,1987-10-01,2009-08-02,5865,13,0,1979-01-01..2019-12-31,ok,5,independent,4527,False,4527,53.3047
76032,dormant,73,0.0531271,0.0531271,0,complex,intermediate,GSIM_US_0007957,11364300,1987-11-21,2010-09-30,6715,15,0,1979-01-01..2019-12-31,ok,1,independent,4527,False,4527,38.1533
76032,growing,27,0.428871,0.949149,1,intermediate,intermediate,GSIM_US_0007957,11364300,1987-11-21,2010-09-30,6715,15,0,1979-01-01..2019-12-31,ok,1,independent,4527,False,4527,38.1533
76035,dormant,246,0.397534,0.465673,1,complex,intermediate,GSIM_US_0007962,11368000,1979-01-01,2019-12-31,14610,39,0,1979-01-01..2019-12-31,ok,1,independent,4538,False,4538,21.6608
76035,growing,117,0.443791,0.810517,1,intermediate,complex,GSIM_US_0007962,11368000,1979-01-01,2019-12-31,14610,39,0,1979-01-01..2019-12-31,ok,1,independent,4538,False,4538,21.6608
76037,dormant,68,0.271453,0.271453,0,complex,intermediate,GSIM_US_0007964,11371000,1979-01-01,1993-09-30,5387,14,0,1979-01-01..2019-12-31,ok,1,independent,4538,False,4538,11.8621
76037,growing,39,0.449595,0.964616,2,intermediate,complex,GSIM_US_0007964,11371000,1979-01-01,1993-09-30,5387,14,0,1979-01-01..2019-12-31,ok,1,independent,4538,False,4538,11.8621
76038,dormant,115,0.376212,0.422121,1,complex,intermediate,GSIM_US_0007965,11372000,1979-01-01,2019-12-31,14974,41,0,1979-01-01..2019-12-31,ok,2,independent,4538,False,4538,11.8675
76038,growing,122,0.145314,0.145314,0,complex,complex,GSIM_US_0007965,11372000,1979-01-01,2019-12-31,14974,41,0,1979-01-01..2019-12-31,ok,2,independent,4538,False,4538,11.8675
76041,dormant,224,0.46116,0.46116,0,complex,complex,GSIM_US_0007968,11376000,1979-01-01,2019-12-31,14975,41,0,1979-01-01..2019-12-31,ok,1,adjacent,3456,False,3456,0
76041,growing,150,0.473272,0.528766,1,complex,intermediate,GSIM_US_0007968,11376000,1979-01-01,2019-12-31,14975,41,0,1979-01-01..2019-12-31,ok,1,adjacent,3456,False,3456,0
76044,dormant,30,0.192337,0.192337,0,complex,intermediate,GSIM_US_0007971,11376050,1983-10-01,2019-12-31,11504,30,0,1979-01-01..2019-12-31,ok,3,adjacent,3443,False,3443,0
76044,growing,37,0.0317465,0.0317465,0,complex,complex,GSIM_US_0007971,11376050,1983-10-01,2019-12-31,11504,30,0,1979-01-01..2019-12-31,ok,3,adjacent,3443,False,3443,0
76046,dormant,16,0.00246121,0.00246121,0,complex,intermediate,GSIM_US_0007973,11376150,1983-10-04,2019-12-31,7991,11,0,1979-01-01..2019-12-31,ok,3,adjacent,3443,False,3443,0
76046,growing,23,0.0417165,0.0417165,0,complex,complex,GSIM_US_0007973,11376150,1983-10-04,2019-12-31,7991,11,0,1979-01-01..2019-12-31,ok,3,adjacent,3443,False,3443,0
76050,dormant,22,0.0852494,0.0852494,0,complex,intermediate,GSIM_US_0007977,11376460,1983-01-16,2019-12-31,8867,11,0,1979-01-01..2019-12-31,ok,4,adjacent,3443,False,3443,0
76050,growing,30,9.45857e-05,9.45857e-05,0,complex,simple,GSIM_US_0007977,11376460,1983-01-16,2019-12-31,8867,11,0,1979-01-01..2019-12-31,ok,4,adjacent,3443,False,3443,0
76051,dormant,289,0.526975,0.593534,1,intermediate,intermediate,GSIM_US_0007978,11376550,1979-01-01,2019-12-31,14865,40,0,1979-01-01..2019-12-31,ok,1,adjacent,3443,False,3443,0
76051,growing,123,0.498796,0.662492,2,complex,complex,GSIM_US_0007978,11376550,1979-01-01,2019-12-31,14865,40,0,1979-01-01..2019-12-31,ok,1,adjacent,3443,False,3443,0
76055,dormant,230,0.396421,0.414141,1,complex,intermediate,GSIM_US_0007982,11379500,1979-01-01,2019-12-31,14975,41,0,1979-01-01..2019-12-31,ok,1,independent,3447,False,3447,12.0209
76055,growing,113,0.320028,0.320028,0,complex,intermediate,GSIM_US_0007982,11379500,1979-01-01,2019-12-31,14975,41,0,1979-01-01..2019-12-31,ok,1,independent,3447,False,3447,12.0209
76057,dormant,112,0.189525,0.189525,0,complex,intermediate,GSIM_US_0007985,11382000,1979-01-01,1996-09-30,6483,17,0,1979-01-01..2019-12-31,ok,1,adjacent,3447,False,3447,0
76057,growing,54,0.136605,0.217766,1,complex,complex,GSIM_US_0007985,11382000,1979-01-01,1996-09-30,6483,17,0,1979-01-01..2019-12-31,ok,1,adjacent,3447,False,3447,0
76059,dormant,32,0.418794,0.418794,0,complex,complex,GSIM_US_0007988,11388000,1979-01-01,1990-09-30,4291,11,0,1979-01-01..2019-12-31,ok,1,adjacent,3447,False,3447,0
76059,growing,16,0.643189,0.643189,0,intermediate,intermediate,GSIM_US_0007988,11388000,1979-01-01,1990-09-30,4291,11,0,1979-01-01..2019-12-31,ok,1,adjacent,3447,False,3447,0
76062,dormant,253,0.473022,0.496188,1,complex,complex,GSIM_US_0007991,11389500,1979-01-01,2019-12-31,14975,41,0,1979-01-01..2019-12-31,ok,1,contains,3444,False,3444,0
76062,growing,150,0.480082,0.540102,1,complex,intermediate,GSIM_US_0007991,11389500,1979-01-01,2019-12-31,14975,41,0,1979-01-01..2019-12-31,ok,1,contains,3444,False,3444,0
76070,dormant,148,0.118306,0.118306,0,complex,intermediate,GSIM_US_0008002,11395030,1979-01-01,2019-12-31,14975,41,0,1979-01-01..2019-12-31,ok,1,independent,4528,False,4528,57.1647
76070,growing,25,0.208122,0.208122,0,complex,complex,GSIM_US_0008002,11395030,1979-01-01,2019-12-31,14975,41,0,1979-01-01..2019-12-31,ok,1,independent,4528,False,4528,57.1647
76072,dormant,158,0.126275,0.126275,0,complex,intermediate,GSIM_US_0008004,11396000,1979-01-01,2019-12-31,14975,41,0,1979-01-01..2019-12-31,ok,1,independent,4528,False,4528,60.7724
76072,growing,49,0.419144,0.419144,0,complex,complex,GSIM_US_0008004,11396000,1979-01-01,2019-12-31,14975,41,0,1979-01-01..2019-12-31,ok,1,independent,4528,False,4528,60.7724
76073,dormant,131,0.283273,0.480626,1,complex,intermediate,GSIM_US_0008005,11396200,1979-01-01,2019-12-31,14975,41,0,1979-01-01..2019-12-31,ok,1,independent,4528,False,4528,57.1492
76073,growing,30,0.494803,0.935291,1,intermediate,complex,GSIM_US_0008005,11396200,1979-01-01,2019-12-31,14975,41,0,1979-01-01..2019-12-31,ok,1,independent,4528,False,4528,57.1492
76080,dormant,101,0.413226,0.569506,1,complex,intermediate,GSIM_US_0008019,11404300,1985-09-30,2019-12-31,12511,34,0,1979-01-01..2019-12-31,ok,1,independent,3444,False,3444,31.2044
76080,growing,16,0.0995933,0.0995933,0,complex,complex,GSIM_US_0008019,11404300,1985-09-30,2019-12-31,12511,34,0,1979-01-01..2019-12-31,ok,1,independent,3444,False,3444,31.2044
76082,dormant,5,,,,,intermediate,GSIM_US_0008023,11405200,1986-08-27,2019-12-31,10253,22,0,1979-01-01..2019-12-31,ok,7,adjacent,3444,False,3444,6.1941
76082,growing,9,,,,,complex,GSIM_US_0008023,11405200,1986-08-27,2019-12-31,10253,22,0,1979-01-01..2019-12-31,ok,7,adjacent,3444,False,3444,6.1941
76088,dormant,197,0.264336,0.324211,1,complex,intermediate,GSIM_US_0008034,11408880,1979-01-01,2019-12-31,14974,41,0,1979-01-01..2019-12-31,ok,1,independent,3444,False,3444,88.6137
76088,growing,44,0.302551,0.917672,1,intermediate,complex,GSIM_US_0008034,11408880,1979-01-01,2019-12-31,14974,41,0,1979-01-01..2019-12-31,ok,1,independent,3444,False,3444,88.6137
76090,dormant,137,0.36213,0.36213,0,complex,intermediate,GSIM_US_0008036,11409300,1979-01-01,2000-09-30,7944,21,0,1979-01-01..2019-12-31,ok,1,independent,3444,False,3444,83.2271
76090,growing,60,0.763285,0.959449,1,simple,complex,GSIM_US_0008036,11409300,1979-01-01,2000-09-30,7944,21,0,1979-01-01..2019-12-31,ok,1,independent,3444,False,3444,83.2271
76100,dormant,335,0.571733,0.773061,1,intermediate,intermediate,GSIM_US_0008050,11417500,1979-01-01,2019-12-31,14975,41,0,1979-01-01..2019-12-31,ok,1,independent,3444,False,3444,92.5656
76100,growing,119,0.59094,0.883745,2,intermediate,complex,GSIM_US_0008050,11417500,1979-01-01,2019-12-31,14975,41,0,1979-01-01..2019-12-31,ok,1,independent,3444,False,3444,92.5656
76102,dormant,271,0.550198,0.723316,1,intermediate,intermediate,GSIM_US_0008052,11418500,1979-01-01,2019-12-31,14975,41,0,1979-01-01..2019-12-31,ok,1,independent,3444,False,3444,91.993
76102,growing,127,0.719608,0.894111,1,intermediate,complex,GSIM_US_0008052,11418500,1979-01-01,2019-12-31,14975,41,0,1979-01-01..2019-12-31,ok,1,independent,3444,False,3444,91.993
76104,dormant,99,0.47744,0.598918,1,complex,intermediate,GSIM_US_0008054,11421770,1979-01-01,2019-12-30,13724,34,0,1979-01-01..2019-12-31,ok,1,independent,4528,False,4528,112.767
76104,growing,17,0.511237,0.900326,1,intermediate,complex,GSIM_US_0008054,11421770,1979-01-01,2019-12-30,13724,34,0,1979-01-01..2019-12-31,ok,1,independent,4528,False,4528,112.767
76105,dormant,113,0.612447,0.749084,1,intermediate,intermediate,GSIM_US_0008055,11421790,1979-01-01,2019-12-31,14710,39,0,1979-01-01..2019-12-31,ok,1,independent,4528,False,4528,112.778
76105,growing,27,0.672098,0.672098,0,intermediate,complex,GSIM_US_0008055,11421790,1979-01-01,2019-12-31,14710,39,0,1979-01-01..2019-12-31,ok,1,independent,4528,False,4528,112.778
76106,dormant,210,0.537313,0.82551,2,intermediate,intermediate,GSIM_US_0008056,11422500,1979-01-01,2019-12-31,14975,41,0,1979-01-01..2019-12-31,ok,1,independent,3444,False,3444,105.144
76106,growing,67,0.557412,0.557412,0,intermediate,complex,GSIM_US_0008056,11422500,1979-01-01,2019-12-31,14975,41,0,1979-01-01..2019-12-31,ok,1,independent,3444,False,3444,105.144
76107,dormant,210,0.305993,0.416216,1,complex,complex,GSIM_US_0008057,11424000,1979-01-01,2019-12-31,14975,41,0,1979-01-01..2019-12-31,ok,1,independent,3444,False,3444,101.198
76107,growing,102,0.63486,0.784783,1,intermediate,complex,GSIM_US_0008057,11424000,1979-01-01,2019-12-31,14975,41,0,1979-01-01..2019-12-31,ok,1,independent,3444,False,3444,101.198
76112,dormant,301,0.510222,0.613471,2,intermediate,intermediate,GSIM_US_0008063,11427000,1979-01-01,2019-12-31,14975,41,0,1979-01-01..2019-12-31,ok,1,independent,3442,False,3442,102.707
76112,growing,89,0.578811,0.933931,1,intermediate,complex,GSIM_US_0008063,11427000,1979-01-01,2019-12-31,14975,41,0,1979-01-01..2019-12-31,ok,1,independent,3442,False,3442,102.707
76113,dormant,143,0.0883901,0.0883901,0,complex,intermediate,GSIM_US_0008064,11427500,1979-01-01,2019-12-31,14975,41,0,1979-01-01..2019-12-31,ok,1,independent,3442,False,3442,117.638
76113,growing,42,0.35659,0.860389,1,intermediate,complex,GSIM_US_0008064,11427500,1979-01-01,2019-12-31,14975,41,0,1979-01-01..2019-12-31,ok,1,independent,3442,False,3442,117.638
76114,dormant,235,0.425751,0.78485,2,intermediate,intermediate,GSIM_US_0008065,11427700,1979-01-01,2019-12-31,14975,41,0,1979-01-01..2019-12-31,ok,1,independent,3442,False,3442,121.624
76114,growing,82,0.322343,0.322343,0,complex,complex,GSIM_US_0008065,11427700,1979-01-01,2019-12-31,14975,41,0,1979-01-01..2019-12-31,ok,1,independent,3442,False,3442,121.624
76115,dormant,203,0.465836,0.684557,1,complex,intermediate,GSIM_US_0008066,11427750,1979-01-01,2019-12-31,14975,41,0,1979-01-01..2019-12-31,ok,1,independent,3442,False,3442,120.989
76115,growing,70,0.376222,0.784898,1,intermediate,complex,GSIM_US_0008066,11427750,1979-01-01,2019-12-31,14975,41,0,1979-01-01..2019-12-31,ok,1,independent,3442,False,3442,120.989
76117,dormant,36,0.223911,0.223911,0,complex,intermediate,GSIM_US_0008068,11427770,1979-01-01,2019-11-28,12471,29,0,1979-01-01..2019-12-31,ok,1,independent,3442,False,3442,106.718
76117,growing,17,0.00410404,0.00410404,0,complex,complex,GSIM_US_0008068,11427770,1979-01-01,2019-11-28,12471,29,0,1979-01-01..2019-12-31,ok,1,independent,3442,False,3442,106.718
76120,dormant,224,0.461356,0.700928,2,complex,intermediate,GSIM_US_0008074,11430000,1979-01-01,2018-09-30,14154,37,0,1979-01-01..2019-12-31,ok,1,independent,3442,False,3442,99.8793
76120,growing,49,0.480443,0.929383,1,intermediate,intermediate,GSIM_US_0008074,11430000,1979-01-01,2018-09-30,14154,37,0,1979-01-01..2019-12-31,ok,1,independent,3442,False,3442,99.8793
76123,dormant,83,0.513277,0.821659,1,intermediate,intermediate,GSIM_US_0008077,11433100,1979-01-01,1992-09-29,5021,13,0,1979-01-01..2019-12-31,ok,1,independent,3442,False,3442,107.534
76123,growing,36,0.49007,0.49007,0,complex,complex,GSIM_US_0008077,11433100,1979-01-01,1992-09-29,5021,13,0,1979-01-01..2019-12-31,ok,1,independent,3442,False,3442,107.534
76126,dormant,325,0.429197,0.641883,1,complex,complex,GSIM_US_0008080,11433300,1979-01-01,2019-12-31,14975,41,0,1979-01-01..2019-12-31,ok,1,independent,3442,False,3442,93.0454
76126,growing,103,0.338945,0.338945,0,complex,complex,GSIM_US_0008080,11433300,1979-01-01,2019-12-31,14975,41,0,1979-01-01..2019-12-31,ok,1,independent,3442,False,3442,93.0454
76131,dormant,5,,,,,intermediate,GSIM_US_0008088,11441800,1987-10-01,2019-12-31,11158,27,0,1979-01-01..2019-12-31,ok,7,independent,3442,False,3442,85.6741
76131,growing,4,,,,,intermediate,GSIM_US_0008088,11441800,1987-10-01,2019-12-31,11158,27,0,1979-01-01..2019-12-31,ok,7,independent,3442,False,3442,85.6741
76134,dormant,82,0.433861,0.495075,1,complex,complex,GSIM_US_0008092,11443500,1979-01-01,2019-12-31,14975,41,0,1979-01-01..2019-12-31,ok,1,independent,3442,False,3442,74.3372
76134,growing,38,0.404535,0.854605,1,intermediate,complex,GSIM_US_0008092,11443500,1979-01-01,2019-12-31,14975,41,0,1979-01-01..2019-12-31,ok,1,independent,3442,False,3442,74.3372
76135,dormant,163,0.511214,0.687174,1,intermediate,intermediate,GSIM_US_0008093,11444201,1986-10-01,2017-09-30,9459,22,0,1979-01-01..2019-12-31,ok,1,independent,3442,False,3442,83.4699
76135,growing,64,0.467559,0.776498,1,intermediate,intermediate,GSIM_US_0008093,11444201,1986-10-01,2017-09-30,9459,22,0,1979-01-01..2019-12-31,ok,1,independent,3442,False,3442,83.4699
76136,dormant,326,0.412517,0.660852,1,complex,complex,GSIM_US_0008094,11444500,1979-01-01,2019-12-31,14975,41,0,1979-01-01..2019-12-31,ok,1,independent,3442,False,3442,74.3373
76136,growing,116,0.363588,0.806221,1,intermediate,intermediate,GSIM_US_0008094,11444500,1979-01-01,2019-12-31,14975,41,0,1979-01-01..2019-12-31,ok,1,independent,3442,False,3442,74.3373
76137,dormant,141,0.484019,0.632688,2,complex,complex,GSIM_US_0008095,11445500,1979-01-01,1995-09-30,6117,16,0,1979-01-01..2019-12-31,ok,1,independent,3442,False,3442,74.3374
76137,growing,54,0.423091,0.783687,1,intermediate,intermediate,GSIM_US_0008095,11445500,1979-01-01,1995-09-30,6117,16,0,1979-01-01..2019-12-31,ok,1,independent,3442,False,3442,74.3374
76138,dormant,241,0.347735,0.347735,0,complex,complex,GSIM_US_0008096,11446500,1979-01-01,2019-12-31,14975,41,0,1979-01-01..2019-12-31,ok,1,independent,3442,False,3442,67.6933
76138,growing,74,0.142469,0.142469,0,complex,intermediate,GSIM_US_0008096,11446500,1979-01-01,2019-12-31,14975,41,0,1979-01-01..2019-12-31,ok,1,independent,3442,False,3442,67.6933
76144,dormant,208,0.613989,0.713329,1,intermediate,intermediate,GSIM_US_0008102,11449500,1979-01-01,2019-12-31,14975,41,0,1979-01-01..2019-12-31,ok,1,independent,4529,False,4529,24.586
76144,growing,91,0.642015,0.879359,1,intermediate,intermediate,GSIM_US_0008102,11449500,1979-01-01,2019-12-31,14975,41,0,1979-01-01..2019-12-31,ok,1,independent,4529,False,4529,24.586
76146,dormant,58,0.0484332,0.0484332,0,complex,intermediate,GSIM_US_0008105,11451300,1983-10-01,2019-12-31,11672,30,0,1979-01-01..2019-12-31,ok,3,contains,4529,False,4529,0
76146,growing,51,0.143489,0.143489,0,complex,intermediate,GSIM_US_0008105,11451300,1983-10-01,2019-12-31,11672,30,0,1979-01-01..2019-12-31,ok,3,contains,4529,False,4529,0
76148,dormant,113,0.51039,0.771957,1,intermediate,complex,GSIM_US_0008107,11451715,1997-11-20,2019-12-31,8077,22,0,1979-01-01..2019-12-31,ok,1,adjacent,4529,False,4529,4.83491
76148,growing,74,0.603502,0.765064,2,intermediate,complex,GSIM_US_0008107,11451715,1997-11-20,2019-12-31,8077,22,0,1979-01-01..2019-12-31,ok,1,adjacent,4529,False,4529,4.83491
76153,dormant,84,0.0143593,0.0143593,0,complex,complex,GSIM_US_0008112,11454000,1979-01-01,2019-12-31,14975,41,0,1979-01-01..2019-12-31,ok,3,independent,4529,False,4529,25.5808
76153,growing,51,1.63575e-05,1.63575e-05,0,complex,simple,GSIM_US_0008112,11454000,1979-01-01,2019-12-31,14975,41,0,1979-01-01..2019-12-31,ok,3,independent,4529,False,4529,25.5808
76154,dormant,164,0.595307,0.694083,2,intermediate,complex,GSIM_US_0008113,11456000,1979-01-01,2019-12-31,13178,35,0,1979-01-01..2019-12-31,ok,1,independent,3445,False,3445,53.6227
76154,growing,82,0.582357,0.730237,2,intermediate,complex,GSIM_US_0008113,11456000,1979-01-01,2019-12-31,13178,35,0,1979-01-01..2019-12-31,ok,1,independent,3445,False,3445,53.6227
76155,dormant,174,0.477648,0.57332,2,complex,complex,GSIM_US_0008114,11458000,1979-01-01,2019-12-31,14975,41,0,1979-01-01..2019-12-31,ok,1,independent,3445,False,3445,53.6327
76155,growing,98,0.667219,0.756639,2,intermediate,complex,GSIM_US_0008114,11458000,1979-01-01,2019-12-31,14975,41,0,1979-01-01..2019-12-31,ok,1,independent,3445,False,3445,53.6327
76161,dormant,121,0.246904,0.433817,1,complex,complex,GSIM_US_0008121,11460750,1983-10-01,2019-12-31,13241,36,0,1979-01-01..2019-12-31,ok,1,independent,3437,False,3437,64.2428
76161,growing,121,0.51334,0.615418,1,intermediate,intermediate,GSIM_US_0008121,11460750,1983-10-01,2019-12-31,13241,36,0,1979-01-01..2019-12-31,ok,1,independent,3437,False,3437,64.2428
76165,dormant,104,0.295432,0.560746,2,complex,intermediate,GSIM_US_0008125,11462000,1979-01-01,2011-10-01,11962,32,0,1979-01-01..2019-12-31,ok,1,independent,3445,False,3445,12.1262
76165,growing,59,0.579885,0.754172,1,intermediate,simple,GSIM_US_0008125,11462000,1979-01-01,2011-10-01,11962,32,0,1979-01-01..2019-12-31,ok,1,independent,3445,False,3445,12.1262
76166,dormant,86,0.156051,0.156051,0,complex,complex,GSIM_US_0008126,11462500,1979-01-01,2019-12-31,14975,41,0,1979-01-01..2019-12-31,ok,3,adjacent,4530,False,4530,5.92924
76166,growing,73,0.463803,0.463803,0,complex,complex,GSIM_US_0008126,11462500,1979-01-01,2019-12-31,14975,41,0,1979-01-01..2019-12-31,ok,3,adjacent,4530,False,4530,5.92924
76172,dormant,198,0.631436,0.686866,1,intermediate,intermediate,GSIM_US_0008132,11464000,1979-01-01,2019-12-31,14975,41,0,1979-01-01..2019-12-31,ok,1,adjacent,4530,False,4530,5.92924
76172,growing,99,0.775284,0.877819,2,simple,complex,GSIM_US_0008132,11464000,1979-01-01,2019-12-31,14975,41,0,1979-01-01..2019-12-31,ok,1,adjacent,4530,False,4530,5.92924
76174,dormant,30,0.0239444,0.0239444,0,complex,complex,GSIM_US_0008134,11465000,1981-10-01,2011-10-09,10966,29,0,1979-01-01..2019-12-31,ok,5,independent,3445,False,3445,40.8661
76174,growing,26,0.0466031,0.0466031,0,complex,intermediate,GSIM_US_0008134,11465000,1981-10-01,2011-10-09,10966,29,0,1979-01-01..2019-12-31,ok,5,independent,3445,False,3445,40.8661
76175,dormant,11,,,,,complex,GSIM_US_0008135,11465200,1979-01-01,2019-12-31,14975,41,0,1979-01-01..2019-12-31,ok,6,independent,3445,False,3445,40.8661
76175,growing,21,0.109414,0.109414,0,complex,intermediate,GSIM_US_0008135,11465200,1979-01-01,2019-12-31,14975,41,0,1979-01-01..2019-12-31,ok,6,independent,3445,False,3445,40.8661
76178,dormant,70,0.564669,0.564669,0,intermediate,complex,GSIM_US_0008138,11465680,1998-11-06,2019-12-31,7726,21,0,1979-01-01..2019-12-31,ok,1,independent,3437,False,3437,72.9014
76178,growing,96,0.816494,0.866543,1,simple,complex,GSIM_US_0008138,11465680,1998-11-06,2019-12-31,7726,21,0,1979-01-01..2019-12-31,ok,1,independent,3437,False,3437,72.9014
76185,dormant,81,0.691335,0.898685,1,intermediate,complex,GSIM_US_0008145,11466320,1998-12-09,2019-12-31,7693,21,0,1979-01-01..2019-12-31,ok,1,independent,3445,False,3445,68.6155
76185,growing,55,0.803515,0.864987,1,simple,complex,GSIM_US_0008145,11466320,1998-12-09,2019-12-31,7693,21,0,1979-01-01..2019-12-31,ok,1,independent,3445,False,3445,68.6155
76186,dormant,50,0.721938,0.85679,1,intermediate,complex,GSIM_US_0008146,11466800,2005-10-01,2019-12-31,4727,12,0,1979-01-01..2019-12-31,ok,1,independent,4529,False,4529,60.6969
76186,growing,32,0.899849,0.899849,0,simple,complex,GSIM_US_0008146,11466800,2005-10-01,2019-12-31,4727,12,0,1979-01-01..2019-12-31,ok,1,independent,4529,False,4529,60.6969
76190,dormant,53,0.724206,0.801532,1,intermediate,intermediate,GSIM_US_0008150,11467510,1991-06-01,2019-12-31,4803,12,0,1979-01-01..2019-12-31,ok,1,independent,4529,False,4529,53.9302
76190,growing,18,0.886385,0.93513,1,simple,intermediate,GSIM_US_0008150,11467510,1991-06-01,2019-12-31,4803,12,0,1979-01-01..2019-12-31,ok,1,independent,4529,False,4529,53.9302
76192,dormant,52,0.780038,0.863613,2,simple,intermediate,GSIM_US_0008154,11468900,2001-06-21,2019-12-31,6768,18,0,1979-01-01..2019-12-31,ok,2,independent,3449,False,3449,11.8254
76192,growing,29,0.657017,0.90757,1,intermediate,intermediate,GSIM_US_0008154,11468900,2001-06-21,2019-12-31,6768,18,0,1979-01-01..2019-12-31,ok,2,independent,3449,False,3449,11.8254
76193,dormant,203,0.681493,0.70142,1,intermediate,intermediate,GSIM_US_0008155,11469000,1979-01-01,2019-12-31,14975,41,0,1979-01-01..2019-12-31,ok,1,adjacent,3449,False,3449,0
76193,growing,90,0.586039,0.586039,0,intermediate,intermediate,GSIM_US_0008155,11469000,1979-01-01,2019-12-31,14975,41,0,1979-01-01..2019-12-31,ok,1,adjacent,3449,False,3449,0
76201,dormant,209,0.587967,0.648204,2,intermediate,complex,GSIM_US_0008164,11475000,1979-01-01,2019-12-31,14975,41,0,1979-01-01..2019-12-31,ok,1,contains,4531,False,4531,0
76201,growing,95,0.607966,0.743418,1,intermediate,complex,GSIM_US_0008164,11475000,1979-01-01,2019-12-31,14975,41,0,1979-01-01..2019-12-31,ok,1,contains,4531,False,4531,0
76202,dormant,80,0.62903,0.70824,1,intermediate,intermediate,GSIM_US_0008168,11475800,1979-01-01,2019-12-31,12842,32,0,1979-01-01..2019-12-31,ok,2,contains,4532,False,4532,0
76202,growing,67,0.664262,0.847061,1,intermediate,complex,GSIM_US_0008168,11475800,1979-01-01,2019-12-31,12842,32,0,1979-01-01..2019-12-31,ok,2,contains,4532,False,4532,0
76203,dormant,204,0.544172,0.559477,1,intermediate,intermediate,GSIM_US_0008169,11476500,1979-01-01,2019-12-31,14975,41,0,1979-01-01..2019-12-31,ok,1,contains,4532,False,4532,0
76203,growing,98,0.786801,0.88051,1,simple,complex,GSIM_US_0008169,11476500,1979-01-01,2019-12-31,14975,41,0,1979-01-01..2019-12-31,ok,1,contains,4532,False,4532,0
76204,dormant,195,0.611264,0.680609,2,intermediate,intermediate,GSIM_US_0008171,11477000,1979-01-01,2019-12-31,14975,41,0,1979-01-01..2019-12-31,ok,1,contains,4531,False,4531,0
76204,growing,101,0.800936,0.893108,1,simple,intermediate,GSIM_US_0008171,11477000,1979-01-01,2019-12-31,14975,41,0,1979-01-01..2019-12-31,ok,1,contains,4531,False,4531,0
76211,dormant,109,0.411421,0.411421,0,complex,complex,GSIM_US_0008191,11517000,2001-10-01,2019-12-31,6666,18,0,1979-01-01..2019-12-31,ok,1,adjacent,4538,False,4538,0
76211,growing,77,0.327295,0.327295,0,complex,complex,GSIM_US_0008191,11517000,2001-10-01,2019-12-31,6666,18,0,1979-01-01..2019-12-31,ok,1,adjacent,4538,False,4538,0
76213,dormant,216,0.277912,0.277912,0,complex,complex,GSIM_US_0008193,11519500,1979-01-01,2019-12-31,14975,41,0,1979-01-01..2019-12-31,ok,1,adjacent,3455,False,3455,0
76213,growing,125,0.36146,0.36146,0,complex,complex,GSIM_US_0008193,11519500,1979-01-01,2019-12-31,14975,41,0,1979-01-01..2019-12-31,ok,1,adjacent,3455,False,3455,0
76217,dormant,178,0.0670099,0.0670099,0,complex,complex,GSIM_US_0008199,11525500,1979-01-01,2019-12-31,14975,41,0,1979-01-01..2019-12-31,ok,2,contains,4538,False,4538,0
76217,growing,120,0.00990354,0.00990354,0,complex,complex,GSIM_US_0008199,11525500,1979-01-01,2019-12-31,14975,41,0,1979-01-01..2019-12-31,ok,2,contains,4538,False,4538,0
76218,dormant,25,0.670069,0.670069,0,intermediate,intermediate,GSIM_US_0008200,11525530,2002-10-01,2019-12-31,6131,16,0,1979-01-01..2019-12-31,ok,4,independent,3454,False,3454,15.5334
76218,growing,30,0.771057,0.8103,1,simple,complex,GSIM_US_0008200,11525530,2002-10-01,2019-12-31,6131,16,0,1979-01-01..2019-12-31,ok,4,independent,3454,False,3454,15.5334
76219,dormant,122,0.289191,0.289191,0,complex,complex,GSIM_US_0008201,11525600,1979-01-01,2005-09-30,9770,26,0,1979-01-01..2019-12-31,ok,1,independent,3456,False,3456,16.3596
76219,growing,53,0.412305,0.477224,1,complex,intermediate,GSIM_US_0008201,11525600,1979-01-01,2005-09-30,9770,26,0,1979-01-01..2019-12-31,ok,1,independent,3456,False,3456,16.3596
76222,dormant,77,0.458483,0.588154,2,complex,complex,GSIM_US_0008204,11525670,2004-10-01,2019-12-31,5570,15,0,1979-01-01..2019-12-31,ok,1,adjacent,3456,False,3456,8.15755
76222,growing,47,0.415597,0.415597,0,complex,complex,GSIM_US_0008204,11525670,2004-10-01,2019-12-31,5570,15,0,1979-01-01..2019-12-31,ok,1,adjacent,3456,False,3456,8.15755
76225,dormant,0,,,,,complex,GSIM_US_0008207,11526400,2005-03-29,2019-12-31,5391,14,0,1979-01-01..2019-12-31,ok,7,contains,4538,False,4538,0
76225,growing,5,,,,,complex,GSIM_US_0008207,11526400,2005-03-29,2019-12-31,5391,14,0,1979-01-01..2019-12-31,ok,7,contains,4538,False,4538,0
76227,dormant,242,0.452509,0.452509,0,complex,complex,GSIM_US_0008209,11527000,1979-01-01,2019-12-31,14975,41,0,1979-01-01..2019-12-31,ok,1,contains,4538,False,4538,0
76227,growing,139,0.270848,0.270848,0,complex,complex,GSIM_US_0008209,11527000,1979-01-01,2019-12-31,14975,41,0,1979-01-01..2019-12-31,ok,1,contains,4538,False,4538,0
76236,dormant,168,0.341232,0.341232,0,complex,intermediate,GSIM_US_0008225,12026150,1979-01-01,2019-12-31,14975,41,0,1979-01-01..2019-12-31,ok,1,contains,4543,False,4543,0
76236,growing,147,0.0992879,0.221911,2,complex,complex,GSIM_US_0008225,12026150,1979-01-01,2019-12-31,14975,41,0,1979-01-01..2019-12-31,ok,1,contains,4543,False,4543,0
76237,dormant,196,0.460274,0.490631,1,complex,intermediate,GSIM_US_0008226,12026400,1979-01-01,2019-12-31,14975,41,0,1979-01-01..2019-12-31,ok,1,contains,4543,False,4543,0
76237,growing,202,0.199304,0.199304,0,complex,complex,GSIM_US_0008226,12026400,1979-01-01,2019-12-31,14975,41,0,1979-01-01..2019-12-31,ok,1,contains,4543,False,4543,0
76240,dormant,161,0.733769,0.797544,1,intermediate,simple,GSIM_US_0008229,12031000,1979-01-01,2019-12-31,14975,41,0,1979-01-01..2019-12-31,ok,1,contains,3460,False,3460,0
76240,growing,192,0.505858,0.526988,1,intermediate,complex,GSIM_US_0008229,12031000,1979-01-01,2019-12-31,14975,41,0,1979-01-01..2019-12-31,ok,1,contains,3460,False,3460,0
76243,dormant,147,0.485655,0.485655,0,complex,simple,GSIM_US_0008233,12035400,1979-01-01,2019-12-31,14962,41,0,1979-01-01..2019-12-31,ok,1,adjacent,3462,False,3462,0
76243,growing,88,0.352252,0.352252,0,complex,intermediate,GSIM_US_0008233,12035400,1979-01-01,2019-12-31,14962,41,0,1979-01-01..2019-12-31,ok,1,adjacent,3462,False,3462,0
76246,dormant,141,0.820679,0.885836,2,simple,simple,GSIM_US_0008236,12037400,1979-01-01,2019-12-31,14610,39,0,1979-01-01..2019-12-31,ok,1,adjacent,3462,False,3462,0
76246,growing,221,0.548637,0.611608,1,intermediate,intermediate,GSIM_US_0008236,12037400,1979-01-01,2019-12-31,14610,39,0,1979-01-01..2019-12-31,ok,1,adjacent,3462,False,3462,0
76248,dormant,22,0.8233,0.9433,1,simple,simple,GSIM_US_0008238,12039005,2002-07-20,2019-12-31,6374,17,0,1979-01-01..2019-12-31,ok,2,adjacent,3462,False,3462,6.15137
76248,growing,50,0.650815,0.710794,2,intermediate,intermediate,GSIM_US_0008238,12039005,2002-07-20,2019-12-31,6374,17,0,1979-01-01..2019-12-31,ok,2,adjacent,3462,False,3462,6.15137
76251,dormant,127,0.845686,0.891824,1,simple,simple,GSIM_US_0008242,12041200,1979-01-01,2019-12-31,14975,41,0,1979-01-01..2019-12-31,ok,1,adjacent,3463,False,3463,0
76251,growing,236,0.723799,0.772926,2,intermediate,simple,GSIM_US_0008242,12041200,1979-01-01,2019-12-31,14975,41,0,1979-01-01..2019-12-31,ok,1,adjacent,3463,False,3463,0
76253,dormant,80,0.794461,0.794461,0,simple,simple,GSIM_US_0008245,12043300,1983-06-14,2019-12-31,10879,24,0,1979-01-01..2019-12-31,ok,1,adjacent,3464,False,3464,8.83734
76253,growing,186,0.594101,0.617661,1,intermediate,intermediate,GSIM_US_0008245,12043300,1983-06-14,2019-12-31,10879,24,0,1979-01-01..2019-12-31,ok,1,adjacent,3464,False,3464,8.83734
76256,dormant,95,0.638065,0.777057,2,intermediate,intermediate,GSIM_US_0008251,12052210,1994-01-21,2019-12-31,9476,26,0,1979-01-01..2019-12-31,ok,1,independent,3463,False,3463,33.1418
76256,growing,120,0.217912,0.33977,1,complex,complex,GSIM_US_0008251,12052210,1994-01-21,2019-12-31,9476,26,0,1979-01-01..2019-12-31,ok,1,independent,3463,False,3463,33.1418
76260,dormant,1,,,,,intermediate,GSIM_US_0008255,12058790,2008-09-30,2019-12-31,4110,11,0,1979-01-01..2019-12-31,ok,5,adjacent,3462,False,3462,6.17874
76260,growing,3,,,,,intermediate,GSIM_US_0008255,12058790,2008-09-30,2019-12-31,4110,11,0,1979-01-01..2019-12-31,ok,5,adjacent,3462,False,3462,6.17874
76261,dormant,6,,,,,intermediate,GSIM_US_0008256,12059500,1979-01-01,2019-12-31,14975,41,0,1979-01-01..2019-12-31,ok,4,adjacent,3462,False,3462,4.98385
76261,growing,46,0.161868,0.161868,0,complex,intermediate,GSIM_US_0008256,12059500,1979-01-01,2019-12-31,14975,41,0,1979-01-01..2019-12-31,ok,4,adjacent,3462,False,3462,4.98385
76269,dormant,168,0.696121,0.77361,2,intermediate,intermediate,GSIM_US_0008265,12079000,1980-06-01,2019-12-31,13086,32,0,1979-01-01..2019-12-31,ok,1,adjacent,3482,False,3482,0
76269,growing,203,0.450517,0.677284,1,complex,complex,GSIM_US_0008265,12079000,1980-06-01,2019-12-31,13086,32,0,1979-01-01..2019-12-31,ok,1,adjacent,3482,False,3482,0
76274,dormant,143,0.719872,0.764182,2,intermediate,intermediate,GSIM_US_0008271,12087000,1991-10-01,2019-12-31,10319,28,0,1979-01-01..2019-12-31,ok,1,independent,3482,False,3482,12.8822
76274,growing,145,0.344178,0.344178,0,complex,intermediate,GSIM_US_0008271,12087000,1991-10-01,2019-12-31,10319,28,0,1979-01-01..2019-12-31,ok,1,independent,3482,False,3482,12.8822
76280,dormant,239,0.762694,0.800644,1,simple,intermediate,GSIM_US_0008277,12091200,1979-01-01,2019-12-31,14315,38,0,1979-01-01..2019-12-31,ok,1,independent,3465,False,3465,18.9882
76280,growing,174,0.689996,0.730463,1,intermediate,intermediate,GSIM_US_0008277,12091200,1979-01-01,2019-12-31,14315,38,0,1979-01-01..2019-12-31,ok,1,independent,3465,False,3465,18.9882
76283,dormant,4,,,,,intermediate,GSIM_US_0008280,12091500,1997-09-12,2019-12-31,8146,22,0,1979-01-01..2019-12-31,ok,7,adjacent,3466,False,3466,5.90183
76283,growing,7,,,,,complex,GSIM_US_0008280,12091500,1997-09-12,2019-12-31,8146,22,0,1979-01-01..2019-12-31,ok,7,adjacent,3466,False,3466,5.90183
76286,dormant,48,0.640239,0.754039,1,intermediate,intermediate,GSIM_US_0008285,12096500,2006-09-30,2019-12-31,4831,13,0,1979-01-01..2019-12-31,ok,1,contains,3466,False,3466,0
76286,growing,80,0.365843,0.365843,0,complex,intermediate,GSIM_US_0008285,12096500,2006-09-30,2019-12-31,4831,13,0,1979-01-01..2019-12-31,ok,1,contains,3466,False,3466,0
76303,dormant,128,0.587533,0.759759,2,intermediate,simple,GSIM_US_0008313,12115700,1983-03-01,2019-12-31,13090,35,0,1979-01-01..2019-12-31,ok,1,adjacent,3467,False,3467,0
76303,growing,151,0.499369,0.540781,1,complex,simple,GSIM_US_0008313,12115700,1983-03-01,2019-12-31,13090,35,0,1979-01-01..2019-12-31,ok,1,adjacent,3467,False,3467,0
76310,dormant,188,0.64646,0.64646,0,intermediate,simple,GSIM_US_0008321,12120000,1979-01-01,2019-09-30,14883,40,0,1979-01-01..2019-12-31,ok,1,adjacent,3982,False,3982,3.29609
76310,growing,297,0.628699,0.638046,1,intermediate,intermediate,GSIM_US_0008321,12120000,1979-01-01,2019-09-30,14883,40,0,1979-01-01..2019-12-31,ok,1,adjacent,3982,False,3982,3.29609
76314,dormant,6,,,,,intermediate,GSIM_US_0008326,12125200,1979-01-01,2006-06-30,10043,27,0,1979-01-01..2019-12-31,ok,4,contains,3982,False,3982,0
76314,growing,47,0.544201,0.544201,0,intermediate,intermediate,GSIM_US_0008326,12125200,1979-01-01,2006-06-30,10043,27,0,1979-01-01..2019-12-31,ok,4,contains,3982,False,3982,0
76320,dormant,103,0.591542,0.700836,1,intermediate,simple,GSIM_US_0008333,12137290,1991-10-01,2019-12-31,10319,28,0,1979-01-01..2019-12-31,ok,1,independent,3469,False,3469,13.9161
76320,growing,145,0.560647,0.654342,1,intermediate,intermediate,GSIM_US_0008333,12137290,1991-10-01,2019-12-31,10319,28,0,1979-01-01..2019-12-31,ok,1,independent,3469,False,3469,13.9161
76322,dormant,123,0.147281,0.147281,0,complex,simple,GSIM_US_0008335,12137800,1983-05-01,2019-12-31,11870,31,0,1979-01-01..2019-12-31,ok,1,independent,3470,False,3470,12.5226
76322,growing,123,0.0729927,0.0729927,0,complex,intermediate,GSIM_US_0008335,12137800,1983-05-01,2019-12-31,11870,31,0,1979-01-01..2019-12-31,ok,1,independent,3470,False,3470,12.5226
76323,dormant,1,,,,,intermediate,GSIM_US_0008336,12138160,1983-10-01,2019-12-31,13241,36,0,1979-01-01..2019-12-31,ok,5,independent,3470,False,3470,12.5226
76323,growing,30,0.10456,0.10456,0,complex,intermediate,GSIM_US_0008336,12138160,1983-10-01,2019-12-31,13241,36,0,1979-01-01..2019-12-31,ok,5,independent,3470,False,3470,12.5226
76331,dormant,56,0.348739,0.44095,1,complex,simple,GSIM_US_0008350,12148000,1979-01-01,2019-12-31,14975,41,0,1979-01-01..2019-12-31,ok,2,adjacent,3469,False,3469,0
76331,growing,104,0.0395423,0.0395423,0,complex,complex,GSIM_US_0008350,12148000,1979-01-01,2019-12-31,14975,41,0,1979-01-01..2019-12-31,ok,2,adjacent,3469,False,3469,0
76333,dormant,168,0.711917,0.74681,1,intermediate,simple,GSIM_US_0008352,12148500,1979-01-01,2019-12-31,14975,41,0,1979-01-01..2019-12-31,ok,1,contains,3469,False,3469,0
76333,growing,221,0.680636,0.710673,1,intermediate,complex,GSIM_US_0008352,12148500,1979-01-01,2019-12-31,14975,41,0,1979-01-01..2019-12-31,ok,1,contains,3469,False,3469,0
76348,dormant,111,0.6493,0.732368,1,intermediate,intermediate,GSIM_US_0008379,12201500,1996-10-01,2019-12-31,8492,23,0,1979-01-01..2019-12-31,ok,1,independent,828,False,828,14.4988
76348,growing,148,0.329091,0.329091,0,complex,intermediate,GSIM_US_0008379,12201500,1996-10-01,2019-12-31,8492,23,0,1979-01-01..2019-12-31,ok,1,independent,828,False,828,14.4988
76349,dormant,77,0.644567,0.701239,1,intermediate,intermediate,GSIM_US_0008381,12201960,2001-10-01,2019-12-31,6665,18,0,1979-01-01..2019-12-31,ok,1,independent,828,False,828,17.3954
76349,growing,101,0.299176,0.434108,2,complex,intermediate,GSIM_US_0008381,12201960,2001-10-01,2019-12-31,6665,18,0,1979-01-01..2019-12-31,ok,1,independent,828,False,828,17.3954
76372,dormant,369,0.190339,0.190339,0,complex,complex,GSIM_US_0008792,14018500,1979-01-01,2019-12-31,14975,41,0,1979-01-01..2019-12-31,ok,1,independent,3474,False,3474,257.026
76372,growing,202,0.337032,0.498184,1,complex,complex,GSIM_US_0008792,14018500,1979-01-01,2019-12-31,14975,41,0,1979-01-01..2019-12-31,ok,1,independent,3474,False,3474,257.026
76378,dormant,334,0.107288,0.107288,0,complex,complex,GSIM_US_0008803,14033500,1979-01-01,2019-12-31,14975,41,0,1979-01-01..2019-12-31,ok,1,independent,3474,False,3474,183.98
76378,growing,176,0.23573,0.330418,1,complex,complex,GSIM_US_0008803,14033500,1979-01-01,2019-12-31,14975,41,0,1979-01-01..2019-12-31,ok,1,independent,3474,False,3474,183.98
76379,dormant,308,0.0373777,0.0373777,0,complex,complex,GSIM_US_0008804,14034470,1982-10-01,2019-12-31,13606,37,0,1979-01-01..2019-12-31,ok,1,independent,3474,False,3474,187.599
76379,growing,156,0.220822,0.220822,0,complex,intermediate,GSIM_US_0008804,14034470,1982-10-01,2019-12-31,13606,37,0,1979-01-01..2019-12-31,ok,1,independent,3474,False,3474,187.599
76381,dormant,104,0.0524624,0.0524624,0,complex,complex,GSIM_US_0008806,14034500,1979-01-01,2019-12-31,14975,41,0,1979-01-01..2019-12-31,ok,3,independent,3474,False,3474,182.307
76381,growing,69,0.0574608,0.0574608,0,complex,intermediate,GSIM_US_0008806,14034500,1979-01-01,2019-12-31,14975,41,0,1979-01-01..2019-12-31,ok,3,independent,3474,False,3474,182.307
76387,dormant,56,0.286797,0.432571,1,complex,intermediate,GSIM_US_0008862,14113200,1979-01-01,2019-12-31,6323,16,0,1979-01-01..2019-12-31,ok,2,independent,3474,False,3474,36.0114
76387,growing,72,0.310385,0.775936,1,intermediate,complex,GSIM_US_0008862,14113200,1979-01-01,2019-12-31,6323,16,0,1979-01-01..2019-12-31,ok,2,independent,3474,False,3474,36.0114
76388,dormant,52,0.59051,0.735533,1,intermediate,simple,GSIM_US_0008863,14118500,1979-01-01,1991-09-30,4656,12,0,1979-01-01..2019-12-31,ok,1,adjacent,3473,False,3473,7.10625
76388,growing,74,0.346061,0.424235,1,complex,intermediate,GSIM_US_0008863,14118500,1979-01-01,1991-09-30,4656,12,0,1979-01-01..2019-12-31,ok,1,adjacent,3473,False,3473,7.10625
76394,dormant,0,,,,,simple,GSIM_US_0008874,14138720,1992-10-01,2019-12-31,9953,27,0,1979-01-01..2019-12-31,ok,,adjacent,3473,False,3473,5.15252
76394,growing,0,,,,,intermediate,GSIM_US_0008874,14138720,1992-10-01,2019-12-31,9953,27,0,1979-01-01..2019-12-31,ok,,adjacent,3473,False,3473,5.15252
76396,dormant,165,0.723899,0.723899,0,intermediate,simple,GSIM_US_0008876,14138850,1979-01-01,2019-12-31,14975,41,0,1979-01-01..2019-12-31,ok,1,adjacent,3471,False,3471,0
76396,growing,185,0.59767,0.666346,2,intermediate,intermediate,GSIM_US_0008876,14138850,1979-01-01,2019-12-31,14975,41,0,1979-01-01..2019-12-31,ok,1,adjacent,3471,False,3471,0
76400,dormant,163,0.665411,0.888953,2,intermediate,simple,GSIM_US_0008884,14142500,1984-05-01,2019-12-31,13028,35,0,1979-01-01..2019-12-31,ok,1,contains,3474,False,3474,0
76400,growing,214,0.449612,0.583196,1,complex,intermediate,GSIM_US_0008884,14142500,1984-05-01,2019-12-31,13028,35,0,1979-01-01..2019-12-31,ok,1,contains,3474,False,3474,0
76406,dormant,55,0.383903,0.383903,0,complex,intermediate,GSIM_US_0008890,14146500,1979-01-01,1994-06-13,5278,13,0,1979-01-01..2019-12-31,ok,1,independent,4548,False,4548,16.3779
76406,growing,67,0.445137,0.950514,1,intermediate,complex,GSIM_US_0008890,14146500,1979-01-01,1994-06-13,5278,13,0,1979-01-01..2019-12-31,ok,1,independent,4548,False,4548,16.3779
76407,dormant,66,0.536444,0.650247,1,intermediate,intermediate,GSIM_US_0008891,14147500,1979-01-01,1994-09-30,5387,13,0,1979-01-01..2019-12-31,ok,1,adjacent,3475,False,3475,6.84032
76407,growing,71,0.259056,0.259056,0,complex,complex,GSIM_US_0008891,14147500,1979-01-01,1994-09-30,5387,13,0,1979-01-01..2019-12-31,ok,1,adjacent,3475,False,3475,6.84032
76411,dormant,115,0.702189,0.74587,1,intermediate,intermediate,GSIM_US_0008895,14150800,1979-01-01,2019-12-31,8034,21,0,1979-01-01..2019-12-31,ok,1,adjacent,4548,False,4548,9.15907
76411,growing,99,0.291303,0.291303,0,complex,complex,GSIM_US_0008895,14150800,1979-01-01,2019-12-31,8034,21,0,1979-01-01..2019-12-31,ok,1,adjacent,4548,False,4548,9.15907
76415,dormant,193,0.519461,0.519461,0,intermediate,intermediate,GSIM_US_0008899,14153500,1979-01-01,2019-12-31,14975,41,0,1979-01-01..2019-12-31,ok,1,adjacent,3490,False,3490,4.85
76415,growing,77,0.116991,0.255723,1,complex,complex,GSIM_US_0008899,14153500,1979-01-01,2019-12-31,14975,41,0,1979-01-01..2019-12-31,ok,1,adjacent,3490,False,3490,4.85
76416,dormant,196,0.494579,0.494579,0,complex,intermediate,GSIM_US_0008901,14155500,1979-01-01,2019-12-31,14975,41,0,1979-01-01..2019-12-31,ok,1,contains,4548,False,4548,0
76416,growing,107,0.352735,0.352735,0,complex,intermediate,GSIM_US_0008901,14155500,1979-01-01,2019-12-31,14975,41,0,1979-01-01..2019-12-31,ok,1,contains,4548,False,4548,0
76426,dormant,59,0.735178,0.813774,1,intermediate,intermediate,GSIM_US_0008919,14164900,2007-03-22,2019-12-31,4668,12,0,1979-01-01..2019-12-31,ok,1,adjacent,3478,False,3478,0
76426,growing,69,0.479135,0.479135,0,complex,intermediate,GSIM_US_0008919,14164900,2007-03-22,2019-12-31,4668,12,0,1979-01-01..2019-12-31,ok,1,adjacent,3478,False,3478,0
76432,dormant,103,0.622021,0.70416,1,intermediate,intermediate,GSIM_US_0008927,14171000,1979-01-01,2019-12-31,9495,25,0,1979-01-01..2019-12-31,ok,1,adjacent,3487,False,3487,0
76432,growing,119,0.385377,0.511903,1,complex,complex,GSIM_US_0008927,14171000,1979-01-01,2019-12-31,9495,25,0,1979-01-01..2019-12-31,ok,1,adjacent,3487,False,3487,0
76433,dormant,53,0.647687,0.897211,1,intermediate,simple,GSIM_US_0008928,14172000,1979-01-01,1990-09-30,4291,11,0,1979-01-01..2019-12-31,ok,1,adjacent,3480,False,3480,0
76433,growing,61,0.210641,0.210641,0,complex,complex,GSIM_US_0008928,14172000,1979-01-01,1990-09-30,4291,11,0,1979-01-01..2019-12-31,ok,1,adjacent,3480,False,3480,0
76435,dormant,204,0.549305,0.65052,1,intermediate,intermediate,GSIM_US_0008930,14174000,1979-01-01,2019-12-31,14975,41,0,1979-01-01..2019-12-31,ok,1,contains,3475,False,3475,0
76435,growing,195,0.361631,0.361631,0,complex,complex,GSIM_US_0008930,14174000,1979-01-01,2019-12-31,14975,41,0,1979-01-01..2019-12-31,ok,1,contains,3475,False,3475,0
76436,dormant,88,0.570529,0.570529,0,intermediate,intermediate,GSIM_US_0008933,14180300,1998-10-01,2019-12-31,7762,21,0,1979-01-01..2019-12-31,ok,1,adjacent,3479,False,3479,0
76436,growing,88,0.250582,0.297981,1,complex,intermediate,GSIM_US_0008933,14180300,1998-10-01,2019-12-31,7762,21,0,1979-01-01..2019-12-31,ok,1,adjacent,3479,False,3479,0
76440,dormant,28,0.548035,0.956557,2,intermediate,simple,GSIM_US_0008942,14187200,1979-01-01,2019-12-31,14975,41,0,1979-01-01..2019-12-31,ok,3,contains,3478,False,3478,0
76440,growing,112,0.0548319,0.0548319,0,complex,intermediate,GSIM_US_0008942,14187200,1979-01-01,2019-12-31,14975,41,0,1979-01-01..2019-12-31,ok,3,contains,3478,False,3478,0
76443,dormant,117,0.716809,0.871388,2,intermediate,simple,GSIM_US_0008945,14188800,1979-01-01,2019-12-31,9495,25,0,1979-01-01..2019-12-31,ok,1,adjacent,3479,False,3479,0
76443,growing,111,0.307882,0.353918,1,complex,complex,GSIM_US_0008945,14188800,1979-01-01,2019-12-31,9495,25,0,1979-01-01..2019-12-31,ok,1,adjacent,3479,False,3479,0
76444,dormant,174,0.505013,0.755563,1,intermediate,intermediate,GSIM_US_0008946,14189000,1979-01-01,2019-12-31,14610,39,0,1979-01-01..2019-12-31,ok,1,contains,3478,False,3478,0
76444,growing,203,0.249127,0.249127,0,complex,complex,GSIM_US_0008946,14189000,1979-01-01,2019-12-31,14610,39,0,1979-01-01..2019-12-31,ok,1,contains,3478,False,3478,0
76449,dormant,182,0.596807,0.756283,2,intermediate,intermediate,GSIM_US_0008951,14191000,1979-01-01,2019-12-31,14975,41,0,1979-01-01..2019-12-31,ok,1,contains,3475,False,3475,0
76449,growing,199,0.350608,0.350608,0,complex,complex,GSIM_US_0008951,14191000,1979-01-01,2019-12-31,14975,41,0,1979-01-01..2019-12-31,ok,1,contains,3475,False,3475,0
76451,dormant,7,,,,,simple,GSIM_US_0008953,14192500,1979-01-01,1993-09-29,5386,14,0,1979-01-01..2019-12-31,ok,3,adjacent,3485,False,3485,0
76451,growing,28,0.514425,0.917575,1,intermediate,intermediate,GSIM_US_0008953,14192500,1979-01-01,1993-09-29,5386,14,0,1979-01-01..2019-12-31,ok,3,adjacent,3485,False,3485,0
76453,dormant,51,0.650405,0.733969,1,intermediate,simple,GSIM_US_0008955,14194000,1979-01-01,1991-09-29,4655,12,0,1979-01-01..2019-12-31,ok,1,adjacent,3485,False,3485,0
76453,growing,70,0.458191,0.806108,1,intermediate,complex,GSIM_US_0008955,14194000,1979-01-01,1991-09-29,4655,12,0,1979-01-01..2019-12-31,ok,1,adjacent,3485,False,3485,0
76455,dormant,51,0.674703,0.842088,1,intermediate,simple,GSIM_US_0008957,14194300,1979-01-01,1991-09-29,4655,12,0,1979-01-01..2019-12-31,ok,1,adjacent,3484,False,3484,5.61722
76455,growing,62,0.191368,0.191368,0,complex,complex,GSIM_US_0008957,14194300,1979-01-01,1991-09-29,4655,12,0,1979-01-01..2019-12-31,ok,1,adjacent,3484,False,3484,5.61722
76458,dormant,62,0.712237,0.808131,1,intermediate,intermediate,GSIM_US_0008960,14197900,2001-10-01,2019-12-31,6666,18,0,1979-01-01..2019-12-31,ok,1,contains,3475,False,3475,0
76458,growing,79,0.395855,0.395855,0,complex,intermediate,GSIM_US_0008960,14197900,2001-10-01,2019-12-31,6666,18,0,1979-01-01..2019-12-31,ok,1,contains,3475,False,3475,0
76461,dormant,61,0.821281,0.913517,1,simple,simple,GSIM_US_0008963,14198500,1979-01-01,1993-09-29,5386,14,0,1979-01-01..2019-12-31,ok,1,adjacent,3477,False,3477,0
76461,growing,84,0.357478,0.357478,0,complex,intermediate,GSIM_US_0008963,14198500,1979-01-01,1993-09-29,5386,14,0,1979-01-01..2019-12-31,ok,1,adjacent,3477,False,3477,0
76466,dormant,52,0.738983,0.913706,1,intermediate,intermediate,GSIM_US_0008968,14201500,1979-01-01,2019-12-31,4631,12,0,1979-01-01..2019-12-31,ok,1,adjacent,3477,False,3477,0.907339
76466,growing,75,0.439588,0.524768,1,complex,complex,GSIM_US_0008968,14201500,1979-01-01,2019-12-31,4631,12,0,1979-01-01..2019-12-31,ok,1,adjacent,3477,False,3477,0.907339
76467,dormant,113,0.582281,0.857009,2,intermediate,intermediate,GSIM_US_0008969,14202000,1993-06-21,2019-12-31,7864,20,0,1979-01-01..2019-12-31,ok,1,adjacent,3477,False,3477,0
76467,growing,65,0.484164,0.705317,1,complex,complex,GSIM_US_0008969,14202000,1993-06-21,2019-12-31,7864,20,0,1979-01-01..2019-12-31,ok,1,adjacent,3477,False,3477,0
76470,dormant,176,0.631633,0.779372,2,intermediate,intermediate,GSIM_US_0008972,14203500,1979-01-01,2019-12-31,14975,41,0,1979-01-01..2019-12-31,ok,1,independent,3483,False,3483,10.7672
76470,growing,208,0.337592,0.802189,2,intermediate,complex,GSIM_US_0008972,14203500,1979-01-01,2019-12-31,14975,41,0,1979-01-01..2019-12-31,ok,1,independent,3483,False,3483,10.7672
76477,dormant,79,0.733185,0.786505,1,intermediate,intermediate,GSIM_US_0008983,14211010,2001-06-01,2019-12-31,6788,18,0,1979-01-01..2019-12-31,ok,1,adjacent,3477,False,3477,0
76477,growing,89,0.364094,0.364094,0,complex,complex,GSIM_US_0008983,14211010,2001-06-01,2019-12-31,6788,18,0,1979-01-01..2019-12-31,ok,1,adjacent,3477,False,3477,0
76480,dormant,103,0.513985,0.54066,1,intermediate,simple,GSIM_US_0008986,14211499,2000-03-11,2019-12-31,7235,19,0,1979-01-01..2019-12-31,ok,1,independent,3474,False,3474,20.587
76480,growing,73,0.374349,0.504778,1,complex,intermediate,GSIM_US_0008986,14211499,2000-03-11,2019-12-31,7235,19,0,1979-01-01..2019-12-31,ok,1,independent,3474,False,3474,20.587
76483,dormant,157,0.568398,0.746694,1,intermediate,intermediate,GSIM_US_0008989,14211720,1979-01-01,2019-12-31,14975,41,0,1979-01-01..2019-12-31,ok,1,contains,3475,False,3475,0
76483,growing,193,0.337745,0.337745,0,complex,intermediate,GSIM_US_0008989,14211720,1979-01-01,2019-12-31,14975,41,0,1979-01-01..2019-12-31,ok,1,contains,3475,False,3475,0
76485,dormant,128,0.554819,0.695502,2,intermediate,simple,GSIM_US_0008991,14216500,1983-10-01,2019-12-31,13241,36,0,1979-01-01..2019-12-31,ok,1,independent,3482,False,3482,24.3671
76485,growing,150,0.243421,0.243421,0,complex,intermediate,GSIM_US_0008991,14216500,1983-10-01,2019-12-31,13241,36,0,1979-01-01..2019-12-31,ok,1,independent,3482,False,3482,24.3671
76486,dormant,8,,,,,simple,GSIM_US_0008992,14219000,2006-10-01,2019-12-31,4840,13,0,1979-01-01..2019-12-31,ok,3,adjacent,3481,False,3481,0
76486,growing,23,0.594027,0.594027,0,intermediate,intermediate,GSIM_US_0008992,14219000,2006-10-01,2019-12-31,4840,13,0,1979-01-01..2019-12-31,ok,3,adjacent,3481,False,3481,0
76487,dormant,135,0.790986,0.826163,1,simple,simple,GSIM_US_0008993,14219800,1979-01-01,2019-12-31,14610,39,0,1979-01-01..2019-12-31,ok,1,independent,3481,False,3481,12.2556
76487,growing,197,0.542278,0.587193,1,intermediate,intermediate,GSIM_US_0008993,14219800,1979-01-01,2019-12-31,14610,39,0,1979-01-01..2019-12-31,ok,1,independent,3481,False,3481,12.2556
76488,dormant,166,0.401735,0.477545,1,complex,simple,GSIM_US_0008994,14220500,1979-01-01,2019-12-31,14975,41,0,1979-01-01..2019-12-31,ok,1,adjacent,3481,False,3481,0
76488,growing,139,0.38675,0.38675,0,complex,intermediate,GSIM_US_0008994,14220500,1979-01-01,2019-12-31,14975,41,0,1979-01-01..2019-12-31,ok,1,adjacent,3481,False,3481,0
76497,dormant,69,0.667693,0.83059,1,intermediate,simple,GSIM_US_0009009,14241500,1996-02-01,2013-09-29,6451,17,0,1979-01-01..2019-12-31,ok,1,independent,3460,False,3460,23.2757
76497,growing,88,0.643552,0.643552,0,intermediate,intermediate,GSIM_US_0009009,14241500,1996-02-01,2013-09-29,6451,17,0,1979-01-01..2019-12-31,ok,1,independent,3460,False,3460,23.2757
76499,dormant,153,0.665162,0.743979,1,intermediate,simple,GSIM_US_0009011,14242580,1981-03-24,2019-12-31,14162,38,0,1979-01-01..2019-12-31,ok,1,adjacent,3482,False,3482,6.99933
76499,growing,218,0.580808,0.580808,0,intermediate,intermediate,GSIM_US_0009011,14242580,1981-03-24,2019-12-31,14162,38,0,1979-01-01..2019-12-31,ok,1,adjacent,3482,False,3482,6.99933
76508,dormant,77,0.853294,0.884672,1,simple,intermediate,GSIM_US_0009022,14302480,1996-04-01,2019-12-31,8675,23,0,1979-01-01..2019-12-31,ok,1,adjacent,3484,False,3484,0
76508,growing,112,0.629447,0.676824,1,intermediate,intermediate,GSIM_US_0009022,14302480,1996-04-01,2019-12-31,8675,23,0,1979-01-01..2019-12-31,ok,1,adjacent,3484,False,3484,0
76511,dormant,39,0.749851,0.9377,1,intermediate,simple,GSIM_US_0009027,14306100,1979-01-01,1989-09-29,3925,10,0,1979-01-01..2019-12-31,ok,1,nested,3487,False,3487,0
76511,growing,55,0.466775,0.466775,0,complex,intermediate,GSIM_US_0009027,14306100,1979-01-01,1989-09-29,3925,10,0,1979-01-01..2019-12-31,ok,1,nested,3487,False,3487,0
76517,dormant,177,0.52372,0.577038,1,intermediate,complex,GSIM_US_0009035,14308500,1979-01-01,2019-12-31,10956,28,0,1979-01-01..2019-12-31,ok,1,adjacent,4551,False,4551,0
76517,growing,109,0.333234,0.476256,1,complex,complex,GSIM_US_0009035,14308500,1979-01-01,2019-12-31,10956,28,0,1979-01-01..2019-12-31,ok,1,adjacent,4551,False,4551,0
76518,dormant,11,,,,,intermediate,GSIM_US_0009037,14309000,1979-01-01,2019-12-31,14975,41,0,1979-01-01..2019-12-31,ok,5,contains,4551,False,4551,0
76518,growing,47,0.126395,0.126395,0,complex,complex,GSIM_US_0009037,14309000,1979-01-01,2019-12-31,14975,41,0,1979-01-01..2019-12-31,ok,5,contains,4551,False,4551,0
76519,dormant,187,0.541875,0.615918,1,intermediate,complex,GSIM_US_0009039,14310000,1979-01-01,2019-12-31,14975,41,0,1979-01-01..2019-12-31,ok,1,contains,3489,False,3489,0
76519,growing,165,0.285663,0.3867,1,complex,complex,GSIM_US_0009039,14310000,1979-01-01,2019-12-31,14975,41,0,1979-01-01..2019-12-31,ok,1,contains,3489,False,3489,0
76522,dormant,197,0.574433,0.574433,0,intermediate,complex,GSIM_US_0009042,14312000,1979-01-01,2019-12-31,14975,41,0,1979-01-01..2019-12-31,ok,1,contains,3489,False,3489,0
76522,growing,174,0.487158,0.655716,2,complex,complex,GSIM_US_0009042,14312000,1979-01-01,2019-12-31,14975,41,0,1979-01-01..2019-12-31,ok,1,contains,3489,False,3489,0
76525,dormant,136,0.274204,0.274204,0,complex,intermediate,GSIM_US_0009052,14316000,1979-01-01,2006-09-29,9768,25,0,1979-01-01..2019-12-31,ok,1,independent,3490,False,3490,15.4546
76525,growing,100,0.0848803,0.0848803,0,complex,complex,GSIM_US_0009052,14316000,1979-01-01,2006-09-29,9768,25,0,1979-01-01..2019-12-31,ok,1,independent,3490,False,3490,15.4546
76528,dormant,161,0.655568,0.714252,2,intermediate,intermediate,GSIM_US_0009057,14318000,1979-01-01,2019-12-31,11414,30,0,1979-01-01..2019-12-31,ok,1,adjacent,3490,False,3490,9.10422
76528,growing,121,0.339955,0.339955,0,complex,complex,GSIM_US_0009057,14318000,1979-01-01,2019-12-31,11414,30,0,1979-01-01..2019-12-31,ok,1,adjacent,3490,False,3490,9.10422
76529,dormant,217,0.610101,0.610101,0,intermediate,complex,GSIM_US_0009058,14319500,1979-01-01,2019-12-31,14975,41,0,1979-01-01..2019-12-31,ok,1,contains,3490,False,3490,0
76529,growing,178,0.341841,0.341841,0,complex,complex,GSIM_US_0009058,14319500,1979-01-01,2019-12-31,14975,41,0,1979-01-01..2019-12-31,ok,1,contains,3490,False,3490,0
76530,dormant,13,,,,,intermediate,GSIM_US_0009059,14320700,1986-10-01,2001-09-30,5479,14,0,1979-01-01..2019-12-31,ok,3,adjacent,3490,False,3490,7.58402
76530,growing,24,0.242705,0.242705,0,complex,complex,GSIM_US_0009059,14320700,1986-10-01,2001-09-30,5479,14,0,1979-01-01..2019-12-31,ok,3,adjacent,3490,False,3490,7.58402
76537,dormant,2,,,,,intermediate,GSIM_US_0009070,14335500,1979-01-01,1991-09-30,4656,12,0,1979-01-01..2019-12-31,ok,6,independent,4551,False,4551,39.0552
76537,growing,9,,,,,complex,GSIM_US_0009070,14335500,1979-01-01,1991-09-30,4656,12,0,1979-01-01..2019-12-31,ok,6,independent,4551,False,4551,39.0552
76538,dormant,13,,,,,complex,GSIM_US_0009071,14337500,1979-01-01,2019-12-31,14975,41,0,1979-01-01..2019-12-31,ok,5,independent,4551,False,4551,22.165
76538,growing,54,0.199443,0.199443,0,complex,complex,GSIM_US_0009071,14337500,1979-01-01,2019-12-31,14975,41,0,1979-01-01..2019-12-31,ok,5,independent,4551,False,4551,22.165
76539,dormant,67,0.124903,0.124903,0,complex,complex,GSIM_US_0009072,14337600,1979-01-01,2019-12-31,9860,25,0,1979-01-01..2019-12-31,ok,2,independent,4551,False,4551,19.6823
76539,growing,82,0.0778633,0.0778633,0,complex,complex,GSIM_US_0009072,14337600,1979-01-01,2019-12-31,9860,25,0,1979-01-01..2019-12-31,ok,2,independent,4551,False,4551,19.6823
76540,dormant,101,0.497079,0.527399,1,complex,complex,GSIM_US_0009073,14337800,1979-01-01,2000-09-29,7943,21,0,1979-01-01..2019-12-31,ok,1,independent,4551,False,4551,14.19
76540,growing,78,0.439302,0.550272,1,complex,complex,GSIM_US_0009073,14337800,1979-01-01,2000-09-29,7943,21,0,1979-01-01..2019-12-31,ok,1,independent,4551,False,4551,14.19
76548,dormant,3,,,,,intermediate,GSIM_US_0009082,14353500,1979-01-01,2019-12-31,7669,20,0,1979-01-01..2019-12-31,ok,7,independent,3492,False,3492,27.508
76548,growing,7,,,,,complex,GSIM_US_0009082,14353500,1979-01-01,2019-12-31,7669,20,0,1979-01-01..2019-12-31,ok,7,independent,3492,False,3492,27.508
76549,dormant,188,0.260898,0.260898,0,complex,intermediate,GSIM_US_0009083,14354200,1990-07-01,2019-12-31,10776,29,0,1979-01-01..2019-12-31,ok,1,independent,3492,False,3492,23.7184
76549,growing,116,0.405068,0.521055,2,complex,complex,GSIM_US_0009083,14354200,1990-07-01,2019-12-31,10776,29,0,1979-01-01..2019-12-31,ok,1,independent,3492,False,3492,23.7184
76550,dormant,271,0.478599,0.478599,0,complex,complex,GSIM_US_0009085,14359000,1979-01-01,2019-12-31,14975,41,0,1979-01-01..2019-12-31,ok,1,adjacent,3488,False,3488,0
76550,growing,157,0.40231,0.471628,1,complex,complex,GSIM_US_0009085,14359000,1979-01-01,2019-12-31,14975,41,0,1979-01-01..2019-12-31,ok,1,adjacent,3488,False,3488,0
76551,dormant,278,0.479918,0.479918,0,complex,complex,GSIM_US_0009086,14361500,1979-01-01,2019-12-31,14975,41,0,1979-01-01..2019-12-31,ok,1,adjacent,3488,False,3488,0
76551,growing,169,0.347044,0.42016,1,complex,complex,GSIM_US_0009086,14361500,1979-01-01,2019-12-31,14975,41,0,1979-01-01..2019-12-31,ok,1,adjacent,3488,False,3488,0
76553,dormant,251,0.298525,0.312398,1,complex,intermediate,GSIM_US_0009089,14366000,1979-01-01,2019-12-31,14975,41,0,1979-01-01..2019-12-31,ok,1,contains,3492,False,3492,0
76553,growing,160,0.178071,0.178071,0,complex,complex,GSIM_US_0009089,14366000,1979-01-01,2019-12-31,14975,41,0,1979-01-01..2019-12-31,ok,1,contains,3492,False,3492,0
76554,dormant,137,0.377467,0.377467,0,complex,complex,GSIM_US_0009090,14369500,1979-01-01,2019-12-31,14975,41,0,1979-01-01..2019-12-31,ok,2,contains,3492,False,3492,0
76554,growing,170,0.211953,0.280007,1,complex,complex,GSIM_US_0009090,14369500,1979-01-01,2019-12-31,14975,41,0,1979-01-01..2019-12-31,ok,2,contains,3492,False,3492,0
76556,dormant,209,0.588032,0.611752,1,intermediate,complex,GSIM_US_0009092,14372300,1979-01-01,2019-12-31,14975,41,0,1979-01-01..2019-12-31,ok,1,contains,3492,False,3492,0
76556,growing,213,0.425157,0.535285,1,complex,complex,GSIM_US_0009092,14372300,1979-01-01,2019-12-31,14975,41,0,1979-01-01..2019-12-31,ok,1,contains,3492,False,3492,0
76560,dormant,209,0.669794,0.695837,1,intermediate,intermediate,GSIM_US_0009096,14377100,1979-01-01,2019-12-31,14972,41,0,1979-01-01..2019-12-31,ok,1,adjacent,4539,False,4539,0
76560,growing,153,0.553894,0.673238,1,intermediate,complex,GSIM_US_0009096,14377100,1979-01-01,2019-12-31,14972,41,0,1979-01-01..2019-12-31,ok,1,adjacent,4539,False,4539,0
76580,dormant,55,0.434691,0.434691,0,complex,intermediate,GSIM_US_0009318,16759000,1979-01-01,2004-10-03,9408,25,0,1979-01-01..2019-12-31,ok,1,independent,3983,False,3983,29.5264
76580,growing,33,0.495502,0.664677,1,complex,intermediate,GSIM_US_0009318,16759000,1979-01-01,2004-10-03,9408,25,0,1979-01-01..2019-12-31,ok,1,independent,3983,False,3983,29.5264
76582,dormant,17,0.343906,0.343906,0,complex,simple,GSIM_US_0009320,16764000,1979-01-01,1991-09-30,4656,12,0,1979-01-01..2019-12-31,ok,1,independent,3983,False,3983,36.8161
76582,growing,8,,,,,simple,GSIM_US_0009320,16764000,1979-01-01,1991-09-30,4656,12,0,1979-01-01..2019-12-31,ok,1,independent,3983,False,3983,36.8161
76586,dormant,121,0.577406,0.827294,1,intermediate,complex,GSIM_US_0009332,50021700,1999-06-01,2019-12-31,7518,20,0,1979-01-01..2019-12-31,ok,1,adjacent,3130,False,3130,0
76586,growing,56,0.368259,0.368259,0,complex,complex,GSIM_US_0009332,50021700,1999-06-01,2019-12-31,7518,20,0,1979-01-01..2019-12-31,ok,1,adjacent,3130,False,3130,0
76595,dormant,217,0.654978,0.702488,1,intermediate,intermediate,GSIM_US_0009341,50031200,1979-01-01,2017-10-01,14150,38,0,1979-01-01..2019-12-31,ok,1,nested,3129,True,3128,0
76595,growing,170,0.519167,0.666399,1,intermediate,intermediate,GSIM_US_0009341,50031200,1979-01-01,2017-10-01,14150,38,0,1979-01-01..2019-12-31,ok,1,nested,3129,True,3128,0
76596,dormant,162,0.614666,0.687635,2,intermediate,complex,GSIM_US_0009342,50034000,1979-01-01,2019-12-31,12788,34,0,1979-01-01..2019-12-31,ok,1,nested,3128,False,3128,0
76596,growing,136,0.450272,0.518448,1,complex,intermediate,GSIM_US_0009342,50034000,1979-01-01,2019-12-31,12788,34,0,1979-01-01..2019-12-31,ok,1,nested,3128,False,3128,0
76597,dormant,233,0.612964,0.711959,1,intermediate,intermediate,GSIM_US_0009343,50035000,1979-01-01,2019-12-31,14975,41,0,1979-01-01..2019-12-31,ok,1,nested,3128,True,3128,0
76597,growing,160,0.65544,0.85915,1,intermediate,intermediate,GSIM_US_0009343,50035000,1979-01-01,2019-12-31,14975,41,0,1979-01-01..2019-12-31,ok,1,nested,3128,True,3128,0
76599,dormant,187,0.662033,0.83217,1,intermediate,intermediate,GSIM_US_0009345,50038320,1979-01-01,2017-09-19,13777,36,0,1979-01-01..2019-12-31,ok,1,adjacent,3128,False,3128,0
76599,growing,196,0.429768,0.764018,1,intermediate,intermediate,GSIM_US_0009345,50038320,1979-01-01,2017-09-19,13777,36,0,1979-01-01..2019-12-31,ok,1,adjacent,3128,False,3128,0
76603,dormant,117,0.548804,0.572,1,intermediate,intermediate,GSIM_US_0009349,50044810,2001-03-12,2019-12-31,6869,18,0,1979-01-01..2019-12-31,ok,1,adjacent,3129,False,3129,1.49503
76603,growing,93,0.513311,0.662341,1,intermediate,intermediate,GSIM_US_0009349,50044810,2001-03-12,2019-12-31,6869,18,0,1979-01-01..2019-12-31,ok,1,adjacent,3129,False,3129,1.49503
76604,dormant,167,0.518487,0.887823,2,intermediate,intermediate,GSIM_US_0009350,50045010,1989-07-14,2019-12-31,11128,30,0,1979-01-01..2019-12-31,ok,1,adjacent,3128,False,3128,0
76604,growing,144,0.611136,0.90123,1,intermediate,intermediate,GSIM_US_0009350,50045010,1989-07-14,2019-12-31,11128,30,0,1979-01-01..2019-12-31,ok,1,adjacent,3128,False,3128,0
76606,dormant,102,0.292647,0.401249,2,complex,complex,GSIM_US_0009353,50047560,1990-11-01,2019-12-31,7365,19,0,1979-01-01..2019-12-31,ok,1,contains,3984,False,3984,0
76606,growing,111,0.310091,0.694484,1,complex,intermediate,GSIM_US_0009353,50047560,1990-11-01,2019-12-31,7365,19,0,1979-01-01..2019-12-31,ok,1,contains,3984,False,3984,0
76612,dormant,230,0.58522,0.697967,2,intermediate,complex,GSIM_US_0009359,50051310,1979-01-01,2019-12-31,14975,41,0,1979-01-01..2019-12-31,ok,1,adjacent,3126,False,3126,5.69567
76612,growing,177,0.66277,0.802417,1,intermediate,complex,GSIM_US_0009359,50051310,1979-01-01,2019-12-31,14975,41,0,1979-01-01..2019-12-31,ok,1,adjacent,3126,False,3126,5.69567
76614,dormant,162,0.745456,0.836924,2,intermediate,complex,GSIM_US_0009361,50053025,1989-10-01,2019-12-31,10958,30,0,1979-01-01..2019-12-31,ok,1,adjacent,3126,False,3126,0.385415
76614,growing,163,0.55366,0.585727,1,intermediate,complex,GSIM_US_0009361,50053025,1989-10-01,2019-12-31,10958,30,0,1979-01-01..2019-12-31,ok,1,adjacent,3126,False,3126,0.385415
76615,dormant,264,0.572805,0.639758,1,intermediate,intermediate,GSIM_US_0009362,50055000,1979-01-01,2019-12-31,14975,41,0,1979-01-01..2019-12-31,ok,1,adjacent,3126,False,3126,0
76615,growing,180,0.791469,0.915766,2,simple,intermediate,GSIM_US_0009362,50055000,1979-01-01,2019-12-31,14975,41,0,1979-01-01..2019-12-31,ok,1,adjacent,3126,False,3126,0
76617,dormant,147,0.506623,0.506623,0,intermediate,simple,GSIM_US_0009364,50055750,1990-03-10,2019-12-31,10889,29,0,1979-01-01..2019-12-31,ok,1,independent,3126,False,3126,17.9253
76617,growing,92,0.649508,0.753525,1,intermediate,intermediate,GSIM_US_0009364,50055750,1990-03-10,2019-12-31,10889,29,0,1979-01-01..2019-12-31,ok,1,independent,3126,False,3126,17.9253
76620,dormant,159,0.454442,0.525266,1,complex,intermediate,GSIM_US_0009367,50058350,1990-03-07,2019-12-31,10708,29,0,1979-01-01..2019-12-31,ok,1,independent,3984,False,3984,11.2486
76620,growing,125,0.495438,0.515909,1,complex,complex,GSIM_US_0009367,50058350,1990-03-07,2019-12-31,10708,29,0,1979-01-01..2019-12-31,ok,1,independent,3984,False,3984,11.2486
76623,dormant,165,0.532826,0.532826,0,intermediate,complex,GSIM_US_0009370,50061800,1979-01-01,2019-12-31,14975,41,0,1979-01-01..2019-12-31,ok,1,independent,3126,False,3126,22.93
76623,growing,138,0.54268,0.54268,0,intermediate,complex,GSIM_US_0009370,50061800,1979-01-01,2019-12-31,14975,41,0,1979-01-01..2019-12-31,ok,1,independent,3126,False,3126,22.93
76626,dormant,115,0.725992,0.725992,0,intermediate,complex,GSIM_US_0009373,50065500,1983-06-01,2019-12-31,13363,36,0,1979-01-01..2019-12-31,ok,1,independent,3126,False,3126,33.0785
76626,growing,139,0.659875,0.704423,1,intermediate,complex,GSIM_US_0009373,50065500,1983-06-01,2019-12-31,13363,36,0,1979-01-01..2019-12-31,ok,1,independent,3126,False,3126,33.0785
76627,dormant,146,0.660374,0.681332,1,intermediate,complex,GSIM_US_0009374,50067000,1979-10-01,2019-12-31,14702,40,0,1979-01-01..2019-12-31,ok,1,independent,3126,False,3126,37.1031
76627,growing,162,0.697247,0.813015,1,intermediate,intermediate,GSIM_US_0009374,50067000,1979-10-01,2019-12-31,14702,40,0,1979-01-01..2019-12-31,ok,1,independent,3126,False,3126,37.1031
76629,dormant,174,0.670438,0.670438,0,intermediate,complex,GSIM_US_0009376,50071000,1979-01-01,2019-12-31,14975,41,0,1979-01-01..2019-12-31,ok,1,independent,3126,False,3126,34.001
76629,growing,120,0.742124,0.773513,1,intermediate,intermediate,GSIM_US_0009376,50071000,1979-01-01,2019-12-31,14975,41,0,1979-01-01..2019-12-31,ok,1,independent,3126,False,3126,34.001
76630,dormant,135,0.731078,0.731078,0,intermediate,complex,GSIM_US_0009377,50075000,1979-10-01,2019-12-31,14701,40,0,1979-01-01..2019-12-31,ok,1,independent,3126,False,3126,31.5933
76630,growing,121,0.800884,0.837464,2,simple,complex,GSIM_US_0009377,50075000,1979-10-01,2019-12-31,14701,40,0,1979-01-01..2019-12-31,ok,1,independent,3126,False,3126,31.5933
76631,dormant,62,0.675695,0.675695,0,intermediate,complex,GSIM_US_0009378,50076000,1982-10-01,2017-02-28,6209,16,0,1979-01-01..2019-12-31,ok,1,independent,3126,False,3126,27.4704
76631,growing,52,0.780493,0.904968,2,simple,intermediate,GSIM_US_0009378,50076000,1982-10-01,2017-02-28,6209,16,0,1979-01-01..2019-12-31,ok,1,independent,3126,False,3126,27.4704
76634,dormant,202,0.687153,0.820202,1,intermediate,complex,GSIM_US_0009381,50090500,1979-01-01,2019-12-31,12036,32,0,1979-01-01..2019-12-31,ok,1,adjacent,3126,False,3126,2.71106
76634,growing,153,0.589066,0.65782,1,intermediate,complex,GSIM_US_0009381,50090500,1979-01-01,2019-12-31,12036,32,0,1979-01-01..2019-12-31,ok,1,adjacent,3126,False,3126,2.71106
76635,dormant,245,0.442022,0.442022,0,complex,complex,GSIM_US_0009382,50092000,1979-01-01,2019-12-31,14975,41,0,1979-01-01..2019-12-31,ok,1,nested,3126,True,3126,0
76635,growing,222,0.637888,0.811847,1,intermediate,intermediate,GSIM_US_0009382,50092000,1979-01-01,2019-12-31,14975,41,0,1979-01-01..2019-12-31,ok,1,nested,3126,True,3126,0
76636,dormant,75,0.377502,0.377502,0,complex,complex,GSIM_US_0009383,50093120,2005-10-01,2019-12-31,5183,14,0,1979-01-01..2019-12-31,ok,1,contains,3126,False,3126,0
76636,growing,77,0.822072,0.851462,1,simple,intermediate,GSIM_US_0009383,50093120,2005-10-01,2019-12-31,5183,14,0,1979-01-01..2019-12-31,ok,1,contains,3126,False,3126,0
76642,dormant,182,0.275406,0.59197,2,complex,intermediate,GSIM_US_0009389,50111500,1984-03-14,2019-12-31,13064,35,0,1979-01-01..2019-12-31,ok,1,adjacent,3131,False,3131,0
76642,growing,168,0.572821,0.884431,2,intermediate,intermediate,GSIM_US_0009389,50111500,1984-03-14,2019-12-31,13064,35,0,1979-01-01..2019-12-31,ok,1,adjacent,3131,False,3131,0
76649,dormant,211,0.375257,0.375257,0,complex,complex,GSIM_US_0009396,50124200,1981-03-01,2019-12-31,14185,39,0,1979-01-01..2019-12-31,ok,1,adjacent,3130,False,3130,0.0768029
76649,growing,159,0.454604,0.454604,0,complex,complex,GSIM_US_0009396,50124200,1981-03-01,2019-12-31,14185,39,0,1979-01-01..2019-12-31,ok,1,adjacent,3130,False,3130,0.0768029
76650,dormant,132,0.442707,0.625862,2,complex,complex,GSIM_US_0009397,50126150,1979-01-01,2019-12-31,8299,22,0,1979-01-01..2019-12-31,ok,1,adjacent,3130,False,3130,0
76650,growing,76,0.418235,0.608838,1,complex,intermediate,GSIM_US_0009397,50126150,1979-01-01,2019-12-31,8299,22,0,1979-01-01..2019-12-31,ok,1,adjacent,3130,False,3130,0
76651,dormant,151,0.398007,0.398007,0,complex,complex,GSIM_US_0009398,50136400,1985-10-01,2019-12-31,12510,34,0,1979-01-01..2019-12-31,ok,1,adjacent,3130,False,3130,0
76651,growing,97,0.50369,0.50369,0,intermediate,complex,GSIM_US_0009398,50136400,1985-10-01,2019-12-31,12510,34,0,1979-01-01..2019-12-31,ok,1,adjacent,3130,False,3130,0
76652,dormant,192,0.51041,0.547932,1,intermediate,complex,GSIM_US_0009399,50138000,1979-01-01,2019-12-31,14975,41,0,1979-01-01..2019-12-31,ok,1,adjacent,3130,False,3130,0
76652,growing,178,0.512525,0.680399,1,intermediate,intermediate,GSIM_US_0009399,50138000,1979-01-01,2019-12-31,14975,41,0,1979-01-01..2019-12-31,ok,1,adjacent,3130,False,3130,0
76654,dormant,195,0.451043,0.564404,1,complex,complex,GSIM_US_0009403,50147800,1979-01-01,2019-12-31,14711,39,0,1979-01-01..2019-12-31,ok,1,adjacent,3130,False,3130,0
76654,growing,100,0.30423,0.473878,2,complex,intermediate,GSIM_US_0009403,50147800,1979-01-01,2019-12-31,14711,39,0,1979-01-01..2019-12-31,ok,1,adjacent,3130,False,3130,0
78274,dormant,421,0.635497,0.647566,1,intermediate,intermediate,GSIM_US_0002286,02479300,1979-01-01,2019-12-31,14975,41,0,1979-01-01..2019-12-31,ok,1,nested,3325,True,3325,0
78274,growing,308,0.645093,0.714031,1,intermediate,intermediate,GSIM_US_0002286,02479300,1979-01-01,2019-12-31,14975,41,0,1979-01-01..2019-12-31,ok,1,nested,3325,True,3325,0
78299,dormant,177,0.346072,0.483415,1,complex,complex,GSIM_US_0006217,08086290,1979-01-01,2019-12-31,14975,41,0,1979-01-01..2019-12-31,ok,1,nested,3387,True,3387,0
78299,growing,164,0.512603,0.623113,1,intermediate,complex,GSIM_US_0006217,08086290,1979-01-01,2019-12-31,14975,41,0,1979-01-01..2019-12-31,ok,1,nested,3387,True,3387,0
78656,dormant,5,,,,,intermediate,GSIM_US_0001893,02314500,1979-01-01,2019-12-31,14975,41,0,1979-01-01..2019-12-31,ok,6,overlapping,3295,False,3295,0
78656,growing,3,,,,,complex,GSIM_US_0001893,02314500,1979-01-01,2019-12-31,14975,41,0,1979-01-01..2019-12-31,ok,6,overlapping,3295,False,3295,0
78657,dormant,170,0.156821,0.156821,0,complex,complex,GSIM_US_0001895,02315500,1979-01-01,2019-12-31,14975,41,0,1979-01-01..2019-12-31,ok,2,contains,3295,False,3295,0
78657,growing,67,0.239706,0.239706,0,complex,complex,GSIM_US_0001895,02315500,1979-01-01,2019-12-31,14975,41,0,1979-01-01..2019-12-31,ok,2,contains,3295,False,3295,0
78680,dormant,8,,,,,complex,GSIM_US_0006439,08202700,1979-01-01,2019-12-31,14975,41,0,1979-01-01..2019-12-31,ok,1,nested,3936,False,3937,0
78680,growing,30,0.238768,0.238768,0,complex,intermediate,GSIM_US_0006439,08202700,1979-01-01,2019-12-31,14975,41,0,1979-01-01..2019-12-31,ok,1,nested,3936,False,3937,0
78700,dormant,164,0.787945,0.881572,1,simple,simple,GSIM_US_0008362,12167000,1979-01-01,2019-12-31,14975,41,0,1979-01-01..2019-12-31,ok,1,nested,3470,True,3470,0
78700,growing,254,0.588324,0.715513,1,intermediate,complex,GSIM_US_0008362,12167000,1979-01-01,2019-12-31,14975,41,0,1979-01-01..2019-12-31,ok,1,nested,3470,True,3470,0
78709,dormant,156,0.77795,0.816238,1,simple,intermediate,GSIM_US_0009098,14400000,1979-01-01,2019-12-31,14975,41,0,1979-01-01..2019-12-31,ok,1,nested,3493,True,3493,0
78709,growing,123,0.688105,0.791069,2,intermediate,intermediate,GSIM_US_0009098,14400000,1979-01-01,2019-12-31,14975,41,0,1979-01-01..2019-12-31,ok,1,nested,3493,True,3493,0
