GCIN,Source ID,site_no,station_nm,status,Catchment_Boundary_Flagged,Area,usgs_area_km2,area_ratio_usgs,streamflow_start,streamflow_end,dormant_gauged_class,growing_gauged_class,their_first,their_last,their_series_start,their_series_end,n_their_valid,n_our_valid_in_span,n_overlap,frac_match,ratio_median,ratio_p05,ratio_p95,ratio_median_mismatch,n_mismatch,theirs_nan_ours_valid,theirs_nan_ours_valid_flags,ours_nan_theirs_valid,n_est,n_est_theirs_nan,frac_est_match,n_prov,frac_prov_match,n_zero_ours,n_zero_theirs,match
3494,GSIM_US_0001018,01614000,"BACK CREEK NEAR JONES SPRINGS, WV",ok,False,615.746,608.647,1.01166,2004-06-30,2018-12-31,intermediate,complex,2004-06-30,2018-12-31,1979-01-01,2018-12-31,5298,5298,5298,1,0.999998,0.999998,0.999998,,0,0,,0,141,0,1,0,,0,0,True
3495,GSIM_US_0001055,01636500,"SHENANDOAH RIVER AT MILLVILLE, WV",ok,False,7873.93,7876.15,0.999717,1979-01-01,2018-12-31,complex,complex,1979-01-01,2018-12-31,1979-01-01,2018-12-31,14610,14610,14610,1,0.999998,0.999998,0.999998,,0,0,,0,258,0,1,0,,0,0,True
3496,GSIM_US_0001546,02167582,"BUSH RIVER NR PROSPERITY, SC",ok,False,296.153,297.849,0.994308,1990-02-27,2018-12-31,intermediate,complex,1990-02-27,2018-12-31,1979-01-01,2018-12-31,10535,10535,10535,1,0.999998,0.999998,0.999998,,0,0,,0,259,0,1,0,,0,0,True
3497,GSIM_US_0001577,02188600,"BEAVERDAM CREEK ABOVE ELBERTON, GA",ok,False,188.496,186.479,1.01081,1986-10-01,2018-12-31,intermediate,complex,1986-10-01,2018-12-31,1979-01-01,2018-12-31,6808,6808,6808,1,0.999998,0.999998,0.999998,,0,0,,0,264,0,1,0,,0,0,True
3498,GSIM_US_0001584,02193500,"LITTLE RIVER NEAR WASHINGTON, GA",ok,False,752.739,756.277,0.995323,1989-05-01,2018-12-31,intermediate,complex,1989-05-01,2018-12-31,1979-01-01,2018-12-31,10837,10837,10837,1,0.999998,0.999998,0.999998,,0,0,,0,158,0,1,0,,140,140,True
3499,GSIM_US_0001585,02195320,"KIOKEE CREEK AT GA 104, NEAR EVANS, GA",ok,False,278.406,274.539,1.01409,2004-12-28,2018-12-31,intermediate,complex,2004-12-28,2018-12-31,1979-01-01,2018-12-31,5117,5117,5117,1,0.999998,0.999998,0.999998,,0,0,,0,40,0,1,0,,0,0,True
3500,GSIM_US_0001620,02203000,"CANOOCHEE RIVER NEAR CLAXTON, GA",ok,False,1435.33,1437.44,0.99853,1979-01-01,2018-12-31,intermediate,complex,1979-01-01,2018-12-31,1979-01-01,2018-12-31,14610,14610,14610,1,0.999998,0.999998,0.999998,,0,0,,0,79,0,1,0,,0,0,True
3501,GSIM_US_0001647,02213050,"WALNUT CREEK NEAR GRAY, GA",ok,False,84.1509,81.0666,1.03805,1979-01-01,1994-04-26,intermediate,complex,1979-01-01,1994-04-26,1979-01-01,2018-12-31,5595,5595,5595,1,0.999998,0.999998,0.999998,,0,0,,0,33,0,1,0,,3,3,True
3502,GSIM_US_0001660,02218300,"OCONEE RIVER NEAR PENFIELD, GA",ok,False,2439.9,2434.59,1.00218,1979-01-01,2018-12-31,intermediate,intermediate,1979-01-01,2018-12-31,1979-01-01,2018-12-31,14610,14610,14610,1,0.999998,0.999998,0.999998,,0,0,,0,95,0,1,0,,0,0,True
3503,GSIM_US_0001663,02219000,"APALACHEE RIVER NEAR BOSTWICK, GA",ok,False,464.141,455.838,1.01822,1979-01-01,2018-12-31,intermediate,intermediate,1979-01-01,2018-12-31,1979-01-01,2018-12-31,14610,14610,14610,1,0.999998,0.999998,0.999998,,0,0,,0,137,0,1,0,,0,0,True
3504,GSIM_US_0001666,02220900,"LITTLE RIVER NEAR EATONTON, GA",ok,False,691.207,678.577,1.01861,1979-01-01,2018-12-31,intermediate,intermediate,1979-01-01,2018-12-31,1979-01-01,2018-12-31,14610,14610,14610,1,0.999998,0.999998,0.999998,,0,0,,0,349,0,1,0,,0,0,True
3505,GSIM_US_0001677,02225500,"OHOOPEE RIVER NEAR REIDSVILLE, GA",ok,False,2916.78,2874.89,1.01457,1979-01-01,2018-12-31,complex,complex,1979-01-01,2018-12-31,1979-01-01,2018-12-31,14610,14610,14610,1,0.999998,0.999998,0.999998,,0,0,,0,61,0,1,0,,0,0,True
3506,GSIM_US_0001680,02226500,"SATILLA RIVER NEAR WAYCROSS, GA",ok,False,3217.19,3211.59,1.00174,1979-01-01,2018-12-31,intermediate,,1979-01-01,2018-12-31,1979-01-01,2018-12-31,14610,14610,14610,1,0.999998,0.999998,0.999998,,0,0,,0,144,0,1,0,,0,0,True
3507,GSIM_US_0001803,02297100,JOSHUA CREEK AT NOCATEE FL,ok,False,371.791,341.878,1.0875,1979-01-01,2018-12-31,complex,complex,1979-01-01,2018-12-31,1979-01-01,2018-12-31,14603,14603,14603,1,0.999998,0.999998,0.999998,,0,0,,0,281,0,1,0,,0,0,True
3508,GSIM_US_0001816,02298830,"MYAKKA RIVER NEAR SR 72 NEAR SARASOTA, FL",ok,False,598.705,593.107,1.00944,1979-01-01,2018-12-31,complex,intermediate,1979-01-01,2018-12-31,1979-01-01,2018-12-31,14608,14608,14608,1,0.999998,0.999998,0.999998,,0,0,,0,218,0,1,0,,247,247,True
3509,GSIM_US_0001826,02300075,FROG CREEK AT BUFFALO ROAD NEAR RUBONIA FL,ok,False,47.9818,32.3749,1.48207,2007-04-01,2018-12-31,intermediate,complex,2007-04-01,2018-12-31,1979-01-01,2018-12-31,4292,4292,4292,1,0.999998,0.999998,0.999998,,0,0,,0,218,0,1,0,,0,0,True
3510,GSIM_US_0001842,02301990,HILLSBOROUGH R AB CRYSTAL SPR NEAR ZEPHYRHILLS FL,ok,False,262.75,212.379,1.23717,1983-10-01,2018-12-31,complex,,1983-10-01,2018-12-31,1979-01-01,2018-12-31,12876,12876,12876,1,0.999998,0.999998,0.999998,,0,0,,0,759,0,1,0,,0,0,True
3511,GSIM_US_0001850,02303400,CYPRESS CREEK NEAR SAN ANTONIO FL,ok,False,127.43,145.039,0.878592,1979-01-01,2018-12-31,intermediate,complex,1979-01-01,2018-12-31,1979-01-01,2018-12-31,14346,14346,14346,1,0.999998,0.999998,0.999998,,0,0,,0,694,0,1,0,,6066,6066,True
3512,GSIM_US_0001851,02303420,"CYPRESS CREEK AT SR 54 AT WORTHINGTON GARDENS, FL",ok,False,370.87,303.029,1.22388,1979-01-01,2018-12-31,complex,intermediate,1979-01-01,2018-12-31,1979-01-01,2018-12-31,14609,14609,14609,1,0.999998,0.999998,0.999998,,0,0,,0,172,0,1,0,,2173,2173,True
3513,GSIM_US_0001870,02310147,HOLLIN CREEK NEAR TARPON SPRINGS FL,ok,False,11.2221,21.5228,0.521406,1981-06-26,2008-10-02,complex,complex,1981-06-26,2008-10-02,1979-01-01,2018-12-31,9961,9961,9961,1,0.999998,0.999998,0.999998,,0,0,,0,511,0,1,0,,10,10,True
3514,GSIM_US_0001891,02313700,"WACCASASSA RIVER NR GULF HAMMOCK, FLA.",ok,False,1189.56,1243.19,0.956856,1980-11-25,2018-12-31,complex,complex,1980-11-25,2018-12-31,1979-01-01,2018-12-31,10777,10777,10777,1,0.999998,0.999998,0.999998,,0,0,,0,110,0,1,0,,1,1,True
3515,GSIM_US_0001892,02314200,"TENMILE CREEK AT LEBANON STATION, FLA.",ok,False,63.8998,67.3397,0.948917,1979-01-01,1992-10-06,intermediate,complex,1979-01-01,1992-10-06,1979-01-01,2018-12-31,5028,5028,5028,1,0.999998,0.999998,0.999998,,0,0,,0,26,0,1,0,,26,26,True
3516,GSIM_US_0001897,02316000,"ALAPAHA RIVER NEAR ALAPAHA, GA",ok,False,1681.18,1717.16,0.979044,2002-09-04,2018-12-31,complex,intermediate,2002-09-04,2018-12-31,1979-01-01,2018-12-31,5963,5963,5963,1,0.999998,0.999998,0.999998,,0,0,,0,290,0,1,0,,17,17,True
3517,GSIM_US_0001901,02318000,"LITTLE RIVER NEAR ADEL, GA",ok,False,1511.79,1494.42,1.01162,2002-07-18,2018-12-31,intermediate,complex,2002-07-18,2018-12-31,1979-01-01,2018-12-31,6011,6011,6011,1,0.999998,0.999998,0.999998,,0,0,,0,167,0,1,0,,4,4,True
3518,GSIM_US_0001902,02318500,"WITHLACOOCHEE RIVER AT US 84, NEAR QUITMAN, GA",ok,False,3892.38,3833.18,1.01544,1988-10-01,2018-12-31,intermediate,,1988-10-01,2018-12-31,1979-01-01,2018-12-31,10660,10660,10660,1,0.999998,0.999998,0.999998,,0,0,,0,778,0,1,0,,0,0,True
3519,GSIM_US_0001903,02318700,"OKAPILCO CREEK AT GA 333, NEAR QUITMAN, GA",ok,False,712.988,696.707,1.02337,1979-12-21,2017-12-12,complex,complex,1979-12-21,2017-12-12,1979-01-01,2018-12-31,13872,13872,13872,1,0.999998,0.999998,0.999998,,0,0,,0,345,0,1,0,,2150,2150,True
3520,GSIM_US_0001920,02324000,"STEINHATCHEE RIVER NEAR CROSS CITY, FLA.",ok,False,899.979,906.496,0.992811,1979-01-01,2018-12-31,complex,complex,1979-01-01,2018-12-31,1979-01-01,2018-12-31,14610,14610,14610,1,0.999998,0.999998,0.999998,,0,0,,0,412,0,1,0,,0,0,True
3521,GSIM_US_0001922,02324500,"FENHOLLOWAY RIVER AT FOLEY, FLA.",ok,False,274.885,310.799,0.884448,1979-01-01,2002-09-29,complex,complex,1979-01-01,2002-09-29,1979-01-01,2018-12-31,8551,8551,8551,1,0.999998,0.999998,0.999998,,0,0,,0,10,0,1,0,,0,0,True
3522,GSIM_US_0001924,02326000,"ECONFINA RIVER NEAR PERRY, FLA.",ok,False,519.289,512.818,1.01262,1979-01-01,2018-12-31,intermediate,complex,1979-01-01,2018-12-31,1979-01-01,2018-12-31,14610,14610,14610,1,0.999998,0.999998,0.999998,,0,0,,0,270,0,1,0,,74,74,True
3523,GSIM_US_0001928,02326900,"ST. MARKS RIVER NEAR NEWPORT, FLA.",ok,False,1525.31,1385.64,1.1008,1979-01-01,2018-12-31,intermediate,complex,1979-01-01,2018-12-31,1979-01-01,2018-12-31,13784,13784,13784,1,0.999998,0.999998,0.999998,,0,0,,0,125,0,1,0,,0,0,True
3524,GSIM_US_0001934,02329000,"OCHLOCKONEE RIVER NR HAVANA, FLA.",ok,False,2915.62,2952.59,0.987479,1979-01-01,2018-12-31,intermediate,complex,1979-01-01,2018-12-31,1979-01-01,2018-12-31,14610,14610,14610,1,0.999998,0.999998,0.999998,,0,0,,0,79,0,1,0,,0,0,True
3525,GSIM_US_0001936,02329500,"LITTLE RIVER NR QUINCY, FLA.",ok,False,601.466,613.827,0.979862,1979-01-01,2018-12-31,intermediate,complex,1979-01-01,2018-12-31,1979-01-01,2018-12-31,6763,6763,6763,1,0.999998,0.999998,0.999998,,0,0,,0,62,0,1,0,,0,0,True
3526,GSIM_US_0001937,02329600,"LITTLE RIVER NR MIDWAY, FLA.",ok,False,778.473,789.946,0.985476,1985-10-01,2018-12-31,intermediate,complex,1985-10-01,2018-12-31,1979-01-01,2018-12-31,12145,12145,12145,1,0.999998,0.999998,0.999998,,0,0,,0,93,0,1,0,,0,0,True
3527,GSIM_US_0001939,02330100,"TELOGIA CREEK NR BRISTOL, FLA.",ok,False,311.667,326.339,0.955042,1979-01-01,2018-12-31,intermediate,complex,1979-01-01,2018-12-31,1979-01-01,2018-12-31,14268,14268,14268,1,0.999998,0.999998,0.999998,,0,0,,0,57,0,1,0,,0,0,True
3528,GSIM_US_0001942,02330450,"CHATTAHOOCHEE RIVER AT HELEN, GA",ok,False,116.032,115.772,1.00224,1981-05-05,2018-12-31,intermediate,intermediate,1981-05-05,2018-12-31,1979-01-01,2018-12-31,13755,13755,13755,1,0.999998,0.999998,0.999998,,0,0,,0,231,0,1,0,,0,0,True
3529,GSIM_US_0001943,02331000,"CHATTAHOOCHEE RIVER NEAR LEAF, GA",ok,False,395.582,388.498,1.01823,2008-10-01,2018-12-31,intermediate,intermediate,2008-10-01,2018-12-31,1979-01-01,2018-12-31,3744,3744,3744,1,0.999998,0.999998,0.999998,,0,0,,0,52,0,1,0,,0,0,True
3530,GSIM_US_0001944,02331600,"CHATTAHOOCHEE RIVER NEAR CORNELIA, GA",ok,False,819.127,815.846,1.00402,1979-01-01,2018-12-31,intermediate,intermediate,1979-01-01,2018-12-31,1979-01-01,2018-12-31,14610,14610,14610,1,0.999998,0.999998,0.999998,,0,0,,0,130,0,1,0,,0,0,True
3531,GSIM_US_0001980,02337500,"SNAKE CREEK NEAR WHITESBURG, GA",ok,False,89.4541,91.9446,0.972914,1979-01-01,2018-12-31,complex,complex,1979-01-01,2018-12-31,1979-01-01,2018-12-31,14610,14610,14610,1,0.999998,0.999998,0.999998,,0,0,,0,136,0,1,0,,0,0,True
3532,GSIM_US_0001983,02338523,"HILLABAHATCHEE CREEK AT THAXTON RD, NR FRANKLIN,GA",ok,False,44.2779,43.5118,1.01761,2001-12-13,2018-12-31,intermediate,complex,2001-12-13,2018-12-31,1979-01-01,2018-12-31,6228,6228,6228,1,0.999998,0.999998,0.999998,,0,0,,0,136,0,1,0,,0,0,True
3533,GSIM_US_0001984,02338660,"NEW RIVER AT GA 100, NEAR CORINTH, GA",ok,False,330.713,328.928,1.00543,1979-01-01,2018-12-31,intermediate,intermediate,1979-01-01,2018-12-31,1979-01-01,2018-12-31,14610,14610,14610,1,0.999998,0.999998,0.999998,,0,0,,0,514,0,1,0,,53,53,True
3534,GSIM_US_0001985,02339495,OSELIGEE CREEK NEAR LANETT AL,ok,False,224.597,223.775,1.00367,2006-07-26,2018-12-31,complex,complex,2006-07-26,2018-12-31,1979-01-01,2018-12-31,4538,4538,4538,1,0.999998,0.999998,0.999998,,0,0,,0,787,0,1,0,,0,0,True
3535,GSIM_US_0001990,02341725,"PINE KNOT CREEK NEAR EELBEECK, GA",ok,False,175.621,169.644,1.03523,2008-10-22,2012-09-29,intermediate,intermediate,2008-10-22,2012-09-29,1979-01-01,2018-12-31,1439,1439,1439,1,0.999998,0.999998,0.999998,,0,0,,0,0,0,,0,,0,0,True
3536,GSIM_US_0001991,02341800,"UPATOI CREEK NEAR COLUMBUS, GA",ok,False,900.391,885.776,1.0165,1979-01-01,2018-12-31,intermediate,complex,1979-01-01,2018-12-31,1979-01-01,2018-12-31,14610,14610,14610,1,0.999998,0.999998,0.999998,,0,0,,0,281,0,1,0,,0,0,True
3537,GSIM_US_0001994,02342500,"UCHEE CREEK NEAR FORT MITCHELL, AL.",ok,False,839.643,833.976,1.00679,1979-01-01,2018-12-31,intermediate,intermediate,1979-01-01,2018-12-31,1979-01-01,2018-12-31,14610,14610,14610,1,0.999998,0.999998,0.999998,,0,0,,0,182,0,1,0,,0,0,True
3538,GSIM_US_0001997,02343225,"PATAULA CREEK NEAR GEORGETOWN, GA",ok,False,762.452,764.046,0.997913,2008-05-22,2018-12-31,intermediate,intermediate,2008-05-22,2018-12-31,1979-01-01,2018-12-31,3876,3876,3876,1,0.999998,0.999998,0.999998,,0,0,,0,36,0,1,0,,0,0,True
3539,GSIM_US_0001998,02343300,ABBIE CREEK NEAR HALEBURG AL,ok,False,381.018,378.138,1.00762,1979-01-01,1993-08-05,intermediate,complex,1979-01-01,1993-08-05,1979-01-01,2018-12-31,5331,5331,5331,1,0.999998,0.999998,0.999998,,0,0,,0,63,0,1,0,,0,0,True
3540,GSIM_US_0002020,02350600,"KINCHAFOONEE CREEK AT PRESTON, GA",ok,False,508.584,510.228,0.996779,1986-10-01,2018-12-31,intermediate,complex,1986-10-01,2018-12-31,1979-01-01,2018-12-31,9223,9223,9223,1,0.999998,0.999998,0.999998,,0,0,,0,61,0,1,0,,0,0,True
3541,GSIM_US_0002023,02351890,"MUCKALEE CREEK AT GA 195, NEAR LEESBURG, GA",ok,False,1013.1,937.576,1.08055,1979-12-15,2018-12-31,intermediate,intermediate,1979-12-15,2018-12-31,1979-01-01,2018-12-31,14262,14262,14262,1,0.999998,0.999998,0.999998,,0,0,,0,58,0,1,0,,0,0,True
3542,GSIM_US_0002035,02357150,"SPRING CREEK NEAR REYNOLDSVILLE, GA",ok,False,1521.54,1478.88,1.02884,1996-05-24,2018-11-30,complex,intermediate,1996-05-24,2018-11-30,1979-01-01,2018-12-31,7235,7235,7235,1,0.999998,0.999998,0.999998,,0,0,,0,167,0,1,0,,0,0,True
3543,GSIM_US_0002046,02362240,"LITTLE DOUBLE BRIDGES CREEK NR ENTERPRISE, AL.",ok,False,56.0684,55.4257,1.01159,1985-08-07,2018-12-31,complex,intermediate,1985-08-07,2018-12-31,1979-01-01,2018-12-31,12200,12200,12200,1,0.999998,0.999998,0.999998,,0,0,,0,176,0,1,0,,0,0,True
3544,GSIM_US_0002048,02364500,PEA RIVER NEAR SAMSON AL,ok,False,3052.69,3061.37,0.997166,2002-10-01,2018-12-31,intermediate,intermediate,2002-10-01,2018-12-31,1979-01-01,2018-12-31,5206,5206,5206,1,0.999998,0.999998,0.999998,,0,0,,0,54,0,1,0,,0,0,True
3545,GSIM_US_0002049,02364570,PANTHER CREEK NEAR HACODA AL,ok,False,53.1354,67.8577,0.783042,1979-01-01,1995-09-29,intermediate,complex,1979-01-01,1995-09-29,1979-01-01,2018-12-31,6116,6116,6116,1,0.999998,0.999998,0.999998,,0,0,,0,129,0,1,0,,0,0,True
3546,GSIM_US_0002062,02369000,"SHOAL RIVER NR CRESTVIEW, FLA.",ok,False,1183.5,1227.65,0.964033,1979-01-01,2018-12-31,intermediate,intermediate,1979-01-01,2018-12-31,1979-01-01,2018-12-31,14610,14610,14610,1,0.999998,0.999998,0.999998,,0,0,,0,324,0,1,0,,0,0,True
3547,GSIM_US_0002072,02373000,SEPULGA RIVER NEAR MCKENZIE AL,ok,False,1215.05,1217.29,0.998154,1979-01-01,2018-12-31,intermediate,intermediate,1979-01-01,2018-12-31,1979-01-01,2018-12-31,14593,14593,14593,1,0.999998,0.999998,0.999998,,0,0,,0,268,0,1,0,,0,0,True
3548,GSIM_US_0002076,02374700,"MURDER CREEK AT STATE HWY 41 AT BREWTON, AL.",ok,False,1112.8,1126.64,0.987709,1999-03-26,2018-12-31,intermediate,intermediate,1999-03-26,2018-12-31,1979-01-01,2018-12-31,7221,7221,7221,1,0.999998,0.999998,0.999998,,0,0,,0,41,0,1,0,,0,0,True
3549,GSIM_US_0002077,02374745,"BURNT CORN CREEK AT STATE HWY 41 NEAR BREWTON, AL.",ok,False,474.292,471.378,1.00618,1999-03-10,2018-12-31,intermediate,intermediate,1999-03-10,2018-12-31,1979-01-01,2018-12-31,7237,7237,7237,1,0.999998,0.999998,0.999998,,0,0,,0,72,0,1,0,,0,0,True
3550,GSIM_US_0002078,02374950,BIG ESCAMBIA CR AT SARDINE BR NR STANLEY CROSSROAD,ok,False,504.831,499.868,1.00993,2000-05-24,2018-12-31,intermediate,intermediate,2000-05-24,2018-12-31,1979-01-01,2018-12-31,6796,6796,6796,1,0.999998,0.999998,0.999998,,0,0,,0,36,0,1,0,,0,0,True
3551,GSIM_US_0002080,02376000,"PINE BARREN CREEK NEAR BARTH, FLA.",ok,False,197.813,195.026,1.01429,1979-01-01,1994-09-29,intermediate,intermediate,1979-01-01,1994-09-29,1979-01-01,2018-12-31,5751,5751,5751,1,0.999998,0.999998,0.999998,,0,0,,0,24,0,1,0,,0,0,True
3552,GSIM_US_0002085,02376500,"PERDIDO RIVER AT BARRINEAU PARK, FL",ok,False,969.879,1020.46,0.950437,1979-01-01,2018-12-31,intermediate,intermediate,1979-01-01,2018-12-31,1979-01-01,2018-12-31,14610,14610,14610,1,0.999998,0.999998,0.999998,,0,0,,0,241,0,1,0,,0,0,True
3553,GSIM_US_0002086,02377570,"STYX RIVER NEAR ELSANOR, AL.",ok,False,501.036,497.278,1.00756,1987-10-01,2018-12-31,intermediate,intermediate,1987-10-01,2018-12-31,1979-01-01,2018-12-31,11415,11415,11415,1,0.999998,0.999998,0.999998,,0,0,,0,852,0,1,0,,0,0,True
3554,GSIM_US_0002088,02378300,"MAGNOLIA RIVER AT US 98 NEAR FOLEY, ALABAMA",ok,False,55.4763,42.9938,1.29033,1999-07-21,2018-12-31,intermediate,complex,1999-07-21,2018-12-31,1979-01-01,2018-12-31,7100,7100,7100,1,0.999998,0.999998,0.999998,,0,0,,0,236,0,1,0,,0,0,True
3555,GSIM_US_0002089,02378500,FISH RIVER NEAR SILVER HILL AL,ok,False,138.048,143.226,0.963844,1986-11-21,2018-12-31,intermediate,complex,1986-11-21,2018-12-31,1979-01-01,2018-12-31,11726,11726,11726,1,0.999998,0.999998,0.999998,,0,0,,0,315,0,1,0,,0,0,True
3556,GSIM_US_0002094,02382200,"TALKING ROCK CREEK NEAR HINTON, GA",ok,False,308.311,308.209,1.00033,1979-01-01,2018-12-31,intermediate,complex,1979-01-01,2018-12-31,1979-01-01,2018-12-31,14610,14610,14610,1,0.999998,0.999998,0.999998,,0,0,,0,321,0,1,0,,0,0,True
3557,GSIM_US_0002098,02384500,"CONASAUGA RIVER AT GA 286, NEAR ETON, GA",ok,False,638.115,652.677,0.977689,1981-10-01,2018-12-31,simple,intermediate,1981-10-01,2018-12-31,1979-01-01,2018-12-31,13606,13606,13606,1,0.999998,0.999998,0.999998,,0,0,,0,448,0,1,0,,0,0,True
3558,GSIM_US_0002100,02385170,"COAHULLA CREEK AT KEITHS MILL ROAD, NEAR DALTON,GA",ok,False,474.98,455.838,1.04199,2005-01-13,2018-12-31,intermediate,complex,2005-01-13,2018-12-31,1979-01-01,2018-12-31,5101,5101,5101,1,0.999998,0.999998,0.999998,,0,0,,0,853,0,1,0,,0,0,True
3559,GSIM_US_0002102,02385800,"HOLLY CREEK NEAR CHATSWORTH, GA",ok,False,170.769,165.759,1.03022,1979-01-01,2018-12-31,intermediate,complex,1979-01-01,2018-12-31,1979-01-01,2018-12-31,14610,14610,14610,1,0.999998,0.999998,0.999998,,0,0,,0,331,0,1,0,,0,0,True
3560,GSIM_US_0002103,02387000,"CONASAUGA RIVER AT TILTON, GA",ok,False,1784.77,1779.32,1.00306,1979-01-01,2018-12-31,intermediate,intermediate,1979-01-01,2018-12-31,1979-01-01,2018-12-31,14610,14610,14610,1,0.999998,0.999998,0.999998,,0,0,,0,372,0,1,0,,0,0,True
3561,GSIM_US_0002111,02388900,"ETOWAH RIVER NEAR DAHLONEGA, GA",ok,False,190.303,180.522,1.05418,2005-09-21,2014-04-23,intermediate,intermediate,2005-09-21,2014-04-23,1979-01-01,2018-12-31,3137,3137,3137,1,0.999998,0.999998,0.999998,,0,0,,0,13,0,1,0,,0,0,True
3562,GSIM_US_0002114,02389150,"ETOWAH RIVER AT GA 9, NEAR DAWSONVILLE, GA",ok,False,347.58,339.288,1.02444,2002-06-12,2018-12-31,intermediate,intermediate,2002-06-12,2018-12-31,1979-01-01,2018-12-31,6047,6047,6047,1,0.999998,0.999998,0.999998,,0,0,,0,168,0,1,0,,0,0,True
3563,GSIM_US_0002118,02391540,"SHARP MTN CREEK AT OLD GA 5, BELOW BALL GROUND, GA",ok,False,177.774,189.587,0.93769,2005-09-22,2018-12-31,intermediate,complex,2005-09-22,2018-12-31,1979-01-01,2018-12-31,4849,4849,4849,1,0.999998,0.999998,0.999998,,0,0,,0,151,0,1,0,,0,0,True
3564,GSIM_US_0002135,02398000,"CHATTOOGA RIVER AT SUMMERVILLE, GA",ok,False,503.675,497.278,1.01287,1979-01-01,2018-12-31,intermediate,complex,1979-01-01,2018-12-31,1979-01-01,2018-12-31,14610,14610,14610,1,0.999998,0.999998,0.999998,,0,0,,0,500,0,1,0,,0,0,True
3565,GSIM_US_0002136,02398300,CHATTOOGA RIVER ABOVE GAYLESVILLE AL,ok,False,966.127,947.936,1.01919,1984-10-01,2018-12-31,intermediate,intermediate,1984-10-01,2018-12-31,1979-01-01,2018-12-31,12510,12510,12510,1,0.999998,0.999998,0.999998,,0,0,,0,94,0,1,0,,0,0,True
3566,GSIM_US_0002137,02398950,WEST FORK LITTLE R AT DESOTO PARK NR FORT PAYNE AL,ok,False,92.3462,110.851,0.833062,1997-10-01,2012-01-08,intermediate,intermediate,1997-10-01,2012-01-08,1979-01-01,2018-12-31,5213,5213,5213,1,0.999998,0.999998,0.999998,,0,0,,0,117,0,1,0,,0,0,True
3567,GSIM_US_0002138,02399200,LITTLE RIVER NEAR BLUE POND AL,ok,False,471.372,515.408,0.914561,1979-01-01,2018-12-31,intermediate,intermediate,1979-01-01,2018-12-31,1979-01-01,2018-12-31,14610,14610,14610,1,0.999998,0.999998,0.999998,,0,0,,0,144,0,1,0,,31,31,True
3568,GSIM_US_0002139,02400100,TERRAPIN CREEK AT ELLISVILLE AL,ok,False,639.646,652.677,0.980035,1980-10-01,2018-12-31,intermediate,complex,1980-10-01,2018-12-31,1979-01-01,2018-12-31,13971,13971,13971,1,0.999998,0.999998,0.999998,,0,0,,0,399,0,1,0,,0,0,True
3569,GSIM_US_0002141,02400680,"BIG WILLS CREEK AT STATE HWY 35 NR FORT PAYNE, AL",ok,False,167.666,143.485,1.16853,2002-10-01,2018-12-31,intermediate,intermediate,2002-10-01,2018-12-31,1979-01-01,2018-12-31,5936,5936,5936,1,0.999998,0.999998,0.999998,,0,0,,0,76,0,1,0,,0,0,True
3570,GSIM_US_0002142,02401000,BIG WILLS CREEK NEAR REECE CITY,ok,False,537.09,471.378,1.1394,1986-10-01,2018-12-31,intermediate,intermediate,1986-10-01,2018-12-31,1979-01-01,2018-12-31,11780,11780,11780,1,0.999998,0.999998,0.999998,,0,0,,0,162,0,1,0,,0,0,True
3571,GSIM_US_0002143,02401390,BIG CANOE CREEK AT ASHVILLE AL,ok,False,381.312,365.188,1.04415,1979-01-01,2018-12-31,intermediate,complex,1979-01-01,2018-12-31,1979-01-01,2018-12-31,14609,14609,14609,1,0.999998,0.999998,0.999998,,0,0,,0,266,0,1,0,,0,0,True
3572,GSIM_US_0002146,02404400,CHOCCOLOCCO CREEK AT JACKSON SHOAL NR LINCOLN AL,ok,False,1259.3,1245.78,1.01085,1984-10-01,2018-12-31,intermediate,complex,1984-10-01,2018-12-31,1979-01-01,2018-12-31,12505,12505,12505,1,0.999998,0.999998,0.999998,,0,0,,0,259,0,1,0,,0,0,True
3573,GSIM_US_0002147,02405500,KELLY CREEK NEAR VINCENT AL,ok,False,495.862,499.868,0.991986,1986-10-01,2018-12-31,intermediate,intermediate,1986-10-01,2018-12-31,1979-01-01,2018-12-31,11780,11780,11780,1,0.999998,0.999998,0.999998,,0,0,,0,537,0,1,0,,0,0,True
3574,GSIM_US_0002148,02406500,TALLADEGA CREEK AT ALPINE AL,ok,False,391.579,388.498,1.00793,1987-10-01,2018-12-31,intermediate,complex,1987-10-01,2018-12-31,1979-01-01,2018-12-31,11415,11415,11415,1,0.999998,0.999998,0.999998,,0,0,,0,93,0,1,0,,0,0,True
3575,GSIM_US_0002150,02407514,"YELLOWLEAF CREEK NEAR WESTOVER, AL",ok,False,367.211,367.778,0.998457,2005-10-01,2018-12-31,simple,complex,2005-10-01,2018-12-31,1979-01-01,2018-12-31,4840,4840,4840,1,0.999998,0.999998,0.999998,,0,0,,0,69,0,1,0,,3,3,True
3576,GSIM_US_0002153,02410000,PATERSON CREEK NEAR CENTRAL AL,ok,False,13.3426,12.7168,1.0492,1979-01-01,1987-09-29,simple,intermediate,1979-01-01,1987-09-29,1979-01-01,2018-12-31,3194,3194,3194,1,0.999998,0.999998,0.999998,,0,0,,0,0,0,,0,,0,0,True
3577,GSIM_US_0002155,02411800,"LITTLE RIVER NEAR BUCHANAN, GA",ok,False,51.2564,52.3178,0.979712,1979-01-01,1985-09-29,intermediate,intermediate,1979-01-01,1985-09-29,1979-01-01,2018-12-31,2464,2464,2464,1,0.999998,0.999998,0.999998,,0,0,,0,0,0,,0,,0,0,True
3578,GSIM_US_0002156,02411930,"TALLAPOOSA RIVER AT US 78, NEAR TALLAPOOSA, GA",ok,False,684.005,704.477,0.970941,1999-12-13,2018-12-31,intermediate,intermediate,1999-12-13,2018-12-31,1979-01-01,2018-12-31,6635,6635,6635,1,0.999998,0.999998,0.999998,,0,0,,0,158,0,1,0,,0,0,True
3579,GSIM_US_0002157,02412000,"TALLAPOOSA RIVER NEAR HEFLIN, AL",ok,False,1150.34,1160.31,0.991408,1979-01-01,2018-12-31,intermediate,intermediate,1979-01-01,2018-12-31,1979-01-01,2018-12-31,14610,14610,14610,1,0.999998,0.999998,0.999998,,0,0,,0,393,0,1,0,,0,0,True
3580,GSIM_US_0002158,02413000,"LITTLE TALLAPOOSA RIVER AT US 27, AT CARROLLTON,GA",ok,False,256.001,246.308,1.03935,2008-02-22,2018-12-31,intermediate,complex,2008-02-22,2018-12-31,1979-01-01,2018-12-31,3966,3966,3966,1,0.999998,0.999998,0.999998,,0,0,,0,126,0,1,0,,0,0,True
3581,GSIM_US_0002160,02413300,LITTLE TALLAPOOSA RIVER NEAR NEWELL AL,ok,False,1051.56,1051.54,1.00003,1979-01-01,2018-12-31,intermediate,intermediate,1979-01-01,2018-12-31,1979-01-01,2018-12-31,14236,14236,14236,1,0.999998,0.999998,0.999998,,0,0,,0,286,0,1,0,,0,0,True
3582,GSIM_US_0002167,02419000,UPHAPEE CREEK NEAR TUSKEGEE AL,ok,False,867.393,862.466,1.00571,1979-01-01,2018-12-31,intermediate,intermediate,1979-01-01,2018-12-31,1979-01-01,2018-12-31,14610,14610,14610,1,0.999998,0.999998,0.999998,,0,0,,0,336,0,1,0,,0,0,True
3583,GSIM_US_0002170,02421000,CATOMA CREEK NEAR MONTGOMERY AL,ok,False,785.946,751.097,1.0464,1979-01-01,2018-12-31,intermediate,intermediate,1979-01-01,2018-12-31,1979-01-01,2018-12-31,14610,14610,14610,1,0.999998,0.999998,0.999998,,0,0,,0,611,0,1,0,,0,0,True
3584,GSIM_US_0002175,02423380,CAHABA RIVER NEAR MOUNTAIN BROOK AL,ok,False,356.16,362.598,0.982244,1980-10-01,2018-12-31,intermediate,intermediate,1980-10-01,2018-12-31,1979-01-01,2018-12-31,12996,12996,12996,1,0.999998,0.999998,0.999998,,0,0,,0,156,0,1,0,,0,0,True
3585,GSIM_US_0002189,02425500,"CEDAR CREEK AT MINTER, AL.",ok,False,543.238,546.487,0.994053,1979-01-01,1982-09-29,intermediate,intermediate,1979-01-01,1982-09-29,1979-01-01,2018-12-31,1368,1368,1368,1,0.999998,0.999998,0.999998,,0,0,,0,0,0,,0,,0,0,True
3586,GSIM_US_0002191,02427700,TURKEY CREEK AT KIMBROUGH AL,ok,False,255.078,252.524,1.01011,1979-01-01,1996-09-30,intermediate,complex,1979-01-01,1996-09-30,1979-01-01,2018-12-31,6483,6483,6483,1,0.999998,0.999998,0.999998,,0,0,,0,202,0,1,0,,0,0,True
3587,GSIM_US_0002195,02429900,"BIG BROWN CREEK NR BOONEVILLE, MS",ok,False,76.7982,70.1887,1.09417,1979-01-01,2003-09-29,intermediate,complex,1979-01-01,2003-09-29,1979-01-01,2018-12-31,9038,9038,9038,1,0.999998,0.999998,0.999998,,0,0,,0,1510,0,1,0,,0,0,True
3588,GSIM_US_0002196,02429980,"POLLARD MILL BRANCH AT PADEN, MS",ok,False,5.73804,5.20588,1.10222,1979-01-01,2004-05-17,intermediate,complex,1979-01-01,2004-05-17,1979-01-01,2018-12-31,9269,9269,9269,1,0.999998,0.999998,0.999998,,0,0,,0,1128,0,1,0,,0,0,True
3589,GSIM_US_0002200,02430680,"TWENTYMILE CREEK NR GUNTOWN, MS",ok,False,363.319,339.288,1.07083,1982-10-01,2018-12-31,intermediate,complex,1982-10-01,2018-12-31,1979-01-01,2018-12-31,13241,13241,13241,1,0.999998,0.999998,0.999998,,0,0,,0,641,0,1,0,,1,1,True
3590,GSIM_US_0002201,02430880,"CUMMINGS CREEK NR FULTON, MS",ok,False,50.7075,49.4688,1.02504,1979-01-01,2018-12-31,intermediate,complex,1979-01-01,2018-12-31,1979-01-01,2018-12-31,14604,14604,14604,1,0.999998,0.999998,0.999998,,0,0,,0,1429,0,1,0,,0,0,True
3591,GSIM_US_0002202,02432500,"BULL MOUNTAIN CREEK AT TREMONT, MS",ok,False,368.309,352.238,1.04563,1997-09-30,2018-12-26,complex,complex,1997-09-30,2018-12-26,1979-01-01,2018-12-31,6354,6354,6354,1,0.999998,0.999998,0.999998,,0,0,,0,157,0,1,0,,0,0,True
3592,GSIM_US_0002203,02433000,"BULL MOUNTAIN CREEK NR SMITHVILLE, MS",ok,False,902.103,870.236,1.03662,1979-01-01,1989-01-14,simple,simple,1979-01-01,1989-01-14,1979-01-01,2018-12-31,2101,2101,2101,1,0.999998,0.999998,0.999998,,0,0,,0,0,0,,0,,0,0,True
3593,GSIM_US_0002204,02435020,"TOWN CREEK AT EASON BOULEVARD AT TUPELO, MS",ok,False,624.849,603.467,1.03543,1979-01-01,2018-12-31,simple,intermediate,1979-01-01,2018-12-31,1979-01-01,2018-12-31,10611,10611,10611,1,0.999998,0.999998,0.999998,,0,0,,0,964,0,1,0,,0,0,True
3594,GSIM_US_0002205,02436500,"TOWN CREEK NR NETTLETON, MS",ok,False,1645.57,1605.79,1.02477,1979-01-01,2018-12-31,simple,intermediate,1979-01-01,2018-12-31,1979-01-01,2018-12-31,14282,14282,14282,1,0.999998,0.999998,0.999998,,0,0,,0,418,0,1,0,,0,0,True
3595,GSIM_US_0002208,02439400,"BUTTAHATCHEE RIVER NR ABERDEEN, MS",ok,False,2053.7,2066.81,0.993656,1979-01-01,2018-12-31,intermediate,complex,1979-01-01,2018-12-31,1979-01-01,2018-12-31,14609,14609,14609,1,0.999998,0.999998,0.999998,,0,0,,0,354,0,1,0,,0,0,True
3596,GSIM_US_0002210,02440500,"CHUQUATONCHEE CREEK NR WEST POINT, MS",ok,False,1318.52,1307.94,1.00809,1996-04-20,2004-09-29,intermediate,complex,1996-04-20,2004-09-29,1979-01-01,2018-12-31,3085,3085,3085,1,0.999998,0.999998,0.999998,,0,0,,0,231,0,1,0,,0,0,True
3597,GSIM_US_0002215,02443500,"LUXAPALLILA CREEK NR COLUMBUS, MS",ok,False,1839.36,1851.84,0.993257,1979-01-01,2018-12-31,intermediate,intermediate,1979-01-01,2018-12-31,1979-01-01,2018-12-31,14610,14610,14610,1,0.999998,0.999998,0.999998,,0,0,,0,238,0,1,0,,0,0,True
3598,GSIM_US_0002221,02448000,"NOXUBEE RIVER AT MACON, MS",ok,False,2019.32,2012.42,1.00343,1979-01-01,2018-12-31,complex,complex,1979-01-01,2018-12-31,1979-01-01,2018-12-31,14244,14244,14244,1,0.999998,0.999998,0.999998,,0,0,,0,80,0,1,0,,0,0,True
3599,GSIM_US_0002223,02448900,"BODKA CREEK NEAR GEIGER, AL.",ok,False,410.383,409.218,1.00285,1990-10-01,2018-12-31,intermediate,complex,1990-10-01,2018-12-31,1979-01-01,2018-12-31,10319,10319,10319,1,0.999998,0.999998,0.999998,,0,0,,0,148,0,1,0,,481,481,True
3600,GSIM_US_0002226,02449882,"BLUE SPRINGS CREEK NEAR BLOUNTSVILLE, AL.",ok,False,35.2451,33.6698,1.04679,1992-10-01,2018-12-31,intermediate,complex,1992-10-01,2018-12-31,1979-01-01,2018-12-31,9588,9588,9588,1,0.999998,0.999998,0.999998,,0,0,,0,475,0,1,0,,41,41,True
3601,GSIM_US_0002230,02450825,"CLEAR C AT NEW HOPE CHURCH NR POPLAR SPRINGS, AL.",ok,False,271.388,261.589,1.03746,1980-10-01,2018-12-31,intermediate,intermediate,1980-10-01,2018-12-31,1979-01-01,2018-12-31,9587,9587,9587,1,0.999998,0.999998,0.999998,,0,0,,0,495,0,1,0,,0,0,True
3602,GSIM_US_0002231,02453000,BLACKWATER CREEK NEAR MANCHESTER AL,ok,False,467.811,468.788,0.997915,1979-10-01,2018-12-31,intermediate,intermediate,1979-10-01,2018-12-31,1979-01-01,2018-12-31,12144,12144,12144,1,0.999998,0.999998,0.999998,,0,0,,0,54,0,1,0,,0,0,True
3603,GSIM_US_0002232,02454055,"LOST CREEK ABOVE PARRISH, AL.",ok,False,392.557,370.368,1.05991,1992-10-01,2018-12-31,intermediate,intermediate,1992-10-01,2018-12-31,1979-01-01,2018-12-31,9588,9588,9588,1,0.999998,0.999998,0.999998,,0,0,,0,219,0,1,0,,0,0,True
3604,GSIM_US_0002233,02455000,"LOCUST FORK NEAR CLEVELAND, AL.",ok,False,777.998,784.766,0.991376,1979-01-01,2018-12-31,intermediate,intermediate,1979-01-01,2018-12-31,1979-01-01,2018-12-31,12418,12418,12418,1,0.999998,0.999998,0.999998,,0,0,,0,301,0,1,0,,0,0,True
3605,GSIM_US_0002234,02455185,BLACKBURN FORK LITTLE WARRIOR R NR HOLLY SPRINGS,ok,False,81.5159,93.4986,0.871841,1998-01-31,2018-12-31,intermediate,complex,1998-01-31,2018-12-31,1979-01-01,2018-12-31,4514,4514,4514,1,0.999998,0.999998,0.999998,,0,0,,0,52,0,1,0,,0,0,True
3606,GSIM_US_0002235,02455500,"LOCUST FORK AT TRAFFORD, AL.",ok,False,1592.26,1616.15,0.985217,1992-10-01,1997-09-29,simple,complex,1992-10-01,1997-09-29,1979-01-01,2018-12-31,1825,1825,1825,1,0.999998,0.999998,0.999998,,0,0,,0,242,0,1,0,,0,0,True
3607,GSIM_US_0002236,02455900,"LOCUST FORK AT WARRIOR, ALABAMA",ok,False,1802.82,1831.12,0.984544,2001-10-01,2011-10-10,intermediate,intermediate,2001-10-01,2011-10-10,1979-01-01,2018-12-31,3389,3389,3389,1,0.999998,0.999998,0.999998,,0,0,,0,120,0,1,0,,0,0,True
3608,GSIM_US_0002238,02456000,TURKEY CREEK AT MORRIS AL,ok,False,208.177,209.53,0.99354,1979-01-01,2011-10-10,intermediate,intermediate,1979-01-01,2011-10-10,1979-01-01,2018-12-31,3495,3495,3495,1,0.999998,0.999998,0.999998,,0,0,,0,25,0,1,0,,0,0,True
3609,GSIM_US_0002239,02456500,"LOCUST FORK AT SAYRE, AL.",ok,False,2267.43,2292.14,0.98922,1979-01-01,2018-12-31,intermediate,intermediate,1979-01-01,2018-12-31,1979-01-01,2018-12-31,14610,14610,14610,1,0.999998,0.999998,0.999998,,0,0,,0,343,0,1,0,,0,0,True
3610,GSIM_US_0002252,02464660,CARROLL CREEK AT ST HWY 69 NR NORTHPORT AL,ok,False,48.4323,54.1308,0.894728,2008-11-05,2018-10-09,intermediate,intermediate,2008-11-05,2018-10-09,1979-01-01,2018-12-31,3626,3626,3626,1,0.999998,0.999998,0.999998,,0,0,,0,49,0,1,0,,0,0,True
3611,GSIM_US_0002262,02470072,"BASSETT CREEK AT US HIGHWAY 43 NR THOMASVILLE, AL.",ok,False,25.8049,27.1949,0.948887,1995-10-01,2018-12-31,intermediate,intermediate,1995-10-01,2018-12-31,1979-01-01,2018-12-31,8492,8492,8492,1,0.999998,0.999998,0.999998,,0,0,,0,543,0,1,0,,92,92,True
3612,GSIM_US_0002263,02471001,CHICKASAW CREEK NEAR KUSHLA AL,ok,False,335.563,323.749,1.03649,1979-01-01,2018-12-31,intermediate,intermediate,1979-01-01,2018-12-31,1979-01-01,2018-12-31,14610,14610,14610,1,0.999998,0.999998,0.999998,,0,0,,0,341,0,1,0,,0,0,True
3613,GSIM_US_0002267,02472850,"OKATOMA CREEK AT SANFORD, MS",ok,False,663.324,665.627,0.99654,1994-10-01,2018-12-31,intermediate,intermediate,1994-10-01,2018-12-31,1979-01-01,2018-12-31,8857,8857,8857,1,0.999998,0.999998,0.999998,,0,0,,0,286,0,1,0,,0,0,True
3614,GSIM_US_0002268,02473000,"LEAF RIVER AT HATTIESBURG, MS",ok,False,4566.35,4527.3,1.00863,1979-01-01,2018-12-31,intermediate,intermediate,1979-01-01,2018-12-31,1979-01-01,2018-12-31,14610,14610,14610,1,0.999998,0.999998,0.999998,,0,0,,0,147,0,1,0,,0,0,True
3615,GSIM_US_0002269,02473460,"TALLAHALA CREEK AT WALDRUP, MS",ok,False,265.893,264.179,1.00649,1979-10-01,2004-09-29,intermediate,intermediate,1979-10-01,2004-09-29,1979-01-01,2018-12-31,8857,8857,8857,1,0.999998,0.999998,0.999998,,0,0,,0,13,0,1,0,,0,0,True
3616,GSIM_US_0002270,02473500,"TALLAHALA CREEK AT LAUREL, MS",ok,False,622.233,616.417,1.00943,1979-01-01,2018-12-31,complex,complex,1979-01-01,2018-12-31,1979-01-01,2018-12-31,14609,14609,14609,1,0.999998,0.999998,0.999998,,0,0,,0,140,0,1,0,,0,0,True
3617,GSIM_US_0002271,02474500,"TALLAHALA CREEK NR RUNNELSTOWN, MS",ok,False,1595.99,1585.07,1.00689,1979-01-01,2018-12-31,complex,intermediate,1979-01-01,2018-12-31,1979-01-01,2018-12-31,14163,14163,14163,1,0.999998,0.999998,0.999998,,0,0,,0,238,0,1,0,,0,0,True
3618,GSIM_US_0002272,02474560,"LEAF RIVER NR NEW AUGUSTA, MS",ok,False,6650.18,6583.75,1.01009,1983-12-09,2018-12-31,intermediate,intermediate,1983-12-09,2018-12-31,1979-01-01,2018-12-31,12801,12801,12801,1,0.999998,0.999998,0.999998,,0,0,,0,369,0,1,0,,0,0,True
3619,GSIM_US_0002273,02474600,"BOGUE HOMO NR RICHTON, MS",ok,False,883.619,890.956,0.991765,1997-09-30,2013-09-28,intermediate,complex,1997-09-30,2013-09-28,1979-01-01,2018-12-31,4426,4426,4426,1,0.999998,0.999998,0.999998,,0,0,,0,119,0,1,0,,0,0,True
3620,GSIM_US_0002274,02475000,"LEAF RIVER NR MCLAIN, MS",ok,False,9104.2,9052.01,1.00577,1979-01-01,2018-12-31,intermediate,intermediate,1979-01-01,2018-12-31,1979-01-01,2018-12-31,14590,14590,14590,1,0.999998,0.999998,0.999998,,0,0,,0,369,0,1,0,,0,0,True
3621,GSIM_US_0002275,02475500,"CHUNKY RIVER NR CHUNKY, MS",ok,False,975.708,955.706,1.02093,1979-01-01,2018-12-31,intermediate,intermediate,1979-01-01,2018-12-31,1979-01-01,2018-12-31,14602,14602,14602,1,0.999998,0.999998,0.999998,,0,0,,0,164,0,1,0,,0,0,True
3622,GSIM_US_0002277,02476500,"SOWASHEE CREEK AT MERIDIAN, MS",ok,False,144.235,134.938,1.06889,1979-01-01,2018-12-31,complex,intermediate,1979-01-01,2018-12-31,1979-01-01,2018-12-31,14608,14608,14608,1,0.999998,0.999998,0.999998,,0,0,,0,659,0,1,0,,0,0,True
3623,GSIM_US_0002280,02477990,"BUCKATUNNA CREEK NR DENHAM, MS",ok,False,1224.06,1274.27,0.960595,1979-01-01,2014-10-08,simple,complex,1979-01-01,2014-10-08,1979-01-01,2018-12-31,13060,13060,13060,1,0.999998,0.999998,0.999998,,0,0,,0,282,0,1,0,,0,0,True
3624,GSIM_US_0002283,02479130,"BLACK CREEK NR BROOKLYN, MS",ok,False,908.937,919.446,0.988571,1979-01-01,2018-12-31,intermediate,intermediate,1979-01-01,2018-12-31,1979-01-01,2018-12-31,13878,13878,13878,1,0.999998,0.999998,0.999998,,0,0,,0,109,0,1,0,,0,0,True
3625,GSIM_US_0002285,02479160,"BLACK CREEK NR WIGGINS, MS",ok,False,1797.03,1815.58,0.989782,1979-01-01,2014-10-05,intermediate,intermediate,1979-01-01,2014-10-05,1979-01-01,2018-12-31,13061,13061,13061,1,0.999998,0.999998,0.999998,,0,0,,0,237,0,1,0,,0,0,True
3626,GSIM_US_0002288,02479431,POND CREEK NEAR DEER PARK AL,ok,False,51.4384,52.8358,0.973553,1979-01-01,1999-09-30,intermediate,intermediate,1979-01-01,1999-09-30,1979-01-01,2018-12-31,7212,7212,7212,1,0.999998,0.999998,0.999998,,0,0,,0,212,0,1,0,,0,0,True
3627,GSIM_US_0002291,02479945,"BIG CREEK AT COUNTY RD 63 NEAR WILMER, AL.",ok,False,73.4769,81.5328,0.901194,1990-06-22,2018-12-31,intermediate,intermediate,1990-06-22,2018-12-31,1979-01-01,2018-12-31,10420,10420,10420,1,0.999998,0.999998,0.999998,,0,0,,0,67,0,1,0,,0,0,True
3628,GSIM_US_0002296,02481880,"PEARL RIVER AT BURNSIDE, MS",ok,False,1320.09,1346.79,0.980174,1980-12-30,2018-12-31,intermediate,complex,1980-12-30,2018-12-31,1979-01-01,2018-12-31,13608,13608,13608,1,0.999998,0.999998,0.999998,,0,0,,0,672,0,1,0,,0,0,True
3629,GSIM_US_0002297,02482000,"PEARL RIVER AT EDINBURG, MS",ok,False,2317.51,2341.35,0.989817,1979-01-01,2018-12-31,intermediate,complex,1979-01-01,2018-12-31,1979-01-01,2018-12-31,14609,14609,14609,1,0.999998,0.999998,0.999998,,0,0,,0,51,0,1,0,,0,0,True
3630,GSIM_US_0002298,02482550,"PEARL RIVER NR CARTHAGE, MS",ok,False,3481.34,3486.12,0.998629,1979-01-01,2018-12-31,intermediate,intermediate,1979-01-01,2018-12-31,1979-01-01,2018-12-31,14609,14609,14609,1,0.999998,0.999998,0.999998,,0,0,,0,721,0,1,0,,0,0,True
3631,GSIM_US_0002299,02483000,"TUSCOLAMETA CREEK AT WALNUT GROVE, MS",ok,False,1047.5,1064.49,0.984048,1979-01-01,2018-12-31,intermediate,intermediate,1979-01-01,2018-12-31,1979-01-01,2018-12-31,13847,13847,13847,1,0.999998,0.999998,0.999998,,0,0,,0,992,0,1,0,,0,0,True
3632,GSIM_US_0002300,02483500,"PEARL RIVER NR LENA, MS",ok,False,5074.74,5130.77,0.98908,1997-09-30,2018-12-31,complex,intermediate,1997-09-30,2018-12-31,1979-01-01,2018-12-31,7761,7761,7761,1,0.999998,0.999998,0.999998,,0,0,,0,133,0,1,0,,0,0,True
3633,GSIM_US_0002301,02484000,"YOCKANOOKANY RIVER NR KOSCIUSKO, MS",ok,False,726.078,784.766,0.925215,1979-01-01,2018-12-31,intermediate,intermediate,1979-01-01,2018-12-31,1979-01-01,2018-12-31,14606,14606,14606,1,0.999998,0.999998,0.999998,,0,0,,0,159,0,1,0,,0,0,True
3634,GSIM_US_0002302,02484500,"YOCKANOOKANY RIVER NR OFAHOMA, MS",ok,False,1153.78,1214.7,0.949846,1979-01-01,2018-12-31,intermediate,intermediate,1979-01-01,2018-12-31,1979-01-01,2018-12-31,14241,14241,14241,1,0.999998,0.999998,0.999998,,0,0,,0,278,0,1,0,,0,0,True
3635,GSIM_US_0002305,02487500,"STRONG RIVER AT D`LO, MS",ok,False,1097.52,1100.74,0.99707,1993-10-01,2018-12-31,intermediate,complex,1993-10-01,2018-12-31,1979-01-01,2018-12-31,9222,9222,9222,1,0.999998,0.999998,0.999998,,0,0,,0,188,0,1,0,,0,0,True
3636,GSIM_US_0002308,02488700,"WHITESAND CREEK NR OAKVALE, MS",ok,False,342.739,336.698,1.01794,1979-01-01,2004-09-29,intermediate,complex,1979-01-01,2004-09-29,1979-01-01,2018-12-31,9404,9404,9404,1,0.999998,0.999998,0.999998,,0,0,,0,159,0,1,0,,0,0,True
3637,GSIM_US_0002312,02490500,"BOGUE CHITTO NR TYLERTOWN, MS",ok,False,1285.24,1274.27,1.00861,1979-01-01,2018-01-16,intermediate,complex,1979-01-01,2018-01-16,1979-01-01,2018-12-31,14003,14003,14003,1,0.999998,0.999998,0.999998,,0,0,,0,333,0,1,0,,0,0,True
3638,GSIM_US_0002314,02492343,"EAST HOBOLOCHITTO CREEK NR CAESAR, MS",ok,False,243.827,222.998,1.0934,1996-09-30,2018-12-31,intermediate,intermediate,1996-09-30,2018-12-31,1979-01-01,2018-12-31,8117,8117,8117,1,0.999998,0.999998,0.999998,,0,0,,0,125,0,1,0,,0,0,True
3639,GSIM_US_0002315,02492360,"WEST HOBOLOCHITTO CREEK NR MCNEILL, MS",ok,False,452.504,453.248,0.99836,1996-09-30,2018-12-31,intermediate,intermediate,1996-09-30,2018-12-31,1979-01-01,2018-12-31,7762,7762,7762,1,0.999998,0.999998,0.999998,,0,0,,0,76,0,1,0,,0,0,True
3640,GSIM_US_0002530,03159540,Shade River near Chester OH,ok,False,376.08,404.038,0.930802,1979-01-01,2018-12-31,intermediate,complex,1979-01-01,2018-12-31,1979-01-01,2018-12-31,14609,14609,14609,1,0.999998,0.999998,0.999998,,0,0,,0,794,0,1,0,,25,25,True
3641,GSIM_US_0002550,03183000,"SECOND CREEK NEAR SECOND CREEK, WV",ok,False,212.61,210.048,1.0122,1996-10-01,1998-09-29,intermediate,intermediate,1996-10-01,1998-09-29,1979-01-01,2018-12-31,729,729,729,1,0.999998,0.999998,0.999998,,0,0,,0,148,0,1,0,,0,0,True
3642,GSIM_US_0002573,03198350,"CLEAR FORK AT WHITESVILLE, WV",ok,False,169.294,163.946,1.03262,1996-10-01,2018-12-31,intermediate,complex,1996-10-01,2018-12-31,1979-01-01,2018-12-31,8126,8126,8126,1,0.999998,0.999998,0.999998,,0,0,,0,784,0,1,0,,0,0,True
3643,GSIM_US_0002574,03198500,"BIG COAL RIVER AT ASHFORD, WV",ok,False,1038.42,1010.1,1.02804,1979-01-01,2018-12-31,intermediate,complex,1979-01-01,2018-12-31,1979-01-01,2018-12-31,14610,14610,14610,1,0.999998,0.999998,0.999998,,0,0,,0,496,0,1,0,,0,0,True
3644,GSIM_US_0002576,03200500,"COAL RIVER AT TORNADO, WV",ok,False,2241.56,2222.21,1.00871,1979-01-01,2018-12-31,intermediate,complex,1979-01-01,2018-12-31,1979-01-01,2018-12-31,14610,14610,14610,1,0.999998,0.999998,0.999998,,0,0,,0,183,0,1,0,,0,0,True
3645,GSIM_US_0002577,03201000,"POCATALICO RIVER AT SISSONVILLE, WV",ok,False,616.256,616.417,0.999738,1979-05-16,2018-12-31,complex,intermediate,1979-05-16,2018-12-31,1979-01-01,2018-12-31,2216,2216,2216,1,0.999998,0.999998,0.999998,,0,0,,0,54,0,1,0,,0,0,True
3646,GSIM_US_0002588,03205470,Symmes Creek at Aid OH,ok,False,780.915,782.176,0.998387,2000-11-01,2018-12-31,complex,intermediate,2000-11-01,2018-12-31,1979-01-01,2018-12-31,6634,6634,6634,1,0.999998,0.999998,0.999998,,0,0,,0,495,0,1,0,,0,0,True
3647,GSIM_US_0002589,03206600,"EAST FORK TWELVEPOLE CREEK NEAR DUNLOW, WV",ok,False,98.615,98.4195,1.00199,1979-01-01,2018-12-31,intermediate,complex,1979-01-01,2018-12-31,1979-01-01,2018-12-31,14187,14187,14187,1,0.999998,0.999998,0.999998,,0,0,,0,244,0,1,0,,3,3,True
3648,GSIM_US_0002593,03207965,"GRAPEVINE CREEK NEAR PHYLLIS, KY",ok,False,16.9244,16.0579,1.05396,1979-01-01,2018-12-31,complex,complex,1979-01-01,2018-12-31,1979-01-01,2018-12-31,11358,11358,11358,1,0.999998,0.999998,0.999998,,0,0,,0,796,0,1,0,,0,0,True
3649,GSIM_US_0002611,03213700,"TUG FORK AT WILLIAMSON, WV",ok,False,2451.52,2424.23,1.01126,1979-01-01,2018-12-31,intermediate,complex,1979-01-01,2018-12-31,1979-01-01,2018-12-31,14610,14610,14610,1,0.999998,0.999998,0.999998,,0,0,,0,302,0,1,0,,0,0,True
3650,GSIM_US_0002612,03214000,"TUG FORK NEAR KERMIT, WV",ok,False,3105.92,3076.91,1.00943,1979-01-01,1985-09-29,intermediate,intermediate,1979-01-01,1985-09-29,1979-01-01,2018-12-31,2464,2464,2464,1,0.999998,0.999998,0.999998,,0,0,,0,0,0,,0,,0,0,True
3651,GSIM_US_0002653,03237280,Upper Twin Creek at McGaw OH,ok,False,32.4884,31.5979,1.02818,1979-01-01,2018-12-31,intermediate,complex,1979-01-01,2018-12-31,1979-01-01,2018-12-31,14609,14609,14609,1,0.999998,0.999998,0.999998,,0,0,,0,2035,0,1,0,,729,729,True
3652,GSIM_US_0002678,03251200,"NORTH FORK LICKING RIVER NEAR MT OLIVET, KY",ok,False,587.961,585.337,1.00448,1991-06-01,2018-12-31,intermediate,complex,1991-06-01,2018-12-31,1979-01-01,2018-12-31,10076,10076,10076,1,0.999998,0.999998,0.999998,,0,0,,0,536,0,1,0,,169,169,True
3653,GSIM_US_0002745,03282040,"STURGEON CREEK AT CRESSMONT, KY",ok,False,199.937,200.206,0.998655,1992-10-01,2018-12-31,intermediate,complex,1992-10-01,2018-12-31,1979-01-01,2018-12-31,9588,9588,9588,1,0.999998,0.999998,0.999998,,0,0,,0,994,0,1,0,,180,180,True
3654,GSIM_US_0002764,03288000,"NORTH ELKHORN CREEK NEAR GEORGETOWN, KY",ok,False,324.934,308.209,1.05427,1979-01-01,1999-06-30,intermediate,complex,1979-01-01,1999-06-30,1979-01-01,2018-12-31,5973,5973,5973,1,0.999998,0.999998,0.999998,,0,0,,0,222,0,1,0,,18,18,True
3655,GSIM_US_0002776,03291500,"EAGLE CREEK AT GLENCOE, KY",ok,False,1125.8,1131.82,0.994681,1988-12-01,2018-12-31,intermediate,intermediate,1988-12-01,2018-12-31,1979-01-01,2018-12-31,10988,10988,10988,1,0.999998,0.999998,0.999998,,0,0,,0,957,0,1,0,,93,93,True
3656,GSIM_US_0002777,03291780,"INDIAN-KENTUCK CREEK NEAR CANAAN, IN",ok,False,75.9003,71.2247,1.06565,1979-01-01,2018-12-31,intermediate,complex,1979-01-01,2018-12-31,1979-01-01,2018-12-31,14610,14610,14610,1,0.999998,0.999998,0.999998,,0,0,,0,1271,0,1,0,,1038,1038,True
3657,GSIM_US_0002789,03294000,"SILVER CREEK NEAR SELLERSBURG, IN",ok,False,499.687,489.508,1.02079,1979-01-01,2018-12-31,intermediate,complex,1979-01-01,2018-12-31,1979-01-01,2018-12-31,14610,14610,14610,1,0.999998,0.999998,0.999998,,0,0,,0,670,0,1,0,,3,3,True
3658,GSIM_US_0002794,03295400,"SALT RIVER AT GLENSBORO, KY",ok,False,459.333,445.478,1.0311,1989-05-04,2018-12-31,intermediate,complex,1989-05-04,2018-12-31,1979-01-01,2018-12-31,6085,6085,6085,1,0.999998,0.999998,0.999998,,0,0,,0,395,0,1,0,,0,0,True
3659,GSIM_US_0002795,03295500,"SALT RIVER NEAR VAN BUREN, KY",ok,False,509.985,507.638,1.00462,1979-01-01,1982-09-29,intermediate,complex,1979-01-01,1982-09-29,1979-01-01,2018-12-31,1368,1368,1368,1,0.999998,0.999998,0.999998,,0,0,,0,0,0,,0,,0,0,True
3660,GSIM_US_0002799,03297900,"FLOYDS FORK NEAR PEWEE VALLEY, KY",ok,False,218.628,206.94,1.05648,1991-09-30,2018-12-31,intermediate,intermediate,1991-09-30,2018-12-31,1979-01-01,2018-12-31,9954,9954,9954,1,0.999998,0.999998,0.999998,,0,0,,0,1152,0,1,0,,8,8,True
3661,GSIM_US_0002819,03302220,"BUCK CREEK NEAR NEW MIDDLETOWN, IN",ok,False,94.9351,168.867,0.562188,1979-01-01,2018-12-31,intermediate,complex,1979-01-01,2018-12-31,1979-01-01,2018-12-31,14610,14610,14610,1,0.999998,0.999998,0.999998,,0,0,,0,1860,0,1,0,,0,0,True
3662,GSIM_US_0002823,03302800,"BLUE RIVER AT FREDERICKSBURG, IN",ok,False,664.371,732.967,0.906414,1979-01-01,2018-12-31,intermediate,intermediate,1979-01-01,2018-12-31,1979-01-01,2018-12-31,14610,14610,14610,1,0.999998,0.999998,0.999998,,0,0,,0,1014,0,1,0,,0,0,True
3663,GSIM_US_0002824,03303000,"BLUE RIVER NEAR WHITE CLOUD, IN",ok,False,1107.22,1230.96,0.899478,1979-01-01,2018-12-31,intermediate,intermediate,1979-01-01,2018-12-31,1979-01-01,2018-12-31,14610,14610,14610,1,0.999998,0.999998,0.999998,,0,0,,0,404,0,1,0,,0,0,True
3664,GSIM_US_0002831,03307000,"RUSSELL CREEK NEAR COLUMBIA, KY",ok,False,484.847,486.918,0.995747,1979-01-01,2018-12-31,intermediate,complex,1979-01-01,2018-12-31,1979-01-01,2018-12-31,13145,13145,13145,1,0.999998,0.999998,0.999998,,0,0,,0,561,0,1,0,,0,0,True
3665,GSIM_US_0002835,03310300,"NOLIN RIVER AT WHITE MILLS, KY",ok,False,881.473,932.396,0.945386,1979-01-01,2018-12-31,intermediate,intermediate,1979-01-01,2018-12-31,1979-01-01,2018-12-31,14609,14609,14609,1,0.999998,0.999998,0.999998,,0,0,,0,739,0,1,0,,0,0,True
3666,GSIM_US_0002836,03310400,"BACON CREEK NEAR PRICEVILLE, KY",ok,False,195.286,221.185,0.882907,1979-01-01,2018-12-31,intermediate,complex,1979-01-01,2018-12-31,1979-01-01,2018-12-31,8767,8767,8767,1,0.999998,0.999998,0.999998,,0,0,,0,122,0,1,0,,0,0,True
3667,GSIM_US_0002844,03313700,"WEST FORK DRAKES CREEK NEAR FRANKLIN, KY",ok,False,276.816,284.899,0.971629,1979-01-01,2018-12-31,intermediate,intermediate,1979-01-01,2018-12-31,1979-01-01,2018-12-31,13513,13513,13513,1,0.999998,0.999998,0.999998,,0,0,,0,691,0,1,0,,111,111,True
3668,GSIM_US_0002845,03314000,"DRAKES CREEK NEAR ALVATON, KY",ok,False,1245.09,1238.01,1.00571,2009-09-30,2018-12-31,intermediate,complex,2009-09-30,2018-12-31,1979-01-01,2018-12-31,3380,3380,3380,1,0.999998,0.999998,0.999998,,0,0,,0,35,0,1,0,,0,0,True
3669,GSIM_US_0003015,03383000,"TRADEWATER RIVER AT OLNEY, KY",ok,False,652.415,660.447,0.987838,1979-01-01,2018-12-31,intermediate,complex,1979-01-01,2018-12-31,1979-01-01,2018-12-31,14337,14337,14337,1,0.999998,0.999998,0.999998,,0,0,,0,682,0,1,0,,39,39,True
3670,GSIM_US_0003020,03400800,"MARTINS FORK NEAR SMITH, KY",ok,False,140.832,144.521,0.974473,1979-01-01,2018-12-31,intermediate,intermediate,1979-01-01,2018-12-31,1979-01-01,2018-12-31,10868,10868,10868,1,0.999998,0.999998,0.999998,,0,0,,0,215,0,1,0,,0,0,True
3671,GSIM_US_0003034,03414500,"EAST FORK OBEY RIVER NEAR JAMESTOWN, TN",ok,False,498.577,523.178,0.952979,1979-01-01,2018-12-31,intermediate,complex,1979-01-01,2018-12-31,1979-01-01,2018-12-31,10897,10897,10897,1,0.999998,0.999998,0.999998,,0,0,,0,49,0,1,0,,0,0,True
3672,GSIM_US_0003035,03415000,"WEST FORK OBEY RIVER NEAR ALPINE, TN",ok,False,304.118,297.849,1.02105,1979-10-01,2018-12-31,intermediate,complex,1979-10-01,2018-12-31,1979-01-01,2018-12-31,6001,6001,6001,1,0.999998,0.999998,0.999998,,0,0,,0,3,0,1,0,,0,0,True
3673,GSIM_US_0003059,03432350,"HARPETH RIVER AT FRANKLIN, TN",ok,False,492.728,497.278,0.99085,1979-01-01,2018-12-31,simple,intermediate,1979-01-01,2018-12-31,1979-01-01,2018-12-31,14610,14610,14610,1,0.999998,0.999998,0.999998,,0,0,,0,129,0,1,0,,0,0,True
3674,GSIM_US_0003061,03433500,"HARPETH RIVER AT BELLEVUE, TN",ok,False,1042.9,1059.31,0.984516,1979-01-01,2018-12-31,simple,intermediate,1979-01-01,2018-12-31,1979-01-01,2018-12-31,14610,14610,14610,1,0.999998,0.999998,0.999998,,0,0,,0,261,0,1,0,,0,0,True
3675,GSIM_US_0003064,03434500,"HARPETH RIVER NEAR KINGSTON SPRINGS, TN",ok,False,1758.08,1768.96,0.993846,1979-01-01,2018-12-31,simple,intermediate,1979-01-01,2018-12-31,1979-01-01,2018-12-31,14610,14610,14610,1,0.999998,0.999998,0.999998,,0,0,,0,111,0,1,0,,0,0,True
3676,GSIM_US_0003067,03436000,"SULPHUR FORK RED RIVER NEAR ADAMS, TN",ok,False,461.188,481.738,0.957343,1979-01-01,1991-10-03,intermediate,intermediate,1979-01-01,1991-10-03,1979-01-01,2018-12-31,4659,4659,4659,1,0.999998,0.999998,0.999998,,0,0,,0,68,0,1,0,,0,0,True
3677,GSIM_US_0003068,03436100,"RED RIVER AT PORT ROYAL, TN",ok,False,1817.48,2398.33,0.757812,1979-01-01,2018-12-31,intermediate,intermediate,1979-01-01,2018-12-31,1979-01-01,2018-12-31,13100,13100,13100,1,0.999998,0.999998,0.999998,,0,0,,0,68,0,1,0,,0,0,True
3678,GSIM_US_0003106,03465500,"NOLICHUCKY RIVER AT EMBREEVILLE, TN",ok,False,2062.01,2084.94,0.989,1979-01-01,2018-12-31,intermediate,intermediate,1979-01-01,2018-12-31,1979-01-01,2018-12-31,14610,14610,14610,1,0.999998,0.999998,0.999998,,0,0,,0,141,0,1,0,,0,0,True
3679,GSIM_US_0003107,03466208,"BIG LIMESTONE CREEK NEAR LIMESTONE, TN",ok,False,206.441,204.609,1.00895,1996-03-01,2018-12-31,intermediate,complex,1996-03-01,2018-12-31,1979-01-01,2018-12-31,7823,7823,7823,1,0.999998,0.999998,0.999998,,0,0,,0,175,0,1,0,,0,0,True
3680,GSIM_US_0003111,03467609,NOLICHUCKY RIVER NEAR LOWLAND,ok,False,4365.74,4372.94,0.998354,1996-03-01,2018-12-31,intermediate,complex,1996-03-01,2018-12-31,1979-01-01,2018-12-31,8169,8169,8169,1,0.999998,0.999998,0.999998,,0,0,,0,68,0,1,0,,0,0,True
3681,GSIM_US_0003165,03528000,"CLINCH RIVER ABOVE TAZEWELL, TN",ok,False,3815.34,3817.64,0.999396,1979-01-01,2018-12-31,intermediate,complex,1979-01-01,2018-12-31,1979-01-01,2018-12-31,14610,14610,14610,1,0.999998,0.999998,0.999998,,0,0,,0,42,0,1,0,,0,0,True
3682,GSIM_US_0003169,03532000,"POWELL RIVER NEAR ARTHUR, TN",ok,False,1788.17,1774.14,1.00791,1979-01-01,2018-12-31,simple,complex,1979-01-01,2018-12-31,1979-01-01,2018-12-31,9494,9494,9494,1,0.999998,0.999998,0.999998,,0,0,,0,109,0,1,0,,0,0,True
3683,GSIM_US_0003180,03544947,"BRIER CREEK NEAR HIAWASSEE, GA",ok,False,4.4322,4.32528,1.02472,1984-05-25,2007-09-03,intermediate,intermediate,1984-05-25,2007-09-03,1979-01-01,2018-12-31,8502,8502,8502,1,0.999998,0.999998,0.999998,,0,0,,0,335,0,1,0,,0,0,True
3684,GSIM_US_0003181,03544970,"HIWASSEE RIVER AT RIVERSIDE DR, NR HIAWASSEE, GA",ok,False,103.123,102.305,1.008,2007-09-07,2018-12-31,intermediate,intermediate,2007-09-07,2018-12-31,1979-01-01,2018-12-31,4134,4134,4134,1,0.999998,0.999998,0.999998,,0,0,,0,29,0,1,0,,0,0,True
3685,GSIM_US_0003186,03550500,"NOTTELY RIVER NEAR BLAIRSVILLE, GA",ok,False,201.363,193.731,1.03939,1979-01-01,2018-12-31,intermediate,intermediate,1979-01-01,2018-12-31,1979-01-01,2018-12-31,5230,5230,5230,1,0.999998,0.999998,0.999998,,0,0,,0,48,0,1,0,,0,0,True
3686,GSIM_US_0003207,03571000,"SEQUATCHIE RIVER NEAR WHITWELL, TN",ok,False,1047.82,1041.18,1.00638,1979-01-01,2018-12-31,intermediate,complex,1979-01-01,2018-12-31,1979-01-01,2018-12-31,11687,11687,11687,1,0.999998,0.999998,0.999998,,0,0,,0,40,0,1,0,,0,0,True
3687,GSIM_US_0003208,03572110,"CROW CREEK AT BASS, AL",ok,False,336.762,339.288,0.992555,1979-01-01,1996-10-14,simple,complex,1979-01-01,1996-10-14,1979-01-01,2018-12-31,6497,6497,6497,1,0.999998,0.999998,0.999998,,0,0,,0,394,0,1,0,,0,0,True
3688,GSIM_US_0003212,03575000,FLINT RIVER NEAR CHASE AL,ok,False,883.928,885.776,0.997913,1979-01-01,1994-12-31,simple,complex,1979-01-01,1994-12-31,1979-01-01,2018-12-31,5478,5478,5478,1,0.999998,0.999998,0.999998,,0,0,,0,69,0,1,0,,0,0,True
3689,GSIM_US_0003213,03575100,"FLINT RIVER AT BROWNSBORO, AL.",ok,False,977.664,971.246,1.00661,1998-10-01,2018-12-31,intermediate,complex,1998-10-01,2018-12-31,1979-01-01,2018-12-31,7397,7397,7397,1,0.999998,0.999998,0.999998,,0,0,,0,144,0,1,0,,0,0,True
3690,GSIM_US_0003216,03576250,LIMESTONE CREEK NEAR ATHENS AL,ok,False,312.943,308.209,1.01536,1994-10-01,2018-12-31,intermediate,complex,1994-10-01,2018-12-31,1979-01-01,2018-12-31,8858,8858,8858,1,0.999998,0.999998,0.999998,,0,0,,0,135,0,1,0,,0,0,True
3691,GSIM_US_0003240,03597590,"WARTRACE CREEK BELOW COUNTY ROAD AT WARTRACE, TN",ok,False,88.9545,92.4626,0.96206,1989-10-01,2018-12-31,simple,complex,1989-10-01,2018-12-31,1979-01-01,2018-12-31,10684,10684,10684,1,0.999998,0.999998,0.999998,,0,0,,0,84,0,1,0,,342,342,True
3692,GSIM_US_0004349,05595820,"CASEY FORK AT MOUNT VERNON, IL",ok,False,196.79,199.17,0.988052,1985-10-01,2018-12-31,intermediate,complex,1985-10-01,2018-12-31,1979-01-01,2018-12-31,12145,12145,12145,1,0.999998,0.999998,0.999998,,0,0,,0,1259,0,1,0,,0,0,True
3693,GSIM_US_0005245,06917380,"MARMATON R NR MARMATON, KS",ok,False,765.83,756.277,1.01263,1979-01-01,2008-11-12,intermediate,intermediate,1979-01-01,2008-11-12,1979-01-01,2018-12-31,10909,10909,10909,1,0.999998,0.999998,0.999998,,0,0,,0,385,0,1,0,,85,85,True
3694,GSIM_US_0005357,07029270,"HATCHIE RIVER NR WALNUT, MS",ok,False,688.692,709.657,0.970458,1979-01-01,2018-12-31,intermediate,complex,1979-01-01,2018-12-31,1979-01-01,2018-12-31,3263,3234,3234,0.877242,0.999998,0.999998,1.01446,1.01324,397,0,,29,14,0,0.571429,0,,0,0,False
3695,GSIM_US_0005361,07030392,"WOLF RIVER AT LAGRANGE, TN",ok,False,539.327,543.898,0.991597,1995-09-01,2018-12-31,intermediate,complex,1995-09-01,2018-12-31,1979-01-01,2018-12-31,8523,8523,8523,1,0.999998,0.999998,0.999998,,0,0,,0,149,0,1,0,,0,0,True
3696,GSIM_US_0005382,07047942,"LAnguille River near Colt, AR",ok,False,1407.21,1385.64,1.01556,1979-01-01,2018-12-31,intermediate,intermediate,1979-01-01,2018-12-31,1979-01-01,2018-12-31,14610,14610,14610,1,0.999998,0.999998,0.999998,,0,0,,0,624,0,1,0,,33,33,True
3697,GSIM_US_0005555,07144200,"L ARKANSAS R AT VALLEY CENTER, KS",ok,False,3332.06,3436.91,0.969492,1979-01-01,2018-12-31,intermediate,complex,1979-01-01,2018-12-31,1979-01-01,2018-12-31,14560,14560,14560,1,0.999998,0.999998,0.999998,,0,0,,0,465,0,1,0,,0,0,True
3698,GSIM_US_0005557,07144485,"COWSKIN C AT MAPLE ST, WICHITA, KS",ok,False,261.117,253.042,1.03191,2004-03-01,2010-09-29,complex,intermediate,2004-03-01,2010-09-29,1979-01-01,2018-12-31,2404,2404,2404,1,0.999998,0.999998,0.999998,,0,0,,0,368,0,1,0,,0,0,True
3699,GSIM_US_0005558,07144780,"NF NINNESCAH R AB CHENEY RE, KS",ok,False,2056.74,1846.66,1.11376,1979-01-01,2018-12-31,complex,complex,1979-01-01,2018-12-31,1979-01-01,2018-12-31,14610,14610,14610,1,0.999998,0.999998,0.999998,,0,0,,0,1016,0,1,0,,5,5,True
3700,GSIM_US_0005560,07144910,"SF NINNESCAH R NR PRATT, KS",ok,False,311.259,303.029,1.02716,1980-10-01,2018-12-31,complex,complex,1980-10-01,2018-12-31,1979-01-01,2018-12-31,13971,13971,13971,1,0.999998,0.999998,0.999998,,0,0,,0,164,0,1,0,,0,0,True
3701,GSIM_US_0005561,07145200,"SF NINNESCAH R NR MURDOCK, KS",ok,False,1553.71,1546.22,1.00484,1979-01-01,2018-12-31,complex,complex,1979-01-01,2018-12-31,1979-01-01,2018-12-31,14574,14574,14574,1,0.999998,0.999998,0.999998,,0,0,,0,893,0,1,0,,0,0,True
3702,GSIM_US_0005563,07145700,"SLATE C AT WELLINGTON, KS",ok,False,402.805,398.858,1.00989,1979-01-01,2018-12-31,intermediate,complex,1979-01-01,2018-12-31,1979-01-01,2018-12-31,14609,14609,14609,1,0.999998,0.999998,0.999998,,0,0,,0,373,0,1,0,,35,35,True
3703,GSIM_US_0005565,07147070,"WHITEWATER R AT TOWANDA, KS",ok,False,1113.8,1103.33,1.00948,1979-01-01,2018-12-31,complex,complex,1979-01-01,2018-12-31,1979-01-01,2018-12-31,14610,14610,14610,1,0.999998,0.999998,0.999998,,0,0,,0,493,0,1,0,,0,0,True
3704,GSIM_US_0005567,07148350,"Salt Fork Arkansas River nr Winchester, OK",ok,False,2116,2217.03,0.954432,1979-01-01,1993-09-30,intermediate,complex,1979-01-01,1993-09-30,1979-01-01,2018-12-31,5387,5387,5387,1,0.999998,0.999998,0.999998,,0,0,,0,180,0,1,0,,0,0,True
3705,GSIM_US_0005569,07149000,"MEDICINE LODGE R NR KIOWA, KS",ok,False,2331.55,2338.76,0.996916,1979-01-01,2018-12-31,intermediate,complex,1979-01-01,2018-12-31,1979-01-01,2018-12-31,14569,14569,14569,1,0.999998,0.999998,0.999998,,0,0,,0,594,0,1,0,,228,228,True
3706,GSIM_US_0005572,07151500,"CHIKASKIA R NR CORBIN, KS",ok,False,2117.23,2056.45,1.02956,1979-01-01,2018-12-31,intermediate,complex,1979-01-01,2018-12-31,1979-01-01,2018-12-31,14610,14610,14610,1,0.999998,0.999998,0.999998,,0,0,,0,757,0,1,0,,0,0,True
3707,GSIM_US_0005573,07152000,"Chikaskia River near Blackwell, OK",ok,False,4848.92,4858.82,0.997962,1979-01-01,2018-12-31,intermediate,intermediate,1979-01-01,2018-12-31,1979-01-01,2018-12-31,14610,14610,14610,1,0.999998,0.999998,0.999998,,0,0,,0,1000,0,1,0,,0,0,True
3708,GSIM_US_0005574,07153000,"Black Bear Creek at Pawnee, OK",ok,False,1390.47,1393.41,0.997888,1979-01-01,2018-12-31,complex,intermediate,1979-01-01,2018-12-31,1979-01-01,2018-12-31,14610,14610,14610,1,0.999998,0.999998,0.999998,,0,0,,0,954,0,1,0,,78,78,True
3709,GSIM_US_0005576,07154500,"Cimarron River near Kenton, OK",ok,False,3100.71,3128.71,0.991052,1979-01-01,2018-12-31,complex,complex,1979-01-01,2018-12-31,1979-01-01,2018-12-31,14610,14610,14610,1,0.999998,0.999998,0.999998,,0,0,,0,555,0,1,0,,5135,5135,True
3710,GSIM_US_0005577,07155590,"CIMARRON R NR ELKHART, KS",ok,False,7543.67,7508.38,1.0047,1979-01-01,2018-12-31,complex,complex,1979-01-01,2018-12-31,1979-01-01,2018-12-31,12559,12559,12559,1,0.999998,0.999998,0.999998,,0,0,,0,860,0,1,0,,10377,10377,True
3711,GSIM_US_0005579,07156900,"Cimarron River near Forgan, OK",ok,False,17404.9,21978.6,0.791903,1979-01-01,2018-12-31,complex,complex,1979-01-01,2018-12-31,1979-01-01,2018-12-31,14244,14244,14244,1,0.999998,0.999998,0.999998,,0,0,,0,338,0,1,0,,0,0,True
3712,GSIM_US_0005581,07157950,"Cimarron River near Buffalo, OK",ok,False,26856.4,31610.8,0.849594,1979-01-01,2018-12-31,complex,complex,1979-01-01,2018-12-31,1979-01-01,2018-12-31,11967,11967,11967,1,0.999998,0.999998,0.999998,,0,0,,0,752,0,1,0,,715,715,True
3713,GSIM_US_0005582,07157960,"Buffalo Creek near Lovedale, OK",ok,False,1048.31,1056.72,0.992048,1979-01-01,1993-09-30,complex,complex,1979-01-01,1993-09-30,1979-01-01,2018-12-31,5387,5387,5387,1,0.999998,0.999998,0.999998,,0,0,,0,116,0,1,0,,426,426,True
3714,GSIM_US_0005583,07158000,"Cimarron River near Waynoka, OK",ok,False,30238.8,34703.3,0.871355,1979-01-01,2018-12-31,complex,complex,1979-01-01,2018-12-31,1979-01-01,2018-12-31,14610,14610,14610,1,0.999998,0.999998,0.999998,,0,0,,0,1179,0,1,0,,1259,1259,True
3715,GSIM_US_0005585,07159100,"Cimarron River near Dover, OK",ok,False,36211.8,40945.1,0.884397,1979-01-01,2018-12-31,complex,complex,1979-01-01,2018-12-31,1979-01-01,2018-12-31,14610,14610,14610,1,0.999998,0.999998,0.999998,,0,0,,0,1003,0,1,0,,0,0,True
3716,GSIM_US_0005589,07160500,"Skeleton Creek near Lovell, OK",ok,False,1055.6,1067.08,0.989251,1979-01-01,2018-12-31,intermediate,intermediate,1979-01-01,2018-12-31,1979-01-01,2018-12-31,11687,11687,11687,1,0.999998,0.999998,0.999998,,0,0,,0,749,0,1,0,,0,0,True
3717,GSIM_US_0005592,07163000,"Council Creek near Stillwater, OK",ok,False,79.2238,80.2896,0.986725,1979-01-01,1993-09-30,complex,intermediate,1979-01-01,1993-09-30,1979-01-01,2018-12-31,5387,5387,5387,1,0.999998,0.999998,0.999998,,0,0,,0,268,0,1,0,,885,885,True
3718,GSIM_US_0005601,07167500,"OTTER C AT CLIMAX, KS",ok,False,329.675,334.108,0.986731,1979-01-01,2018-12-31,intermediate,intermediate,1979-01-01,2018-12-31,1979-01-01,2018-12-31,14610,14610,14610,1,0.999998,0.999998,0.999998,,0,0,,0,423,0,1,0,,666,666,True
3719,GSIM_US_0005604,07169800,"ELK R AT ELK FALLS, KS",ok,False,576.224,569.797,1.01128,1979-01-01,2018-12-31,complex,intermediate,1979-01-01,2018-12-31,1979-01-01,2018-12-31,14610,14610,14610,1,0.999998,0.999998,0.999998,,0,0,,0,1003,0,1,0,,372,372,True
3720,GSIM_US_0005606,07170060,"ELK R BL ELK CITY LK, KS",ok,False,1689.27,1642.05,1.02876,1979-01-01,2002-09-29,complex,,1979-01-01,2002-09-29,1979-01-01,2018-12-31,8673,8673,8673,1,0.999998,0.999998,0.999998,,0,0,,0,317,0,1,0,,5,5,True
3721,GSIM_US_0005611,07172000,"CANEY R NR ELGIN, KS",ok,False,1130.47,1152.54,0.980849,1979-01-01,2018-12-31,complex,intermediate,1979-01-01,2018-12-31,1979-01-01,2018-12-31,14610,14610,14610,1,0.999998,0.999998,0.999998,,0,0,,0,246,0,1,0,,828,828,True
3722,GSIM_US_0005614,07174600,"Sand Creek at Okesa, OK",ok,False,356.729,360.008,0.990891,1979-01-01,1993-09-29,complex,simple,1979-01-01,1993-09-29,1979-01-01,2018-12-31,5386,5386,5386,1,0.999998,0.999998,0.999998,,0,0,,0,0,0,,0,,695,695,True
3723,GSIM_US_0005619,07176950,"Hominy Creek near Hominy, OK",ok,False,303.772,297.849,1.01989,2003-10-01,2018-12-31,intermediate,complex,2003-10-01,2018-12-31,1979-01-01,2018-12-31,3471,3471,3471,1,0.999998,0.999998,0.999998,,0,0,,0,237,0,1,0,,0,0,True
3724,GSIM_US_0005622,07177650,"Flat Rock Creek at Cincinnati Ave at Tulsa, OK",ok,False,21.8355,21.0048,1.03955,1987-12-01,2018-12-31,intermediate,complex,1987-12-01,2018-12-31,1979-01-01,2018-12-31,11354,11354,11354,1,0.999998,0.999998,0.999998,,0,0,,0,1415,0,1,0,,772,772,True
3725,GSIM_US_0005639,07185090,"Tar Creek near Commerce, OK",ok,False,89.6993,89.0956,1.00678,2004-07-21,2018-12-31,complex,intermediate,2004-07-21,2018-12-31,1979-01-01,2018-12-31,5277,5277,5277,1,0.999998,0.999998,0.999998,,0,0,,0,883,0,1,0,,22,22,True
3726,GSIM_US_0005640,07185095,"Tar Creek at 22nd Street Bridge at Miami, OK",ok,False,117.521,115.772,1.01511,1984-01-11,2018-12-31,intermediate,intermediate,1984-01-11,2018-12-31,1979-01-01,2018-12-31,8883,8883,8883,1,0.999998,0.999998,0.999998,,0,0,,0,439,0,1,0,,9,9,True
3727,GSIM_US_0005648,07188000,"Spring River near Quapaw, OK",ok,False,6490.2,6516.41,0.995978,1979-01-01,2018-12-31,intermediate,complex,1979-01-01,2018-12-31,1979-01-01,2018-12-31,14610,14610,14610,1,0.999998,0.999998,0.999998,,0,0,,0,336,0,1,0,,0,0,True
3728,GSIM_US_0005654,07189540,"Cave Springs Branch near South West City, MO",ok,False,20.2591,20.7199,0.977758,1997-09-06,2018-12-31,intermediate,intermediate,1997-09-06,2018-12-31,1979-01-01,2018-12-31,7787,7787,7787,1,0.999998,0.999998,0.999998,,0,0,,0,98,0,1,0,,0,0,True
3729,GSIM_US_0005655,07189542,"Honey Creek near South West City, MO",ok,False,126.582,126.132,1.00357,1997-09-06,2018-12-31,intermediate,complex,1997-09-06,2018-12-31,1979-01-01,2018-12-31,7787,7787,7787,1,0.999998,0.999998,0.999998,,0,0,,0,80,0,1,0,,0,0,True
3730,GSIM_US_0005657,07191000,"Big Cabin Creek near Big Cabin, OK",ok,False,1202.76,1165.49,1.03197,1979-01-01,2018-12-31,intermediate,complex,1979-01-01,2018-12-31,1979-01-01,2018-12-31,14610,14610,14610,1,0.999998,0.999998,0.999998,,0,0,,0,460,0,1,0,,0,0,True
3731,GSIM_US_0005658,07191160,"Spavinaw Creek near Maysville, AR",ok,False,229.39,231.804,0.989587,2001-10-01,2018-12-31,intermediate,complex,2001-10-01,2018-12-31,1979-01-01,2018-12-31,6301,6301,6301,1,0.999998,0.999998,0.999998,,0,0,,0,396,0,1,0,,0,0,True
3732,GSIM_US_0005659,07191179,"Spavinaw Creek near Cherokee City, AR",ok,False,310.625,266.769,1.1644,2001-10-01,2018-12-31,intermediate,complex,2001-10-01,2018-12-31,1979-01-01,2018-12-31,6301,6301,6301,1,0.999998,0.999998,0.999998,,0,0,,0,274,0,1,0,,0,0,True
3733,GSIM_US_0005660,07191220,"Spavinaw Creek near Sycamore, OK",ok,False,341.752,341.878,0.99963,1979-01-01,2018-12-31,intermediate,complex,1979-01-01,2018-12-31,1979-01-01,2018-12-31,14610,14610,14610,1,0.999998,0.999998,0.999998,,0,0,,0,444,0,1,0,,0,0,True
3734,GSIM_US_0005662,07191222,"Beaty Creek near Jay, OK",ok,False,152.56,153.068,0.996676,1998-07-30,2018-12-31,complex,complex,1998-07-30,2018-12-31,1979-01-01,2018-12-31,7460,7460,7460,1,0.999998,0.999998,0.999998,,0,0,,0,448,0,1,0,,128,128,True
3735,GSIM_US_0005678,07197360,"Caney Creek near Barber, OK",ok,False,236.173,233.617,1.01094,1997-10-01,2018-12-31,intermediate,complex,1997-10-01,2018-12-31,1979-01-01,2018-12-31,7762,7762,7762,1,0.999998,0.999998,0.999998,,0,0,,0,1011,0,1,0,,0,0,True
3736,GSIM_US_0005697,07222500,"CONCHAS RIVER AT VARIADERO, NM",ok,False,1169.43,1354.56,0.863327,1979-01-01,1996-09-29,complex,complex,1979-01-01,1996-09-29,1979-01-01,2018-12-31,6482,6482,6482,1,0.999998,0.999998,0.999998,,0,0,,0,0,0,,0,,2309,2309,True
3737,GSIM_US_0005699,07226500,"UTE CREEK NEAR LOGAN, NM",ok,False,4825.82,4527.3,1.06594,1979-01-01,2018-12-31,complex,complex,1979-01-01,2018-12-31,1979-01-01,2018-12-31,14083,14083,14083,1,0.999998,0.999998,0.999998,,0,0,,0,1691,0,1,0,,10522,10522,True
3738,GSIM_US_0005701,07227100,"REVUELTO CREEK NEAR LOGAN, NM",ok,False,2120.09,2035.73,1.04144,1979-01-01,2018-12-31,intermediate,complex,1979-01-01,2018-12-31,1979-01-01,2018-12-31,14610,14610,14610,1,0.999998,0.999998,0.999998,,0,0,,0,2078,0,1,0,,1159,1159,True
3739,GSIM_US_0005705,07229300,"Walnut Creek at Purcell, OK",ok,False,517.028,523.178,0.988247,1979-01-01,2018-12-31,complex,complex,1979-01-01,2018-12-31,1979-01-01,2018-12-31,6575,6575,6575,1,0.999998,0.999998,0.999998,,0,0,,0,751,0,1,0,,16,16,True
3740,GSIM_US_0005716,07234100,"Clear Creek near Elmwood, OK",ok,False,475.85,440.298,1.08075,1979-01-01,1993-09-30,complex,complex,1979-01-01,1993-09-30,1979-01-01,2018-12-31,5387,5387,5387,1,0.999998,0.999998,0.999998,,0,0,,0,171,0,1,0,,6,6,True
3741,GSIM_US_0005733,07242380,"Deep Fork at Warwick, OK",ok,False,1370.19,1364.92,1.00386,1983-10-01,2018-12-31,complex,complex,1983-10-01,2018-12-31,1979-01-01,2018-12-31,12876,12876,12876,1,0.999998,0.999998,0.999998,,0,0,,0,1803,0,1,0,,0,0,True
3742,GSIM_US_0005734,07243000,"Dry Creek near Kendrick, OK",ok,False,176.599,178.709,0.988191,1979-01-01,1994-09-29,intermediate,complex,1979-01-01,1994-09-29,1979-01-01,2018-12-31,5751,5751,5751,1,0.999998,0.999998,0.999998,,0,0,,0,107,0,1,0,,469,469,True
3743,GSIM_US_0005740,07247250,"Black Fork below Big Creek nr Page, OK",ok,False,248.853,244.236,1.01891,1992-03-01,2018-12-31,intermediate,complex,1992-03-01,2018-12-31,1979-01-01,2018-12-31,9800,9802,9800,1,0.999998,0.999998,0.999998,,0,2,"A, e=1; A=1",0,1019,1,1,0,,806,806,True
3744,GSIM_US_0005741,07247500,"Fourche Maline near Red Oak, OK",ok,False,313.785,310.799,1.00961,1979-01-01,2018-12-31,intermediate,complex,1979-01-01,2018-12-31,1979-01-01,2018-12-31,14457,14457,14457,1,0.999998,0.999998,0.999998,,0,0,,0,819,0,1,0,,239,239,True
3745,GSIM_US_0005757,07257006,"Big Piney Creek at Highway 164 near Dover, AR",ok,False,802.877,792.536,1.01305,1992-10-01,2018-12-31,intermediate,complex,1992-10-01,2018-12-31,1979-01-01,2018-12-31,8727,8727,8727,1,0.999998,0.999998,0.999998,,0,0,,0,208,0,1,0,,151,151,True
3746,GSIM_US_0005780,07268000,"LITTLE TALLAHATCHIE RIVER AT ETTA, MS",ok,False,1360.44,1362.33,0.998611,1979-01-01,2018-12-31,intermediate,intermediate,1979-01-01,2018-12-31,1979-01-01,2018-12-31,13899,13899,13899,1,0.999998,0.999998,0.999998,,0,0,,0,461,0,1,0,,0,0,True
3747,GSIM_US_0005783,07274000,"YOCONA RIVER NR OXFORD, MS",ok,False,653.374,678.577,0.962858,1979-01-01,2018-12-31,intermediate,intermediate,1979-01-01,2018-12-31,1979-01-01,2018-12-31,14602,14602,14602,1,0.999998,0.999998,0.999998,,0,0,,0,512,0,1,0,,0,0,True
3748,GSIM_US_0005785,07275900,"COLDWATER RIVER NR OLIVE BRANCH, MS",ok,False,495.969,494.688,1.00259,1996-09-30,2018-12-31,intermediate,complex,1996-09-30,2018-12-31,1979-01-01,2018-12-31,6640,6640,6640,1,0.999998,0.999998,0.999998,,0,0,,0,282,0,1,0,,0,0,True
3749,GSIM_US_0005786,07277700,"HICKAHALA CREEK NR SENATOBIA, MS",ok,False,312.504,313.389,0.997177,1986-02-07,2011-09-29,intermediate,complex,1986-02-07,2011-09-29,1979-01-01,2018-12-31,9001,9001,9001,1,0.999998,0.999998,0.999998,,0,0,,0,515,0,1,0,,0,0,True
3750,GSIM_US_0005789,07280400,"TILLATOBA CREEK AT CHARLESTON, MS",ok,False,306.24,305.619,1.00203,1996-09-30,2009-09-29,simple,intermediate,1996-09-30,2009-09-29,1979-01-01,2018-12-31,4018,4018,4018,1,0.999998,0.999998,0.999998,,0,0,,0,25,0,1,0,,0,0,True
3751,GSIM_US_0005792,07281960,"YALOBUSHA RIVER AT VARDAMAN, MS",ok,False,229.576,223.516,1.02711,1998-05-20,2011-09-28,intermediate,complex,1998-05-20,2011-09-28,1979-01-01,2018-12-31,4880,4880,4880,1,0.999998,0.999998,0.999998,,0,0,,0,154,0,1,0,,129,129,True
3752,GSIM_US_0005793,07281977,"YALOBUSHA RIVER AT DERMA, MS",ok,False,415.917,414.398,1.00367,1998-05-05,2011-09-29,simple,complex,1998-05-05,2011-09-29,1979-01-01,2018-12-31,4531,4531,4531,1,0.999998,0.999998,0.999998,,0,0,,0,201,0,1,0,,8,8,True
3753,GSIM_US_0005794,07282000,"YALOBUSHA R AND TOPASHAW C CA AT CALHOUN CITY, MS",ok,False,480.618,764.046,0.629043,1979-01-01,2012-09-18,intermediate,complex,1979-01-01,2012-09-18,1979-01-01,2018-12-31,11078,11078,11078,1,0.999998,0.999998,0.999998,,0,0,,0,326,0,1,0,,36,36,True
3754,GSIM_US_0005795,07283000,"SKUNA RIVER AT BRUCE, MS",ok,False,687.075,657.857,1.04441,1979-01-01,2018-12-31,intermediate,intermediate,1979-01-01,2018-12-31,1979-01-01,2018-12-31,14608,14608,14608,1,0.999998,0.999998,0.999998,,0,0,,0,286,0,1,0,,0,0,True
3755,GSIM_US_0005798,07287150,"ABIACA CREEK NR SEVEN PINES, MS",ok,False,248.889,246.567,1.00942,1991-10-01,2011-09-29,intermediate,complex,1991-10-01,2011-09-29,1979-01-01,2018-12-31,6573,6573,6573,1,0.999998,0.999998,0.999998,,0,0,,0,151,0,1,0,,0,0,True
3756,GSIM_US_0005799,07287160,"ABIACA CREEK AT CRUGER, MS",ok,False,311.787,247.862,1.25791,1991-10-01,2017-07-11,intermediate,complex,1991-10-01,2017-07-11,1979-01-01,2018-12-31,7765,7765,7765,1,0.999998,0.999998,0.999998,,0,0,,0,467,0,1,0,,0,0,True
3757,GSIM_US_0005800,07287400,"BLACK CREEK AT LEXINGTON, MS",ok,False,236.122,228.178,1.03481,1987-02-26,2010-09-29,intermediate,intermediate,1987-02-26,2010-09-29,1979-01-01,2018-12-31,8617,8617,8617,1,0.999998,0.999998,0.999998,,0,0,,0,529,0,1,0,,0,0,True
3758,GSIM_US_0005801,07288280,"BIG SUNFLOWER RIVER NR MERIGOLD, MS",ok,False,1429.69,1432.26,0.998205,1992-10-01,2018-12-31,complex,complex,1992-10-01,2018-12-31,1979-01-01,2018-12-31,9585,9585,9585,1,0.999998,0.999998,0.999998,,0,0,,0,234,0,1,0,,0,0,True
3759,GSIM_US_0005802,07288500,"BIG SUNFLOWER RIVER AT SUNFLOWER, MS",ok,False,2263.69,1986.52,1.13953,1979-01-01,2018-12-31,intermediate,complex,1979-01-01,2018-12-31,1979-01-01,2018-12-31,6573,6573,6573,1,0.999998,0.999998,0.999998,,0,0,,0,48,0,1,0,,0,0,True
3760,GSIM_US_0005803,07288650,"BOGUE PHALIA NR LELAND, MS",ok,False,933.264,1253.55,0.744494,1996-09-30,2018-12-31,intermediate,intermediate,1996-09-30,2018-12-31,1979-01-01,2018-12-31,7726,7726,7726,1,0.999998,0.999998,0.999998,,0,0,,0,369,0,1,0,,0,0,True
3761,GSIM_US_0005807,07289350,"BIG BLACK RIVER AT WEST, MS",ok,False,2624.48,2659.92,0.986677,1979-01-01,2018-12-31,intermediate,complex,1979-01-01,2018-12-31,1979-01-01,2018-12-31,14610,14610,14610,1,0.999998,0.999998,0.999998,,0,0,,0,316,0,1,0,,0,0,True
3762,GSIM_US_0005823,07299890,"Lelia Lk Ck bl Bell Ck nr Hedley, TX",ok,False,223.063,191.659,1.16385,1997-08-01,2018-12-31,complex,complex,1997-08-01,2018-12-31,1979-01-01,2018-12-31,7823,7823,7823,1,0.999998,0.999998,0.999998,,0,0,,0,201,0,1,0,,597,597,True
3763,GSIM_US_0005829,07301420,"Sweetwater Creek near Sweetwater, OK",ok,False,1128.36,1131.82,0.996941,1986-04-22,2018-12-31,intermediate,complex,1986-04-22,2018-12-31,1979-01-01,2018-12-31,11942,11942,11942,1,0.999998,0.999998,0.999998,,0,0,,0,1122,0,1,0,,44,44,True
3764,GSIM_US_0005833,07303400,"Elm Fork of North Fork Red River nr Carl, OK",ok,False,1132.26,1134.41,0.998103,1994-10-01,2018-12-31,intermediate,intermediate,1994-10-01,2018-12-31,1979-01-01,2018-12-31,8858,8858,8858,1,0.999998,0.999998,0.999998,,0,0,,0,610,0,1,0,,0,0,True
3765,GSIM_US_0005834,07304500,"Elk Creek near Hobart, OK",ok,False,1418.34,1421.9,0.997492,1979-01-01,1993-09-29,complex,intermediate,1979-01-01,1993-09-29,1979-01-01,2018-12-31,5386,5386,5386,1,0.999998,0.999998,0.999998,,0,0,,0,726,0,1,0,,0,0,True
3766,GSIM_US_0005839,07307800,"Pease Rv nr Childress, TX",ok,False,7958.01,7132.83,1.11569,1979-01-01,2011-10-01,complex,complex,1979-01-01,2011-10-01,1979-01-01,2018-12-31,11962,11962,11962,1,0.999998,0.999998,0.999998,,0,0,,0,265,0,1,0,,0,0,True
3767,GSIM_US_0005840,07308200,"Pease Rv nr Vernon, TX",ok,False,9443.32,9033.88,1.04532,1979-01-01,2018-12-31,complex,complex,1979-01-01,2018-12-31,1979-01-01,2018-12-31,11151,11151,11151,1,0.999998,0.999998,0.999998,,0,0,,0,311,0,1,0,,1124,1124,True
3768,GSIM_US_0005844,07311200,"Blue Beaver Creek near Cache, OK",ok,False,68.9062,63.7137,1.0815,1979-01-01,2003-09-30,complex,complex,1979-01-01,2003-09-30,1979-01-01,2018-12-31,9039,9039,9039,1,0.999998,0.999998,0.999998,,0,0,,0,28,0,1,0,,1833,1833,True
3769,GSIM_US_0005847,07311800,"S Wichita Rv nr Benjamin, TX",ok,False,1455.37,1512.55,0.962193,1979-01-01,2018-12-31,complex,complex,1979-01-01,2018-12-31,1979-01-01,2018-12-31,14610,14610,14610,1,0.999998,0.999998,0.999998,,0,0,,0,368,0,1,0,,2819,2819,True
3770,GSIM_US_0005858,07316500,"Washita River near Cheyenne, OK",ok,False,1960.55,2007.24,0.976738,1979-01-01,2018-12-31,complex,complex,1979-01-01,2018-12-31,1979-01-01,2018-12-31,14610,14610,14610,1,0.999998,0.999998,0.999998,,0,0,,0,685,0,1,0,,2089,2089,True
3771,GSIM_US_0005862,07324200,"Washita River near Hammon, OK",ok,False,3490.2,3540.51,0.98579,1979-01-01,2018-12-31,complex,complex,1979-01-01,2018-12-31,1979-01-01,2018-12-31,13879,13879,13879,1,0.999998,0.999998,0.999998,,0,0,,0,411,0,1,0,,1006,1006,True
3772,GSIM_US_0005866,07325800,"Cobb Creek near Eakly, OK",ok,False,344.99,341.878,1.0091,1979-01-01,2018-12-31,complex,complex,1979-01-01,2018-12-31,1979-01-01,2018-12-31,14610,14610,14610,1,0.999998,0.999998,0.999998,,0,0,,0,791,0,1,0,,0,0,True
3773,GSIM_US_0005867,07325840,"Lake Creek near Sickles, OK",ok,False,52.4072,49.4688,1.0594,2005-10-01,2018-12-31,complex,complex,2005-10-01,2018-12-31,1979-01-01,2018-12-31,4840,4840,4840,1,0.999998,0.999998,0.999998,,0,0,,0,743,0,1,0,,75,75,True
3774,GSIM_US_0005868,07325850,"Lake Creek near Eakly, OK",ok,False,142.559,135.974,1.04842,2004-12-08,2018-12-31,complex,complex,2004-12-08,2018-12-31,1979-01-01,2018-12-31,5137,5137,5137,1,0.999998,0.999998,0.999998,,0,0,,0,456,0,1,0,,0,0,True
3775,GSIM_US_0005869,07325860,"Willow Creek near Albert, OK",ok,False,74.6407,73.0377,1.02195,2004-12-09,2018-12-31,complex,complex,2004-12-09,2018-12-31,1979-01-01,2018-12-31,5136,5136,5136,1,0.999998,0.999998,0.999998,,0,0,,0,1141,0,1,0,,0,0,True
3776,GSIM_US_0005873,07327442,"Little Washita River near Cyril, OK",ok,False,35.0319,34.4468,1.01698,1992-10-01,2018-12-31,complex,complex,1992-10-01,2018-12-31,1979-01-01,2018-12-31,9588,9588,9588,1,0.999998,0.999998,0.999998,,0,0,,0,1511,0,1,0,,224,224,True
3777,GSIM_US_0005874,07327447,"Little Washita River near Cement, OK",ok,False,157.643,161.356,0.976989,1992-02-01,2018-12-31,complex,complex,1992-02-01,2018-12-31,1979-01-01,2018-12-31,9831,9831,9831,1,0.999998,0.999998,0.999998,,0,0,,0,1076,0,1,0,,57,57,True
3778,GSIM_US_0005875,07327490,"Little Washita River near Ninnekah, OK",ok,False,537.69,538.718,0.998092,1979-01-01,1985-12-31,complex,complex,1979-01-01,1985-12-31,1979-01-01,2018-12-31,2557,2557,2557,1,0.999998,0.999998,0.999998,,0,0,,0,0,0,,0,,1,1,True
3779,GSIM_US_0005876,07327550,"Little Washita River East of Ninnekah, OK",ok,False,604.081,600.877,1.00533,1992-02-01,2018-12-31,complex,complex,1992-02-01,2018-12-31,1979-01-01,2018-12-31,9828,9831,9828,1,0.999998,0.999998,0.999998,,0,3,"A, e=3",0,1647,3,1,0,,38,38,True
3780,GSIM_US_0005879,07328180,"North Criner Creek near Criner, OK",ok,False,19.4143,18.622,1.04255,1989-10-01,2018-12-31,complex,complex,1989-10-01,2018-12-31,1979-01-01,2018-12-31,10490,10490,10490,1,0.999998,0.999998,0.999998,,0,0,,0,1863,0,1,0,,1547,1547,True
3781,GSIM_US_0005883,07329780,"Honey Creek below Turner Falls near Davis, OK",ok,False,37.8524,42.4758,0.891151,2004-10-01,2018-12-31,intermediate,intermediate,2004-10-01,2018-12-31,1979-01-01,2018-12-31,5205,5205,5205,1,0.999998,0.999998,0.999998,,0,0,,0,513,0,1,0,,0,0,True
3782,GSIM_US_0005884,07329852,"Rock Creek at Sulphur, OK",ok,False,116.675,114.218,1.02151,1989-10-01,2018-12-31,complex,complex,1989-10-01,2018-12-31,1979-01-01,2018-12-31,10684,10684,10684,1,0.999998,0.999998,0.999998,,0,0,,0,873,0,1,0,,0,0,True
3783,GSIM_US_0005886,07331200,"Mill Creek near Mill Creek, OK",ok,False,121.141,121.211,0.999421,2006-09-07,2018-12-31,intermediate,intermediate,2006-09-07,2018-12-31,1979-01-01,2018-12-31,4499,4499,4499,1,0.999998,0.999998,0.999998,,0,0,,0,418,0,1,0,,0,0,True
3784,GSIM_US_0005888,07331300,"Pennington Creek near Reagan, OK",ok,False,169.56,171.457,0.988935,2003-10-01,2018-12-31,complex,complex,2003-10-01,2018-12-31,1979-01-01,2018-12-31,5571,5571,5571,1,0.999998,0.999998,0.999998,,0,0,,0,137,0,1,0,,0,0,True
3785,GSIM_US_0005890,07332390,"Blue River near Connerville, OK",ok,False,409.484,419.578,0.975942,1979-01-01,2018-12-31,intermediate,complex,1979-01-01,2018-12-31,1979-01-01,2018-12-31,5843,5843,5843,1,0.999998,0.999998,0.999998,,0,0,,0,290,0,1,0,,0,0,True
3786,GSIM_US_0005891,07332400,"Blue River at Milburn, OK",ok,False,529.784,525.768,1.00764,1979-01-01,1987-06-30,complex,complex,1979-01-01,1987-06-30,1979-01-01,2018-12-31,3103,3103,3103,1,0.999998,0.999998,0.999998,,0,0,,0,18,0,1,0,,0,0,True
3787,GSIM_US_0005892,07332500,"Blue River near Blue, OK",ok,False,1221.39,1235.42,0.988644,1979-01-01,2018-12-31,intermediate,complex,1979-01-01,2018-12-31,1979-01-01,2018-12-31,14610,14610,14610,1,0.999998,0.999998,0.999998,,0,0,,0,785,0,1,0,,0,0,True
3788,GSIM_US_0005893,07332600,"Bois D'Arc Ck nr Randolph, TX",ok,False,187.395,186.479,1.00491,1979-01-01,1985-09-29,complex,complex,1979-01-01,1985-09-29,1979-01-01,2018-12-31,2464,2464,2464,1,0.999998,0.999998,0.999998,,0,0,,0,0,0,,0,,444,444,True
3789,GSIM_US_0005896,07335000,"Clear Boggy Creek near Caney, OK",ok,False,1836.13,1846.66,0.994296,1979-01-01,2012-06-07,complex,complex,1979-01-01,2012-06-07,1979-01-01,2018-12-31,6550,6550,6550,1,0.999998,0.999998,0.999998,,0,0,,0,787,0,1,0,,94,94,True
3790,GSIM_US_0005900,07335790,"Kiamichi River near Clayton, OK",ok,False,1824.96,1810.4,1.00804,1980-11-20,2018-12-31,intermediate,complex,1980-11-20,2018-12-31,1979-01-01,2018-12-31,13921,13921,13921,1,0.999998,0.999998,0.999998,,0,0,,0,623,0,1,0,,288,288,True
3791,GSIM_US_0005901,07336200,"Kiamichi River near Antlers, OK",ok,False,2926.92,2924.1,1.00097,1979-01-01,2018-12-31,intermediate,complex,1979-01-01,2018-12-31,1979-01-01,2018-12-31,14610,14610,14610,1,0.999998,0.999998,0.999998,,0,0,,0,517,0,1,0,,357,357,True
3792,GSIM_US_0005904,07337900,"Glover River near Glover, OK",ok,False,828.55,828.796,0.999703,1979-01-01,2018-12-31,intermediate,complex,1979-01-01,2018-12-31,1979-01-01,2018-12-31,14610,14610,14610,1,0.999998,0.999998,0.999998,,0,0,,0,265,0,1,0,,216,216,True
3793,GSIM_US_0005906,07338750,"Mountain Fork at Smithville, OK",ok,False,840.697,833.976,1.00806,1991-10-01,2018-12-31,intermediate,complex,1991-10-01,2018-12-31,1979-01-01,2018-12-31,9954,9954,9954,1,0.999998,0.999998,0.999998,,0,0,,0,154,0,1,0,,0,0,True
3794,GSIM_US_0005913,07342465,"S Sulphur Rv at Commerce, TX",ok,False,382.694,388.498,0.985061,1991-10-01,2018-12-31,intermediate,intermediate,1991-10-01,2018-12-31,1979-01-01,2018-12-31,9954,9954,9954,1,0.999998,0.999998,0.999998,,0,0,,0,241,0,1,0,,871,871,True
3795,GSIM_US_0005914,07342480,"Middle Sulphur Rv at Commerce, TX",ok,False,114.844,114.218,1.00548,1991-10-01,2018-12-31,complex,intermediate,1991-10-01,2018-12-31,1979-01-01,2018-12-31,9954,9954,9954,1,0.999998,0.999998,0.999998,,0,0,,0,262,0,1,0,,3604,3604,True
3796,GSIM_US_0005916,07343000,"N Sulphur Rv nr Cooper, TX",ok,False,802.847,714.837,1.12312,1979-01-01,2018-12-31,complex,intermediate,1979-01-01,2018-12-31,1979-01-01,2018-12-31,14609,14609,14609,1,0.999998,0.999998,0.999998,,0,0,,0,367,0,1,0,,1532,1532,True
3797,GSIM_US_0005923,07344486,"Brushy Ck at Scroggins, TX",ok,False,64.2237,60.6057,1.0597,1979-01-01,2004-09-29,intermediate,complex,1979-01-01,2004-09-29,1979-01-01,2018-12-31,8673,8673,8673,1,0.999998,0.999998,0.999998,,0,0,,0,219,0,1,0,,106,106,True
3798,GSIM_US_0005929,07346050,"Little Cypress Ck nr Ore City, TX",ok,False,1067.66,991.965,1.07631,1979-01-01,2018-12-31,complex,complex,1979-01-01,2018-12-31,1979-01-01,2018-12-31,9322,9322,9322,1,0.999998,0.999998,0.999998,,0,0,,0,263,0,1,0,,657,657,True
3799,GSIM_US_0005930,07346070,"Little Cypress Bayou nr Jefferson, TX",ok,False,1823.18,1748.24,1.04286,1979-01-01,2018-12-31,simple,complex,1979-01-01,2018-12-31,1979-01-01,2018-12-31,14610,14610,14610,1,0.999998,0.999998,0.999998,,0,0,,0,137,0,1,0,,645,645,True
3800,GSIM_US_0005932,07346140,"Frazier Ck nr Linden, TX",ok,False,123.329,124.319,0.992031,1979-01-01,1991-09-30,complex,complex,1979-01-01,1991-09-30,1979-01-01,2018-12-31,4656,4656,4656,1,0.999998,0.999998,0.999998,,0,0,,0,284,0,1,0,,416,416,True
3801,GSIM_US_0005997,07375280,"TANGIPAHOA RIVER AT OSYKA, MS",ok,False,409.283,409.218,1.00016,1996-10-01,2018-12-31,intermediate,complex,1996-10-01,2018-12-31,1979-01-01,2018-12-31,8126,8126,8126,1,0.999998,0.999998,0.999998,,0,0,,0,182,0,1,0,,0,0,True
3802,GSIM_US_0006028,08017200,"Cowleech Fk Sabine Rv at Greenville, TX",ok,False,209.653,209.789,0.999352,1979-01-01,2018-12-31,complex,complex,1979-01-01,2018-12-31,1979-01-01,2018-12-31,14610,14610,14610,1,0.999998,0.999998,0.999998,,0,0,,0,163,0,1,0,,2390,2390,True
3803,GSIM_US_0006029,08017300,"S Fk Sabine Rv nr Quinlan, TX",ok,False,210.606,203.832,1.03323,1979-01-01,2018-12-31,complex,intermediate,1979-01-01,2018-12-31,1979-01-01,2018-12-31,14610,14610,14610,1,0.999998,0.999998,0.999998,,0,0,,0,89,0,1,0,,2284,2284,True
3804,GSIM_US_0006035,08019500,"Big Sandy Ck nr Big Sandy, TX",ok,False,597.638,598.287,0.998915,1979-01-01,2018-12-31,complex,complex,1979-01-01,2018-12-31,1979-01-01,2018-12-31,13879,13879,13879,1,0.999998,0.999998,0.999998,,0,0,,0,810,0,1,0,,0,0,True
3805,GSIM_US_0006043,08023200,"Tenaha Ck nr Shelbyville, TX",ok,False,257.583,253.301,1.0169,1979-01-01,1981-04-14,simple,complex,1979-01-01,1981-04-14,1979-01-01,2018-12-31,835,835,835,1,0.999998,0.999998,0.999998,,0,0,,0,0,0,,0,,0,0,True
3806,GSIM_US_0006052,08030000,"Cypress Ck nr Buna, TX",ok,False,124.342,179.227,0.693769,1979-01-01,1983-10-05,simple,intermediate,1979-01-01,1983-10-05,1979-01-01,2018-12-31,1739,1739,1739,1,0.999998,0.999998,0.999998,,0,0,,0,0,0,,0,,233,233,True
3807,GSIM_US_0006054,08031000,"Cow Bayou nr Mauriceville, TX",ok,False,271.219,215.746,1.25712,1979-01-01,2018-12-31,intermediate,intermediate,1979-01-01,2018-12-31,1979-01-01,2018-12-31,8799,8799,8799,1,0.999998,0.999998,0.999998,,0,0,,0,60,0,1,0,,66,66,True
3808,GSIM_US_0006055,08031200,"Kickapoo Ck nr Brownsboro, TX",ok,False,601.189,600.877,1.00052,1979-01-01,1989-09-29,complex,intermediate,1979-01-01,1989-09-29,1979-01-01,2018-12-31,3925,3925,3925,1,0.999998,0.999998,0.999998,,0,0,,0,0,0,,0,,712,712,True
3809,GSIM_US_0006059,08033300,"Piney Ck nr Groveton, TX",ok,False,208.15,204.609,1.01731,1979-01-01,1989-09-29,complex,intermediate,1979-01-01,1989-09-29,1979-01-01,2018-12-31,3925,3925,3925,1,0.999998,0.999998,0.999998,,0,0,,0,57,0,1,0,,882,882,True
3810,GSIM_US_0006061,08033900,"E Fk Angelina Rv nr Cushing, TX",ok,False,406.233,409.218,0.992705,1979-01-01,2018-12-31,intermediate,complex,1979-01-01,2018-12-31,1979-01-01,2018-12-31,5114,5114,5114,1,0.999998,0.999998,0.999998,,0,0,,0,0,0,,0,,0,0,True
3811,GSIM_US_0006065,08037050,"Bayou Lanana at Nacogdoches, TX",ok,False,78.6615,81.0666,0.970332,1979-01-01,2018-12-31,complex,complex,1979-01-01,2018-12-31,1979-01-01,2018-12-31,5979,5979,5979,1,0.999998,0.999998,0.999998,,0,0,,0,319,0,1,0,,24,24,True
3812,GSIM_US_0006066,08038000,"Attoyac Bayou nr Chireno, TX",ok,False,1308.74,1302.76,1.00459,1979-01-01,1985-09-30,complex,complex,1979-01-01,1985-09-30,1979-01-01,2018-12-31,2465,2465,2465,1,0.999998,0.999998,0.999998,,0,0,,0,0,0,,0,,0,0,True
3813,GSIM_US_0006067,08039100,"Ayish Bayou nr San Augustine, TX",ok,False,229.873,230.509,0.99724,1979-01-01,1985-09-30,intermediate,intermediate,1979-01-01,1985-09-30,1979-01-01,2018-12-31,2465,2465,2465,1,0.999998,0.999998,0.999998,,0,0,,0,0,0,,0,,2,2,True
3814,GSIM_US_0006070,08041500,"Village Ck nr Kountze, TX",ok,False,2216.4,2227.39,0.995068,1979-01-01,2018-12-31,intermediate,complex,1979-01-01,2018-12-31,1979-01-01,2018-12-31,14610,14610,14610,1,0.999998,0.999998,0.999998,,0,0,,0,256,0,1,0,,0,0,True
3815,GSIM_US_0006071,08041700,"Pine Island Bayou nr Sour Lake, TX",ok,False,930.456,870.236,1.0692,1979-01-01,2018-12-31,complex,complex,1979-01-01,2018-12-31,1979-01-01,2018-12-31,14610,14610,14610,1,0.999998,0.999998,0.999998,,0,0,,0,194,0,1,0,,1,1,True
3816,GSIM_US_0006074,08042800,"W Fk Trinity Rv nr Jacksboro, TX",ok,False,1741.7,1768.96,0.98459,1979-01-01,2018-12-31,complex,complex,1979-01-01,2018-12-31,1979-01-01,2018-12-31,14610,14610,14610,1,0.999998,0.999998,0.999998,,0,0,,0,143,0,1,0,,4713,4713,True
3817,GSIM_US_0006078,08044800,"Walnut Ck at Reno, TX",ok,False,181.9,195.803,0.928994,1995-10-01,2018-12-31,intermediate,complex,1995-10-01,2018-12-31,1979-01-01,2018-12-31,8493,8493,8493,1,0.999998,0.999998,0.999998,,0,0,,0,112,0,1,0,,713,713,True
3818,GSIM_US_0006087,08049580,"Mountain Ck nr Venus, TX",ok,False,65.6716,66.0447,0.99435,1985-10-01,2018-12-31,intermediate,intermediate,1985-10-01,2018-12-31,1979-01-01,2018-12-31,7071,7071,7071,1,0.999998,0.999998,0.999998,,0,0,,0,82,0,1,0,,3169,3169,True
3819,GSIM_US_0006088,08049600,"Mountain Ck nr Cedar Hill, TX",ok,False,313.902,308.209,1.01847,1979-01-01,1984-09-29,complex,complex,1979-01-01,1984-09-29,1979-01-01,2018-12-31,2099,2099,2099,1,0.999998,0.999998,0.999998,,0,0,,0,0,0,,0,,650,650,True
3820,GSIM_US_0006091,08050400,"Elm Fk Trinity Rv at Gainesville, TX",ok,False,454.079,450.658,1.00759,1985-10-01,2018-12-31,complex,complex,1985-10-01,2018-12-31,1979-01-01,2018-12-31,12145,12145,12145,1,0.999998,0.999998,0.999998,,0,0,,0,52,0,1,0,,299,299,True
3821,GSIM_US_0006092,08050500,"Elm Fk Trinity Rv nr Sanger, TX",ok,False,976.917,986.785,0.989999,1979-01-01,1984-12-05,intermediate,intermediate,1979-01-01,1984-12-05,1979-01-01,2018-12-31,2166,2166,2166,1,0.999998,0.999998,0.999998,,0,0,,0,0,0,,0,,50,50,True
3822,GSIM_US_0006094,08050840,"Range Ck nr Collinsville, TX",ok,False,78.5058,75.6277,1.03806,1992-10-01,2018-12-31,intermediate,complex,1992-10-01,2018-12-31,1979-01-01,2018-12-31,9588,9588,9588,1,0.999998,0.999998,0.999998,,0,0,,0,166,0,1,0,,5519,5519,True
3823,GSIM_US_0006095,08051000,"Isle Du Bois Ck nr Pilot Point, TX",ok,False,652.04,688.937,0.946443,1979-01-01,1984-12-31,complex,simple,1979-01-01,1984-12-31,1979-01-01,2018-12-31,2192,2192,2192,1,0.999998,0.999998,0.999998,,0,0,,0,0,0,,0,,481,481,True
3824,GSIM_US_0006096,08051500,"Clear Ck nr Sanger, TX",ok,False,771.958,764.046,1.01035,1979-01-01,2018-12-31,complex,complex,1979-01-01,2018-12-31,1979-01-01,2018-12-31,14608,14608,14608,1,0.999998,0.999998,0.999998,,0,0,,0,137,0,1,0,,2009,2009,True
3825,GSIM_US_0006097,08052700,"Little Elm Ck nr Aubrey, TX",ok,False,194.017,195.544,0.99219,1979-10-01,2018-12-31,complex,complex,1979-10-01,2018-12-31,1979-01-01,2018-12-31,13606,13606,13606,1,0.999998,0.999998,0.999998,,0,0,,0,35,0,1,0,,2546,2546,True
3826,GSIM_US_0006099,08052780,"Hickory Ck at Denton, TX",ok,False,329.267,334.108,0.985509,1985-06-20,2018-12-31,complex,complex,1985-06-20,2018-12-31,1979-01-01,2018-12-31,4668,4668,4668,1,0.999998,0.999998,0.999998,,0,0,,0,41,0,1,0,,672,672,True
3827,GSIM_US_0006102,08053500,"Denton Ck nr Justin, TX",ok,False,1061.45,1036,1.02457,1979-01-01,2018-12-31,complex,complex,1979-01-01,2018-12-31,1979-01-01,2018-12-31,14610,14610,14610,1,0.999998,0.999998,0.999998,,0,0,,0,637,0,1,0,,2855,2855,True
3828,GSIM_US_0006111,08058900,"USCOE E Fk Trinity Rv at McKinney, TX",ok,False,435.096,424.758,1.02434,1979-01-01,2010-09-29,complex,complex,1979-01-01,2010-09-29,1979-01-01,2018-12-31,11595,11595,11595,1,0.999998,0.999998,0.999998,,0,0,,0,328,0,1,0,,1786,1786,True
3829,GSIM_US_0006112,08059000,"E Fk Trinity Rv nr McKinney, TX",ok,False,494.505,492.098,1.00489,2009-12-17,2018-12-31,intermediate,complex,2009-12-17,2018-12-31,1979-01-01,2018-12-31,3301,3301,3301,1,0.999998,0.999998,0.999998,,0,0,,0,31,0,1,0,,93,93,True
3830,GSIM_US_0006113,08059350,"Indian Ck at SH 78 nr Farmersville, TX",ok,False,275.455,269.359,1.02263,2007-04-26,2018-12-31,complex,intermediate,2007-04-26,2018-12-31,1979-01-01,2018-12-31,4268,4268,4268,1,0.999998,0.999998,0.999998,,0,0,,0,82,0,1,0,,165,165,True
3831,GSIM_US_0006114,08059400,"USCOE Sister Grove Ck nr Blue Ridge, TX",ok,False,216.314,215.228,1.00504,1979-01-01,2018-12-31,complex,complex,1979-01-01,2018-12-31,1979-01-01,2018-12-31,10026,10026,10026,1,0.999998,0.999998,0.999998,,0,0,,0,187,0,1,0,,1216,1216,True
3832,GSIM_US_0006125,08062895,"Kings Ck at SH 34 nr Kaufman, TX",ok,False,582.06,580.157,1.00328,2009-03-04,2018-12-31,complex,complex,2009-03-04,2018-12-31,1979-01-01,2018-12-31,3590,3590,3590,1,0.999998,0.999998,0.999998,,0,0,,0,21,0,1,0,,0,0,True
3833,GSIM_US_0006126,08062900,"Kings Ck nr Kaufman, TX",ok,False,617.018,603.467,1.02246,1979-01-01,1987-09-29,complex,intermediate,1979-01-01,1987-09-29,1979-01-01,2018-12-31,3194,3194,3194,1,0.999998,0.999998,0.999998,,0,0,,0,7,0,1,0,,43,43,True
3834,GSIM_US_0006127,08063048,"White Rk Ck at FM 308 nr Irene, TX",ok,False,172.98,170.421,1.01502,2007-09-06,2018-12-31,intermediate,complex,2007-09-06,2018-12-31,1979-01-01,2018-12-31,4134,4134,4134,1,0.999998,0.999998,0.999998,,0,0,,0,270,0,1,0,,952,952,True
3835,GSIM_US_0006133,08064700,"Tehuacana Ck nr Streetman, TX",ok,False,375.097,367.778,1.0199,1979-01-01,2018-12-31,complex,complex,1979-01-01,2018-12-31,1979-01-01,2018-12-31,14244,14244,14244,1,0.999998,0.999998,0.999998,,0,0,,0,91,0,1,0,,2139,2139,True
3836,GSIM_US_0006134,08064800,"Catfish Ck nr Tennessee Colony, TX",ok,False,548.879,536.128,1.02378,1979-01-01,1989-09-29,complex,complex,1979-01-01,1989-09-29,1979-01-01,2018-12-31,3925,3925,3925,1,0.999998,0.999998,0.999998,,0,0,,0,25,0,1,0,,0,0,True
3837,GSIM_US_0006136,08065200,"Upper Keechi Ck nr Oakwood, TX",ok,False,391.841,388.498,1.0086,1979-01-01,2018-12-31,complex,complex,1979-01-01,2018-12-31,1979-01-01,2018-12-31,10953,10953,10953,1,0.999998,0.999998,0.999998,,0,0,,0,103,0,1,0,,642,642,True
3838,GSIM_US_0006139,08065800,"Bedias Ck nr Madisonville, TX",ok,False,823.029,831.386,0.989948,1979-01-01,2018-12-31,complex,complex,1979-01-01,2018-12-31,1979-01-01,2018-12-31,14609,14609,14609,1,0.999998,0.999998,0.999998,,0,0,,0,277,0,1,0,,575,575,True
3839,GSIM_US_0006140,08066170,"Kickapoo Ck nr Onalaska, TX",ok,False,146.967,147.629,0.995517,1979-01-01,2013-08-25,intermediate,complex,1979-01-01,2013-08-25,1979-01-01,2018-12-31,12656,12656,12656,1,0.999998,0.999998,0.999998,,0,0,,0,251,0,1,0,,13,13,True
3840,GSIM_US_0006147,08067500,"Cedar Bayou nr Crosby, TX",ok,False,242.425,168.09,1.44223,1979-01-01,2018-12-31,intermediate,intermediate,1979-01-01,2018-12-31,1979-01-01,2018-12-31,10957,10957,10957,1,0.999998,0.999998,0.999998,,0,0,,0,204,0,1,0,,311,311,True
3841,GSIM_US_0006152,08068275,"Spring Ck nr Tomball, TX",ok,False,497.029,481.738,1.03174,1999-09-09,2018-12-31,intermediate,complex,1999-09-09,2018-12-31,1979-01-01,2018-12-31,7054,7054,7054,1,0.999998,0.999998,0.999998,,0,0,,0,48,0,1,0,,729,729,True
3842,GSIM_US_0006158,08068720,"Cypress Ck at Katy-Hockley Rd nr Hockley, TX",ok,False,284.157,284.899,0.997395,1979-01-01,2018-12-31,complex,complex,1979-01-01,2018-12-31,1979-01-01,2018-12-31,14423,14423,14423,1,0.999998,0.999998,0.999998,,0,0,,0,467,0,1,0,,2818,2818,True
3843,GSIM_US_0006159,08068740,"Cypress Ck at House-Hahl Rd nr Cypress, TX",ok,False,354.61,339.288,1.04516,1979-01-01,2018-12-31,complex,complex,1979-01-01,2018-12-31,1979-01-01,2018-12-31,14610,14610,14610,1,0.999998,0.999998,0.999998,,0,0,,0,493,0,1,0,,180,180,True
3844,GSIM_US_0006165,08070500,"Caney Ck nr Splendora, TX",ok,False,309.917,271.949,1.13961,1979-01-01,2018-12-31,intermediate,complex,1979-01-01,2018-12-31,1979-01-01,2018-12-31,14610,14610,14610,1,0.999998,0.999998,0.999998,,0,0,,0,91,0,1,0,,0,0,True
3845,GSIM_US_0006166,08071000,"Peach Ck at Splendora, TX",ok,False,305.7,303.029,1.00881,1999-04-22,2018-12-31,complex,intermediate,1999-04-22,2018-12-31,1979-01-01,2018-12-31,7193,7193,7193,1,0.999998,0.999998,0.999998,,0,0,,0,50,0,1,0,,0,0,True
3846,GSIM_US_0006167,08071280,"Luce Bayou abv Lk Houston nr Huffman, TX",ok,False,395.64,564.617,0.700723,1984-05-01,2018-12-31,intermediate,complex,1984-05-01,2018-12-31,1979-01-01,2018-12-31,12636,12636,12636,1,0.999998,0.999998,0.999998,,0,0,,0,7,0,1,0,,519,519,True
3847,GSIM_US_0006193,08078000,"Chocolate Bayou nr Alvin, TX",ok,False,239.184,227.142,1.05301,1979-01-01,2018-12-31,intermediate,intermediate,1979-01-01,2018-12-31,1979-01-01,2018-12-31,14610,14610,14610,1,0.999998,0.999998,0.999998,,0,0,,0,354,0,1,0,,3,3,True
3848,GSIM_US_0006198,08080950,"Duck Ck nr Girard, TX",ok,False,1087.85,1116.28,0.974531,1979-01-01,1989-09-29,complex,complex,1979-01-01,1989-09-29,1979-01-01,2018-12-31,3925,3925,3925,1,0.999998,0.999998,0.999998,,0,0,,0,169,0,1,0,,122,122,True
3849,GSIM_US_0006200,08081200,"Croton Ck nr Jayton, TX",ok,False,777.488,751.097,1.03514,1979-01-01,1986-09-29,complex,intermediate,1979-01-01,1986-09-29,1979-01-01,2018-12-31,2829,2829,2829,1,0.999998,0.999998,0.999998,,0,0,,0,0,0,,0,,709,709,True
3850,GSIM_US_0006203,08082180,"N Croton Ck nr Knox City, TX",ok,False,643.058,650.087,0.989188,1979-01-01,1986-09-29,intermediate,complex,1979-01-01,1986-09-29,1979-01-01,2018-12-31,2829,2829,2829,1,0.999998,0.999998,0.999998,,0,0,,0,0,0,,0,,160,160,True
3851,GSIM_US_0006206,08083100,"Clear Fk Brazos Rv nr Roby, TX",ok,False,616.789,590.517,1.04449,1979-01-01,2018-12-31,complex,complex,1979-01-01,2018-12-31,1979-01-01,2018-12-31,14610,14610,14610,1,0.999998,0.999998,0.999998,,0,0,,0,91,0,1,0,,3773,3773,True
3852,GSIM_US_0006207,08083230,"Clear Fk Brazos Rv nr Noodle, TX",ok,False,2992.84,3045.83,0.982604,2001-10-01,2018-12-31,complex,complex,2001-10-01,2018-12-31,1979-01-01,2018-12-31,6301,6301,6301,1,0.999998,0.999998,0.999998,,0,0,,0,5,0,1,0,,1114,1114,True
3853,GSIM_US_0006209,08083245,"Mulberry Ck nr Hawley, TX",ok,False,539.91,530.948,1.01688,1979-01-01,1989-09-29,complex,intermediate,1979-01-01,1989-09-29,1979-01-01,2018-12-31,3925,3925,3925,1,0.999998,0.999998,0.999998,,0,0,,0,33,0,1,0,,1593,1593,True
3854,GSIM_US_0006212,08084800,"California Ck nr Stamford, TX",ok,False,1236.93,1238.01,0.999128,1979-01-01,2018-12-31,complex,complex,1979-01-01,2018-12-31,1979-01-01,2018-12-31,14610,14610,14610,1,0.999998,0.999998,0.999998,,0,0,,0,216,0,1,0,,770,770,True
3855,GSIM_US_0006214,08086050,"Deep Ck at Moran, TX",ok,False,596.845,608.647,0.98061,2002-08-21,2018-12-31,complex,complex,2002-08-21,2018-12-31,1979-01-01,2018-12-31,5977,5977,5977,1,0.999998,0.999998,0.999998,,0,0,,0,24,0,1,0,,2275,2275,True
3856,GSIM_US_0006215,08086150,"N Fk Hubbard Ck nr Albany, TX",ok,False,106.507,101.787,1.04638,1979-01-01,1990-09-29,complex,complex,1979-01-01,1990-09-29,1979-01-01,2018-12-31,4290,4290,4290,1,0.999998,0.999998,0.999998,,0,0,,0,0,0,,0,,12,12,True
3857,GSIM_US_0006221,08088300,"Briar Ck nr Graham, TX",ok,False,63.8441,62.6777,1.01861,1979-01-01,1989-09-29,complex,complex,1979-01-01,1989-09-29,1979-01-01,2018-12-31,3925,3925,3925,1,0.999998,0.999998,0.999998,,0,0,,0,0,0,,0,,2840,2840,True
3858,GSIM_US_0006222,08088450,"Big Cedar Ck nr Ivan, TX",ok,False,249.547,251.229,0.993305,1979-01-01,1989-09-29,intermediate,complex,1979-01-01,1989-09-29,1979-01-01,2018-12-31,3925,3925,3925,1,0.999998,0.999998,0.999998,,0,0,,0,8,0,1,0,,743,743,True
3859,GSIM_US_0006224,08091500,"Paluxy Rv at Glen Rose, TX",ok,False,1066.23,1061.9,1.00409,1979-01-01,2018-12-31,complex,complex,1979-01-01,2018-12-31,1979-01-01,2018-12-31,14610,14610,14610,1,0.999998,0.999998,0.999998,,0,0,,0,32,0,1,0,,830,830,True
3860,GSIM_US_0006231,08095000,"N Bosque Rv nr Clifton, TX",ok,False,2538.67,2507.11,1.01259,1979-01-01,2018-12-31,complex,complex,1979-01-01,2018-12-31,1979-01-01,2018-12-31,14610,14610,14610,1,0.999998,0.999998,0.999998,,0,0,,0,77,0,1,0,,103,103,True
3861,GSIM_US_0006232,08095200,"N Bosque Rv at Valley Mills, TX",ok,False,3009.55,2968.13,1.01395,1979-01-01,2018-12-31,complex,complex,1979-01-01,2018-12-31,1979-01-01,2018-12-31,13950,13950,13950,1,0.999998,0.999998,0.999998,,0,0,,0,186,0,1,0,,135,135,True
3862,GSIM_US_0006233,08095300,"Middle Bosque Rv nr McGregor, TX",ok,False,476.836,471.378,1.01158,1979-01-01,2018-12-31,complex,complex,1979-01-01,2018-12-31,1979-01-01,2018-12-31,6581,6581,6581,1,0.999998,0.999998,0.999998,,0,0,,0,67,0,1,0,,819,819,True
3863,GSIM_US_0006236,08098300,"Little Pond Ck nr Burlington, TX",ok,False,60.3455,59.5697,1.01302,1979-01-01,2018-12-31,complex,complex,1979-01-01,2018-12-31,1979-01-01,2018-12-31,7372,7372,7372,1,0.999998,0.999998,0.999998,,0,0,,0,84,0,1,0,,4438,4438,True
3864,GSIM_US_0006238,08099300,"Sabana Rv nr De Leon, TX",ok,False,699.044,683.757,1.02236,1979-01-01,2018-12-31,complex,complex,1979-01-01,2018-12-31,1979-01-01,2018-12-31,9972,9972,9972,1,0.999998,0.999998,0.999998,,0,0,,0,282,0,1,0,,3218,3218,True
3865,GSIM_US_0006244,08103800,"Lampasas Rv nr Kempner, TX",ok,False,2124.37,2118.61,1.00272,1979-01-01,2018-12-31,complex,complex,1979-01-01,2018-12-31,1979-01-01,2018-12-31,14610,14610,14610,1,0.999998,0.999998,0.999998,,0,0,,0,62,0,1,0,,0,0,True
3866,GSIM_US_0006254,08105100,"Berry Ck nr Georgetown, TX",ok,False,211.001,215.228,0.980359,1979-01-01,2003-09-29,complex,complex,1979-01-01,2003-09-29,1979-01-01,2018-12-31,9038,9038,9038,1,0.999998,0.999998,0.999998,,0,0,,0,44,0,1,0,,1464,1464,True
3867,GSIM_US_0006261,08110100,"Davidson Ck nr Lyons, TX",ok,False,503.227,505.048,0.996395,1979-01-01,2018-12-31,complex,complex,1979-01-01,2018-12-31,1979-01-01,2018-12-31,14610,14610,14610,1,0.999998,0.999998,0.999998,,0,0,,0,90,0,1,0,,2363,2363,True
3868,GSIM_US_0006262,08110325,"Navasota Rv abv Groesbeck, TX",ok,False,622.399,619.007,1.00548,1979-01-01,2018-12-31,complex,complex,1979-01-01,2018-12-31,1979-01-01,2018-12-31,14610,14610,14610,1,0.999998,0.999998,0.999998,,0,0,,0,40,0,1,0,,4023,4023,True
3869,GSIM_US_0006263,08110430,"Big Ck nr Freestone, TX",ok,False,255.684,251.747,1.01564,1979-01-01,2018-12-31,complex,complex,1979-01-01,2018-12-31,1979-01-01,2018-12-31,14610,14610,14610,1,0.999998,0.999998,0.999998,,0,0,,0,68,0,1,0,,3342,3342,True
3870,GSIM_US_0006267,08111700,"Mill Ck nr Bellville, TX",ok,False,976.681,973.836,1.00292,1979-01-01,2018-12-31,complex,complex,1979-01-01,2018-12-31,1979-01-01,2018-12-31,12216,12216,12216,1,0.999998,0.999998,0.999998,,0,0,,0,521,0,1,0,,96,96,True
3871,GSIM_US_0006269,08115000,"Big Ck nr Needville, TX",ok,False,110.045,110.851,0.992726,1979-01-01,2018-12-31,intermediate,complex,1979-01-01,2018-12-31,1979-01-01,2018-12-31,14379,14379,14379,1,0.999998,0.999998,0.999998,,0,0,,0,287,0,1,0,,1,1,True
3872,GSIM_US_0006271,08117500,"San Bernard Rv nr Boling, TX",ok,False,1794.47,1882.92,0.953027,1979-01-01,2018-12-31,complex,complex,1979-01-01,2018-12-31,1979-01-01,2018-12-31,14610,14610,14610,1,0.999998,0.999998,0.999998,,0,0,,0,255,0,1,0,,0,0,True
3873,GSIM_US_0006273,08120500,"Deep Ck nr Dunn, TX",ok,False,515.239,512.818,1.00472,1979-01-01,2018-12-31,intermediate,complex,1979-01-01,2018-12-31,1979-01-01,2018-12-31,9200,9200,9200,1,0.999998,0.999998,0.999998,,0,0,,0,84,0,1,0,,2023,2023,True
3874,GSIM_US_0006283,08128000,"S Concho Rv at Christoval, TX",ok,False,1053.12,1069.67,0.984532,1979-01-01,2018-12-31,complex,complex,1979-01-01,2018-12-31,1979-01-01,2018-12-31,12571,12571,12571,1,0.999998,0.999998,0.999998,,0,0,,0,197,0,1,0,,0,0,True
3875,GSIM_US_0006286,08129300,"Spring Ck abv Tankersley, TX",ok,False,1085.95,1100.74,0.986557,1979-01-01,1995-09-30,complex,complex,1979-01-01,1995-09-30,1979-01-01,2018-12-31,6117,6117,6117,1,0.999998,0.999998,0.999998,,0,0,,0,64,0,1,0,,152,152,True
3876,GSIM_US_0006287,08130500,"Dove Ck at Knickerbocker, TX",ok,False,606.868,585.337,1.03678,1979-01-01,2018-10-19,complex,complex,1979-01-01,2018-10-19,1979-01-01,2018-12-31,6485,6485,6485,1,0.999998,0.999998,0.999998,,0,0,,0,53,0,1,0,,6,6,True
3877,GSIM_US_0006288,08130700,"Spring Ck abv Twin Buttes Res nr San Angelo, TX",ok,False,1749.72,1781.91,0.981933,2001-10-01,2018-12-31,complex,complex,2001-10-01,2018-12-31,1979-01-01,2018-12-31,6134,6134,6134,1,0.999998,0.999998,0.999998,,0,0,,0,78,0,1,0,,2180,2180,True
3878,GSIM_US_0006289,08131400,"Pecan Ck nr San Angelo, TX",ok,False,208.927,210.048,0.994665,1979-01-01,2018-12-31,complex,complex,1979-01-01,2018-12-31,1979-01-01,2018-12-31,9205,9205,9205,1,0.999998,0.999998,0.999998,,0,0,,0,14,0,1,0,,6988,6988,True
3879,GSIM_US_0006293,08134000,"N Concho Rv nr Carlsbad, TX",ok,False,3214.5,3278.92,0.980352,1979-01-01,2018-12-31,complex,complex,1979-01-01,2018-12-31,1979-01-01,2018-12-31,14610,14610,14610,1,0.999998,0.999998,0.999998,,0,0,,0,204,0,1,0,,5908,5908,True
3880,GSIM_US_0006295,08134250,"N Concho Rv nr Grape Creek, TX",ok,False,3603.32,3625.98,0.993749,2000-02-14,2018-12-31,complex,complex,2000-02-14,2018-12-31,1979-01-01,2018-12-31,6448,6448,6448,1,0.999998,0.999998,0.999998,,0,0,,0,9,0,1,0,,4867,4867,True
3881,GSIM_US_0006305,08144500,"San Saba Rv at Menard, TX",ok,False,2947.01,2939.64,1.00251,1979-01-01,2018-12-31,complex,complex,1979-01-01,2018-12-31,1979-01-01,2018-12-31,13149,13149,13149,1,0.999998,0.999998,0.999998,,0,0,,0,159,0,1,0,,0,0,True
3882,GSIM_US_0006306,08144600,"San Saba Rv nr Brady, TX",ok,False,4245.55,4229.45,1.00381,1979-07-01,2012-09-29,complex,complex,1979-07-01,2012-09-29,1979-01-01,2018-12-31,10684,10684,10684,1,0.999998,0.999998,0.999998,,0,0,,0,132,0,1,0,,112,112,True
3883,GSIM_US_0006307,08144800,"Brady Ck nr Eden, TX",ok,False,261.648,261.589,1.00023,1979-01-01,1985-10-09,simple,complex,1979-01-01,1985-10-09,1979-01-01,2018-12-31,2474,2474,2474,1,0.999998,0.999998,0.999998,,0,0,,0,0,0,,0,,369,369,True
3884,GSIM_US_0006310,08148500,"N Llano Rv nr Junction, TX",ok,False,2347.48,2367.25,0.991651,2001-06-13,2018-12-31,complex,complex,2001-06-13,2018-12-31,1979-01-01,2018-12-31,6411,6411,6411,1,0.999998,0.999998,0.999998,,0,0,,0,360,0,1,0,,577,577,True
3885,GSIM_US_0006311,08150000,"Llano Rv nr Junction, TX",ok,False,4784.81,4801.84,0.996453,1979-01-01,2018-12-31,complex,complex,1979-01-01,2018-12-31,1979-01-01,2018-12-31,13006,13006,13006,1,0.999998,0.999998,0.999998,,0,0,,0,29,0,1,0,,0,0,True
3886,GSIM_US_0006312,08150700,"Llano Rv nr Mason, TX",ok,False,8398.89,8409.69,0.998715,1979-01-01,2018-12-31,complex,complex,1979-01-01,2018-12-31,1979-01-01,2018-12-31,13005,13005,13005,1,0.999998,0.999998,0.999998,,0,0,,0,60,0,1,0,,0,0,True
3887,GSIM_US_0006314,08151500,"Llano Rv at Llano, TX",ok,False,10892,10870.2,1.00201,1979-01-01,2018-12-31,complex,complex,1979-01-01,2018-12-31,1979-01-01,2018-12-31,14610,14610,14610,1,0.999998,0.999998,0.999998,,0,0,,0,82,0,1,0,,2,2,True
3888,GSIM_US_0006315,08152000,"Sandy Ck nr Kingsland, TX",ok,False,904.935,896.136,1.00982,1979-01-01,2018-12-31,complex,intermediate,1979-01-01,2018-12-31,1979-01-01,2018-12-31,12966,12966,12966,1,0.999998,0.999998,0.999998,,0,0,,0,36,0,1,0,,1518,1518,True
3889,GSIM_US_0006316,08152900,"Pedernales Rv nr Fredericksburg, TX",ok,False,954.477,955.706,0.998715,1979-06-28,2018-12-31,complex,intermediate,1979-06-28,2018-12-31,1979-01-01,2018-12-31,12655,12655,12655,1,0.999998,0.999998,0.999998,,0,0,,0,175,0,1,0,,255,255,True
3890,GSIM_US_0006317,08153500,"Pedernales Rv nr Johnson City, TX",ok,False,2319.73,2333.58,0.994067,1979-01-01,2018-12-31,complex,complex,1979-01-01,2018-12-31,1979-01-01,2018-12-31,14610,14610,14610,1,0.999998,0.999998,0.999998,,0,0,,0,114,0,1,0,,526,526,True
3891,GSIM_US_0006320,08155240,"Barton Ck at Lost Ck Blvd nr Austin, TX",ok,False,270.004,277.129,0.974292,1988-12-28,2018-12-31,intermediate,complex,1988-12-28,2018-12-31,1979-01-01,2018-12-31,10961,10961,10961,1,0.999998,0.999998,0.999998,,0,0,,0,70,0,1,0,,264,264,True
3892,GSIM_US_0006347,08160800,"Redgate Ck nr Columbus, TX",ok,False,45.7106,44.8068,1.02017,1979-01-01,2018-12-31,complex,complex,1979-01-01,2018-12-31,1979-01-01,2018-12-31,14609,14609,14609,1,0.999998,0.999998,0.999998,,0,0,,0,186,0,1,0,,520,520,True
3893,GSIM_US_0006349,08162600,"Tres Palacios Rv nr Midfield, TX",ok,False,436.02,375.548,1.16102,1979-01-01,2018-12-31,intermediate,complex,1979-01-01,2018-12-31,1979-01-01,2018-12-31,14610,14610,14610,1,0.999998,0.999998,0.999998,,0,0,,0,122,0,1,0,,0,0,True
3894,GSIM_US_0006350,08163500,"Lavaca Rv at Hallettsville, TX",ok,False,275.072,279.719,0.983387,1979-01-01,2018-12-31,complex,complex,1979-01-01,2018-12-31,1979-01-01,2018-12-31,6210,6210,6210,1,0.999998,0.999998,0.999998,,0,0,,0,198,0,1,0,,6,6,True
3895,GSIM_US_0006353,08164390,"Navidad Rv at Strane Pk nr Edna, TX",ok,False,1507.86,1499.6,1.00551,1996-10-01,2018-12-31,complex,intermediate,1996-10-01,2018-12-31,1979-01-01,2018-12-31,8126,8126,8126,1,0.999998,0.999998,0.999998,,0,0,,0,127,0,1,0,,607,607,True
3896,GSIM_US_0006354,08164450,"Sandy Ck nr Ganado, TX",ok,False,906.335,748.507,1.21086,1979-01-01,2018-12-31,intermediate,intermediate,1979-01-01,2018-12-31,1979-01-01,2018-12-31,14243,14243,14243,1,0.999998,0.999998,0.999998,,0,0,,0,232,0,1,0,,866,866,True
3897,GSIM_US_0006356,08164503,"W Mustang Ck nr Ganado, TX",ok,False,417.959,461.018,0.9066,1979-01-01,2018-12-31,intermediate,intermediate,1979-01-01,2018-12-31,1979-01-01,2018-12-31,14609,14609,14609,1,0.999998,0.999998,0.999998,,0,0,,0,162,0,1,0,,127,127,True
3898,GSIM_US_0006357,08164504,"E Mustang Ck nr Louise, TX",ok,False,104.023,139.6,0.745149,1996-10-01,2018-12-31,complex,complex,1996-10-01,2018-12-31,1979-01-01,2018-12-31,8127,8127,8127,1,0.999998,0.999998,0.999998,,0,0,,0,214,0,1,0,,1871,1871,True
3899,GSIM_US_0006359,08164800,"Placedo Ck nr Placedo, TX",ok,False,114.931,176.896,0.649711,1979-01-01,2018-12-31,complex,intermediate,1979-01-01,2018-12-31,1979-01-01,2018-12-31,14610,14610,14610,1,0.999998,0.999998,0.999998,,0,0,,0,88,0,1,0,,965,965,True
3900,GSIM_US_0006361,08165500,"Guadalupe Rv at Hunt, TX",ok,False,761.306,745.917,1.02063,1979-01-01,2018-12-31,complex,complex,1979-01-01,2018-12-31,1979-01-01,2018-12-31,14588,14588,14588,1,0.999998,0.999998,0.999998,,0,0,,0,65,0,1,0,,0,0,True
3901,GSIM_US_0006362,08166000,"Johnson Ck nr Ingram, TX",ok,False,295.63,295.259,1.00126,1979-01-01,2018-12-31,complex,complex,1979-01-01,2018-12-31,1979-01-01,2018-12-31,12582,12582,12582,1,0.999998,0.999998,0.999998,,0,0,,0,151,0,1,0,,0,0,True
3902,GSIM_US_0006363,08166140,"Guadalupe Rv abv Bear Ck at Kerrville, TX",ok,False,1243.13,1279.45,0.971608,1979-01-01,2018-12-31,complex,complex,1979-01-01,2018-12-31,1979-01-01,2018-12-31,9776,9776,9776,1,0.999998,0.999998,0.999998,,0,0,,0,93,0,1,0,,0,0,True
3903,GSIM_US_0006364,08166200,"Guadalupe Rv at Kerrville, TX",ok,False,1262.85,1320.89,0.95606,1986-06-12,2018-12-31,complex,complex,1986-06-12,2018-12-31,1979-01-01,2018-12-31,11891,11891,11891,1,0.999998,0.999998,0.999998,,0,0,,0,272,0,1,0,,0,0,True
3904,GSIM_US_0006366,08167000,"Guadalupe Rv at Comfort, TX",ok,False,2170.79,2173,0.998983,1979-01-01,2018-12-31,complex,intermediate,1979-01-01,2018-12-31,1979-01-01,2018-12-31,14610,14610,14610,1,0.999998,0.999998,0.999998,,0,0,,0,220,0,1,0,,6,6,True
3905,GSIM_US_0006367,08167500,"Guadalupe Rv nr Spring Branch, TX",ok,False,3421.89,3405.83,1.00471,1979-01-01,2018-12-31,complex,intermediate,1979-01-01,2018-12-31,1979-01-01,2018-12-31,14610,14610,14610,1,0.999998,0.999998,0.999998,,0,0,,0,213,0,1,0,,189,189,True
3906,GSIM_US_0006371,08169000,"Comal Rv at New Braunfels, TX",ok,True,289.04,336.698,0.858453,1979-01-01,2018-12-31,intermediate,complex,1979-01-01,2018-12-31,1979-01-01,2018-12-31,14610,14610,14610,1,0.999998,0.999998,0.999998,,0,0,,0,41,0,1,0,,0,0,True
3907,GSIM_US_0006373,08170500,"San Marcos Rv at San Marcos, TX",ok,True,123.811,126.65,0.977583,1994-10-01,2018-12-31,intermediate,complex,1994-10-01,2018-12-31,1979-01-01,2018-12-31,8858,8858,8858,1,0.999998,0.999998,0.999998,,0,0,,0,48,0,1,0,,0,0,True
3908,GSIM_US_0006374,08171000,"Blanco Rv at Wimberley, TX",ok,False,920.58,919.446,1.00123,1979-01-01,2018-12-31,intermediate,complex,1979-01-01,2018-12-31,1979-01-01,2018-12-31,14610,14610,14610,1,0.999998,0.999998,0.999998,,0,0,,0,84,0,1,0,,0,0,True
3909,GSIM_US_0006375,08171290,"Blanco Rv at Halifax Rch nr Kyle, TX",ok,False,1021.32,1012.69,1.00853,2008-12-19,2018-12-31,complex,intermediate,2008-12-19,2018-12-31,1979-01-01,2018-12-31,1908,1908,1908,1,0.999998,0.999998,0.999998,,0,0,,0,54,0,1,0,,0,0,True
3910,GSIM_US_0006377,08172000,"San Marcos Rv at Luling, TX",ok,False,2177.1,2170.41,1.00308,1979-01-01,2018-12-31,complex,complex,1979-01-01,2018-12-31,1979-01-01,2018-12-31,14610,14610,14610,1,0.999998,0.999998,0.999998,,0,0,,0,256,0,1,0,,0,0,True
3911,GSIM_US_0006378,08172400,"Plum Ck at Lockhart, TX",ok,False,294.17,290.079,1.0141,1979-01-01,2018-12-31,complex,complex,1979-01-01,2018-12-31,1979-01-01,2018-12-31,14610,14610,14610,1,0.999998,0.999998,0.999998,,0,0,,0,151,0,1,0,,4380,4380,True
3912,GSIM_US_0006379,08173000,"Plum Ck nr Luling, TX",ok,False,920.453,800.306,1.15013,1979-01-01,2018-12-31,complex,complex,1979-01-01,2018-12-31,1979-01-01,2018-12-31,11762,11762,11762,1,0.999998,0.999998,0.999998,,0,0,,0,113,0,1,0,,0,0,True
3913,GSIM_US_0006381,08174600,"Peach Ck bl Dilworth, TX",ok,False,1222.26,1191.39,1.0259,1979-01-01,2018-12-31,intermediate,complex,1979-01-01,2018-12-31,1979-01-01,2018-12-31,6964,6964,6964,1,0.999998,0.999998,0.999998,,0,0,,0,41,0,1,0,,44,44,True
3914,GSIM_US_0006387,08177300,"Perdido Ck at FM 622 nr Fannin, TX",ok,False,74.0486,72.5197,1.02108,1979-01-01,2018-12-31,complex,complex,1979-01-01,2018-12-31,1979-01-01,2018-12-31,10865,10865,10865,1,0.999998,0.999998,0.999998,,0,0,,0,116,0,1,0,,2607,2607,True
3915,GSIM_US_0006394,08179000,"Medina Rv nr Pipe Creek, TX",ok,False,1237.39,1227.65,1.00793,1979-01-01,1982-10-19,intermediate,intermediate,1979-01-01,1982-10-19,1979-01-01,2018-12-31,1388,1388,1388,1,0.999998,0.999998,0.999998,,0,0,,0,0,0,,0,,0,0,True
3916,GSIM_US_0006400,08181400,"Helotes Ck at Helotes, TX",ok,False,39.9699,38.8498,1.02883,1979-01-01,2018-12-31,intermediate,complex,1979-01-01,2018-12-31,1979-01-01,2018-12-31,14246,14246,14246,1,0.999998,0.999998,0.999998,,0,0,,0,205,0,1,0,,11033,11033,True
3917,GSIM_US_0006406,08183890,"Cibolo Ck at Cibolo Nature Cntr nr Boerne, TX",ok,False,157.87,145.816,1.08267,2005-11-09,2013-10-30,complex,complex,2005-11-09,2013-10-30,1979-01-01,2018-12-31,2913,2913,2913,1,0.999998,0.999998,0.999998,,0,0,,0,42,0,1,0,,0,0,True
3918,GSIM_US_0006407,08183900,"Cibolo Ck nr Boerne, TX",ok,False,158.73,177.155,0.895993,1979-01-01,2018-12-31,intermediate,complex,1979-01-01,2018-12-31,1979-01-01,2018-12-31,8937,8937,8937,1,0.999998,0.999998,0.999998,,0,0,,0,0,0,,0,,10,10,True
3919,GSIM_US_0006408,08185000,"Cibolo Ck at Selma, TX",ok,False,702.537,709.657,0.989968,1979-01-01,2018-12-31,intermediate,intermediate,1979-01-01,2018-12-31,1979-01-01,2018-12-31,14531,14531,14531,1,0.999998,0.999998,0.999998,,0,0,,0,119,0,1,0,,13341,13341,True
3920,GSIM_US_0006411,08185500,"Cibolo Ck at Sutherland Springs, TX",ok,False,1680.79,1722.34,0.975874,2005-12-21,2018-12-31,complex,complex,2005-12-21,2018-12-31,1979-01-01,2018-12-31,4759,4759,4759,1,0.999998,0.999998,0.999998,,0,0,,0,2,0,1,0,,0,0,True
3921,GSIM_US_0006412,08186000,"Cibolo Ck nr Falls City, TX",ok,False,2139.25,2141.92,0.998753,1979-01-01,2018-12-31,intermediate,intermediate,1979-01-01,2018-12-31,1979-01-01,2018-12-31,14610,14610,14610,1,0.999998,0.999998,0.999998,,0,0,,0,97,0,1,0,,15,15,True
3922,GSIM_US_0006413,08186500,"Ecleto Ck nr Runge, TX",ok,False,616.888,619.007,0.996576,1979-01-01,2018-12-31,complex,complex,1979-01-01,2018-12-31,1979-01-01,2018-12-31,9861,9861,9861,1,0.999998,0.999998,0.999998,,0,0,,0,9,0,1,0,,2639,2639,True
3923,GSIM_US_0006417,08189200,"Copano Ck nr Refugio, TX",ok,False,222.642,227.401,0.979071,1979-01-01,2018-12-31,complex,complex,1979-01-01,2018-12-31,1979-01-01,2018-12-31,14610,14610,14610,1,0.999998,0.999998,0.999998,,0,0,,0,318,0,1,0,,8421,8421,True
3924,GSIM_US_0006418,08189300,"Medio Ck nr Beeville, TX",ok,False,523.355,528.358,0.990532,2001-09-14,2018-12-31,complex,complex,2001-09-14,2018-12-31,1979-01-01,2018-12-31,6318,6318,6318,1,0.999998,0.999998,0.999998,,0,0,,0,148,0,1,0,,2808,2808,True
3925,GSIM_US_0006420,08189700,"Aransas Rv nr Skidmore, TX",ok,False,642.188,639.727,1.00385,1979-01-01,2018-12-31,complex,complex,1979-01-01,2018-12-31,1979-01-01,2018-12-31,14610,14610,14610,1,0.999998,0.999998,0.999998,,0,0,,0,367,0,1,0,,217,217,True
3926,GSIM_US_0006421,08189800,"Chiltipin Ck at Sinton, TX",ok,False,382.579,331.518,1.15402,1979-01-01,1991-09-29,complex,intermediate,1979-01-01,1991-09-29,1979-01-01,2018-12-31,4655,4655,4655,1,0.999998,0.999998,0.999998,,0,0,,0,604,0,1,0,,757,757,True
3927,GSIM_US_0006424,08192000,"Nueces Rv bl Uvalde, TX",ok,False,4834.4,4819.97,1.00299,1979-01-01,2018-12-31,complex,complex,1979-01-01,2018-12-31,1979-01-01,2018-12-31,14610,14610,14610,1,0.999998,0.999998,0.999998,,0,0,,0,309,0,1,0,,1089,1089,True
3928,GSIM_US_0006425,08193000,"Nueces Rv nr Asherton, TX",ok,False,10604.8,10572.3,1.00307,1979-01-01,2018-12-31,intermediate,complex,1979-01-01,2018-12-31,1979-01-01,2018-12-31,14244,14244,14244,1,0.999998,0.999998,0.999998,,0,0,,0,97,0,1,0,,6098,6098,True
3929,GSIM_US_0006428,08194500,"Nueces Rv nr Tilden, TX",ok,False,21110.2,20960.8,1.00713,1979-01-01,2018-12-31,complex,,1979-01-01,2018-12-31,1979-01-01,2018-12-31,14567,14567,14567,1,0.999998,0.999998,0.999998,,0,0,,0,70,0,1,0,,3375,3375,True
3930,GSIM_US_0006431,08197500,"Frio Rv bl Dry Frio Rv nr Uvalde, TX",ok,False,1644.47,1634.28,1.00623,1979-01-01,2018-12-31,complex,intermediate,1979-01-01,2018-12-31,1979-01-01,2018-12-31,14608,14608,14608,1,0.999998,0.999998,0.999998,,0,0,,0,276,0,1,0,,12826,12826,True
3931,GSIM_US_0006432,08198000,"Sabinal Rv nr Sabinal, TX",ok,False,559.758,533.538,1.04914,1979-01-01,2018-12-31,complex,intermediate,1979-01-01,2018-12-31,1979-01-01,2018-12-31,14609,14609,14609,1,0.999998,0.999998,0.999998,,0,0,,0,495,0,1,0,,871,871,True
3932,GSIM_US_0006435,08200700,"Hondo Ck at King Waterhole nr Hondo, TX",ok,False,402.456,388.498,1.03593,1979-01-01,2006-07-23,intermediate,intermediate,1979-01-01,2006-07-23,1979-01-01,2018-12-31,10066,10066,10066,1,0.999998,0.999998,0.999998,,0,0,,0,10,0,1,0,,9224,9224,True
3933,GSIM_US_0006437,08200977,"Middle Verde Ck at SH 173 nr Bandera, TX",ok,False,96.8387,100.751,0.961173,2006-10-14,2018-12-31,complex,complex,2006-10-14,2018-12-31,1979-01-01,2018-12-31,4457,4457,4457,1,0.999998,0.999998,0.999998,,0,0,,0,37,0,1,0,,3229,3229,True
3934,GSIM_US_0006438,08201500,"Seco Ck at Miller Rh nr Utopia, TX",ok,False,121.671,116.549,1.04394,1979-01-01,2018-12-31,complex,intermediate,1979-01-01,2018-12-31,1979-01-01,2018-12-31,14609,14609,14609,1,0.999998,0.999998,0.999998,,0,0,,0,155,0,1,0,,1618,1618,True
3935,GSIM_US_0006440,08204005,"Leona Rv nr Uvalde, TX",ok,False,344.95,341.878,1.00898,2003-03-01,2018-12-31,complex,complex,2003-03-01,2018-12-31,1979-01-01,2018-12-31,5784,5784,5784,1,0.999998,0.999998,0.999998,,0,0,,0,45,0,1,0,,2252,2252,True
3936,GSIM_US_0006441,08205500,"Frio Rv nr Derby, TX",ok,False,8947.58,8881.07,1.00749,1979-01-01,2018-12-31,complex,complex,1979-01-01,2018-12-31,1979-01-01,2018-12-31,13148,13148,13148,1,0.999998,0.999998,0.999998,,0,0,,0,68,0,1,0,,4103,4103,True
3937,GSIM_US_0006442,08206600,"Frio Rv at Tilden, TX",ok,False,11566.3,11636.8,0.993942,1979-01-01,2018-12-31,complex,,1979-01-01,2018-12-31,1979-01-01,2018-12-31,14610,14610,14610,1,0.999998,0.999998,0.999998,,0,0,,0,159,0,1,0,,945,945,True
3938,GSIM_US_0006443,08206700,"San Miguel Ck nr Tilden, TX",ok,False,2039.78,2027.96,1.00583,1989-09-30,2018-12-31,intermediate,complex,1989-09-30,2018-12-31,1979-01-01,2018-12-31,10252,10252,10252,1,0.999998,0.999998,0.999998,,0,0,,0,75,0,1,0,,5696,5696,True
3939,GSIM_US_0006446,08207500,"Atascosa Rv nr McCoy, TX",ok,False,1336.83,1372.69,0.973871,2002-08-26,2018-12-31,complex,complex,2002-08-26,2018-12-31,1979-01-01,2018-12-31,5972,5972,5972,1,0.999998,0.999998,0.999998,,0,0,,0,60,0,1,0,,665,665,True
3940,GSIM_US_0006447,08208000,"Atascosa Rv at Whitsett, TX",ok,False,2988.31,3032.88,0.985306,1979-01-01,2018-12-31,complex,complex,1979-01-01,2018-12-31,1979-01-01,2018-12-31,14337,14337,14337,1,0.999998,0.999998,0.999998,,0,0,,0,145,0,1,0,,649,649,True
3941,GSIM_US_0006452,08211520,"Oso Ck at Corpus Christi, TX",ok,False,234.527,233.876,1.00278,1979-01-01,2018-12-31,intermediate,intermediate,1979-01-01,2018-12-31,1979-01-01,2018-12-31,14610,14610,14610,1,0.999998,0.999998,0.999998,,0,0,,0,186,0,1,0,,0,0,True
3942,GSIM_US_0006453,08211800,"San Diego Ck at Alice, TX",ok,False,522.272,826.206,0.632133,1979-01-01,1987-09-28,complex,intermediate,1979-01-01,1987-09-28,1979-01-01,2018-12-31,3193,3193,3193,1,0.999998,0.999998,0.999998,,0,0,,0,0,0,,0,,1388,1388,True
3943,GSIM_US_0006454,08211900,"San Fernando Ck at Alice, TX",ok,False,990.384,1313.12,0.75422,1979-01-01,2018-12-31,intermediate,complex,1979-01-01,2018-12-31,1979-01-01,2018-12-31,10200,10200,10200,1,0.999998,0.999998,0.999998,,0,0,,0,144,0,1,0,,0,0,True
3944,GSIM_US_0006575,08386505,"RIO RUIDOSO AT RUIDOSO, NM",ok,False,49.0144,47.3968,1.03413,1998-10-30,2018-12-31,complex,complex,1998-10-30,2018-12-31,1979-01-01,2018-12-31,7367,7367,7367,1,0.999998,0.999998,0.999998,,0,0,,0,578,0,1,0,,0,0,True
3945,GSIM_US_0006576,08387000,"RIO RUIDOSO AT HOLLYWOOD, NM",ok,False,299.471,310.799,0.963553,1979-01-01,2018-12-31,complex,complex,1979-01-01,2018-12-31,1979-01-01,2018-12-31,14610,14610,14610,1,0.999998,0.999998,0.999998,,0,0,,0,490,0,1,0,,3,3,True
3946,GSIM_US_0006577,08387600,"EAGLE CREEK BELOW SOUTH FORK NEAR ALTO, NM",ok,False,21.6823,21.0825,1.02845,1979-01-01,2018-12-31,complex,complex,1979-01-01,2018-12-31,1979-01-01,2018-12-31,11572,11572,11572,1,0.999998,0.999998,0.999998,,0,0,,0,1287,0,1,0,,1865,1865,True
3947,GSIM_US_0006578,08390500,"RIO HONDO AT DIAMOND A RANCH NR ROSWELL, NM",ok,False,2448.33,2452.72,0.998212,1979-01-01,2018-12-31,complex,complex,1979-01-01,2018-12-31,1979-01-01,2018-12-31,14610,14610,14610,1,0.999998,0.999998,0.999998,,0,0,,0,414,0,1,0,,8987,8987,True
3948,GSIM_US_0006579,08390800,"RIO HONDO BLW DIAMOND A DAM NR ROSWELL, NM",ok,False,2499.15,2494.16,1.002,1979-01-01,2018-12-31,complex,complex,1979-01-01,2018-12-31,1979-01-01,2018-12-31,14610,14610,14610,1,0.999998,0.999998,0.999998,,0,0,,0,620,0,1,0,,9875,9875,True
3949,GSIM_US_0006580,08393610,"RIO HONDO NEAR ROSWELL, NM",ok,False,4314.15,7510.97,0.57438,1997-06-01,2018-12-31,complex,complex,1997-06-01,2018-12-31,1979-01-01,2018-12-31,7834,7834,7834,1,0.999998,0.999998,0.999998,,0,0,,0,186,0,1,0,,25,25,True
3950,GSIM_US_0006586,08397600,"RIO PENASCO NEAR DUNKEN, NM",ok,False,1496.02,1509.96,0.990768,2000-02-19,2017-08-24,complex,complex,2000-02-19,2017-08-24,1979-01-01,2018-12-31,6396,6396,6396,1,0.999998,0.999998,0.999998,,0,0,,0,478,0,1,0,,83,83,True
3951,GSIM_US_0006587,08397620,"RIO PENASCO NEAR HOPE, NM",ok,False,1635.91,1748.24,0.935743,2000-02-19,2018-12-31,complex,intermediate,2000-02-19,2018-12-31,1979-01-01,2018-12-31,6891,6891,6891,1,0.999998,0.999998,0.999998,,0,0,,0,520,0,1,0,,1377,1377,True
3952,GSIM_US_0006594,08405500,"BLACK RIVER ABOVE MALAGA, NM",ok,False,964.894,960.886,1.00417,1979-01-01,2018-12-31,intermediate,complex,1979-01-01,2018-12-31,1979-01-01,2018-12-31,14610,14610,14610,1,0.999998,0.999998,0.999998,,0,0,,0,274,0,1,0,,0,0,True
3953,GSIM_US_0006595,08406000,"BLACK RIVER AT MALAGA, NM",ok,False,1007.42,1002.33,1.00509,2000-02-24,2018-12-31,complex,complex,2000-02-24,2018-12-31,1979-01-01,2018-12-31,6885,6885,6885,1,0.999998,0.999998,0.999998,,0,0,,0,418,0,1,0,,4,4,True
3954,GSIM_US_0006596,08408500,"DELAWARE RIVER NR RED BLUFF, NM",ok,False,2010.79,1784.5,1.12681,1979-01-01,2018-12-31,complex,complex,1979-01-01,2018-12-31,1979-01-01,2018-12-31,14610,14610,14610,1,0.999998,0.999998,0.999998,,0,0,,0,349,0,1,0,,1786,1786,True
3955,GSIM_US_0006600,08447020,"Independence Ck nr Sheffield, TX",ok,False,1999.66,1976.16,1.01189,1979-01-01,2018-12-31,intermediate,complex,1979-01-01,2018-12-31,1979-01-01,2018-12-31,8396,8396,8396,1,0.999998,0.999998,0.999998,,0,0,,0,15,0,1,0,,0,0,True
3956,GSIM_US_0006602,08477110,"MIMBRES RIVER AT MIMBRES, NM",ok,False,491.5,476.558,1.03136,1979-01-01,2018-12-31,complex,complex,1979-01-01,2018-12-31,1979-01-01,2018-12-31,14165,14165,14165,1,0.999998,0.999998,0.999998,,0,0,,0,401,0,1,0,,16,16,True
3957,GSIM_US_0006603,08481500,"TULAROSA CREEK NEAR BENT, NM",ok,False,340.038,310.799,1.09408,1979-01-01,2018-12-31,complex,complex,1979-01-01,2018-12-31,1979-01-01,2018-12-31,12578,12578,12578,1,0.999998,0.999998,0.999998,,0,0,,0,373,0,1,0,,0,0,True
3958,GSIM_US_0006993,09397500,"CHEVELON FORK BELOW WILDCAT CANYON, NR WINSLOW, AZ",ok,False,707.909,701.887,1.00858,1995-10-01,2018-12-31,intermediate,,1995-10-01,2018-12-31,1979-01-01,2018-12-31,8493,8493,8493,1,0.999998,0.999998,0.999998,,0,0,,0,56,0,1,0,,6567,6567,True
3959,GSIM_US_0007002,09401260,"MOENKOPI WASH AT MOENKOPI, AZ",ok,False,4140.6,4219.09,0.981397,1979-01-01,2018-12-31,complex,complex,1979-01-01,2018-12-31,1979-01-01,2018-12-31,14610,14610,14610,1,0.999998,0.999998,0.999998,,0,0,,0,1578,0,1,0,,3054,3054,True
3960,GSIM_US_0007007,09404115,"HAVASU CREEK ABOVE THE MOUTH, NEAR SUPAI, AZ",ok,False,7716.68,7821.76,0.986565,1995-10-01,2018-12-31,complex,complex,1995-10-01,2018-12-31,1979-01-01,2018-12-31,6558,6558,6558,1,0.999998,0.999998,0.999998,,0,0,,0,232,0,1,0,,0,0,True
3961,GSIM_US_0007051,09424447,"BURRO CREEK AT OLD US 93 BRIDGE, NEAR BAGDAD, AZ",ok,False,1577.87,1582.48,0.997087,1980-07-25,2018-12-31,complex,complex,1980-07-25,2018-12-31,1979-01-01,2018-12-31,9840,9840,9840,1,0.999998,0.999998,0.999998,,0,0,,0,941,0,1,0,,1072,1072,True
3962,GSIM_US_0007052,09424450,"BIG SANDY RIVER NEAR WIKIEUP, AZ",ok,False,7100.52,7101.75,0.999828,1979-01-01,2018-12-31,complex,complex,1979-01-01,2018-12-31,1979-01-01,2018-12-31,14610,14610,14610,1,0.999998,0.999998,0.999998,,0,0,,0,1129,0,1,0,,0,0,True
3963,GSIM_US_0007053,09424900,"SANTA MARIA RIVER NEAR BAGDAD, AZ",ok,False,2936.3,2924.1,1.00417,1979-01-01,2018-12-31,complex,complex,1979-01-01,2018-12-31,1979-01-01,2018-12-31,13506,13506,13506,1,0.999998,0.999998,0.999998,,0,0,,0,1161,0,1,0,,9415,9415,True
3964,GSIM_US_0007054,09426000,"BILL WILLIAMS RIVER BELOW ALAMO DAM, AZ",ok,False,11987.2,11999.4,0.998982,1979-01-01,2018-12-31,complex,complex,1979-01-01,2018-12-31,1979-01-01,2018-12-31,14610,14610,14610,1,0.999998,0.999998,0.999998,,0,0,,0,1492,0,1,0,,15,15,True
3965,GSIM_US_0007055,09426620,"BILL WILLIAMS RIVER NEAR PARKER, AZ",ok,False,13851,13822.8,1.00204,1988-10-01,2018-12-31,complex,complex,1988-10-01,2018-12-31,1979-01-01,2018-12-31,11049,11049,11049,1,0.999998,0.999998,0.999998,,0,0,,0,3602,0,1,0,,3142,3142,True
3966,GSIM_US_0007058,09431500,"GILA RIVER NEAR REDROCK, NM",ok,False,7252.26,7327.08,0.989789,1979-01-01,2018-12-31,complex,complex,1979-01-01,2018-12-31,1979-01-01,2018-12-31,14609,14609,14609,1,0.999998,0.999998,0.999998,,0,0,,0,289,0,1,0,,0,0,True
3967,GSIM_US_0007067,09444500,"SAN FRANCISCO RIVER AT CLIFTON, AZ",ok,False,7226.29,7163.91,1.00871,1979-01-01,2018-12-31,complex,complex,1979-01-01,2018-12-31,1979-01-01,2018-12-31,14610,14610,14610,1,0.999998,0.999998,0.999998,,0,0,,0,356,0,1,0,,0,0,True
3968,GSIM_US_0007068,09447000,"EAGLE CREEK ABOVE PUMPING PLANT, NEAR MORENCI, AZ.",ok,False,1630.98,1610.97,1.01242,1979-01-01,2018-12-31,complex,complex,1979-01-01,2018-12-31,1979-01-01,2018-12-31,14610,14610,14610,1,0.999998,0.999998,0.999998,,0,0,,0,776,0,1,0,,0,0,True
3969,GSIM_US_0007072,09460150,"FRYE CREEK NEAR THATCHER, AZ",ok,False,11.6977,10.4118,1.12351,1989-10-01,2015-10-31,complex,complex,1989-10-01,2015-10-31,1979-01-01,2018-12-31,8432,8432,8432,1,0.999998,0.999998,0.999998,,0,0,,0,753,0,1,0,,299,299,True
3970,GSIM_US_0007077,09470500,"SAN PEDRO RIVER AT PALOMINAS, AZ.",ok,False,1896.15,1908.82,0.993362,1979-01-01,2018-12-31,complex,complex,1979-01-01,2018-12-31,1979-01-01,2018-12-31,9708,9708,9708,1,0.999998,0.999998,0.999998,,0,0,,0,580,0,1,0,,2284,2284,True
3971,GSIM_US_0007084,09473000,"ARAVAIPA CREEK NEAR MAMMOTH, AZ.",ok,False,1398.62,1390.82,1.0056,1979-01-01,2018-12-31,complex,intermediate,1979-01-01,2018-12-31,1979-01-01,2018-12-31,13879,14610,13879,1,0.999998,0.999998,0.999998,,0,731,"A=721; A, e=10",0,967,10,1,0,,139,139,True
3972,GSIM_US_0007089,09484500,"TANQUE VERDE CREEK AT TUCSON, AZ.",ok,False,562.118,567.207,0.991027,1987-07-24,2018-12-31,complex,intermediate,1987-07-24,2018-12-31,1979-01-01,2018-12-31,11301,11301,11301,1,0.999998,0.999998,0.999998,,0,0,,0,1223,0,1,0,,9672,9672,True
3973,GSIM_US_0007095,09485700,"RILLITO CREEK AT DODGE BOULEVARD, AT TUCSON, AZ",ok,False,2248.11,2255.88,0.996554,1987-07-24,2018-12-31,complex,intermediate,1987-07-24,2018-12-31,1979-01-01,2018-12-31,11250,11250,11250,1,0.999998,0.999998,0.999998,,0,0,,0,1180,0,1,0,,9068,9068,True
3974,GSIM_US_0007128,09503700,"VERDE RIVER NEAR PAULDEN, AZ",ok,False,5574.13,6493.1,0.85847,1979-01-01,2018-12-31,complex,complex,1979-01-01,2018-12-31,1979-01-01,2018-12-31,14610,14610,14610,1,0.999998,0.999998,0.999998,,0,0,,0,160,0,1,0,,0,0,True
3975,GSIM_US_0007129,09504000,"VERDE RIVER NEAR CLARKDALE, AZ",ok,False,8171.5,9072.73,0.900667,1979-01-01,2018-12-31,complex,complex,1979-01-01,2018-12-31,1979-01-01,2018-12-31,14610,14610,14610,1,0.999998,0.999998,0.999998,,0,0,,0,362,0,1,0,,0,0,True
3976,GSIM_US_0007137,09506000,"VERDE RIVER NEAR CAMP VERDE, AZ",ok,False,12187.4,12973.3,0.939428,1988-10-01,2018-12-31,complex,complex,1988-10-01,2018-12-31,1979-01-01,2018-12-31,11049,11049,11049,1,0.999998,0.999998,0.999998,,0,0,,0,130,0,1,0,,0,0,True
3977,GSIM_US_0007140,09508500,"VERDE RVR BLW TANGLE CREEK, ABV HORSESHOE DAM, AZ",ok,False,14319.2,15172.2,0.943779,1979-01-01,2018-12-31,complex,complex,1979-01-01,2018-12-31,1979-01-01,2018-12-31,14610,14610,14610,1,0.999998,0.999998,0.999998,,0,0,,0,472,0,1,0,,0,0,True
3978,GSIM_US_0007152,09512500,"AGUA FRIA RIVER NEAR MAYER, AZ",ok,False,1506.3,1515.14,0.994164,1979-01-01,2018-12-31,complex,complex,1979-01-01,2018-12-31,1979-01-01,2018-12-31,14610,14610,14610,1,0.999998,0.999998,0.999998,,0,0,,0,1603,0,1,0,,36,36,True
3979,GSIM_US_0007153,09512800,"AGUA FRIA RIVER NEAR ROCK SPRINGS, AZ",ok,False,2857.27,2877.48,0.992978,1979-01-01,2018-12-31,complex,complex,1979-01-01,2018-12-31,1979-01-01,2018-12-31,14610,14610,14610,1,0.999998,0.999998,0.999998,,0,0,,0,652,0,1,0,,1085,1085,True
3980,GSIM_US_0007159,09516500,"HASSAYAMPA RIVER NEAR MORRISTOWN, AZ",ok,False,2064.05,2061.63,1.00117,1982-12-24,2018-12-31,complex,intermediate,1982-12-24,2018-12-31,1979-01-01,2018-12-31,9598,9598,9598,1,0.999998,0.999998,0.999998,,0,0,,0,3035,0,1,0,,6940,6940,True
3981,GSIM_US_0007161,09517490,CENTENNIAL WASH AT SOUTHERN PACIFIC RAILROAD BRDG,ok,False,4648.13,4706.01,0.987702,1980-05-15,2018-12-31,complex,,1980-05-15,2018-12-31,1979-01-01,2018-12-31,11918,11918,11918,1,0.999998,0.999998,0.999998,,0,0,,0,176,0,1,0,,11052,11052,True
3982,GSIM_US_0008324,12121600,"ISSAQUAH CREEK NEAR MOUTH NEAR ISSAQUAH, WA",ok,False,149.21,146.593,1.01785,1979-01-01,2018-12-31,intermediate,complex,1979-01-01,2018-12-31,1979-01-01,2018-12-31,14610,14610,14610,1,0.999998,0.999998,0.999998,,0,0,,0,325,0,1,0,,0,0,True
3983,GSIM_US_0009310,16704000,"Wailuku River at Piihonua, HI",ok,False,529.162,569.797,0.928685,1979-01-01,2018-12-31,complex,intermediate,1979-01-01,2018-12-31,1979-01-01,2018-12-31,14610,14610,14610,1,0.999998,0.999998,0.999998,,0,0,,0,1718,0,1,0,,0,0,True
3984,GSIM_US_0009352,50047535,"RIO DE BAYAMON AT ARENAS, PR",ok,False,1.04554,1.0878,0.961151,1992-07-25,2018-12-31,complex,intermediate,1992-07-25,2018-12-31,1979-01-01,2018-12-31,8925,8925,8925,1,0.999998,0.999998,0.999998,,0,0,,0,543,0,1,0,,0,0,True
4363,GSIM_US_0000578,01411300,Tuckahoe River at Head of River NJ,ok,False,75.854,79.7716,0.95089,1969-12-16,2019-12-31,intermediate,intermediate,1969-12-16,2019-12-31,1950-01-01,2019-12-31,18278,18278,18278,1,0.999998,0.999998,0.999998,,0,0,,0,299,0,1,0,,0,0,True
4364,GSIM_US_0000780,01491000,"CHOPTANK RIVER NEAR GREENSBORO, MD",ok,False,254.117,292.669,0.868274,1950-01-01,2019-12-31,complex,complex,1950-01-01,2019-12-31,1950-01-01,2019-12-31,25567,25567,25567,1,0.999998,0.999998,0.999998,,0,0,,0,237,0,1,0,,0,0,True
4365,GSIM_US_0001060,01638480,"CATOCTIN CREEK AT TAYLORSTOWN, VA",ok,False,229.066,231.804,0.988188,1970-10-31,2019-12-31,complex,complex,1970-10-31,2019-12-31,1950-01-01,2019-12-31,17686,17686,17686,1,0.999998,0.999998,0.999998,,0,0,,0,951,0,1,0,,0,0,True
4366,GSIM_US_0001112,01658500,"S F QUANTICO CREEK NEAR INDEPENDENT HILL, VA",ok,False,20.3651,19.7357,1.03189,1951-05-01,2019-12-31,complex,complex,1951-05-01,2019-12-31,1950-01-01,2019-12-31,25082,25082,25082,1,0.999998,0.999998,0.999998,,0,0,,0,782,0,1,0,,406,406,True
4367,GSIM_US_0001126,01664000,"RAPPAHANNOCK RIVER AT REMINGTON, VA",ok,False,1613.6,1603.2,1.00649,1950-01-01,2019-12-31,complex,intermediate,1950-01-01,2019-12-31,1950-01-01,2019-12-31,25567,25567,25567,1,0.999998,0.999998,0.999998,,0,0,,0,398,0,1,0,,0,0,True
4368,GSIM_US_0001134,01669000,"PISCATAWAY CREEK NEAR TAPPAHANNOCK, VA",ok,False,75.0488,72.2607,1.03858,1951-10-01,2019-12-31,intermediate,complex,1951-10-01,2019-12-31,1950-01-01,2019-12-31,24929,24929,24929,1,0.999998,0.999998,0.999998,,0,0,,0,860,0,1,0,,27,27,True
4369,GSIM_US_0001136,01669520,"DRAGON SWAMP AT MASCOT, VA",ok,False,270.299,282.309,0.957458,1981-08-14,2019-12-31,complex,intermediate,1981-08-14,2019-12-31,1950-01-01,2019-12-31,14019,14019,14019,1,0.999998,0.999998,0.999998,,0,0,,0,544,0,1,0,,56,56,True
4370,GSIM_US_0001180,02028500,"ROCKFISH RIVER NEAR GREENFIELD, VA",ok,False,247.036,245.531,1.00613,1950-01-01,2019-12-31,intermediate,intermediate,1950-01-01,2019-12-31,1950-01-01,2019-12-31,25567,25567,25567,1,0.999998,0.999998,0.999998,,0,0,,0,562,0,1,0,,0,0,True
4371,GSIM_US_0001232,02064000,"FALLING RIVER NEAR NARUNA, VA",ok,False,429.798,427.348,1.00573,1950-01-01,2019-12-31,intermediate,complex,1950-01-01,2019-12-31,1950-01-01,2019-12-31,25150,25150,25150,1,0.999998,0.999998,0.999998,,0,0,,0,630,0,1,0,,0,0,True
4372,GSIM_US_0001238,02069700,"SOUTH MAYO RIVER NEAR NETTLERIDGE, VA",ok,False,234.878,221.444,1.06066,1962-10-01,2019-12-31,intermediate,intermediate,1962-10-01,2019-12-31,1950-01-01,2019-12-31,20911,20911,20911,1,0.999998,0.999998,0.999998,,0,0,,0,439,0,1,0,,0,0,True
4373,GSIM_US_0001253,02077200,"HYCO CREEK NEAR LEASBURG, NC",ok,False,122.514,118.88,1.03057,1964-08-01,2019-12-31,intermediate,complex,1964-08-01,2019-12-31,1950-01-01,2019-12-31,20241,20241,20241,1,0.999998,0.999998,0.999998,,0,0,,0,869,0,1,0,,978,978,True
4374,GSIM_US_0001260,02081500,"TAR RIVER NEAR TAR RIVER, NC",ok,False,422.765,432.528,0.977429,1950-01-01,2019-12-31,intermediate,complex,1950-01-01,2019-12-31,1950-01-01,2019-12-31,25567,25567,25567,1,0.999998,0.999998,0.999998,,0,0,,0,884,0,1,0,,58,58,True
4375,GSIM_US_0001266,02082950,"LITTLE FISHING CREEK NEAR WHITE OAK, NC",ok,False,456.008,458.428,0.994722,1959-10-01,2019-12-31,intermediate,complex,1959-10-01,2019-12-31,1950-01-01,2019-12-31,22007,22007,22007,1,0.999998,0.999998,0.999998,,0,0,,0,381,0,1,0,,0,0,True
4376,GSIM_US_0001330,02096846,"CANE CREEK NEAR ORANGE GROVE, NC",ok,False,34.7029,19.5285,1.77704,1988-11-01,2019-12-31,complex,complex,1988-11-01,2019-12-31,1950-01-01,2019-12-31,11383,11383,11383,1,0.999998,0.999998,0.999998,,0,0,,0,482,0,1,0,,629,629,True
4377,GSIM_US_0001352,02102908,"FLAT CREEK NEAR INVERNESS, NC",ok,False,19.9888,19.7616,1.01149,1968-06-01,2019-12-31,intermediate,intermediate,1968-06-01,2019-12-31,1950-01-01,2019-12-31,18841,18841,18841,1,0.999998,0.999998,0.999998,,0,0,,0,86,0,1,0,,0,0,True
4378,GSIM_US_0001363,02108000,"NORTHEAST CAPE FEAR RIVER NEAR CHINQUAPIN, NC",ok,False,1554.89,1551.4,1.00225,1950-01-01,2019-12-31,intermediate,intermediate,1950-01-01,2019-12-31,1950-01-01,2019-12-31,25565,25565,25565,1,0.999998,0.999998,0.999998,,0,0,,0,289,0,1,0,,0,0,True
4379,GSIM_US_0001372,02111500,"REDDIES RIVER AT NORTH WILKESBORO, NC",ok,False,242.639,231.027,1.05026,1950-01-01,2019-12-31,intermediate,intermediate,1950-01-01,2019-12-31,1950-01-01,2019-12-31,25567,25567,25567,1,0.999998,0.999998,0.999998,,0,0,,0,663,0,1,0,,0,0,True
4380,GSIM_US_0001404,02125000,"BIG BEAR CR NR RICHFIELD, NC",ok,False,141.967,144.003,0.985858,1954-04-01,2010-09-29,intermediate,complex,1954-04-01,2010-09-29,1950-01-01,2019-12-31,20636,20636,20636,1,0.999998,0.999998,0.999998,,0,0,,0,55,0,1,0,,924,924,True
4381,GSIM_US_0001407,02128000,"LITTLE RIVER NEAR STAR, NC",ok,False,268.656,274.539,0.978571,1954-04-01,2019-12-31,intermediate,complex,1954-04-01,2019-12-31,1950-01-01,2019-12-31,24015,24015,24015,1,0.999998,0.999998,0.999998,,0,0,,0,238,0,1,0,,6,6,True
4382,GSIM_US_0001431,02137727,"CATAWBA R NR PLEASANT GARDENS, NC",ok,False,335.741,326.339,1.02881,1980-10-01,2019-12-31,intermediate,intermediate,1980-10-01,2019-12-31,1950-01-01,2019-12-31,14336,14336,14336,1,0.999998,0.999998,0.999998,,0,0,,0,175,0,1,0,,0,0,True
4383,GSIM_US_0001435,02140991,"JOHNS RIVER AT ARNEYS STORE, NC",ok,False,538.194,520.588,1.03382,1985-05-01,2019-12-31,intermediate,intermediate,1985-05-01,2019-12-31,1950-01-01,2019-12-31,12663,12663,12663,1,0.999998,0.999998,0.999998,,0,0,,0,430,0,1,0,,0,0,True
4384,GSIM_US_0001449,02143000,"HENRY FORK NEAR HENRY RIVER, NC",ok,False,206.519,215.487,0.958383,1950-01-01,2019-12-31,intermediate,intermediate,1950-01-01,2019-12-31,1950-01-01,2019-12-31,25567,25567,25567,1,0.999998,0.999998,0.999998,,0,0,,0,267,0,1,0,,0,0,True
4385,GSIM_US_0001450,02143040,"JACOB FORK AT RAMSEY, NC",ok,False,57.0172,66.5627,0.856593,1961-10-01,2019-12-31,intermediate,intermediate,1961-10-01,2019-12-31,1950-01-01,2019-12-31,21276,21276,21276,1,0.999998,0.999998,0.999998,,0,0,,0,245,0,1,0,,0,0,True
4386,GSIM_US_0001495,02152100,"FIRST BROAD RIVER NEAR CASAR, NC",ok,False,153.202,156.694,0.977711,1959-03-01,2019-12-31,intermediate,complex,1959-03-01,2019-12-31,1950-01-01,2019-12-31,22221,22221,22221,1,0.999998,0.999998,0.999998,,0,0,,0,241,0,1,0,,0,0,True
4387,GSIM_US_0001568,02177000,"CHATTOOGA RIVER NEAR CLAYTON, GA",ok,False,539.65,536.128,1.00657,1950-01-01,2019-12-31,intermediate,intermediate,1950-01-01,2019-12-31,1950-01-01,2019-12-31,25567,25567,25567,1,0.999998,0.999998,0.999998,,0,0,,0,279,0,1,0,,0,0,True
4388,GSIM_US_0001569,02178400,"TALLULAH RIVER NEAR CLAYTON, GA",ok,False,173.139,151.255,1.14468,1964-07-15,2019-12-31,intermediate,intermediate,1964-07-15,2019-12-31,1950-01-01,2019-12-31,20258,20258,20258,1,0.999998,0.999998,0.999998,,0,0,,0,181,0,1,0,,0,0,True
4389,GSIM_US_0001583,02193340,"KETTLE CREEK NEAR WASHINGTON, GA",ok,False,88.2391,87.8006,1.00499,1986-04-16,2019-12-31,complex,complex,1986-04-16,2019-12-31,1950-01-01,2019-12-31,12312,12312,12312,1,0.999998,0.999998,0.999998,,0,0,,0,692,0,1,0,,281,281,True
4390,GSIM_US_0001586,02196000,"STEVENS CREEK NEAR MODOC, SC",ok,False,1404.48,1411.54,0.994998,1950-01-01,2019-12-31,intermediate,complex,1950-01-01,2019-12-31,1950-01-01,2019-12-31,23694,23694,23694,1,0.999998,0.999998,0.999998,,0,0,,0,313,0,1,0,,59,59,True
4391,GSIM_US_0001645,02212600,"FALLING CREEK NEAR JULIETTE, GA",ok,False,184.567,186.997,0.987006,1964-07-07,2019-12-31,intermediate,complex,1964-07-07,2019-12-31,1950-01-01,2019-12-31,20266,20266,20266,1,0.999998,0.999998,0.999998,,0,0,,0,252,0,1,0,,219,219,True
4392,GSIM_US_0001651,02215100,"TUCSAWHATCHEE CREEK NEAR HAWKINSVILLE, GA",ok,False,411.994,422.168,0.975899,1986-04-01,2019-12-31,intermediate,complex,1986-04-01,2019-12-31,1950-01-01,2019-12-31,12327,12327,12327,1,0.999998,0.999998,0.999998,,0,0,,0,167,0,1,0,,28,28,True
4393,GSIM_US_0001653,02216180,"TURNPIKE CREEK NEAR MCRAE, GA",ok,False,130.23,127.427,1.02199,1983-01-01,2019-12-31,intermediate,complex,1983-01-01,2019-12-31,1950-01-01,2019-12-31,13514,13514,13514,1,0.999998,0.999998,0.999998,,0,0,,0,633,0,1,0,,4255,4255,True
4394,GSIM_US_0001668,02221525,"MURDER CREEK BELOW EATONTON, GA",ok,False,499.081,492.098,1.01419,1977-04-27,2019-12-31,intermediate,complex,1977-04-27,2019-12-31,1950-01-01,2019-12-31,15588,15588,15588,1,0.999998,0.999998,0.999998,,0,0,,0,90,0,1,0,,0,0,True
4395,GSIM_US_0001687,02231000,"ST. MARYS RIVER NEAR MACCLENNY, FL",ok,False,1336.52,1812.99,0.737188,1950-01-01,2019-12-31,intermediate,intermediate,1950-01-01,2019-12-31,1950-01-01,2019-12-31,25567,25567,25567,1,0.999998,0.999998,0.999998,,0,0,,0,99,0,1,0,,0,0,True
4396,GSIM_US_0001690,02231342,"FT DRUM CREEK AT SUNSHINE ST PKY NEAR FT DRUM, FL",ok,False,137.541,136.233,1.0096,1977-06-01,2019-12-31,complex,complex,1977-06-01,2019-12-31,1950-01-01,2019-12-31,15554,15554,15554,1,0.999998,0.999998,0.999998,,0,0,,0,171,0,1,0,,1425,1425,True
4397,GSIM_US_0001715,02235200,"BLACKWATER CREEK NEAR CASSIA, FL",ok,False,278.78,326.339,0.854265,1967-08-07,2019-12-31,complex,complex,1967-08-07,2019-12-31,1950-01-01,2019-12-31,14252,14252,14252,1,0.999998,0.999998,0.999998,,0,0,,0,148,0,1,0,,0,0,True
4398,GSIM_US_0001738,02245500,"SOUTH FORK BLACK CREEK NEAR PENNEY FARMS, FL",ok,False,327.121,347.058,0.942554,1950-01-01,2019-12-31,intermediate,intermediate,1950-01-01,2019-12-31,1950-01-01,2019-12-31,25567,25567,25567,1,0.999998,0.999998,0.999998,,0,0,,0,340,0,1,0,,0,0,True
4399,GSIM_US_0001739,02246000,"NORTH FORK BLACK CREEK NEAR MIDDLEBURG, FL",ok,False,416.932,458.428,0.909483,1950-01-01,2019-12-31,intermediate,intermediate,1950-01-01,2019-12-31,1950-01-01,2019-12-31,25567,25567,25567,1,0.999998,0.999998,0.999998,,0,0,,0,294,0,1,0,,0,0,True
4400,GSIM_US_0001801,02296500,CHARLIE CREEK NEAR GARDNER FL,ok,False,847.073,854.696,0.99108,1950-05-01,2019-12-31,complex,complex,1950-05-01,2019-12-31,1950-01-01,2019-12-31,25447,25447,25447,1,0.999998,0.999998,0.999998,,0,0,,0,302,0,1,0,,0,0,True
4401,GSIM_US_0001805,02297155,HORSE CREEK NEAR MYAKKA HEAD FL,ok,False,112.642,108.78,1.03551,1977-10-01,2019-12-31,complex,complex,1977-10-01,2019-12-31,1950-01-01,2019-12-31,15389,15389,15389,1,0.999998,0.999998,0.999998,,0,0,,0,529,0,1,0,,378,378,True
4402,GSIM_US_0001806,02297310,"HORSE CREEK AT SR 72 NEAR ARCADIA, FL",ok,False,548.76,564.617,0.971915,1950-05-01,2019-12-31,complex,complex,1950-05-01,2019-12-31,1950-01-01,2019-12-31,25082,25082,25082,1,0.999998,0.999998,0.999998,,0,0,,0,286,0,1,0,,53,53,True
4403,GSIM_US_0001808,02298123,PRAIRIE CREEK NEAR FORT OGDEN FL,ok,False,301.901,603.467,0.500278,1963-10-01,2019-12-31,complex,complex,1963-10-01,2019-12-31,1950-01-01,2019-12-31,17258,17258,17258,1,0.999998,0.999998,0.999998,,0,0,,0,568,0,1,0,,5,5,True
4404,GSIM_US_0001814,02298608,MYAKKA RIVER AT MYAKKA CITY FL,ok,False,343.844,323.749,1.06207,1963-02-05,2019-12-31,complex,complex,1963-02-05,2019-12-31,1950-01-01,2019-12-31,16765,16765,16765,1,0.999998,0.999998,0.999998,,0,0,,0,446,0,1,0,,134,134,True
4405,GSIM_US_0001821,02299950,"MANATEE RIVER AT SR 64 NEAR MYAKKA HEAD, FL",ok,False,206.124,169.126,1.21876,1966-04-20,2019-12-31,complex,complex,1966-04-20,2019-12-31,1950-01-01,2019-12-31,19614,19614,19614,1,0.999998,0.999998,0.999998,,0,0,,0,256,0,1,0,,0,0,True
4406,GSIM_US_0001831,02300700,BULLFROG CREEK NEAR WIMAUMA FL,ok,False,53.837,75.3687,0.714315,1956-10-01,2019-12-31,complex,intermediate,1956-10-01,2019-12-31,1950-01-01,2019-12-31,16313,16313,16313,1,0.999998,0.999998,0.999998,,0,0,,0,782,0,1,0,,26,26,True
4407,GSIM_US_0001875,02310947,"WITHLACOOCHEE RIVER NEAR CUMPRESSCO, FL",ok,False,920.524,725.197,1.26934,1967-01-01,2019-12-31,intermediate,complex,1967-01-01,2019-12-31,1950-01-01,2019-12-31,18993,18993,18993,1,0.999998,0.999998,0.999998,,0,0,,0,302,0,1,0,,2072,2072,True
4408,GSIM_US_0001921,02324400,"FENHOLLOWAY RIVER NEAR FOLEY, FLA.",ok,False,179.817,155.399,1.15713,1955-10-01,2019-12-31,complex,complex,1955-10-01,2019-12-31,1950-01-01,2019-12-31,23468,23468,23468,1,0.999998,0.999998,0.999998,,0,0,,0,263,0,1,0,,0,0,True
4409,GSIM_US_0001930,02327100,"SOPCHOPPY RIVER NR SOPCHOPPY, FLA.",ok,False,271.922,264.179,1.02931,1964-06-01,2019-12-31,intermediate,complex,1964-06-01,2019-12-31,1950-01-01,2019-12-31,20302,20302,20302,1,0.999998,0.999998,0.999998,,0,0,,0,502,0,1,0,,0,0,True
4410,GSIM_US_0001996,02342933,SOUTH FORK COWIKEE CREEK NEAR BATESVILLE AL,ok,False,305.558,290.079,1.05336,1963-10-01,2011-10-06,intermediate,complex,1963-10-01,2011-10-06,1950-01-01,2019-12-31,16441,16441,16441,1,0.999998,0.999998,0.999998,,0,0,,0,492,0,1,0,,0,0,True
4411,GSIM_US_0002017,02349900,"TURKEY CREEK AT BYROMVILLE, GA",ok,False,127.056,123.024,1.03277,1958-06-20,2019-12-31,complex,complex,1958-06-20,2019-12-31,1950-01-01,2019-12-31,22475,22475,22475,1,0.999998,0.999998,0.999998,,0,0,,0,522,0,1,0,,0,0,True
4412,GSIM_US_0002021,02350900,"KINCHAFOONEE CREEK AT PINEWOOD ROAD, NR DAWSON, GA",ok,False,1357.33,1364.92,0.994435,1985-03-07,2019-12-31,intermediate,intermediate,1985-03-07,2019-12-31,1950-01-01,2019-12-31,12718,12718,12718,1,0.999998,0.999998,0.999998,,0,0,,0,74,0,1,0,,0,0,True
4413,GSIM_US_0002044,02361000,"CHOCTAWHATCHEE RIVER NEAR NEWTON, AL.",ok,False,1842.45,1776.73,1.03699,1950-01-01,2019-12-31,intermediate,intermediate,1950-01-01,2019-12-31,1950-01-01,2019-12-31,25567,25567,25567,1,0.999998,0.999998,0.999998,,0,0,,0,401,0,1,0,,0,0,True
4414,GSIM_US_0002047,02363000,PEA RIVER NEAR ARITON AL,ok,False,1288.78,1289.81,0.999197,1950-01-01,2019-12-31,intermediate,intermediate,1950-01-01,2019-12-31,1950-01-01,2019-12-31,19357,19357,19357,1,0.999998,0.999998,0.999998,,0,0,,0,167,0,1,0,,0,0,True
4415,GSIM_US_0002064,02369800,BLACKWATER RIVER NEAR BRADLEY AL,ok,False,211.475,227.142,0.931025,1967-10-01,2019-12-31,intermediate,complex,1967-10-01,2019-12-31,1950-01-01,2019-12-31,19085,19085,19085,1,0.999998,0.999998,0.999998,,0,0,,0,80,0,1,0,,0,0,True
4416,GSIM_US_0002069,02371500,CONECUH RIVER AT BRANTLEY AL,ok,False,1278.87,1294.99,0.987546,1950-01-01,2019-12-31,intermediate,complex,1950-01-01,2019-12-31,1950-01-01,2019-12-31,25567,25567,25567,1,0.999998,0.999998,0.999998,,0,0,,0,191,0,1,0,,0,0,True
4417,GSIM_US_0002070,02372250,PATSALIGA CREEK NEAR BRANTLEY AL,ok,False,1125.01,1144.77,0.982736,1974-10-01,2019-12-31,complex,intermediate,1974-10-01,2019-12-31,1950-01-01,2019-12-31,16528,16528,16528,1,0.999998,0.999998,0.999998,,0,0,,0,232,0,1,0,,0,0,True
4418,GSIM_US_0002075,02374500,MURDER CREEK NEAR EVERGREEN AL,ok,False,448.407,455.838,0.983698,1950-01-01,2019-12-31,intermediate,intermediate,1950-01-01,2019-12-31,1950-01-01,2019-12-31,25567,25567,25567,1,0.999998,0.999998,0.999998,,0,0,,0,281,0,1,0,,0,0,True
4419,GSIM_US_0002093,02381600,"FAUSETT CREEK NEAR TALKING ROCK, GA",ok,False,26.8602,25.874,1.03812,1974-10-01,2019-12-31,intermediate,complex,1974-10-01,2019-12-31,1950-01-01,2019-12-31,16527,16527,16527,1,0.999998,0.999998,0.999998,,0,0,,0,628,0,1,0,,0,0,True
4420,GSIM_US_0002099,02384540,"MILL CREEK NEAR CRANDALL, GA",ok,False,24.6633,21.3415,1.15565,1985-01-30,2019-12-31,intermediate,intermediate,1985-01-30,2019-12-31,1950-01-01,2019-12-31,12753,12753,12753,1,0.999998,0.999998,0.999998,,0,0,,0,293,0,1,0,,0,0,True
4421,GSIM_US_0002130,02395120,"TWO RUN CREEK NEAR KINGSTON, GA",ok,False,82.9938,85.7286,0.968099,1980-05-02,2019-12-31,intermediate,complex,1980-05-02,2019-12-31,1950-01-01,2019-12-31,14488,14488,14488,1,0.999998,0.999998,0.999998,,0,0,,0,274,0,1,0,,0,0,True
4422,GSIM_US_0002152,02408540,HATCHET CREEK BELOW ROCKFORD AL,ok,False,665.935,681.167,0.977639,1980-10-01,2019-12-31,intermediate,intermediate,1980-10-01,2019-12-31,1950-01-01,2019-12-31,14336,14336,14336,1,0.999998,0.999998,0.999998,,0,0,,0,92,0,1,0,,0,0,True
4423,GSIM_US_0002163,02415000,HILLABEE CREEK NEAR HACKNEYVILLE AL,ok,False,502.187,492.098,1.0205,1952-07-01,2019-12-31,intermediate,intermediate,1952-07-01,2019-12-31,1950-01-01,2019-12-31,19175,19175,19175,1,0.999998,0.999998,0.999998,,0,0,,0,394,0,1,0,,0,0,True
4424,GSIM_US_0002172,02422500,MULBERRY CREEK AT JONES AL,ok,False,549.241,525.768,1.04465,1950-01-01,2019-12-31,intermediate,intermediate,1950-01-01,2019-12-31,1950-01-01,2019-12-31,24101,24101,24101,1,0.999998,0.999998,0.999998,,0,0,,0,422,0,1,0,,0,0,True
4425,GSIM_US_0002190,02427250,"PINE BARREN CREEK NEAR SNOW HILL, AL.",ok,False,676.44,675.987,1.00067,1989-10-01,2019-12-31,intermediate,intermediate,1989-10-01,2019-12-31,1950-01-01,2019-12-31,11049,11049,11049,1,0.999998,0.999998,0.999998,,0,0,,0,237,0,1,0,,0,0,True
4426,GSIM_US_0002198,02430085,"RED BUD CREEK NR MOORES MILL, MS",ok,False,40.9833,40.6628,1.00788,1975-06-10,2019-12-31,intermediate,complex,1975-06-10,2019-12-31,1950-01-01,2019-12-31,16275,16275,16275,1,0.999998,0.999998,0.999998,,0,0,,0,1319,0,1,0,,0,0,True
4427,GSIM_US_0002229,02450250,SIPSEY FORK NEAR GRAYSON AL,ok,False,230.646,238.538,0.966916,1966-10-01,2019-12-31,intermediate,complex,1966-10-01,2019-12-31,1950-01-01,2019-12-31,19450,19450,19450,1,0.999998,0.999998,0.999998,,0,0,,0,499,0,1,0,,0,0,True
4428,GSIM_US_0002249,02464000,NORTH RIVER NEAR SAMANTHA AL,ok,False,565.527,577.567,0.979153,1950-01-01,2019-12-31,intermediate,complex,1950-01-01,2019-12-31,1950-01-01,2019-12-31,20453,20453,20453,1,0.999998,0.999998,0.999998,,0,0,,0,205,0,1,0,,0,0,True
4429,GSIM_US_0002250,02464146,TURKEY CREEK NEAR TUSCALOOSA,ok,False,16.0549,15.9543,1.00631,1981-02-05,2018-10-09,intermediate,complex,1981-02-05,2018-10-09,1950-01-01,2019-12-31,13031,13031,13031,1,0.999998,0.999998,0.999998,,0,0,,0,248,0,1,0,,0,0,True
4430,GSIM_US_0002251,02464360,BINION CREEK BELOW GIN CREEK NEAR SAMANTHA AL,ok,False,146.532,148.147,0.989099,1986-10-01,2018-09-30,intermediate,complex,1986-10-01,2018-09-30,1950-01-01,2019-12-31,11688,11688,11688,1,0.999998,0.999998,0.999998,,0,0,,0,398,0,1,0,,0,0,True
4431,GSIM_US_0002255,02465493,ELLIOTTS CREEK AT MOUNDVILLE AL,ok,False,81.6671,83.6566,0.976219,1976-10-01,2019-12-31,intermediate,complex,1976-10-01,2019-12-31,1950-01-01,2019-12-31,15797,15797,15797,1,0.999998,0.999998,0.999998,,0,0,,0,232,0,1,0,,0,0,True
4432,GSIM_US_0002261,02469800,SATILPA CREEK NEAR COFFEEVILLE AL,ok,False,423.461,424.758,0.996947,1956-10-01,2019-12-31,intermediate,intermediate,1956-10-01,2019-12-31,1950-01-01,2019-12-31,21640,21640,21640,1,0.999998,0.999998,0.999998,,0,0,,0,111,0,1,0,,0,0,True
4433,GSIM_US_0002265,02472000,"LEAF RIVER NR COLLINS, MS",ok,False,1944.06,1924.36,1.01024,1950-01-01,2019-12-31,intermediate,intermediate,1950-01-01,2019-12-31,1950-01-01,2019-12-31,25566,25566,25566,1,0.999998,0.999998,0.999998,,0,0,,0,180,0,1,0,,0,0,True
4434,GSIM_US_0002266,02472500,"BOUIE CREEK NR HATTIESBURG, MS",ok,False,797.91,787.356,1.0134,1950-01-01,2019-12-31,intermediate,complex,1950-01-01,2019-12-31,1950-01-01,2019-12-31,25555,25555,25555,1,0.999998,0.999998,0.999998,,0,0,,0,120,0,1,0,,0,0,True
4435,GSIM_US_0002284,02479155,"CYPRESS CREEK NR JANICE, MS",ok,False,134.432,136.233,0.986781,1966-10-01,2019-12-31,intermediate,intermediate,1966-10-01,2019-12-31,1950-01-01,2019-12-31,19449,19449,19449,1,0.999998,0.999998,0.999998,,0,0,,0,230,0,1,0,,0,0,True
4436,GSIM_US_0002290,02479560,ESCATAWPA RIVER NEAR AGRICOLA MS,ok,False,1417.23,1455.57,0.973655,1973-10-01,2019-12-31,intermediate,complex,1973-10-01,2019-12-31,1950-01-01,2019-12-31,16893,16893,16893,1,0.999998,0.999998,0.999998,,0,0,,0,213,0,1,0,,0,0,True
4437,GSIM_US_0002294,02481000,"BILOXI RIVER AT WORTHAM, MS",ok,False,252.91,249.157,1.01506,1952-10-01,2019-12-31,intermediate,intermediate,1952-10-01,2019-12-31,1950-01-01,2019-12-31,24188,24188,24188,1,0.999998,0.999998,0.999998,,0,0,,0,491,0,1,0,,0,0,True
4438,GSIM_US_0002295,02481510,"WOLF RIVER NR LANDON, MS",ok,False,799.546,797.716,1.00229,1971-08-01,2019-12-31,intermediate,intermediate,1971-08-01,2019-12-31,1950-01-01,2019-12-31,17684,17684,17684,1,0.999998,0.999998,0.999998,,0,0,,0,683,0,1,0,,0,0,True
4439,GSIM_US_0002742,03281100,"GOOSE CREEK AT MANCHESTER, KY",ok,False,433.856,422.168,1.02769,1964-10-01,2019-12-31,intermediate,complex,1964-10-01,2019-12-31,1950-01-01,2019-12-31,18721,18721,18721,1,0.999998,0.999998,0.999998,,0,0,,0,1010,0,1,0,,1,1,True
4440,GSIM_US_0003073,03439000,"FRENCH BROAD RIVER AT ROSMAN, NC",ok,False,180.899,175.86,1.02865,1950-01-01,2019-12-31,intermediate,intermediate,1950-01-01,2019-12-31,1950-01-01,2019-12-31,25567,25567,25567,1,0.999998,0.999998,0.999998,,0,0,,0,153,0,1,0,,0,0,True
4441,GSIM_US_0003137,03498500,"LITTLE RIVER NEAR MARYVILLE, TN",ok,False,694.4,696.707,0.996688,1951-07-01,2019-12-31,intermediate,complex,1951-07-01,2019-12-31,1950-01-01,2019-12-31,25021,25021,25021,1,0.999998,0.999998,0.999998,,0,0,,0,118,0,1,0,,0,0,True
4442,GSIM_US_0003139,03500000,"LITTLE TENNESSEE RIVER NEAR PRENTISS, NC",ok,False,361.819,362.598,0.997849,1950-01-01,2019-12-31,intermediate,intermediate,1950-01-01,2019-12-31,1950-01-01,2019-12-31,25567,25567,25567,1,0.999998,0.999998,0.999998,,0,0,,0,150,0,1,0,,0,0,True
4443,GSIM_US_0003140,03500240,"CARTOOGECHAYE CREEK NEAR FRANKLIN, NC",ok,False,150.521,147.888,1.0178,1961-07-01,2019-03-25,intermediate,intermediate,1961-07-01,2019-03-25,1950-01-01,2019-12-31,21087,21087,21087,1,0.999998,0.999998,0.999998,,0,0,,0,167,0,1,0,,0,0,True
4444,GSIM_US_0003210,03574500,PAINT ROCK RIVER NEAR WOODVILLE AL,ok,False,821.978,828.796,0.991774,1950-01-01,2019-12-31,intermediate,complex,1950-01-01,2019-12-31,1950-01-01,2019-12-31,25567,25567,25567,1,0.999998,0.999998,0.999998,,0,0,,0,241,0,1,0,,0,0,True
4445,GSIM_US_0003236,03592718,"LITTLE YELLOW CREEK EAST NR BURNSVILLE, MS",ok,False,72.5253,63.9727,1.13369,1973-05-17,2013-03-05,intermediate,complex,1973-05-17,2013-03-05,1950-01-01,2019-12-31,14538,14538,14538,1,0.999998,0.999998,0.999998,,0,0,,0,1047,0,1,0,,0,0,True
4446,GSIM_US_0003252,03604000,"BUFFALO RIVER NEAR FLAT WOODS, TN",ok,False,1148.67,1157.72,0.992178,1950-01-01,2019-12-31,intermediate,complex,1950-01-01,2019-12-31,1950-01-01,2019-12-31,25567,25567,25567,1,0.999998,0.999998,0.999998,,0,0,,0,92,0,1,0,,0,0,True
4447,GSIM_US_0004347,05595730,"RAYSE CREEK NEAR WALTONVILLE, IL",ok,False,234.568,227.919,1.02917,1979-09-11,2019-12-31,intermediate,complex,1979-09-11,2019-12-31,1950-01-01,2019-12-31,14722,14722,14722,1,0.999998,0.999998,0.999998,,0,0,,0,1115,0,1,0,,1401,1401,True
4448,GSIM_US_0005410,07056000,"Buffalo River near St. Joe, AR",ok,False,2144.65,2147.1,0.998858,1950-01-01,2019-12-31,intermediate,complex,1950-01-01,2019-12-31,1950-01-01,2019-12-31,25559,25559,25559,1,0.999998,0.999998,0.999998,,0,0,,0,138,0,1,0,,0,0,True
4449,GSIM_US_0005415,07057500,"North Fork River near Tecumseh, MO",ok,False,1470.95,1452.98,1.01236,1950-01-01,2019-12-31,intermediate,complex,1950-01-01,2019-12-31,1950-01-01,2019-12-31,25567,25567,25567,1,0.999998,0.999998,0.999998,,0,0,,0,76,0,1,0,,0,0,True
4450,GSIM_US_0005418,07060710,"North Sylamore Creek near Fifty Six, AR",ok,False,143.607,150.478,0.954334,1965-12-09,2019-12-31,intermediate,complex,1965-12-09,2019-12-31,1950-01-01,2019-12-31,19745,19745,19745,1,0.999998,0.999998,0.999998,,0,0,,0,285,0,1,0,,0,0,True
4451,GSIM_US_0005445,07071500,"Eleven Point River near Bardley, MO",ok,False,2018.32,2053.86,0.982693,1950-01-01,2019-12-31,intermediate,complex,1950-01-01,2019-12-31,1950-01-01,2019-12-31,25567,25567,25567,1,0.999998,0.999998,0.999998,,0,0,,0,23,0,1,0,,0,0,True
4452,GSIM_US_0005568,07148400,"Salt Fork Arkansas River nr Alva, OK",ok,False,2520.24,2543.37,0.990905,1950-01-01,2019-12-31,intermediate,complex,1950-01-01,2019-12-31,1950-01-01,2019-12-31,15339,15339,15339,1,0.999998,0.999998,0.999998,,0,0,,0,980,0,1,0,,0,0,True
4453,GSIM_US_0005637,07184000,"LIGHTNING C NR MCCUNE, KS",ok,False,515.946,510.228,1.01121,1959-10-01,2019-12-31,intermediate,complex,1959-10-01,2019-12-31,1950-01-01,2019-12-31,22007,22007,22007,1,0.999998,0.999998,0.999998,,0,0,,0,494,0,1,0,,1759,1759,True
4454,GSIM_US_0005671,07195800,"Flint Creek at Springtown, AR",ok,False,37.4467,36.7778,1.01819,1961-07-01,2019-12-31,complex,complex,1961-07-01,2019-12-31,1950-01-01,2019-12-31,21368,21368,21368,1,0.999998,0.999998,0.999998,,0,0,,0,213,0,1,0,,22,22,True
4455,GSIM_US_0005676,07196900,"Baron Fork at Dutch Mills, AR",ok,False,120.928,105.154,1.15001,1958-04-01,2019-12-31,intermediate,complex,1958-04-01,2019-12-31,1950-01-01,2019-12-31,22554,22554,22554,1,0.999998,0.999998,0.999998,,0,0,,0,259,0,1,0,,152,152,True
4456,GSIM_US_0005677,07197000,"Baron Fork at Eldon, OK",ok,False,802.133,808.076,0.992645,1950-01-01,2019-12-31,intermediate,complex,1950-01-01,2019-12-31,1950-01-01,2019-12-31,25567,25567,25567,1,0.999998,0.999998,0.999998,,0,0,,0,261,0,1,0,,0,0,True
4457,GSIM_US_0005763,07261000,"Cadron Creek near Guy, AR",ok,False,444.53,437.708,1.01559,1954-10-01,2019-12-31,intermediate,complex,1954-10-01,2019-12-31,1950-01-01,2019-12-31,23833,23833,23833,1,0.999998,0.999998,0.999998,,0,0,,0,1095,0,1,0,,867,867,True
4458,GSIM_US_0005768,07263295,"Maumelle River at Williams Junction, AR",ok,False,116.771,119.398,0.977995,1989-08-10,2019-12-31,intermediate,complex,1989-08-10,2019-12-31,1950-01-01,2019-12-31,11101,11101,11101,1,0.999998,0.999998,0.999998,,0,0,,0,524,0,1,0,,1522,1522,True
4459,GSIM_US_0005811,07290650,"BAYOU PIERRE NR WILLOWS, MS",ok,False,1709.31,1693.85,1.00913,1961-06-01,2019-12-31,intermediate,intermediate,1961-06-01,2019-12-31,1950-01-01,2019-12-31,19358,19358,19358,1,0.999998,0.999998,0.999998,,0,0,,0,553,0,1,0,,0,0,True
4460,GSIM_US_0005812,07291000,"HOMOCHITTO RIVER AT EDDICETON, MS",ok,False,464.687,468.788,0.991252,1950-01-01,2019-12-31,intermediate,intermediate,1950-01-01,2019-12-31,1950-01-01,2019-12-31,24833,24833,24833,1,0.999998,0.999998,0.999998,,0,0,,0,115,0,1,0,,0,0,True
4461,GSIM_US_0005813,07292500,"HOMOCHITTO RIVER AT ROSETTA, MS",ok,False,2074.97,2038.32,1.01798,1951-10-01,2019-12-31,intermediate,complex,1951-10-01,2019-12-31,1950-01-01,2019-12-31,24198,24198,24198,1,0.999998,0.999998,0.999998,,0,0,,0,428,0,1,0,,0,0,True
4462,GSIM_US_0005814,07295000,"BUFFALO RIVER NR WOODVILLE, MS",ok,False,472.582,466.198,1.01369,1950-01-01,2019-12-31,intermediate,complex,1950-01-01,2019-12-31,1950-01-01,2019-12-31,24178,24178,24178,1,0.999998,0.999998,0.999998,,0,0,,0,334,0,1,0,,0,0,True
4463,GSIM_US_0005822,07299670,"Groesbeck Ck at SH 6 nr Quanah, TX",ok,False,823.379,784.766,1.0492,1961-12-01,2019-12-31,intermediate,complex,1961-12-01,2019-12-31,1950-01-01,2019-12-31,21215,21215,21215,1,0.999998,0.999998,0.999998,,0,0,,0,190,0,1,0,,201,201,True
4464,GSIM_US_0005828,07301410,"Sweetwater Ck nr Kelton, TX",ok,False,769.412,769.226,1.00024,1961-11-16,2019-12-31,complex,complex,1961-11-16,2019-12-31,1950-01-01,2019-12-31,9541,9541,9541,1,0.999998,0.999998,0.999998,,0,0,,0,379,0,1,0,,26,26,True
4465,GSIM_US_0005831,07301500,"North Fork Red River near Carter, OK",ok,False,6830.83,6868.65,0.994494,1950-01-01,2019-12-31,complex,complex,1950-01-01,2019-12-31,1950-01-01,2019-12-31,24897,24897,24897,1,0.999998,0.999998,0.999998,,0,0,,0,661,0,1,0,,4404,4404,True
4466,GSIM_US_0005855,07315200,"E Fk Little Wichita Rv nr Henrietta, TX",ok,False,498.923,461.018,1.08222,1963-12-01,2019-12-31,complex,complex,1963-12-01,2019-12-31,1950-01-01,2019-12-31,20485,20485,20485,1,0.999998,0.999998,0.999998,,0,0,,0,119,0,1,0,,7598,7598,True
4467,GSIM_US_0005856,07315700,"Mud Creek near Courtney, OK",ok,False,1490.45,1486.65,1.00256,1960-10-01,2019-12-31,complex,complex,1960-10-01,2019-12-31,1950-01-01,2019-12-31,21641,21641,21641,1,0.999998,0.999998,0.999998,,0,0,,0,1974,0,1,0,,2617,2617,True
4468,GSIM_US_0005899,07335700,"Kiamichi River near Big Cedar, OK",ok,False,103.677,102.564,1.01086,1965-10-01,2019-12-31,intermediate,complex,1965-10-01,2019-12-31,1950-01-01,2019-12-31,19815,19815,19815,1,0.999998,0.999998,0.999998,,0,0,,0,91,0,1,0,,1878,1878,True
4469,GSIM_US_0005928,07346045,"Black Cypress Bayou at Jefferson, TX",ok,False,966.718,945.346,1.02261,1968-09-01,2019-12-31,complex,complex,1968-09-01,2019-12-31,1950-01-01,2019-12-31,18749,18749,18749,1,0.999998,0.999998,0.999998,,0,0,,0,324,0,1,0,,1057,1057,True
4470,GSIM_US_0005952,07359610,"Caddo River near Caddo Gap, AR",ok,False,344.869,352.238,0.979078,1988-10-01,2019-12-31,intermediate,complex,1988-10-01,2019-12-31,1950-01-01,2019-12-31,11414,11414,11414,1,0.999998,0.999998,0.999998,,0,0,,0,0,0,,0,,0,0,True
4471,GSIM_US_0005961,07362100,"Smackover Creek near Smackover, AR",ok,False,1014.24,997.145,1.01714,1961-10-01,2019-12-31,complex,complex,1961-10-01,2019-12-31,1950-01-01,2019-12-31,21276,21276,21276,1,0.999998,0.999998,0.999998,,0,0,,0,517,0,1,0,,315,315,True
4472,GSIM_US_0005963,07362587,"Alum Fork Saline River near Reform, AR",ok,False,67.5946,69.9297,0.966608,1989-09-14,2019-12-31,intermediate,complex,1989-09-14,2019-12-31,1950-01-01,2019-12-31,11066,11066,11066,1,0.999998,0.999998,0.999998,,0,0,,0,534,0,1,0,,1429,1429,True
4473,GSIM_US_0005996,07375000,"Tchefuncte River near Folsom, LA",ok,False,272.828,266.769,1.02271,1950-01-01,2019-10-20,intermediate,complex,1950-01-01,2019-10-20,1950-01-01,2019-12-31,25129,25129,25129,1,0.999998,0.999998,0.999998,,0,0,,0,234,0,1,0,,0,0,True
4474,GSIM_US_0006042,08023080,"Bayou Grand Cane near Stanley, LA",ok,False,191.909,187.774,1.02202,1980-01-10,2019-12-31,complex,complex,1980-01-10,2019-12-31,1950-01-01,2019-12-31,14601,14601,14601,1,0.999998,0.999998,0.999998,,0,0,,0,503,0,1,0,,2380,2380,True
4475,GSIM_US_0006051,08029500,"Big Cow Ck nr Newton, TX",ok,False,327.525,331.518,0.987955,1952-05-01,2019-12-31,intermediate,complex,1952-05-01,2019-12-31,1950-01-01,2019-12-31,24716,24716,24716,1,0.999998,0.999998,0.999998,,0,0,,0,199,0,1,0,,0,0,True
4476,GSIM_US_0006093,08050800,"Timber Ck nr Collinsville, TX",ok,False,104.441,100.492,1.0393,1985-10-01,2019-12-31,complex,complex,1985-10-01,2019-12-31,1950-01-01,2019-12-31,12510,12510,12510,1,0.999998,0.999998,0.999998,,0,0,,0,221,0,1,0,,5669,5669,True
4477,GSIM_US_0006142,08066200,"Long King Ck at Livingston, TX",ok,False,370.299,365.188,1.01399,1963-01-01,2019-12-31,intermediate,intermediate,1963-01-01,2019-12-31,1950-01-01,2019-12-31,20818,20818,20818,1,0.999998,0.999998,0.999998,,0,0,,0,335,0,1,0,,301,301,True
4478,GSIM_US_0006144,08066300,"Menard Ck nr Rye, TX",ok,False,405.535,393.678,1.03012,1965-12-01,2019-12-31,complex,complex,1965-12-01,2019-12-31,1950-01-01,2019-12-31,19744,19744,19744,1,0.999998,0.999998,0.999998,,0,0,,0,361,0,1,0,,0,0,True
4479,GSIM_US_0006163,08070000,"E Fk San Jacinto Rv nr Cleveland, TX",ok,False,851.799,841.746,1.01194,1950-01-01,2019-12-31,complex,complex,1950-01-01,2019-12-31,1950-01-01,2019-12-31,25567,25567,25567,1,0.999998,0.999998,0.999998,,0,0,,0,185,0,1,0,,0,0,True
4480,GSIM_US_0006164,08070200,"E Fk San Jacinto Rv nr New Caney, TX",ok,False,991.396,1004.92,0.986547,1984-05-01,2019-12-31,complex,complex,1984-05-01,2019-12-31,1950-01-01,2019-12-31,12924,12924,12924,1,0.999998,0.999998,0.999998,,0,0,,0,139,0,1,0,,0,0,True
4481,GSIM_US_0006195,08079600,"DMF Brazos Rv at Justiceburg, TX",ok,False,2173.67,3796.92,0.572483,1961-12-01,2019-12-31,complex,complex,1961-12-01,2019-12-31,1950-01-01,2019-12-31,21215,21215,21215,1,0.999998,0.999998,0.999998,,0,0,,0,1283,0,1,0,,9677,9677,True
4482,GSIM_US_0006205,08082700,"Millers Ck nr Munday, TX",ok,False,319.03,269.359,1.18441,1963-08-01,2019-12-31,complex,complex,1963-08-01,2019-12-31,1950-01-01,2019-12-31,20607,20607,20607,1,0.999998,0.999998,0.999998,,0,0,,0,319,0,1,0,,14635,14635,True
4483,GSIM_US_0006216,08086212,"Hubbard Ck bl Albany, TX",ok,False,1604.97,1587.66,1.0109,1966-10-01,2019-12-31,complex,complex,1966-10-01,2019-12-31,1950-01-01,2019-12-31,19450,19450,19450,1,0.999998,0.999998,0.999998,,0,0,,0,148,0,1,0,,5929,5929,True
4484,GSIM_US_0006242,08101000,"Cowhouse Ck at Pidcoke, TX",ok,False,1180.44,1178.44,1.00169,1950-10-01,2019-12-31,complex,complex,1950-10-01,2019-12-31,1950-01-01,2019-12-31,25294,25294,25294,1,0.999998,0.999998,0.999998,,0,0,,0,181,0,1,0,,3208,3208,True
4485,GSIM_US_0006245,08103900,"S Fk Rocky Ck nr Briggs, TX",ok,False,88.0826,86.2466,1.02129,1963-04-01,2019-12-31,complex,complex,1963-04-01,2019-12-31,1950-01-01,2019-12-31,20729,20729,20729,1,0.999998,0.999998,0.999998,,0,0,,0,64,0,1,0,,8453,8453,True
4486,GSIM_US_0006251,08104900,"S Fk San Gabriel Rv at Georgetown, TX",ok,False,336.968,344.468,0.978225,1967-12-01,2019-12-31,complex,complex,1967-12-01,2019-12-31,1950-01-01,2019-12-31,19024,19024,19024,1,0.999998,0.999998,0.999998,,0,0,,0,143,0,1,0,,130,130,True
4487,GSIM_US_0006258,08109700,"Middle Yegua Ck nr Dime Box, TX",ok,False,616.085,611.237,1.00793,1962-08-01,2019-12-31,complex,complex,1962-08-01,2019-12-31,1950-01-01,2019-12-31,20972,20972,20972,1,0.999998,0.999998,0.999998,,0,0,,0,103,0,1,0,,3319,3319,True
4488,GSIM_US_0006313,08150800,"Beaver Ck nr Mason, TX",ok,False,568.521,556.847,1.02096,1963-08-01,2019-12-31,complex,complex,1963-08-01,2019-12-31,1950-01-01,2019-12-31,20607,20607,20607,1,0.999998,0.999998,0.999998,,0,0,,0,343,0,1,0,,626,626,True
4489,GSIM_US_0006319,08155200,"Barton Ck at SH 71 nr Oak Hill, TX",ok,False,223.203,232.322,0.96075,1978-02-07,2019-12-31,intermediate,complex,1978-02-07,2019-12-31,1950-01-01,2019-12-31,13034,13034,13034,1,0.999998,0.999998,0.999998,,0,0,,0,307,0,1,0,,809,809,True
4490,GSIM_US_0006336,08158700,"Onion Ck nr Driftwood, TX",ok,False,326.588,321.159,1.01691,1979-07-01,2019-12-31,complex,complex,1979-07-01,2019-12-31,1950-01-01,2019-12-31,14794,14794,14794,1,0.999998,0.999998,0.999998,,0,0,,0,89,0,1,0,,1408,1408,True
4491,GSIM_US_0006337,08158810,"Bear Ck bl FM 1826 nr Driftwood, TX",ok,False,32.8668,31.5979,1.04016,1979-07-07,2019-12-31,intermediate,complex,1979-07-07,2019-12-31,1950-01-01,2019-12-31,14788,14788,14788,1,0.999998,0.999998,0.999998,,0,0,,0,315,0,1,0,,2438,2438,True
4492,GSIM_US_0006351,08164000,"Lavaca Rv nr Edna, TX",ok,False,2089.1,2116.02,0.987277,1950-01-01,2019-12-31,complex,complex,1950-01-01,2019-12-31,1950-01-01,2019-12-31,25567,25567,25567,1,0.999998,0.999998,0.999998,,0,0,,0,68,0,1,0,,163,163,True
4493,GSIM_US_0006352,08164300,"Navidad Rv nr Hallettsville, TX",ok,False,862.255,859.876,1.00277,1961-10-01,2019-12-31,complex,complex,1961-10-01,2019-12-31,1950-01-01,2019-12-31,21275,21275,21275,1,0.999998,0.999998,0.999998,,0,0,,0,355,0,1,0,,230,230,True
4494,GSIM_US_0006358,08164600,"Garcitas Ck nr Inez, TX",ok,False,204.571,237.502,0.861343,1970-06-15,2019-12-31,complex,complex,1970-06-15,2019-12-31,1950-01-01,2019-12-31,18097,18097,18097,1,0.999998,0.999998,0.999998,,0,0,,0,440,0,1,0,,1827,1827,True
4495,GSIM_US_0006360,08165300,"N Fk Guadalupe Rv nr Hunt, TX",ok,False,442.509,437.708,1.01097,1967-08-01,2019-12-31,complex,complex,1967-08-01,2019-12-31,1950-01-01,2019-12-31,19146,19146,19146,1,0.999998,0.999998,0.999998,,0,0,,0,473,0,1,0,,0,0,True
4496,GSIM_US_0006376,08171300,"Blanco Rv nr Kyle, TX",ok,False,1085.82,1067.08,1.01756,1956-05-29,2019-12-31,intermediate,complex,1956-05-29,2019-12-31,1950-01-01,2019-12-31,23227,23227,23227,1,0.999998,0.999998,0.999998,,0,0,,0,454,0,1,0,,3348,3348,True
4497,GSIM_US_0006382,08175000,"Sandies Ck nr Westhoff, TX",ok,False,1430.41,1421.9,1.00598,1959-08-01,2019-12-31,complex,complex,1959-08-01,2019-12-31,1950-01-01,2019-12-31,22068,22068,22068,1,0.999998,0.999998,0.999998,,0,0,,0,303,0,1,0,,128,128,True
4498,GSIM_US_0006385,08176900,"Coleto Ck at Arnold Rd Crsg nr Schroeder, TX",ok,False,925.223,924.626,1.00065,1978-10-01,2019-12-31,complex,complex,1978-10-01,2019-12-31,1950-01-01,2019-12-31,14852,14852,14852,1,0.999998,0.999998,0.999998,,0,0,,0,55,0,1,0,,1882,1882,True
4499,GSIM_US_0006393,08178880,"Medina Rv at Bandera, TX",ok,False,855.118,849.516,1.00659,1982-10-01,2019-12-31,intermediate,complex,1982-10-01,2019-12-31,1950-01-01,2019-12-31,13606,13606,13606,1,0.999998,0.999998,0.999998,,0,0,,0,238,0,1,0,,229,229,True
4500,GSIM_US_0006419,08189500,"Mission Rv at Refugio, TX",ok,False,1817.72,1787.09,1.01714,1950-01-01,2019-12-31,complex,complex,1950-01-01,2019-12-31,1950-01-01,2019-12-31,25567,25567,25567,1,0.999998,0.999998,0.999998,,0,0,,0,286,0,1,0,,320,320,True
4501,GSIM_US_0006422,08190000,"Nueces Rv at Laguna, TX",ok,False,1973.84,1908.82,1.03406,1950-01-01,2019-12-31,complex,complex,1950-01-01,2019-12-31,1950-01-01,2019-12-31,25567,25567,25567,1,0.999998,0.999998,0.999998,,0,0,,0,163,0,1,0,,0,0,True
4502,GSIM_US_0006423,08190500,"W Nueces Rv nr Brackettville, TX",ok,False,1771.21,1797.45,0.985403,1950-01-01,2019-12-31,complex,complex,1950-01-01,2019-12-31,1950-01-01,2019-12-31,23557,23557,23557,1,0.999998,0.999998,0.999998,,0,0,,0,173,0,1,0,,8402,8402,True
4503,GSIM_US_0006427,08194200,"San Casimiro Ck nr Freer, TX",ok,False,1216.43,1214.7,1.00142,1962-01-01,2019-12-31,complex,complex,1962-01-01,2019-12-31,1950-01-01,2019-12-31,20713,20713,20713,1,0.999998,0.999998,0.999998,,0,0,,0,357,0,1,0,,11961,11961,True
4504,GSIM_US_0006429,08195000,"Frio Rv at Concan, TX",ok,False,1037.95,1007.51,1.03022,1950-01-01,2019-12-31,complex,complex,1950-01-01,2019-12-31,1950-01-01,2019-12-31,25567,25567,25567,1,0.999998,0.999998,0.999998,,0,0,,0,99,0,1,0,,213,213,True
4505,GSIM_US_0006430,08196000,"Dry Frio Rv nr Reagan Wells, TX",ok,False,303.496,326.339,0.930005,1952-09-01,2019-12-31,complex,complex,1952-09-01,2019-12-31,1950-01-01,2019-12-31,24593,24593,24593,1,0.999998,0.999998,0.999998,,0,0,,0,446,0,1,0,,172,172,True
4506,GSIM_US_0006433,08198500,"Sabinal Rv at Sabinal, TX",ok,False,650.223,624.187,1.04171,1986-09-30,2019-12-31,intermediate,complex,1986-09-30,2019-12-31,1950-01-01,2019-12-31,12146,12146,12146,1,0.999998,0.999998,0.999998,,0,0,,0,111,0,1,0,,200,200,True
4507,GSIM_US_0006434,08200000,"Hondo Ck nr Tarpley, TX",ok,False,267.946,247.603,1.08216,1952-08-20,2019-12-31,complex,complex,1952-08-20,2019-12-31,1950-01-01,2019-12-31,24605,24605,24605,1,0.999998,0.999998,0.999998,,0,0,,0,768,0,1,0,,2051,2051,True
4508,GSIM_US_0007069,09447800,"BONITA CREEK NEAR MORENCI, AZ.",ok,False,776.681,782.176,0.992974,1981-08-01,2019-12-31,complex,complex,1981-08-01,2019-12-31,1950-01-01,2019-12-31,14032,14032,14032,1,0.999998,0.999998,0.999998,,0,0,,0,1230,0,1,0,,0,0,True
4509,GSIM_US_0007088,09484000,"SABINO CREEK NEAR TUCSON, AZ",ok,False,102.312,91.9446,1.11276,1950-01-01,2019-12-31,complex,complex,1950-01-01,2019-12-31,1950-01-01,2019-12-31,20810,20810,20810,1,0.999998,0.999998,0.999998,,0,0,,0,1002,0,1,0,,5740,5740,True
4510,GSIM_US_0007092,09484600,"PANTANO WASH NEAR VAIL, AZ.",ok,False,1166.91,1183.62,0.985882,1959-01-01,2019-12-31,complex,complex,1959-01-01,2019-12-31,1950-01-01,2019-12-31,16800,16800,16800,1,0.999998,0.999998,0.999998,,0,0,,0,1776,0,1,0,,60,60,True
4511,GSIM_US_0007114,09497800,"CIBECUE CREEK NEAR CHRYSOTILE, AZ",ok,False,749.867,764.046,0.981442,1959-05-15,2019-12-31,complex,complex,1959-05-15,2019-12-31,1950-01-01,2019-12-31,22146,22146,22146,1,0.999998,0.999998,0.999998,,0,0,,0,1127,0,1,0,,0,0,True
4512,GSIM_US_0007115,09497980,"CHERRY CREEK NEAR GLOBE, AZ",ok,False,538.262,517.998,1.03912,1965-05-04,2019-12-31,complex,complex,1965-05-04,2019-12-31,1950-01-01,2019-12-31,19723,19723,19723,1,0.999998,0.999998,0.999998,,0,0,,0,284,0,1,0,,0,0,True
4513,GSIM_US_0007139,09508300,"WET BOTTOM CREEK NEAR CHILDS, AZ",ok,False,93.6449,94.2756,0.99331,1967-06-04,2019-12-31,intermediate,complex,1967-06-04,2019-12-31,1950-01-01,2019-12-31,19204,19204,19204,1,0.999998,0.999998,0.999998,,0,0,,0,957,0,1,0,,4647,4647,True
4514,GSIM_US_0007148,09512280,"CAVE CREEK BLW COTTONWOOD CR NEAR CAVE CREEK, AZ.",ok,False,188.228,214.192,0.878781,1980-10-01,2019-12-31,complex,intermediate,1980-10-01,2019-12-31,1950-01-01,2019-12-31,14336,14336,14336,1,0.999998,0.999998,0.999998,,0,0,,0,483,0,1,0,,7520,7520,True
4515,GSIM_US_0007154,09513780,"NEW RIVER NEAR ROCK SPRINGS, AZ.",ok,False,166.284,176.896,0.94001,1965-10-01,2019-12-31,complex,intermediate,1965-10-01,2019-12-31,1950-01-01,2019-12-31,19811,19811,19811,1,0.999998,0.999998,0.999998,,0,0,,0,365,0,1,0,,12116,12116,True
4516,GSIM_US_0007313,10258000,TAHQUITZ C NR PALM SPRINGS CA,ok,False,37.7731,43.7708,0.862974,1950-01-01,2019-12-31,complex,complex,1950-01-01,2019-12-31,1950-01-01,2019-12-31,25201,25201,25201,1,0.999998,0.999998,0.999998,,0,0,,0,492,0,1,0,,6409,6409,True
4517,GSIM_US_0007314,10258500,PALM CYN C NR PALM SPRINGS CA,ok,False,235.948,241.128,0.978519,1950-01-01,2019-12-31,complex,complex,1950-01-01,2019-12-31,1950-01-01,2019-12-31,25567,25567,25567,1,0.999998,0.999998,0.999998,,0,0,,0,495,0,1,0,,16866,16866,True
4518,GSIM_US_0007317,10259200,DEEP C NR PALM DESERT CA,ok,False,77.5746,79.2536,0.978815,1962-05-01,2019-12-31,complex,complex,1962-05-01,2019-12-31,1950-01-01,2019-12-31,21064,21064,21064,1,0.999998,0.999998,0.999998,,0,0,,0,325,0,1,0,,9595,9595,True
4519,GSIM_US_0007326,10263500,BIG ROCK C NR VALYERMO CA,ok,False,65.7048,59.3107,1.10781,1950-01-01,2019-12-31,complex,complex,1950-01-01,2019-12-31,1950-01-01,2019-12-31,25567,25567,25567,1,0.999998,0.999998,0.999998,,0,0,,0,2989,0,1,0,,0,0,True
4520,GSIM_US_0007601,11098000,ARROYO SECO NR PASADENA CA,ok,False,42.4512,41.4398,1.02441,1950-01-01,2019-12-31,complex,intermediate,1950-01-01,2019-12-31,1950-01-01,2019-12-31,25567,25567,25567,1,0.999998,0.999998,0.999998,,0,0,,0,660,0,1,0,,345,345,True
4521,GSIM_US_0007680,11141280,LOPEZ C NR ARROYO GRANDE CA,ok,False,52.8526,54.1308,0.976388,1967-07-21,2019-12-31,intermediate,intermediate,1967-07-21,2019-12-31,1950-01-01,2019-12-31,19157,19157,19157,1,0.999998,0.999998,0.999998,,0,0,,0,698,0,1,0,,0,0,True
4522,GSIM_US_0007697,11151300,SAN LORENZO C BL BITTERWATER C NR KING CITY CA,ok,False,617.152,603.467,1.02268,1958-10-01,2019-12-31,complex,intermediate,1958-10-01,2019-12-31,1950-01-01,2019-12-31,22271,22271,22271,1,0.999998,0.999998,0.999998,,0,0,,0,222,0,1,0,,1633,1633,True
4523,GSIM_US_0007727,11162500,PESCADERO C NR PESCADERO CA,ok,False,120.003,118.88,1.00945,1951-04-14,2019-12-31,complex,intermediate,1951-04-14,2019-12-31,1950-01-01,2019-12-31,25099,25099,25099,1,0.999998,0.999998,0.999998,,0,0,,0,352,0,1,0,,38,38,True
4524,GSIM_US_0007839,11253310,CANTUA C NR CANTUA CREEK CA,ok,False,125.934,120.175,1.04792,1966-10-01,2019-12-31,complex,intermediate,1966-10-01,2019-12-31,1950-01-01,2019-12-31,19450,19450,19450,1,0.999998,0.999998,0.999998,,0,0,,0,240,0,1,0,,9851,9851,True
4525,GSIM_US_0007858,11274500,ORESTIMBA C NR NEWMAN CA,ok,False,360.962,347.058,1.04006,1950-01-01,2019-12-31,complex,intermediate,1950-01-01,2019-12-31,1950-01-01,2019-12-31,25567,25567,25567,1,0.999998,0.999998,0.999998,,0,0,,0,222,0,1,0,,18737,18737,True
4526,GSIM_US_0007861,11274630,DEL PUERTO C NR PATTERSON CA,ok,False,191.703,188.033,1.01951,1965-06-18,2019-12-31,complex,complex,1965-06-18,2019-12-31,1950-01-01,2019-12-31,19920,19920,19920,1,0.999998,0.999998,0.999998,,0,0,,0,353,0,1,0,,9144,9144,True
4527,GSIM_US_0007984,11381500,MILL C NR LOS MOLINOS CA,ok,False,362.337,339.288,1.06793,1950-01-01,2019-12-31,intermediate,complex,1950-01-01,2019-12-31,1950-01-01,2019-12-31,25567,25567,25567,1,0.999998,0.999998,0.999998,,0,0,,0,21,0,1,0,,0,0,True
4528,GSIM_US_0007986,11383500,DEER C NR VINA CA,ok,False,559.544,538.718,1.03866,1950-01-01,2019-12-31,intermediate,intermediate,1950-01-01,2019-12-31,1950-01-01,2019-12-31,25567,25567,25567,1,0.999998,0.999998,0.999998,,0,0,,0,10,0,1,0,,0,0,True
4529,GSIM_US_0008104,11451100,NF CACHE C A HOUGH SPRING NR CLEARLAKE OAKS CA,ok,False,165.396,155.917,1.06079,1971-10-01,2019-12-31,complex,complex,1971-10-01,2019-12-31,1950-01-01,2019-12-31,17624,17624,17624,1,0.999998,0.999998,0.999998,,0,0,,0,523,0,1,0,,784,784,True
4530,GSIM_US_0008153,11468500,NOYO R NR FORT BRAGG CA,ok,False,279.826,274.539,1.01926,1951-10-01,2019-12-31,intermediate,intermediate,1951-10-01,2019-12-31,1950-01-01,2019-12-31,24929,24929,24929,1,0.999998,0.999998,0.999998,,0,0,,0,442,0,1,0,,0,0,True
4531,GSIM_US_0008162,11473900,MF EEL R NR DOS RIOS CA,ok,False,1920.11,1929.54,0.995113,1965-10-01,2019-12-31,complex,complex,1965-10-01,2019-12-31,1950-01-01,2019-12-31,19815,19815,19815,1,0.999998,0.999998,0.999998,,0,0,,0,835,0,1,0,,0,0,True
4532,GSIM_US_0008166,11475560,ELDER C NR BRANSCOMB CA,ok,False,118.723,16.8349,7.0522,1967-10-01,2019-12-31,intermediate,intermediate,1967-10-01,2019-12-31,1950-01-01,2019-12-31,19085,19085,19085,1,0.999998,0.999998,0.999998,,0,0,,0,191,0,1,0,,0,0,True
4533,GSIM_US_0008170,11476600,BULL C NR WEOTT CA,ok,False,72.3702,72.7787,0.994387,1960-10-01,2018-10-30,intermediate,complex,1960-10-01,2018-10-30,1950-01-01,2019-12-31,21214,21214,21214,1,0.999998,0.999998,0.999998,,0,0,,0,626,0,1,0,,0,0,True
4534,GSIM_US_0008172,11478500,VAN DUZEN R NR BRIDGEVILLE CA,ok,False,573.886,574.977,0.998101,1950-10-01,2019-12-31,intermediate,complex,1950-10-01,2019-12-31,1950-01-01,2019-12-31,25294,25294,25294,1,0.999998,0.999998,0.999998,,0,0,,0,140,0,1,0,,0,0,True
4535,GSIM_US_0008173,11480390,MAD R AB RUTH RES NR FOREST GLEN CA,ok,False,243.317,242.941,1.00155,1980-06-20,2019-12-31,intermediate,complex,1980-06-20,2019-12-31,1950-01-01,2019-12-31,14439,14439,14439,1,0.999998,0.999998,0.999998,,0,0,,0,201,0,1,0,,2527,2527,True
4536,GSIM_US_0008177,11481200,LITTLE R NR TRINIDAD CA,ok,False,104.646,104.895,0.997627,1955-10-01,2019-12-31,intermediate,complex,1955-10-01,2019-12-31,1950-01-01,2019-12-31,23468,23468,23468,1,0.999998,0.999998,0.999998,,0,0,,0,270,0,1,0,,0,0,True
4537,GSIM_US_0008196,11522500,SALMON R A SOMES BAR CA,ok,False,1945.12,1945.08,1.00002,1950-01-01,2019-12-31,complex,complex,1950-01-01,2019-12-31,1950-01-01,2019-12-31,25567,25567,25567,1,0.999998,0.999998,0.999998,,0,0,,0,377,0,1,0,,0,0,True
4538,GSIM_US_0008198,11523200,TRINITY R AB COFFEE C NR TRINITY CENTER CA,ok,False,384.072,385.908,0.995243,1957-10-01,2019-12-31,complex,complex,1957-10-01,2019-12-31,1950-01-01,2019-12-31,22737,22737,22737,1,0.999998,0.999998,0.999998,,0,0,,0,164,0,1,0,,0,0,True
4539,GSIM_US_0008214,11532500,SMITH R NR CRESCENT CITY CA,ok,False,1573.99,1590.25,0.989775,1950-01-01,2019-12-31,intermediate,intermediate,1950-01-01,2019-12-31,1950-01-01,2019-12-31,25567,25567,25567,1,0.999998,0.999998,0.999998,,0,0,,0,60,0,1,0,,0,0,True
4540,GSIM_US_0008215,12010000,"NASELLE RIVER NEAR NASELLE, WA",ok,False,138.19,141.931,0.97364,1950-01-01,2019-12-31,simple,intermediate,1950-01-01,2019-12-31,1950-01-01,2019-12-31,25567,25567,25567,1,0.999998,0.999998,0.999998,,0,0,,0,188,0,1,0,,0,0,True
4541,GSIM_US_0008217,12013500,"WILLAPA RIVER NEAR WILLAPA, WA",ok,False,346.882,336.698,1.03025,1950-01-01,2019-12-31,simple,intermediate,1950-01-01,2019-12-31,1950-01-01,2019-12-31,23254,23254,23254,1,0.999998,0.999998,0.999998,,0,0,,0,281,0,1,0,,0,0,True
4542,GSIM_US_0008219,12020000,"CHEHALIS RIVER NEAR DOTY, WA",ok,False,297.8,292.669,1.01753,1950-01-01,2019-12-31,simple,intermediate,1950-01-01,2019-12-31,1950-01-01,2019-12-31,25567,25567,25567,1,0.999998,0.999998,0.999998,,0,0,,0,707,0,1,0,,0,0,True
4543,GSIM_US_0008224,12025700,"SKOOKUMCHUCK RIVER NEAR VAIL, WA",ok,False,102.859,103.6,0.992851,1967-10-01,2019-12-31,simple,complex,1967-10-01,2019-12-31,1950-01-01,2019-12-31,19085,19085,19085,1,0.999998,0.999998,0.999998,,0,0,,0,170,0,1,0,,0,0,True
4544,GSIM_US_0008244,12043000,"CALAWAH RIVER NEAR FORKS, WA",ok,False,333.453,334.108,0.998038,1976-01-01,2019-12-31,simple,intermediate,1976-01-01,2019-12-31,1950-01-01,2019-12-31,14823,14823,14823,1,0.999998,0.999998,0.999998,,0,0,,0,665,0,1,0,,0,0,True
4545,GSIM_US_0008284,12095000,"SOUTH PRAIRIE CREEK AT SOUTH PRAIRIE, WA",ok,False,184.556,205.904,0.896323,1950-01-01,2019-12-31,intermediate,complex,1950-01-01,2019-12-31,1950-01-01,2019-12-31,19722,19722,19722,1,0.999998,0.999998,0.999998,,0,0,,0,928,0,1,0,,0,0,True
4546,GSIM_US_0008346,12145500,"RAGING RIVER NEAR FALL CITY, WA",ok,False,79.4097,79.2536,1.00197,1950-01-01,2019-12-31,simple,intermediate,1950-01-01,2019-12-31,1950-01-01,2019-12-31,20504,20504,20504,1,0.999998,0.999998,0.999998,,0,0,,0,86,0,1,0,,0,0,True
4547,GSIM_US_0008877,14138870,"FIR CREEK NEAR BRIGHTWOOD, OR",ok,False,14.1558,14.1413,1.00102,1975-10-01,2019-12-31,simple,intermediate,1975-10-01,2019-12-31,1950-01-01,2019-12-31,16163,16163,16163,1,0.999998,0.999998,0.999998,,0,0,,0,58,0,1,0,,0,0,True
4548,GSIM_US_0008900,14154500,"ROW RIVER ABOVE PITCHER CREEK, NEAR DORENA, OR",ok,False,544.401,546.487,0.996181,1950-01-01,2019-12-31,intermediate,complex,1950-01-01,2019-12-31,1950-01-01,2019-12-31,25567,25567,25567,1,0.999998,0.999998,0.999998,,0,0,,0,218,0,1,0,,0,0,True
4549,GSIM_US_0008941,14187000,"WILEY CREEK NEAR FOSTER, OR",ok,False,133.017,134.161,0.991467,1950-01-01,2019-12-31,intermediate,complex,1950-01-01,2019-12-31,1950-01-01,2019-12-31,20027,20027,20027,1,0.999998,0.999998,0.999998,,0,0,,0,96,0,1,0,,0,0,True
4550,GSIM_US_0009028,14306340,"EAST FORK LOBSTER CREEK NEAR ALSEA, OR.",ok,False,16.5421,14.7629,1.12052,1983-07-01,2019-12-31,intermediate,complex,1983-07-01,2019-12-31,1950-01-01,2019-12-31,13333,13333,13333,1,0.999998,0.999998,0.999998,,0,0,,0,552,0,1,0,,0,0,True
4551,GSIM_US_0009036,14308990,"COW CREEK ABV GALESVILLE RES, NR AZALEA, OR.",ok,False,167.202,167.572,0.997793,1985-10-01,2019-12-31,intermediate,complex,1985-10-01,2019-12-31,1950-01-01,2019-12-31,12510,12510,12510,1,0.999998,0.999998,0.999998,,0,0,,0,181,0,1,0,,0,0,True
4552,GSIM_US_0009088,14362250,"STAR GULCH NEAR RUCH, OR",ok,False,40.5086,41.4398,0.977529,1983-07-01,2019-12-31,complex,complex,1983-07-01,2019-12-31,1950-01-01,2019-12-31,13333,13333,13333,1,0.999998,0.999998,0.999998,,0,0,,0,601,0,1,0,,1177,1177,True
