GCIN,season,flagged,in_training,observed,predicted,authors_predicted,p_simple,p_intermediate,p_complex,country
1,dormant,False,False,complex,complex,complex,0.001146124,0.04887943,0.9499745,AR
2,dormant,False,True,complex,complex,complex,0.013246712,0.078370266,0.908383,AR
3,dormant,False,True,complex,complex,complex,0.0032510501,0.16434082,0.83240813,AR
4,dormant,False,True,complex,complex,complex,0.0037011523,0.047355175,0.9489437,AR
5,dormant,False,True,complex,complex,complex,0.010736283,0.104325354,0.8849384,AR
6,dormant,False,True,complex,complex,complex,0.0028413162,0.0094702,0.9876885,AR
7,dormant,False,True,complex,complex,complex,0.0026101337,0.028454762,0.96893513,AR
8,dormant,False,True,complex,complex,complex,0.040090084,0.06411782,0.89579207,AR
9,dormant,False,True,complex,complex,complex,0.05222481,0.0371524,0.9106228,AR
10,dormant,False,True,complex,complex,complex,0.1827854,0.053730972,0.7634836,AR
11,dormant,False,False,complex,complex,complex,0.0076762806,0.08034237,0.91198134,AU
12,dormant,False,True,complex,complex,complex,0.0062712496,0.08276018,0.9109686,AU
13,dormant,False,True,complex,complex,complex,0.003929947,0.057588324,0.93848175,AU
14,dormant,False,False,complex,complex,complex,0.008047323,0.09737159,0.89458114,AU
15,dormant,False,True,simple,simple,simple,0.7576565,0.07072087,0.17162256,AU
16,dormant,False,True,intermediate,intermediate,intermediate,0.012206239,0.8179309,0.1698629,AU
17,dormant,False,True,intermediate,intermediate,intermediate,0.022275375,0.7777369,0.19998774,AU
18,dormant,False,False,intermediate,complex,complex,0.013565635,0.26634768,0.7200867,AU
19,dormant,False,True,complex,complex,complex,0.034229483,0.0787769,0.8869936,AU
20,dormant,False,True,complex,complex,complex,0.014576905,0.099620976,0.8858021,AU
21,dormant,False,True,complex,complex,complex,0.0037985898,0.06275698,0.9334444,AU
22,dormant,False,False,complex,complex,complex,0.006350884,0.3381545,0.6554946,AU
23,dormant,False,False,complex,complex,complex,0.004216729,0.49169508,0.50408816,AU
24,dormant,False,True,complex,complex,complex,0.0019563814,0.06626124,0.9317823,AU
25,dormant,False,False,intermediate,complex,complex,0.00573244,0.44499385,0.5492737,AU
26,dormant,False,True,intermediate,intermediate,intermediate,0.0066859787,0.86264086,0.13067316,AU
27,dormant,False,True,complex,complex,complex,0.002370696,0.118371956,0.8792573,AU
28,dormant,False,False,intermediate,complex,complex,0.038941972,0.057066992,0.903991,AU
29,dormant,False,True,intermediate,intermediate,intermediate,0.008049636,0.82367843,0.16827193,AU
30,dormant,False,True,intermediate,intermediate,intermediate,0.0045587556,0.86811644,0.12732488,AU
31,dormant,False,True,complex,complex,complex,0.0011981726,0.017745882,0.9810559,AU
32,dormant,False,True,intermediate,intermediate,intermediate,0.023929676,0.88314,0.09293025,AU
33,dormant,False,True,complex,complex,complex,0.0023114649,0.019363748,0.97832483,AU
34,dormant,False,True,complex,complex,complex,0.007530264,0.070049115,0.92242056,AU
35,dormant,False,True,intermediate,intermediate,intermediate,0.007416222,0.78293616,0.20964767,AU
36,dormant,False,True,complex,complex,complex,0.009185502,0.083076485,0.90773803,AU
37,dormant,False,False,complex,complex,complex,0.014157249,0.084291995,0.90155077,AU
38,dormant,False,True,complex,complex,complex,0.016478602,0.044069495,0.9394519,AU
39,dormant,False,True,complex,complex,complex,0.052247602,0.21945713,0.72829527,AU
40,dormant,False,True,complex,complex,complex,0.01533405,0.07850963,0.9061563,AU
41,dormant,False,True,complex,complex,complex,0.025405968,0.32546225,0.6491317,AU
42,dormant,False,True,complex,complex,complex,0.0022339174,0.07038723,0.92737883,AU
43,dormant,False,True,complex,complex,complex,0.0039050807,0.023979053,0.97211593,AU
44,dormant,False,False,complex,complex,complex,0.18610491,0.09459879,0.7192963,AU
45,dormant,False,True,complex,complex,complex,0.02238223,0.12369238,0.8539254,AU
46,dormant,False,True,complex,complex,complex,0.07239483,0.076205276,0.8513999,AU
47,dormant,False,True,intermediate,intermediate,intermediate,0.004962352,0.91542435,0.079613306,AU
48,dormant,False,True,intermediate,intermediate,intermediate,0.016157862,0.95793355,0.025908543,AU
49,dormant,False,True,intermediate,intermediate,intermediate,0.008083248,0.9411169,0.05079979,AU
50,dormant,False,False,complex,complex,complex,0.012062077,0.21351461,0.7744233,AU
51,dormant,False,False,complex,intermediate,intermediate,0.0051588183,0.69243383,0.30240735,AU
52,dormant,False,True,complex,complex,complex,0.0056311553,0.24143751,0.75293136,AU
53,dormant,False,True,complex,complex,complex,0.001961094,0.0529971,0.94504184,AU
54,dormant,False,True,complex,complex,complex,0.008054949,0.12846136,0.8634837,AU
55,dormant,False,True,complex,complex,complex,0.0009966402,0.06668912,0.9323142,AU
56,dormant,False,True,complex,complex,complex,0.02681987,0.11278246,0.8603977,AU
57,dormant,False,True,complex,complex,complex,0.007276045,0.1404342,0.85228974,AU
58,dormant,False,True,complex,complex,complex,0.0020008634,0.038463943,0.9595352,AU
59,dormant,False,True,complex,complex,complex,0.0072181392,0.28943548,0.7033464,AU
60,dormant,False,True,complex,complex,complex,0.019672913,0.26954192,0.71078515,AU
61,dormant,False,True,complex,complex,complex,0.011595425,0.060403325,0.9280013,AU
62,dormant,False,False,complex,complex,complex,0.008839642,0.23932308,0.7518373,AU
63,dormant,False,True,intermediate,intermediate,intermediate,0.004051418,0.8330478,0.16290079,AU
64,dormant,False,True,complex,complex,complex,0.005371373,0.08593694,0.90869164,AU
65,dormant,False,True,intermediate,intermediate,intermediate,0.0030465352,0.76173735,0.23521613,AU
66,dormant,False,True,complex,complex,complex,0.00767438,0.15760389,0.83472174,AU
67,dormant,False,True,intermediate,intermediate,intermediate,0.0074467757,0.889991,0.10256223,AU
68,dormant,False,True,complex,complex,complex,0.002131954,0.041028325,0.9568397,AU
69,dormant,False,True,intermediate,intermediate,intermediate,0.0030939027,0.7639423,0.23296386,AU
70,dormant,False,True,complex,complex,complex,0.0067652897,0.041863505,0.9513712,AU
71,dormant,False,True,complex,complex,complex,0.0011137187,0.01993518,0.97895116,AU
72,dormant,False,True,complex,complex,complex,0.008566964,0.08637103,0.905062,AU
73,dormant,False,True,complex,complex,complex,0.005422712,0.20829499,0.78628224,AU
74,dormant,False,True,complex,complex,complex,0.0016373012,0.024285676,0.974077,AU
75,dormant,False,True,complex,complex,complex,0.011406133,0.15548846,0.8331054,AU
76,dormant,False,True,complex,complex,complex,0.0038847956,0.06223578,0.9338794,AU
77,dormant,False,False,intermediate,complex,complex,0.0036603203,0.06419445,0.93214524,AU
78,dormant,False,True,complex,complex,complex,0.0019686332,0.09876147,0.8992699,AU
79,dormant,False,True,complex,complex,complex,0.06016587,0.34032655,0.5995076,AU
80,dormant,False,False,complex,complex,complex,0.008444393,0.36267295,0.62888265,AU
81,dormant,False,True,complex,complex,complex,0.0017900204,0.093685284,0.9045247,AU
82,dormant,False,True,complex,complex,complex,0.010024889,0.2173878,0.77258736,AU
83,dormant,False,True,complex,complex,complex,0.005259584,0.05843608,0.93630433,AU
84,dormant,False,True,intermediate,intermediate,intermediate,0.00574014,0.82217366,0.17208627,AU
85,dormant,False,True,complex,complex,complex,0.004182094,0.13019547,0.86562246,AU
86,dormant,False,False,intermediate,complex,complex,0.007554272,0.21390788,0.77853787,AU
87,dormant,False,True,complex,complex,complex,0.0046519795,0.08492663,0.9104214,AU
88,dormant,False,False,complex,complex,complex,0.0037922168,0.20616102,0.79004675,AU
89,dormant,False,True,complex,complex,complex,0.0010357829,0.055919785,0.94304436,AU
90,dormant,False,True,complex,complex,complex,0.0026783152,0.12241186,0.8749098,AU
91,dormant,False,True,complex,complex,complex,0.015562235,0.096024,0.8884138,AU
92,dormant,False,True,intermediate,intermediate,intermediate,0.015402415,0.85313034,0.13146724,AU
93,dormant,False,True,intermediate,intermediate,intermediate,0.03621528,0.9158312,0.04795354,AU
94,dormant,False,True,complex,complex,complex,0.01969485,0.13053468,0.8497705,AU
95,dormant,False,False,intermediate,complex,complex,0.002003266,0.06563642,0.9323603,AU
96,dormant,False,True,complex,complex,complex,0.003427393,0.07541907,0.92115355,AU
97,dormant,False,True,intermediate,intermediate,intermediate,0.012527913,0.86798805,0.119484074,AU
98,dormant,False,False,intermediate,complex,complex,0.007577922,0.4574109,0.5350112,AU
99,dormant,False,True,complex,complex,complex,0.012489597,0.0971971,0.8903133,AU
100,dormant,False,True,complex,complex,complex,0.016342591,0.44891784,0.53473955,AU
101,dormant,False,True,intermediate,intermediate,intermediate,0.07998796,0.6592223,0.2607897,AU
102,dormant,False,True,complex,complex,complex,0.041413996,0.050106112,0.90847987,AU
103,dormant,False,True,intermediate,intermediate,intermediate,0.016998159,0.9276437,0.05535811,AU
104,dormant,False,True,intermediate,intermediate,intermediate,0.0652348,0.8687599,0.06600531,AU
105,dormant,False,True,intermediate,intermediate,intermediate,0.03675667,0.9082626,0.05498079,AU
106,dormant,False,True,simple,simple,simple,0.5824563,0.35953,0.058013733,AU
107,dormant,False,True,intermediate,intermediate,intermediate,0.012500898,0.96614754,0.021351526,AU
108,dormant,False,True,intermediate,intermediate,intermediate,0.07513112,0.82592905,0.098939866,AU
109,dormant,False,True,intermediate,intermediate,intermediate,0.026498897,0.9243041,0.04919701,AU
110,dormant,False,True,intermediate,intermediate,intermediate,0.04220935,0.6367333,0.32105732,AU
111,dormant,False,True,intermediate,intermediate,intermediate,0.00838693,0.9329958,0.058617305,AU
112,dormant,False,False,intermediate,intermediate,intermediate,0.33324495,0.39089042,0.27586463,AU
113,dormant,False,True,intermediate,intermediate,intermediate,0.008176934,0.948399,0.04342409,AU
114,dormant,False,True,simple,simple,simple,0.6217888,0.1929754,0.18523581,AU
115,dormant,False,True,intermediate,intermediate,intermediate,0.02200386,0.79598325,0.18201286,AU
116,dormant,False,True,intermediate,intermediate,intermediate,0.032659184,0.8653063,0.10203455,AU
117,dormant,False,False,intermediate,complex,complex,0.009942125,0.47658965,0.51346827,AU
118,dormant,False,True,intermediate,intermediate,intermediate,0.074538015,0.86680317,0.058658805,AU
119,dormant,False,True,simple,simple,simple,0.515385,0.39539668,0.08921831,AU
120,dormant,False,False,intermediate,intermediate,intermediate,0.006143837,0.81674683,0.17710939,AU
121,dormant,False,False,complex,complex,complex,0.01681931,0.28403392,0.69914675,AU
122,dormant,False,True,intermediate,intermediate,intermediate,0.0077919904,0.76619416,0.22601382,AU
123,dormant,False,True,intermediate,intermediate,intermediate,0.0032311436,0.9551211,0.0416477,AU
124,dormant,False,True,intermediate,intermediate,intermediate,0.00060706655,0.9637295,0.035663433,AU
125,dormant,False,False,intermediate,intermediate,intermediate,0.003610945,0.8063027,0.19008633,AU
126,dormant,False,True,intermediate,intermediate,intermediate,0.0029089449,0.9302385,0.0668525,AU
127,dormant,False,True,intermediate,intermediate,intermediate,0.0027394877,0.88245356,0.114806995,AU
128,dormant,False,True,intermediate,intermediate,intermediate,0.0032133623,0.9491913,0.047595393,AU
129,dormant,False,True,complex,intermediate,intermediate,0.027796196,0.49554923,0.4766546,AU
130,dormant,False,False,intermediate,intermediate,intermediate,0.035977647,0.6256011,0.3384212,AU
131,dormant,False,False,simple,intermediate,intermediate,0.0033811415,0.93083256,0.06578635,AU
132,dormant,False,True,intermediate,intermediate,intermediate,0.026355186,0.9253109,0.048333846,AU
133,dormant,False,True,intermediate,intermediate,intermediate,0.017462326,0.93473464,0.047803022,AU
134,dormant,False,True,intermediate,intermediate,intermediate,0.0034569637,0.93342704,0.06311598,AU
135,dormant,False,True,intermediate,intermediate,intermediate,0.047322232,0.90159523,0.051082484,AU
136,dormant,False,False,intermediate,complex,complex,0.095568076,0.33842736,0.5660046,AU
137,dormant,False,True,simple,simple,simple,0.7625858,0.17397033,0.06344385,AU
138,dormant,False,True,simple,simple,simple,0.96749204,0.025878666,0.006629299,AU
139,dormant,False,False,intermediate,complex,complex,0.00472967,0.08400105,0.91126925,AU
140,dormant,False,True,simple,simple,simple,0.95713896,0.03803708,0.004823958,AU
141,dormant,False,True,complex,complex,complex,0.00901407,0.032986466,0.9579994,AU
142,dormant,False,True,complex,complex,complex,0.0146119995,0.049862687,0.93552524,AU
143,dormant,False,True,complex,complex,complex,0.018047541,0.01514408,0.96680844,AU
144,dormant,False,True,complex,complex,complex,0.007346007,0.09614035,0.89651364,AU
145,dormant,False,False,complex,complex,complex,0.0106472215,0.17125888,0.8180939,AU
146,dormant,False,True,complex,complex,complex,0.01183375,0.28234696,0.7058193,AU
147,dormant,False,False,complex,complex,complex,0.009436886,0.32569483,0.6648683,AU
148,dormant,False,True,complex,complex,complex,0.0042008916,0.188337,0.8074621,AU
149,dormant,False,False,intermediate,complex,complex,0.0010410758,0.042227738,0.95673126,AU
150,dormant,False,True,complex,complex,complex,0.0007544879,0.031713475,0.96753204,AU
151,dormant,False,True,complex,complex,complex,0.008865228,0.20469083,0.786444,AU
152,dormant,False,False,intermediate,intermediate,intermediate,0.013547852,0.8957206,0.090731576,AU
153,dormant,False,False,intermediate,intermediate,intermediate,0.01560111,0.6684158,0.31598312,AU
154,dormant,False,True,intermediate,intermediate,intermediate,0.032880787,0.92283094,0.044288266,AU
155,dormant,False,True,intermediate,intermediate,intermediate,0.022915728,0.92947507,0.04760923,AU
156,dormant,False,False,complex,intermediate,intermediate,0.011732846,0.66195947,0.3263077,AU
157,dormant,False,False,intermediate,intermediate,intermediate,0.0025339003,0.7623936,0.23507254,AU
158,dormant,False,True,intermediate,intermediate,intermediate,0.019534867,0.77498597,0.20547912,AU
159,dormant,False,True,intermediate,intermediate,intermediate,0.025359197,0.9454249,0.029215897,AU
160,dormant,False,True,intermediate,intermediate,intermediate,0.0033563166,0.831045,0.1655987,AU
161,dormant,False,False,intermediate,intermediate,intermediate,0.014187327,0.8657326,0.12008001,AU
162,dormant,False,True,complex,complex,complex,0.0039535677,0.10428524,0.89176124,AU
163,dormant,False,True,complex,complex,complex,0.0040339106,0.20400532,0.7919608,AU
164,dormant,False,True,complex,complex,complex,0.0068137045,0.38613868,0.6070476,AU
165,dormant,False,True,complex,complex,complex,0.00290721,0.06248778,0.934605,AU
166,dormant,False,True,complex,complex,complex,0.0014206761,0.05761495,0.9409644,AU
167,dormant,False,True,complex,complex,complex,0.005506531,0.17604993,0.8184436,AU
168,dormant,False,True,complex,complex,complex,0.045978785,0.282303,0.6717182,AU
169,dormant,False,False,complex,complex,complex,0.17245659,0.090796895,0.73674655,AU
170,dormant,False,True,complex,complex,complex,0.0016143128,0.08093762,0.91744804,AU
171,dormant,False,True,complex,complex,complex,0.0070166467,0.10324345,0.8897399,AU
172,dormant,False,True,complex,complex,complex,0.006352769,0.33639297,0.6572543,AU
173,dormant,False,True,complex,complex,complex,0.017412264,0.30205154,0.68053615,AU
174,dormant,False,False,intermediate,complex,complex,0.018171437,0.48744822,0.49438033,AU
175,dormant,False,True,intermediate,intermediate,intermediate,0.008105903,0.95107853,0.04081548,AU
176,dormant,False,False,intermediate,complex,complex,0.010478241,0.35177088,0.6377509,AU
177,dormant,False,False,intermediate,complex,complex,0.012090564,0.06695747,0.92095196,AU
178,dormant,False,True,intermediate,intermediate,intermediate,0.019749813,0.674234,0.3060162,AU
179,dormant,False,True,complex,complex,complex,0.018977344,0.17825444,0.8027682,AU
180,dormant,False,True,intermediate,intermediate,intermediate,0.015350026,0.9091182,0.07553184,AU
181,dormant,False,True,complex,complex,complex,0.0035390272,0.06447363,0.9319873,AU
182,dormant,False,True,complex,complex,complex,0.0064895395,0.11657875,0.8769317,AU
183,dormant,False,False,intermediate,intermediate,intermediate,0.012867477,0.9245347,0.06259789,AU
184,dormant,False,True,intermediate,intermediate,intermediate,0.0028695352,0.8336108,0.16351965,AU
185,dormant,False,True,complex,complex,complex,0.010552391,0.089233294,0.9002144,AU
186,dormant,False,True,complex,complex,complex,0.0049771247,0.082372345,0.9126505,AU
187,dormant,False,True,complex,complex,complex,0.0029602794,0.0257504,0.9712893,AU
188,dormant,False,True,complex,complex,complex,0.04590117,0.2187263,0.73537254,AU
189,dormant,False,True,complex,complex,complex,0.0028256709,0.21518925,0.78198504,AU
190,dormant,False,True,complex,complex,complex,0.0076097166,0.29266578,0.6997245,AU
191,dormant,False,True,intermediate,intermediate,intermediate,0.018719967,0.7666377,0.21464229,AU
192,dormant,False,True,intermediate,intermediate,intermediate,0.01058932,0.89028263,0.09912805,AU
193,dormant,False,True,intermediate,intermediate,intermediate,0.021873698,0.77372813,0.2043982,AU
194,dormant,False,True,intermediate,intermediate,intermediate,0.011254087,0.8363798,0.15236606,AU
195,dormant,False,False,complex,complex,complex,0.001681483,0.05017986,0.9481386,AU
196,dormant,False,True,intermediate,intermediate,intermediate,0.0043299077,0.681284,0.31438604,AU
197,dormant,False,True,complex,complex,complex,0.00966845,0.028952178,0.96137935,AU
198,dormant,False,False,complex,intermediate,intermediate,0.021261508,0.64524305,0.33349547,AU
199,dormant,False,True,intermediate,intermediate,intermediate,0.009587468,0.8349795,0.15543303,AU
200,dormant,False,True,complex,complex,complex,0.013767235,0.15295109,0.83328176,AU
201,dormant,False,True,intermediate,intermediate,intermediate,0.005562491,0.84042186,0.15401566,AU
202,dormant,False,True,complex,complex,complex,0.016347647,0.0666578,0.91699463,AU
203,dormant,False,False,complex,complex,complex,0.0023274173,0.050337218,0.94733536,AU
204,dormant,False,False,intermediate,complex,complex,0.002310628,0.09863827,0.89905113,AU
205,dormant,False,True,complex,complex,complex,0.021402083,0.13830058,0.8402974,AU
206,dormant,False,False,intermediate,complex,complex,0.014506772,0.15979594,0.8256973,AU
207,dormant,False,True,intermediate,intermediate,intermediate,0.0022463652,0.9304299,0.0673238,AU
208,dormant,False,True,intermediate,intermediate,intermediate,0.011900959,0.9514677,0.036631342,AU
209,dormant,False,False,intermediate,simple,simple,0.6492989,0.23547547,0.115225606,AU
210,dormant,False,False,intermediate,complex,complex,0.01077322,0.114757195,0.8744696,AU
211,dormant,False,True,simple,simple,simple,0.91770625,0.03388072,0.048413042,AU
212,dormant,False,False,simple,simple,simple,0.7429864,0.067421354,0.18959232,AU
213,dormant,False,True,simple,simple,simple,0.93425524,0.027111929,0.038632814,AU
214,dormant,False,True,intermediate,intermediate,intermediate,0.061985984,0.9121585,0.02585557,AU
215,dormant,False,True,simple,simple,simple,0.9605897,0.017782921,0.021627411,AU
216,dormant,False,True,intermediate,intermediate,intermediate,0.119813405,0.8357037,0.044482917,AU
217,dormant,False,False,simple,simple,simple,0.7708043,0.14375122,0.08544455,AU
218,dormant,False,False,intermediate,complex,complex,0.081773914,0.45826906,0.45995703,AU
219,dormant,False,True,intermediate,intermediate,intermediate,0.024720242,0.6937094,0.28157035,BR
220,dormant,False,True,complex,complex,complex,0.01758998,0.03562741,0.9467825,BR
221,dormant,False,True,complex,complex,complex,0.0028962363,0.014126286,0.9829775,BR
222,dormant,False,True,complex,complex,complex,0.007980612,0.01874416,0.97327524,BR
223,dormant,False,False,complex,complex,complex,0.0034731224,0.11104705,0.8854798,BR
224,dormant,False,True,complex,complex,complex,0.0054551456,0.037182648,0.95736223,BR
225,dormant,False,False,complex,complex,complex,0.20748693,0.08034852,0.7121646,BR
226,dormant,False,True,complex,complex,complex,0.009678583,0.048214134,0.94210726,BR
227,dormant,False,True,complex,complex,complex,0.008697357,0.036573287,0.9547293,BR
228,dormant,False,False,complex,complex,complex,0.03492492,0.13830146,0.82677364,BR
229,dormant,False,True,intermediate,intermediate,intermediate,0.005952823,0.8100805,0.18396664,BR
230,dormant,False,True,intermediate,intermediate,intermediate,0.0024928877,0.90691966,0.09058746,BR
231,dormant,False,True,intermediate,intermediate,intermediate,0.124120474,0.8038339,0.07204565,BR
232,dormant,False,True,intermediate,intermediate,intermediate,0.008067804,0.8877667,0.104165465,BR
233,dormant,False,True,intermediate,intermediate,intermediate,0.008448229,0.85773015,0.13382156,BR
234,dormant,False,True,intermediate,intermediate,intermediate,0.0036557214,0.89248645,0.103857785,BR
235,dormant,False,True,intermediate,intermediate,intermediate,0.016457025,0.7948264,0.18871656,BR
236,dormant,False,True,complex,complex,complex,0.007111046,0.0711369,0.92175204,BR
237,dormant,False,True,complex,complex,complex,0.024660375,0.18968102,0.7856586,BR
238,dormant,False,True,complex,complex,complex,0.011967032,0.19246754,0.7955654,BR
239,dormant,False,True,complex,complex,complex,0.008496402,0.116290495,0.87521315,BR
240,dormant,False,True,intermediate,intermediate,intermediate,0.0067242114,0.7648484,0.22842735,BR
241,dormant,False,False,intermediate,complex,complex,0.004538936,0.16457923,0.83088183,BR
242,dormant,False,True,complex,complex,complex,0.003939368,0.062208388,0.93385226,BR
243,dormant,False,True,complex,complex,complex,0.022478227,0.04661733,0.93090445,BR
244,dormant,False,True,intermediate,intermediate,intermediate,0.077272974,0.7474402,0.17528686,BR
245,dormant,False,True,complex,complex,complex,0.020523652,0.038306307,0.94117004,BR
246,dormant,False,True,intermediate,intermediate,intermediate,0.031286232,0.7507369,0.2179769,BR
247,dormant,False,False,complex,complex,complex,0.3463903,0.08780625,0.5658034,BR
248,dormant,False,True,complex,complex,complex,0.04726935,0.026324114,0.9264065,BR
249,dormant,False,True,complex,complex,complex,0.004280163,0.03980876,0.95591104,BR
250,dormant,False,True,complex,complex,complex,0.003214631,0.03298772,0.9637977,BR
251,dormant,False,True,complex,complex,complex,0.010798153,0.03656167,0.9526401,BR
252,dormant,False,True,complex,complex,complex,0.017743114,0.02861447,0.9536424,BR
253,dormant,False,True,complex,complex,complex,0.009829939,0.032058287,0.9581118,BR
254,dormant,False,True,simple,simple,simple,0.79894835,0.077226326,0.12382534,BR
255,dormant,False,True,complex,complex,complex,0.0091360975,0.02710076,0.9637632,BR
256,dormant,False,False,intermediate,simple,simple,0.61800295,0.10529522,0.27670184,BR
257,dormant,False,True,complex,complex,complex,0.009077525,0.22228304,0.76863945,BR
258,dormant,False,True,complex,complex,complex,0.013440576,0.12940398,0.8571555,BR
259,dormant,False,True,complex,complex,complex,0.026161434,0.03776852,0.9360701,BR
260,dormant,False,True,complex,complex,complex,0.0032163996,0.02971213,0.9670715,BR
261,dormant,False,True,complex,complex,complex,0.0025633224,0.046411827,0.9510249,BR
262,dormant,False,True,complex,complex,complex,0.00997359,0.03362395,0.9564025,BR
263,dormant,False,True,complex,complex,complex,0.013186072,0.08686745,0.89994645,BR
264,dormant,False,True,complex,complex,complex,0.037272558,0.14806886,0.8146586,BR
265,dormant,False,True,complex,complex,complex,0.015037206,0.084576264,0.9003866,BR
266,dormant,False,True,complex,complex,complex,0.006244448,0.14850616,0.84524935,BR
267,dormant,False,True,complex,complex,complex,0.03127999,0.22670779,0.7420122,BR
268,dormant,False,False,intermediate,complex,complex,0.010562891,0.23576063,0.75367653,BR
269,dormant,False,True,complex,complex,complex,0.012282865,0.07830991,0.90940726,BR
270,dormant,False,True,complex,complex,complex,0.004317929,0.078820646,0.9168614,BR
271,dormant,False,True,complex,complex,complex,0.011407375,0.09614144,0.89245117,BR
272,dormant,False,True,complex,complex,complex,0.006167846,0.13859783,0.8552343,BR
273,dormant,False,True,complex,complex,complex,0.005734488,0.20563945,0.788626,BR
274,dormant,False,True,intermediate,intermediate,intermediate,0.010331626,0.73562413,0.2540443,BR
275,dormant,False,True,intermediate,intermediate,intermediate,0.023048585,0.9276382,0.049313225,BR
276,dormant,False,True,intermediate,intermediate,intermediate,0.013368125,0.91320413,0.073427744,BR
277,dormant,False,True,complex,complex,complex,0.005965027,0.12432481,0.8697101,BR
278,dormant,False,True,intermediate,intermediate,intermediate,0.014466012,0.75731725,0.22821668,BR
279,dormant,False,True,intermediate,intermediate,intermediate,0.08585126,0.47253975,0.44160897,BR
280,dormant,False,False,complex,complex,complex,0.020306379,0.12604266,0.853651,BR
281,dormant,False,False,intermediate,intermediate,intermediate,0.024658961,0.6108056,0.36453542,BR
282,dormant,False,True,complex,complex,complex,0.006374496,0.09579161,0.8978338,BR
283,dormant,False,True,complex,complex,complex,0.016419563,0.36779267,0.61578774,BR
284,dormant,False,True,intermediate,intermediate,intermediate,0.008015998,0.7733564,0.21862766,BR
285,dormant,False,False,complex,complex,complex,0.0032567596,0.17193389,0.8248094,BR
286,dormant,False,True,complex,complex,complex,0.010422088,0.21930721,0.77027065,BR
287,dormant,False,True,complex,complex,complex,0.004172755,0.08322917,0.9125981,BR
288,dormant,False,True,complex,complex,complex,0.014185817,0.11859753,0.8672167,BR
289,dormant,False,True,complex,complex,complex,0.0036188168,0.0731824,0.9231988,BR
290,dormant,False,True,complex,complex,complex,0.023574704,0.064423636,0.91200167,BR
291,dormant,False,True,complex,complex,complex,0.005571343,0.11893747,0.8754912,BR
292,dormant,False,True,complex,complex,complex,0.0132396575,0.1273925,0.8593678,BR
293,dormant,False,True,intermediate,intermediate,intermediate,0.0646079,0.66133493,0.27405724,BR
294,dormant,False,True,simple,simple,simple,0.5689417,0.23479319,0.19626509,BR
295,dormant,False,False,complex,complex,complex,0.038705543,0.4072136,0.55408084,BR
296,dormant,False,True,complex,complex,complex,0.033773728,0.16533566,0.80089056,BR
297,dormant,False,False,complex,complex,complex,0.06102027,0.20122674,0.73775303,BR
298,dormant,False,True,complex,complex,complex,0.0059684743,0.061789382,0.9322421,BR
299,dormant,False,True,complex,complex,complex,0.023268748,0.10110482,0.87562644,BR
300,dormant,False,True,intermediate,intermediate,intermediate,0.0070464523,0.81256026,0.18039325,BR
301,dormant,False,True,complex,complex,complex,0.010169374,0.10489051,0.8849401,BR
302,dormant,False,True,complex,complex,complex,0.003854697,0.14970718,0.8464381,BR
303,dormant,False,True,complex,complex,complex,0.0071588084,0.09884047,0.8940007,BR
304,dormant,False,False,intermediate,complex,complex,0.014311236,0.46399614,0.52169263,BR
305,dormant,False,True,intermediate,intermediate,intermediate,0.0067237914,0.81472105,0.17855516,BR
306,dormant,False,False,intermediate,intermediate,intermediate,0.022113593,0.7678302,0.21005616,BR
307,dormant,False,True,complex,complex,complex,0.007189431,0.14791127,0.8448993,BR
308,dormant,False,True,intermediate,intermediate,intermediate,0.014472123,0.78003085,0.205497,BR
309,dormant,False,True,complex,complex,complex,0.0074403887,0.0762854,0.91627425,BR
310,dormant,False,True,complex,complex,complex,0.008860056,0.114858784,0.87628114,BR
311,dormant,False,False,complex,complex,complex,0.009410803,0.41950053,0.5710887,BR
312,dormant,False,True,complex,complex,complex,0.019107103,0.15143646,0.82945645,BR
313,dormant,False,False,complex,complex,complex,0.017862959,0.21641897,0.76571804,BR
314,dormant,False,False,intermediate,complex,complex,0.018341042,0.14940225,0.8322567,BR
315,dormant,False,True,intermediate,intermediate,intermediate,0.01688245,0.83259404,0.15052348,BR
316,dormant,False,True,complex,complex,complex,0.010830336,0.22902125,0.7601484,BR
317,dormant,False,False,complex,complex,complex,0.0038939829,0.08042148,0.9156845,BR
318,dormant,False,False,complex,complex,complex,0.0021763623,0.043327276,0.95449644,BR
319,dormant,False,True,complex,complex,complex,0.016002446,0.10333227,0.8806653,BR
320,dormant,False,True,complex,complex,complex,0.002017265,0.037718087,0.9602647,BR
321,dormant,False,True,complex,complex,complex,0.0039483886,0.025443941,0.9706077,BR
322,dormant,False,True,complex,complex,complex,0.0062113274,0.025546098,0.9682426,BR
323,dormant,False,True,complex,complex,complex,0.01607185,0.054837868,0.92909026,BR
324,dormant,False,True,complex,complex,complex,0.00479622,0.06907255,0.92613125,BR
325,dormant,False,True,complex,complex,complex,0.003532198,0.077076554,0.9193913,BR
326,dormant,False,False,complex,complex,complex,0.007392786,0.34608513,0.6465221,BR
327,dormant,False,True,complex,complex,complex,0.0038003004,0.031231066,0.96496856,BR
328,dormant,False,True,complex,complex,complex,0.0144887585,0.047751892,0.93775934,BR
329,dormant,False,True,complex,complex,complex,0.013013929,0.044181462,0.94280463,BR
330,dormant,False,True,complex,complex,complex,0.033137154,0.14429311,0.8225697,BR
331,dormant,False,True,complex,complex,complex,0.005486804,0.120966874,0.87354636,BR
332,dormant,False,True,complex,complex,complex,0.0063326024,0.058204878,0.93546253,BR
333,dormant,False,True,complex,complex,complex,0.031004997,0.22281758,0.74617743,BR
334,dormant,False,True,complex,complex,complex,0.030421002,0.14359424,0.8259848,BR
335,dormant,False,True,intermediate,intermediate,intermediate,0.010941034,0.9032283,0.085830696,BR
336,dormant,False,True,complex,complex,complex,0.00986196,0.2626311,0.72750694,BR
337,dormant,False,False,intermediate,complex,complex,0.027095607,0.4602153,0.5126891,BR
338,dormant,False,True,complex,complex,complex,0.0051733493,0.3252692,0.6695575,BR
339,dormant,False,True,complex,complex,complex,0.0022321122,0.11464968,0.88311815,BR
340,dormant,False,True,intermediate,intermediate,intermediate,0.0082212165,0.75668347,0.2350953,BR
341,dormant,False,True,complex,complex,complex,0.0076799253,0.14409402,0.8482261,BR
342,dormant,False,True,intermediate,intermediate,intermediate,0.0029884616,0.81745046,0.17956111,BR
343,dormant,False,True,intermediate,intermediate,intermediate,0.025245244,0.75593686,0.21881787,BR
344,dormant,False,True,intermediate,intermediate,intermediate,0.014968795,0.6284405,0.35659072,BR
345,dormant,False,True,complex,complex,complex,0.0031712763,0.11844153,0.87838715,BR
346,dormant,False,True,complex,complex,complex,0.014332459,0.16702774,0.8186398,BR
347,dormant,False,True,complex,complex,complex,0.007482228,0.1415466,0.85097116,BR
348,dormant,False,True,complex,complex,complex,0.0026638063,0.07672998,0.9206062,BR
349,dormant,False,True,complex,complex,complex,0.0014297903,0.06313133,0.9354389,BR
350,dormant,False,True,complex,complex,complex,0.0016836497,0.049106315,0.9492101,BR
351,dormant,False,True,complex,complex,complex,0.002821542,0.05623818,0.9409403,BR
352,dormant,False,True,complex,complex,complex,0.007545386,0.07124365,0.921211,BR
353,dormant,False,True,intermediate,intermediate,intermediate,0.012804349,0.85834867,0.12884702,BR
354,dormant,False,True,intermediate,intermediate,intermediate,0.004385456,0.8412367,0.15437782,BR
355,dormant,False,False,complex,complex,complex,0.014204904,0.1426138,0.8431814,BR
356,dormant,False,True,intermediate,intermediate,intermediate,0.0108640855,0.8329252,0.1562107,BR
357,dormant,False,True,intermediate,intermediate,intermediate,0.011691788,0.92830676,0.060001414,BR
358,dormant,False,True,complex,complex,complex,0.024642646,0.099292964,0.87606436,BR
359,dormant,False,True,intermediate,intermediate,intermediate,0.013967667,0.898066,0.08796633,BR
360,dormant,False,True,complex,complex,complex,0.004336763,0.11276132,0.8829019,BR
361,dormant,False,True,intermediate,intermediate,intermediate,0.0102155795,0.88957274,0.10021163,BR
362,dormant,False,True,intermediate,intermediate,intermediate,0.0068461164,0.7670326,0.22612122,BR
363,dormant,False,True,complex,complex,complex,0.017003413,0.1403799,0.8426167,BR
364,dormant,False,True,complex,complex,complex,0.005693133,0.08929408,0.9050128,BR
365,dormant,False,True,intermediate,intermediate,intermediate,0.003668678,0.7695525,0.2267788,BR
366,dormant,False,True,intermediate,intermediate,intermediate,0.0069300197,0.79894036,0.19412962,BR
367,dormant,False,True,complex,complex,complex,0.0050596814,0.12419787,0.87074244,BR
368,dormant,False,True,complex,complex,complex,0.010060567,0.1372627,0.85267675,BR
369,dormant,False,True,complex,complex,complex,0.008746616,0.104808025,0.88644534,BR
370,dormant,False,True,complex,complex,complex,0.01589281,0.32005784,0.6640494,BR
371,dormant,False,True,complex,complex,complex,0.004587843,0.040484678,0.95492744,BR
372,dormant,False,True,complex,complex,complex,0.011738286,0.11710686,0.87115484,BR
373,dormant,False,True,complex,complex,complex,0.0063878903,0.13364701,0.85996515,BR
374,dormant,False,True,complex,complex,complex,0.02552964,0.19343817,0.78103226,BR
375,dormant,False,True,complex,complex,complex,0.016958281,0.3392929,0.6437488,BR
376,dormant,False,True,intermediate,intermediate,intermediate,0.008434609,0.87684816,0.11471726,BR
377,dormant,False,True,complex,complex,complex,0.01792679,0.33678973,0.6452835,BR
378,dormant,False,True,intermediate,intermediate,intermediate,0.008135845,0.96092695,0.030937213,BR
379,dormant,False,True,complex,complex,complex,0.04416299,0.21343923,0.7423978,BR
380,dormant,False,False,intermediate,complex,complex,0.0030024736,0.095506884,0.9014907,BR
381,dormant,False,True,complex,complex,complex,0.0038441678,0.18267985,0.81347597,BR
382,dormant,False,True,complex,complex,complex,0.001213224,0.037905958,0.9608809,BR
383,dormant,False,True,intermediate,intermediate,intermediate,0.008736587,0.7468771,0.24438632,BR
384,dormant,False,True,complex,complex,complex,0.0010003679,0.018092237,0.9809074,BR
385,dormant,False,True,complex,complex,complex,0.0028087227,0.092498936,0.90469235,BR
386,dormant,False,True,complex,complex,complex,0.011220779,0.41045305,0.57832617,BR
387,dormant,False,True,complex,complex,complex,0.0035507053,0.079490736,0.9169585,BR
388,dormant,False,True,intermediate,intermediate,intermediate,0.013590652,0.79452646,0.19188292,BR
389,dormant,False,True,intermediate,intermediate,intermediate,0.00820013,0.75027746,0.24152243,BR
390,dormant,False,True,complex,complex,complex,0.0015764646,0.040988788,0.9574348,BR
391,dormant,False,True,complex,complex,complex,0.016467381,0.25681177,0.7267208,BR
392,dormant,False,False,complex,complex,complex,0.013525305,0.240891,0.74558365,BR
393,dormant,False,True,complex,complex,complex,0.017693648,0.18708397,0.7952224,BR
394,dormant,False,True,intermediate,intermediate,intermediate,0.059445586,0.81754094,0.12301347,BR
395,dormant,False,True,complex,complex,complex,0.02459708,0.16389386,0.8115091,BR
396,dormant,False,True,complex,complex,complex,0.003744546,0.048531,0.94772446,BR
397,dormant,False,True,complex,complex,complex,0.003397333,0.08254233,0.91406035,BR
398,dormant,False,True,complex,complex,complex,0.004781314,0.06848521,0.9267335,BR
399,dormant,False,True,complex,complex,complex,0.008211442,0.107854486,0.8839341,BR
400,dormant,False,True,intermediate,intermediate,intermediate,0.022715144,0.84969467,0.12759018,BR
401,dormant,False,True,complex,complex,complex,0.013628896,0.15965228,0.8267188,BR
402,dormant,False,True,complex,complex,complex,0.007123823,0.24580589,0.7470703,BR
403,dormant,False,True,intermediate,intermediate,intermediate,0.020744586,0.765088,0.21416742,BR
404,dormant,False,True,simple,intermediate,intermediate,0.19129002,0.6291575,0.17955253,BR
405,dormant,False,True,intermediate,intermediate,intermediate,0.013606838,0.9217421,0.064651035,BR
406,dormant,False,False,complex,intermediate,intermediate,0.07285412,0.784206,0.14293991,BR
407,dormant,False,True,intermediate,intermediate,intermediate,0.026429452,0.92877096,0.044799622,BR
408,dormant,False,True,intermediate,intermediate,intermediate,0.008613826,0.95047134,0.04091481,BR
409,dormant,False,False,intermediate,intermediate,intermediate,0.015312492,0.8577174,0.12697008,BR
410,dormant,False,True,intermediate,intermediate,intermediate,0.021260863,0.9608289,0.01791024,BR
411,dormant,False,True,complex,complex,complex,0.0037853154,0.118560754,0.8776539,BR
412,dormant,False,True,intermediate,intermediate,intermediate,0.022267977,0.90904135,0.068690695,BR
413,dormant,False,True,intermediate,intermediate,intermediate,0.0042602676,0.8094215,0.18631822,BR
414,dormant,False,True,complex,complex,complex,0.017320856,0.29375422,0.6889249,BR
415,dormant,False,True,complex,complex,complex,0.012171368,0.25225532,0.73557335,BR
416,dormant,False,True,intermediate,intermediate,intermediate,0.016231729,0.9349979,0.048770312,BR
417,dormant,False,True,intermediate,intermediate,intermediate,0.012331753,0.7935455,0.1941228,BR
418,dormant,False,False,intermediate,intermediate,intermediate,0.012684531,0.84021413,0.14710134,BR
419,dormant,False,True,intermediate,intermediate,intermediate,0.0043561296,0.9773123,0.018331544,BR
420,dormant,False,True,intermediate,intermediate,intermediate,0.017412854,0.84484696,0.13774022,BR
421,dormant,False,False,complex,intermediate,intermediate,0.014165983,0.9336482,0.052185826,BR
422,dormant,False,True,intermediate,intermediate,intermediate,0.007215188,0.9686771,0.024107663,BR
423,dormant,False,True,intermediate,intermediate,intermediate,0.010416413,0.93199444,0.05758909,BR
424,dormant,False,True,intermediate,intermediate,intermediate,0.007670334,0.96050686,0.031822804,BR
425,dormant,False,False,intermediate,intermediate,intermediate,0.006856341,0.9363601,0.056783512,BR
426,dormant,False,True,intermediate,intermediate,intermediate,0.0049012913,0.92313385,0.07196482,BR
427,dormant,False,True,complex,complex,complex,0.01786496,0.2519058,0.73022926,BR
428,dormant,False,True,complex,complex,complex,0.026028594,0.18026519,0.79370624,BR
429,dormant,False,True,complex,complex,complex,0.019617636,0.41133255,0.5690498,BR
430,dormant,False,True,complex,complex,complex,0.016019123,0.29750916,0.68647176,BR
431,dormant,False,False,complex,complex,complex,0.042351678,0.42761326,0.530035,BR
432,dormant,False,False,complex,complex,complex,0.034112368,0.32504004,0.6408476,BR
433,dormant,False,True,complex,complex,complex,0.017534928,0.059089534,0.9233755,BR
434,dormant,False,False,intermediate,complex,complex,0.016235726,0.35724276,0.62652147,BR
435,dormant,False,True,complex,complex,complex,0.0047526783,0.075754516,0.9194928,BR
436,dormant,False,True,complex,complex,complex,0.0041616354,0.18241629,0.8134221,BR
437,dormant,False,True,complex,complex,complex,0.013033448,0.10040262,0.88656396,BR
438,dormant,False,True,complex,complex,complex,0.042510636,0.21093683,0.7465526,BR
439,dormant,False,True,complex,complex,complex,0.0034948888,0.0387735,0.95773154,BR
440,dormant,False,True,complex,complex,complex,0.008599723,0.25223497,0.7391653,BR
441,dormant,False,True,complex,complex,complex,0.0060323044,0.2560494,0.7379183,BR
442,dormant,False,True,intermediate,intermediate,intermediate,0.008007485,0.8263787,0.16561387,BR
443,dormant,False,True,complex,complex,complex,0.05623321,0.21303633,0.73073053,BR
444,dormant,False,False,complex,complex,complex,0.0034220545,0.057043627,0.93953437,BR
445,dormant,False,True,complex,complex,complex,0.03464337,0.16159947,0.8037572,BR
446,dormant,False,True,intermediate,intermediate,intermediate,0.05724963,0.55747104,0.38527936,BR
447,dormant,False,True,complex,complex,complex,0.0085318005,0.06277851,0.9286897,BR
448,dormant,False,False,intermediate,complex,complex,0.032696985,0.25551632,0.7117867,BR
449,dormant,False,True,intermediate,intermediate,intermediate,0.021885056,0.5808534,0.39726153,BR
450,dormant,False,True,complex,complex,complex,0.014755083,0.18988208,0.79536283,BR
451,dormant,False,True,complex,complex,complex,0.028300636,0.11076058,0.8609388,BR
452,dormant,False,False,complex,complex,complex,0.009350877,0.09223866,0.8984105,BR
453,dormant,False,True,complex,complex,complex,0.0048933155,0.07984271,0.9152639,BR
454,dormant,False,True,complex,complex,complex,0.009967999,0.09417015,0.8958619,BR
455,dormant,False,True,complex,complex,complex,0.00565352,0.030060403,0.9642861,BR
456,dormant,False,True,complex,complex,complex,0.0046244278,0.046760578,0.94861495,BR
457,dormant,False,True,complex,complex,complex,0.0022286905,0.03621336,0.9615579,BR
458,dormant,False,True,complex,complex,complex,0.0089910375,0.052604824,0.9384042,BR
459,dormant,False,True,complex,complex,complex,0.004000069,0.068319015,0.92768097,BR
460,dormant,False,True,intermediate,intermediate,intermediate,0.013271016,0.6855959,0.30113307,BR
461,dormant,False,True,complex,complex,complex,0.0050932677,0.12987415,0.8650326,BR
462,dormant,False,True,complex,complex,complex,0.008237732,0.2616344,0.7301279,BR
463,dormant,False,True,complex,complex,complex,0.008285896,0.3672605,0.62445366,BR
464,dormant,False,True,intermediate,intermediate,intermediate,0.038319692,0.62965924,0.3320211,BR
465,dormant,False,True,complex,complex,complex,0.013587051,0.30119845,0.68521446,BR
466,dormant,False,False,complex,intermediate,intermediate,0.06980684,0.78269076,0.14750242,BR
467,dormant,False,False,complex,complex,complex,0.030686192,0.41688845,0.5524254,BR
468,dormant,False,True,complex,complex,complex,0.008221298,0.04716661,0.9446121,BR
469,dormant,False,True,complex,complex,complex,0.006288953,0.07369309,0.92001796,BR
470,dormant,False,False,complex,complex,complex,0.025087887,0.29121128,0.68370086,BR
471,dormant,False,True,complex,complex,complex,0.021256112,0.2543491,0.72439474,BR
472,dormant,False,True,intermediate,intermediate,intermediate,0.015783846,0.8495584,0.13465771,BR
473,dormant,False,True,complex,complex,complex,0.006850593,0.04131824,0.95183116,BR
474,dormant,False,True,intermediate,intermediate,intermediate,0.006290356,0.8813021,0.11240749,BR
475,dormant,False,True,intermediate,intermediate,intermediate,0.014688468,0.8418352,0.1434764,BR
476,dormant,False,True,complex,complex,complex,0.0056102932,0.17465732,0.8197324,BR
477,dormant,False,True,intermediate,intermediate,intermediate,0.023170108,0.7028226,0.27400732,BR
478,dormant,False,True,complex,complex,complex,0.008904804,0.12390988,0.86718535,BR
479,dormant,False,True,complex,complex,complex,0.0018235977,0.005790034,0.99238634,BR
480,dormant,False,False,complex,complex,complex,0.023248976,0.15431719,0.8224338,BR
481,dormant,False,True,complex,complex,complex,0.012293722,0.17967696,0.8080293,BR
482,dormant,False,True,complex,complex,complex,0.033045743,0.20896083,0.75799346,BR
483,dormant,False,False,complex,complex,complex,0.004067592,0.16195247,0.8339799,BR
484,dormant,False,True,complex,complex,complex,0.001559913,0.05740136,0.94103867,BR
485,dormant,False,True,complex,complex,complex,0.011717244,0.10327911,0.8850036,BR
486,dormant,False,False,complex,complex,complex,0.0029139076,0.08539104,0.911695,BR
487,dormant,False,True,complex,complex,complex,0.0072742556,0.107480906,0.8852448,BR
488,dormant,False,False,intermediate,complex,complex,0.03522396,0.15819621,0.8065799,BR
489,dormant,False,False,complex,complex,complex,0.0037722338,0.035829786,0.960398,BR
490,dormant,False,True,complex,complex,complex,0.00888062,0.097058736,0.8940606,BR
491,dormant,False,True,intermediate,intermediate,intermediate,0.018446371,0.7688991,0.21265459,BR
492,dormant,False,True,complex,complex,complex,0.01261361,0.15232526,0.83506113,BR
493,dormant,False,True,complex,complex,complex,0.006426123,0.043751188,0.9498227,BR
494,dormant,False,True,complex,complex,complex,0.004547123,0.05384202,0.9416109,BR
495,dormant,False,True,complex,complex,complex,0.00292488,0.073182,0.92389315,BR
496,dormant,False,True,complex,complex,complex,0.0034741503,0.09720655,0.89931935,BR
497,dormant,False,True,complex,complex,complex,0.0038575802,0.13478114,0.86136127,BR
498,dormant,False,True,complex,complex,complex,0.0068466975,0.24692361,0.74622965,BR
499,dormant,False,True,complex,complex,complex,0.009410512,0.14444256,0.8461469,BR
500,dormant,False,True,complex,complex,complex,0.006178219,0.18780759,0.8060142,BR
501,dormant,False,False,complex,complex,complex,0.0031038201,0.06581891,0.9310773,BR
502,dormant,False,True,intermediate,intermediate,intermediate,0.0070627625,0.827803,0.16513422,BR
503,dormant,False,True,intermediate,intermediate,intermediate,0.008739759,0.69257987,0.2986804,BR
504,dormant,False,True,complex,complex,complex,0.0065427995,0.04884004,0.9446171,BR
505,dormant,False,True,intermediate,intermediate,intermediate,0.0051735425,0.746652,0.2481744,BR
506,dormant,False,True,complex,complex,complex,0.009585615,0.07195881,0.91845554,BR
507,dormant,False,True,complex,complex,complex,0.011590284,0.029909937,0.9584998,BR
508,dormant,False,False,complex,complex,complex,0.010115269,0.21148218,0.77840257,BR
509,dormant,False,True,complex,complex,complex,0.035648134,0.3871783,0.5771736,BR
510,dormant,False,True,complex,complex,complex,0.001401906,0.10538949,0.8932086,BR
511,dormant,False,True,complex,complex,complex,0.029895231,0.16903464,0.8010701,BR
512,dormant,False,False,complex,intermediate,intermediate,0.15929258,0.43445116,0.4062563,BR
513,dormant,False,True,intermediate,intermediate,intermediate,0.013134893,0.88798124,0.09888382,BR
514,dormant,False,True,intermediate,intermediate,intermediate,0.047260255,0.72870237,0.22403736,BR
515,dormant,False,True,complex,complex,complex,0.0136282,0.067817435,0.9185544,BR
516,dormant,False,True,complex,complex,complex,0.011842941,0.058108404,0.93004864,BR
517,dormant,False,True,complex,complex,complex,0.0045642355,0.08537322,0.91006255,BR
518,dormant,False,True,intermediate,intermediate,intermediate,0.03367433,0.76428837,0.20203732,BR
519,dormant,False,True,complex,complex,complex,0.027812686,0.21558166,0.7566057,BR
520,dormant,False,True,simple,simple,simple,0.5228826,0.241499,0.23561838,BR
521,dormant,False,True,complex,complex,complex,0.0022879778,0.042474024,0.95523804,BR
522,dormant,False,True,complex,complex,complex,0.0022689595,0.027705936,0.97002506,BR
523,dormant,False,True,complex,complex,complex,0.0071596084,0.097542726,0.8952977,BR
524,dormant,False,True,complex,complex,complex,0.005602178,0.14404722,0.8503507,BR
525,dormant,False,True,complex,complex,complex,0.012089823,0.084319375,0.9035908,BR
526,dormant,False,True,intermediate,intermediate,intermediate,0.0093214195,0.7602583,0.2304203,BR
527,dormant,False,True,complex,complex,complex,0.0025014544,0.08995222,0.90754634,BR
528,dormant,False,True,intermediate,intermediate,intermediate,0.038380735,0.7186149,0.24300438,BR
529,dormant,False,True,intermediate,intermediate,intermediate,0.017690446,0.89384556,0.088464,BR
530,dormant,False,True,intermediate,intermediate,intermediate,0.0092252735,0.9108071,0.07996766,BR
531,dormant,False,False,intermediate,complex,complex,0.0034165392,0.24235906,0.75422436,BR
532,dormant,False,True,complex,complex,complex,0.003311938,0.11107551,0.88561255,BR
533,dormant,False,True,intermediate,intermediate,intermediate,0.015504068,0.8374199,0.14707598,BR
534,dormant,False,True,complex,complex,complex,0.010225343,0.09833672,0.8914379,BR
535,dormant,False,True,complex,complex,complex,0.018304493,0.17261828,0.8090772,BR
536,dormant,False,False,complex,complex,complex,0.01460587,0.23058161,0.7548125,BR
537,dormant,False,True,intermediate,intermediate,intermediate,0.037905194,0.81811845,0.14397636,BR
538,dormant,False,False,complex,complex,complex,0.012443054,0.4223451,0.56521183,BR
539,dormant,False,True,complex,complex,complex,0.015876994,0.23060133,0.7535217,BR
540,dormant,False,False,complex,intermediate,intermediate,0.019782763,0.56643444,0.41378278,BR
541,dormant,False,True,intermediate,intermediate,intermediate,0.005177765,0.8194556,0.1753666,BR
542,dormant,False,True,complex,complex,complex,0.011811731,0.11363267,0.8745556,BR
543,dormant,False,False,complex,intermediate,intermediate,0.01512764,0.84512436,0.13974802,BR
544,dormant,False,False,intermediate,intermediate,intermediate,0.044072486,0.7007294,0.25519806,BR
545,dormant,False,False,intermediate,complex,complex,0.18789168,0.17836702,0.6337413,BR
546,dormant,False,True,simple,intermediate,intermediate,0.27382413,0.41842067,0.30775517,BR
547,dormant,False,True,intermediate,intermediate,intermediate,0.024705624,0.89725053,0.07804385,BR
548,dormant,False,True,intermediate,intermediate,intermediate,0.010034661,0.8188568,0.17110857,BR
549,dormant,False,True,complex,complex,complex,0.0058751493,0.29220167,0.7019232,BR
550,dormant,False,True,complex,complex,complex,0.033911943,0.25950432,0.70658374,BR
551,dormant,False,False,complex,intermediate,intermediate,0.028739665,0.5498839,0.42137644,BR
552,dormant,False,True,complex,complex,complex,0.008175429,0.06288274,0.92894185,BR
553,dormant,False,True,complex,complex,complex,0.0111895325,0.19171715,0.79709333,BR
554,dormant,False,True,complex,complex,complex,0.00301065,0.1194278,0.8775615,BR
555,dormant,False,True,complex,complex,complex,0.009816671,0.2517059,0.7384774,BR
556,dormant,False,True,intermediate,intermediate,intermediate,0.0043010833,0.96825063,0.027448244,BR
557,dormant,False,True,intermediate,intermediate,intermediate,0.005993249,0.89822423,0.09578249,BR
558,dormant,False,True,intermediate,intermediate,intermediate,0.009216448,0.9429281,0.047855455,BR
559,dormant,False,True,complex,complex,complex,0.0039906055,0.100526825,0.89548254,BR
560,dormant,False,True,intermediate,intermediate,intermediate,0.010929034,0.81062925,0.17844167,BR
561,dormant,False,True,complex,complex,complex,0.0069645336,0.19006138,0.8029741,BR
562,dormant,False,True,intermediate,intermediate,intermediate,0.02443479,0.9044491,0.071116075,BR
563,dormant,False,False,intermediate,complex,complex,0.030170314,0.14423883,0.82559085,BR
564,dormant,False,True,intermediate,intermediate,intermediate,0.014003063,0.90079397,0.085202985,BR
565,dormant,False,False,complex,intermediate,intermediate,0.013635785,0.8480814,0.13828287,BR
566,dormant,False,True,complex,complex,complex,0.11583638,0.3050388,0.5791248,BR
567,dormant,False,False,complex,complex,complex,0.020762457,0.29145706,0.68778044,BR
568,dormant,False,True,intermediate,intermediate,intermediate,0.016723279,0.79108286,0.19219382,BR
569,dormant,False,True,intermediate,intermediate,intermediate,0.010559082,0.8283612,0.16107969,BR
570,dormant,False,True,complex,complex,complex,0.00444535,0.10318584,0.89236885,BR
571,dormant,False,True,complex,complex,complex,0.0123752635,0.070348285,0.9172765,BR
572,dormant,False,True,complex,complex,complex,0.013988045,0.15280178,0.8332101,BR
573,dormant,False,True,complex,complex,complex,0.003688961,0.08533922,0.9109719,BR
574,dormant,False,True,complex,complex,complex,0.014304531,0.24319842,0.7424971,BR
575,dormant,False,True,complex,complex,complex,0.005265958,0.22133392,0.7734001,BR
576,dormant,False,True,complex,complex,complex,0.015679538,0.26404294,0.72027755,BR
577,dormant,False,True,complex,complex,complex,0.0036510497,0.08880175,0.9075471,BR
578,dormant,False,True,complex,complex,complex,0.0049800626,0.058153536,0.9368664,BR
579,dormant,False,True,complex,complex,complex,0.0027781755,0.030677218,0.9665446,BR
580,dormant,False,True,complex,complex,complex,0.00226834,0.047724437,0.9500072,BR
581,dormant,False,True,complex,complex,complex,0.013301498,0.38113305,0.6055654,BR
582,dormant,False,True,complex,complex,complex,0.069199406,0.1106845,0.82011604,BR
583,dormant,False,True,complex,complex,complex,0.10519637,0.13308708,0.7617165,BR
584,dormant,False,False,complex,intermediate,intermediate,0.030174091,0.7013314,0.2684945,BR
585,dormant,False,False,complex,intermediate,intermediate,0.019611506,0.5643734,0.4160151,BR
586,dormant,False,True,complex,complex,complex,0.03228907,0.35874933,0.6089616,BR
587,dormant,False,True,intermediate,intermediate,intermediate,0.016149929,0.70231354,0.28153652,BR
588,dormant,False,True,intermediate,intermediate,intermediate,0.016490472,0.67832696,0.30518252,BR
589,dormant,False,True,complex,complex,complex,0.0077857245,0.2804701,0.7117441,BR
590,dormant,False,False,complex,complex,complex,0.0047355886,0.19356707,0.8016973,BR
591,dormant,False,False,complex,complex,complex,0.0022845068,0.04228887,0.9554267,BR
592,dormant,False,False,complex,complex,complex,0.0031233719,0.035850104,0.9610265,BR
593,dormant,False,True,complex,complex,complex,0.007791009,0.25976118,0.73244786,BR
594,dormant,False,True,complex,complex,complex,0.056369685,0.052402057,0.8912282,BR
595,dormant,False,False,complex,complex,complex,0.016372122,0.34688026,0.6367476,BR
596,dormant,False,True,intermediate,intermediate,intermediate,0.012502232,0.7610249,0.22647287,BR
597,dormant,False,True,complex,complex,complex,0.036492173,0.16331746,0.8001904,BR
598,dormant,False,False,complex,intermediate,intermediate,0.0135895945,0.67670923,0.30970117,BR
599,dormant,False,True,complex,complex,complex,0.003770931,0.13368261,0.8625465,BR
600,dormant,False,True,complex,complex,complex,0.008092014,0.33172366,0.6601843,BR
601,dormant,False,False,complex,intermediate,intermediate,0.005253211,0.5423925,0.45235428,BR
602,dormant,False,True,complex,complex,complex,0.0010331533,0.055536564,0.94343036,BR
603,dormant,False,True,complex,complex,complex,0.0015861968,0.06690424,0.93150955,BR
604,dormant,False,True,intermediate,intermediate,intermediate,0.0064867204,0.8576177,0.13589565,BR
605,dormant,False,True,complex,complex,complex,0.005425653,0.3173526,0.6772217,BR
606,dormant,False,True,intermediate,intermediate,intermediate,0.07889863,0.6719658,0.2491356,BR
607,dormant,False,True,complex,complex,complex,0.006254484,0.20936064,0.7843849,BR
608,dormant,False,True,complex,complex,complex,0.0041021383,0.12395978,0.8719381,BR
609,dormant,False,True,complex,complex,complex,0.034005623,0.1554627,0.8105317,BR
610,dormant,False,True,intermediate,intermediate,intermediate,0.035976887,0.7622582,0.20176493,BR
611,dormant,False,True,complex,complex,complex,0.033700205,0.3655212,0.6007786,BR
612,dormant,False,True,intermediate,intermediate,intermediate,0.09821647,0.6830484,0.21873508,BR
613,dormant,False,True,intermediate,intermediate,intermediate,0.033772394,0.86246836,0.10375928,BR
614,dormant,False,True,complex,complex,complex,0.004761633,0.08367797,0.91156036,BR
615,dormant,False,False,complex,complex,complex,0.22090828,0.2662409,0.5128508,BR
616,dormant,False,True,complex,complex,complex,0.0043706177,0.18786347,0.80776596,BR
617,dormant,False,True,complex,complex,complex,0.009833907,0.087732375,0.90243375,BR
618,dormant,False,True,complex,complex,complex,0.012664501,0.21923782,0.76809764,BR
619,dormant,False,True,complex,complex,complex,0.0056017945,0.08334526,0.911053,BR
620,dormant,False,True,complex,complex,complex,0.014325322,0.06680497,0.91886973,BR
621,dormant,False,True,complex,complex,complex,0.0061467607,0.015396108,0.9784571,BR
622,dormant,False,True,complex,complex,complex,0.008875255,0.042808946,0.9483158,BR
623,dormant,False,False,complex,intermediate,intermediate,0.02412242,0.66814876,0.3077288,BR
624,dormant,False,True,complex,complex,complex,0.063494526,0.04203862,0.8944669,BR
625,dormant,False,False,complex,complex,complex,0.1067561,0.37395334,0.51929057,BR
626,dormant,False,True,complex,complex,complex,0.060434308,0.09902198,0.84054375,BR
627,dormant,False,True,intermediate,intermediate,intermediate,0.004088378,0.9713634,0.02454817,BR
628,dormant,False,True,intermediate,intermediate,intermediate,0.0038599442,0.95496744,0.041172635,BR
629,dormant,False,True,intermediate,intermediate,intermediate,0.005553747,0.95984536,0.03460086,BR
630,dormant,False,True,complex,complex,complex,0.025904443,0.32606557,0.64803004,BR
631,dormant,False,True,complex,complex,complex,0.008198909,0.05340281,0.9383983,BR
632,dormant,False,True,complex,complex,complex,0.011780586,0.047530696,0.9406887,BR
633,dormant,False,True,complex,complex,complex,0.02788031,0.066633396,0.9054863,BR
634,dormant,False,True,complex,complex,complex,0.030441094,0.10023032,0.8693286,BR
635,dormant,False,False,intermediate,intermediate,intermediate,0.02445115,0.6352718,0.34027708,BR
636,dormant,False,True,intermediate,intermediate,intermediate,0.018044489,0.73550737,0.24644811,BR
637,dormant,False,True,complex,complex,complex,0.019439436,0.08687792,0.8936826,BR
638,dormant,False,True,complex,complex,complex,0.029751804,0.14923833,0.8210098,BR
639,dormant,False,False,intermediate,intermediate,intermediate,0.023641545,0.59133387,0.3850246,BR
640,dormant,False,True,intermediate,intermediate,intermediate,0.004377654,0.9449179,0.05070446,BR
641,dormant,False,True,intermediate,intermediate,intermediate,0.0027241546,0.91999304,0.077282764,BR
642,dormant,False,True,intermediate,intermediate,intermediate,0.0027475967,0.9334967,0.06375564,BR
643,dormant,False,False,intermediate,intermediate,intermediate,0.015709223,0.8955492,0.088741675,BR
644,dormant,False,True,intermediate,intermediate,intermediate,0.010388168,0.94202983,0.047582045,BR
645,dormant,False,True,intermediate,intermediate,intermediate,0.0034766174,0.9603855,0.03613789,BR
646,dormant,False,True,complex,complex,complex,0.010403551,0.18336126,0.8062352,BR
647,dormant,False,True,intermediate,intermediate,intermediate,0.005292051,0.95046586,0.044242073,BR
648,dormant,False,False,intermediate,complex,complex,0.007071734,0.22076043,0.7721678,BR
649,dormant,False,True,complex,complex,complex,0.0051306095,0.25958732,0.73528206,BR
650,dormant,False,True,complex,complex,complex,0.012357041,0.17938095,0.80826205,BR
651,dormant,False,True,complex,complex,complex,0.014199403,0.22603339,0.75976723,BR
652,dormant,False,True,intermediate,intermediate,intermediate,0.014199514,0.9513804,0.03442009,BR
653,dormant,False,False,intermediate,intermediate,intermediate,0.019927062,0.7426151,0.23745781,BR
654,dormant,False,True,intermediate,intermediate,intermediate,0.008584611,0.8983119,0.09310349,BR
655,dormant,False,True,complex,complex,complex,0.035728417,0.29487145,0.66940016,BR
656,dormant,False,True,intermediate,intermediate,intermediate,0.001527168,0.78074133,0.21773146,BR
657,dormant,False,True,complex,complex,complex,0.001953462,0.17295606,0.82509047,BR
658,dormant,False,True,complex,complex,complex,0.0034282757,0.062119126,0.9344526,BR
659,dormant,False,True,complex,complex,complex,0.0020355477,0.043817285,0.95414716,BR
660,dormant,False,True,complex,complex,complex,0.003388933,0.2231751,0.773436,BR
661,dormant,False,True,complex,complex,complex,0.0059169736,0.04935634,0.9447267,BR
662,dormant,False,False,complex,complex,complex,0.0030960417,0.048865337,0.94803864,BR
663,dormant,False,True,complex,complex,complex,0.007159028,0.051171478,0.94166946,BR
664,dormant,False,False,complex,complex,complex,0.010934342,0.1761157,0.81294996,BR
665,dormant,False,True,complex,complex,complex,0.025274938,0.1006311,0.87409395,BR
666,dormant,False,True,complex,complex,complex,0.0045777536,0.12400477,0.87141746,BR
667,dormant,False,True,intermediate,intermediate,intermediate,0.014415595,0.82259136,0.16299303,BR
668,dormant,False,True,complex,complex,complex,0.07818121,0.16620272,0.75561607,BR
669,dormant,False,True,complex,complex,complex,0.09557551,0.0708284,0.83359605,BR
670,dormant,False,True,intermediate,intermediate,intermediate,0.023953466,0.67115223,0.3048943,BR
671,dormant,False,True,complex,complex,complex,0.030567972,0.052911967,0.9165201,BR
672,dormant,False,True,complex,complex,complex,0.010623088,0.12221126,0.8671656,BR
673,dormant,False,True,complex,complex,complex,0.002667819,0.046147715,0.95118445,BR
674,dormant,False,True,complex,complex,complex,0.003511379,0.1520614,0.8444273,BR
675,dormant,False,True,complex,complex,complex,0.0019539876,0.059970804,0.9380752,BR
676,dormant,False,True,complex,complex,complex,0.0017667164,0.053711504,0.9445218,BR
677,dormant,False,True,complex,complex,complex,0.018399373,0.20160526,0.7799953,BR
678,dormant,False,True,complex,complex,complex,0.01868214,0.18895169,0.7923662,BR
679,dormant,False,True,complex,complex,complex,0.002843035,0.02356462,0.97359234,BR
680,dormant,False,True,complex,complex,complex,0.0032183041,0.01738665,0.9793951,BR
681,dormant,False,True,intermediate,intermediate,intermediate,0.10134988,0.86138195,0.037268106,BR
682,dormant,False,True,complex,complex,complex,0.01983737,0.42789054,0.5522721,BR
683,dormant,False,True,intermediate,intermediate,intermediate,0.012274867,0.7621279,0.22559728,BR
684,dormant,False,True,intermediate,intermediate,intermediate,0.006801173,0.8039837,0.18921512,BR
685,dormant,False,False,complex,complex,complex,0.12898475,0.4189627,0.4520526,BR
686,dormant,False,True,complex,complex,complex,0.062141333,0.29651055,0.6413481,BR
687,dormant,False,True,intermediate,intermediate,intermediate,0.03981774,0.6901973,0.26998496,BR
688,dormant,False,True,complex,intermediate,intermediate,0.07693142,0.5306548,0.3924138,BR
689,dormant,False,True,intermediate,intermediate,intermediate,0.012627603,0.8693031,0.11806927,BR
690,dormant,False,True,complex,complex,complex,0.06623406,0.08416589,0.8496001,BR
691,dormant,False,True,complex,complex,complex,0.16271067,0.16194753,0.67534184,BR
692,dormant,False,True,intermediate,intermediate,intermediate,0.033783987,0.8972546,0.06896148,BR
693,dormant,False,True,intermediate,intermediate,intermediate,0.012358291,0.9448613,0.04278045,BR
694,dormant,False,True,intermediate,intermediate,intermediate,0.0897561,0.8114695,0.09877445,BR
695,dormant,False,False,complex,intermediate,intermediate,0.007979111,0.617108,0.3749129,BR
696,dormant,False,True,complex,complex,complex,0.0752381,0.09268877,0.83207315,BR
697,dormant,False,True,complex,complex,complex,0.019778809,0.0762487,0.9039725,BR
698,dormant,False,True,complex,complex,complex,0.0070531457,0.045425043,0.94752187,BR
699,dormant,False,True,intermediate,intermediate,intermediate,0.068656996,0.848322,0.08302107,BR
700,dormant,False,True,intermediate,intermediate,intermediate,0.01961147,0.8703392,0.11004934,BR
701,dormant,False,True,complex,complex,complex,0.027769132,0.36693418,0.60529673,BR
702,dormant,False,False,complex,intermediate,intermediate,0.015395931,0.49483773,0.48976633,BR
703,dormant,False,True,complex,complex,complex,0.0075778537,0.015516144,0.976906,BR
704,dormant,False,True,complex,complex,complex,0.01734383,0.24557957,0.7370766,BR
705,dormant,False,False,complex,complex,complex,0.013866384,0.47428706,0.5118466,BR
706,dormant,False,True,intermediate,intermediate,intermediate,0.008296019,0.6980751,0.29362887,BR
707,dormant,False,True,complex,complex,complex,0.00781637,0.2304446,0.761739,BR
708,dormant,False,False,complex,complex,complex,0.02962729,0.16647613,0.8038966,BR
709,dormant,False,True,complex,complex,complex,0.003919224,0.010770052,0.9853107,BR
710,dormant,False,True,complex,complex,complex,0.0042889384,0.008631849,0.98707926,BR
711,dormant,False,True,complex,complex,complex,0.0052210144,0.0057674446,0.9890115,BR
712,dormant,False,True,complex,complex,complex,0.008136996,0.03569202,0.95617104,BR
713,dormant,False,True,complex,complex,complex,0.010926527,0.03877575,0.9502978,BR
714,dormant,False,True,complex,complex,complex,0.0065728263,0.008308067,0.98511904,BR
715,dormant,False,True,complex,complex,complex,0.0069093066,0.031509355,0.96158135,BR
716,dormant,False,True,complex,complex,complex,0.018234445,0.1337701,0.8479955,BR
717,dormant,False,False,complex,complex,complex,0.017801208,0.03139019,0.95080864,BR
718,dormant,False,True,complex,complex,complex,0.027179971,0.05475899,0.918061,BR
719,dormant,False,True,complex,complex,complex,0.012282698,0.017031629,0.97068566,BR
720,dormant,False,True,complex,complex,complex,0.0018174567,0.072457656,0.9257249,BR
721,dormant,False,True,complex,complex,complex,0.0019113531,0.043104444,0.9549842,BR
722,dormant,False,False,complex,complex,complex,0.10490791,0.06023308,0.834859,BR
723,dormant,False,True,complex,complex,complex,0.007711754,0.09405622,0.89823204,BR
724,dormant,False,True,complex,complex,complex,0.03775003,0.07434414,0.8879058,BR
725,dormant,False,True,complex,complex,complex,0.008334271,0.015205152,0.9764606,BR
726,dormant,False,True,complex,complex,complex,0.013249784,0.03979561,0.9469546,BR
727,dormant,False,False,complex,complex,complex,0.014622881,0.03301912,0.95235795,BR
728,dormant,False,True,complex,complex,complex,0.013093452,0.0129581,0.9739484,BR
729,dormant,False,True,complex,complex,complex,0.007225809,0.015953917,0.97682023,BR
730,dormant,False,True,complex,complex,complex,0.06255328,0.052162148,0.8852846,BR
731,dormant,False,True,complex,complex,complex,0.010270561,0.019444743,0.9702847,BR
732,dormant,False,True,complex,complex,complex,0.117412366,0.017952392,0.8646352,BR
733,dormant,False,True,complex,complex,complex,0.007716554,0.015761178,0.9765222,BR
734,dormant,False,True,complex,complex,complex,0.006788396,0.006294829,0.9869168,BR
735,dormant,False,False,complex,complex,complex,0.05475196,0.1351688,0.8100793,BR
736,dormant,False,False,complex,complex,complex,0.012798081,0.42362317,0.5635787,BR
737,dormant,False,True,complex,complex,complex,0.045888856,0.11001956,0.84409165,BR
738,dormant,False,True,complex,complex,complex,0.026952893,0.08017538,0.8928718,BR
739,dormant,False,True,complex,complex,complex,0.002800467,0.032143883,0.96505564,BR
740,dormant,False,True,complex,complex,complex,0.04599965,0.051390685,0.9026097,BR
741,dormant,False,False,complex,complex,complex,0.0046091327,0.28890017,0.7064907,BR
742,dormant,False,False,complex,complex,complex,0.027788125,0.21808529,0.7541266,BR
743,dormant,False,True,complex,complex,complex,0.012466741,0.060344826,0.92718846,BR
744,dormant,False,True,complex,complex,complex,0.011116363,0.045796044,0.94308764,BR
745,dormant,False,True,complex,complex,complex,0.012168972,0.046096064,0.94173497,BR
746,dormant,False,False,intermediate,complex,complex,0.040359005,0.07909513,0.88054585,BR
747,dormant,False,True,complex,complex,complex,0.04992199,0.06710944,0.88296854,BR
748,dormant,False,True,intermediate,intermediate,intermediate,0.006502165,0.73389035,0.25960752,BR
749,dormant,False,True,complex,complex,complex,0.008954879,0.1684806,0.8225645,BR
750,dormant,False,True,complex,complex,complex,0.0048931167,0.023013879,0.97209305,BR
751,dormant,False,True,complex,complex,complex,0.0061305715,0.053080715,0.9407887,BR
752,dormant,False,True,complex,complex,complex,0.015086695,0.23915802,0.74575526,BR
753,dormant,False,True,complex,complex,complex,0.036282383,0.09759897,0.86611867,BR
754,dormant,False,True,complex,complex,complex,0.005230874,0.020946264,0.9738229,BR
755,dormant,False,False,complex,complex,complex,0.007077886,0.036670472,0.9562517,BR
756,dormant,False,True,complex,complex,complex,0.014927231,0.0514141,0.9336587,BR
757,dormant,False,True,complex,complex,complex,0.007571281,0.05708773,0.93534094,BR
758,dormant,False,True,complex,complex,complex,0.009899205,0.07690315,0.91319764,BR
759,dormant,False,True,complex,complex,complex,0.032719415,0.014530345,0.95275027,BR
760,dormant,False,True,complex,complex,complex,0.005749713,0.035839576,0.95841074,BR
761,dormant,False,False,complex,complex,complex,0.018152915,0.16987146,0.81197566,BR
762,dormant,False,True,complex,complex,complex,0.01942384,0.209921,0.7706552,BR
763,dormant,False,True,complex,complex,complex,0.025098281,0.06320871,0.91169304,BR
764,dormant,False,True,complex,complex,complex,0.0031871018,0.08304868,0.91376424,BR
765,dormant,False,True,intermediate,intermediate,intermediate,0.008385293,0.7265114,0.26510334,BR
766,dormant,False,True,complex,complex,complex,0.042061288,0.07736116,0.88057756,BR
767,dormant,False,True,complex,complex,complex,0.0019793215,0.027612783,0.97040796,BR
768,dormant,False,True,complex,complex,complex,0.020738075,0.032070227,0.94719166,BR
769,dormant,False,False,complex,complex,complex,0.020359734,0.047091052,0.9325492,BR
770,dormant,False,True,complex,complex,complex,0.0022743663,0.018668603,0.9790571,BR
771,dormant,False,True,complex,complex,complex,0.0020450698,0.02796819,0.96998674,BR
772,dormant,False,False,complex,complex,complex,0.0031969456,0.025422277,0.9713807,BR
773,dormant,False,True,complex,complex,complex,0.013854872,0.43176013,0.55438495,BR
774,dormant,False,True,intermediate,intermediate,intermediate,0.0073759826,0.8215076,0.17111641,BR
775,dormant,False,True,complex,complex,complex,0.0024320274,0.026332866,0.9712351,BR
776,dormant,False,True,complex,complex,complex,0.011064156,0.27097675,0.7179591,BR
777,dormant,False,True,intermediate,intermediate,intermediate,0.005505468,0.85274345,0.14175107,BR
778,dormant,False,False,intermediate,complex,complex,0.00630865,0.3948946,0.5987967,BR
779,dormant,False,True,complex,complex,complex,0.0032742622,0.050706733,0.94601905,BR
780,dormant,False,True,complex,complex,complex,0.0074439826,0.040350795,0.95220524,BR
781,dormant,False,True,complex,complex,complex,0.0017332888,0.040039387,0.9582274,BR
782,dormant,False,True,complex,complex,complex,0.0070175636,0.062338468,0.930644,BR
783,dormant,False,True,complex,complex,complex,0.0056228656,0.062426023,0.93195105,BR
784,dormant,False,True,complex,complex,complex,0.007883749,0.05728961,0.9348267,BR
785,dormant,False,True,complex,complex,complex,0.0030267078,0.03599801,0.9609753,BR
786,dormant,False,False,complex,complex,complex,0.005908353,0.15434055,0.8397511,BR
787,dormant,False,False,complex,complex,complex,0.022411162,0.3467404,0.6308484,BR
788,dormant,False,False,complex,complex,complex,0.0064060185,0.12215365,0.8714404,BR
789,dormant,False,True,intermediate,intermediate,intermediate,0.0035860357,0.8280673,0.16834667,BR
790,dormant,False,True,intermediate,intermediate,intermediate,0.009928688,0.5259035,0.46416777,BR
791,dormant,False,False,complex,complex,complex,0.016831227,0.18965858,0.7935102,BR
792,dormant,False,True,complex,complex,complex,0.037773505,0.1356872,0.8265393,BR
793,dormant,False,True,complex,complex,complex,0.012966004,0.022438329,0.9645957,BR
794,dormant,False,True,complex,complex,complex,0.009951823,0.045292865,0.9447553,BR
795,dormant,False,True,complex,complex,complex,0.0074177184,0.129844,0.8627383,BR
796,dormant,False,True,complex,complex,complex,0.013167873,0.022814827,0.96401733,BR
797,dormant,False,False,complex,complex,complex,0.007829488,0.15906826,0.8331022,BR
798,dormant,False,True,complex,complex,complex,0.01741668,0.090081826,0.8925015,BR
799,dormant,False,False,complex,complex,complex,0.021631863,0.09701762,0.8813505,BR
800,dormant,False,True,complex,complex,complex,0.022425566,0.07732562,0.9002489,BR
801,dormant,False,True,complex,complex,complex,0.011772528,0.02809661,0.96013093,BR
802,dormant,False,False,complex,complex,complex,0.033658948,0.15235549,0.8139856,BR
803,dormant,False,True,complex,complex,complex,0.020046897,0.021723056,0.95823,BR
804,dormant,False,True,complex,complex,complex,0.0015435596,0.04124279,0.95721364,BR
805,dormant,False,True,complex,complex,complex,0.02224829,0.03384232,0.9439094,BR
806,dormant,False,True,complex,complex,complex,0.0027995603,0.05705406,0.9401463,BR
807,dormant,False,True,intermediate,intermediate,intermediate,0.016522087,0.7181828,0.2652951,BR
808,dormant,False,False,intermediate,intermediate,intermediate,0.03188212,0.5299233,0.4381946,BR
809,dormant,False,True,intermediate,intermediate,intermediate,0.015339029,0.6636809,0.32098007,BR
810,dormant,False,True,complex,complex,complex,0.015389422,0.39166147,0.59294915,BR
811,dormant,False,True,complex,complex,complex,0.01246353,0.22447596,0.7630605,BR
812,dormant,False,False,complex,complex,complex,0.018609932,0.12733144,0.8540586,BR
813,dormant,False,True,complex,complex,complex,0.0014672466,0.038705233,0.9598275,BW
814,dormant,True,False,simple,simple,,0.9779043,0.013607473,0.008488263,CA
815,dormant,False,True,simple,simple,simple,0.6596774,0.3036592,0.03666339,CA
816,dormant,False,True,simple,simple,simple,0.9681848,0.028081318,0.003733906,CA
817,dormant,False,False,simple,simple,simple,0.5559733,0.43326423,0.0107625155,CA
818,dormant,False,True,simple,simple,simple,0.8243712,0.1299509,0.045677837,CA
819,dormant,True,False,simple,simple,,0.9778537,0.010700037,0.011446275,CA
820,dormant,False,True,simple,simple,simple,0.97717905,0.013421279,0.009399675,CA
821,dormant,False,True,intermediate,intermediate,intermediate,0.04311523,0.77609223,0.18079254,CA
822,dormant,False,True,simple,simple,simple,0.97707295,0.0101563465,0.012770679,CA
823,dormant,False,True,intermediate,intermediate,intermediate,0.18438853,0.80728614,0.008325377,CA
824,dormant,True,False,simple,simple,,0.9603847,0.013930736,0.025684576,CA
825,dormant,False,True,simple,simple,simple,0.9919286,0.004081981,0.003989442,CA
826,dormant,False,True,simple,simple,simple,0.91566014,0.061044034,0.023295838,CA
827,dormant,False,True,simple,simple,simple,0.97712266,0.015532755,0.0073445435,CA
828,dormant,False,True,intermediate,intermediate,intermediate,0.05862381,0.915021,0.026355129,CA
829,dormant,False,True,simple,simple,simple,0.9020319,0.069208555,0.028759558,CA
830,dormant,False,False,intermediate,simple,simple,0.962913,0.033096433,0.0039905827,CA
831,dormant,False,True,simple,simple,simple,0.9047232,0.05442956,0.040847242,CA
832,dormant,True,False,intermediate,simple,,0.56630445,0.31120473,0.12249079,CA
833,dormant,False,True,intermediate,intermediate,intermediate,0.038839262,0.9553134,0.0058473484,CA
834,dormant,True,False,simple,simple,,0.83391196,0.12947923,0.036608778,CA
835,dormant,False,True,complex,complex,complex,0.03849129,0.10916013,0.8523485,CA
836,dormant,False,True,complex,complex,complex,0.06354637,0.2049818,0.73147184,CA
837,dormant,True,False,simple,simple,,0.8393728,0.09072895,0.06989822,CA
838,dormant,True,False,simple,simple,,0.9772733,0.008502089,0.014224572,CA
839,dormant,False,True,intermediate,intermediate,intermediate,0.034775704,0.9510684,0.014155924,CA
840,dormant,False,True,complex,complex,complex,0.28143814,0.2813641,0.43719772,CA
841,dormant,False,True,intermediate,intermediate,intermediate,0.012414182,0.98216254,0.00542323,CA
842,dormant,False,True,intermediate,intermediate,intermediate,0.040070128,0.9475911,0.012338767,CA
843,dormant,False,True,intermediate,intermediate,intermediate,0.0075168144,0.9876743,0.0048088734,CA
844,dormant,False,True,intermediate,intermediate,intermediate,0.014934778,0.97874135,0.0063238707,CA
845,dormant,False,True,intermediate,intermediate,intermediate,0.04814442,0.93013847,0.021717083,CA
846,dormant,False,True,simple,simple,simple,0.97022545,0.018556038,0.011218515,CA
847,dormant,False,False,intermediate,intermediate,intermediate,0.108232945,0.8572781,0.03448892,CA
848,dormant,False,True,intermediate,intermediate,intermediate,0.11142219,0.87151325,0.017064596,CA
849,dormant,False,True,intermediate,intermediate,intermediate,0.12031282,0.8092791,0.070408106,CA
850,dormant,False,True,complex,intermediate,intermediate,0.20436625,0.39783666,0.3977971,CA
851,dormant,False,True,complex,complex,complex,0.038623553,0.43929842,0.52207804,CA
852,dormant,False,False,complex,intermediate,intermediate,0.28389066,0.6929181,0.023191253,CA
853,dormant,False,True,intermediate,intermediate,intermediate,0.15403572,0.82236934,0.023594936,CA
854,dormant,False,True,intermediate,intermediate,intermediate,0.01619036,0.9734698,0.010339865,CA
855,dormant,True,False,intermediate,simple,,0.75774306,0.1123974,0.1298595,CA
856,dormant,True,False,simple,simple,,0.9016658,0.061575785,0.036758468,CA
857,dormant,False,True,intermediate,intermediate,intermediate,0.124019474,0.71090275,0.16507773,CA
858,dormant,False,False,simple,simple,simple,0.9415176,0.04219772,0.016284728,CA
859,dormant,True,False,simple,simple,,0.84103227,0.1094583,0.0495094,CA
860,dormant,False,True,intermediate,intermediate,intermediate,0.14008355,0.8091158,0.050800595,CA
861,dormant,False,True,simple,simple,simple,0.9292053,0.055797327,0.014997378,CA
862,dormant,True,False,simple,simple,,0.91674155,0.04213839,0.04112002,CA
863,dormant,False,True,intermediate,intermediate,intermediate,0.020405533,0.8564962,0.12309824,CH
864,dormant,False,True,complex,complex,complex,0.07102119,0.44146183,0.48751697,CH
865,dormant,False,True,intermediate,intermediate,intermediate,0.004067401,0.8516667,0.14426585,CH
866,dormant,False,True,intermediate,intermediate,intermediate,0.0254691,0.9410746,0.03345631,CH
867,dormant,False,False,intermediate,intermediate,intermediate,0.1840089,0.42996418,0.3860269,CH
868,dormant,False,False,intermediate,intermediate,intermediate,0.020622756,0.88463044,0.09474678,CH
869,dormant,False,False,complex,complex,complex,0.092440866,0.2083358,0.69922334,CH
870,dormant,False,True,complex,complex,complex,0.004319753,0.020381942,0.9752983,CI
871,dormant,False,False,complex,complex,complex,0.010462441,0.042098474,0.94743913,CL
872,dormant,True,False,complex,complex,,0.04265283,0.12977923,0.827568,CL
873,dormant,False,True,complex,complex,complex,0.0060283183,0.019196684,0.9747751,CL
874,dormant,True,False,complex,complex,,0.076613724,0.12094719,0.80243915,CL
875,dormant,False,False,complex,complex,complex,0.0138705205,0.03722799,0.9489015,CL
876,dormant,False,True,complex,complex,complex,0.002232833,0.019395186,0.9783719,CL
877,dormant,False,True,simple,simple,simple,0.44108096,0.11899842,0.43992066,CL
878,dormant,False,True,complex,complex,complex,0.012338806,0.019031674,0.96862954,CL
879,dormant,False,True,complex,complex,complex,0.08419408,0.077715985,0.83808994,CL
880,dormant,False,True,complex,complex,complex,0.022090858,0.056155954,0.9217532,CL
881,dormant,False,True,complex,complex,complex,0.02345132,0.0146646295,0.961884,CL
882,dormant,False,True,complex,complex,complex,0.006911949,0.017349068,0.97573906,CL
883,dormant,False,True,complex,complex,complex,0.06105275,0.026657503,0.91228974,CL
884,dormant,False,True,complex,complex,complex,0.138878,0.08721802,0.77390397,CL
885,dormant,False,True,simple,simple,simple,0.7605685,0.17035726,0.069074206,CL
886,dormant,False,True,intermediate,intermediate,intermediate,0.07740635,0.8712829,0.051310744,CL
887,dormant,False,True,intermediate,intermediate,intermediate,0.026252832,0.8505515,0.123195715,CL
888,dormant,True,False,simple,simple,,0.5838487,0.21756186,0.19858944,CL
889,dormant,False,True,simple,simple,simple,0.9245198,0.060346153,0.015134126,CL
890,dormant,False,True,intermediate,intermediate,intermediate,0.22681856,0.7419226,0.03125886,CL
891,dormant,False,True,intermediate,intermediate,intermediate,0.12317566,0.8669227,0.00990171,CL
892,dormant,False,False,simple,intermediate,intermediate,0.09411194,0.7679758,0.1379123,CL
893,dormant,True,False,simple,simple,,0.57220095,0.1774741,0.25032493,CL
894,dormant,False,True,intermediate,intermediate,intermediate,0.13744424,0.80203265,0.060523137,CL
895,dormant,False,True,complex,simple,simple,0.7064562,0.08768679,0.20585704,CL
896,dormant,True,False,intermediate,simple,,0.7467804,0.1283485,0.12487114,CL
897,dormant,False,False,complex,simple,simple,0.89963734,0.08520875,0.015153926,CL
898,dormant,False,True,intermediate,intermediate,intermediate,0.23199192,0.68975836,0.07824969,CL
899,dormant,False,True,complex,complex,complex,0.01585399,0.053807903,0.9303381,CL
900,dormant,False,False,complex,complex,complex,0.013994251,0.06988603,0.91611975,CL
901,dormant,False,True,complex,complex,complex,0.005708994,0.2820717,0.7122193,CL
902,dormant,True,False,complex,intermediate,,0.0538362,0.84687555,0.099288225,CL
903,dormant,True,False,complex,complex,,0.121380135,0.30658922,0.57203066,CL
904,dormant,True,False,complex,complex,,0.016971538,0.3001336,0.6828948,CL
905,dormant,False,True,complex,complex,complex,0.027650736,0.2540153,0.71833396,CL
906,dormant,False,True,complex,complex,complex,0.010593724,0.111416906,0.87798935,CL
907,dormant,False,False,complex,complex,complex,0.017174896,0.43077797,0.5520472,CL
908,dormant,False,True,intermediate,intermediate,intermediate,0.018988866,0.7283228,0.2526883,CN
909,dormant,False,True,intermediate,intermediate,intermediate,0.0081833275,0.7016297,0.290187,CN
910,dormant,False,True,intermediate,intermediate,intermediate,0.03236588,0.8265155,0.14111866,CN
911,dormant,False,True,complex,complex,complex,0.011838923,0.10229963,0.8858614,CN
912,dormant,False,False,intermediate,complex,complex,0.0023474987,0.31545633,0.6821962,CN
913,dormant,False,True,complex,complex,complex,0.045763716,0.022069257,0.932167,CO
914,dormant,False,True,complex,complex,complex,0.017982136,0.016446197,0.9655717,CO
915,dormant,False,True,complex,complex,complex,0.02796174,0.0700151,0.9020232,CO
916,dormant,False,False,complex,complex,complex,0.07864123,0.17099796,0.75036085,CO
917,dormant,False,True,complex,complex,complex,0.31765884,0.03709935,0.6452418,CO
918,dormant,False,True,complex,complex,complex,0.013695014,0.021680715,0.9646243,CO
919,dormant,False,True,complex,complex,complex,0.015897455,0.022814399,0.96128815,CO
920,dormant,False,True,complex,complex,complex,0.01811725,0.04235586,0.93952686,CO
921,dormant,True,False,complex,complex,,0.31556642,0.09531147,0.5891221,CO
922,dormant,False,True,complex,complex,complex,0.018536964,0.019536708,0.9619263,CO
923,dormant,False,True,complex,complex,complex,0.028931828,0.023971679,0.9470965,CO
924,dormant,False,True,complex,complex,complex,0.006704683,0.050110545,0.9431848,CO
925,dormant,False,True,complex,complex,complex,0.012182906,0.042173944,0.9456431,CO
926,dormant,False,True,complex,complex,complex,0.062492654,0.045145255,0.8923621,CO
927,dormant,True,False,complex,intermediate,,0.06149175,0.5017754,0.43673283,CO
928,dormant,False,True,complex,complex,complex,0.0059946137,0.030991092,0.96301436,CO
929,dormant,False,False,complex,complex,complex,0.43129027,0.09232393,0.47638574,CO
930,dormant,False,True,complex,complex,complex,0.00818833,0.008103803,0.98370785,CO
931,dormant,False,False,complex,complex,complex,0.061907936,0.17361817,0.7644739,CO
932,dormant,False,True,complex,complex,complex,0.112518065,0.070968896,0.81651306,CO
933,dormant,False,True,complex,complex,complex,0.05731055,0.034859568,0.9078299,CO
934,dormant,False,True,complex,complex,complex,0.015178878,0.03127894,0.9535422,CO
935,dormant,True,False,complex,complex,,0.082167976,0.14014454,0.77768743,CO
936,dormant,False,False,complex,simple,simple,0.792877,0.023570038,0.1835529,CO
937,dormant,False,True,complex,complex,complex,0.057717253,0.032581773,0.90970093,CO
938,dormant,True,False,simple,complex,,0.12983795,0.31684363,0.55331844,CR
939,dormant,False,True,intermediate,intermediate,intermediate,0.08223313,0.78513366,0.13263322,CR
940,dormant,True,False,intermediate,complex,,0.13585038,0.3366534,0.5274962,CR
941,dormant,False,True,intermediate,intermediate,intermediate,0.04409965,0.70602417,0.2498762,CR
942,dormant,False,False,complex,complex,complex,0.013353036,0.09671109,0.8899359,CR
943,dormant,True,False,complex,complex,,0.08351129,0.14602076,0.7704679,CR
944,dormant,False,True,complex,complex,complex,0.0070962636,0.04168269,0.95122105,CR
945,dormant,False,True,complex,complex,complex,0.03097762,0.03345408,0.9355683,CR
946,dormant,False,True,simple,simple,simple,0.8704095,0.03969623,0.08989426,CR
947,dormant,False,False,complex,complex,complex,0.018788353,0.13246664,0.84874505,CR
948,dormant,False,True,complex,complex,complex,0.010447345,0.017435722,0.97211695,CY
949,dormant,False,True,complex,complex,complex,0.015453535,0.052595787,0.9319506,CY
950,dormant,False,False,complex,complex,complex,0.025496708,0.37612805,0.59837526,CY
951,dormant,False,True,complex,complex,complex,0.033649046,0.08238063,0.8839703,CY
952,dormant,False,True,complex,complex,complex,0.015039836,0.14102903,0.84393114,CY
953,dormant,False,True,intermediate,intermediate,intermediate,0.006779703,0.8826363,0.11058398,CY
954,dormant,False,True,intermediate,intermediate,intermediate,0.031498678,0.8587541,0.109747216,CY
955,dormant,False,False,intermediate,complex,complex,0.009042214,0.08143128,0.90952647,CY
956,dormant,False,True,complex,complex,complex,0.0121258665,0.034711815,0.9531623,CY
957,dormant,False,False,complex,complex,complex,0.0029748555,0.038077123,0.958948,CY
958,dormant,False,True,intermediate,intermediate,intermediate,0.005067448,0.86830807,0.1266245,DE
959,dormant,False,True,intermediate,intermediate,intermediate,0.015592028,0.7138248,0.27058318,DE
960,dormant,False,False,complex,complex,complex,0.0011461675,0.05087634,0.9479775,DE
961,dormant,False,False,complex,complex,complex,0.001403359,0.03441906,0.96417755,DE
962,dormant,False,True,intermediate,intermediate,intermediate,0.100173324,0.8467892,0.053037453,DE
963,dormant,False,True,intermediate,intermediate,intermediate,0.013778886,0.90424496,0.08197616,DE
964,dormant,False,True,complex,intermediate,intermediate,0.12134134,0.5241193,0.35453936,DE
965,dormant,False,True,complex,complex,complex,0.0035039426,0.10668246,0.88981354,DE
966,dormant,False,False,complex,complex,complex,0.0008126517,0.027696377,0.971491,DE
967,dormant,False,True,intermediate,intermediate,intermediate,0.004880959,0.71387756,0.28124148,DE
968,dormant,False,True,intermediate,intermediate,intermediate,0.0019098311,0.93692195,0.06116819,DE
969,dormant,False,True,complex,complex,complex,0.0002939994,0.011701929,0.9880041,DE
970,dormant,False,True,complex,complex,complex,0.000978959,0.050943393,0.9480776,DE
971,dormant,False,True,complex,complex,complex,0.0011813273,0.041956697,0.956862,DE
972,dormant,False,True,complex,complex,complex,0.00088382734,0.058243696,0.94087243,DE
973,dormant,False,False,complex,intermediate,intermediate,0.0035903095,0.5377197,0.45869,DE
974,dormant,False,True,intermediate,intermediate,intermediate,0.0011556712,0.9455167,0.053327587,DE
975,dormant,False,True,intermediate,intermediate,intermediate,0.0010533732,0.7649146,0.23403206,DE
976,dormant,False,True,intermediate,intermediate,intermediate,0.015766261,0.9303404,0.053893264,DE
977,dormant,False,False,complex,intermediate,intermediate,0.014280536,0.8195283,0.16619119,DE
978,dormant,False,True,complex,complex,complex,0.003054299,0.10342416,0.89352155,DE
979,dormant,False,True,complex,complex,complex,0.00029423815,0.0018847422,0.997821,DE
980,dormant,False,True,complex,complex,complex,0.00043420936,0.004747353,0.9948185,DE
981,dormant,False,True,intermediate,intermediate,intermediate,0.004025053,0.9407395,0.055235464,DE
982,dormant,False,True,complex,complex,complex,0.005135777,0.15330543,0.8415588,DE
983,dormant,False,True,complex,intermediate,intermediate,0.0031971948,0.6138389,0.3829639,DE
984,dormant,False,True,complex,complex,complex,0.0003160897,0.011434273,0.98824966,DE
985,dormant,False,False,intermediate,complex,complex,0.0029577918,0.12517062,0.8718716,DE
986,dormant,False,False,complex,intermediate,intermediate,0.009684402,0.8994875,0.090828076,DE
987,dormant,False,False,complex,complex,complex,0.003893387,0.33921555,0.65689105,DE
988,dormant,False,True,intermediate,intermediate,intermediate,0.0108315,0.93809605,0.05107244,DE
989,dormant,False,True,intermediate,intermediate,intermediate,0.0033775205,0.8157256,0.18089691,DE
990,dormant,False,True,complex,complex,complex,0.00065422844,0.006640211,0.9927055,DE
991,dormant,False,True,complex,complex,complex,0.05654646,0.21171275,0.73174083,DE
992,dormant,False,True,complex,complex,complex,0.12967731,0.20936882,0.6609539,DE
993,dormant,False,True,complex,complex,complex,0.008788615,0.042048547,0.94916284,DE
994,dormant,False,True,complex,complex,complex,0.010795148,0.17443407,0.8147708,DE
995,dormant,False,True,complex,complex,complex,0.0015411909,0.09212343,0.9063354,DE
996,dormant,False,True,intermediate,intermediate,intermediate,0.002616783,0.9028715,0.094511695,DE
997,dormant,False,True,complex,complex,complex,0.00095720036,0.022415314,0.97662747,DE
998,dormant,False,True,complex,complex,complex,0.0006758605,0.01106441,0.9882597,DE
999,dormant,False,True,complex,complex,complex,0.00050144683,0.014741611,0.984757,DE
1000,dormant,False,False,complex,complex,complex,0.0006173144,0.0040724846,0.99531025,DE
1001,dormant,False,True,complex,complex,complex,0.0012867759,0.05541531,0.9432979,DE
1002,dormant,False,True,complex,complex,complex,0.009306632,0.15998517,0.8307082,DE
1003,dormant,False,True,complex,complex,complex,0.00032839502,0.011125593,0.9885461,DE
1004,dormant,False,True,intermediate,intermediate,intermediate,0.0065022786,0.7157201,0.27777755,DE
1005,dormant,False,True,complex,complex,complex,0.00078144105,0.016168373,0.98305017,DE
1006,dormant,False,True,complex,intermediate,intermediate,0.023239654,0.5650295,0.4117309,DE
1007,dormant,False,True,complex,complex,complex,0.0026984483,0.03437861,0.96292293,DE
1008,dormant,False,False,complex,complex,complex,0.0010824704,0.07972976,0.9191878,DE
1009,dormant,False,True,complex,complex,complex,0.0492757,0.20395087,0.7467735,DE
1010,dormant,False,False,complex,complex,complex,0.0009437006,0.022125838,0.9769305,DE
1011,dormant,False,True,complex,complex,complex,0.0004953307,0.012962643,0.986542,DE
1012,dormant,False,True,complex,complex,complex,0.00035844813,0.006351231,0.9932903,DE
1013,dormant,False,True,complex,complex,complex,0.0012534569,0.057303496,0.9414431,DE
1014,dormant,False,False,intermediate,simple,simple,0.6016948,0.29686597,0.10143919,DE
1015,dormant,False,True,complex,complex,complex,0.052669052,0.2099256,0.73740536,DE
1016,dormant,False,True,complex,complex,complex,0.039346956,0.22429001,0.73636305,DE
1017,dormant,False,True,complex,complex,complex,0.005068448,0.22551176,0.7694198,DE
1018,dormant,False,True,complex,complex,complex,0.04182774,0.17574249,0.78242975,DE
1019,dormant,False,True,intermediate,intermediate,intermediate,0.0060944064,0.9379466,0.055959027,DE
1020,dormant,False,True,intermediate,intermediate,intermediate,0.0035357168,0.9478661,0.04859823,DE
1021,dormant,False,False,complex,intermediate,intermediate,0.018794676,0.71832633,0.26287892,DE
1022,dormant,False,True,complex,complex,complex,0.0006370666,0.014361106,0.98500174,DE
1023,dormant,False,False,intermediate,intermediate,intermediate,0.002756496,0.8024077,0.19483589,DE
1024,dormant,False,True,complex,complex,complex,0.0035496172,0.18551403,0.8109364,DE
1025,dormant,False,True,intermediate,intermediate,intermediate,0.006655625,0.70745796,0.28588638,DE
1026,dormant,False,True,intermediate,intermediate,intermediate,0.009696387,0.78711855,0.20318507,DE
1027,dormant,False,True,complex,complex,complex,0.013292661,0.2088622,0.77784514,DE
1028,dormant,False,True,intermediate,intermediate,intermediate,0.011981458,0.9311529,0.05686566,DE
1029,dormant,False,True,complex,complex,complex,0.0053193537,0.15368445,0.84099615,DE
1030,dormant,False,True,intermediate,intermediate,intermediate,0.004302259,0.7995111,0.19618662,DE
1031,dormant,False,True,intermediate,intermediate,intermediate,0.021471899,0.9382926,0.04023548,DE
1032,dormant,False,True,complex,complex,complex,0.010582614,0.116650134,0.87276727,DE
1033,dormant,False,False,complex,intermediate,intermediate,0.25378048,0.6133171,0.13290247,DE
1034,dormant,False,True,intermediate,intermediate,intermediate,0.080525674,0.7767477,0.14272662,DE
1035,dormant,False,True,complex,complex,complex,0.0046761306,0.13587813,0.85944575,DE
1036,dormant,False,True,intermediate,intermediate,intermediate,0.01275285,0.92791927,0.059327867,DE
1037,dormant,False,True,intermediate,intermediate,intermediate,0.02113657,0.9195973,0.059266146,DE
1038,dormant,False,False,complex,complex,complex,0.008907859,0.4108651,0.580227,DE
1039,dormant,False,False,complex,intermediate,intermediate,0.0036994636,0.5229474,0.47335315,DE
1040,dormant,False,True,intermediate,intermediate,intermediate,0.004795856,0.78436345,0.21084073,DE
1041,dormant,False,False,complex,complex,complex,0.0028972954,0.08630717,0.9107955,DE
1042,dormant,False,False,complex,intermediate,intermediate,0.009584877,0.84050584,0.14990926,DE
1043,dormant,False,True,intermediate,intermediate,intermediate,0.0018990103,0.9385442,0.059556767,DE
1044,dormant,False,True,intermediate,intermediate,intermediate,0.0024879172,0.9389159,0.05859615,DE
1045,dormant,False,True,complex,complex,complex,0.0012621722,0.009503606,0.9892342,DE
1046,dormant,False,True,intermediate,intermediate,intermediate,0.009810198,0.9309712,0.059218593,DE
1047,dormant,False,False,complex,intermediate,intermediate,0.023204815,0.5387786,0.43801662,DE
1048,dormant,False,True,complex,complex,complex,0.00084573706,0.015283892,0.9838704,DE
1049,dormant,False,True,intermediate,intermediate,intermediate,0.0033334964,0.6188916,0.3777749,DE
1050,dormant,False,True,intermediate,intermediate,intermediate,0.01181007,0.9003708,0.08781914,DE
1051,dormant,False,True,intermediate,intermediate,intermediate,0.01176725,0.94128036,0.046952322,DE
1052,dormant,False,True,complex,complex,complex,0.0009834094,0.0070502255,0.99196637,DE
1053,dormant,False,True,intermediate,intermediate,intermediate,0.09503017,0.84704435,0.057925504,DE
1054,dormant,False,False,intermediate,intermediate,intermediate,0.026562307,0.9389448,0.03449293,DE
1055,dormant,False,True,complex,complex,complex,0.072784506,0.22160693,0.7056086,DE
1056,dormant,False,True,complex,complex,complex,0.0013404819,0.042063884,0.9565956,DE
1057,dormant,False,True,complex,complex,complex,0.0013273399,0.03250791,0.9661648,DE
1058,dormant,False,False,complex,complex,complex,0.002082106,0.09391346,0.90400445,DE
1059,dormant,False,True,complex,complex,complex,0.0018793759,0.03195969,0.9661609,DE
1060,dormant,False,False,complex,complex,complex,0.0030636843,0.04711447,0.9498218,DE
1061,dormant,False,True,complex,complex,complex,0.0022994252,0.050729904,0.94697064,DE
1062,dormant,False,True,complex,complex,complex,0.0012921811,0.0085479785,0.9901598,DE
1063,dormant,False,True,complex,complex,complex,0.0008664023,0.021354346,0.97777927,DE
1064,dormant,False,False,complex,complex,complex,0.0031568962,0.02395063,0.9728925,DE
1065,dormant,False,True,complex,complex,complex,0.003260569,0.02824881,0.96849066,DE
1066,dormant,False,True,complex,complex,complex,0.0014357824,0.024218984,0.97434527,DE
1067,dormant,False,True,complex,complex,complex,0.0017675409,0.041373294,0.9568591,DE
1068,dormant,False,True,complex,complex,complex,0.007831161,0.30971074,0.68245804,DE
1069,dormant,False,True,complex,complex,complex,0.003977663,0.07150057,0.9245217,DE
1070,dormant,False,True,complex,complex,complex,0.0014231087,0.055688474,0.94288844,DE
1071,dormant,False,True,complex,complex,complex,0.0005353494,0.011972777,0.98749185,DE
1072,dormant,False,True,complex,complex,complex,0.0004173279,0.008496918,0.9910857,DE
1073,dormant,False,True,complex,complex,complex,0.00057971047,0.009066403,0.9903538,DE
1074,dormant,False,True,complex,complex,complex,0.00079200463,0.015048339,0.98415965,DE
1075,dormant,False,False,complex,complex,complex,0.0011419305,0.012398594,0.9864595,DE
1076,dormant,False,True,complex,complex,complex,0.0016621746,0.011995075,0.9863427,DE
1077,dormant,False,True,complex,complex,complex,0.00085160596,0.01827083,0.9808775,DE
1078,dormant,False,True,complex,complex,complex,0.00063328655,0.005602224,0.9937645,DE
1079,dormant,False,False,complex,complex,complex,0.0013698704,0.018432902,0.9801972,DE
1080,dormant,False,True,complex,complex,complex,0.00046622037,0.003352052,0.9961817,DE
1081,dormant,False,True,complex,complex,complex,0.0010540965,0.015093449,0.9838524,DE
1082,dormant,False,True,complex,complex,complex,0.0018902812,0.042446107,0.9556636,DE
1083,dormant,False,True,complex,complex,complex,0.0004291572,0.0051644742,0.99440634,DE
1084,dormant,False,True,complex,complex,complex,0.00074480806,0.01560253,0.9836527,DE
1085,dormant,False,False,complex,complex,complex,0.0004193966,0.007151458,0.9924292,DE
1086,dormant,False,True,complex,complex,complex,0.00047339365,0.0071604075,0.99236614,DE
1087,dormant,False,False,complex,complex,complex,0.0005820923,0.0050598485,0.994358,DE
1088,dormant,False,False,complex,complex,complex,0.009120637,0.42928693,0.56159246,DE
1089,dormant,False,False,complex,complex,complex,0.0040171114,0.12612519,0.8698577,DE
1090,dormant,False,True,complex,complex,complex,0.00051439006,0.020790638,0.978695,DE
1091,dormant,False,True,complex,complex,complex,0.0013466359,0.014983025,0.98367035,DE
1092,dormant,False,True,complex,complex,complex,0.00025703319,0.0065758717,0.9931671,DE
1093,dormant,False,True,complex,complex,complex,0.0024208596,0.053126708,0.94445246,DE
1094,dormant,False,True,complex,complex,complex,0.015303331,0.23298106,0.7517156,DE
1095,dormant,False,True,complex,complex,complex,0.005497135,0.18700315,0.8074997,DE
1096,dormant,False,True,complex,complex,complex,0.0026398238,0.050499212,0.94686097,DE
1097,dormant,False,False,complex,intermediate,intermediate,0.008170893,0.9223654,0.06946374,DE
1098,dormant,False,False,complex,intermediate,intermediate,0.0048865806,0.82681745,0.16829598,DE
1099,dormant,False,True,complex,complex,complex,0.0025578225,0.18036066,0.8170815,DE
1100,dormant,False,True,complex,complex,complex,0.00063176494,0.0079799425,0.99138826,DE
1101,dormant,False,True,complex,complex,complex,0.0002959404,0.003950006,0.9957541,DE
1102,dormant,False,False,complex,complex,complex,0.0026253155,0.047629558,0.9497452,DE
1103,dormant,False,False,complex,complex,complex,0.001779877,0.03993979,0.9582804,DE
1104,dormant,False,True,complex,complex,complex,0.0008675792,0.01897533,0.98015714,DE
1105,dormant,False,True,complex,complex,complex,0.0010923581,0.015393192,0.9835144,DE
1106,dormant,False,True,complex,complex,complex,0.00052438263,0.0061295494,0.9933461,DE
1107,dormant,False,False,complex,complex,complex,0.0004723882,0.014672865,0.98485476,DE
1108,dormant,False,True,complex,complex,complex,0.0010078609,0.0045271264,0.99446505,DE
1109,dormant,False,True,complex,complex,complex,0.000289588,0.0035695175,0.9961409,DE
1110,dormant,False,True,complex,complex,complex,0.00044839788,0.010442688,0.9891089,DE
1111,dormant,False,False,complex,complex,complex,0.00022900352,0.0039755777,0.99579537,DE
1112,dormant,False,False,complex,complex,complex,0.0018722973,0.021674184,0.97645354,DE
1113,dormant,False,False,complex,complex,complex,0.00063707406,0.019499999,0.979863,DE
1114,dormant,False,True,complex,complex,complex,0.0004993167,0.01898815,0.9805125,DE
1115,dormant,False,True,complex,complex,complex,0.0013956203,0.018756881,0.97984755,DE
1116,dormant,False,False,complex,complex,complex,0.0035991783,0.030246466,0.96615434,DE
1117,dormant,False,True,complex,complex,complex,0.0027491616,0.022663726,0.97458714,DE
1118,dormant,False,True,complex,complex,complex,0.016275842,0.026211973,0.95751214,DE
1119,dormant,False,True,complex,complex,complex,0.00035398206,0.011729505,0.9879166,DE
1120,dormant,False,True,complex,complex,complex,0.0007001878,0.012349766,0.9869501,DE
1121,dormant,False,True,complex,complex,complex,0.0031249514,0.0334111,0.96346396,DE
1122,dormant,False,True,complex,complex,complex,0.0016743458,0.04322647,0.9550991,DE
1123,dormant,False,True,complex,complex,complex,0.0011453942,0.025931263,0.9729233,DE
1124,dormant,False,True,complex,complex,complex,0.0004009358,0.011117978,0.98848104,DE
1125,dormant,False,True,complex,complex,complex,0.00043275394,0.0051619723,0.99440527,DE
1126,dormant,False,True,complex,complex,complex,0.00037034613,0.0044175596,0.9952121,DE
1127,dormant,False,True,intermediate,intermediate,intermediate,0.00346818,0.57289547,0.42363638,DE
1128,dormant,False,False,complex,complex,complex,0.0005253214,0.008643428,0.9908312,DE
1129,dormant,False,True,intermediate,complex,complex,0.002723501,0.3516889,0.64558756,DE
1130,dormant,False,False,complex,complex,complex,0.002723501,0.3516889,0.64558756,DE
1131,dormant,False,True,complex,complex,complex,0.0012963132,0.021193817,0.9775098,DE
1132,dormant,False,True,complex,complex,complex,0.0012983386,0.019664569,0.9790371,DE
1133,dormant,False,True,complex,complex,complex,0.0073308893,0.12311956,0.8695496,DE
1134,dormant,False,True,complex,complex,complex,0.0015644084,0.05298146,0.9454541,DE
1135,dormant,False,False,complex,complex,complex,0.0005201225,0.012277127,0.9872027,DE
1136,dormant,False,True,complex,complex,complex,0.001296686,0.036849394,0.9618539,DE
1137,dormant,False,True,complex,complex,complex,0.00023108673,0.0037335972,0.9960353,DE
1138,dormant,False,True,complex,complex,complex,0.00082581013,0.022517879,0.9766564,DE
1139,dormant,False,True,complex,complex,complex,0.0003936171,0.007565521,0.9920408,DE
1140,dormant,False,True,complex,complex,complex,0.0006130108,0.008111944,0.9912751,DE
1141,dormant,False,True,complex,complex,complex,0.00036012533,0.0070314948,0.99260837,DE
1142,dormant,False,True,complex,complex,complex,0.0004301895,0.012168036,0.9874018,DE
1143,dormant,False,False,complex,complex,complex,0.0004248464,0.020732723,0.97884244,DE
1144,dormant,False,True,complex,complex,complex,0.0005783681,0.03419338,0.9652283,DE
1145,dormant,False,False,complex,complex,complex,0.00040297478,0.007487943,0.9921091,DE
1146,dormant,False,False,complex,complex,complex,0.00066612446,0.020342724,0.97899115,DE
1147,dormant,False,False,complex,complex,complex,0.00052251254,0.015990987,0.98348653,DE
1148,dormant,False,True,complex,complex,complex,0.0004557878,0.012510288,0.98703396,DE
1149,dormant,False,True,complex,complex,complex,0.00033562514,0.010442073,0.9892223,DE
1150,dormant,False,False,complex,complex,complex,0.00036741007,0.008275056,0.99135756,DE
1151,dormant,False,True,complex,complex,complex,0.00022926524,0.00784849,0.99192226,DE
1152,dormant,False,True,complex,complex,complex,0.012665789,0.019639658,0.9676945,DE
1153,dormant,False,True,complex,complex,complex,0.0008960012,0.019557834,0.9795461,DE
1154,dormant,False,True,complex,complex,complex,0.0003700376,0.0064946474,0.99313533,DE
1155,dormant,False,True,complex,complex,complex,0.0004655207,0.007437478,0.992097,DE
1156,dormant,False,True,complex,complex,complex,0.0011642799,0.036192738,0.962643,DE
1157,dormant,False,True,complex,complex,complex,0.0006947576,0.04990371,0.9494015,DE
1158,dormant,False,False,complex,complex,complex,0.00022401447,0.008345915,0.9914301,DE
1159,dormant,False,True,complex,complex,complex,0.0016713274,0.03440752,0.9639212,DE
1160,dormant,False,True,complex,complex,complex,0.0013508013,0.057407416,0.94124186,DE
1161,dormant,False,False,complex,complex,complex,0.0024220392,0.19574393,0.80183405,DE
1162,dormant,False,True,complex,complex,complex,0.0017170005,0.023960425,0.9743226,DE
1163,dormant,False,True,intermediate,intermediate,intermediate,0.002075394,0.75445485,0.24346972,DE
1164,dormant,False,True,complex,complex,complex,0.0012403985,0.037907656,0.9608519,DE
1165,dormant,False,True,complex,complex,complex,0.0014088961,0.055907484,0.94268364,DE
1166,dormant,False,True,complex,complex,complex,0.0020980628,0.1405177,0.85738426,DE
1167,dormant,False,True,complex,complex,complex,0.0010895449,0.09778529,0.90112513,DE
1168,dormant,False,True,intermediate,intermediate,intermediate,0.0027510184,0.9597988,0.037450153,DE
1169,dormant,False,True,complex,complex,complex,0.0023972082,0.014630249,0.98297256,DE
1170,dormant,False,True,complex,complex,complex,0.005520417,0.2413464,0.7531332,DE
1171,dormant,False,True,complex,complex,complex,0.013344659,0.17680411,0.8098512,DE
1172,dormant,False,True,complex,complex,complex,0.0032450142,0.019904077,0.976851,DE
1173,dormant,False,False,complex,complex,complex,0.0030483452,0.28513724,0.71181446,DE
1174,dormant,False,False,intermediate,intermediate,intermediate,0.0025614044,0.73671395,0.26072466,DE
1175,dormant,False,True,complex,complex,complex,0.009429431,0.1319218,0.8586488,DE
1176,dormant,False,True,complex,complex,complex,0.0004790683,0.0076939845,0.991827,DE
1177,dormant,False,True,complex,complex,complex,0.0025750443,0.05133205,0.94609296,DE
1178,dormant,False,False,complex,complex,complex,0.00085620745,0.036122933,0.96302086,DE
1179,dormant,False,True,complex,complex,complex,0.00041801017,0.032277096,0.9673049,DE
1180,dormant,False,True,complex,complex,complex,0.0071714763,0.22691876,0.76590973,DE
1181,dormant,False,True,complex,complex,complex,0.013677433,0.14607927,0.84024334,DE
1182,dormant,False,False,complex,complex,complex,0.00095393125,0.009468499,0.98957753,DE
1183,dormant,False,True,complex,complex,complex,0.0010565077,0.12040616,0.8785373,DE
1184,dormant,False,True,complex,complex,complex,0.003865024,0.010582892,0.985552,DE
1185,dormant,False,True,complex,complex,complex,0.0019182947,0.044178586,0.95390314,DE
1186,dormant,False,True,complex,complex,complex,0.0009884451,0.06517422,0.9338374,DE
1187,dormant,False,True,complex,complex,complex,0.00043403349,0.042714085,0.95685196,DE
1188,dormant,False,False,complex,complex,complex,0.0007393557,0.019890174,0.9793705,DE
1189,dormant,False,True,complex,complex,complex,0.0026350794,0.0865164,0.91084856,DE
1190,dormant,False,True,complex,complex,complex,0.00023204662,0.006651694,0.9931163,DE
1191,dormant,False,True,intermediate,intermediate,intermediate,0.0029981337,0.70674527,0.29025665,DE
1192,dormant,False,True,complex,complex,complex,0.0031862566,0.019531054,0.97728276,DE
1193,dormant,False,True,complex,complex,complex,0.0048073772,0.101223856,0.8939688,DE
1194,dormant,False,True,complex,complex,complex,0.005972434,0.18998381,0.80404377,DE
1195,dormant,False,True,intermediate,intermediate,intermediate,0.0028264595,0.8969664,0.10020719,DE
1196,dormant,False,True,intermediate,intermediate,intermediate,0.0063487426,0.9135296,0.080121666,DE
1197,dormant,False,True,complex,complex,complex,0.0016950546,0.13906567,0.8592393,DE
1198,dormant,False,True,complex,complex,complex,0.00019142177,0.004724988,0.9950836,DE
1199,dormant,False,False,complex,complex,complex,0.00020748876,0.0039190394,0.9958735,DE
1200,dormant,False,True,complex,complex,complex,0.00035171502,0.0053361757,0.99431217,DE
1201,dormant,False,False,complex,complex,complex,0.00023492101,0.0033150539,0.99645007,DE
1202,dormant,False,True,complex,complex,complex,0.0002122018,0.004885741,0.994902,DE
1203,dormant,False,False,complex,complex,complex,0.00042827832,0.0061229733,0.9934488,DE
1204,dormant,False,True,complex,complex,complex,0.0005066402,0.0061076116,0.99338573,DE
1205,dormant,False,True,complex,complex,complex,0.0003336209,0.005787483,0.99387884,DE
1206,dormant,False,False,complex,complex,complex,0.0003660631,0.018137854,0.98149616,DE
1207,dormant,False,True,complex,complex,complex,0.00031026444,0.005361894,0.99432784,DE
1208,dormant,True,False,complex,complex,,0.0023852633,0.08661131,0.9110034,DE
1209,dormant,False,True,complex,complex,complex,0.0003408965,0.0050096484,0.99464947,DE
1210,dormant,False,True,complex,complex,complex,0.0001171195,0.0050764186,0.99480647,DE
1211,dormant,False,True,complex,complex,complex,0.0001561565,0.007962273,0.99188155,DE
1212,dormant,False,True,complex,complex,complex,0.00038237724,0.007316906,0.99230075,DE
1213,dormant,False,True,complex,complex,complex,0.00038237724,0.007316906,0.99230075,DE
1214,dormant,False,True,complex,complex,complex,0.0004828233,0.0091109015,0.9904062,DE
1215,dormant,False,True,complex,complex,complex,0.00038243955,0.0057598506,0.9938577,DE
1216,dormant,False,True,complex,complex,complex,0.0002456055,0.002232025,0.9975224,DE
1217,dormant,False,False,complex,complex,complex,0.00019761876,0.0027437604,0.99705863,DE
1218,dormant,False,True,complex,complex,complex,0.00048401745,0.0046413196,0.99487466,DE
1219,dormant,False,True,complex,complex,complex,0.0005225642,0.005479796,0.9939976,DE
1220,dormant,False,True,complex,complex,complex,0.0004834549,0.008292193,0.99122435,DE
1221,dormant,False,True,complex,complex,complex,0.00020729627,0.0020981873,0.99769455,DE
1222,dormant,False,True,complex,complex,complex,0.0008998026,0.013500773,0.9855994,DE
1223,dormant,False,False,complex,complex,complex,0.0005295008,0.009945368,0.9895251,DE
1224,dormant,False,True,complex,complex,complex,0.0005295008,0.009945368,0.9895251,DE
1225,dormant,False,True,complex,complex,complex,0.00036036005,0.009536938,0.99010277,DE
1226,dormant,False,True,complex,complex,complex,0.0005824439,0.015612127,0.9838054,DE
1227,dormant,False,True,complex,complex,complex,0.00019411578,0.0023142374,0.9974916,DE
1228,dormant,False,False,complex,complex,complex,0.00021103902,0.0052356916,0.9945532,DE
1229,dormant,False,True,complex,complex,complex,0.00026949338,0.003871646,0.99585885,DE
1230,dormant,False,False,complex,complex,complex,0.0009502074,0.012345303,0.98670447,DE
1231,dormant,False,True,complex,complex,complex,0.00059402967,0.0072628735,0.99214315,DE
1232,dormant,False,False,intermediate,complex,complex,9.817669e-05,0.0017855247,0.9981164,DE
1233,dormant,False,True,complex,complex,complex,0.00016410237,0.0018052027,0.9980307,DE
1234,dormant,False,False,complex,complex,complex,0.00017765258,0.0013999841,0.9984224,DE
1235,dormant,False,False,complex,complex,complex,0.00011048093,0.0009136495,0.9989759,DE
1236,dormant,False,True,complex,complex,complex,0.00029137358,0.003028388,0.99668026,DE
1237,dormant,False,True,complex,complex,complex,0.00078178867,0.016213676,0.98300457,DE
1238,dormant,False,True,complex,complex,complex,0.00062201073,0.014597097,0.9847809,DE
1239,dormant,False,True,complex,complex,complex,0.00062201073,0.014597097,0.9847809,DE
1240,dormant,False,True,complex,complex,complex,0.00042105195,0.0045671714,0.9950118,DE
1241,dormant,False,True,complex,complex,complex,0.00042105195,0.0045671714,0.9950118,DE
1242,dormant,False,True,complex,complex,complex,0.00042105195,0.0045671714,0.9950118,DE
1243,dormant,False,True,complex,complex,complex,0.00026063097,0.0028794056,0.9968599,DE
1244,dormant,False,False,complex,complex,complex,0.0008277806,0.009085072,0.9900871,DE
1245,dormant,False,True,complex,complex,complex,0.00020411395,0.014798218,0.98499775,DE
1246,dormant,False,True,complex,complex,complex,0.0005279029,0.013777064,0.98569506,DE
1247,dormant,False,True,complex,complex,complex,0.00022629037,0.012222514,0.98755115,DE
1248,dormant,False,True,complex,complex,complex,0.00022629037,0.012222514,0.98755115,DE
1249,dormant,False,True,complex,complex,complex,0.0008170279,0.03406883,0.9651141,DE
1250,dormant,False,False,complex,complex,complex,0.00022669976,0.0075252536,0.99224806,DE
1251,dormant,False,True,complex,complex,complex,0.00022669976,0.0075252536,0.99224806,DE
1252,dormant,False,True,complex,complex,complex,0.00081302633,0.021345835,0.9778412,DE
1253,dormant,False,True,complex,complex,complex,0.00089482096,0.02609272,0.97301245,DE
1254,dormant,False,False,complex,complex,complex,0.00089482096,0.02609272,0.97301245,DE
1255,dormant,False,True,complex,complex,complex,0.00018661395,0.002096537,0.9977169,DE
1256,dormant,False,True,complex,complex,complex,0.00019380862,0.002693706,0.9971125,DE
1257,dormant,False,True,complex,complex,complex,0.0003292149,0.0049317316,0.9947391,DE
1258,dormant,False,True,complex,complex,complex,0.0003292149,0.0049317316,0.9947391,DE
1259,dormant,False,False,complex,complex,complex,0.0006704484,0.0066232565,0.99270624,DE
1260,dormant,False,True,complex,complex,complex,0.0006704484,0.0066232565,0.99270624,DE
1261,dormant,False,True,complex,complex,complex,0.00019401491,0.0021222413,0.99768376,DE
1262,dormant,False,True,complex,complex,complex,0.0004993711,0.010637783,0.9888629,DE
1263,dormant,False,True,complex,complex,complex,0.00047268724,0.010069354,0.98945796,DE
1264,dormant,False,False,complex,complex,complex,0.000260439,0.015181613,0.9845579,DE
1265,dormant,False,False,complex,complex,complex,0.000260439,0.015181613,0.9845579,DE
1266,dormant,False,True,complex,complex,complex,0.00036314846,0.020043887,0.9795929,DE
1267,dormant,False,False,complex,complex,complex,0.00041111597,0.011605878,0.987983,DE
1268,dormant,False,True,complex,complex,complex,0.00033988128,0.0040184306,0.9956417,DE
1269,dormant,False,True,complex,complex,complex,0.00053044246,0.012753458,0.98671603,DE
1270,dormant,False,True,complex,complex,complex,0.00053044246,0.012753458,0.98671603,DE
1271,dormant,False,True,complex,complex,complex,0.00053044246,0.012753458,0.98671603,DE
1272,dormant,False,True,complex,complex,complex,0.00035949182,0.0047862628,0.9948543,DE
1273,dormant,False,True,complex,complex,complex,0.00032736117,0.0043584765,0.9953141,DE
1274,dormant,False,True,complex,complex,complex,0.00032736117,0.0043584765,0.9953141,DE
1275,dormant,False,False,complex,complex,complex,0.000268284,0.006355383,0.9933763,DE
1276,dormant,False,True,complex,complex,complex,0.00012504881,0.0020331459,0.99784184,DE
1277,dormant,False,True,complex,complex,complex,0.00012504881,0.0020331459,0.99784184,DE
1278,dormant,False,True,complex,complex,complex,0.00022406284,0.0041774325,0.99559844,DE
1279,dormant,False,True,complex,complex,complex,0.00022406284,0.0041774325,0.99559844,DE
1280,dormant,False,False,complex,complex,complex,0.00029994146,0.0042900657,0.99541,DE
1281,dormant,False,True,complex,complex,complex,0.00047555688,0.00530621,0.99421823,DE
1282,dormant,False,True,complex,complex,complex,0.00036753988,0.015472318,0.9841601,DE
1283,dormant,False,True,complex,complex,complex,0.00046103375,0.00859725,0.9909417,DE
1284,dormant,False,True,complex,complex,complex,0.00048710103,0.0090833455,0.99042964,DE
1285,dormant,False,True,complex,complex,complex,0.0005131901,0.0059947157,0.99349207,DE
1286,dormant,False,True,complex,complex,complex,0.0005131901,0.0059947157,0.99349207,DE
1287,dormant,False,True,complex,complex,complex,0.0005649191,0.008657839,0.99077725,DE
1288,dormant,False,True,complex,complex,complex,0.0001777149,0.0037833937,0.9960389,DE
1289,dormant,False,True,complex,complex,complex,0.0001777149,0.0037833937,0.9960389,DE
1290,dormant,False,True,complex,complex,complex,0.0001777149,0.0037833937,0.9960389,DE
1291,dormant,False,True,complex,complex,complex,0.00016447234,0.0026920522,0.99714345,DE
1292,dormant,False,True,complex,complex,complex,0.00038530558,0.0054606013,0.99415416,DE
1293,dormant,False,False,complex,complex,complex,0.00019640433,0.0029129924,0.9968906,DE
1294,dormant,False,True,complex,complex,complex,0.00043687125,0.006848038,0.99271506,DE
1295,dormant,False,True,complex,complex,complex,0.00019669656,0.0054164967,0.9943868,DE
1296,dormant,False,True,complex,complex,complex,0.00026322564,0.00748438,0.9922524,DE
1297,dormant,False,True,complex,complex,complex,0.00032305368,0.0049358066,0.9947411,DE
1298,dormant,False,False,complex,complex,complex,0.00073719403,0.017432634,0.9818302,DE
1299,dormant,False,True,complex,complex,complex,0.00064276345,0.015208561,0.9841487,DE
1300,dormant,False,True,complex,complex,complex,0.00018726588,0.00541228,0.99440044,DE
1301,dormant,False,False,complex,complex,complex,0.000488766,0.014620839,0.9848904,DE
1302,dormant,False,True,intermediate,intermediate,intermediate,0.0024895363,0.7597891,0.2377214,DE
1303,dormant,False,True,intermediate,intermediate,intermediate,0.011281107,0.659329,0.32938993,DE
1304,dormant,True,False,intermediate,complex,,0.015803814,0.22953875,0.7546574,DE
1305,dormant,False,False,complex,intermediate,intermediate,0.005757112,0.80343735,0.19080552,DE
1306,dormant,False,True,complex,complex,complex,0.002077334,0.12977916,0.86814356,DE
1307,dormant,False,True,complex,complex,complex,0.0030369596,0.16763863,0.8293244,DE
1308,dormant,False,True,intermediate,intermediate,intermediate,0.003794118,0.7984579,0.19774789,DE
1309,dormant,False,True,intermediate,intermediate,intermediate,0.003674243,0.83107746,0.16524829,DE
1310,dormant,False,False,complex,complex,complex,0.0031214568,0.28229666,0.71458185,DE
1311,dormant,False,True,complex,complex,complex,0.0026843639,0.14840047,0.84891516,DE
1312,dormant,False,True,complex,complex,complex,0.00184504,0.38015866,0.61799634,DE
1313,dormant,False,False,intermediate,complex,complex,0.0054239105,0.27186343,0.7227127,DE
1314,dormant,False,True,complex,complex,complex,0.0023825525,0.22088583,0.7767316,DE
1315,dormant,False,False,complex,complex,complex,0.0040775337,0.32387578,0.67204666,DE
1316,dormant,False,True,complex,complex,complex,0.005383617,0.122341044,0.8722753,DE
1317,dormant,False,True,intermediate,intermediate,intermediate,0.0021724033,0.8882962,0.1095314,DE
1318,dormant,False,True,intermediate,intermediate,intermediate,0.002317686,0.9063868,0.09129557,DE
1319,dormant,False,True,complex,complex,complex,0.0029322223,0.35937878,0.637689,DE
1320,dormant,False,True,complex,complex,complex,0.0048640375,0.09369988,0.90143603,DE
1321,dormant,False,True,complex,complex,complex,0.0017356381,0.2514171,0.7468473,DE
1322,dormant,False,True,intermediate,intermediate,intermediate,0.0013839063,0.9181967,0.08041939,DE
1323,dormant,False,True,intermediate,intermediate,intermediate,0.0014018193,0.9448084,0.053789757,DE
1324,dormant,False,True,complex,complex,complex,0.0009525383,0.037307274,0.96174026,DE
1325,dormant,False,True,complex,complex,complex,0.0023709203,0.24243854,0.75519055,DE
1326,dormant,False,True,complex,complex,complex,0.0020328625,0.07279231,0.9251748,DE
1327,dormant,False,True,complex,complex,complex,0.0005624497,0.07530743,0.9241301,DE
1328,dormant,False,True,complex,complex,complex,0.0028072984,0.017588882,0.9796038,DE
1329,dormant,False,False,complex,complex,complex,0.029582467,0.057807513,0.91261,DE
1330,dormant,False,True,intermediate,intermediate,intermediate,0.0022646708,0.8952447,0.10249058,DE
1331,dormant,False,False,complex,complex,complex,0.0023811664,0.06691611,0.93070275,DE
1332,dormant,False,True,intermediate,intermediate,intermediate,0.007180593,0.6810701,0.31174934,DE
1333,dormant,False,True,intermediate,intermediate,intermediate,0.005757112,0.80343735,0.19080552,DE
1334,dormant,False,True,complex,complex,complex,0.0058611184,0.28789836,0.70624053,DE
1335,dormant,False,False,complex,complex,complex,0.0019131236,0.10713266,0.8909542,DE
1336,dormant,False,False,complex,complex,complex,0.000894058,0.01838948,0.9807164,DE
1337,dormant,False,False,complex,complex,complex,0.0009926974,0.024881037,0.9741262,DE
1338,dormant,False,False,complex,complex,complex,0.0021568832,0.057181258,0.94066185,DE
1339,dormant,False,False,complex,complex,complex,0.00038022798,0.0083730295,0.99124676,DE
1340,dormant,False,False,complex,complex,complex,0.00018756835,0.004199948,0.9956125,DE
1341,dormant,True,False,complex,complex,,0.00046672198,0.018257506,0.9812758,DE
1342,dormant,False,True,complex,complex,complex,0.001618963,0.06913283,0.9292482,DE
1343,dormant,False,False,complex,complex,complex,0.00010742843,0.002272482,0.99762005,DE
1344,dormant,False,False,complex,complex,complex,0.0003276682,0.008346265,0.99132603,DE
1345,dormant,False,True,complex,complex,complex,0.00082235754,0.01587648,0.98330116,DE
1346,dormant,False,True,complex,complex,complex,0.00025011328,0.0051429225,0.99460703,DE
1347,dormant,False,False,complex,complex,complex,0.00043049024,0.00913248,0.990437,DE
1348,dormant,False,True,complex,complex,complex,0.00094269234,0.01692921,0.98212814,DE
1349,dormant,False,True,complex,complex,complex,0.002515947,0.042102776,0.9553813,DE
1350,dormant,False,True,complex,complex,complex,0.0033299336,0.10685796,0.8898122,DE
1351,dormant,False,True,complex,complex,complex,0.002031161,0.08326567,0.91470313,DE
1352,dormant,False,True,intermediate,intermediate,intermediate,0.005987364,0.6528095,0.3412031,DE
1353,dormant,False,False,complex,intermediate,intermediate,0.006350708,0.5823921,0.4112572,DE
1354,dormant,False,True,complex,complex,complex,0.0031466878,0.18587317,0.8109802,DE
1355,dormant,False,True,complex,complex,complex,0.00029656946,0.013194876,0.9865086,DE
1356,dormant,False,True,complex,complex,complex,0.00055254565,0.023583438,0.975864,DE
1357,dormant,False,True,complex,complex,complex,0.00088242366,0.008749197,0.99036837,DE
1358,dormant,False,True,complex,complex,complex,0.00067505025,0.009260584,0.9900643,DE
1359,dormant,False,True,complex,complex,complex,0.0005962147,0.0035371124,0.99586666,DE
1360,dormant,False,True,complex,complex,complex,0.0006221698,0.02312018,0.9762576,DE
1361,dormant,False,False,complex,complex,complex,0.0011253709,0.027621785,0.97125286,DE
1362,dormant,False,True,complex,complex,complex,0.0005107861,0.030344203,0.969145,DE
1363,dormant,False,True,complex,intermediate,intermediate,0.029137623,0.59319013,0.37767226,DE
1364,dormant,False,True,complex,complex,complex,0.0028083057,0.09123586,0.9059558,DE
1365,dormant,False,True,complex,complex,complex,0.016455293,0.12525736,0.85828733,DE
1366,dormant,False,True,complex,complex,complex,0.00047216314,0.020905824,0.978622,DE
1367,dormant,False,True,complex,complex,complex,0.0008557072,0.012331107,0.9868132,DE
1368,dormant,False,True,complex,complex,complex,0.0041101263,0.11345242,0.8824374,DE
1369,dormant,False,True,complex,complex,complex,0.0006440619,0.040495522,0.95886046,DE
1370,dormant,False,True,complex,complex,complex,0.0029478695,0.06320796,0.93384415,DE
1371,dormant,False,True,complex,complex,complex,0.002762363,0.07271738,0.9245203,DE
1372,dormant,False,True,complex,complex,complex,0.0011210735,0.117648184,0.8812307,DE
1373,dormant,False,True,complex,complex,complex,0.0021145646,0.033665247,0.9642202,DE
1374,dormant,False,True,complex,complex,complex,0.0005945154,0.01882519,0.9805802,DE
1375,dormant,False,True,complex,complex,complex,0.00073985243,0.0055513415,0.99370885,DE
1376,dormant,False,False,complex,complex,complex,0.00035398584,0.0034224142,0.99622357,DE
1377,dormant,False,True,complex,complex,complex,0.0043605887,0.11595407,0.87968534,DE
1378,dormant,False,True,complex,complex,complex,0.00056509004,0.028985651,0.97044927,DE
1379,dormant,False,True,complex,complex,complex,0.010943927,0.30830628,0.6807498,DE
1380,dormant,False,True,intermediate,intermediate,intermediate,0.009066192,0.82432985,0.16660395,DE
1381,dormant,False,True,complex,complex,complex,0.004481297,0.3676144,0.62790436,DE
1382,dormant,False,True,complex,complex,complex,0.0009524892,0.040518995,0.95852846,DE
1383,dormant,False,True,complex,complex,complex,0.001058669,0.03347995,0.9654614,DE
1384,dormant,False,False,complex,complex,complex,0.0009813295,0.02240844,0.9766102,DE
1385,dormant,False,True,complex,complex,complex,0.00068488973,0.011502728,0.98781234,DE
1386,dormant,False,True,complex,complex,complex,0.00028311962,0.0075534717,0.9921634,DE
1387,dormant,False,True,complex,complex,complex,0.00035828387,0.009692143,0.9899496,DE
1388,dormant,False,False,intermediate,complex,complex,0.0037492826,0.15718842,0.8390623,DE
1389,dormant,False,True,intermediate,intermediate,intermediate,0.0031580138,0.797048,0.19979401,DE
1390,dormant,False,True,complex,complex,complex,0.0021672898,0.08089017,0.9169426,DE
1391,dormant,False,True,complex,complex,complex,0.0057511213,0.19263326,0.80161566,DE
1392,dormant,False,True,intermediate,intermediate,intermediate,0.007099897,0.7174634,0.2754367,DE
1393,dormant,False,True,complex,complex,complex,0.006558426,0.17918555,0.814256,DE
1394,dormant,False,True,complex,complex,complex,0.0032573028,0.25039062,0.7463521,DE
1395,dormant,False,True,intermediate,intermediate,intermediate,0.0041561625,0.9199642,0.07587968,DE
1396,dormant,False,True,complex,complex,complex,0.004477595,0.11018526,0.8853371,DE
1397,dormant,False,True,intermediate,intermediate,intermediate,0.0044615925,0.84382904,0.1517094,DE
1398,dormant,False,True,complex,complex,complex,0.0022762043,0.18533088,0.8123929,DE
1399,dormant,False,False,complex,complex,complex,0.0039578076,0.39385903,0.60218316,DE
1400,dormant,False,True,intermediate,intermediate,intermediate,0.0020691259,0.7045391,0.2933917,DE
1401,dormant,False,True,complex,complex,complex,0.002326487,0.18220863,0.81546485,DE
1402,dormant,False,False,complex,complex,complex,0.0034454092,0.24182305,0.75473154,DE
1403,dormant,False,False,complex,complex,complex,0.0007735846,0.021703674,0.9775227,DE
1404,dormant,False,True,complex,complex,complex,0.0012311541,0.12517932,0.8735896,DE
1405,dormant,False,True,complex,complex,complex,0.0013962905,0.11090361,0.8877001,DE
1406,dormant,False,True,complex,complex,complex,0.0014163855,0.04923353,0.94935006,DE
1407,dormant,False,True,complex,complex,complex,0.0029438932,0.28363234,0.7134238,DE
1408,dormant,False,True,intermediate,intermediate,intermediate,0.0014591825,0.96481174,0.033729058,DE
1409,dormant,False,True,complex,complex,complex,0.0015651988,0.12102958,0.8774052,DE
1410,dormant,False,True,intermediate,intermediate,intermediate,0.0021273217,0.9440334,0.053839296,DE
1411,dormant,False,True,intermediate,intermediate,intermediate,0.0041086045,0.85261613,0.14327523,DE
1412,dormant,False,True,intermediate,intermediate,intermediate,0.0040642153,0.93700224,0.05893358,DE
1413,dormant,False,True,intermediate,intermediate,intermediate,0.003083251,0.9155763,0.0813405,DE
1414,dormant,False,True,complex,complex,complex,0.00062347495,0.0073673823,0.99200916,DE
1415,dormant,False,True,complex,complex,complex,0.0032990214,0.08160081,0.91510016,DE
1416,dormant,False,True,complex,complex,complex,0.00038976653,0.010022065,0.98958814,DE
1417,dormant,False,True,complex,complex,complex,0.0016666594,0.046329528,0.9520038,DE
1418,dormant,False,True,intermediate,intermediate,intermediate,0.0040759617,0.72053254,0.2753915,DE
1419,dormant,False,True,complex,complex,complex,0.0043014046,0.118575126,0.8771235,DE
1420,dormant,False,True,complex,complex,complex,0.00030222491,0.010397109,0.98930067,DE
1421,dormant,False,True,complex,complex,complex,0.00049736607,0.026362978,0.97313964,DE
1422,dormant,False,True,complex,complex,complex,0.001451029,0.0644086,0.9341404,DE
1423,dormant,False,False,complex,complex,complex,0.0030613437,0.18142146,0.8155172,DE
1424,dormant,False,True,complex,complex,complex,0.0013890698,0.104472704,0.8941382,DE
1425,dormant,False,True,complex,complex,complex,0.007268751,0.1877251,0.8050061,DE
1426,dormant,False,True,complex,complex,complex,0.0028170845,0.13898683,0.858196,DE
1427,dormant,False,False,intermediate,complex,complex,0.008135301,0.33290154,0.6589632,DE
1428,dormant,False,True,intermediate,intermediate,intermediate,0.0033929606,0.87896997,0.11763712,DE
1429,dormant,False,True,complex,complex,complex,0.0023336378,0.17017671,0.8274897,DE
1430,dormant,False,True,intermediate,intermediate,intermediate,0.002572551,0.9343247,0.063102804,DE
1431,dormant,False,True,complex,complex,complex,0.0045550554,0.34944105,0.6460039,DE
1432,dormant,False,True,intermediate,intermediate,intermediate,0.0022145128,0.9312091,0.06657639,DE
1433,dormant,False,True,intermediate,intermediate,intermediate,0.0017676075,0.9351563,0.06307614,DE
1434,dormant,False,True,intermediate,intermediate,intermediate,0.001438503,0.9199771,0.07858434,DE
1435,dormant,False,True,complex,complex,complex,0.0016671972,0.20390843,0.79442436,DE
1436,dormant,False,True,intermediate,intermediate,intermediate,0.0017517533,0.837135,0.1611132,DE
1437,dormant,False,True,intermediate,intermediate,intermediate,0.0030255362,0.86895084,0.12802362,DE
1438,dormant,False,False,complex,intermediate,intermediate,0.004366517,0.8739579,0.121675625,DE
1439,dormant,False,True,intermediate,intermediate,intermediate,0.0011448729,0.9320632,0.06679188,DE
1440,dormant,False,True,intermediate,intermediate,intermediate,0.0013544343,0.9313034,0.06734217,DE
1441,dormant,False,True,intermediate,intermediate,intermediate,0.0021890523,0.8801172,0.11769372,DE
1442,dormant,False,True,intermediate,intermediate,intermediate,0.0014173237,0.9299448,0.068637826,DE
1443,dormant,False,True,intermediate,intermediate,intermediate,0.0047644344,0.98300683,0.012228667,DE
1444,dormant,False,True,intermediate,intermediate,intermediate,0.004028422,0.97922224,0.016749306,DE
1445,dormant,False,True,intermediate,intermediate,intermediate,0.0012439834,0.9845047,0.014251375,DE
1446,dormant,False,True,intermediate,intermediate,intermediate,0.0029634233,0.7770266,0.22001001,DE
1447,dormant,False,True,intermediate,intermediate,intermediate,0.029815821,0.9619089,0.008275369,DE
1448,dormant,False,True,complex,complex,complex,0.0019980432,0.06309764,0.9349043,DE
1449,dormant,False,True,complex,complex,complex,0.0013806192,0.020370118,0.9782493,DE
1450,dormant,False,True,intermediate,intermediate,intermediate,0.0046908087,0.92902213,0.06628707,DE
1451,dormant,False,False,complex,intermediate,intermediate,0.0041678664,0.9497952,0.04603696,DE
1452,dormant,False,True,complex,complex,complex,0.0027416341,0.27603322,0.72122514,DE
1453,dormant,False,True,complex,complex,complex,0.0024322644,0.28427768,0.7132901,DE
1454,dormant,False,True,intermediate,intermediate,intermediate,0.0031382402,0.9843315,0.012530236,DE
1455,dormant,False,True,intermediate,intermediate,intermediate,0.01309339,0.9706547,0.016251873,DE
1456,dormant,False,True,complex,complex,complex,0.010545772,0.37477812,0.6146761,DE
1457,dormant,False,True,complex,complex,complex,0.0045888163,0.28076202,0.71464914,DE
1458,dormant,False,True,complex,complex,complex,0.0399883,0.18061438,0.7793973,DE
1459,dormant,False,True,complex,complex,complex,0.038440276,0.29359248,0.6679672,DE
1460,dormant,False,True,complex,complex,complex,0.00043991575,0.009111703,0.9904484,DE
1461,dormant,False,True,complex,complex,complex,0.004575143,0.19775029,0.79767454,DE
1462,dormant,False,True,complex,complex,complex,0.0043097283,0.08770943,0.90798086,DE
1463,dormant,False,True,complex,complex,complex,0.001741347,0.07992057,0.9183381,DE
1464,dormant,False,True,complex,complex,complex,0.0047552884,0.28138116,0.71386355,DE
1465,dormant,False,True,intermediate,intermediate,intermediate,0.022881951,0.9569899,0.020128163,DE
1466,dormant,False,True,complex,complex,complex,0.004909078,0.16707878,0.8280121,DE
1467,dormant,False,True,complex,complex,complex,0.0028741085,0.078488454,0.9186374,DE
1468,dormant,False,True,intermediate,intermediate,intermediate,0.0015167842,0.81878275,0.17970046,DE
1469,dormant,False,True,complex,complex,complex,0.0027635854,0.13943443,0.85780203,DE
1470,dormant,False,True,complex,complex,complex,0.0016259612,0.055496957,0.9428771,DE
1471,dormant,False,True,complex,complex,complex,0.0074677225,0.17187311,0.82065916,DE
1472,dormant,False,False,complex,intermediate,intermediate,0.0055381134,0.5480535,0.44640842,DE
1473,dormant,False,True,complex,complex,complex,0.0030228395,0.2587141,0.7382631,DE
1474,dormant,False,True,complex,intermediate,intermediate,0.0126841385,0.52967906,0.45763677,DE
1475,dormant,False,False,complex,complex,complex,0.0036977858,0.3340028,0.6622994,DE
1476,dormant,False,True,complex,complex,complex,0.006545936,0.11942181,0.8740322,DE
1477,dormant,False,True,intermediate,intermediate,intermediate,0.004344381,0.9033561,0.09229952,DE
1478,dormant,False,True,intermediate,intermediate,intermediate,0.0027545146,0.93680245,0.06044307,DE
1479,dormant,False,True,intermediate,intermediate,intermediate,0.0018705275,0.9021086,0.09602088,DE
1480,dormant,False,True,intermediate,intermediate,intermediate,0.0015542936,0.83285326,0.16559242,DE
1481,dormant,False,True,intermediate,intermediate,intermediate,0.0010776758,0.9080235,0.09089883,DE
1482,dormant,False,True,intermediate,intermediate,intermediate,0.0029550607,0.833183,0.16386199,DE
1483,dormant,False,True,intermediate,intermediate,intermediate,0.0015881241,0.895908,0.102503836,DE
1484,dormant,False,True,intermediate,intermediate,intermediate,0.0015505173,0.95271826,0.04573128,DE
1485,dormant,False,True,complex,complex,complex,0.00035835616,0.00974297,0.9898986,DE
1486,dormant,False,True,complex,complex,complex,0.0006895434,0.01314608,0.9861644,DE
1487,dormant,False,True,complex,complex,complex,0.0005393252,0.040057026,0.95940363,DE
1488,dormant,False,True,complex,complex,complex,0.0004611811,0.009899301,0.9896395,DE
1489,dormant,False,True,complex,complex,complex,0.0003464651,0.0091882115,0.9904653,DE
1490,dormant,False,True,complex,complex,complex,0.00034998328,0.0073448378,0.9923052,DE
1491,dormant,False,True,intermediate,intermediate,intermediate,0.0056610433,0.85411084,0.14022811,DE
1492,dormant,False,True,intermediate,intermediate,intermediate,0.005295408,0.8023763,0.19232833,DE
1493,dormant,False,True,intermediate,intermediate,intermediate,0.002644517,0.70955884,0.28779668,DE
1494,dormant,False,True,intermediate,intermediate,intermediate,0.032717925,0.86714196,0.100140125,DE
1495,dormant,False,False,intermediate,complex,complex,0.0071934992,0.4006188,0.5921877,DE
1496,dormant,False,True,complex,complex,complex,0.0018184405,0.06340144,0.93478006,DE
1497,dormant,False,True,complex,complex,complex,0.0018411045,0.08143594,0.91672295,DE
1498,dormant,False,True,complex,complex,complex,0.003202901,0.07384637,0.92295074,DE
1499,dormant,False,True,complex,complex,complex,0.00130364,0.02373074,0.97496563,DE
1500,dormant,False,True,complex,complex,complex,0.0012808924,0.03667812,0.962041,DE
1501,dormant,False,True,complex,complex,complex,0.001317055,0.013706213,0.98497677,DE
1502,dormant,False,False,complex,complex,complex,0.00083301775,0.036268275,0.96289873,DE
1503,dormant,False,True,complex,complex,complex,0.0050064474,0.19941749,0.79557604,DE
1504,dormant,False,True,complex,complex,complex,0.00959475,0.10519797,0.88520724,DE
1505,dormant,False,True,complex,complex,complex,0.00060644414,0.03508746,0.9643061,DE
1506,dormant,False,True,complex,complex,complex,0.005634124,0.18685903,0.80750686,DE
1507,dormant,False,True,complex,complex,complex,0.0006298466,0.0074767396,0.9918934,DE
1508,dormant,False,True,complex,complex,complex,0.0055275247,0.19861592,0.79585654,DE
1509,dormant,False,True,intermediate,intermediate,intermediate,0.006878805,0.9045822,0.08853901,DE
1510,dormant,False,False,complex,complex,complex,0.009904331,0.23104455,0.75905114,DE
1511,dormant,False,True,complex,complex,complex,0.012131607,0.12991412,0.8579542,DE
1512,dormant,False,True,complex,complex,complex,0.0013583968,0.010654916,0.98798674,DE
1513,dormant,False,True,complex,complex,complex,0.00049182825,0.008696279,0.9908119,DE
1514,dormant,False,True,complex,complex,complex,0.012844445,0.2799132,0.70724237,DE
1515,dormant,False,True,complex,complex,complex,0.0011866101,0.019558806,0.97925454,DE
1516,dormant,False,True,complex,complex,complex,0.0007273159,0.0070283995,0.9922443,DE
1517,dormant,False,True,intermediate,intermediate,intermediate,0.0023960124,0.87954354,0.11806039,DE
1518,dormant,False,False,intermediate,intermediate,intermediate,0.0039119823,0.76229817,0.23378986,DE
1519,dormant,False,True,intermediate,intermediate,intermediate,0.0011556712,0.9455167,0.053327587,DE
1520,dormant,False,False,complex,intermediate,intermediate,0.001180606,0.77843577,0.2203837,DE
1521,dormant,False,False,intermediate,complex,complex,0.0009796434,0.26269785,0.7363225,DE
1522,dormant,False,True,complex,complex,complex,0.0046255393,0.22328612,0.77208835,DE
1523,dormant,False,True,intermediate,intermediate,intermediate,0.0014454531,0.9766692,0.021885315,DE
1524,dormant,False,True,complex,complex,complex,0.00039588124,0.007956923,0.9916471,DE
1525,dormant,False,True,complex,complex,complex,0.0004722691,0.015458123,0.98406965,DE
1526,dormant,False,True,complex,complex,complex,0.00030139097,0.010417081,0.98928154,DE
1527,dormant,False,True,complex,complex,complex,0.00032124124,0.015687741,0.983991,DE
1528,dormant,False,True,complex,complex,complex,0.00056344125,0.01483986,0.98459667,DE
1529,dormant,False,True,complex,complex,complex,0.00024272942,0.0099781975,0.98977906,DE
1530,dormant,False,True,complex,complex,complex,0.0024807663,0.015279491,0.9822397,DE
1531,dormant,False,True,intermediate,intermediate,intermediate,0.0070424573,0.7710838,0.22187375,DE
1532,dormant,False,True,complex,complex,complex,0.0070565566,0.26104018,0.7319033,DE
1533,dormant,False,True,complex,complex,complex,0.014818368,0.15854378,0.8266378,DE
1534,dormant,False,False,intermediate,intermediate,intermediate,0.010410285,0.6230991,0.36649063,DE
1535,dormant,False,True,complex,complex,complex,0.0060812645,0.042829815,0.9510889,DE
1536,dormant,False,True,complex,complex,complex,0.006652036,0.12616207,0.8671859,DE
1537,dormant,False,False,intermediate,complex,complex,0.0026050692,0.427758,0.5696369,DE
1538,dormant,False,True,intermediate,intermediate,intermediate,0.0050722035,0.95869935,0.03622842,DE
1539,dormant,False,True,intermediate,intermediate,intermediate,0.013455283,0.96305215,0.023492584,DE
1540,dormant,False,True,intermediate,intermediate,intermediate,0.009325921,0.5565279,0.4341462,DE
1541,dormant,False,True,intermediate,intermediate,intermediate,0.010334793,0.8918457,0.09781954,DE
1542,dormant,False,True,intermediate,intermediate,intermediate,0.003934141,0.853,0.14306588,DE
1543,dormant,False,True,intermediate,intermediate,intermediate,0.0024095348,0.84283376,0.15475672,DE
1544,dormant,False,True,complex,complex,complex,0.0035342302,0.045350797,0.951115,DE
1545,dormant,False,True,intermediate,intermediate,intermediate,0.0035437483,0.9679938,0.028462479,DE
1546,dormant,False,True,intermediate,intermediate,intermediate,0.01219762,0.88639224,0.101410076,DE
1547,dormant,False,False,intermediate,intermediate,intermediate,0.012193902,0.9687325,0.019073598,DE
1548,dormant,False,True,intermediate,intermediate,intermediate,0.006886371,0.95916396,0.03394974,DE
1549,dormant,False,True,intermediate,intermediate,intermediate,0.008075848,0.944528,0.047396228,DE
1550,dormant,False,False,intermediate,complex,complex,0.012371996,0.40465963,0.58296835,DE
1551,dormant,False,False,complex,complex,complex,0.0136317415,0.45033818,0.53603005,DE
1552,dormant,False,True,complex,intermediate,intermediate,0.012031839,0.57213897,0.41582915,DE
1553,dormant,False,True,intermediate,intermediate,intermediate,0.004094641,0.9605162,0.03538918,DE
1554,dormant,False,True,intermediate,intermediate,intermediate,0.015943253,0.8227211,0.16133562,DE
1555,dormant,False,True,intermediate,intermediate,intermediate,0.007856412,0.95350057,0.038643084,DE
1556,dormant,False,True,complex,complex,complex,0.00926745,0.15971681,0.83101577,DE
1557,dormant,False,False,intermediate,complex,complex,0.011220199,0.34682027,0.64195955,DE
1558,dormant,False,True,intermediate,intermediate,intermediate,0.023233203,0.7939052,0.18286158,DE
1559,dormant,False,False,complex,intermediate,intermediate,0.005643049,0.96313816,0.031218803,DE
1560,dormant,False,True,intermediate,intermediate,intermediate,0.0045233956,0.9638404,0.03163619,DE
1561,dormant,False,True,intermediate,intermediate,intermediate,0.015253126,0.8549919,0.12975492,DE
1562,dormant,False,False,intermediate,complex,complex,0.0032299554,0.43305916,0.5637109,DE
1563,dormant,False,True,complex,intermediate,intermediate,0.018560784,0.7228897,0.25854954,DE
1564,dormant,False,False,intermediate,intermediate,intermediate,0.022635665,0.8841126,0.09325177,DE
1565,dormant,True,False,intermediate,intermediate,,0.0031318853,0.9631737,0.03369444,DE
1566,dormant,False,True,complex,complex,complex,0.00014115327,0.00481964,0.99503917,DE
1567,dormant,False,True,complex,complex,complex,0.00031913316,0.006233177,0.9934477,DE
1568,dormant,False,True,complex,complex,complex,0.0006278102,0.015169871,0.98420227,DE
1569,dormant,False,True,complex,complex,complex,0.00021696948,0.012869774,0.98691326,DE
1570,dormant,False,True,complex,complex,complex,0.001705721,0.09441272,0.9038815,DE
1571,dormant,False,True,complex,complex,complex,0.0025884795,0.05045269,0.9469588,DE
1572,dormant,False,True,complex,complex,complex,0.00023212997,0.004900206,0.9948677,DE
1573,dormant,False,False,complex,complex,complex,0.00036613527,0.00749221,0.9921416,DE
1574,dormant,False,True,complex,complex,complex,0.0004833088,0.0070900843,0.99242663,DE
1575,dormant,False,True,complex,complex,complex,0.00028803895,0.006812039,0.9928999,DE
1576,dormant,False,True,complex,complex,complex,0.00019766383,0.006661161,0.99314123,DE
1577,dormant,False,True,complex,complex,complex,0.00013903019,0.0071765874,0.9926844,DE
1578,dormant,False,True,complex,complex,complex,0.0004907222,0.009302636,0.99020666,DE
1579,dormant,False,True,complex,complex,complex,0.0015694557,0.050261658,0.94816893,DE
1580,dormant,False,False,complex,complex,complex,0.010085029,0.06834121,0.9215738,DE
1581,dormant,False,True,complex,complex,complex,0.00018646254,0.0048209447,0.99499255,DE
1582,dormant,False,True,complex,complex,complex,0.00030275303,0.0027117406,0.9969855,DE
1583,dormant,False,False,complex,complex,complex,0.00013516733,0.0015300224,0.9983348,DE
1584,dormant,False,True,complex,complex,complex,0.0003530735,0.0051742257,0.9944727,DE
1585,dormant,False,True,complex,complex,complex,0.00029784394,0.006637427,0.9930647,DE
1586,dormant,False,True,complex,complex,complex,0.00022223052,0.00343381,0.9963439,DE
1587,dormant,False,True,complex,complex,complex,0.00047395984,0.012501311,0.9870248,DE
1588,dormant,False,False,complex,complex,complex,0.00031016488,0.007946065,0.99174374,DE
1589,dormant,False,False,complex,complex,complex,0.00017811308,0.002898523,0.9969234,DE
1590,dormant,False,True,complex,complex,complex,0.00045514246,0.007205367,0.9923395,DE
1591,dormant,False,False,complex,complex,complex,0.0009592581,0.020027595,0.9790132,DE
1592,dormant,False,True,complex,complex,complex,0.0003968844,0.002525896,0.9970772,DE
1593,dormant,False,True,complex,complex,complex,0.0005951049,0.022056209,0.9773487,DE
1594,dormant,False,True,complex,complex,complex,0.008182679,0.097895056,0.8939223,DE
1595,dormant,False,True,complex,complex,complex,0.002351267,0.016437478,0.9812113,DE
1596,dormant,False,True,complex,complex,complex,0.0009332449,0.013244757,0.985822,DE
1597,dormant,False,True,complex,complex,complex,0.00034038414,0.017311135,0.9823485,DE
1598,dormant,False,True,complex,complex,complex,0.00051268947,0.0287919,0.97069544,DE
1599,dormant,False,True,complex,complex,complex,0.0009918661,0.026491467,0.97251666,DE
1600,dormant,False,True,complex,complex,complex,0.00050434854,0.03189503,0.96760064,DE
1601,dormant,False,True,complex,complex,complex,0.00047766356,0.024196621,0.97532576,DE
1602,dormant,True,False,complex,complex,,0.0036667725,0.18684456,0.80948865,DE
1603,dormant,False,True,complex,complex,complex,0.00040510102,0.015382333,0.9842126,DE
1604,dormant,False,True,complex,complex,complex,0.000540518,0.0110710915,0.98838836,DE
1605,dormant,False,True,complex,complex,complex,0.0002169468,0.0020736055,0.9977094,DE
1606,dormant,False,False,complex,complex,complex,0.0016883471,0.023575777,0.97473586,DE
1607,dormant,False,False,complex,complex,complex,0.0012258791,0.019326549,0.97944754,DE
1608,dormant,False,True,complex,complex,complex,0.0006446497,0.018548258,0.9808071,DE
1609,dormant,False,True,complex,complex,complex,0.00030796765,0.0058828397,0.99380916,DE
1610,dormant,False,True,complex,complex,complex,0.00033172625,0.012414817,0.9872535,DE
1611,dormant,False,True,complex,complex,complex,0.00017613832,0.003976736,0.99584717,DE
1612,dormant,False,True,complex,complex,complex,0.002476704,0.060256008,0.9372673,DE
1613,dormant,False,True,complex,complex,complex,0.00060486473,0.0057174154,0.9936777,DE
1614,dormant,False,True,complex,complex,complex,0.00036371875,0.008096858,0.9915394,DE
1615,dormant,False,True,complex,complex,complex,0.001138624,0.066084586,0.93277675,DE
1616,dormant,False,True,complex,complex,complex,0.0029608167,0.057475753,0.9395634,DE
1617,dormant,False,True,complex,complex,complex,0.0007458296,0.035102293,0.96415186,DE
1618,dormant,False,True,complex,complex,complex,0.0016780611,0.056233022,0.94208884,DE
1619,dormant,False,True,complex,complex,complex,0.00040707982,0.016717417,0.98287547,DE
1620,dormant,False,True,complex,complex,complex,0.0006848098,0.014766219,0.9845489,DE
1621,dormant,False,True,complex,complex,complex,0.0012462315,0.038651627,0.9601021,DE
1622,dormant,False,True,complex,complex,complex,0.00046070898,0.018738823,0.9808005,DE
1623,dormant,False,True,complex,complex,complex,0.0002733083,0.005764102,0.9939626,DE
1624,dormant,False,True,complex,complex,complex,0.00041873017,0.009570599,0.9900107,DE
1625,dormant,False,True,complex,complex,complex,0.00018995586,0.0065373816,0.99327266,DE
1626,dormant,False,True,complex,complex,complex,0.00045310162,0.02005785,0.9794891,DE
1627,dormant,False,True,complex,complex,complex,0.00082427,0.023578236,0.9755975,DE
1628,dormant,False,True,complex,complex,complex,0.000391271,0.013624198,0.98598444,DE
1629,dormant,False,True,complex,complex,complex,0.0010315838,0.05373168,0.9452367,DE
1630,dormant,False,True,intermediate,intermediate,intermediate,0.0015951715,0.93312746,0.065277345,DE
1631,dormant,False,True,complex,complex,complex,0.0009086064,0.028290544,0.9708009,DE
1632,dormant,False,True,intermediate,intermediate,intermediate,0.003129909,0.9365291,0.060340963,DE
1633,dormant,False,True,intermediate,intermediate,intermediate,0.0027649994,0.9054264,0.09180861,DE
1634,dormant,False,True,complex,complex,complex,0.00012948799,0.0018056245,0.99806494,DE
1635,dormant,False,True,intermediate,intermediate,intermediate,0.0013382168,0.9322929,0.066368885,DE
1636,dormant,False,True,complex,complex,complex,0.0007331131,0.037339006,0.96192783,DE
1637,dormant,False,True,intermediate,intermediate,intermediate,0.0014254769,0.9685777,0.029996851,DE
1638,dormant,False,True,complex,complex,complex,0.002160765,0.21607123,0.78176796,DE
1639,dormant,False,True,intermediate,intermediate,intermediate,0.0034614212,0.8766676,0.119871,DE
1640,dormant,False,False,complex,complex,complex,0.0015768575,0.034333352,0.9640898,DE
1641,dormant,False,False,intermediate,complex,complex,0.003564539,0.3014357,0.69499975,DE
1642,dormant,False,True,complex,complex,complex,0.00026938797,0.009662654,0.99006796,DE
1643,dormant,False,True,complex,complex,complex,0.0028815484,0.17821442,0.81890404,DE
1644,dormant,False,False,intermediate,intermediate,intermediate,0.008772428,0.7290247,0.26220292,DE
1645,dormant,False,True,intermediate,intermediate,intermediate,0.0030188588,0.89513814,0.10184303,DE
1646,dormant,False,True,intermediate,intermediate,intermediate,0.0011932343,0.95228475,0.046521958,DE
1647,dormant,False,False,complex,complex,complex,0.0008534113,0.07438785,0.9247588,DE
1648,dormant,False,False,complex,complex,complex,0.0007577891,0.0522414,0.9470008,DE
1649,dormant,False,True,intermediate,intermediate,intermediate,0.0038032227,0.70755863,0.28863814,DE
1650,dormant,False,True,complex,complex,complex,0.002865694,0.23328188,0.7638525,DE
1651,dormant,False,False,intermediate,complex,complex,0.002507051,0.45365605,0.54383695,DE
1652,dormant,False,True,complex,complex,complex,0.0006406626,0.043827944,0.95553136,DE
1653,dormant,False,False,intermediate,intermediate,intermediate,0.0044136895,0.8512906,0.14429572,DE
1654,dormant,False,True,complex,complex,complex,0.0014800405,0.113986336,0.8845336,DE
1655,dormant,False,True,complex,complex,complex,0.0019372471,0.20919578,0.788867,DE
1656,dormant,False,True,complex,intermediate,intermediate,0.0037642978,0.71924573,0.27699003,DE
1657,dormant,False,False,complex,complex,complex,0.0012734107,0.09359148,0.90513504,DE
1658,dormant,False,True,complex,complex,complex,0.0030445529,0.052506596,0.9444489,DE
1659,dormant,False,True,complex,complex,complex,0.0021276332,0.14127062,0.8566018,DE
1660,dormant,False,True,intermediate,intermediate,intermediate,0.0050016055,0.8942192,0.10077913,DE
1661,dormant,False,True,intermediate,intermediate,intermediate,0.0025875363,0.91986775,0.077544704,DE
1662,dormant,False,True,complex,complex,complex,0.006398215,0.1518155,0.84178627,DE
1663,dormant,False,True,complex,complex,complex,0.00045955845,0.0420643,0.9574761,DE
1664,dormant,False,True,complex,complex,complex,0.0013300446,0.103459366,0.8952106,DE
1665,dormant,False,True,complex,complex,complex,0.00047219184,0.010502443,0.9890254,DE
1666,dormant,False,True,complex,complex,complex,0.0012967957,0.04133844,0.95736474,DE
1667,dormant,False,False,complex,complex,complex,0.00061214645,0.07687771,0.92251015,DE
1668,dormant,False,True,intermediate,intermediate,intermediate,0.003699927,0.92986584,0.066434205,DE
1669,dormant,False,False,intermediate,intermediate,intermediate,0.0029470418,0.6278895,0.36916345,DE
1670,dormant,False,True,intermediate,intermediate,intermediate,0.0031877076,0.94680434,0.050007958,DE
1671,dormant,False,True,intermediate,intermediate,intermediate,0.002127742,0.8509978,0.1468744,DE
1672,dormant,False,True,complex,complex,complex,0.00012899056,0.0038729624,0.995998,DE
1673,dormant,False,True,intermediate,intermediate,intermediate,0.0019509229,0.9468492,0.051199876,DE
1674,dormant,False,True,complex,complex,complex,0.000520778,0.009951499,0.98952764,DE
1675,dormant,False,True,intermediate,intermediate,intermediate,0.0019257091,0.94787353,0.050200727,DE
1676,dormant,False,True,intermediate,intermediate,intermediate,0.0018254764,0.9183144,0.07986014,DE
1677,dormant,False,True,complex,complex,complex,0.00033055182,0.0044677174,0.9952017,DE
1678,dormant,False,False,complex,complex,complex,0.0015645474,0.04841727,0.95001817,DE
1679,dormant,False,True,complex,complex,complex,0.00033860066,0.019499986,0.9801615,DE
1680,dormant,False,False,complex,complex,complex,0.00058311166,0.017667303,0.98174953,DE
1681,dormant,False,True,intermediate,intermediate,intermediate,0.0014810294,0.9573364,0.041182518,DE
1682,dormant,False,True,complex,complex,complex,0.0024145816,0.07684145,0.92074394,DE
1683,dormant,False,True,complex,complex,complex,0.00038188923,0.0064515574,0.9931665,DE
1684,dormant,False,True,intermediate,intermediate,intermediate,0.002820106,0.9064188,0.0907611,DE
1685,dormant,False,False,intermediate,complex,complex,0.0022680007,0.40355626,0.59417576,DE
1686,dormant,False,True,complex,complex,complex,0.0009014874,0.048040144,0.9510584,DE
1687,dormant,False,True,complex,complex,complex,0.0047052936,0.20742013,0.7878746,DE
1688,dormant,False,True,complex,complex,complex,0.0020963668,0.03379452,0.96410906,DE
1689,dormant,False,True,intermediate,intermediate,intermediate,0.004349499,0.8310603,0.16459018,DE
1690,dormant,False,False,complex,complex,complex,0.0009580298,0.16098541,0.8380566,DE
1691,dormant,False,False,complex,complex,complex,0.0010118706,0.045187734,0.95380044,DE
1692,dormant,False,True,complex,complex,complex,0.002520938,0.16108799,0.8363911,DE
1693,dormant,False,True,complex,complex,complex,0.0007532436,0.03258458,0.9666621,DE
1694,dormant,False,True,complex,complex,complex,0.00089236285,0.039083235,0.9600244,DE
1695,dormant,False,True,complex,complex,complex,0.00083141355,0.02962826,0.9695403,DE
1696,dormant,False,True,complex,complex,complex,0.0046566585,0.4814823,0.51386106,DE
1697,dormant,False,True,complex,complex,complex,0.00036369293,0.010814968,0.98882127,DE
1698,dormant,False,False,complex,complex,complex,0.001454128,0.05587412,0.9426718,DE
1699,dormant,False,True,complex,complex,complex,0.00040755488,0.00840578,0.9911867,DE
1700,dormant,False,True,intermediate,intermediate,intermediate,0.0020254867,0.96556515,0.032409366,DE
1701,dormant,False,True,intermediate,intermediate,intermediate,0.002627785,0.9559712,0.041400984,DE
1702,dormant,False,True,complex,complex,complex,0.0011738385,0.060729664,0.93809646,DE
1703,dormant,False,True,intermediate,intermediate,intermediate,0.0014251005,0.9019618,0.09661307,DE
1704,dormant,False,False,complex,complex,complex,0.00062454183,0.02411059,0.97526485,DE
1705,dormant,False,True,intermediate,intermediate,intermediate,0.003681528,0.8626682,0.13365029,DE
1706,dormant,False,False,complex,complex,complex,0.00016179064,0.0026754995,0.99716264,DE
1707,dormant,False,False,complex,complex,complex,0.00067160925,0.028473968,0.9708544,DE
1708,dormant,False,True,complex,complex,complex,0.0005708922,0.007481652,0.9919475,DE
1709,dormant,False,True,complex,complex,complex,0.00059334905,0.0049432693,0.9944634,DE
1710,dormant,False,False,complex,complex,complex,0.0031350483,0.2906636,0.7062014,DE
1711,dormant,False,True,complex,complex,complex,0.0032898348,0.3673456,0.6293646,DE
1712,dormant,False,True,complex,complex,complex,0.0011821649,0.03358877,0.9652291,DE
1713,dormant,False,True,complex,complex,complex,0.0021777567,0.27642304,0.72139925,DE
1714,dormant,False,True,complex,complex,complex,0.0036544169,0.45112896,0.5452166,DE
1715,dormant,False,True,complex,complex,complex,0.0019890922,0.11271442,0.88529646,DE
1716,dormant,False,True,complex,complex,complex,0.0011463558,0.09744406,0.9014096,DE
1717,dormant,False,True,intermediate,intermediate,intermediate,0.0029160676,0.78959,0.20749398,DE
1718,dormant,False,True,intermediate,intermediate,intermediate,0.0028027194,0.9110569,0.08614042,DE
1719,dormant,False,True,complex,complex,complex,0.0012116267,0.05581158,0.9429768,DE
1720,dormant,False,True,complex,complex,complex,0.004121316,0.19588803,0.7999906,DE
1721,dormant,False,False,complex,complex,complex,0.0005157257,0.008587174,0.9908971,DE
1722,dormant,False,True,intermediate,intermediate,intermediate,0.001151443,0.9299738,0.06887476,DE
1723,dormant,False,True,complex,complex,complex,0.0011280861,0.06769644,0.9311755,DE
1724,dormant,False,True,complex,complex,complex,0.0005664198,0.024237463,0.9751961,DE
1725,dormant,False,True,complex,complex,complex,0.0005902394,0.025422085,0.97398764,DE
1726,dormant,False,True,complex,complex,complex,0.0013198593,0.033521283,0.9651589,DE
1727,dormant,False,True,complex,complex,complex,0.00040275924,0.014302388,0.9852948,DE
1728,dormant,False,True,complex,complex,complex,0.00065603515,0.006032591,0.9933114,DE
1729,dormant,False,False,complex,complex,complex,0.00021704464,0.011985362,0.98779756,DE
1730,dormant,False,True,complex,complex,complex,0.0023761585,0.3292766,0.66834724,DK
1731,dormant,False,True,complex,complex,complex,0.0013930567,0.096732676,0.9018743,DK
1732,dormant,False,True,complex,complex,complex,0.0016703954,0.1065888,0.89174074,DK
1733,dormant,False,True,complex,complex,complex,0.0010197278,0.039567105,0.9594132,DK
1734,dormant,False,False,complex,complex,complex,0.0001491549,0.0032773644,0.99657345,DK
1735,dormant,False,False,complex,complex,complex,0.0028913885,0.10304141,0.8940672,DK
1736,dormant,False,True,complex,complex,complex,0.0018962688,0.24109574,0.757008,DK
1737,dormant,True,False,intermediate,complex,,0.0025568893,0.0814185,0.9160246,DK
1738,dormant,False,True,intermediate,intermediate,intermediate,0.0017493339,0.9680177,0.030233018,DK
1739,dormant,True,False,intermediate,complex,,0.00318183,0.2556328,0.74118537,DK
1740,dormant,False,True,complex,complex,complex,0.0017863028,0.12165217,0.8765615,DK
1741,dormant,True,False,intermediate,intermediate,,0.010420183,0.49486226,0.49471757,DK
1742,dormant,True,False,intermediate,complex,,0.0050437925,0.039609898,0.9553463,DK
1743,dormant,True,False,intermediate,complex,,0.006532333,0.23395543,0.7595122,DK
1744,dormant,True,False,intermediate,complex,,0.00782743,0.3119501,0.68022245,DK
1745,dormant,True,False,intermediate,complex,,0.0074818684,0.091396496,0.9011216,DK
1746,dormant,True,False,complex,complex,,0.0068620206,0.38372448,0.60941344,DK
1747,dormant,True,False,intermediate,complex,,0.005855963,0.32347575,0.6706683,DK
1748,dormant,True,False,complex,complex,,0.011612501,0.4561881,0.5321993,DK
1749,dormant,True,False,intermediate,complex,,0.0067575504,0.13516963,0.8580728,DK
1750,dormant,True,False,complex,complex,,0.00618966,0.17618819,0.8176222,DK
1751,dormant,True,False,complex,complex,,0.004398465,0.13181928,0.8637823,DK
1752,dormant,False,True,complex,complex,complex,0.0019237767,0.13956518,0.858511,DK
1753,dormant,True,False,complex,complex,,0.003362315,0.050525475,0.94611216,DK
1754,dormant,False,True,complex,complex,complex,0.0049735755,0.113187164,0.8818393,DK
1755,dormant,False,True,intermediate,intermediate,intermediate,0.005065176,0.8310089,0.1639259,DK
1756,dormant,False,False,complex,intermediate,intermediate,0.001999827,0.90729535,0.09070486,DK
1757,dormant,True,False,intermediate,complex,,0.0051715155,0.20831573,0.7865128,DK
1758,dormant,True,False,intermediate,complex,,0.0049811564,0.45944372,0.53557515,DK
1759,dormant,True,False,complex,complex,,0.0064358455,0.41154337,0.58202076,DK
1760,dormant,True,False,intermediate,complex,,0.008640721,0.3433008,0.64805853,DK
1761,dormant,True,False,complex,complex,,0.011520456,0.2937723,0.69470716,DK
1762,dormant,False,True,intermediate,intermediate,intermediate,0.0043058316,0.6894076,0.30628657,DK
1763,dormant,True,False,complex,intermediate,,0.008978345,0.4968491,0.49417254,DK
1764,dormant,True,False,intermediate,intermediate,,0.007906826,0.5859283,0.40616485,DK
1765,dormant,True,False,intermediate,complex,,0.0055788616,0.39352715,0.600894,DK
1766,dormant,True,False,complex,intermediate,,0.012190106,0.544855,0.4429549,DK
1767,dormant,True,False,intermediate,complex,,0.010187903,0.38463616,0.6051759,DK
1768,dormant,True,False,intermediate,complex,,0.006214407,0.38534054,0.6084451,DK
1769,dormant,True,False,intermediate,complex,,0.008733076,0.19008112,0.80118585,DK
1770,dormant,True,False,complex,complex,,0.014642974,0.2657292,0.7196278,DK
1771,dormant,True,False,complex,complex,,0.0072918558,0.19083905,0.80186903,DK
1772,dormant,True,False,intermediate,complex,,0.008952499,0.23407401,0.7569735,DK
1773,dormant,True,False,complex,complex,,0.006488853,0.11912431,0.87438685,DK
1774,dormant,True,False,complex,complex,,0.01725309,0.35322753,0.62951934,DK
1775,dormant,False,True,intermediate,intermediate,intermediate,0.004163445,0.78243816,0.21339837,DK
1776,dormant,True,False,intermediate,complex,,0.009083708,0.24035443,0.75056183,DK
1777,dormant,True,False,intermediate,intermediate,,0.004933225,0.4976305,0.49743626,DK
1778,dormant,True,False,complex,intermediate,,0.0079858145,0.65984935,0.33216488,DK
1779,dormant,True,False,intermediate,intermediate,,0.01112153,0.523881,0.46499744,DK
1780,dormant,True,False,complex,intermediate,,0.008731231,0.5614122,0.4298566,DK
1781,dormant,True,False,simple,intermediate,,0.010946098,0.50874114,0.48031276,DK
1782,dormant,True,False,intermediate,complex,,0.013593054,0.09692071,0.88948625,DK
1783,dormant,False,True,complex,complex,complex,0.005627938,0.12869526,0.86567676,DK
1784,dormant,True,False,intermediate,complex,,0.0030694627,0.1133736,0.88355696,DK
1785,dormant,True,False,intermediate,complex,,0.002179747,0.09157963,0.9062406,DK
1786,dormant,False,True,complex,complex,complex,0.00046573463,0.0058841114,0.99365014,DK
1787,dormant,False,False,complex,complex,complex,0.00059755385,0.013227243,0.9861752,DK
1788,dormant,True,False,complex,complex,,0.0027714896,0.07589546,0.921333,DK
1789,dormant,False,False,complex,complex,complex,0.00065908965,0.009786208,0.98955476,DK
1790,dormant,False,True,complex,complex,complex,0.001107607,0.050063718,0.9488287,DK
1791,dormant,True,False,complex,complex,,0.0018928507,0.016160963,0.9819462,DK
1792,dormant,False,True,complex,complex,complex,0.00041135662,0.0054170187,0.99417156,DK
1793,dormant,False,True,complex,complex,complex,0.00030626438,0.0022864249,0.99740726,DK
1794,dormant,False,True,complex,complex,complex,0.00018479071,0.003784129,0.9960311,DK
1795,dormant,False,True,complex,complex,complex,0.00034223558,0.0042228145,0.99543494,DK
1796,dormant,False,True,complex,complex,complex,0.00034938683,0.0023860915,0.9972645,DK
1797,dormant,True,False,complex,complex,,0.0011599835,0.023550857,0.9752891,DK
1798,dormant,False,True,complex,complex,complex,0.00077088154,0.010407036,0.9888221,DK
1799,dormant,False,True,complex,complex,complex,0.0007026858,0.009554234,0.98974305,DK
1800,dormant,True,False,complex,complex,,0.0024288194,0.089067444,0.9085037,DK
1801,dormant,True,False,complex,complex,,0.0010824129,0.035138953,0.9637787,DK
1802,dormant,False,True,complex,complex,complex,0.00050307537,0.003382428,0.9961145,DK
1803,dormant,True,False,complex,complex,,0.007002399,0.087846324,0.90515125,DK
1804,dormant,True,False,complex,complex,,0.009428152,0.09332096,0.89725095,DK
1805,dormant,True,False,complex,complex,,0.0029746818,0.03815523,0.9588701,DK
1806,dormant,False,False,complex,complex,complex,0.0019545625,0.010130129,0.9879153,DK
1807,dormant,False,True,complex,complex,complex,0.0015212892,0.04052489,0.9579538,DK
1808,dormant,True,False,complex,complex,,0.002166077,0.03743098,0.96040297,DK
1809,dormant,True,False,complex,complex,,0.0031614501,0.060877863,0.9359607,DK
1810,dormant,True,False,intermediate,complex,,0.0046553253,0.09994597,0.8953987,DK
1811,dormant,True,False,complex,complex,,0.0016050395,0.0824893,0.9159057,DK
1812,dormant,True,False,intermediate,complex,,0.0017880904,0.07209775,0.9261142,DK
1813,dormant,True,False,complex,complex,,0.0019683028,0.091165334,0.9068664,DK
1814,dormant,False,False,complex,complex,complex,0.00081668625,0.03690593,0.9622774,DK
1815,dormant,False,True,complex,complex,complex,0.0018748507,0.06472215,0.9334031,DK
1816,dormant,True,False,simple,complex,,0.011128971,0.15198387,0.8368872,DK
1817,dormant,False,True,complex,complex,complex,0.0005927412,0.012140387,0.98726684,DK
1818,dormant,False,True,complex,complex,complex,0.00262815,0.05473227,0.9426396,DK
1819,dormant,True,False,complex,complex,,0.023264483,0.1918336,0.7849019,DK
1820,dormant,True,False,intermediate,complex,,0.0048918887,0.1641442,0.8309639,DK
1821,dormant,True,False,intermediate,complex,,0.0014512616,0.048320267,0.95022845,DK
1822,dormant,True,False,complex,complex,,0.014669853,0.15586855,0.8294616,DK
1823,dormant,False,True,complex,complex,complex,0.0007476828,0.0073613916,0.9918909,DK
1824,dormant,False,True,complex,complex,complex,0.0013909583,0.010233622,0.9883754,DK
1825,dormant,True,False,complex,complex,,0.005070455,0.057449657,0.93747985,DK
1826,dormant,False,True,complex,complex,complex,0.0013433123,0.024898756,0.9737579,DK
1827,dormant,False,True,complex,complex,complex,0.003295381,0.032917123,0.9637875,DK
1828,dormant,True,False,intermediate,complex,,0.0067330175,0.041639756,0.9516272,DK
1829,dormant,False,False,complex,complex,complex,0.00090029696,0.023372615,0.97572714,DK
1830,dormant,True,False,complex,complex,,0.01106068,0.07033941,0.91859984,DK
1831,dormant,True,False,complex,complex,,0.0018616774,0.047980826,0.9501575,DK
1832,dormant,True,False,intermediate,complex,,0.0020494135,0.030673051,0.9672775,DK
1833,dormant,True,False,intermediate,complex,,0.00416883,0.054570835,0.94126034,DK
1834,dormant,True,False,complex,complex,,0.004085711,0.07132744,0.92458683,DK
1835,dormant,True,False,complex,complex,,0.001037066,0.015663777,0.9832992,DK
1836,dormant,True,False,complex,complex,,0.006649893,0.074375264,0.9189748,DK
1837,dormant,True,False,complex,complex,,0.004277665,0.054780893,0.94094145,DK
1838,dormant,False,True,complex,complex,complex,0.00095314096,0.0070538158,0.99199307,DK
1839,dormant,True,False,complex,complex,,0.003959912,0.04696321,0.9490769,DK
1840,dormant,True,False,complex,complex,,0.003274821,0.04980578,0.9469194,DK
1841,dormant,True,False,complex,complex,,0.0026723575,0.02904599,0.9682816,DK
1842,dormant,False,True,complex,complex,complex,0.0010270037,0.005318956,0.993654,DK
1843,dormant,True,False,complex,complex,,0.007292996,0.13005692,0.8626501,DK
1844,dormant,True,False,intermediate,complex,,0.0021295235,0.03225807,0.9656124,DK
1845,dormant,False,True,complex,complex,complex,0.0025204932,0.012683867,0.9847956,DK
1846,dormant,True,False,complex,complex,,0.0074954485,0.23772828,0.7547763,DK
1847,dormant,True,False,complex,complex,,0.0033551669,0.051732022,0.9449128,DK
1848,dormant,True,False,intermediate,complex,,0.0014459394,0.04551225,0.9530418,DK
1849,dormant,False,True,complex,complex,complex,0.0013928837,0.023209594,0.9753975,DK
1850,dormant,True,False,intermediate,complex,,0.006819089,0.1594795,0.83370143,DK
1851,dormant,False,True,complex,complex,complex,0.00195877,0.030213092,0.96782815,DK
1852,dormant,True,False,complex,complex,,0.0040804944,0.09814773,0.8977718,DK
1853,dormant,True,False,intermediate,complex,,0.0031746323,0.06328791,0.9335375,DK
1854,dormant,True,False,intermediate,complex,,0.0050178883,0.14019918,0.85478294,DK
1855,dormant,False,False,complex,complex,complex,0.0025790974,0.07331626,0.92410463,DK
1856,dormant,True,False,intermediate,complex,,0.0019357761,0.039102558,0.9589616,DK
1857,dormant,True,False,intermediate,complex,,0.0043640886,0.039619062,0.95601684,DK
1858,dormant,True,False,intermediate,complex,,0.0028514133,0.04223821,0.9549104,DK
1859,dormant,False,False,complex,complex,complex,0.0037779233,0.20235643,0.7938656,DK
1860,dormant,False,True,complex,complex,complex,0.0052766297,0.07483087,0.9198925,DK
1861,dormant,False,True,complex,complex,complex,0.0027331882,0.040579855,0.9566869,DK
1862,dormant,False,True,complex,complex,complex,0.00081820233,0.04020951,0.9589723,DK
1863,dormant,True,False,complex,complex,,0.007966515,0.39651507,0.5955184,DK
1864,dormant,False,True,complex,complex,complex,0.0015630445,0.06062544,0.93781155,DK
1865,dormant,True,False,intermediate,complex,,0.003746086,0.054522518,0.9417314,DK
1866,dormant,False,True,complex,complex,complex,0.0017799153,0.0973441,0.90087605,DK
1867,dormant,True,False,complex,complex,,0.0038463417,0.06526777,0.93088585,DK
1868,dormant,False,True,complex,complex,complex,0.003578201,0.067683704,0.9287381,DK
1869,dormant,False,False,complex,complex,complex,0.0012332848,0.048238188,0.9505285,DK
1870,dormant,False,True,complex,complex,complex,0.0011417217,0.03564204,0.96321625,DK
1871,dormant,False,True,complex,complex,complex,0.0015847542,0.028322242,0.9700931,DK
1872,dormant,False,True,complex,complex,complex,0.00029623107,0.016882878,0.98282087,DK
1873,dormant,True,False,simple,complex,,0.002562546,0.035204317,0.9622331,DK
1874,dormant,True,False,complex,complex,,0.0033823925,0.1696737,0.82694393,DK
1875,dormant,True,False,intermediate,complex,,0.0023430614,0.044479493,0.95317745,DK
1876,dormant,True,False,intermediate,complex,,0.0009126579,0.015904095,0.98318326,DK
1877,dormant,True,False,intermediate,complex,,0.0042208293,0.07466881,0.92111033,DK
1878,dormant,False,True,complex,complex,complex,0.000869746,0.014785365,0.9843449,DK
1879,dormant,False,True,complex,complex,complex,0.0002444875,0.006610881,0.99314463,DK
1880,dormant,True,False,intermediate,complex,,0.0021096363,0.046384055,0.9515063,DK
1881,dormant,True,False,complex,complex,,0.0024014078,0.034510132,0.9630884,DK
1882,dormant,True,False,complex,complex,,0.0010670291,0.027006438,0.97192657,DK
1883,dormant,False,True,complex,complex,complex,0.0008070394,0.01169,0.987503,DK
1884,dormant,True,False,complex,complex,,0.002313306,0.082967095,0.9147196,DK
1885,dormant,True,False,complex,complex,,0.0017835972,0.0679935,0.9302229,DK
1886,dormant,False,False,complex,complex,complex,0.00031296554,0.005318316,0.99436873,DK
1887,dormant,True,False,complex,complex,,0.0024533363,0.019138867,0.9784078,DK
1888,dormant,True,False,complex,complex,,0.0019510497,0.08213182,0.9159171,DK
1889,dormant,True,False,complex,complex,,0.0014568968,0.056409944,0.9421332,DK
1890,dormant,True,False,complex,complex,,0.002200332,0.028157106,0.9696426,DK
1891,dormant,False,False,complex,complex,complex,0.0013135183,0.021701047,0.97698545,DK
1892,dormant,True,False,complex,complex,,0.0016014307,0.020400874,0.9779977,DK
1893,dormant,True,False,complex,complex,,0.0009380163,0.015563688,0.9834983,DK
1894,dormant,True,False,complex,complex,,0.0017565516,0.07936803,0.91887546,DK
1895,dormant,True,False,complex,complex,,0.0011948335,0.03214898,0.9666562,DK
1896,dormant,True,False,complex,complex,,0.0011782333,0.025740383,0.9730814,DK
1897,dormant,True,False,complex,complex,,0.008226849,0.13738953,0.85438365,DK
1898,dormant,True,False,complex,complex,,0.0018687386,0.11954503,0.87858623,DK
1899,dormant,False,True,complex,complex,complex,0.0012395157,0.026513346,0.9722472,DK
1900,dormant,False,False,complex,complex,complex,0.0016530898,0.019168662,0.9791782,DK
1901,dormant,True,False,intermediate,complex,,0.0048236903,0.091162056,0.9040143,DK
1902,dormant,True,False,intermediate,complex,,0.0018111077,0.07737608,0.9208128,DK
1903,dormant,False,True,complex,complex,complex,0.0015179865,0.042142395,0.95633966,DK
1904,dormant,True,False,complex,complex,,0.002215951,0.11611304,0.8816711,DK
1905,dormant,True,False,complex,complex,,0.0033321497,0.11645579,0.8802121,DK
1906,dormant,False,False,complex,complex,complex,0.00059439667,0.0068417704,0.9925639,DK
1907,dormant,True,False,complex,complex,,0.001150897,0.04255049,0.9562986,DK
1908,dormant,True,False,complex,complex,,0.0007479936,0.02880876,0.9704432,DK
1909,dormant,False,True,complex,complex,complex,0.0004544515,0.0061602476,0.99338526,DK
1910,dormant,False,True,complex,complex,complex,0.0013796982,0.05086618,0.94775414,DK
1911,dormant,True,False,complex,complex,,0.0025731558,0.04300501,0.9544218,DK
1912,dormant,True,False,complex,complex,,0.0003910319,0.0168439,0.982765,DK
1913,dormant,True,False,complex,complex,,0.0052157417,0.3084117,0.6863726,DK
1914,dormant,False,True,complex,complex,complex,0.0041859453,0.12777466,0.8680394,DK
1915,dormant,False,True,complex,complex,complex,0.00067945267,0.034095354,0.96522516,DK
1916,dormant,False,True,complex,complex,complex,0.0006647309,0.035226353,0.96410894,DK
1917,dormant,True,False,complex,complex,,0.0010813536,0.036285233,0.96263343,DK
1918,dormant,True,False,complex,complex,,0.0018091811,0.028561102,0.9696297,DK
1919,dormant,True,False,complex,complex,,0.0019853092,0.053612236,0.9444025,DK
1920,dormant,False,True,complex,complex,complex,0.00048687536,0.008009767,0.99150336,DK
1921,dormant,False,True,complex,complex,complex,0.0002455719,0.0032926826,0.9964618,DK
1922,dormant,False,True,complex,complex,complex,0.00071229733,0.017232295,0.98205537,DK
1923,dormant,True,False,intermediate,complex,,0.0011687721,0.023193939,0.97563726,DK
1924,dormant,False,True,complex,complex,complex,0.0002760427,0.0043985206,0.99532545,DK
1925,dormant,True,False,complex,complex,,0.001378401,0.032467652,0.966154,DK
1926,dormant,False,False,complex,complex,complex,0.00048123146,0.00710695,0.9924118,DK
1927,dormant,False,True,complex,complex,complex,0.0004873388,0.0074659,0.99204683,DK
1928,dormant,True,False,complex,complex,,0.0012201391,0.020733632,0.9780463,DK
1929,dormant,True,False,complex,complex,,0.0013166863,0.03901929,0.959664,DK
1930,dormant,False,False,complex,complex,complex,0.00018621598,0.003674757,0.996139,DK
1931,dormant,False,True,complex,complex,complex,0.00024737354,0.0020690716,0.9976835,DK
1932,dormant,True,False,complex,complex,,0.0011375824,0.03650293,0.96235955,DK
1933,dormant,True,False,complex,complex,,0.0020201611,0.028199313,0.9697805,DK
1934,dormant,True,False,complex,complex,,0.00067381037,0.011946485,0.98737967,DK
1935,dormant,False,True,complex,complex,complex,0.00032502974,0.008437338,0.99123764,DK
1936,dormant,True,False,complex,complex,,0.002413392,0.06639668,0.93118995,DK
1937,dormant,False,False,complex,complex,complex,0.00028584452,0.008131541,0.9915826,DK
1938,dormant,False,True,complex,complex,complex,0.00023103358,0.0072726132,0.9924964,DK
1939,dormant,False,True,complex,complex,complex,0.0006656167,0.02226696,0.97706735,DK
1940,dormant,False,True,complex,complex,complex,0.00095581624,0.009064576,0.9899796,DK
1941,dormant,True,False,complex,complex,,0.003312578,0.05639507,0.9402924,DK
1942,dormant,False,True,complex,complex,complex,0.00040943077,0.0061073634,0.99348325,DK
1943,dormant,False,True,complex,complex,complex,0.0002912872,0.0052606673,0.99444807,DK
1944,dormant,False,True,complex,complex,complex,0.0019439441,0.1107362,0.8873198,DK
1945,dormant,True,False,complex,complex,,0.0031918674,0.06048414,0.936324,DK
1946,dormant,False,True,complex,complex,complex,0.00042565505,0.012791744,0.98678255,DK
1947,dormant,False,True,complex,complex,complex,0.00044485042,0.014853562,0.98470163,DK
1948,dormant,False,True,complex,complex,complex,0.00052170194,0.021471206,0.978007,DK
1949,dormant,True,False,complex,complex,,0.0018657367,0.082873754,0.91526055,DK
1950,dormant,True,False,complex,complex,,0.002805313,0.19806542,0.7991293,DK
1951,dormant,False,True,complex,complex,complex,0.00077976356,0.029686857,0.9695333,DK
1952,dormant,True,False,complex,complex,,0.002237754,0.016116869,0.98164535,DK
1953,dormant,True,False,complex,complex,,0.0012712769,0.03466467,0.9640641,DK
1954,dormant,False,False,complex,complex,complex,0.00021450713,0.0047173346,0.9950682,DK
1955,dormant,True,False,complex,complex,,0.0006454493,0.021597728,0.97775686,DK
1956,dormant,True,False,complex,complex,,0.0018463733,0.09008966,0.908064,DK
1957,dormant,True,False,complex,complex,,0.0017155429,0.056666598,0.94161785,DK
1958,dormant,False,True,complex,complex,complex,0.00032594358,0.007239914,0.99243414,DK
1959,dormant,False,True,complex,complex,complex,0.0006558026,0.015493414,0.9838508,DK
1960,dormant,False,True,complex,complex,complex,0.00092654116,0.01003867,0.9890348,DK
1961,dormant,True,False,complex,complex,,0.0026569488,0.12945431,0.86788875,DK
1962,dormant,True,False,complex,complex,,0.002696176,0.051960655,0.9453432,DK
1963,dormant,True,False,complex,complex,,0.0021169602,0.04326322,0.9546198,DK
1964,dormant,False,False,complex,complex,complex,0.000556584,0.009803556,0.9896399,DK
1965,dormant,False,True,complex,complex,complex,0.0012698098,0.038851142,0.9598791,DK
1966,dormant,True,False,complex,complex,,0.0022811426,0.062970206,0.93474865,DK
1967,dormant,False,True,complex,complex,complex,0.0014686966,0.00979799,0.9887333,DK
1968,dormant,False,True,complex,complex,complex,0.0022029208,0.03027574,0.9675213,DK
1969,dormant,True,False,complex,complex,,0.00092171715,0.009416729,0.9896616,DK
1970,dormant,False,True,complex,complex,complex,0.00069147896,0.0057115695,0.9935969,DK
1971,dormant,True,False,complex,complex,,0.0011917554,0.0259703,0.97283787,DK
1972,dormant,False,True,complex,complex,complex,0.00032566473,0.003897816,0.9957766,DK
1973,dormant,False,True,complex,complex,complex,0.00066294963,0.007281074,0.99205595,DK
1974,dormant,False,True,complex,complex,complex,0.00030343252,0.0039797896,0.99571675,DK
1975,dormant,False,True,complex,complex,complex,0.0005609033,0.003531613,0.9959074,DK
1976,dormant,False,True,complex,complex,complex,0.006952399,0.036887415,0.9561601,DZ
1977,dormant,False,True,complex,complex,complex,0.055041373,0.03359818,0.91136044,EC
1978,dormant,False,True,complex,complex,complex,0.15193413,0.108921394,0.73914444,EC
1979,dormant,False,False,complex,complex,complex,0.08816989,0.27457693,0.63725317,EC
1980,dormant,False,False,complex,complex,complex,0.24740674,0.0934357,0.6591576,EC
1981,dormant,False,True,complex,complex,complex,0.017187782,0.09409617,0.8887161,EC
1982,dormant,False,True,complex,complex,complex,0.07919029,0.046479266,0.87433046,EC
1983,dormant,False,True,complex,complex,complex,0.065465584,0.03220349,0.90233094,EC
1984,dormant,False,True,complex,complex,complex,0.03305487,0.05375637,0.9131888,EC
1985,dormant,False,True,complex,complex,complex,0.10049056,0.014439892,0.88506955,EC
1986,dormant,False,True,complex,complex,complex,0.07189231,0.042969402,0.88513833,EC
1987,dormant,False,True,complex,complex,complex,0.04406015,0.02746823,0.92847157,EC
1988,dormant,False,True,complex,complex,complex,0.025220085,0.018254312,0.9565256,EC
1989,dormant,False,False,complex,complex,complex,0.019438433,0.07119543,0.90936613,EC
1990,dormant,False,True,complex,complex,complex,0.06892343,0.10279423,0.8282823,EC
1991,dormant,True,False,complex,complex,,0.037058804,0.10344796,0.8594932,EC
1992,dormant,False,True,complex,complex,complex,0.0099521745,0.020066885,0.969981,ET
1993,dormant,False,True,intermediate,intermediate,intermediate,0.002713211,0.95962125,0.03766547,FR
1994,dormant,False,True,complex,complex,complex,0.0016851085,0.06376019,0.9345547,FR
1995,dormant,False,True,complex,complex,complex,0.016296823,0.17605038,0.8076528,FR
1996,dormant,False,True,intermediate,intermediate,intermediate,0.014992847,0.96833885,0.016668327,FR
1997,dormant,True,False,intermediate,intermediate,,0.062158447,0.79696643,0.14087512,FR
1998,dormant,False,True,intermediate,intermediate,intermediate,0.089075394,0.8158777,0.09504692,FR
1999,dormant,False,True,intermediate,intermediate,intermediate,0.025395738,0.953188,0.021416295,FR
2000,dormant,False,True,complex,complex,complex,0.15830289,0.06578058,0.7759165,FR
2001,dormant,False,True,complex,complex,complex,0.04011856,0.09760518,0.86227626,FR
2002,dormant,False,True,complex,complex,complex,0.014022313,0.18081455,0.8051631,FR
2003,dormant,False,True,intermediate,intermediate,intermediate,0.06827682,0.92040116,0.011321969,FR
2004,dormant,False,True,complex,complex,complex,0.050601564,0.19008608,0.75931233,FR
2005,dormant,False,False,intermediate,intermediate,intermediate,0.020193607,0.93811136,0.04169505,FR
2006,dormant,False,True,complex,complex,complex,0.04034424,0.028278656,0.9313771,FR
2007,dormant,False,True,intermediate,intermediate,intermediate,0.012580542,0.9579055,0.029513944,FR
2008,dormant,False,True,complex,complex,complex,0.001687958,0.023763094,0.9745489,FR
2009,dormant,False,True,complex,complex,complex,0.0018049111,0.026354898,0.9718402,FR
2010,dormant,False,True,complex,complex,complex,0.005856864,0.06440303,0.92974013,FR
2011,dormant,False,False,complex,complex,complex,0.0011192405,0.04847665,0.9504041,FR
2012,dormant,False,True,complex,complex,complex,0.00042480513,0.01492775,0.9846474,FR
2013,dormant,False,False,intermediate,intermediate,intermediate,0.016260052,0.9611312,0.022608798,FR
2014,dormant,False,True,intermediate,intermediate,intermediate,0.019247573,0.9563544,0.024398016,FR
2015,dormant,False,False,intermediate,intermediate,intermediate,0.00546751,0.98719937,0.0073331925,FR
2016,dormant,False,True,intermediate,intermediate,intermediate,0.10746513,0.8166617,0.07587316,FR
2017,dormant,False,False,intermediate,intermediate,intermediate,0.15324847,0.75471646,0.092035085,FR
2018,dormant,True,False,intermediate,complex,,0.012574602,0.35170293,0.63572246,FR
2019,dormant,False,False,intermediate,simple,simple,0.94701064,0.034538608,0.018450707,FR
2020,dormant,False,False,intermediate,simple,simple,0.7690959,0.2056061,0.025298038,FR
2021,dormant,False,True,intermediate,intermediate,intermediate,0.014740552,0.97842616,0.0068332483,FR
2022,dormant,False,False,complex,complex,complex,0.0029261673,0.110204175,0.8868696,FR
2023,dormant,False,True,intermediate,intermediate,intermediate,0.019729244,0.9668064,0.013464317,FR
2024,dormant,False,True,intermediate,intermediate,intermediate,0.11749764,0.8638914,0.018610958,FR
2025,dormant,False,True,intermediate,intermediate,intermediate,0.270281,0.7027095,0.027009543,FR
2026,dormant,False,True,intermediate,intermediate,intermediate,0.005775543,0.91704255,0.07718191,FR
2027,dormant,False,True,complex,complex,complex,0.019518074,0.13309483,0.84738714,FR
2028,dormant,False,True,complex,complex,complex,0.0020622022,0.026540527,0.9713973,FR
2029,dormant,False,True,complex,complex,complex,0.0006513963,0.010053573,0.98929507,FR
2030,dormant,True,False,complex,complex,,0.0045863613,0.2064502,0.78896344,FR
2031,dormant,False,True,complex,complex,complex,0.00053591386,0.026926322,0.97253776,FR
2032,dormant,False,True,complex,complex,complex,0.0010247034,0.1267559,0.87221944,FR
2033,dormant,False,True,intermediate,intermediate,intermediate,0.0029045863,0.88541347,0.11168196,FR
2034,dormant,False,False,complex,complex,complex,0.0008455431,0.028987588,0.97016686,FR
2035,dormant,False,True,intermediate,intermediate,intermediate,0.009074076,0.7178021,0.2731238,FR
2036,dormant,False,True,complex,complex,complex,0.005840551,0.069056675,0.9251028,FR
2037,dormant,False,True,intermediate,intermediate,intermediate,0.0010524761,0.97389346,0.02505411,FR
2038,dormant,False,True,intermediate,intermediate,intermediate,0.0043745255,0.7276935,0.267932,FR
2039,dormant,False,False,complex,complex,complex,0.0032909163,0.018605119,0.978104,FR
2040,dormant,False,True,complex,complex,complex,0.0016978306,0.017727928,0.98057425,FR
2041,dormant,False,False,complex,complex,complex,0.00371458,0.04892599,0.9473594,FR
2042,dormant,False,True,complex,complex,complex,0.0008102217,0.012507483,0.9866823,FR
2043,dormant,False,True,complex,complex,complex,0.00070079195,0.0123257255,0.98697346,FR
2044,dormant,False,True,complex,complex,complex,0.0006959017,0.0047659744,0.9945381,FR
2045,dormant,False,True,complex,complex,complex,0.0006168323,0.008217265,0.99116594,FR
2046,dormant,False,True,intermediate,intermediate,intermediate,0.0050790654,0.96365345,0.031267542,FR
2047,dormant,False,True,complex,complex,complex,0.00032897643,0.040107455,0.95956355,FR
2048,dormant,False,False,complex,complex,complex,0.002603625,0.10248082,0.8949155,FR
2049,dormant,False,True,complex,complex,complex,0.01453222,0.08139908,0.90406865,FR
2050,dormant,False,False,complex,complex,complex,0.0061845407,0.4318576,0.56195784,FR
2051,dormant,False,True,complex,complex,complex,0.048526607,0.028241834,0.9232316,FR
2052,dormant,False,True,complex,complex,complex,0.005466878,0.055119358,0.9394138,FR
2053,dormant,False,True,complex,complex,complex,0.006579146,0.12852803,0.86489284,FR
2054,dormant,False,True,complex,complex,complex,0.003647419,0.2538337,0.7425189,FR
2055,dormant,False,True,complex,complex,complex,0.015729172,0.1331168,0.851154,FR
2056,dormant,False,True,intermediate,intermediate,intermediate,0.0035955543,0.9531102,0.043294195,FR
2057,dormant,True,False,complex,intermediate,,0.0060092527,0.90090245,0.09308826,FR
2058,dormant,False,True,complex,complex,complex,0.0019111319,0.0461947,0.95189416,FR
2059,dormant,False,True,complex,complex,complex,0.0014503121,0.023114828,0.97543484,FR
2060,dormant,False,True,complex,complex,complex,0.00504738,0.0816741,0.9132786,FR
2061,dormant,False,False,complex,complex,complex,0.0008587046,0.09481512,0.90432614,FR
2062,dormant,False,True,complex,complex,complex,0.00085925666,0.025223143,0.97391754,FR
2063,dormant,False,False,intermediate,intermediate,intermediate,0.015307822,0.6820543,0.30263788,FR
2064,dormant,False,False,complex,complex,complex,0.0005682177,0.013286283,0.9861455,FR
2065,dormant,True,False,complex,intermediate,,0.01982666,0.91905326,0.061120067,FR
2066,dormant,False,True,complex,complex,complex,0.0021848946,0.13004126,0.8677739,FR
2067,dormant,False,True,complex,complex,complex,0.0009182571,0.02148179,0.9775999,FR
2068,dormant,False,False,complex,intermediate,intermediate,0.012561382,0.68396324,0.30347538,FR
2069,dormant,False,True,intermediate,intermediate,intermediate,0.008113661,0.7395143,0.25237203,FR
2070,dormant,False,False,complex,complex,complex,0.0013397111,0.23027244,0.7683878,FR
2071,dormant,False,False,complex,complex,complex,0.0072544855,0.29517758,0.69756794,FR
2072,dormant,False,False,complex,complex,complex,0.00095280254,0.011665062,0.9873821,FR
2073,dormant,False,False,complex,complex,complex,0.0013405315,0.017964937,0.98069453,FR
2074,dormant,False,True,complex,complex,complex,0.000684556,0.02778974,0.9715257,FR
2075,dormant,False,True,complex,complex,complex,0.001955252,0.020844657,0.9772001,FR
2076,dormant,False,True,complex,complex,complex,0.001575995,0.022789035,0.975635,FR
2077,dormant,False,False,complex,complex,complex,0.0010932008,0.00823849,0.99066836,FR
2078,dormant,False,True,complex,complex,complex,0.0017242313,0.03764371,0.9606321,FR
2079,dormant,False,True,complex,complex,complex,0.0031262278,0.027889155,0.9689846,FR
2080,dormant,False,False,complex,complex,complex,0.0020138854,0.069814734,0.9281714,FR
2081,dormant,False,True,complex,complex,complex,0.012283861,0.044461414,0.94325477,FR
2082,dormant,False,False,complex,complex,complex,0.03093256,0.042700376,0.9263671,FR
2083,dormant,False,True,complex,complex,complex,0.0015617025,0.02440596,0.97403234,FR
2084,dormant,False,True,complex,complex,complex,0.0031821174,0.045474865,0.95134306,FR
2085,dormant,False,False,complex,complex,complex,0.0031057952,0.0116979545,0.98519623,FR
2086,dormant,False,True,complex,complex,complex,0.0052499184,0.09094627,0.9038038,FR
2087,dormant,False,True,complex,complex,complex,0.0006429133,0.027893683,0.97146344,FR
2088,dormant,False,True,complex,complex,complex,0.0024679715,0.123541266,0.8739908,FR
2089,dormant,False,True,complex,complex,complex,0.0028835807,0.17808595,0.81903046,FR
2090,dormant,False,True,complex,complex,complex,0.0018407014,0.0718233,0.926336,FR
2091,dormant,False,False,complex,complex,complex,0.004254191,0.2732992,0.7224466,FR
2092,dormant,False,True,complex,complex,complex,0.0013501599,0.19067366,0.8079761,FR
2093,dormant,False,False,intermediate,intermediate,intermediate,0.0016495081,0.8508584,0.1474921,FR
2094,dormant,False,True,intermediate,intermediate,intermediate,0.004160106,0.7590194,0.23682046,FR
2095,dormant,False,False,complex,complex,complex,0.0011278016,0.14678265,0.8520896,FR
2096,dormant,False,True,intermediate,intermediate,intermediate,0.020675113,0.9485887,0.03073614,FR
2097,dormant,False,True,complex,complex,complex,0.004688103,0.036602996,0.9587089,FR
2098,dormant,False,True,complex,complex,complex,0.00054998964,0.008147728,0.99130225,FR
2099,dormant,False,False,complex,complex,complex,0.0014190663,0.021900201,0.9766807,FR
2100,dormant,False,True,complex,complex,complex,0.00052437844,0.0118127465,0.98766285,FR
2101,dormant,False,True,complex,complex,complex,0.019749794,0.35435498,0.6258952,FR
2102,dormant,False,True,complex,complex,complex,0.0015297685,0.029353563,0.9691167,FR
2103,dormant,False,True,complex,complex,complex,0.0023658616,0.09902162,0.8986125,FR
2104,dormant,False,True,complex,complex,complex,0.0027543053,0.16813327,0.8291124,FR
2105,dormant,False,True,complex,complex,complex,0.0003140526,0.0068940264,0.9927919,FR
2106,dormant,False,True,complex,complex,complex,0.0013721274,0.04947634,0.9491515,FR
2107,dormant,False,True,complex,complex,complex,0.0027821432,0.025415968,0.9718018,FR
2108,dormant,False,False,intermediate,complex,complex,0.0007606009,0.014310662,0.9849288,FR
2109,dormant,False,True,intermediate,intermediate,intermediate,0.015838789,0.9688774,0.015283839,FR
2110,dormant,False,True,intermediate,intermediate,intermediate,0.014131277,0.97361743,0.012251285,FR
2111,dormant,False,True,intermediate,intermediate,intermediate,0.005986273,0.775138,0.21887572,FR
2112,dormant,False,True,complex,complex,complex,0.0021805828,0.15228811,0.8455313,FR
2113,dormant,False,True,complex,complex,complex,0.00029528493,0.0065112575,0.99319345,FR
2114,dormant,False,True,complex,complex,complex,0.0025035243,0.2506066,0.7468899,FR
2115,dormant,False,True,complex,complex,complex,0.002964249,0.12836221,0.8686735,FR
2116,dormant,False,True,complex,complex,complex,0.0018332795,0.012674268,0.9854924,FR
2117,dormant,False,True,complex,complex,complex,0.011116358,0.058983397,0.9299003,FR
2118,dormant,False,True,complex,complex,complex,0.0014470372,0.025489634,0.97306335,FR
2119,dormant,False,True,intermediate,intermediate,intermediate,0.011878223,0.85066265,0.13745914,FR
2120,dormant,False,True,complex,complex,complex,0.09397551,0.16680758,0.7392169,FR
2121,dormant,False,True,intermediate,intermediate,intermediate,0.07277161,0.803225,0.124003425,FR
2122,dormant,True,False,intermediate,intermediate,,0.06142082,0.51246417,0.426115,FR
2123,dormant,False,True,intermediate,intermediate,intermediate,0.04328352,0.8819595,0.07475697,FR
2124,dormant,False,True,intermediate,intermediate,intermediate,0.012361478,0.97868335,0.008955198,FR
2125,dormant,False,True,intermediate,intermediate,intermediate,0.08851354,0.8533313,0.058155164,FR
2126,dormant,False,True,complex,complex,complex,0.021055486,0.09711192,0.8818326,FR
2127,dormant,False,True,complex,complex,complex,0.0005928265,0.013683892,0.9857233,FR
2128,dormant,True,False,complex,complex,,0.0028294146,0.23298554,0.764185,FR
2129,dormant,True,False,complex,complex,,0.0022648417,0.08318449,0.91455066,FR
2130,dormant,False,True,complex,complex,complex,0.0005391477,0.010830042,0.9886309,FR
2131,dormant,False,True,complex,complex,complex,0.0068315337,0.032976273,0.9601922,FR
2132,dormant,False,True,complex,complex,complex,0.001045023,0.030603899,0.968351,FR
2133,dormant,False,True,complex,complex,complex,0.0026946831,0.15894559,0.8383597,FR
2134,dormant,False,True,complex,complex,complex,0.0031540142,0.111231595,0.8856144,FR
2135,dormant,False,True,complex,complex,complex,0.012141713,0.10246604,0.88539225,FR
2136,dormant,False,True,complex,complex,complex,0.003663841,0.06587396,0.9304622,FR
2137,dormant,False,True,intermediate,intermediate,intermediate,0.011463948,0.95672035,0.03181569,FR
2138,dormant,False,False,complex,intermediate,intermediate,0.0068487097,0.90275294,0.090398274,FR
2139,dormant,False,True,complex,complex,complex,0.078549325,0.28151596,0.63993466,FR
2140,dormant,False,True,complex,complex,complex,0.008457304,0.08800313,0.9035396,FR
2141,dormant,False,False,intermediate,intermediate,intermediate,0.097739965,0.780907,0.1213531,FR
2142,dormant,False,True,complex,complex,complex,0.0065076915,0.11425942,0.8792329,FR
2143,dormant,False,True,complex,complex,complex,0.053680375,0.13079618,0.81552345,FR
2144,dormant,False,False,complex,intermediate,intermediate,0.2743949,0.42073518,0.30486995,FR
2145,dormant,False,True,complex,complex,complex,0.028374357,0.25603002,0.71559566,FR
2146,dormant,False,True,intermediate,intermediate,intermediate,0.0074781864,0.931145,0.061376862,FR
2147,dormant,False,True,complex,complex,complex,0.003521832,0.055586,0.94089216,FR
2148,dormant,False,True,intermediate,intermediate,intermediate,0.11518053,0.7714377,0.11338179,FR
2149,dormant,False,False,intermediate,intermediate,intermediate,0.35088295,0.45207015,0.1970469,FR
2150,dormant,False,True,intermediate,intermediate,intermediate,0.023201935,0.9372955,0.039502613,FR
2151,dormant,False,False,intermediate,intermediate,intermediate,0.0037924512,0.9550466,0.04116095,FR
2152,dormant,True,False,intermediate,intermediate,,0.020780602,0.92996657,0.049252816,FR
2153,dormant,True,False,intermediate,intermediate,,0.04605321,0.87302005,0.08092669,FR
2154,dormant,False,True,intermediate,intermediate,intermediate,0.008867032,0.9209007,0.07023226,FR
2155,dormant,False,False,complex,complex,complex,0.011869481,0.37978137,0.60834914,FR
2156,dormant,False,True,complex,complex,complex,0.0018457075,0.033679623,0.9644747,FR
2157,dormant,False,True,complex,complex,complex,0.003923026,0.014310242,0.98176676,FR
2158,dormant,False,True,complex,complex,complex,0.0024174054,0.06884143,0.9287411,FR
2159,dormant,False,True,complex,complex,complex,0.0029575252,0.09156488,0.9054776,FR
2160,dormant,False,False,complex,complex,complex,0.0030002599,0.12611008,0.87088966,FR
2161,dormant,False,True,complex,complex,complex,0.00079177547,0.036365166,0.962843,FR
2162,dormant,False,False,complex,intermediate,intermediate,0.16519639,0.527708,0.30709562,FR
2163,dormant,False,True,complex,complex,complex,0.008206953,0.04440052,0.94739246,FR
2164,dormant,False,True,complex,complex,complex,0.005927656,0.118778944,0.8752934,FR
2165,dormant,False,True,intermediate,intermediate,intermediate,0.012260083,0.7708383,0.21690159,FR
2166,dormant,False,True,simple,simple,simple,0.9548097,0.028527858,0.016662423,FR
2167,dormant,False,True,simple,simple,simple,0.9546102,0.022222696,0.02316705,FR
2168,dormant,False,True,complex,complex,complex,0.015069912,0.057779085,0.92715096,FR
2169,dormant,False,True,intermediate,intermediate,intermediate,0.005791745,0.7603883,0.23381987,FR
2170,dormant,False,True,complex,complex,complex,0.011361182,0.06552286,0.92311597,FR
2171,dormant,False,True,complex,complex,complex,0.0048257816,0.14073907,0.8544352,FR
2172,dormant,True,False,complex,complex,,0.03783038,0.40428713,0.5578825,FR
2173,dormant,False,True,complex,complex,complex,0.008794335,0.12493492,0.8662707,FR
2174,dormant,False,True,complex,complex,complex,0.0016811596,0.014497355,0.9838215,FR
2175,dormant,False,True,complex,complex,complex,0.008458275,0.07291497,0.9186267,FR
2176,dormant,False,False,complex,intermediate,intermediate,0.022138452,0.5752525,0.40260902,FR
2177,dormant,True,False,intermediate,intermediate,,0.007637967,0.74433523,0.24802685,FR
2178,dormant,False,True,intermediate,intermediate,intermediate,0.041337818,0.81873107,0.13993113,FR
2179,dormant,False,True,complex,complex,complex,0.047658704,0.101120286,0.851221,FR
2180,dormant,False,True,complex,complex,complex,0.001311783,0.05325275,0.94543546,FR
2181,dormant,True,False,intermediate,intermediate,,0.06384647,0.64448863,0.2916649,FR
2182,dormant,False,False,complex,complex,complex,0.02808546,0.10940128,0.86251324,FR
2183,dormant,False,False,complex,complex,complex,0.0069698887,0.48586172,0.5071684,FR
2184,dormant,False,True,complex,complex,complex,0.0034995766,0.07020089,0.9262995,FR
2185,dormant,False,True,intermediate,intermediate,intermediate,0.0023659982,0.8377372,0.15989675,FR
2186,dormant,False,True,complex,complex,complex,0.0012676776,0.03040012,0.96833223,FR
2187,dormant,False,True,intermediate,intermediate,intermediate,0.0030676087,0.9200629,0.07686955,FR
2188,dormant,False,True,intermediate,intermediate,intermediate,0.0013399996,0.886549,0.11211107,FR
2189,dormant,True,False,intermediate,complex,,0.025389567,0.4330929,0.54151756,FR
2190,dormant,False,False,complex,complex,complex,0.030818276,0.39388487,0.5752969,FR
2191,dormant,False,True,complex,complex,complex,0.0103869,0.12634046,0.8632726,FR
2192,dormant,False,False,complex,intermediate,intermediate,0.008617541,0.66828054,0.32310197,FR
2193,dormant,False,False,complex,complex,complex,0.004002421,0.4124776,0.58351994,FR
2194,dormant,False,True,complex,complex,complex,0.0047122464,0.09129417,0.9039936,FR
2195,dormant,False,False,complex,complex,complex,0.0033688578,0.1677709,0.8288603,FR
2196,dormant,False,True,complex,complex,complex,0.004212068,0.08500545,0.91078246,FR
2197,dormant,False,False,intermediate,intermediate,intermediate,0.015055824,0.888681,0.09626322,FR
2198,dormant,False,True,complex,complex,complex,0.0024200235,0.25658083,0.7409991,FR
2199,dormant,False,True,complex,complex,complex,0.0037463047,0.21920466,0.77704906,FR
2200,dormant,False,True,complex,complex,complex,0.0025614738,0.057357654,0.9400809,FR
2201,dormant,False,False,complex,intermediate,intermediate,0.010721183,0.4955226,0.49375618,FR
2202,dormant,False,False,complex,complex,complex,0.0043551694,0.066687286,0.9289575,FR
2203,dormant,False,True,complex,complex,complex,0.0009128047,0.030703548,0.96838367,FR
2204,dormant,False,True,complex,complex,complex,0.008566759,0.12956685,0.86186635,FR
2205,dormant,True,False,intermediate,intermediate,,0.013913308,0.8235552,0.1625315,FR
2206,dormant,False,True,intermediate,intermediate,intermediate,0.0053291135,0.9465012,0.048169684,FR
2207,dormant,True,False,intermediate,complex,,0.007094606,0.45060158,0.5423038,FR
2208,dormant,False,True,intermediate,intermediate,intermediate,0.020063618,0.95303094,0.02690544,FR
2209,dormant,False,True,intermediate,intermediate,intermediate,0.011971748,0.97647595,0.011552283,FR
2210,dormant,False,True,intermediate,intermediate,intermediate,0.0055827396,0.9701976,0.024219662,FR
2211,dormant,False,False,intermediate,intermediate,intermediate,0.044498187,0.85091263,0.1045892,FR
2212,dormant,False,True,intermediate,intermediate,intermediate,0.014131277,0.97361743,0.012251285,FR
2213,dormant,False,True,complex,complex,complex,0.004270706,0.20790875,0.7878205,FR
2214,dormant,False,False,intermediate,intermediate,intermediate,0.0062911054,0.78957194,0.20413694,FR
2215,dormant,False,True,complex,complex,complex,0.0032489179,0.08160264,0.9151484,FR
2216,dormant,False,False,complex,complex,complex,0.0026773473,0.27588645,0.72143614,FR
2217,dormant,False,True,complex,complex,complex,0.0019447575,0.15722303,0.84083223,FR
2218,dormant,False,True,complex,complex,complex,0.006441792,0.32168555,0.6718726,FR
2219,dormant,False,True,complex,complex,complex,0.008383525,0.15001683,0.84159964,FR
2220,dormant,False,True,intermediate,intermediate,intermediate,0.005239624,0.8372257,0.1575347,FR
2221,dormant,False,True,complex,complex,complex,0.0005263412,0.016755125,0.9827185,FR
2222,dormant,False,False,complex,complex,complex,0.0004398668,0.007846332,0.9917139,FR
2223,dormant,False,True,complex,complex,complex,0.00028383505,0.005705524,0.9940106,FR
2224,dormant,False,True,complex,complex,complex,0.002856588,0.06443209,0.93271136,FR
2225,dormant,False,True,complex,complex,complex,0.0009896025,0.017153399,0.981857,FR
2226,dormant,False,True,complex,complex,complex,0.0077044345,0.08968383,0.90261173,FR
2227,dormant,False,True,complex,complex,complex,0.0012931117,0.1167071,0.8819998,FR
2228,dormant,False,True,complex,complex,complex,0.00085675035,0.07893956,0.9202037,FR
2229,dormant,False,True,intermediate,intermediate,intermediate,0.009461785,0.7340061,0.25653213,FR
2230,dormant,False,True,intermediate,intermediate,intermediate,0.009850403,0.78521645,0.20493317,FR
2231,dormant,False,True,complex,complex,complex,0.0006704122,0.020519119,0.9788104,FR
2232,dormant,False,True,complex,complex,complex,0.0015385957,0.04871452,0.9497469,FR
2233,dormant,False,True,complex,complex,complex,0.00079907896,0.036346555,0.9628544,FR
2234,dormant,False,True,complex,complex,complex,0.00057610776,0.012593164,0.9868307,FR
2235,dormant,False,True,complex,complex,complex,0.0061055967,0.27966034,0.7142341,FR
2236,dormant,False,False,intermediate,intermediate,intermediate,0.006282189,0.62263167,0.37108615,FR
2237,dormant,False,True,intermediate,intermediate,intermediate,0.010473892,0.900035,0.089491054,FR
2238,dormant,False,True,intermediate,intermediate,intermediate,0.0043427157,0.90407276,0.09158456,FR
2239,dormant,False,True,intermediate,intermediate,intermediate,0.012022194,0.8330482,0.15492961,FR
2240,dormant,False,False,complex,complex,complex,0.028163802,0.23425075,0.7375854,FR
2241,dormant,False,True,intermediate,intermediate,intermediate,0.006504136,0.7906401,0.20285577,FR
2242,dormant,False,True,complex,complex,complex,0.00159784,0.06118634,0.9372158,FR
2243,dormant,False,True,intermediate,intermediate,intermediate,0.011342304,0.94737685,0.041280836,FR
2244,dormant,False,True,intermediate,intermediate,intermediate,0.004760348,0.95749193,0.037747756,FR
2245,dormant,False,True,intermediate,intermediate,intermediate,0.020138718,0.7161092,0.26375207,FR
2246,dormant,False,True,complex,complex,complex,0.025634058,0.44599742,0.52836853,FR
2247,dormant,False,True,intermediate,intermediate,intermediate,0.0020909319,0.7430473,0.2548618,FR
2248,dormant,False,True,intermediate,intermediate,intermediate,0.016387174,0.93800116,0.045611706,FR
2249,dormant,False,False,intermediate,complex,complex,0.0046541677,0.21894434,0.77640146,FR
2250,dormant,False,True,complex,complex,complex,0.0017003869,0.060547583,0.937752,FR
2251,dormant,False,True,complex,complex,complex,0.0006098699,0.020019231,0.97937095,FR
2252,dormant,False,True,complex,complex,complex,0.0063942,0.1888367,0.8047691,FR
2253,dormant,False,True,intermediate,intermediate,intermediate,0.002060892,0.9222556,0.07568355,FR
2254,dormant,False,True,intermediate,intermediate,intermediate,0.0057839546,0.8245909,0.16962516,FR
2255,dormant,False,True,complex,complex,complex,0.0005548306,0.007195722,0.9922495,FR
2256,dormant,False,True,complex,complex,complex,0.0006540083,0.009937925,0.989408,FR
2257,dormant,False,False,complex,complex,complex,0.0006346901,0.04003463,0.9593307,FR
2258,dormant,False,True,complex,complex,complex,0.0007752303,0.011785416,0.98743933,FR
2259,dormant,False,True,complex,complex,complex,0.0002554844,0.008785125,0.9909594,FR
2260,dormant,False,True,complex,complex,complex,0.0003245975,0.0060560238,0.9936194,FR
2261,dormant,False,True,complex,complex,complex,0.00048091225,0.015634468,0.98388463,FR
2262,dormant,False,True,complex,complex,complex,0.0008400109,0.013125929,0.9860341,FR
2263,dormant,False,True,complex,complex,complex,0.00046756858,0.007360834,0.9921715,FR
2264,dormant,False,False,complex,complex,complex,0.0032967865,0.3468182,0.649885,FR
2265,dormant,False,True,complex,complex,complex,0.00029149352,0.0021406773,0.99756783,FR
2266,dormant,False,True,complex,complex,complex,0.0007813154,0.04774645,0.9514722,FR
2267,dormant,False,True,complex,complex,complex,0.0019325224,0.15295497,0.8451125,FR
2268,dormant,False,True,complex,complex,complex,0.0005480256,0.02124405,0.9782079,FR
2269,dormant,False,True,complex,complex,complex,0.00053646084,0.0580463,0.9414172,FR
2270,dormant,False,True,complex,complex,complex,0.0010587744,0.07721741,0.9217238,FR
2271,dormant,False,False,complex,complex,complex,0.00075778615,0.038024005,0.9612182,FR
2272,dormant,False,False,complex,complex,complex,0.0005792404,0.0082086865,0.99121207,FR
2273,dormant,False,True,complex,complex,complex,0.0013265009,0.08653742,0.9121361,FR
2274,dormant,False,True,complex,complex,complex,0.0003503098,0.008689434,0.99096024,FR
2275,dormant,False,True,complex,complex,complex,0.003824499,0.0571008,0.9390747,FR
2276,dormant,False,True,complex,complex,complex,0.00033406436,0.0050859516,0.99458003,FR
2277,dormant,False,True,complex,complex,complex,0.000745426,0.009339466,0.98991513,FR
2278,dormant,False,True,complex,complex,complex,0.0029010996,0.1518676,0.8452313,FR
2279,dormant,False,True,complex,complex,complex,0.0008019377,0.053965807,0.9452322,FR
2280,dormant,False,True,complex,complex,complex,0.00023205308,0.010717549,0.9890504,FR
2281,dormant,False,True,complex,complex,complex,0.0006271091,0.014573474,0.9847994,FR
2282,dormant,False,True,complex,complex,complex,0.00044096276,0.024565017,0.97499406,FR
2283,dormant,False,False,complex,complex,complex,0.003534479,0.04579548,0.95067006,FR
2284,dormant,False,False,complex,complex,complex,0.0018099742,0.076641105,0.9215489,FR
2285,dormant,False,True,complex,complex,complex,0.001404793,0.028099373,0.9704958,FR
2286,dormant,False,False,complex,complex,complex,0.00045928458,0.0114157535,0.98812497,FR
2287,dormant,False,False,complex,complex,complex,0.00047856124,0.0039088284,0.9956126,FR
2288,dormant,False,True,complex,complex,complex,0.00015865974,0.0030127848,0.9968285,FR
2289,dormant,False,True,complex,complex,complex,0.0008808418,0.0051720976,0.993947,FR
2290,dormant,False,True,complex,complex,complex,0.00024255864,0.003261421,0.996496,FR
2291,dormant,False,True,complex,complex,complex,0.0006885925,0.0046549127,0.99465656,FR
2292,dormant,False,False,complex,complex,complex,0.0010951349,0.015474808,0.98343,FR
2293,dormant,False,True,complex,complex,complex,0.0031722975,0.14428502,0.85254264,FR
2294,dormant,False,True,complex,complex,complex,0.0011224544,0.037844565,0.961033,FR
2295,dormant,False,True,complex,complex,complex,0.00041192077,0.013613547,0.9859745,FR
2296,dormant,False,True,complex,complex,complex,0.000509951,0.018870218,0.9806198,FR
2297,dormant,False,True,complex,complex,complex,0.00032676943,0.01498062,0.9846926,FR
2298,dormant,False,True,complex,complex,complex,0.0016745727,0.032409556,0.9659158,FR
2299,dormant,False,True,complex,complex,complex,0.0010502763,0.022997743,0.97595197,FR
2300,dormant,False,True,complex,complex,complex,0.0031490996,0.06201368,0.9348373,FR
2301,dormant,False,True,complex,complex,complex,0.00069796585,0.020516882,0.9787852,FR
2302,dormant,False,False,complex,complex,complex,0.0010042558,0.07147527,0.92752045,FR
2303,dormant,False,True,complex,complex,complex,0.0004741626,0.0060116695,0.9935142,FR
2304,dormant,False,True,complex,complex,complex,0.001555785,0.020610154,0.9778341,FR
2305,dormant,False,False,complex,complex,complex,0.002084873,0.025125314,0.9727898,FR
2306,dormant,False,False,intermediate,complex,complex,0.0397475,0.18251927,0.7777332,FR
2307,dormant,False,True,complex,complex,complex,0.019989107,0.21550988,0.764501,FR
2308,dormant,False,True,complex,complex,complex,0.00036379692,0.009523334,0.9901129,FR
2309,dormant,False,True,complex,complex,complex,0.00093942723,0.0076127145,0.9914479,FR
2310,dormant,False,False,complex,complex,complex,0.0007292498,0.029856058,0.9694147,FR
2311,dormant,False,True,complex,complex,complex,0.001092269,0.07962915,0.91927856,FR
2312,dormant,False,False,complex,complex,complex,0.0014950923,0.0809153,0.9175896,FR
2313,dormant,False,True,complex,complex,complex,0.003066968,0.14039949,0.8565336,FR
2314,dormant,False,True,complex,complex,complex,0.0017225558,0.022377485,0.9759,FR
2315,dormant,False,True,intermediate,complex,complex,0.006540332,0.49431664,0.49914297,FR
2316,dormant,False,True,complex,complex,complex,0.0005852528,0.008372227,0.9910425,FR
2317,dormant,False,True,complex,complex,complex,0.00056167756,0.017908758,0.98152953,FR
2318,dormant,False,True,complex,complex,complex,0.0005983464,0.008508277,0.99089336,FR
2319,dormant,False,True,complex,complex,complex,0.0005747626,0.028523022,0.97090226,FR
2320,dormant,False,True,intermediate,complex,complex,0.0026534148,0.3916698,0.60567683,FR
2321,dormant,False,True,complex,complex,complex,0.0021487977,0.08993658,0.9079146,FR
2322,dormant,False,False,intermediate,complex,complex,0.027673176,0.42376027,0.5485665,FR
2323,dormant,False,True,intermediate,intermediate,intermediate,0.004671512,0.92316884,0.07215962,FR
2324,dormant,False,False,complex,complex,complex,0.00072524924,0.008621509,0.9906533,FR
2325,dormant,False,False,complex,complex,complex,0.0008360105,0.019729342,0.97943467,FR
2326,dormant,False,True,complex,complex,complex,0.0005111453,0.005089571,0.99439925,FR
2327,dormant,False,True,complex,complex,complex,0.0014198384,0.055661123,0.9429191,FR
2328,dormant,False,True,complex,complex,complex,0.0007561635,0.023348277,0.9758956,FR
2329,dormant,False,False,complex,complex,complex,0.00078957464,0.0179328,0.98127764,FR
2330,dormant,False,True,intermediate,intermediate,intermediate,0.006246706,0.8448256,0.14892772,FR
2331,dormant,False,True,complex,complex,complex,0.0019615365,0.081367224,0.9166713,FR
2332,dormant,False,True,complex,complex,complex,0.0032758168,0.07968843,0.9170357,FR
2333,dormant,False,True,complex,complex,complex,0.0041382955,0.08492464,0.9109371,FR
2334,dormant,False,False,complex,complex,complex,0.001465607,0.022363216,0.9761712,FR
2335,dormant,False,False,complex,complex,complex,0.019689085,0.052579977,0.9277309,FR
2336,dormant,False,True,complex,complex,complex,0.0022686748,0.008804883,0.9889264,FR
2337,dormant,False,False,intermediate,complex,complex,0.014144472,0.12737863,0.85847694,FR
2338,dormant,False,True,complex,complex,complex,0.0014459321,0.012524723,0.9860293,FR
2339,dormant,False,False,complex,complex,complex,0.0032521053,0.062108498,0.9346394,FR
2340,dormant,False,False,complex,complex,complex,0.004720868,0.07604528,0.9192338,FR
2341,dormant,False,True,complex,complex,complex,0.006500298,0.13731249,0.8561872,FR
2342,dormant,False,True,intermediate,intermediate,intermediate,0.011003534,0.7028769,0.28611955,FR
2343,dormant,False,True,complex,complex,complex,0.005718436,0.0457286,0.94855297,FR
2344,dormant,False,True,complex,complex,complex,0.00545558,0.1158212,0.8787232,FR
2345,dormant,False,True,complex,complex,complex,0.0036689455,0.014237522,0.9820936,FR
2346,dormant,False,True,complex,complex,complex,0.0056381873,0.02461316,0.9697487,FR
2347,dormant,False,True,complex,complex,complex,0.0014157185,0.015899032,0.9826852,FR
2348,dormant,False,False,complex,complex,complex,0.0031454358,0.080266595,0.9165879,FR
2349,dormant,False,False,complex,complex,complex,0.031572644,0.03390128,0.9345261,FR
2350,dormant,False,False,intermediate,intermediate,intermediate,0.005243561,0.6301363,0.36462018,FR
2351,dormant,False,False,complex,complex,complex,0.0116148265,0.37255234,0.6158328,FR
2352,dormant,False,True,complex,complex,complex,0.008754953,0.24248096,0.74876404,FR
2353,dormant,False,True,complex,complex,complex,0.0076125637,0.12418972,0.86819774,FR
2354,dormant,False,True,intermediate,intermediate,intermediate,0.083679095,0.8881595,0.02816136,FR
2355,dormant,False,False,intermediate,intermediate,intermediate,0.03357123,0.87319475,0.09323402,FR
2356,dormant,False,False,intermediate,intermediate,intermediate,0.07303876,0.80453956,0.122421674,FR
2357,dormant,False,False,intermediate,intermediate,intermediate,0.31229424,0.60331297,0.08439276,FR
2358,dormant,False,True,intermediate,intermediate,intermediate,0.059820864,0.8763484,0.06383074,FR
2359,dormant,False,True,simple,simple,simple,0.92019224,0.056701347,0.023106398,FR
2360,dormant,False,True,intermediate,intermediate,intermediate,0.04286245,0.92585546,0.03128212,FR
2361,dormant,False,True,intermediate,intermediate,intermediate,0.12958717,0.81263196,0.057780873,FR
2362,dormant,False,True,intermediate,intermediate,intermediate,0.08320722,0.90238327,0.014409554,FR
2363,dormant,False,True,intermediate,intermediate,intermediate,0.027791098,0.92959666,0.042612266,FR
2364,dormant,False,True,intermediate,intermediate,intermediate,0.021957232,0.93997324,0.038069475,FR
2365,dormant,False,True,intermediate,intermediate,intermediate,0.01765005,0.95015955,0.032190464,FR
2366,dormant,False,False,intermediate,intermediate,intermediate,0.034036577,0.88711894,0.0788445,FR
2367,dormant,False,False,complex,complex,complex,0.0019111319,0.0461947,0.95189416,FR
2368,dormant,False,True,complex,complex,complex,0.045338616,0.15951015,0.79515123,FR
2369,dormant,False,True,complex,complex,complex,0.002644276,0.01538435,0.9819713,FR
2370,dormant,False,True,complex,complex,complex,0.003592042,0.03893098,0.957477,FR
2371,dormant,False,True,complex,complex,complex,0.00476798,0.017745283,0.97748667,FR
2372,dormant,False,False,complex,complex,complex,0.0018313681,0.013703664,0.98446494,FR
2373,dormant,False,True,complex,complex,complex,0.0016941119,0.016418878,0.981887,FR
2374,dormant,False,True,complex,complex,complex,0.00094726286,0.012721761,0.986331,FR
2375,dormant,False,True,complex,complex,complex,0.0021451535,0.01202147,0.98583335,FR
2376,dormant,False,True,complex,complex,complex,0.0052273604,0.33640388,0.6583688,FR
2377,dormant,False,True,complex,complex,complex,0.0025408994,0.0462773,0.95118177,FR
2378,dormant,False,True,complex,complex,complex,0.0050487253,0.041734543,0.9532167,FR
2379,dormant,False,True,complex,complex,complex,0.027831715,0.12599291,0.8461754,FR
2380,dormant,False,True,intermediate,intermediate,intermediate,0.016511511,0.7356857,0.2478028,FR
2381,dormant,False,True,complex,complex,complex,0.0004120611,0.010265364,0.9893226,FR
2382,dormant,False,False,complex,complex,complex,0.006199613,0.03976592,0.9540345,FR
2383,dormant,False,True,complex,complex,complex,0.0017677529,0.0852111,0.91302115,FR
2384,dormant,False,False,complex,complex,complex,0.0015725571,0.05273952,0.9456879,FR
2385,dormant,False,True,complex,complex,complex,0.0021042074,0.04109521,0.9568005,FR
2386,dormant,False,True,complex,complex,complex,0.013835089,0.13535479,0.8508101,FR
2387,dormant,False,True,complex,complex,complex,0.002541898,0.14028706,0.857171,FR
2388,dormant,False,False,complex,complex,complex,0.00068725983,0.01909061,0.98022217,FR
2389,dormant,False,False,intermediate,intermediate,intermediate,0.0068077915,0.7073332,0.285859,FR
2390,dormant,False,True,complex,complex,complex,0.0017067314,0.15143438,0.84685886,FR
2391,dormant,False,True,complex,complex,complex,0.00051213853,0.037900135,0.9615878,FR
2392,dormant,False,True,complex,complex,complex,0.00079983386,0.0059755975,0.99322456,FR
2393,dormant,False,True,complex,complex,complex,0.0014212903,0.052783817,0.94579494,FR
2394,dormant,False,True,intermediate,intermediate,intermediate,0.04179858,0.9033522,0.054849226,FR
2395,dormant,False,True,complex,complex,complex,0.03355352,0.37314865,0.5932978,FR
2396,dormant,False,True,complex,complex,complex,0.0014444331,0.051325098,0.9472305,FR
2397,dormant,False,False,complex,complex,complex,0.003956103,0.14323182,0.85281205,FR
2398,dormant,False,True,complex,complex,complex,0.002122552,0.104317866,0.8935596,FR
2399,dormant,False,True,complex,complex,complex,0.001373897,0.03966052,0.9589656,FR
2400,dormant,False,True,complex,complex,complex,0.001051831,0.024288615,0.9746595,FR
2401,dormant,False,False,complex,complex,complex,0.0025160676,0.1259488,0.87153506,FR
2402,dormant,False,True,complex,complex,complex,0.0048408327,0.08213252,0.9130267,FR
2403,dormant,False,True,complex,complex,complex,0.003514907,0.06329001,0.93319505,FR
2404,dormant,False,True,complex,complex,complex,0.0020741608,0.017958215,0.9799676,FR
2405,dormant,False,True,complex,complex,complex,0.0002951953,0.015390519,0.9843143,FR
2406,dormant,False,False,complex,complex,complex,0.0027352762,0.19043972,0.806825,FR
2407,dormant,False,True,complex,complex,complex,0.0004639539,0.009980022,0.989556,FR
2408,dormant,False,True,complex,complex,complex,0.0004814799,0.012986272,0.9865323,FR
2409,dormant,False,True,complex,complex,complex,0.00043890573,0.006393594,0.9931676,FR
2410,dormant,False,True,complex,complex,complex,0.000581265,0.02368205,0.9757367,FR
2411,dormant,False,True,complex,complex,complex,0.00050144544,0.010564346,0.9889342,FR
2412,dormant,False,True,complex,complex,complex,0.00024598226,0.004116056,0.99563795,FR
2413,dormant,False,True,intermediate,intermediate,intermediate,0.0014197299,0.97122127,0.02735896,FR
2414,dormant,False,True,complex,complex,complex,0.0039305277,0.0603426,0.9357269,FR
2415,dormant,False,True,complex,complex,complex,0.0008979977,0.009808823,0.9892932,FR
2416,dormant,False,True,complex,complex,complex,0.0004945936,0.006280818,0.99322456,FR
2417,dormant,False,True,complex,complex,complex,0.0011359511,0.0093544265,0.9895096,FR
2418,dormant,False,True,complex,complex,complex,0.00044028263,0.007277034,0.9922827,FR
2419,dormant,False,True,complex,complex,complex,0.005651124,0.37006697,0.62428194,FR
2420,dormant,False,True,complex,complex,complex,0.003212096,0.11327994,0.88350797,FR
2421,dormant,False,True,complex,complex,complex,0.0025881073,0.071649194,0.9257627,FR
2422,dormant,False,False,complex,complex,complex,0.0028602872,0.07117515,0.92596453,FR
2423,dormant,False,True,complex,complex,complex,0.002089831,0.022833,0.97507715,FR
2424,dormant,False,True,complex,complex,complex,0.0016533769,0.025606805,0.9727399,FR
2425,dormant,False,False,complex,complex,complex,0.0022370948,0.02154717,0.9762157,FR
2426,dormant,False,True,complex,complex,complex,0.0030143373,0.060362346,0.9366233,FR
2427,dormant,False,True,complex,complex,complex,0.0013673428,0.012653713,0.9859789,FR
2428,dormant,False,True,complex,complex,complex,0.0016392394,0.014049944,0.98431087,FR
2429,dormant,False,True,complex,complex,complex,0.00097547023,0.021172127,0.97785246,FR
2430,dormant,False,True,complex,complex,complex,0.0037383195,0.03048544,0.96577626,FR
2431,dormant,False,False,complex,complex,complex,0.00076879485,0.012218235,0.9870129,FR
2432,dormant,False,True,intermediate,intermediate,intermediate,0.028639795,0.59161615,0.379744,FR
2433,dormant,False,True,complex,complex,complex,0.0016866279,0.039684772,0.9586286,FR
2434,dormant,False,True,complex,complex,complex,0.00063625077,0.013886754,0.98547703,FR
2435,dormant,False,True,complex,complex,complex,0.0009749332,0.0046177376,0.9944073,FR
2436,dormant,False,True,complex,complex,complex,0.0028260176,0.006211662,0.9909623,FR
2437,dormant,False,True,complex,complex,complex,0.0032120969,0.08732243,0.9094655,FR
2438,dormant,False,False,complex,complex,complex,0.0002689367,0.0025418804,0.9971892,FR
2439,dormant,False,True,complex,complex,complex,0.0009836587,0.012042831,0.9869735,FR
2440,dormant,False,True,complex,complex,complex,0.00050440413,0.011039576,0.988456,FR
2441,dormant,False,True,complex,complex,complex,0.0007515648,0.021434303,0.97781414,FR
2442,dormant,False,True,complex,complex,complex,0.0005494097,0.0097294,0.98972124,FR
2443,dormant,False,True,complex,complex,complex,0.0017357982,0.11392726,0.88433695,FR
2444,dormant,False,True,intermediate,intermediate,intermediate,0.0160564,0.88298416,0.100959435,FR
2445,dormant,False,False,intermediate,complex,complex,0.0043628714,0.085541934,0.9100952,FR
2446,dormant,False,True,complex,complex,complex,0.0020590576,0.025212565,0.9727284,FR
2447,dormant,False,False,complex,complex,complex,0.00096837454,0.009510438,0.98952115,FR
2448,dormant,False,False,complex,complex,complex,0.0027293735,0.00987014,0.9874005,FR
2449,dormant,False,False,complex,complex,complex,0.00084127666,0.0073189875,0.99183977,FR
2450,dormant,False,True,complex,complex,complex,0.0010767463,0.0062423227,0.99268097,FR
2451,dormant,False,True,complex,complex,complex,0.0022940217,0.023569653,0.9741363,FR
2452,dormant,False,True,complex,complex,complex,0.0007883829,0.006925253,0.9922863,FR
2453,dormant,False,False,complex,complex,complex,0.00053012423,0.009793817,0.98967606,FR
2454,dormant,False,True,complex,complex,complex,0.0010540746,0.0044420124,0.994504,FR
2455,dormant,False,True,complex,complex,complex,0.0055933427,0.042436928,0.95196974,FR
2456,dormant,False,True,complex,complex,complex,0.0025507289,0.019087706,0.97836155,FR
2457,dormant,False,True,complex,complex,complex,0.0010137673,0.012647679,0.98633856,FR
2458,dormant,False,True,complex,complex,complex,0.01136288,0.31156316,0.6770739,FR
2459,dormant,False,True,complex,intermediate,intermediate,0.021807719,0.5186133,0.459579,FR
2460,dormant,False,True,complex,complex,complex,0.007287472,0.113835186,0.87887734,FR
2461,dormant,False,True,complex,complex,complex,0.0060611693,0.10641958,0.88751924,FR
2462,dormant,False,False,intermediate,intermediate,intermediate,0.14361173,0.67960435,0.17678395,FR
2463,dormant,False,True,intermediate,intermediate,intermediate,0.008461376,0.9234377,0.06810094,FR
2464,dormant,False,True,intermediate,intermediate,intermediate,0.010077569,0.9144309,0.07549154,FR
2465,dormant,False,True,complex,complex,complex,0.012152047,0.11459065,0.8732573,FR
2466,dormant,False,True,complex,complex,complex,0.035933737,0.07787107,0.8861951,FR
2467,dormant,False,True,complex,complex,complex,0.027322972,0.099075384,0.8736017,FR
2468,dormant,False,True,complex,complex,complex,0.031969633,0.13842726,0.8296031,FR
2469,dormant,False,True,complex,complex,complex,0.00090570794,0.022809334,0.9762849,FR
2470,dormant,True,False,intermediate,intermediate,,0.0076781013,0.9215822,0.07073965,FR
2471,dormant,False,True,intermediate,intermediate,intermediate,0.011689675,0.9641187,0.024191627,FR
2472,dormant,False,True,intermediate,intermediate,intermediate,0.0064333756,0.95494336,0.03862335,FR
2473,dormant,False,True,intermediate,intermediate,intermediate,0.0064915735,0.9789802,0.014528271,FR
2474,dormant,False,True,intermediate,intermediate,intermediate,0.045067243,0.9144604,0.040472362,FR
2475,dormant,False,True,intermediate,intermediate,intermediate,0.0034268703,0.9479298,0.04864337,FR
2476,dormant,False,True,intermediate,intermediate,intermediate,0.07597065,0.8244905,0.099538885,FR
2477,dormant,False,True,intermediate,intermediate,intermediate,0.056219105,0.90221447,0.041566376,FR
2478,dormant,False,True,intermediate,intermediate,intermediate,0.030377582,0.8503073,0.11931511,FR
2479,dormant,True,False,intermediate,intermediate,,0.018507425,0.92872775,0.052764833,FR
2480,dormant,False,True,complex,complex,complex,0.0027557984,0.050087865,0.9471563,FR
2481,dormant,False,True,intermediate,intermediate,intermediate,0.010449487,0.8774333,0.112117186,FR
2482,dormant,False,True,complex,complex,complex,0.024526335,0.07257951,0.90289414,FR
2483,dormant,False,False,intermediate,intermediate,intermediate,0.009711944,0.86488,0.12540808,FR
2484,dormant,False,True,complex,complex,complex,0.0073191854,0.0724113,0.9202695,FR
2485,dormant,False,False,complex,complex,complex,0.0036627126,0.04579164,0.9505456,FR
2486,dormant,False,True,complex,complex,complex,0.0039271605,0.013887878,0.98218495,FR
2487,dormant,False,False,complex,complex,complex,0.003148134,0.0656002,0.9312517,FR
2488,dormant,False,False,complex,complex,complex,0.012462137,0.38316035,0.60437757,FR
2489,dormant,False,True,complex,complex,complex,0.0034993857,0.12604694,0.87045366,FR
2490,dormant,False,True,complex,complex,complex,0.0038086898,0.10288014,0.89331114,FR
2491,dormant,False,True,complex,complex,complex,0.0013981833,0.15415528,0.84444654,FR
2492,dormant,False,True,complex,complex,complex,0.00071193615,0.039105833,0.96018225,FR
2493,dormant,False,False,complex,complex,complex,0.00090449286,0.03315689,0.9659386,FR
2494,dormant,False,True,complex,complex,complex,0.004241906,0.2854588,0.71029925,FR
2495,dormant,False,False,complex,complex,complex,0.0018786308,0.105792105,0.8923293,FR
2496,dormant,False,True,complex,complex,complex,0.0035562224,0.11981622,0.87662756,FR
2497,dormant,False,True,complex,complex,complex,0.0023197022,0.08049364,0.91718674,FR
2498,dormant,False,True,complex,complex,complex,0.046205528,0.30692965,0.6468648,FR
2499,dormant,False,True,complex,complex,complex,0.1075743,0.20528926,0.6871364,FR
2500,dormant,False,True,complex,complex,complex,0.03468663,0.10810001,0.8572134,FR
2501,dormant,False,True,complex,complex,complex,0.026452703,0.1340434,0.83950394,FR
2502,dormant,False,True,complex,complex,complex,0.0007569189,0.038629003,0.96061414,FR
2503,dormant,False,True,complex,complex,complex,0.0018110225,0.09022703,0.90796196,FR
2504,dormant,False,True,complex,complex,complex,0.0005435759,0.05601499,0.94344145,FR
2505,dormant,False,False,complex,complex,complex,0.011863039,0.13728799,0.85084903,FR
2506,dormant,False,False,intermediate,intermediate,intermediate,0.002993891,0.54325086,0.45375523,FR
2507,dormant,False,False,complex,complex,complex,0.0010197632,0.02696061,0.9720196,FR
2508,dormant,False,True,complex,complex,complex,0.0020919594,0.020894919,0.9770131,FR
2509,dormant,False,False,complex,complex,complex,0.0033395563,0.060105093,0.9365553,FR
2510,dormant,False,True,complex,complex,complex,0.04205216,0.27672717,0.68122065,FR
2511,dormant,False,False,complex,complex,complex,0.004231382,0.24454443,0.75122416,FR
2512,dormant,True,False,intermediate,intermediate,,0.0038185285,0.894472,0.101709515,FR
2513,dormant,False,True,intermediate,intermediate,intermediate,0.008779262,0.8846849,0.10653582,FR
2514,dormant,True,False,complex,intermediate,,0.0070170616,0.62502646,0.36795643,FR
2515,dormant,False,True,complex,complex,complex,0.001414072,0.15142865,0.84715724,FR
2516,dormant,False,True,intermediate,intermediate,intermediate,0.010893368,0.6857221,0.30338454,FR
2517,dormant,False,True,intermediate,intermediate,intermediate,0.0027413482,0.7833304,0.21392825,FR
2518,dormant,False,True,intermediate,intermediate,intermediate,0.008546655,0.9103336,0.08111979,FR
2519,dormant,False,True,intermediate,intermediate,intermediate,0.0061915247,0.9451908,0.04861767,FR
2520,dormant,True,False,intermediate,intermediate,,0.009871919,0.6686297,0.32149836,FR
2521,dormant,False,False,intermediate,intermediate,intermediate,0.014129346,0.7479034,0.23796725,FR
2522,dormant,False,True,complex,complex,complex,0.0041344007,0.23597655,0.759889,FR
2523,dormant,False,True,complex,complex,complex,0.0017038322,0.087227955,0.91106826,FR
2524,dormant,False,True,complex,complex,complex,0.02753133,0.34378088,0.6286878,FR
2525,dormant,False,True,intermediate,intermediate,intermediate,0.0015677103,0.9707256,0.027706616,FR
2526,dormant,False,False,intermediate,intermediate,intermediate,0.006945491,0.6356511,0.3574034,FR
2527,dormant,False,True,complex,complex,complex,0.0064090486,0.10099541,0.8925956,FR
2528,dormant,False,True,complex,complex,complex,0.008055517,0.020882256,0.9710622,FR
2529,dormant,False,True,complex,complex,complex,0.02093629,0.096176416,0.8828873,FR
2530,dormant,False,True,intermediate,intermediate,intermediate,0.0032406517,0.9775614,0.019197874,FR
2531,dormant,False,False,intermediate,intermediate,intermediate,0.0010353556,0.9523846,0.046580065,FR
2532,dormant,False,True,intermediate,intermediate,intermediate,0.0023864734,0.94449353,0.05312002,FR
2533,dormant,False,True,intermediate,intermediate,intermediate,0.001787889,0.9126661,0.085546,FR
2534,dormant,False,True,complex,complex,complex,0.0064311805,0.05665163,0.9369171,FR
2535,dormant,False,True,complex,complex,complex,0.010900391,0.10526643,0.88383317,FR
2536,dormant,False,True,complex,complex,complex,0.006404037,0.0646665,0.92892945,FR
2537,dormant,False,True,complex,complex,complex,0.0025746261,0.114380814,0.88304454,FR
2538,dormant,False,False,complex,complex,complex,0.0083180005,0.18755923,0.8041228,FR
2539,dormant,False,True,complex,complex,complex,0.0076034353,0.14248294,0.84991366,FR
2540,dormant,False,False,complex,complex,complex,0.009665191,0.16521546,0.8251193,FR
2541,dormant,False,False,complex,complex,complex,0.025531987,0.20921467,0.76525337,FR
2542,dormant,False,True,complex,complex,complex,0.041618925,0.22381274,0.73456836,FR
2543,dormant,False,False,intermediate,intermediate,intermediate,0.0037672948,0.7593532,0.2368795,FR
2544,dormant,False,False,complex,complex,complex,0.08096036,0.19235212,0.72668755,FR
2545,dormant,False,True,intermediate,intermediate,intermediate,0.026795918,0.76576996,0.20743413,FR
2546,dormant,False,False,intermediate,intermediate,intermediate,0.08175962,0.8516319,0.066608496,FR
2547,dormant,False,True,intermediate,intermediate,intermediate,0.025447795,0.9528029,0.02174938,FR
2548,dormant,False,False,complex,intermediate,intermediate,0.021810789,0.9094614,0.068727806,FR
2549,dormant,False,False,complex,complex,complex,0.00712388,0.2303862,0.7624899,FR
2550,dormant,False,True,intermediate,intermediate,intermediate,0.037439287,0.8911925,0.07136819,FR
2551,dormant,False,True,intermediate,intermediate,intermediate,0.0053809495,0.7301106,0.26450843,FR
2552,dormant,False,True,complex,complex,complex,0.007367686,0.07760892,0.9150234,FR
2553,dormant,False,True,complex,complex,complex,0.0047491817,0.042935163,0.9523157,FR
2554,dormant,False,False,intermediate,intermediate,intermediate,0.011219521,0.82602453,0.16275592,FR
2555,dormant,False,True,intermediate,intermediate,intermediate,0.004080723,0.8705401,0.12537919,FR
2556,dormant,False,True,intermediate,intermediate,intermediate,0.022357298,0.9609936,0.016649146,FR
2557,dormant,False,True,intermediate,intermediate,intermediate,0.011314116,0.94325596,0.04542999,FR
2558,dormant,False,True,intermediate,intermediate,intermediate,0.0072750403,0.98615646,0.0065684975,FR
2559,dormant,False,True,complex,complex,complex,0.0053096535,0.453457,0.54123336,FR
2560,dormant,False,True,intermediate,intermediate,intermediate,0.009720354,0.94382423,0.04645537,FR
2561,dormant,False,True,complex,complex,complex,0.0011019016,0.04079163,0.95810646,FR
2562,dormant,False,True,complex,complex,complex,0.0060888072,0.3449637,0.6489475,FR
2563,dormant,False,True,intermediate,intermediate,intermediate,0.0077903825,0.7692756,0.22293404,FR
2564,dormant,False,True,complex,complex,complex,0.0016105882,0.049934443,0.948455,FR
2565,dormant,False,True,complex,complex,complex,0.0007885221,0.027705925,0.9715055,FR
2566,dormant,False,True,intermediate,intermediate,intermediate,0.01757883,0.9554628,0.026958348,FR
2567,dormant,False,False,intermediate,intermediate,intermediate,0.011911247,0.8912158,0.09687295,FR
2568,dormant,False,True,intermediate,intermediate,intermediate,0.014958178,0.97290176,0.012140042,FR
2569,dormant,False,True,intermediate,intermediate,intermediate,0.015490533,0.9773285,0.007180916,FR
2570,dormant,False,True,intermediate,intermediate,intermediate,0.016360361,0.96706045,0.016579209,FR
2571,dormant,False,True,complex,complex,complex,0.009596816,0.17733502,0.81306815,FR
2572,dormant,False,True,complex,complex,complex,0.0022165761,0.024323672,0.9734597,FR
2573,dormant,False,True,complex,complex,complex,0.0012332245,0.052015603,0.9467511,FR
2574,dormant,False,True,complex,complex,complex,0.0005836171,0.025872024,0.97354436,FR
2575,dormant,False,True,complex,complex,complex,0.0006714342,0.031874757,0.9674538,FR
2576,dormant,False,True,intermediate,intermediate,intermediate,0.03536908,0.9118964,0.05273454,FR
2577,dormant,False,False,intermediate,intermediate,intermediate,0.27339372,0.69288254,0.033723798,FR
2578,dormant,False,True,simple,simple,simple,0.668112,0.25300348,0.07888457,FR
2579,dormant,False,True,intermediate,intermediate,intermediate,0.007416616,0.9573078,0.03527557,FR
2580,dormant,False,True,intermediate,intermediate,intermediate,0.005425483,0.93256325,0.062011212,FR
2581,dormant,True,False,intermediate,intermediate,,0.009894942,0.5648748,0.42523026,FR
2582,dormant,False,True,intermediate,intermediate,intermediate,0.01051106,0.9130108,0.07647816,FR
2583,dormant,False,False,complex,intermediate,intermediate,0.008392695,0.87707645,0.114530936,FR
2584,dormant,False,True,simple,simple,simple,0.64044774,0.34276828,0.016783996,FR
2585,dormant,False,False,complex,complex,complex,0.005856864,0.06440303,0.92974013,FR
2586,dormant,False,True,complex,complex,complex,0.0013633711,0.1338979,0.8647387,FR
2587,dormant,False,True,intermediate,intermediate,intermediate,0.049374726,0.905542,0.045083273,FR
2588,dormant,False,True,intermediate,intermediate,intermediate,0.0072142603,0.9794669,0.013318804,FR
2589,dormant,False,True,intermediate,intermediate,intermediate,0.005233521,0.95034856,0.044417966,FR
2590,dormant,False,False,intermediate,intermediate,intermediate,0.004180402,0.85755146,0.13826814,FR
2591,dormant,False,False,complex,complex,complex,0.0022630505,0.10047559,0.8972614,FR
2592,dormant,False,True,complex,complex,complex,0.023334946,0.10420941,0.87245566,FR
2593,dormant,False,True,complex,complex,complex,0.0018929956,0.032172326,0.96593475,FR
2594,dormant,False,True,complex,complex,complex,0.014750662,0.036588706,0.94866055,FR
2595,dormant,False,True,complex,complex,complex,0.0013658986,0.018240647,0.9803934,FR
2596,dormant,False,True,complex,complex,complex,0.057084635,0.21390703,0.7290083,FR
2597,dormant,True,False,intermediate,complex,,0.014864586,0.47639057,0.50874484,FR
2598,dormant,False,True,intermediate,intermediate,intermediate,0.052239366,0.93879056,0.008970081,FR
2599,dormant,False,True,intermediate,intermediate,intermediate,0.10014236,0.8858071,0.014050519,FR
2600,dormant,False,True,intermediate,intermediate,intermediate,0.026246259,0.9575735,0.016180208,FR
2601,dormant,False,True,intermediate,intermediate,intermediate,0.042085353,0.93220603,0.025708588,FR
2602,dormant,False,False,intermediate,intermediate,intermediate,0.0152181825,0.91358274,0.07119904,FR
2603,dormant,False,False,simple,simple,simple,0.48882166,0.44877627,0.062402003,FR
2604,dormant,False,True,intermediate,intermediate,intermediate,0.17003416,0.8132493,0.016716577,FR
2605,dormant,False,True,complex,complex,complex,0.0008423801,0.09852557,0.9006321,FR
2606,dormant,False,True,complex,complex,complex,0.0020976337,0.12497661,0.87292576,FR
2607,dormant,False,True,complex,complex,complex,0.028229311,0.1856248,0.78614587,FR
2608,dormant,False,True,intermediate,intermediate,intermediate,0.016883314,0.91343373,0.069682956,FR
2609,dormant,False,True,intermediate,intermediate,intermediate,0.020193607,0.93811136,0.04169505,FR
2610,dormant,False,True,complex,complex,complex,0.035550106,0.2804409,0.68400896,FR
2611,dormant,False,False,complex,intermediate,intermediate,0.08527794,0.78940535,0.12531668,FR
2612,dormant,False,True,complex,complex,complex,0.047312897,0.12448879,0.8281983,FR
2613,dormant,False,True,complex,complex,complex,0.107025236,0.056619536,0.83635527,FR
2614,dormant,False,False,simple,intermediate,intermediate,0.056408923,0.7001541,0.24343693,FR
2615,dormant,False,True,intermediate,intermediate,intermediate,0.0027659324,0.9191607,0.078073315,FR
2616,dormant,False,True,intermediate,intermediate,intermediate,0.00805267,0.9482386,0.04370877,FR
2617,dormant,False,True,intermediate,intermediate,intermediate,0.08731854,0.8217555,0.09092587,FR
2618,dormant,False,True,intermediate,intermediate,intermediate,0.011110342,0.7839163,0.20497338,FR
2619,dormant,False,True,complex,complex,complex,0.04952883,0.17230885,0.77816236,FR
2620,dormant,False,True,intermediate,intermediate,intermediate,0.010249704,0.9653016,0.02444873,FR
2621,dormant,False,True,simple,simple,simple,0.80195165,0.14868683,0.049361534,FR
2622,dormant,False,True,intermediate,intermediate,intermediate,0.12283026,0.7913402,0.08582956,FR
2623,dormant,False,True,complex,complex,complex,0.008794335,0.12493492,0.8662707,FR
2624,dormant,False,True,complex,complex,complex,0.07580342,0.123204544,0.80099195,FR
2625,dormant,False,True,intermediate,intermediate,intermediate,0.020654984,0.8628155,0.11652953,FR
2626,dormant,False,True,intermediate,intermediate,intermediate,0.069836274,0.8473795,0.08278423,FR
2627,dormant,False,True,complex,complex,complex,0.12098403,0.08556893,0.7934471,FR
2628,dormant,False,True,complex,complex,complex,0.13224056,0.13071202,0.73704743,FR
2629,dormant,False,False,complex,complex,complex,0.0057834242,0.14022085,0.85399574,FR
2630,dormant,False,True,complex,complex,complex,0.011927158,0.22484536,0.76322746,FR
2631,dormant,False,True,complex,complex,complex,0.0509331,0.1984873,0.7505796,FR
2632,dormant,False,False,complex,complex,complex,0.0014348604,0.07117413,0.92739105,FR
2633,dormant,False,True,complex,complex,complex,0.008366255,0.2093385,0.7822952,FR
2634,dormant,False,False,complex,complex,complex,0.024366725,0.39225784,0.58337545,FR
2635,dormant,False,True,simple,intermediate,intermediate,0.3194665,0.39686605,0.28366742,FR
2636,dormant,False,True,complex,complex,complex,0.015025751,0.060540233,0.924434,FR
2637,dormant,False,True,intermediate,intermediate,intermediate,0.03888655,0.6301906,0.33092278,FR
2638,dormant,False,True,complex,complex,complex,0.0046566334,0.11045435,0.884889,FR
2639,dormant,False,False,complex,complex,complex,0.009971301,0.11121671,0.87881196,FR
2640,dormant,False,True,complex,complex,complex,0.0060957414,0.07779031,0.9161139,FR
2641,dormant,False,True,complex,complex,complex,0.0068097403,0.055825144,0.9373651,FR
2642,dormant,False,True,complex,complex,complex,0.049815595,0.118954726,0.8312297,FR
2643,dormant,False,True,complex,complex,complex,0.008165706,0.1053212,0.8865131,FR
2644,dormant,False,True,complex,complex,complex,0.020375375,0.11608714,0.8635375,FR
2645,dormant,False,True,intermediate,intermediate,intermediate,0.024149619,0.84821707,0.12763336,FR
2646,dormant,False,True,intermediate,intermediate,intermediate,0.036651257,0.8889554,0.074393384,FR
2647,dormant,False,True,complex,complex,complex,0.08538354,0.24845734,0.6661591,FR
2648,dormant,False,True,intermediate,intermediate,intermediate,0.0037586268,0.9279335,0.068307884,FR
2649,dormant,False,True,intermediate,intermediate,intermediate,0.030711135,0.8999262,0.06936267,FR
2650,dormant,False,False,complex,intermediate,intermediate,0.014308299,0.56877357,0.41691813,FR
2651,dormant,False,True,intermediate,intermediate,intermediate,0.011514539,0.91746116,0.0710243,FR
2652,dormant,False,True,simple,simple,simple,0.83179486,0.11505134,0.053153776,GB
2653,dormant,False,False,complex,intermediate,intermediate,0.005399137,0.5592932,0.43530768,GB
2654,dormant,False,True,complex,complex,complex,0.06225211,0.21552844,0.72221947,GB
2655,dormant,False,True,intermediate,intermediate,intermediate,0.12669376,0.7729831,0.100323185,GB
2656,dormant,False,False,intermediate,simple,simple,0.535099,0.21461448,0.25028652,GB
2657,dormant,False,True,intermediate,intermediate,intermediate,0.1004604,0.88265526,0.016884366,GB
2658,dormant,False,True,simple,simple,simple,0.9524538,0.03347091,0.014075314,GB
2659,dormant,False,True,intermediate,intermediate,intermediate,0.047475953,0.94805986,0.004464203,GB
2660,dormant,False,True,simple,simple,simple,0.88522786,0.09521218,0.019559972,GB
2661,dormant,False,True,intermediate,intermediate,intermediate,0.018182592,0.9251693,0.056648076,GB
2662,dormant,False,True,intermediate,intermediate,intermediate,0.022093367,0.92621756,0.05168907,GB
2663,dormant,False,False,intermediate,simple,simple,0.72580296,0.24169402,0.032503035,GB
2664,dormant,False,True,simple,simple,simple,0.9218682,0.066819854,0.011311964,GB
2665,dormant,False,True,intermediate,intermediate,intermediate,0.0042401543,0.87545866,0.12030123,GB
2666,dormant,False,True,intermediate,intermediate,intermediate,0.08433235,0.8737135,0.04195418,GB
2667,dormant,False,True,intermediate,intermediate,intermediate,0.02536442,0.94948554,0.025149973,GB
2668,dormant,False,True,intermediate,intermediate,intermediate,0.34568083,0.62758,0.026739188,GB
2669,dormant,False,True,intermediate,intermediate,intermediate,0.13216919,0.75051886,0.11731189,GB
2670,dormant,False,True,simple,simple,simple,0.9701554,0.027973674,0.0018708636,GB
2671,dormant,False,True,complex,complex,complex,0.0035707436,0.11742045,0.8790088,GB
2672,dormant,False,True,simple,simple,simple,0.6643018,0.32624492,0.009453295,GB
2673,dormant,False,True,intermediate,intermediate,intermediate,0.01583286,0.93493426,0.049232863,GB
2674,dormant,False,False,simple,simple,simple,0.9938839,0.0044456422,0.001670458,GB
2675,dormant,False,True,simple,simple,simple,0.7181069,0.19893456,0.082958505,GB
2676,dormant,False,True,intermediate,intermediate,intermediate,0.022511126,0.8931435,0.084345415,GB
2677,dormant,False,False,simple,simple,simple,0.7208622,0.24557921,0.033558577,GB
2678,dormant,False,False,intermediate,intermediate,intermediate,0.02139622,0.9660602,0.01254354,GB
2679,dormant,False,False,intermediate,complex,complex,0.0044619627,0.07397763,0.9215604,GB
2680,dormant,False,True,intermediate,intermediate,intermediate,0.0053085256,0.7343967,0.2602948,GB
2681,dormant,False,True,complex,complex,complex,0.001052351,0.023489557,0.9754581,GB
2682,dormant,False,True,intermediate,intermediate,intermediate,0.0053725233,0.7797677,0.21485986,GB
2683,dormant,False,True,complex,complex,complex,0.005026453,0.16410287,0.8308706,GB
2684,dormant,False,False,complex,complex,complex,0.0036712824,0.17210397,0.82422477,GB
2685,dormant,False,True,simple,simple,simple,0.9825494,0.012932321,0.0045182914,GB
2686,dormant,False,True,intermediate,intermediate,intermediate,0.008272433,0.72634405,0.26538345,GB
2687,dormant,False,True,intermediate,intermediate,intermediate,0.0028478627,0.8755403,0.12161175,GB
2688,dormant,False,False,intermediate,complex,complex,0.0019838135,0.1802879,0.81772834,GB
2689,dormant,False,False,intermediate,complex,complex,0.00059705786,0.026555514,0.97284734,GB
2690,dormant,False,True,complex,complex,complex,0.0032665518,0.058474287,0.9382591,GB
2691,dormant,False,True,complex,complex,complex,0.0014162775,0.05178695,0.9467968,GB
2692,dormant,False,False,complex,complex,complex,0.0009529554,0.031761583,0.96728545,GB
2693,dormant,False,True,complex,complex,complex,0.0013598675,0.05069457,0.94794554,GB
2694,dormant,False,False,complex,complex,complex,0.0030576973,0.19744018,0.79950213,GB
2695,dormant,False,True,complex,complex,complex,0.00085881853,0.020165995,0.9789752,GB
2696,dormant,False,True,complex,complex,complex,0.001424815,0.020329691,0.97824556,GB
2697,dormant,False,True,intermediate,intermediate,intermediate,0.0048408434,0.63110316,0.36405602,GB
2698,dormant,False,True,complex,complex,complex,0.0020356022,0.029686669,0.9682777,GB
2699,dormant,False,False,intermediate,intermediate,intermediate,0.01724471,0.69500273,0.2877525,GB
2700,dormant,False,True,complex,complex,complex,0.0048937234,0.07797183,0.91713446,GB
2701,dormant,False,False,intermediate,complex,complex,0.0008639446,0.045614514,0.95352155,GB
2702,dormant,False,True,intermediate,intermediate,intermediate,0.005977282,0.85178787,0.14223485,GB
2703,dormant,False,True,intermediate,intermediate,intermediate,0.001887545,0.8753966,0.12271587,GB
2704,dormant,False,False,simple,simple,simple,0.5975413,0.3587349,0.04372387,GB
2705,dormant,False,True,simple,simple,simple,0.49528283,0.41848966,0.08622753,GB
2706,dormant,False,True,intermediate,intermediate,intermediate,0.019906132,0.9625853,0.017508585,GB
2707,dormant,False,True,intermediate,intermediate,intermediate,0.067794174,0.87697595,0.055229876,GB
2708,dormant,False,True,intermediate,intermediate,intermediate,0.027705906,0.91839904,0.053895082,GB
2709,dormant,False,True,simple,simple,simple,0.47570223,0.374231,0.1500668,GB
2710,dormant,False,True,intermediate,intermediate,intermediate,0.009405271,0.828714,0.1618807,GB
2711,dormant,False,True,complex,complex,complex,0.012595995,0.36150953,0.6258945,GB
2712,dormant,False,True,intermediate,intermediate,intermediate,0.012573319,0.8352436,0.15218303,GB
2713,dormant,False,True,intermediate,intermediate,intermediate,0.02680186,0.94811255,0.02508553,GB
2714,dormant,False,True,simple,simple,simple,0.9130663,0.08024431,0.0066893348,GB
2715,dormant,False,True,simple,simple,simple,0.8921463,0.09962523,0.008228431,GB
2716,dormant,False,True,intermediate,intermediate,intermediate,0.094251715,0.85833496,0.047413353,GB
2717,dormant,False,False,intermediate,simple,simple,0.5869156,0.3506242,0.062460203,GB
2718,dormant,False,True,intermediate,intermediate,intermediate,0.06670295,0.9235581,0.009738933,GB
2719,dormant,False,True,intermediate,intermediate,intermediate,0.03666426,0.9459039,0.017431797,GB
2720,dormant,False,True,intermediate,intermediate,intermediate,0.010973107,0.98263484,0.006392044,GB
2721,dormant,False,True,intermediate,intermediate,intermediate,0.007892137,0.972948,0.019159898,GB
2722,dormant,False,True,intermediate,intermediate,intermediate,0.091081455,0.85105115,0.057867374,GB
2723,dormant,False,True,simple,simple,simple,0.61498874,0.35405284,0.030958382,GB
2724,dormant,False,True,intermediate,intermediate,intermediate,0.0074851457,0.9328225,0.059692323,GB
2725,dormant,False,False,intermediate,intermediate,intermediate,0.22379613,0.6417051,0.13449876,GB
2726,dormant,False,True,intermediate,intermediate,intermediate,0.021616774,0.8782071,0.1001761,GB
2727,dormant,False,False,intermediate,intermediate,intermediate,0.012836313,0.9614175,0.025746243,GB
2728,dormant,False,False,intermediate,intermediate,intermediate,0.039696515,0.63910615,0.3211974,GB
2729,dormant,False,True,simple,simple,simple,0.95452946,0.042542834,0.002927762,GB
2730,dormant,False,True,intermediate,intermediate,intermediate,0.026041847,0.8383047,0.13565347,GB
2731,dormant,False,False,intermediate,intermediate,intermediate,0.014196705,0.6676575,0.31814575,GB
2732,dormant,False,True,simple,simple,simple,0.672582,0.30101937,0.026398638,GB
2733,dormant,False,False,intermediate,intermediate,intermediate,0.3356145,0.6354838,0.028901732,GB
2734,dormant,False,True,simple,simple,simple,0.96813196,0.020270923,0.011597104,GB
2735,dormant,False,False,simple,simple,simple,0.7224253,0.26611087,0.011463855,GB
2736,dormant,False,False,simple,intermediate,intermediate,0.2211299,0.72087085,0.05799924,GB
2737,dormant,False,True,simple,simple,simple,0.93660563,0.05946787,0.0039265556,GB
2738,dormant,False,True,simple,simple,simple,0.94785696,0.041519564,0.010623434,GB
2739,dormant,False,False,simple,simple,simple,0.6014299,0.3822378,0.01633235,GB
2740,dormant,False,True,simple,simple,simple,0.8331239,0.14951436,0.01736173,GB
2741,dormant,False,False,simple,simple,simple,0.7299681,0.25502616,0.015005738,GB
2742,dormant,False,True,intermediate,intermediate,intermediate,0.24927588,0.7322668,0.018457338,GB
2743,dormant,False,True,simple,simple,simple,0.9717461,0.024910517,0.003343338,GB
2744,dormant,False,True,simple,simple,simple,0.99399275,0.0038760358,0.002131268,GB
2745,dormant,False,True,simple,simple,simple,0.8621342,0.11205835,0.025807496,GB
2746,dormant,False,True,intermediate,intermediate,intermediate,0.07070385,0.8140075,0.115288645,GB
2747,dormant,False,True,simple,simple,simple,0.991856,0.005907583,0.002236475,GB
2748,dormant,False,False,simple,simple,simple,0.9966259,0.0027222754,0.0006518804,GB
2749,dormant,False,False,intermediate,intermediate,intermediate,0.0051728846,0.65928805,0.33553904,GB
2750,dormant,False,True,simple,simple,simple,0.9280223,0.06818553,0.00379217,GB
2751,dormant,False,True,simple,simple,simple,0.80222297,0.14606367,0.051713336,GB
2752,dormant,False,True,simple,simple,simple,0.8427556,0.1502495,0.006994882,GB
2753,dormant,False,False,simple,simple,simple,0.947992,0.04234707,0.009660913,GB
2754,dormant,False,True,simple,simple,simple,0.9565509,0.037008204,0.0064409003,GB
2755,dormant,False,True,simple,simple,simple,0.9942545,0.005008636,0.00073679246,GB
2756,dormant,False,True,simple,simple,simple,0.97281533,0.022735361,0.004449322,GB
2757,dormant,False,True,simple,simple,simple,0.9958584,0.002355858,0.0017858136,GB
2758,dormant,False,False,simple,simple,simple,0.9644581,0.027159825,0.008382026,GB
2759,dormant,False,False,simple,simple,simple,0.9949032,0.004434253,0.0006625278,GB
2760,dormant,False,True,simple,simple,simple,0.9351407,0.05914903,0.0057102432,GB
2761,dormant,False,True,simple,simple,simple,0.9692332,0.028399764,0.002367038,GB
2762,dormant,False,False,simple,simple,simple,0.9060991,0.09003541,0.0038655228,GB
2763,dormant,False,True,intermediate,intermediate,intermediate,0.15523848,0.83083105,0.01393041,GB
2764,dormant,False,True,complex,complex,complex,0.085822776,0.17132363,0.7428536,GB
2765,dormant,False,True,simple,simple,simple,0.9908964,0.007523525,0.0015800447,GB
2766,dormant,False,True,simple,simple,simple,0.9403706,0.05090438,0.008724993,GB
2767,dormant,False,True,simple,simple,simple,0.9872224,0.009663898,0.0031137231,GB
2768,dormant,False,True,simple,simple,simple,0.9912805,0.0071103903,0.0016091642,GB
2769,dormant,False,True,intermediate,intermediate,intermediate,0.09088064,0.8938545,0.015264865,GB
2770,dormant,False,True,simple,simple,simple,0.9890854,0.0041681402,0.006746468,GB
2771,dormant,False,True,simple,simple,simple,0.990373,0.0034616815,0.0061653024,GB
2772,dormant,False,True,simple,simple,simple,0.7548163,0.21623784,0.028945843,GB
2773,dormant,False,False,intermediate,intermediate,intermediate,0.12586048,0.81732684,0.05681272,GB
2774,dormant,False,True,complex,complex,complex,0.27650538,0.25049347,0.47300118,GB
2775,dormant,False,True,intermediate,intermediate,intermediate,0.035474185,0.93705636,0.027469467,GB
2776,dormant,False,True,simple,simple,simple,0.8614427,0.09044646,0.04811089,GB
2777,dormant,False,True,simple,simple,simple,0.97142,0.018725462,0.009854556,GB
2778,dormant,False,True,intermediate,intermediate,intermediate,0.048000634,0.7469021,0.20509726,GB
2779,dormant,False,True,complex,complex,complex,0.044229086,0.099192254,0.8565786,GB
2780,dormant,False,True,complex,complex,complex,0.075426094,0.20288672,0.72168726,GB
2781,dormant,False,False,intermediate,intermediate,intermediate,0.005066983,0.7079579,0.2869751,GB
2782,dormant,False,True,intermediate,intermediate,intermediate,0.0046986765,0.72886556,0.26643574,GB
2783,dormant,False,True,complex,complex,complex,0.010373976,0.33589765,0.65372837,GB
2784,dormant,False,True,intermediate,intermediate,intermediate,0.042061877,0.8572926,0.100645564,GB
2785,dormant,False,True,complex,complex,complex,0.012359657,0.26090938,0.72673094,GB
2786,dormant,False,True,intermediate,intermediate,intermediate,0.013261259,0.9602152,0.026523493,GB
2787,dormant,False,True,intermediate,intermediate,intermediate,0.005722445,0.9310915,0.06318604,GB
2788,dormant,False,True,intermediate,intermediate,intermediate,0.04525997,0.9471877,0.007552359,GB
2789,dormant,False,True,complex,intermediate,intermediate,0.039538488,0.58564603,0.3748155,GB
2790,dormant,False,True,intermediate,intermediate,intermediate,0.06554021,0.92931587,0.005143949,GB
2791,dormant,False,True,intermediate,intermediate,intermediate,0.027404493,0.9532747,0.019320777,GB
2792,dormant,False,True,intermediate,intermediate,intermediate,0.0065408717,0.95641524,0.037043944,GB
2793,dormant,False,True,intermediate,intermediate,intermediate,0.08663218,0.88245654,0.030911328,GB
2794,dormant,False,True,intermediate,intermediate,intermediate,0.02190607,0.9573053,0.020788569,GB
2795,dormant,False,True,intermediate,intermediate,intermediate,0.022027258,0.8534823,0.12449041,GB
2796,dormant,False,True,simple,simple,simple,0.9159177,0.07346576,0.010616565,GB
2797,dormant,False,False,intermediate,intermediate,intermediate,0.46722662,0.4688631,0.063910306,GB
2798,dormant,False,True,intermediate,intermediate,intermediate,0.039208066,0.9095164,0.051275536,GB
2799,dormant,False,True,complex,complex,complex,0.0051571033,0.3708785,0.6239644,GB
2800,dormant,False,True,intermediate,intermediate,intermediate,0.47201088,0.5220345,0.005954608,GB
2801,dormant,False,True,complex,complex,complex,0.0011362701,0.036502197,0.9623615,GB
2802,dormant,False,True,intermediate,intermediate,intermediate,0.23964934,0.75488955,0.0054611387,GB
2803,dormant,False,True,intermediate,intermediate,intermediate,0.003173224,0.89514756,0.10167922,GB
2804,dormant,False,True,intermediate,intermediate,intermediate,0.016424676,0.9113141,0.07226124,GB
2805,dormant,False,True,simple,simple,simple,0.98888654,0.008123009,0.002990392,GB
2806,dormant,False,True,complex,complex,complex,0.0018279068,0.10347638,0.8946957,GB
2807,dormant,False,True,complex,complex,complex,0.00036342972,0.0065883,0.9930482,GB
2808,dormant,False,True,intermediate,intermediate,intermediate,0.015207751,0.9749399,0.009852371,GB
2809,dormant,False,True,complex,complex,complex,0.0016288314,0.026013471,0.97235775,GB
2810,dormant,False,False,complex,complex,complex,0.00037385695,0.017977946,0.9816482,GB
2811,dormant,False,True,complex,complex,complex,0.00067611947,0.013162635,0.98616123,GB
2812,dormant,False,True,complex,complex,complex,0.0009859672,0.041076366,0.9579376,GB
2813,dormant,False,True,complex,complex,complex,0.00082623697,0.06309912,0.9360747,GB
2814,dormant,False,True,complex,complex,complex,0.0006291939,0.019390548,0.97998023,GB
2815,dormant,False,True,complex,complex,complex,0.0006690071,0.010688307,0.98864263,GB
2816,dormant,False,True,complex,complex,complex,0.0005439601,0.03365648,0.9657996,GB
2817,dormant,False,True,complex,complex,complex,0.00048650437,0.01574226,0.9837712,GB
2818,dormant,False,True,complex,complex,complex,0.00031447344,0.004331949,0.9953536,GB
2819,dormant,False,True,complex,complex,complex,0.0006174649,0.004965484,0.9944171,GB
2820,dormant,False,True,complex,complex,complex,0.0012497831,0.021467363,0.9772828,GB
2821,dormant,False,True,complex,complex,complex,0.00040559794,0.00511231,0.99448216,GB
2822,dormant,False,True,complex,complex,complex,0.0005826266,0.008098244,0.9913191,GB
2823,dormant,False,True,complex,complex,complex,0.0033415332,0.07364257,0.92301595,GB
2824,dormant,False,True,complex,complex,complex,0.0010471316,0.020672513,0.9782803,GB
2825,dormant,False,False,complex,complex,complex,0.00035082942,0.005182901,0.99446625,GB
2826,dormant,False,True,intermediate,intermediate,intermediate,0.023226008,0.7770535,0.19972049,GB
2827,dormant,False,True,complex,complex,complex,0.0015624875,0.087762885,0.9106746,GB
2828,dormant,False,False,intermediate,complex,complex,0.012051643,0.20578952,0.78215885,GB
2829,dormant,False,False,complex,intermediate,intermediate,0.035637245,0.5196764,0.44468635,GB
2830,dormant,False,False,intermediate,intermediate,intermediate,0.065993965,0.59631073,0.33769527,GB
2831,dormant,False,False,intermediate,intermediate,intermediate,0.045694835,0.8090868,0.14521837,GB
2832,dormant,False,True,complex,complex,complex,0.003101793,0.055765186,0.94113296,GB
2833,dormant,False,True,complex,complex,complex,0.002797239,0.0951311,0.90207165,GB
2834,dormant,False,False,intermediate,complex,complex,0.010835671,0.20794582,0.7812185,GB
2835,dormant,False,True,complex,complex,complex,0.010328928,0.11864789,0.8710232,GB
2836,dormant,False,False,intermediate,intermediate,intermediate,0.01616714,0.8231486,0.16068421,GB
2837,dormant,False,False,intermediate,intermediate,intermediate,0.023725886,0.94024116,0.036032908,GB
2838,dormant,True,False,intermediate,simple,,0.4536031,0.270589,0.2758079,GB
2839,dormant,False,True,intermediate,intermediate,intermediate,0.056442816,0.8987441,0.044813074,GB
2840,dormant,False,True,intermediate,intermediate,intermediate,0.0156233,0.9737632,0.010613442,GB
2841,dormant,False,True,intermediate,intermediate,intermediate,0.06666008,0.9100287,0.023311255,GB
2842,dormant,False,True,intermediate,intermediate,intermediate,0.0073178574,0.92352086,0.06916129,GB
2843,dormant,False,True,intermediate,intermediate,intermediate,0.02136244,0.88287914,0.09575842,GB
2844,dormant,False,True,intermediate,intermediate,intermediate,0.012519504,0.9516292,0.03585128,GB
2845,dormant,False,True,complex,complex,complex,0.001339598,0.094629556,0.90403086,GB
2846,dormant,False,True,complex,complex,complex,0.0073418305,0.30426136,0.6883968,GB
2847,dormant,False,False,complex,intermediate,intermediate,0.050221458,0.5430892,0.40668935,GB
2848,dormant,False,True,complex,complex,complex,0.11321913,0.20172505,0.68505585,GB
2849,dormant,False,True,intermediate,intermediate,intermediate,0.22299597,0.75113535,0.025868697,GB
2850,dormant,False,True,complex,complex,complex,0.012785015,0.31097734,0.67623764,GB
2851,dormant,False,True,intermediate,intermediate,intermediate,0.053706754,0.93885976,0.007433419,GB
2852,dormant,False,True,intermediate,intermediate,intermediate,0.15495923,0.83290654,0.012134249,GB
2853,dormant,False,True,intermediate,intermediate,intermediate,0.036669668,0.95747083,0.0058594444,GB
2854,dormant,False,True,complex,complex,complex,0.019398734,0.41889098,0.5617103,GB
2855,dormant,False,True,intermediate,intermediate,intermediate,0.06856788,0.92501205,0.0064200475,GB
2856,dormant,False,True,intermediate,intermediate,intermediate,0.1056002,0.87896293,0.015436868,GB
2857,dormant,False,True,intermediate,intermediate,intermediate,0.19732425,0.79037637,0.012299455,GB
2858,dormant,False,True,intermediate,intermediate,intermediate,0.48584297,0.49671856,0.017438423,GB
2859,dormant,True,False,intermediate,simple,,0.91001236,0.044331424,0.04565618,GB
2860,dormant,False,True,intermediate,intermediate,intermediate,0.057436764,0.8097287,0.1328345,GB
2861,dormant,True,False,simple,simple,,0.87730324,0.065522395,0.057174373,GB
2862,dormant,False,True,intermediate,intermediate,intermediate,0.0041598487,0.8478778,0.14796235,GB
2863,dormant,False,False,simple,simple,simple,0.96513623,0.032268222,0.0025955709,GB
2864,dormant,False,False,intermediate,simple,simple,0.94147646,0.05733885,0.0011847004,GB
2865,dormant,False,False,intermediate,simple,simple,0.93290544,0.058788694,0.0083058635,GB
2866,dormant,False,False,intermediate,simple,simple,0.93335307,0.053819872,0.012827083,GB
2867,dormant,False,True,simple,simple,simple,0.9669083,0.020666715,0.012425001,GB
2868,dormant,False,True,simple,simple,simple,0.98868,0.009334033,0.0019858945,GB
2869,dormant,False,True,simple,simple,simple,0.8139054,0.11064549,0.07544909,GB
2870,dormant,False,True,simple,simple,simple,0.9269511,0.06794236,0.005106554,GB
2871,dormant,False,True,simple,simple,simple,0.9439978,0.052595995,0.0034061593,GB
2872,dormant,False,True,intermediate,intermediate,intermediate,0.32770038,0.6645717,0.0077278996,GB
2873,dormant,False,True,simple,simple,simple,0.95848817,0.036630612,0.0048811757,GB
2874,dormant,False,True,simple,simple,simple,0.9874457,0.0104803,0.0020739725,GB
2875,dormant,False,False,intermediate,intermediate,intermediate,0.46982798,0.50566876,0.02450331,GB
2876,dormant,False,True,intermediate,intermediate,intermediate,0.06698632,0.9252745,0.0077391746,GB
2877,dormant,False,True,simple,simple,simple,0.9900643,0.006094707,0.003840952,GB
2878,dormant,False,True,simple,simple,simple,0.9931189,0.004841522,0.002039644,GB
2879,dormant,False,True,simple,simple,simple,0.9928115,0.003437592,0.0037508549,GB
2880,dormant,False,True,intermediate,intermediate,intermediate,0.28614172,0.6779674,0.03589085,GB
2881,dormant,False,True,intermediate,intermediate,intermediate,0.08518231,0.86925155,0.045566138,GB
2882,dormant,False,True,intermediate,intermediate,intermediate,0.015590699,0.8053882,0.17902112,GB
2883,dormant,False,False,complex,complex,complex,0.0014789728,0.034046926,0.9644741,GB
2884,dormant,True,False,intermediate,simple,,0.6140775,0.20967185,0.17625059,GB
2885,dormant,False,True,intermediate,intermediate,intermediate,0.058362633,0.8996991,0.041938234,GB
2886,dormant,False,True,complex,complex,complex,0.1214167,0.1016846,0.7768987,GB
2887,dormant,False,False,intermediate,simple,simple,0.59759665,0.26138803,0.14101532,GB
2888,dormant,False,True,intermediate,intermediate,intermediate,0.019052507,0.96392494,0.017022587,GB
2889,dormant,False,True,intermediate,intermediate,intermediate,0.102347314,0.8912427,0.006409965,GB
2890,dormant,False,False,intermediate,intermediate,intermediate,0.021977091,0.9358711,0.04215173,GB
2891,dormant,False,False,simple,intermediate,intermediate,0.118097626,0.8650585,0.016843917,GB
2892,dormant,False,True,intermediate,intermediate,intermediate,0.054871924,0.9257378,0.019390274,GB
2893,dormant,False,True,simple,simple,simple,0.83267707,0.13588947,0.031433433,GB
2894,dormant,False,True,intermediate,intermediate,intermediate,0.08960815,0.9027309,0.0076609612,GB
2895,dormant,False,True,complex,complex,complex,0.07058831,0.16333252,0.7660791,GB
2896,dormant,True,False,intermediate,complex,,0.025990445,0.34032923,0.63368034,GB
2897,dormant,True,False,intermediate,simple,,0.5545312,0.14113943,0.3043294,GB
2898,dormant,False,True,complex,complex,complex,0.0036757533,0.055953134,0.94037116,GB
2899,dormant,False,True,intermediate,intermediate,intermediate,0.02275201,0.96934885,0.007899223,GB
2900,dormant,False,True,intermediate,intermediate,intermediate,0.062686585,0.9316634,0.005649994,GB
2901,dormant,False,True,complex,complex,complex,0.0018718939,0.018529275,0.97959876,GB
2902,dormant,False,True,intermediate,intermediate,intermediate,0.05621582,0.9037086,0.040075637,GE
2903,dormant,False,True,complex,complex,complex,0.019818643,0.117623836,0.8625575,GF
2904,dormant,False,True,complex,complex,complex,0.009294091,0.08868128,0.9020246,GH
2905,dormant,False,True,complex,complex,complex,0.014363321,0.059954226,0.9256825,GH
2906,dormant,False,True,complex,complex,complex,0.01015876,0.05336973,0.93647146,GN
2907,dormant,False,False,complex,complex,complex,0.036388773,0.22053842,0.74307287,GN
2908,dormant,False,True,complex,complex,complex,0.003807024,0.01175935,0.98443365,GN
2909,dormant,False,True,complex,complex,complex,0.0029315352,0.047507215,0.94956124,GN
2910,dormant,False,True,complex,complex,complex,0.0010291877,0.015099576,0.9838712,GN
2911,dormant,False,True,complex,complex,complex,0.0038333312,0.0073781274,0.98878855,GN
2912,dormant,False,True,complex,complex,complex,0.15358587,0.057576824,0.7888373,GR
2913,dormant,False,True,complex,complex,complex,0.010421854,0.03975033,0.94982785,GY
2914,dormant,False,True,complex,complex,complex,0.007339357,0.027594602,0.9650661,GY
2915,dormant,False,False,complex,complex,complex,0.02857569,0.14920421,0.82222015,GY
2916,dormant,False,False,intermediate,complex,complex,0.17741713,0.030936226,0.7916466,HN
2917,dormant,False,False,complex,complex,complex,0.026867867,0.08765458,0.88547754,HN
2918,dormant,False,False,complex,complex,complex,0.3195636,0.1110583,0.5693781,HN
2919,dormant,False,True,complex,complex,complex,0.056309577,0.052140005,0.8915504,HN
2920,dormant,False,True,complex,complex,complex,0.003022661,0.017669773,0.9793076,HU
2921,dormant,False,True,complex,complex,complex,0.006645534,0.046891306,0.94646317,HU
2922,dormant,False,True,complex,complex,complex,0.075028606,0.033912398,0.89105904,ID
2923,dormant,False,True,complex,complex,complex,0.028765762,0.022761695,0.94847256,ID
2924,dormant,False,True,complex,complex,complex,0.030357752,0.021917772,0.94772446,ID
2925,dormant,False,True,complex,complex,complex,0.04202532,0.11695139,0.84102327,ID
2926,dormant,False,True,complex,complex,complex,0.124657825,0.05917082,0.81617135,ID
2927,dormant,False,True,complex,complex,complex,0.090681635,0.06375527,0.84556305,ID
2928,dormant,False,True,complex,complex,complex,0.033337485,0.08402992,0.88263255,ID
2929,dormant,True,False,intermediate,complex,,0.11250585,0.28206855,0.6054256,ID
2930,dormant,False,False,complex,complex,complex,0.4243958,0.07320908,0.50239515,ID
2931,dormant,False,False,complex,complex,complex,0.074555844,0.29415312,0.63129103,ID
2932,dormant,False,True,complex,complex,complex,0.20485824,0.024777584,0.77036417,ID
2933,dormant,False,True,simple,simple,simple,0.86941904,0.12618218,0.004398755,IE
2934,dormant,False,True,intermediate,intermediate,intermediate,0.025992356,0.9487212,0.025286432,IE
2935,dormant,False,True,intermediate,intermediate,intermediate,0.08169367,0.8953668,0.022939596,IE
2936,dormant,False,True,intermediate,intermediate,intermediate,0.014529135,0.9516802,0.033790667,IE
2937,dormant,False,True,intermediate,intermediate,intermediate,0.0067722974,0.974102,0.019125676,IE
2938,dormant,False,True,intermediate,intermediate,intermediate,0.0043003396,0.99101275,0.0046868925,IE
2939,dormant,False,False,intermediate,intermediate,intermediate,0.035273414,0.8824041,0.082322456,IE
2940,dormant,False,True,intermediate,intermediate,intermediate,0.076819964,0.8630276,0.060152464,IE
2941,dormant,False,True,intermediate,intermediate,intermediate,0.008620819,0.98125434,0.0101248855,IE
2942,dormant,False,True,intermediate,intermediate,intermediate,0.02190787,0.97213686,0.005955301,IE
2943,dormant,False,False,intermediate,intermediate,intermediate,0.011711766,0.98345804,0.004830141,IE
2944,dormant,False,True,intermediate,intermediate,intermediate,0.021797433,0.9569971,0.021205438,IE
2945,dormant,False,False,intermediate,intermediate,intermediate,0.13563405,0.8437582,0.020607742,IE
2946,dormant,False,True,intermediate,intermediate,intermediate,0.043531965,0.95183605,0.0046320125,IE
2947,dormant,False,True,intermediate,intermediate,intermediate,0.008593581,0.96098363,0.03042275,IE
2948,dormant,False,False,intermediate,intermediate,intermediate,0.0072745034,0.9500019,0.042723645,IE
2949,dormant,False,True,intermediate,intermediate,intermediate,0.007228971,0.9440557,0.04871528,IE
2950,dormant,False,True,intermediate,intermediate,intermediate,0.015060135,0.9427022,0.042237718,IE
2951,dormant,False,False,intermediate,intermediate,intermediate,0.38947302,0.56127673,0.049250253,IE
2952,dormant,False,True,intermediate,intermediate,intermediate,0.011311823,0.96552646,0.023161676,IE
2953,dormant,False,False,intermediate,intermediate,intermediate,0.4021603,0.5694346,0.028405119,IE
2954,dormant,False,False,intermediate,intermediate,intermediate,0.033840396,0.95641786,0.009741766,IE
2955,dormant,False,True,intermediate,intermediate,intermediate,0.016202535,0.9759831,0.0078143375,IE
2956,dormant,False,True,intermediate,intermediate,intermediate,0.31459042,0.67520463,0.010204945,IE
2957,dormant,False,True,intermediate,intermediate,intermediate,0.013205755,0.98089117,0.0059030224,IE
2958,dormant,False,True,intermediate,intermediate,intermediate,0.021200825,0.9600897,0.018709525,IE
2959,dormant,False,False,intermediate,intermediate,intermediate,0.11535383,0.8267892,0.057857003,IE
2960,dormant,False,True,intermediate,intermediate,intermediate,0.009454514,0.983285,0.007260432,IE
2961,dormant,False,False,complex,intermediate,intermediate,0.017504025,0.92472017,0.057775885,IE
2962,dormant,False,True,complex,complex,complex,0.024176652,0.28497046,0.6908529,IE
2963,dormant,False,True,intermediate,intermediate,intermediate,0.009949853,0.79845387,0.1915963,IL
2964,dormant,False,False,complex,complex,complex,0.17675276,0.3756894,0.4475579,IL
2965,dormant,False,False,intermediate,intermediate,intermediate,0.01670559,0.8224687,0.16082574,IT
2966,dormant,False,True,intermediate,intermediate,intermediate,0.08339545,0.8449824,0.071622245,IT
2967,dormant,False,True,complex,complex,complex,0.015529824,0.14706098,0.83740914,JM
2968,dormant,False,True,complex,complex,complex,0.022880653,0.22863893,0.74848044,JM
2969,dormant,True,False,simple,complex,,0.036625158,0.20299265,0.76038224,JM
2970,dormant,False,True,complex,complex,complex,0.008429232,0.030241475,0.9613292,LA
2971,dormant,False,True,complex,complex,complex,0.032071047,0.039521124,0.9284078,LA
2972,dormant,False,True,complex,complex,complex,0.03351383,0.060726356,0.9057599,LA
2973,dormant,False,True,complex,complex,complex,0.008637393,0.03595934,0.95540327,LA
2974,dormant,False,True,complex,complex,complex,0.0020510855,0.042412538,0.95553637,LA
2975,dormant,False,True,complex,complex,complex,0.06347252,0.05315803,0.88336945,LK
2976,dormant,False,True,complex,complex,complex,0.002408069,0.11777605,0.8798159,LS
2977,dormant,False,True,intermediate,intermediate,intermediate,0.0043514627,0.97416615,0.021482402,LS
2978,dormant,True,False,complex,complex,,0.012608485,0.26311123,0.72428024,LS
2979,dormant,True,False,intermediate,complex,,0.20771848,0.16566035,0.6266211,LS
2980,dormant,False,True,intermediate,intermediate,intermediate,0.011851766,0.7585622,0.22958602,LS
2981,dormant,False,True,intermediate,intermediate,intermediate,0.03398015,0.8705151,0.09550479,LS
2982,dormant,False,False,complex,intermediate,intermediate,0.063265845,0.626895,0.30983916,LS
2983,dormant,False,True,complex,complex,complex,0.0039590653,0.1474689,0.848572,LS
2984,dormant,False,True,complex,complex,complex,0.008764392,0.13926436,0.85197127,LS
2985,dormant,False,True,intermediate,intermediate,intermediate,0.052562527,0.7587734,0.18866405,LS
2986,dormant,False,True,intermediate,intermediate,intermediate,0.030285833,0.82849157,0.14122263,LS
2987,dormant,False,True,intermediate,intermediate,intermediate,0.00890509,0.7292535,0.26184145,LS
2988,dormant,False,True,complex,complex,complex,0.007787796,0.19995305,0.79225916,LS
2989,dormant,False,True,complex,complex,complex,0.002754426,0.07199987,0.9252457,LS
2990,dormant,False,True,complex,complex,complex,0.061739888,0.08119643,0.8570637,MA
2991,dormant,False,True,complex,complex,complex,0.0020402654,0.014484596,0.9834751,MA
2992,dormant,False,True,complex,complex,complex,0.0057477355,0.0706392,0.92361313,MA
2993,dormant,False,True,complex,complex,complex,0.003333654,0.024503224,0.97216314,MA
2994,dormant,False,True,complex,complex,complex,0.006674568,0.03746642,0.955859,MA
2995,dormant,False,True,complex,complex,complex,0.018673452,0.030202162,0.95112437,MA
2996,dormant,False,False,intermediate,complex,complex,0.11223588,0.42126483,0.46649924,MA
2997,dormant,False,True,complex,complex,complex,0.0019493182,0.012339754,0.9857109,MA
2998,dormant,False,True,complex,complex,complex,0.0070293155,0.031292483,0.96167815,MA
2999,dormant,False,True,complex,complex,complex,0.023953613,0.05827231,0.917774,MM
3000,dormant,False,True,complex,complex,complex,0.004058017,0.012527266,0.9834147,MM
3001,dormant,True,False,complex,complex,,0.014548461,0.33246684,0.65298474,MM
3002,dormant,False,True,complex,complex,complex,0.0066852486,0.112684526,0.88063025,MU
3003,dormant,True,False,complex,intermediate,,0.034324594,0.554434,0.41124144,MU
3004,dormant,False,True,complex,complex,complex,0.051253024,0.06639843,0.8823486,MU
3005,dormant,False,True,complex,complex,complex,0.036028206,0.06743355,0.89653826,MU
3006,dormant,True,False,complex,complex,,0.04682658,0.18011303,0.7730604,MW
3007,dormant,False,True,complex,complex,complex,0.0015393987,0.031557802,0.9669028,MW
3008,dormant,False,True,complex,complex,complex,0.004204714,0.047423776,0.9483715,MW
3009,dormant,False,True,simple,simple,simple,0.89550316,0.019268371,0.08522843,MW
3010,dormant,False,True,complex,complex,complex,0.011409739,0.038517375,0.95007294,MW
3011,dormant,False,True,complex,complex,complex,0.011549781,0.050413728,0.9380365,MW
3012,dormant,False,True,complex,complex,complex,0.0070609185,0.05833525,0.93460387,MW
3013,dormant,False,True,complex,complex,complex,0.02434258,0.10537018,0.87028724,MW
3014,dormant,True,False,complex,complex,,0.0353225,0.3417644,0.62291306,MW
3015,dormant,False,True,complex,complex,complex,0.001129698,0.024433255,0.97443706,MW
3016,dormant,False,True,complex,complex,complex,0.0013408856,0.008669228,0.9899899,MW
3017,dormant,False,True,intermediate,intermediate,intermediate,0.014568452,0.55306184,0.43236968,MW
3018,dormant,False,True,complex,complex,complex,0.008396262,0.028950855,0.96265286,MW
3019,dormant,False,True,complex,complex,complex,0.00416985,0.018726321,0.97710377,MW
3020,dormant,False,False,complex,complex,complex,0.20024222,0.024048587,0.7757092,MW
3021,dormant,False,False,complex,complex,complex,0.021128066,0.08753666,0.8913353,MW
3022,dormant,False,True,complex,complex,complex,0.0054076496,0.017723436,0.9768689,MW
3023,dormant,True,False,complex,complex,,0.014742625,0.29919097,0.6860664,MW
3024,dormant,False,True,complex,complex,complex,0.030160295,0.13398816,0.83585155,MW
3025,dormant,False,False,intermediate,complex,complex,0.0011615593,0.011685797,0.98715264,MW
3026,dormant,False,False,intermediate,complex,complex,0.01485343,0.31529412,0.6698525,MX
3027,dormant,False,True,intermediate,intermediate,intermediate,0.019580297,0.8182786,0.16214107,MX
3028,dormant,False,True,complex,complex,complex,0.0036987623,0.046592854,0.9497084,MX
3029,dormant,False,True,intermediate,intermediate,intermediate,0.028725792,0.8821885,0.08908568,MX
3030,dormant,False,True,complex,complex,complex,0.0076455404,0.11177633,0.8805781,MX
3031,dormant,False,True,intermediate,intermediate,intermediate,0.040346883,0.8649823,0.09467085,MX
3032,dormant,False,True,complex,complex,complex,0.0016317875,0.016686533,0.98168164,MX
3033,dormant,False,False,intermediate,complex,complex,0.0014685735,0.021279404,0.977252,MX
3034,dormant,False,True,complex,complex,complex,0.0065409928,0.09015569,0.9033034,MX
3035,dormant,False,True,complex,complex,complex,0.0053333216,0.20740014,0.78726655,MX
3036,dormant,False,True,complex,complex,complex,0.007405219,0.17721777,0.81537706,MX
3037,dormant,False,False,complex,intermediate,intermediate,0.012730074,0.6494838,0.33778614,MX
3038,dormant,False,True,intermediate,intermediate,intermediate,0.009549722,0.78354925,0.20690103,MX
3039,dormant,False,True,intermediate,intermediate,intermediate,0.014690405,0.8507382,0.13457136,MX
3040,dormant,False,False,intermediate,intermediate,intermediate,0.021349145,0.67307127,0.30557954,MX
3041,dormant,False,True,intermediate,intermediate,intermediate,0.009314254,0.90058744,0.0900983,MX
3042,dormant,False,True,intermediate,intermediate,intermediate,0.037530016,0.8774947,0.08497526,MX
3043,dormant,False,True,complex,complex,complex,0.043900985,0.38921192,0.56688714,MX
3044,dormant,False,True,complex,complex,complex,0.004957169,0.030655187,0.9643876,MX
3045,dormant,False,False,intermediate,complex,complex,0.019730428,0.19111787,0.78915167,MX
3046,dormant,False,True,intermediate,intermediate,intermediate,0.015465149,0.8754079,0.109127045,MX
3047,dormant,False,True,complex,complex,complex,0.009336231,0.2805771,0.71008664,MX
3048,dormant,False,True,complex,complex,complex,0.0038160335,0.07384917,0.9223348,MX
3049,dormant,False,True,complex,complex,complex,0.0022078932,0.009636299,0.98815584,MX
3050,dormant,False,True,complex,complex,complex,0.004465146,0.051602922,0.94393194,MX
3051,dormant,False,True,complex,complex,complex,0.007394334,0.06766793,0.9249377,MX
3052,dormant,False,True,intermediate,intermediate,intermediate,0.0090506,0.59179676,0.39915267,MX
3053,dormant,False,True,complex,complex,complex,0.0043447777,0.05192572,0.9437295,MX
3054,dormant,False,False,complex,intermediate,intermediate,0.052245714,0.8050425,0.14271176,MX
3055,dormant,False,False,complex,intermediate,intermediate,0.05646845,0.82587856,0.11765295,MX
3056,dormant,False,True,complex,complex,complex,0.05772754,0.2868241,0.6554484,MX
3057,dormant,False,True,intermediate,intermediate,intermediate,0.049675528,0.80782527,0.1424992,MX
3058,dormant,False,True,complex,complex,complex,0.044157278,0.15108664,0.8047561,MX
3059,dormant,False,True,intermediate,intermediate,intermediate,0.006676085,0.7223348,0.27098912,MX
3060,dormant,False,True,intermediate,intermediate,intermediate,0.015084633,0.8287668,0.15614854,MX
3061,dormant,False,True,complex,complex,complex,0.0073794113,0.07431681,0.9183038,MX
3062,dormant,False,False,complex,complex,complex,0.003931638,0.0699415,0.92612684,MX
3063,dormant,False,True,complex,complex,complex,0.022012787,0.14452451,0.8334627,MX
3064,dormant,False,True,intermediate,intermediate,intermediate,0.04635,0.88885105,0.06479897,MX
3065,dormant,True,False,simple,complex,,0.0876359,0.059330437,0.8530337,MX
3066,dormant,False,True,complex,complex,complex,0.0320613,0.052097246,0.9158415,MX
3067,dormant,False,False,complex,complex,complex,0.012334086,0.033453837,0.95421207,MY
3068,dormant,False,True,complex,complex,complex,0.12883353,0.11225368,0.75891274,MY
3069,dormant,False,True,complex,complex,complex,0.009599018,0.02956488,0.96083605,MY
3070,dormant,False,True,complex,complex,complex,0.050927967,0.056317285,0.8927548,MY
3071,dormant,False,True,complex,complex,complex,0.01882541,0.05067125,0.93050337,MY
3072,dormant,True,False,complex,complex,,0.30237448,0.2473707,0.4502548,MY
3073,dormant,False,False,complex,complex,complex,0.026427964,0.024188962,0.949383,MY
3074,dormant,False,True,complex,complex,complex,0.016134623,0.1216012,0.8622642,MY
3075,dormant,False,True,complex,complex,complex,0.007356045,0.016929386,0.9757145,MY
3076,dormant,False,False,complex,complex,complex,0.0073064133,0.031719692,0.96097386,MY
3077,dormant,False,True,complex,complex,complex,0.00894894,0.046079926,0.94497114,MY
3078,dormant,False,True,complex,complex,complex,0.002712949,0.031203875,0.9660831,MY
3079,dormant,False,True,complex,complex,complex,0.024500536,0.029286819,0.9462127,MY
3080,dormant,False,False,complex,complex,complex,0.03591432,0.07570824,0.8883774,MY
3081,dormant,False,True,complex,complex,complex,0.024161737,0.19376172,0.78207654,MY
3082,dormant,False,True,intermediate,intermediate,intermediate,0.031121906,0.89302576,0.07585235,MY
3083,dormant,False,True,complex,complex,complex,0.014711653,0.019797122,0.96549124,MY
3084,dormant,False,True,complex,complex,complex,0.0043710973,0.06804227,0.9275866,MZ
3085,dormant,False,True,complex,complex,complex,0.0068311985,0.12137527,0.8717935,MZ
3086,dormant,False,True,complex,complex,complex,0.004889144,0.07679149,0.9183194,MZ
3087,dormant,False,True,complex,complex,complex,0.003008783,0.044195376,0.95279586,NG
3088,dormant,False,True,intermediate,intermediate,intermediate,0.07314771,0.7131175,0.2137348,NI
3089,dormant,False,True,complex,complex,complex,0.042890064,0.17926264,0.7778473,NI
3090,dormant,False,True,complex,complex,complex,0.022703798,0.014018086,0.9632781,NI
3091,dormant,False,False,complex,complex,complex,0.11743523,0.049868807,0.83269596,NI
3092,dormant,False,False,complex,complex,complex,0.028789736,0.019889811,0.95132047,NI
3093,dormant,False,True,complex,complex,complex,0.017071508,0.093952075,0.8889764,NI
3094,dormant,False,True,complex,complex,complex,0.0067677903,0.034233335,0.9589989,NI
3095,dormant,False,True,complex,complex,complex,0.026519772,0.050766073,0.9227141,NI
3096,dormant,False,False,complex,complex,complex,0.07671516,0.040146276,0.88313854,NI
3097,dormant,False,True,complex,complex,complex,0.14437576,0.2391381,0.6164862,NZ
3098,dormant,False,True,intermediate,intermediate,intermediate,0.015253959,0.93716836,0.047577724,NZ
3099,dormant,False,True,complex,complex,complex,0.16160303,0.1855691,0.6528279,NZ
3100,dormant,False,True,complex,complex,complex,0.22826634,0.12789223,0.64384145,NZ
3101,dormant,True,False,intermediate,complex,,0.15111142,0.34713542,0.50175315,NZ
3102,dormant,False,True,intermediate,intermediate,intermediate,0.008415706,0.7678243,0.22375996,NZ
3103,dormant,False,True,intermediate,intermediate,intermediate,0.040768433,0.9034179,0.05581371,NZ
3104,dormant,False,False,intermediate,intermediate,intermediate,0.043621898,0.93698484,0.019393208,NZ
3105,dormant,True,False,simple,intermediate,,0.068021566,0.79378086,0.13819753,NZ
3106,dormant,True,False,intermediate,intermediate,,0.081675485,0.5761063,0.34221822,NZ
3107,dormant,True,False,intermediate,intermediate,,0.31462497,0.4421365,0.24323854,NZ
3108,dormant,False,True,intermediate,intermediate,intermediate,0.036145158,0.8933006,0.07055426,NZ
3109,dormant,False,False,complex,simple,simple,0.5939498,0.3207395,0.08531071,NZ
3110,dormant,False,True,complex,complex,complex,0.015731676,0.24623507,0.7380333,NZ
3111,dormant,True,False,intermediate,complex,,0.060231946,0.3276227,0.6121453,NZ
3112,dormant,True,False,intermediate,complex,,0.21196976,0.0769695,0.7110607,NZ
3113,dormant,False,True,complex,complex,complex,0.03518178,0.25988266,0.7049356,NZ
3114,dormant,False,False,intermediate,simple,simple,0.5414086,0.23741692,0.22117451,NZ
3115,dormant,False,True,intermediate,intermediate,intermediate,0.08667087,0.7652446,0.14808457,NZ
3116,dormant,False,True,complex,complex,complex,0.1267726,0.095000125,0.77822727,PA
3117,dormant,False,True,complex,complex,complex,0.07099367,0.011768427,0.9172379,PA
3118,dormant,False,True,complex,complex,complex,0.15635377,0.03476316,0.80888313,PA
3119,dormant,False,True,complex,complex,complex,0.048187997,0.021374851,0.93043715,PA
3120,dormant,False,False,complex,complex,complex,0.02769806,0.057888765,0.91441315,PA
3121,dormant,False,False,complex,simple,simple,0.51403606,0.089833304,0.39613068,PA
3122,dormant,False,True,complex,complex,complex,0.0764714,0.049893256,0.87363535,PA
3123,dormant,False,True,complex,complex,complex,0.052677326,0.070411496,0.8769112,PA
3124,dormant,False,True,complex,complex,complex,0.04407142,0.05275422,0.9031744,PA
3125,dormant,False,True,complex,complex,complex,0.006893573,0.033762287,0.95934415,PA
3126,dormant,False,True,complex,complex,complex,0.008781128,0.087437116,0.9037818,PR
3127,dormant,False,True,intermediate,intermediate,intermediate,0.016904246,0.79523605,0.18785965,PR
3128,dormant,False,True,intermediate,intermediate,intermediate,0.009631819,0.808456,0.18191218,PR
3129,dormant,False,True,intermediate,intermediate,intermediate,0.009151179,0.89458066,0.09626817,PR
3130,dormant,False,True,complex,complex,complex,0.0047409832,0.05628954,0.9389695,PR
3131,dormant,False,True,complex,complex,complex,0.0086997235,0.09031795,0.9009824,PR
3132,dormant,False,True,intermediate,intermediate,intermediate,0.051830012,0.893109,0.055060957,RU
3133,dormant,False,True,complex,complex,complex,0.088859685,0.3454575,0.56568277,RU
3134,dormant,False,True,complex,complex,complex,0.009508366,0.04769394,0.9427977,SE
3135,dormant,False,True,complex,complex,complex,0.00050075346,0.01796618,0.9815331,SE
3136,dormant,False,True,complex,complex,complex,0.003240042,0.042923383,0.95383656,SE
3137,dormant,False,False,complex,complex,complex,0.00075514487,0.01628264,0.9829622,SE
3138,dormant,False,True,intermediate,intermediate,intermediate,0.11092675,0.83838797,0.050685346,SI
3139,dormant,False,True,intermediate,intermediate,intermediate,0.075177476,0.8994138,0.025408737,SI
3140,dormant,True,False,intermediate,intermediate,,0.09119767,0.5331188,0.37568355,SI
3141,dormant,True,False,intermediate,complex,,0.13760008,0.2580379,0.6043621,SI
3142,dormant,False,True,intermediate,intermediate,intermediate,0.026114652,0.8326197,0.14126565,SI
3143,dormant,False,True,intermediate,intermediate,intermediate,0.18097347,0.79532117,0.023705382,SI
3144,dormant,False,True,complex,complex,complex,0.014551661,0.10644559,0.87900275,SZ
3145,dormant,False,True,complex,complex,complex,0.0008156204,0.011180316,0.9880041,SZ
3146,dormant,False,True,complex,complex,complex,0.0056002815,0.10394631,0.8904534,SZ
3147,dormant,False,True,intermediate,intermediate,intermediate,0.0032357466,0.6159636,0.38080066,SZ
3148,dormant,False,True,complex,complex,complex,0.0023283418,0.05293059,0.9447411,SZ
3149,dormant,False,True,intermediate,intermediate,intermediate,0.0043034926,0.8878617,0.1078348,SZ
3150,dormant,False,True,intermediate,intermediate,intermediate,0.0068192226,0.8722622,0.12091857,SZ
3151,dormant,False,True,complex,complex,complex,0.018200196,0.22174229,0.7600575,SZ
3152,dormant,False,True,intermediate,intermediate,intermediate,0.010475456,0.8438759,0.14564872,SZ
3153,dormant,False,True,intermediate,intermediate,intermediate,0.0073741577,0.8590823,0.13354358,SZ
3154,dormant,False,True,complex,complex,complex,0.0070980266,0.112889014,0.8800129,SZ
3155,dormant,False,True,intermediate,intermediate,intermediate,0.009429301,0.89421743,0.09635333,SZ
3156,dormant,False,True,intermediate,intermediate,intermediate,0.051417314,0.72023094,0.2283518,SZ
3157,dormant,False,True,complex,complex,complex,0.0044071097,0.15971372,0.8358792,SZ
3158,dormant,False,True,complex,complex,complex,0.003790822,0.042510122,0.95369905,TH
3159,dormant,False,True,complex,complex,complex,0.0030757475,0.01750054,0.97942364,TH
3160,dormant,False,False,complex,complex,complex,0.002837803,0.042869486,0.9542927,TH
3161,dormant,False,False,complex,complex,complex,0.005501188,0.041406225,0.9530926,TH
3162,dormant,False,True,complex,complex,complex,0.0063940636,0.038776137,0.9548299,TH
3163,dormant,False,True,complex,complex,complex,0.0015878706,0.01917273,0.97923934,TH
3164,dormant,False,True,complex,complex,complex,0.0012258309,0.021199707,0.9775745,TH
3165,dormant,False,True,complex,complex,complex,0.009780576,0.082972705,0.9072467,TH
3166,dormant,False,True,complex,complex,complex,0.039999086,0.18329215,0.7767088,TH
3167,dormant,False,True,complex,complex,complex,0.082119316,0.11540262,0.8024781,TH
3168,dormant,False,True,complex,complex,complex,0.0076641357,0.13600093,0.8563349,TH
3169,dormant,False,True,complex,complex,complex,0.0030864119,0.022596765,0.97431684,TH
3170,dormant,False,False,complex,complex,complex,0.0075431922,0.081272386,0.91118443,TH
3171,dormant,False,True,intermediate,intermediate,intermediate,0.020840043,0.6175593,0.36160064,TH
3172,dormant,False,False,complex,intermediate,intermediate,0.041598927,0.5251725,0.43322858,TH
3173,dormant,False,True,complex,complex,complex,0.020287577,0.06422171,0.91549075,TH
3174,dormant,False,True,complex,complex,complex,0.024597174,0.15539259,0.82001024,TH
3175,dormant,False,False,complex,complex,complex,0.0047455034,0.1146714,0.8805831,TH
3176,dormant,False,True,complex,complex,complex,0.061237443,0.042119134,0.89664334,TH
3177,dormant,False,False,complex,complex,complex,0.02737788,0.058995362,0.9136268,TH
3178,dormant,False,True,intermediate,intermediate,intermediate,0.027884882,0.7902581,0.18185703,TR
3179,dormant,True,False,intermediate,complex,,0.0659561,0.19239907,0.7416448,TR
3180,dormant,False,True,complex,complex,complex,0.035886582,0.06166148,0.9024519,TR
3181,dormant,False,True,complex,complex,complex,0.021202885,0.052190427,0.92660666,TT
3182,dormant,False,True,intermediate,intermediate,intermediate,0.003776665,0.82115597,0.17506735,TT
3183,dormant,False,True,complex,complex,complex,0.056566242,0.14958414,0.7938496,TT
3184,dormant,False,True,complex,complex,complex,0.01813444,0.21805951,0.763806,TT
3185,dormant,False,True,complex,complex,complex,0.022607444,0.18471244,0.79268014,TT
3186,dormant,False,True,complex,complex,complex,0.007917029,0.025407974,0.9666749,TZ
3187,dormant,False,True,intermediate,intermediate,intermediate,0.010183328,0.5466026,0.44321403,TZ
3188,dormant,False,True,complex,complex,complex,0.0019183741,0.037006367,0.96107525,TZ
3189,dormant,False,True,complex,complex,complex,0.012039691,0.10987536,0.87808496,TZ
3190,dormant,False,True,complex,complex,complex,0.0073331585,0.08413582,0.90853107,TZ
3191,dormant,False,True,complex,complex,complex,0.012347337,0.12117235,0.8664803,TZ
3192,dormant,False,True,complex,complex,complex,0.017015671,0.10356815,0.8794161,TZ
3193,dormant,False,False,complex,complex,complex,0.034931865,0.08723033,0.8778378,TZ
3194,dormant,False,False,complex,simple,simple,0.6875475,0.2272982,0.08515434,TZ
3195,dormant,False,True,intermediate,intermediate,intermediate,0.047422875,0.69938797,0.2531892,TZ
3196,dormant,True,False,complex,complex,,0.1360048,0.084721185,0.779274,TZ
3197,dormant,False,False,complex,complex,complex,0.22361006,0.06527849,0.7111115,TZ
3198,dormant,False,True,complex,complex,complex,0.026082117,0.04944097,0.92447686,TZ
3199,dormant,False,True,complex,complex,complex,0.041401263,0.04919126,0.90940744,TZ
3200,dormant,False,True,intermediate,intermediate,intermediate,0.011019573,0.88043034,0.108550094,TZ
3201,dormant,False,True,complex,complex,complex,0.010966247,0.025246624,0.9637872,TZ
3202,dormant,False,True,complex,complex,complex,0.0066880975,0.038960967,0.9543509,TZ
3203,dormant,False,True,complex,complex,complex,0.012858042,0.083502054,0.90363985,TZ
3204,dormant,False,True,complex,complex,complex,0.019632332,0.113163054,0.8672046,TZ
3205,dormant,False,True,simple,simple,simple,0.80844766,0.067553885,0.12399844,TZ
3206,dormant,True,False,intermediate,complex,,0.08940522,0.16110437,0.74949044,TZ
3207,dormant,False,True,complex,complex,complex,0.014208247,0.055880364,0.9299114,TZ
3208,dormant,False,True,complex,complex,complex,0.03610157,0.07153031,0.8923681,TZ
3209,dormant,False,True,complex,complex,complex,0.05458294,0.03595799,0.9094591,TZ
3210,dormant,False,True,complex,complex,complex,0.03823322,0.060296156,0.90147066,TZ
3211,dormant,False,True,complex,complex,complex,0.10805236,0.037778206,0.8541695,TZ
3212,dormant,False,True,complex,complex,complex,0.0032393604,0.056308106,0.9404525,TZ
3213,dormant,False,True,intermediate,intermediate,intermediate,0.004727998,0.7933443,0.20192765,TZ
3214,dormant,False,True,complex,complex,complex,0.1873655,0.14838848,0.664246,TZ
3215,dormant,False,True,complex,complex,complex,0.008557435,0.069130376,0.92231214,TZ
3216,dormant,False,True,complex,complex,complex,0.005049547,0.023097659,0.97185284,TZ
3217,dormant,False,True,complex,complex,complex,0.06558349,0.056652166,0.87776434,TZ
3218,dormant,True,False,complex,complex,,0.013037616,0.4855161,0.50144625,TZ
3219,dormant,False,True,complex,complex,complex,0.011597765,0.122680336,0.8657219,TZ
3220,dormant,False,True,complex,complex,complex,0.017544648,0.014872904,0.96758246,TZ
3221,dormant,False,False,complex,complex,complex,0.012532952,0.07011377,0.91735333,TZ
3222,dormant,False,False,complex,complex,complex,0.043545842,0.13939118,0.817063,TZ
3223,dormant,False,True,complex,complex,complex,0.026118284,0.041613396,0.9322683,TZ
3224,dormant,False,True,complex,complex,complex,0.008753091,0.04928961,0.9419573,TZ
3225,dormant,False,True,intermediate,intermediate,intermediate,0.0058531296,0.8483821,0.14576474,US
3226,dormant,False,True,complex,complex,complex,0.004696151,0.24960451,0.74569935,US
3227,dormant,False,True,intermediate,intermediate,intermediate,0.0051391744,0.8837878,0.11107304,US
3228,dormant,False,True,intermediate,intermediate,intermediate,0.004625315,0.915647,0.079727754,US
3229,dormant,False,True,complex,complex,complex,0.0015419852,0.24192294,0.75653505,US
3230,dormant,False,True,complex,complex,complex,0.001743993,0.40948224,0.5887737,US
3231,dormant,False,True,complex,complex,complex,0.002442094,0.30560577,0.6919521,US
3232,dormant,False,True,intermediate,intermediate,intermediate,0.0035871617,0.9035199,0.092892915,US
3233,dormant,False,False,intermediate,complex,complex,0.008084011,0.3459058,0.6460102,US
3234,dormant,False,True,complex,intermediate,intermediate,0.024499554,0.5268041,0.44869635,US
3235,dormant,False,True,intermediate,intermediate,intermediate,0.0089198435,0.89559674,0.095483385,US
3236,dormant,False,True,intermediate,intermediate,intermediate,0.0040584216,0.965018,0.03092357,US
3237,dormant,False,True,intermediate,intermediate,intermediate,0.003949669,0.861753,0.13429731,US
3238,dormant,False,True,intermediate,intermediate,intermediate,0.006761017,0.9540411,0.039197873,US
3239,dormant,False,False,intermediate,intermediate,intermediate,0.0036054468,0.9535902,0.042804327,US
3240,dormant,False,True,intermediate,intermediate,intermediate,0.0011985486,0.9850971,0.013704372,US
3241,dormant,False,True,intermediate,intermediate,intermediate,0.0016179857,0.96920824,0.029173696,US
3242,dormant,False,True,intermediate,intermediate,intermediate,0.0013508864,0.97381943,0.024829717,US
3243,dormant,False,True,complex,complex,complex,0.011100476,0.3175438,0.67135566,US
3244,dormant,False,True,intermediate,intermediate,intermediate,0.005512774,0.933932,0.06055528,US
3245,dormant,False,True,intermediate,intermediate,intermediate,0.0044257496,0.91337174,0.08220252,US
3246,dormant,False,True,intermediate,intermediate,intermediate,0.0049788225,0.9685743,0.026446842,US
3247,dormant,False,False,intermediate,intermediate,intermediate,0.004567228,0.96452266,0.030910116,US
3248,dormant,False,False,intermediate,intermediate,intermediate,0.0020595905,0.98910904,0.008831378,US
3249,dormant,False,True,intermediate,intermediate,intermediate,0.0048606237,0.9418531,0.05328633,US
3250,dormant,False,True,intermediate,intermediate,intermediate,0.0014997881,0.9427863,0.055713914,US
3251,dormant,False,True,intermediate,intermediate,intermediate,0.0007018379,0.9878006,0.01149754,US
3252,dormant,False,True,intermediate,intermediate,intermediate,0.0013813288,0.978921,0.019697728,US
3253,dormant,False,False,intermediate,intermediate,intermediate,0.0008701922,0.9429256,0.05620424,US
3254,dormant,False,True,intermediate,intermediate,intermediate,0.0020944923,0.98375136,0.014154128,US
3255,dormant,False,False,intermediate,intermediate,intermediate,0.0030973293,0.8848143,0.11208831,US
3256,dormant,False,True,intermediate,intermediate,intermediate,0.005873364,0.9690243,0.025102273,US
3257,dormant,False,True,intermediate,intermediate,intermediate,0.0026922063,0.9460331,0.051274702,US
3258,dormant,False,False,intermediate,intermediate,intermediate,0.0013691918,0.91391087,0.084719874,US
3259,dormant,False,True,intermediate,intermediate,intermediate,0.00064023235,0.9897384,0.009621348,US
3260,dormant,False,False,intermediate,intermediate,intermediate,0.0007526469,0.96685386,0.032393478,US
3261,dormant,False,True,intermediate,intermediate,intermediate,0.0010636154,0.96696055,0.03197581,US
3262,dormant,False,True,intermediate,intermediate,intermediate,0.00481113,0.9375534,0.05763553,US
3263,dormant,False,True,intermediate,intermediate,intermediate,0.0015380401,0.98184204,0.016619874,US
3264,dormant,False,True,intermediate,intermediate,intermediate,0.0009321476,0.9878463,0.011221586,US
3265,dormant,False,True,intermediate,intermediate,intermediate,0.0024854976,0.986148,0.011366498,US
3266,dormant,False,True,intermediate,intermediate,intermediate,0.001378766,0.9636595,0.034961715,US
3267,dormant,False,True,intermediate,intermediate,intermediate,0.0009290827,0.9856763,0.013394595,US
3268,dormant,False,True,intermediate,intermediate,intermediate,0.00081296626,0.987927,0.011259988,US
3269,dormant,False,True,intermediate,intermediate,intermediate,0.0005545107,0.99469995,0.004745581,US
3270,dormant,False,False,intermediate,intermediate,intermediate,0.0007699597,0.99069124,0.008538737,US
3271,dormant,False,False,simple,intermediate,intermediate,0.015023551,0.926703,0.05827347,US
3272,dormant,False,True,intermediate,intermediate,intermediate,0.004194051,0.9603704,0.035435554,US
3273,dormant,False,True,intermediate,intermediate,intermediate,0.007001805,0.9183727,0.074625544,US
3274,dormant,False,True,intermediate,intermediate,intermediate,0.0026062187,0.9568502,0.040543616,US
3275,dormant,False,True,intermediate,intermediate,intermediate,0.010467806,0.91439724,0.075134926,US
3276,dormant,False,True,complex,complex,complex,0.008166352,0.46884453,0.5229891,US
3277,dormant,False,False,intermediate,intermediate,intermediate,0.0040617753,0.91923463,0.07670362,US
3278,dormant,False,False,intermediate,intermediate,intermediate,0.011444945,0.89889693,0.08965814,US
3279,dormant,False,True,intermediate,intermediate,intermediate,0.00583344,0.9533966,0.040769957,US
3280,dormant,False,True,intermediate,intermediate,intermediate,0.0025866167,0.9486316,0.048781715,US
3281,dormant,False,True,intermediate,intermediate,intermediate,0.0038645414,0.9061075,0.090027936,US
3282,dormant,False,True,complex,complex,complex,0.0052260086,0.017641759,0.97713226,US
3283,dormant,False,True,complex,complex,complex,0.00342222,0.18393807,0.81263965,US
3284,dormant,False,True,intermediate,intermediate,intermediate,0.0038022546,0.92774737,0.06845044,US
3285,dormant,False,True,intermediate,intermediate,intermediate,0.0024756487,0.9482256,0.049298674,US
3286,dormant,False,True,complex,complex,complex,0.0012322306,0.055087324,0.94368047,US
3287,dormant,False,True,complex,complex,complex,0.0063173384,0.052889217,0.9407934,US
3288,dormant,False,False,complex,complex,complex,0.0024666043,0.1291156,0.86841786,US
3289,dormant,False,True,complex,complex,complex,0.0022931707,0.06532961,0.9323772,US
3290,dormant,False,True,complex,complex,complex,0.0017453638,0.04258749,0.95566714,US
3291,dormant,False,False,intermediate,complex,complex,0.003676254,0.04668733,0.94963646,US
3292,dormant,False,True,intermediate,intermediate,intermediate,0.012988052,0.86020875,0.12680313,US
3293,dormant,False,True,intermediate,intermediate,intermediate,0.0035352532,0.79680777,0.19965698,US
3294,dormant,False,True,complex,complex,complex,0.00991316,0.24946086,0.740626,US
3295,dormant,False,True,complex,complex,complex,0.0040950896,0.22914535,0.7667596,US
3296,dormant,False,True,intermediate,intermediate,intermediate,0.009242533,0.7546874,0.23607002,US
3297,dormant,False,True,intermediate,intermediate,intermediate,0.002974401,0.960328,0.03669764,US
3298,dormant,False,True,intermediate,intermediate,intermediate,0.008654155,0.96825814,0.023087729,US
3299,dormant,False,True,intermediate,intermediate,intermediate,0.022326335,0.8257988,0.15187483,US
3300,dormant,False,True,intermediate,intermediate,intermediate,0.020748962,0.8874476,0.09180349,US
3301,dormant,False,False,intermediate,intermediate,intermediate,0.011770266,0.9426132,0.045616563,US
3302,dormant,False,False,intermediate,intermediate,intermediate,0.0058112144,0.96224076,0.031948026,US
3303,dormant,False,True,intermediate,intermediate,intermediate,0.009081441,0.97726965,0.01364891,US
3304,dormant,False,True,intermediate,intermediate,intermediate,0.011094547,0.95482314,0.034082286,US
3305,dormant,False,True,complex,intermediate,intermediate,0.05311809,0.7004741,0.24640785,US
3306,dormant,False,False,intermediate,intermediate,intermediate,0.0025558507,0.986578,0.010866193,US
3307,dormant,False,True,intermediate,intermediate,intermediate,0.008477777,0.9492193,0.042302907,US
3308,dormant,False,True,intermediate,intermediate,intermediate,0.014065205,0.945,0.040934756,US
3309,dormant,False,True,intermediate,intermediate,intermediate,0.027932657,0.94574255,0.02632481,US
3310,dormant,False,True,intermediate,intermediate,intermediate,0.024952386,0.9312158,0.043831762,US
3311,dormant,False,True,intermediate,intermediate,intermediate,0.017752074,0.96384776,0.018400146,US
3312,dormant,False,True,intermediate,intermediate,intermediate,0.020404648,0.9621165,0.017478826,US
3313,dormant,False,False,simple,intermediate,intermediate,0.0069398526,0.8938942,0.099165924,US
3314,dormant,False,True,simple,simple,simple,0.6260528,0.31825224,0.055694953,US
3315,dormant,False,False,intermediate,intermediate,intermediate,0.038959064,0.8757918,0.08524917,US
3316,dormant,False,True,intermediate,intermediate,intermediate,0.002036638,0.99079216,0.007171188,US
3317,dormant,False,True,intermediate,intermediate,intermediate,0.006035663,0.9798503,0.014114096,US
3318,dormant,False,True,intermediate,intermediate,intermediate,0.014751212,0.946624,0.03862476,US
3319,dormant,False,True,intermediate,intermediate,intermediate,0.0045635686,0.9861653,0.009271151,US
3320,dormant,False,True,intermediate,intermediate,intermediate,0.018200781,0.9522613,0.02953788,US
3321,dormant,False,True,intermediate,intermediate,intermediate,0.004595623,0.9615396,0.03386482,US
3322,dormant,False,True,intermediate,intermediate,intermediate,0.0049183215,0.9682423,0.026839375,US
3323,dormant,False,True,intermediate,intermediate,intermediate,0.004597368,0.9900727,0.005329857,US
3324,dormant,False,True,intermediate,intermediate,intermediate,0.0021610535,0.985299,0.01253992,US
3325,dormant,False,True,intermediate,intermediate,intermediate,0.0035047599,0.9920224,0.004472879,US
3326,dormant,False,True,intermediate,intermediate,intermediate,0.004747688,0.9870226,0.008229719,US
3327,dormant,False,False,intermediate,intermediate,intermediate,0.0017366213,0.9902395,0.008023831,US
3328,dormant,False,True,intermediate,intermediate,intermediate,0.0021151088,0.99363685,0.004248068,US
3329,dormant,False,True,complex,complex,complex,0.0030691372,0.29837012,0.6985607,US
3330,dormant,False,True,intermediate,intermediate,intermediate,0.020514494,0.8653639,0.114121675,US
3331,dormant,False,True,intermediate,intermediate,intermediate,0.0804433,0.9127886,0.0067681,US
3332,dormant,False,True,simple,simple,simple,0.50893545,0.46634528,0.024719283,US
3333,dormant,False,True,intermediate,intermediate,intermediate,0.03376448,0.9094966,0.056738924,US
3334,dormant,False,True,intermediate,intermediate,intermediate,0.0031807295,0.97340345,0.023415798,US
3335,dormant,False,True,intermediate,intermediate,intermediate,0.006202552,0.89761126,0.09618618,US
3336,dormant,False,False,intermediate,intermediate,intermediate,0.0032899883,0.7053252,0.29138482,US
3337,dormant,False,True,simple,simple,simple,0.8120952,0.07295295,0.114951864,US
3338,dormant,False,False,intermediate,intermediate,intermediate,0.033728078,0.6335323,0.33273962,US
3339,dormant,False,True,simple,simple,simple,0.8126341,0.15381362,0.033552274,US
3340,dormant,False,True,intermediate,intermediate,intermediate,0.014567404,0.9785728,0.006859801,US
3341,dormant,False,True,intermediate,intermediate,intermediate,0.05525171,0.9396834,0.005064954,US
3342,dormant,False,True,intermediate,intermediate,intermediate,0.0016086312,0.85793144,0.14045995,US
3343,dormant,False,True,intermediate,intermediate,intermediate,0.0009816794,0.9374549,0.061563395,US
3344,dormant,False,True,intermediate,intermediate,intermediate,0.003168412,0.98015654,0.016675059,US
3345,dormant,False,True,intermediate,intermediate,intermediate,0.0042179474,0.94799834,0.047783755,US
3346,dormant,False,True,intermediate,intermediate,intermediate,0.0063003483,0.9720934,0.021606276,US
3347,dormant,False,True,intermediate,intermediate,intermediate,0.017147457,0.9183379,0.064514674,US
3348,dormant,False,True,complex,intermediate,intermediate,0.08666022,0.7893617,0.12397805,US
3349,dormant,False,True,complex,complex,complex,0.010479044,0.45176804,0.53775287,US
3350,dormant,False,False,intermediate,intermediate,intermediate,0.0052333726,0.7691665,0.22560012,US
3351,dormant,False,True,intermediate,intermediate,intermediate,0.0065697315,0.84704196,0.14638832,US
3352,dormant,False,True,intermediate,intermediate,intermediate,0.0024886993,0.9466459,0.05086544,US
3353,dormant,False,True,intermediate,intermediate,intermediate,0.021914292,0.9052061,0.07287967,US
3354,dormant,False,False,intermediate,intermediate,intermediate,0.01470851,0.90807736,0.07721411,US
3355,dormant,False,True,intermediate,intermediate,intermediate,0.0034380993,0.97940147,0.017160458,US
3356,dormant,False,True,intermediate,intermediate,intermediate,0.008478579,0.968649,0.022872426,US
3357,dormant,False,True,intermediate,intermediate,intermediate,0.0022287592,0.9903779,0.007393342,US
3358,dormant,False,True,intermediate,intermediate,intermediate,0.0063299495,0.9506188,0.043051273,US
3359,dormant,False,True,intermediate,intermediate,intermediate,0.0041693007,0.9736419,0.02218886,US
3360,dormant,False,True,complex,complex,complex,0.0071357004,0.3712521,0.6216122,US
3361,dormant,False,True,complex,complex,complex,0.0015977422,0.03854378,0.9598584,US
3362,dormant,False,True,complex,complex,complex,0.0010340859,0.01911663,0.9798493,US
3363,dormant,False,True,complex,complex,complex,0.006828995,0.15670519,0.83646584,US
3364,dormant,False,True,intermediate,intermediate,intermediate,0.0069269487,0.7049338,0.28813925,US
3365,dormant,False,True,intermediate,intermediate,intermediate,0.0023314252,0.9889846,0.008684003,US
3366,dormant,False,True,intermediate,intermediate,intermediate,0.00414108,0.98334944,0.012509422,US
3367,dormant,False,False,complex,complex,complex,0.058535073,0.41231033,0.52915454,US
3368,dormant,False,True,intermediate,intermediate,intermediate,0.008819608,0.9505789,0.040601518,US
3369,dormant,False,True,intermediate,intermediate,intermediate,0.0060561085,0.89020735,0.10373651,US
3370,dormant,False,True,intermediate,intermediate,intermediate,0.0022522046,0.9642192,0.0335286,US
3371,dormant,False,True,intermediate,intermediate,intermediate,0.0021520182,0.98564976,0.012198218,US
3372,dormant,False,True,intermediate,intermediate,intermediate,0.0061297687,0.9898863,0.0039840266,US
3373,dormant,False,True,intermediate,intermediate,intermediate,0.005268873,0.98819643,0.0065346663,US
3374,dormant,False,False,intermediate,intermediate,intermediate,0.0072652115,0.94369525,0.0490395,US
3375,dormant,False,True,intermediate,intermediate,intermediate,0.0066294875,0.95816463,0.035205856,US
3376,dormant,False,True,intermediate,intermediate,intermediate,0.011917535,0.9178155,0.07026694,US
3377,dormant,False,True,intermediate,intermediate,intermediate,0.0062462403,0.969042,0.024711736,US
3378,dormant,False,True,intermediate,intermediate,intermediate,0.005789467,0.9627163,0.031494234,US
3379,dormant,False,True,intermediate,intermediate,intermediate,0.016352858,0.84820676,0.1354404,US
3380,dormant,False,False,intermediate,intermediate,intermediate,0.0019181153,0.9806455,0.017436456,US
3381,dormant,False,True,complex,complex,complex,0.008133812,0.28180274,0.71006346,US
3382,dormant,False,True,intermediate,intermediate,intermediate,0.0056001926,0.9040064,0.09039344,US
3383,dormant,False,True,complex,complex,complex,0.008743452,0.27635753,0.714899,US
3384,dormant,False,True,complex,complex,complex,0.0020223625,0.07220015,0.9257775,US
3385,dormant,False,True,complex,complex,complex,0.014954318,0.16334678,0.8216989,US
3386,dormant,False,True,complex,complex,complex,0.0022387553,0.011480287,0.98628104,US
3387,dormant,False,True,complex,complex,complex,0.0013113613,0.016259747,0.9824289,US
3388,dormant,False,False,complex,complex,complex,0.00063234277,0.01033127,0.9890364,US
3389,dormant,False,True,complex,complex,complex,0.0027919835,0.09328305,0.90392494,US
3390,dormant,False,False,complex,complex,complex,0.0015843409,0.13686706,0.86154866,US
3391,dormant,False,True,complex,complex,complex,0.0037944864,0.14154865,0.8546568,US
3392,dormant,False,True,complex,complex,complex,0.001282369,0.027653312,0.9710643,US
3393,dormant,False,True,intermediate,intermediate,intermediate,0.0012781929,0.85755444,0.14116737,US
3394,dormant,False,True,complex,complex,complex,0.0010533243,0.098155074,0.9007916,US
3395,dormant,False,True,intermediate,intermediate,intermediate,0.0022504833,0.96275437,0.034995142,US
3396,dormant,False,True,complex,complex,complex,0.0022492907,0.060275286,0.93747544,US
3397,dormant,False,False,intermediate,complex,complex,0.0025216346,0.1460966,0.8513817,US
3398,dormant,False,True,intermediate,intermediate,intermediate,0.0030619476,0.7629347,0.23400334,US
3399,dormant,False,True,complex,complex,complex,0.007742572,0.025359271,0.96689814,US
3400,dormant,False,False,intermediate,intermediate,intermediate,0.0022072538,0.74712324,0.2506695,US
3401,dormant,False,True,complex,complex,complex,0.0024129131,0.04654264,0.9510445,US
3402,dormant,False,True,complex,complex,complex,0.0015256411,0.043119516,0.95535487,US
3403,dormant,False,True,intermediate,intermediate,intermediate,0.0016213398,0.8575907,0.14078803,US
3404,dormant,False,True,complex,complex,complex,0.0014102515,0.022389764,0.9761999,US
3405,dormant,False,True,complex,complex,complex,0.004219698,0.088911355,0.906869,US
3406,dormant,False,True,complex,complex,complex,0.0020790927,0.036621444,0.9612995,US
3407,dormant,False,False,complex,complex,complex,0.005733634,0.29807284,0.6961936,US
3408,dormant,False,True,complex,complex,complex,0.0052423337,0.14128526,0.8534724,US
3409,dormant,False,True,intermediate,intermediate,intermediate,0.018676536,0.6071288,0.3741947,US
3410,dormant,False,True,complex,complex,complex,0.005136436,0.212627,0.7822366,US
3411,dormant,False,True,intermediate,intermediate,intermediate,0.003665578,0.82418513,0.17214932,US
3412,dormant,False,False,complex,complex,complex,0.0020149886,0.02892723,0.9690578,US
3413,dormant,False,False,complex,complex,complex,0.019603193,0.280974,0.69942284,US
3414,dormant,False,True,complex,complex,complex,0.015137428,0.05322198,0.93164057,US
3415,dormant,False,True,complex,complex,complex,0.0019185424,0.025689479,0.972392,US
3416,dormant,False,True,complex,complex,complex,0.004342581,0.12067655,0.87498087,US
3417,dormant,False,True,intermediate,intermediate,intermediate,0.015082789,0.684497,0.3004202,US
3418,dormant,False,True,complex,complex,complex,0.00845328,0.075360544,0.91618615,US
3419,dormant,False,True,intermediate,intermediate,intermediate,0.0148554575,0.8274816,0.15766291,US
3420,dormant,False,False,complex,complex,complex,0.0049068606,0.042617578,0.9524756,US
3421,dormant,False,True,complex,complex,complex,0.0061045573,0.023873115,0.9700224,US
3422,dormant,False,False,complex,complex,complex,0.002989933,0.0366562,0.9603538,US
3423,dormant,False,True,complex,complex,complex,0.026442543,0.08087426,0.89268315,US
3424,dormant,False,True,complex,complex,complex,0.0014775523,0.008596615,0.98992586,US
3425,dormant,False,True,complex,complex,complex,0.007337931,0.011593907,0.9810682,US
3426,dormant,False,True,complex,complex,complex,0.0016911029,0.012012439,0.9862964,US
3427,dormant,False,True,complex,complex,complex,0.006161198,0.061713487,0.93212533,US
3428,dormant,False,True,complex,complex,complex,0.013412787,0.044185575,0.9424016,US
3429,dormant,False,False,complex,complex,complex,0.0038396893,0.03373261,0.9624277,US
3430,dormant,False,False,intermediate,intermediate,intermediate,0.016191065,0.5174974,0.4663115,US
3431,dormant,False,True,complex,complex,complex,0.013318414,0.2081763,0.7785053,US
3432,dormant,False,True,intermediate,intermediate,intermediate,0.023944683,0.8004361,0.1756192,US
3433,dormant,False,True,complex,complex,complex,0.0047509633,0.062390454,0.93285865,US
3434,dormant,False,True,complex,complex,complex,0.0050372817,0.047502436,0.9474603,US
3435,dormant,False,True,complex,complex,complex,0.009877507,0.14513041,0.84499204,US
3436,dormant,False,True,complex,complex,complex,0.020045027,0.10535655,0.87459844,US
3437,dormant,False,True,complex,complex,complex,0.0098129455,0.10410159,0.88608545,US
3438,dormant,False,True,complex,complex,complex,0.010516685,0.17658082,0.81290257,US
3439,dormant,False,True,complex,complex,complex,0.012924932,0.061100647,0.9259744,US
3440,dormant,False,True,intermediate,intermediate,intermediate,0.018150007,0.69669247,0.28515753,US
3441,dormant,False,True,complex,complex,complex,0.04379637,0.14472756,0.81147605,US
3442,dormant,False,False,complex,complex,complex,0.12476852,0.062030677,0.81320083,US
3443,dormant,False,True,intermediate,intermediate,intermediate,0.007831837,0.8584762,0.13369194,US
3444,dormant,False,True,intermediate,intermediate,intermediate,0.012421748,0.88013774,0.107440494,US
3445,dormant,False,True,intermediate,intermediate,intermediate,0.0067229853,0.8798095,0.11346751,US
3446,dormant,False,True,intermediate,intermediate,intermediate,0.058382485,0.906083,0.035534497,US
3447,dormant,False,False,intermediate,complex,complex,0.036767416,0.19970787,0.7635247,US
3448,dormant,False,True,intermediate,intermediate,intermediate,0.052637335,0.9351374,0.012225266,US
3449,dormant,False,True,simple,simple,simple,0.58524776,0.40009856,0.01465371,US
3450,dormant,False,True,intermediate,intermediate,intermediate,0.035641346,0.94814867,0.01620997,US
3451,dormant,False,True,intermediate,intermediate,intermediate,0.004209086,0.9350733,0.06071763,US
3452,dormant,False,False,simple,intermediate,intermediate,0.034648955,0.94870985,0.016641214,US
3453,dormant,False,True,simple,simple,simple,0.84142387,0.107816,0.05076015,US
3454,dormant,False,True,complex,complex,complex,0.012227856,0.14274275,0.8450294,US
3455,dormant,False,True,complex,complex,complex,0.0072280373,0.03846712,0.9543049,US
3456,dormant,False,True,complex,complex,complex,0.0069009033,0.09514098,0.8979581,US
3457,dormant,False,True,simple,simple,simple,0.6948994,0.2830497,0.022050867,US
3458,dormant,False,True,simple,simple,simple,0.97818595,0.019110339,0.0027037314,US
3459,dormant,False,False,simple,simple,simple,0.9803207,0.01648317,0.0031961033,US
3460,dormant,False,True,simple,simple,simple,0.91817266,0.068990074,0.012837256,US
3461,dormant,True,False,simple,intermediate,,0.31924796,0.53344053,0.14731152,US
3462,dormant,False,True,simple,simple,simple,0.9802501,0.011138595,0.008611339,US
3463,dormant,False,True,simple,simple,simple,0.9215903,0.04354783,0.034861896,US
3464,dormant,False,True,simple,simple,simple,0.99135286,0.005045644,0.0036014966,US
3465,dormant,False,True,intermediate,intermediate,intermediate,0.078262106,0.89389306,0.02784487,US
3466,dormant,False,False,intermediate,intermediate,intermediate,0.026201477,0.9509743,0.022824246,US
3467,dormant,False,True,intermediate,intermediate,intermediate,0.21971868,0.76088417,0.019397123,US
3468,dormant,False,True,simple,simple,simple,0.9800782,0.018454647,0.0014671094,US
3469,dormant,True,False,simple,simple,,0.9563713,0.024127278,0.019501379,US
3470,dormant,True,False,simple,intermediate,,0.1639762,0.5649494,0.27107438,US
3471,dormant,False,True,simple,simple,simple,0.97335446,0.014058439,0.0125870695,US
3472,dormant,True,False,simple,simple,,0.92946786,0.049824446,0.020707717,US
3473,dormant,True,False,intermediate,simple,,0.7718245,0.17512877,0.053046767,US
3474,dormant,False,True,intermediate,intermediate,intermediate,0.1516704,0.84276533,0.005564275,US
3475,dormant,False,True,intermediate,intermediate,intermediate,0.042290803,0.91682184,0.04088738,US
3476,dormant,False,True,intermediate,intermediate,intermediate,0.041000564,0.9361102,0.022889197,US
3477,dormant,False,True,simple,simple,simple,0.9033116,0.067001574,0.029686844,US
3478,dormant,False,False,intermediate,simple,simple,0.5257829,0.46265393,0.0115631595,US
3479,dormant,False,False,simple,simple,simple,0.59312356,0.3175001,0.089376375,US
3480,dormant,False,True,intermediate,intermediate,intermediate,0.031495668,0.9514693,0.01703502,US
3481,dormant,False,True,simple,simple,simple,0.97794956,0.018005146,0.004045305,US
3482,dormant,False,True,simple,simple,simple,0.98424894,0.013235374,0.0025156888,US
3483,dormant,False,True,simple,simple,simple,0.9907136,0.006598071,0.002688253,US
3484,dormant,False,True,intermediate,intermediate,intermediate,0.020238452,0.9663226,0.013438911,US
3485,dormant,False,False,simple,simple,simple,0.93311816,0.063604474,0.00327734,US
3486,dormant,False,True,intermediate,intermediate,intermediate,0.035203982,0.94999963,0.014796425,US
3487,dormant,False,True,simple,simple,simple,0.96142155,0.035759505,0.0028189018,US
3488,dormant,False,True,complex,complex,complex,0.041109413,0.4408104,0.5180802,US
3489,dormant,False,True,intermediate,intermediate,intermediate,0.005950859,0.98020077,0.013848379,US
3490,dormant,False,True,intermediate,intermediate,intermediate,0.038748562,0.8419826,0.119268835,US
3491,dormant,False,True,intermediate,intermediate,intermediate,0.10052428,0.88400096,0.015474758,US
3492,dormant,False,True,complex,complex,complex,0.01085082,0.061692555,0.9274567,US
3493,dormant,True,False,simple,simple,,0.47990808,0.33443567,0.1856562,US
3494,dormant,False,True,intermediate,intermediate,intermediate,0.0037461224,0.8266198,0.16963404,US
3495,dormant,False,False,complex,complex,complex,0.03185771,0.4378634,0.53027886,US
3496,dormant,False,True,intermediate,intermediate,intermediate,0.011848557,0.93917894,0.048972573,US
3497,dormant,False,True,intermediate,intermediate,intermediate,0.0023316483,0.93062466,0.06704371,US
3498,dormant,False,True,intermediate,intermediate,intermediate,0.001718683,0.9504364,0.04784488,US
3499,dormant,False,False,intermediate,intermediate,intermediate,0.0038875146,0.91881156,0.077300884,US
3500,dormant,False,True,intermediate,intermediate,intermediate,0.0027714618,0.8862278,0.11100072,US
3501,dormant,False,True,intermediate,intermediate,intermediate,0.02582114,0.8379065,0.1362724,US
3502,dormant,False,True,intermediate,intermediate,intermediate,0.004920653,0.96927106,0.02580826,US
3503,dormant,False,False,intermediate,intermediate,intermediate,0.0043058307,0.95685,0.038844205,US
3504,dormant,False,True,intermediate,intermediate,intermediate,0.0019810346,0.97410315,0.023915853,US
3505,dormant,False,True,complex,complex,complex,0.0015294788,0.13981035,0.8586602,US
3506,dormant,False,True,intermediate,intermediate,intermediate,0.005933519,0.8816526,0.11241386,US
3507,dormant,False,False,complex,complex,complex,0.0037198951,0.07493006,0.9213501,US
3508,dormant,False,False,complex,complex,complex,0.0011788101,0.062524036,0.9362971,US
3509,dormant,False,True,intermediate,intermediate,intermediate,0.016138053,0.681909,0.30195293,US
3510,dormant,False,True,complex,complex,complex,0.004897544,0.22166981,0.7734327,US
3511,dormant,False,True,intermediate,intermediate,intermediate,0.024634084,0.7178774,0.2574886,US
3512,dormant,False,True,complex,complex,complex,0.010077581,0.20763667,0.78228575,US
3513,dormant,False,True,complex,complex,complex,0.0070583243,0.24735363,0.74558806,US
3514,dormant,False,True,complex,complex,complex,0.0029584777,0.068871625,0.92816985,US
3515,dormant,False,True,intermediate,intermediate,intermediate,0.0056778383,0.8677235,0.12659864,US
3516,dormant,False,True,complex,complex,complex,0.004132508,0.1323664,0.8635011,US
3517,dormant,False,False,intermediate,complex,complex,0.0044724275,0.156244,0.8392835,US
3518,dormant,False,False,intermediate,intermediate,intermediate,0.01788715,0.49571228,0.48640054,US
3519,dormant,False,True,complex,complex,complex,0.0021762347,0.09199474,0.905829,US
3520,dormant,False,True,complex,complex,complex,0.00711077,0.25764742,0.7352418,US
3521,dormant,False,True,complex,complex,complex,0.006760464,0.26101497,0.7322245,US
3522,dormant,False,False,intermediate,intermediate,intermediate,0.0073751938,0.7282471,0.26437768,US
3523,dormant,False,True,intermediate,intermediate,intermediate,0.003934607,0.9472624,0.048803028,US
3524,dormant,False,True,intermediate,intermediate,intermediate,0.043448918,0.8213691,0.135182,US
3525,dormant,False,True,intermediate,intermediate,intermediate,0.0052340124,0.9398478,0.05491814,US
3526,dormant,False,False,intermediate,intermediate,intermediate,0.006472068,0.93367743,0.05985052,US
3527,dormant,False,False,intermediate,intermediate,intermediate,0.021408994,0.6545041,0.32408687,US
3528,dormant,False,False,intermediate,intermediate,intermediate,0.0025820648,0.92698807,0.070429906,US
3529,dormant,False,False,intermediate,intermediate,intermediate,0.010881784,0.9634436,0.025674671,US
3530,dormant,False,True,intermediate,intermediate,intermediate,0.0069275782,0.94722193,0.04585047,US
3531,dormant,False,True,complex,complex,complex,0.0137097025,0.3256757,0.66061455,US
3532,dormant,False,False,intermediate,intermediate,intermediate,0.09091525,0.74115384,0.1679309,US
3533,dormant,False,True,intermediate,intermediate,intermediate,0.0069874167,0.87975305,0.113259494,US
3534,dormant,False,True,complex,complex,complex,0.013022228,0.46118203,0.5257957,US
3535,dormant,False,True,intermediate,intermediate,intermediate,0.0068051284,0.91845244,0.074742496,US
3536,dormant,False,True,intermediate,intermediate,intermediate,0.003482764,0.9746429,0.021874307,US
3537,dormant,False,True,intermediate,intermediate,intermediate,0.022485904,0.87786186,0.09965226,US
3538,dormant,False,True,intermediate,intermediate,intermediate,0.0038930234,0.94894284,0.04716414,US
3539,dormant,False,True,intermediate,intermediate,intermediate,0.059103817,0.85796905,0.082927085,US
3540,dormant,False,True,intermediate,intermediate,intermediate,0.0025741535,0.9712142,0.026211623,US
3541,dormant,False,True,intermediate,intermediate,intermediate,0.008626369,0.8822078,0.1091658,US
3542,dormant,False,True,complex,complex,complex,0.01981503,0.34296662,0.63721836,US
3543,dormant,False,False,complex,intermediate,intermediate,0.01840505,0.8117275,0.16986744,US
3544,dormant,False,True,intermediate,intermediate,intermediate,0.01812904,0.9325416,0.04932941,US
3545,dormant,False,True,intermediate,intermediate,intermediate,0.010230874,0.94829017,0.041478943,US
3546,dormant,False,True,intermediate,intermediate,intermediate,0.010432882,0.9465576,0.04300955,US
3547,dormant,False,True,intermediate,intermediate,intermediate,0.007643972,0.95121205,0.04114399,US
3548,dormant,False,True,intermediate,intermediate,intermediate,0.004205107,0.9755466,0.02024832,US
3549,dormant,False,True,intermediate,intermediate,intermediate,0.0043425183,0.98975426,0.005903254,US
3550,dormant,False,True,intermediate,intermediate,intermediate,0.029862784,0.94070005,0.029437177,US
3551,dormant,False,True,intermediate,intermediate,intermediate,0.0050820457,0.98263884,0.012279086,US
3552,dormant,False,True,intermediate,intermediate,intermediate,0.02552227,0.9389849,0.035492893,US
3553,dormant,False,False,intermediate,intermediate,intermediate,0.0035262483,0.9728636,0.023610152,US
3554,dormant,False,False,intermediate,intermediate,intermediate,0.023694448,0.83826756,0.13803796,US
3555,dormant,False,True,intermediate,intermediate,intermediate,0.020785859,0.89840865,0.08080546,US
3556,dormant,False,False,intermediate,intermediate,intermediate,0.07973189,0.83307606,0.087192,US
3557,dormant,False,True,simple,simple,simple,0.85317826,0.10397335,0.04284844,US
3558,dormant,False,True,intermediate,intermediate,intermediate,0.035034604,0.93341035,0.031555098,US
3559,dormant,False,True,intermediate,intermediate,intermediate,0.051134247,0.90930974,0.039556045,US
3560,dormant,False,True,intermediate,intermediate,intermediate,0.18842615,0.7936626,0.017911261,US
3561,dormant,False,True,intermediate,intermediate,intermediate,0.003282689,0.9784172,0.018300012,US
3562,dormant,False,False,intermediate,intermediate,intermediate,0.016200608,0.9548028,0.02899656,US
3563,dormant,False,True,intermediate,intermediate,intermediate,0.0040751235,0.9535036,0.042421293,US
3564,dormant,False,True,intermediate,intermediate,intermediate,0.04154983,0.9373719,0.021078179,US
3565,dormant,False,False,intermediate,intermediate,intermediate,0.29164606,0.63362724,0.07472671,US
3566,dormant,False,True,intermediate,intermediate,intermediate,0.009587765,0.9540942,0.036318056,US
3567,dormant,False,True,intermediate,intermediate,intermediate,0.14255424,0.76590014,0.091545574,US
3568,dormant,False,False,intermediate,intermediate,intermediate,0.029792815,0.6502926,0.31991458,US
3569,dormant,False,False,intermediate,intermediate,intermediate,0.22793022,0.71461487,0.057454888,US
3570,dormant,False,True,intermediate,intermediate,intermediate,0.14458017,0.8262309,0.029188927,US
3571,dormant,False,False,intermediate,intermediate,intermediate,0.035681672,0.93705165,0.027266689,US
3572,dormant,False,False,intermediate,complex,complex,0.24963692,0.35476083,0.39560226,US
3573,dormant,False,True,intermediate,intermediate,intermediate,0.040806048,0.9366988,0.022495165,US
3574,dormant,False,True,intermediate,intermediate,intermediate,0.07211751,0.835343,0.09253947,US
3575,dormant,False,True,simple,simple,simple,0.83503944,0.15423495,0.010725604,US
3576,dormant,False,False,simple,intermediate,intermediate,0.032136742,0.608189,0.35967425,US
3577,dormant,False,False,intermediate,intermediate,intermediate,0.0056666895,0.81126386,0.18306942,US
3578,dormant,False,True,intermediate,intermediate,intermediate,0.0014043605,0.95627755,0.042318165,US
3579,dormant,False,True,intermediate,intermediate,intermediate,0.004656108,0.9823245,0.013019431,US
3580,dormant,False,True,intermediate,intermediate,intermediate,0.0030843895,0.9216357,0.07527991,US
3581,dormant,False,False,intermediate,intermediate,intermediate,0.014119503,0.9158011,0.07007941,US
3582,dormant,False,False,intermediate,intermediate,intermediate,0.12685795,0.8082937,0.064848304,US
3583,dormant,False,True,intermediate,intermediate,intermediate,0.0752576,0.8560993,0.068643145,US
3584,dormant,False,True,intermediate,intermediate,intermediate,0.045722805,0.93222445,0.02205273,US
3585,dormant,False,True,intermediate,intermediate,intermediate,0.0103707975,0.93374527,0.055883866,US
3586,dormant,False,False,intermediate,intermediate,intermediate,0.0051192334,0.9660538,0.028826997,US
3587,dormant,False,True,intermediate,intermediate,intermediate,0.004201249,0.9854467,0.010352024,US
3588,dormant,False,True,intermediate,intermediate,intermediate,0.03983894,0.93414736,0.026013732,US
3589,dormant,False,True,intermediate,intermediate,intermediate,0.11251243,0.8635736,0.023913976,US
3590,dormant,False,True,intermediate,intermediate,intermediate,0.021221133,0.9405844,0.03819437,US
3591,dormant,False,True,complex,intermediate,intermediate,0.05764953,0.71767455,0.22467594,US
3592,dormant,False,True,simple,intermediate,intermediate,0.23739494,0.7113077,0.05129737,US
3593,dormant,False,False,simple,simple,simple,0.8272993,0.16151117,0.011189495,US
3594,dormant,False,True,simple,simple,simple,0.86473143,0.12564383,0.009624781,US
3595,dormant,False,True,intermediate,intermediate,intermediate,0.057756484,0.8382047,0.10403881,US
3596,dormant,False,False,intermediate,intermediate,intermediate,0.43295616,0.4762208,0.09082313,US
3597,dormant,False,True,intermediate,intermediate,intermediate,0.07719153,0.8992263,0.023582196,US
3598,dormant,False,True,complex,intermediate,intermediate,0.040540334,0.48151243,0.4779473,US
3599,dormant,False,True,intermediate,intermediate,intermediate,0.047142185,0.8164996,0.1363582,US
3600,dormant,False,True,intermediate,intermediate,intermediate,0.014413572,0.9524964,0.033090048,US
3601,dormant,False,True,intermediate,intermediate,intermediate,0.055128336,0.91220075,0.032670926,US
3602,dormant,False,True,intermediate,intermediate,intermediate,0.05959747,0.92980844,0.010594145,US
3603,dormant,False,False,intermediate,intermediate,intermediate,0.11628657,0.8645866,0.019126894,US
3604,dormant,False,True,intermediate,intermediate,intermediate,0.0930912,0.90186954,0.0050392943,US
3605,dormant,False,True,intermediate,intermediate,intermediate,0.058068182,0.9205548,0.02137704,US
3606,dormant,False,True,simple,simple,simple,0.8894725,0.0952923,0.01523521,US
3607,dormant,False,True,intermediate,intermediate,intermediate,0.2802344,0.70079476,0.01897083,US
3608,dormant,False,True,intermediate,intermediate,intermediate,0.012373793,0.9760633,0.011562951,US
3609,dormant,False,True,intermediate,intermediate,intermediate,0.10902095,0.84729666,0.04368236,US
3610,dormant,False,False,intermediate,intermediate,intermediate,0.063477844,0.8877643,0.04875789,US
3611,dormant,False,False,intermediate,intermediate,intermediate,0.18062007,0.70610046,0.11327945,US
3612,dormant,False,True,intermediate,intermediate,intermediate,0.0034404176,0.98025024,0.01630935,US
3613,dormant,False,True,intermediate,intermediate,intermediate,0.010315868,0.97735447,0.012329641,US
3614,dormant,False,False,intermediate,intermediate,intermediate,0.0075425697,0.9371353,0.055322126,US
3615,dormant,False,False,intermediate,intermediate,intermediate,0.0066199563,0.89390343,0.099476576,US
3616,dormant,False,True,complex,complex,complex,0.015153447,0.45585248,0.5289941,US
3617,dormant,False,True,complex,intermediate,intermediate,0.012385655,0.7427457,0.24486862,US
3618,dormant,False,True,intermediate,intermediate,intermediate,0.0051393085,0.94747883,0.047381904,US
3619,dormant,False,False,intermediate,intermediate,intermediate,0.005257076,0.97020346,0.024539428,US
3620,dormant,False,True,intermediate,intermediate,intermediate,0.004666709,0.95514244,0.040190883,US
3621,dormant,False,False,intermediate,intermediate,intermediate,0.009508113,0.94914305,0.04134884,US
3622,dormant,False,True,complex,intermediate,intermediate,0.07663418,0.6360624,0.28730345,US
3623,dormant,False,False,simple,intermediate,intermediate,0.0150987785,0.91439134,0.07050989,US
3624,dormant,False,True,intermediate,intermediate,intermediate,0.0046221893,0.99006385,0.0053139846,US
3625,dormant,False,True,intermediate,intermediate,intermediate,0.0028417225,0.9901556,0.0070026405,US
3626,dormant,False,False,intermediate,intermediate,intermediate,0.0066489563,0.9674461,0.025904981,US
3627,dormant,False,True,intermediate,intermediate,intermediate,0.007992657,0.97996944,0.01203793,US
3628,dormant,False,True,intermediate,intermediate,intermediate,0.009755459,0.98170286,0.008541624,US
3629,dormant,False,True,intermediate,intermediate,intermediate,0.0067974855,0.9693588,0.023843715,US
3630,dormant,False,True,intermediate,intermediate,intermediate,0.012131633,0.96415097,0.023717353,US
3631,dormant,False,True,intermediate,intermediate,intermediate,0.011448404,0.9716171,0.016934438,US
3632,dormant,False,True,complex,complex,complex,0.020848522,0.48474365,0.49440777,US
3633,dormant,False,True,intermediate,intermediate,intermediate,0.00828467,0.9675348,0.024180539,US
3634,dormant,False,False,intermediate,intermediate,intermediate,0.009379221,0.93515074,0.05547,US
3635,dormant,False,True,intermediate,intermediate,intermediate,0.0070241597,0.9432954,0.0496804,US
3636,dormant,False,False,intermediate,intermediate,intermediate,0.0039912867,0.9842477,0.011761105,US
3637,dormant,False,True,intermediate,intermediate,intermediate,0.009395603,0.9780739,0.0125304945,US
3638,dormant,False,True,intermediate,intermediate,intermediate,0.0035832685,0.9908013,0.005615466,US
3639,dormant,False,True,intermediate,intermediate,intermediate,0.0031359054,0.98695415,0.009909927,US
3640,dormant,False,True,intermediate,intermediate,intermediate,0.01140288,0.93827957,0.050317578,US
3641,dormant,False,True,intermediate,intermediate,intermediate,0.003237542,0.9289085,0.0678539,US
3642,dormant,False,True,intermediate,intermediate,intermediate,0.005132614,0.94726044,0.04760696,US
3643,dormant,False,True,intermediate,intermediate,intermediate,0.0069511994,0.92864126,0.06440755,US
3644,dormant,False,False,intermediate,intermediate,intermediate,0.004608367,0.9243199,0.07107176,US
3645,dormant,False,True,complex,complex,complex,0.0035220543,0.39562312,0.6008548,US
3646,dormant,False,False,complex,intermediate,intermediate,0.00829801,0.92790496,0.06379706,US
3647,dormant,False,True,intermediate,intermediate,intermediate,0.003767833,0.92996025,0.06627192,US
3648,dormant,False,True,complex,complex,complex,0.018655904,0.25464168,0.7267024,US
3649,dormant,False,True,intermediate,intermediate,intermediate,0.0045362967,0.93717045,0.05829331,US
3650,dormant,False,True,intermediate,intermediate,intermediate,0.0064046937,0.9094732,0.08412214,US
3651,dormant,False,False,intermediate,intermediate,intermediate,0.007510409,0.66494995,0.32753962,US
3652,dormant,False,True,intermediate,intermediate,intermediate,0.017495818,0.954084,0.028420145,US
3653,dormant,False,True,intermediate,intermediate,intermediate,0.0066739637,0.94279957,0.050526436,US
3654,dormant,False,True,intermediate,intermediate,intermediate,0.040111113,0.86139977,0.09848918,US
3655,dormant,False,True,intermediate,intermediate,intermediate,0.029915778,0.9160564,0.05402776,US
3656,dormant,False,True,intermediate,intermediate,intermediate,0.054731037,0.897133,0.048136014,US
3657,dormant,False,True,intermediate,intermediate,intermediate,0.02090131,0.9491236,0.029975122,US
3658,dormant,False,False,intermediate,intermediate,intermediate,0.016805883,0.96472555,0.018468603,US
3659,dormant,False,True,intermediate,intermediate,intermediate,0.037678573,0.9352354,0.027086016,US
3660,dormant,False,True,intermediate,intermediate,intermediate,0.016931988,0.94875747,0.0343106,US
3661,dormant,False,True,intermediate,intermediate,intermediate,0.06261242,0.92742,0.009967514,US
3662,dormant,False,True,intermediate,intermediate,intermediate,0.010299544,0.98347616,0.006224281,US
3663,dormant,False,True,intermediate,intermediate,intermediate,0.066930756,0.9199674,0.013101779,US
3664,dormant,False,True,intermediate,intermediate,intermediate,0.047920704,0.9389938,0.013085539,US
3665,dormant,False,True,intermediate,intermediate,intermediate,0.008020869,0.9807153,0.011263843,US
3666,dormant,False,True,intermediate,intermediate,intermediate,0.06572593,0.92812634,0.0061477115,US
3667,dormant,False,True,intermediate,intermediate,intermediate,0.04346069,0.9434887,0.0130506065,US
3668,dormant,False,True,intermediate,intermediate,intermediate,0.044430308,0.94699997,0.008569763,US
3669,dormant,False,True,intermediate,intermediate,intermediate,0.044046957,0.9492609,0.00669212,US
3670,dormant,False,False,intermediate,intermediate,intermediate,0.043649584,0.54396504,0.4123854,US
3671,dormant,False,True,intermediate,intermediate,intermediate,0.06469295,0.92374444,0.0115625905,US
3672,dormant,False,True,intermediate,intermediate,intermediate,0.013602263,0.92365986,0.06273785,US
3673,dormant,False,True,simple,simple,simple,0.9060871,0.068913564,0.024999341,US
3674,dormant,False,True,simple,simple,simple,0.97040963,0.026443968,0.003146402,US
3675,dormant,False,True,simple,simple,simple,0.9504169,0.042900246,0.006682842,US
3676,dormant,False,True,intermediate,intermediate,intermediate,0.042323507,0.9349824,0.022694059,US
3677,dormant,False,True,intermediate,intermediate,intermediate,0.030064756,0.94278204,0.027153235,US
3678,dormant,False,True,intermediate,intermediate,intermediate,0.0024133255,0.95335114,0.044235565,US
3679,dormant,False,True,intermediate,intermediate,intermediate,0.023683663,0.8695109,0.10680547,US
3680,dormant,False,True,intermediate,intermediate,intermediate,0.011442487,0.95540124,0.03315625,US
3681,dormant,False,True,intermediate,intermediate,intermediate,0.015456522,0.91848844,0.066055015,US
3682,dormant,False,True,simple,simple,simple,0.7788551,0.19924556,0.021899326,US
3683,dormant,False,True,intermediate,intermediate,intermediate,0.005322366,0.93491095,0.059766687,US
3684,dormant,False,True,intermediate,intermediate,intermediate,0.0021627413,0.9759639,0.021873295,US
3685,dormant,False,False,intermediate,intermediate,intermediate,0.0027560042,0.93898225,0.058261808,US
3686,dormant,False,True,intermediate,intermediate,intermediate,0.03738839,0.9323044,0.030307218,US
3687,dormant,False,True,simple,simple,simple,0.91692835,0.056010187,0.027061502,US
3688,dormant,False,True,simple,simple,simple,0.74990076,0.23491932,0.015179879,US
3689,dormant,False,True,intermediate,intermediate,intermediate,0.23587076,0.7494465,0.014682723,US
3690,dormant,False,False,intermediate,simple,simple,0.6175804,0.35296556,0.029454065,US
3691,dormant,False,True,simple,simple,simple,0.9745009,0.019954016,0.005545066,US
3692,dormant,False,True,intermediate,intermediate,intermediate,0.0020127054,0.9307153,0.067271926,US
3693,dormant,False,True,intermediate,intermediate,intermediate,0.0017110081,0.9118535,0.08643547,US
3694,dormant,False,True,intermediate,intermediate,intermediate,0.05045315,0.92589146,0.023655407,US
3695,dormant,False,False,intermediate,intermediate,intermediate,0.12969717,0.8496189,0.020683927,US
3696,dormant,False,False,intermediate,complex,complex,0.003447015,0.3409393,0.6556137,US
3697,dormant,False,True,intermediate,intermediate,intermediate,0.006395884,0.88124,0.11236415,US
3698,dormant,False,True,complex,complex,complex,0.0022258593,0.14757885,0.8501953,US
3699,dormant,False,True,complex,complex,complex,0.003936071,0.102999896,0.89306396,US
3700,dormant,False,True,complex,complex,complex,0.004451203,0.057672314,0.93787646,US
3701,dormant,False,True,complex,complex,complex,0.0028106568,0.21711104,0.7800783,US
3702,dormant,False,True,intermediate,intermediate,intermediate,0.0072646537,0.85125315,0.14148213,US
3703,dormant,False,True,complex,complex,complex,0.005405915,0.130611,0.8639831,US
3704,dormant,False,True,intermediate,intermediate,intermediate,0.0070827547,0.9171634,0.07575386,US
3705,dormant,False,False,intermediate,intermediate,intermediate,0.007996537,0.5593746,0.43262884,US
3706,dormant,False,False,intermediate,intermediate,intermediate,0.0019014195,0.69730425,0.30079427,US
3707,dormant,False,True,intermediate,intermediate,intermediate,0.0024634048,0.9142623,0.083274305,US
3708,dormant,False,True,complex,complex,complex,0.0016719808,0.122077145,0.87625086,US
3709,dormant,False,False,complex,complex,complex,0.00056346593,0.017155234,0.9822813,US
3710,dormant,False,True,complex,complex,complex,0.0017665597,0.06849789,0.9297356,US
3711,dormant,False,True,complex,complex,complex,0.0006740853,0.016685596,0.9826403,US
3712,dormant,False,True,complex,complex,complex,0.00096884556,0.05250693,0.94652426,US
3713,dormant,False,True,complex,complex,complex,0.013532203,0.14961168,0.8368561,US
3714,dormant,False,True,complex,complex,complex,0.0010744772,0.051888723,0.94703686,US
3715,dormant,False,False,complex,complex,complex,0.0013325879,0.054494277,0.9441731,US
3716,dormant,False,True,intermediate,intermediate,intermediate,0.004675994,0.86992276,0.12540123,US
3717,dormant,False,True,complex,complex,complex,0.033661418,0.18291502,0.78342354,US
3718,dormant,False,True,intermediate,intermediate,intermediate,0.004351582,0.8764087,0.11923971,US
3719,dormant,False,True,complex,complex,complex,0.0032560325,0.20032705,0.7964169,US
3720,dormant,False,True,complex,complex,complex,0.0049449904,0.22380184,0.7712531,US
3721,dormant,False,True,complex,complex,complex,0.0069676233,0.19297974,0.80005264,US
3722,dormant,False,False,complex,complex,complex,0.0035537009,0.27394876,0.7224975,US
3723,dormant,False,True,intermediate,intermediate,intermediate,0.007394292,0.8137237,0.17888205,US
3724,dormant,False,False,intermediate,complex,complex,0.004794318,0.162767,0.8324387,US
3725,dormant,False,True,complex,complex,complex,0.006291735,0.4505856,0.5431227,US
3726,dormant,False,True,intermediate,intermediate,intermediate,0.0040828283,0.8147109,0.18120629,US
3727,dormant,False,True,intermediate,intermediate,intermediate,0.0070881434,0.85596174,0.13695009,US
3728,dormant,False,True,intermediate,intermediate,intermediate,0.007227826,0.8679705,0.124801606,US
3729,dormant,False,True,intermediate,intermediate,intermediate,0.009220221,0.8404436,0.15033622,US
3730,dormant,False,False,intermediate,intermediate,intermediate,0.0021749353,0.5255913,0.47223374,US
3731,dormant,False,False,intermediate,intermediate,intermediate,0.0050680116,0.77191776,0.22301427,US
3732,dormant,False,True,intermediate,intermediate,intermediate,0.0047137574,0.8339418,0.16134442,US
3733,dormant,False,True,intermediate,intermediate,intermediate,0.009558399,0.8719193,0.1185223,US
3734,dormant,False,True,complex,complex,complex,0.00878559,0.26427934,0.726935,US
3735,dormant,False,True,intermediate,intermediate,intermediate,0.014824009,0.9037682,0.08140787,US
3736,dormant,False,False,complex,complex,complex,0.0022274174,0.12680537,0.87096715,US
3737,dormant,False,True,complex,complex,complex,0.0022277827,0.06427471,0.9334975,US
3738,dormant,False,True,intermediate,intermediate,intermediate,0.0075969053,0.7077135,0.2846896,US
3739,dormant,False,True,complex,complex,complex,0.005205361,0.06290809,0.93188655,US
3740,dormant,False,False,complex,complex,complex,0.0034165555,0.10421123,0.8923722,US
3741,dormant,False,False,complex,intermediate,intermediate,0.00899081,0.49729267,0.4937165,US
3742,dormant,False,True,intermediate,intermediate,intermediate,0.026838604,0.8391745,0.13398689,US
3743,dormant,False,True,intermediate,intermediate,intermediate,0.004389286,0.9805846,0.015026168,US
3744,dormant,False,True,intermediate,intermediate,intermediate,0.00301901,0.9756429,0.021338109,US
3745,dormant,False,True,intermediate,intermediate,intermediate,0.0038897593,0.88933784,0.106772356,US
3746,dormant,False,True,intermediate,intermediate,intermediate,0.044497322,0.9395675,0.01593514,US
3747,dormant,False,True,intermediate,intermediate,intermediate,0.020680139,0.9704213,0.008898558,US
3748,dormant,False,True,intermediate,intermediate,intermediate,0.024623714,0.9652635,0.010112768,US
3749,dormant,False,True,intermediate,intermediate,intermediate,0.015335084,0.9515811,0.033083867,US
3750,dormant,False,True,simple,simple,simple,0.59032565,0.37589526,0.03377909,US
3751,dormant,False,True,intermediate,intermediate,intermediate,0.021586822,0.9112128,0.0672003,US
3752,dormant,False,True,simple,intermediate,intermediate,0.17779844,0.7275032,0.09469835,US
3753,dormant,False,True,intermediate,intermediate,intermediate,0.09243855,0.8222008,0.08536068,US
3754,dormant,False,True,intermediate,intermediate,intermediate,0.06539414,0.8966892,0.037916623,US
3755,dormant,False,True,intermediate,intermediate,intermediate,0.016080525,0.9462427,0.03767681,US
3756,dormant,False,False,intermediate,intermediate,intermediate,0.04657687,0.8420367,0.111386456,US
3757,dormant,False,True,intermediate,intermediate,intermediate,0.007148288,0.9225614,0.0702903,US
3758,dormant,False,True,complex,complex,complex,0.018569233,0.171266,0.81016475,US
3759,dormant,False,False,intermediate,complex,complex,0.0118719535,0.18308443,0.80504364,US
3760,dormant,False,True,intermediate,intermediate,intermediate,0.012465966,0.75164884,0.23588519,US
3761,dormant,False,True,intermediate,intermediate,intermediate,0.033065896,0.9054062,0.061527938,US
3762,dormant,False,True,complex,complex,complex,0.0024898641,0.037041586,0.96046853,US
3763,dormant,False,True,intermediate,intermediate,intermediate,0.005377316,0.77246743,0.22215524,US
3764,dormant,False,True,intermediate,intermediate,intermediate,0.01369824,0.68556947,0.3007323,US
3765,dormant,False,True,complex,complex,complex,0.0015645494,0.057165254,0.94127023,US
3766,dormant,False,True,complex,complex,complex,0.0010547754,0.021016972,0.9779283,US
3767,dormant,False,False,complex,complex,complex,0.00094479206,0.027605224,0.97145003,US
3768,dormant,False,True,complex,complex,complex,0.00873788,0.09340722,0.8978549,US
3769,dormant,False,True,complex,complex,complex,0.00155526,0.08118075,0.91726404,US
3770,dormant,False,False,complex,complex,complex,0.023924716,0.35848838,0.6175869,US
3771,dormant,False,False,complex,complex,complex,0.01989123,0.4807859,0.4993228,US
3772,dormant,False,True,complex,complex,complex,0.0016194747,0.04211316,0.9562674,US
3773,dormant,False,True,complex,complex,complex,0.0024368074,0.034895413,0.96266776,US
3774,dormant,False,True,complex,complex,complex,0.0031805553,0.052544333,0.94427514,US
3775,dormant,False,True,complex,complex,complex,0.0024011983,0.025534328,0.97206444,US
3776,dormant,False,False,complex,complex,complex,0.022896353,0.028878324,0.9482253,US
3777,dormant,False,True,complex,complex,complex,0.012310438,0.015288834,0.97240067,US
3778,dormant,False,True,complex,complex,complex,0.005852428,0.0981871,0.89596045,US
3779,dormant,False,True,complex,complex,complex,0.006111671,0.08281321,0.91107506,US
3780,dormant,False,True,complex,complex,complex,0.120331146,0.15574162,0.7239272,US
3781,dormant,False,True,intermediate,intermediate,intermediate,0.0046752677,0.75098777,0.24433692,US
3782,dormant,False,False,complex,complex,complex,0.0047365935,0.37654465,0.61871874,US
3783,dormant,False,False,intermediate,complex,complex,0.012426866,0.48732385,0.50024927,US
3784,dormant,False,False,complex,complex,complex,0.0042339964,0.43853304,0.557233,US
3785,dormant,False,True,intermediate,intermediate,intermediate,0.0038896566,0.803903,0.19220735,US
3786,dormant,False,True,complex,complex,complex,0.0026115072,0.2674252,0.7299633,US
3787,dormant,False,True,intermediate,intermediate,intermediate,0.0030119885,0.64900064,0.34798738,US
3788,dormant,False,True,complex,complex,complex,0.011813775,0.10995448,0.87823176,US
3789,dormant,False,True,complex,complex,complex,0.015477793,0.09207871,0.8924435,US
3790,dormant,False,True,intermediate,intermediate,intermediate,0.019652165,0.9285927,0.051755186,US
3791,dormant,False,False,intermediate,intermediate,intermediate,0.017289557,0.95743525,0.025275264,US
3792,dormant,False,False,intermediate,intermediate,intermediate,0.0069021704,0.9627058,0.030392075,US
3793,dormant,False,True,intermediate,intermediate,intermediate,0.0033503484,0.98724127,0.009408403,US
3794,dormant,False,True,intermediate,intermediate,intermediate,0.0032340966,0.7512125,0.24555339,US
3795,dormant,False,True,complex,complex,complex,0.007497052,0.2632812,0.7292217,US
3796,dormant,False,True,complex,complex,complex,0.0018415584,0.15314908,0.8450093,US
3797,dormant,False,True,intermediate,intermediate,intermediate,0.012287242,0.8345462,0.15316656,US
3798,dormant,False,True,complex,complex,complex,0.036707632,0.16547172,0.7978207,US
3799,dormant,False,True,simple,simple,simple,0.8228488,0.053980727,0.12317045,US
3800,dormant,False,True,complex,complex,complex,0.003118198,0.4461411,0.5507407,US
3801,dormant,False,True,intermediate,intermediate,intermediate,0.011002555,0.9679211,0.02107634,US
3802,dormant,False,True,complex,complex,complex,0.0075435154,0.13032785,0.8621286,US
3803,dormant,False,True,complex,complex,complex,0.0064118705,0.13477542,0.85881275,US
3804,dormant,False,True,complex,complex,complex,0.008757685,0.27877876,0.7124635,US
3805,dormant,False,False,simple,intermediate,intermediate,0.023367582,0.83424556,0.14238687,US
3806,dormant,False,True,simple,simple,simple,0.43458876,0.33419028,0.23122096,US
3807,dormant,False,True,intermediate,intermediate,intermediate,0.010064811,0.9183923,0.07154285,US
3808,dormant,False,True,complex,complex,complex,0.002237833,0.06838378,0.92937833,US
3809,dormant,False,True,complex,complex,complex,0.00439047,0.1600735,0.83553606,US
3810,dormant,False,False,intermediate,intermediate,intermediate,0.014390078,0.65522754,0.33038238,US
3811,dormant,False,True,complex,complex,complex,0.034119435,0.34137517,0.6245054,US
3812,dormant,False,True,complex,intermediate,intermediate,0.022105146,0.5445647,0.4333301,US
3813,dormant,False,True,intermediate,intermediate,intermediate,0.013996087,0.873154,0.11284994,US
3814,dormant,False,True,intermediate,intermediate,intermediate,0.011987892,0.9095328,0.07847938,US
3815,dormant,False,True,complex,intermediate,intermediate,0.009181315,0.54312223,0.44769645,US
3816,dormant,False,True,complex,complex,complex,0.0055216914,0.043713104,0.9507652,US
3817,dormant,False,True,intermediate,intermediate,intermediate,0.02671085,0.74439603,0.22889307,US
3818,dormant,False,True,intermediate,intermediate,intermediate,0.030808615,0.6427996,0.32639173,US
3819,dormant,False,False,complex,complex,complex,0.010094746,0.16221897,0.8276863,US
3820,dormant,False,True,complex,complex,complex,0.012301466,0.2792354,0.70846313,US
3821,dormant,False,True,intermediate,intermediate,intermediate,0.00976924,0.784747,0.20548373,US
3822,dormant,False,True,intermediate,intermediate,intermediate,0.03164322,0.77625334,0.19210342,US
3823,dormant,False,True,complex,complex,complex,0.0036430322,0.1936008,0.80275613,US
3824,dormant,False,True,complex,complex,complex,0.0041134665,0.07639089,0.9194956,US
3825,dormant,False,True,complex,complex,complex,0.016332943,0.21564886,0.7680182,US
3826,dormant,False,True,complex,complex,complex,0.0048653358,0.09730433,0.89783037,US
3827,dormant,False,True,complex,complex,complex,0.0067691836,0.107171044,0.88605976,US
3828,dormant,False,False,complex,intermediate,intermediate,0.027160551,0.6907051,0.28213435,US
3829,dormant,False,True,intermediate,intermediate,intermediate,0.0065038553,0.81020766,0.18328848,US
3830,dormant,False,True,complex,complex,complex,0.0042312783,0.09571692,0.90005183,US
3831,dormant,False,True,complex,complex,complex,0.012922986,0.15310875,0.8339682,US
3832,dormant,False,True,complex,complex,complex,0.0015799825,0.20431307,0.7941069,US
3833,dormant,False,True,complex,complex,complex,0.0021494126,0.22270408,0.77514654,US
3834,dormant,False,False,intermediate,complex,complex,0.0062695183,0.14035276,0.8533777,US
3835,dormant,False,False,complex,complex,complex,0.0069147185,0.09727824,0.8958071,US
3836,dormant,False,True,complex,complex,complex,0.005296646,0.095217995,0.8994854,US
3837,dormant,False,True,complex,complex,complex,0.0047088354,0.22011246,0.77517873,US
3838,dormant,False,True,complex,complex,complex,0.0033124445,0.14970315,0.8469844,US
3839,dormant,False,True,intermediate,intermediate,intermediate,0.007712409,0.7809374,0.21135022,US
3840,dormant,False,False,intermediate,intermediate,intermediate,0.0016475664,0.85484695,0.14350547,US
3841,dormant,False,True,intermediate,intermediate,intermediate,0.0032369308,0.65064526,0.3461178,US
3842,dormant,False,True,complex,complex,complex,0.0016336808,0.07626264,0.9221037,US
3843,dormant,False,True,complex,complex,complex,0.0010113317,0.07944491,0.9195438,US
3844,dormant,False,True,intermediate,intermediate,intermediate,0.0049936413,0.85604775,0.1389586,US
3845,dormant,False,True,complex,complex,complex,0.005526819,0.22940093,0.7650723,US
3846,dormant,False,True,intermediate,intermediate,intermediate,0.002825401,0.8970958,0.10007879,US
3847,dormant,False,False,intermediate,intermediate,intermediate,0.002920293,0.56184685,0.43523285,US
3848,dormant,False,True,complex,complex,complex,0.0017227997,0.057382688,0.9408945,US
3849,dormant,False,True,complex,complex,complex,0.0064056925,0.06794743,0.92564684,US
3850,dormant,False,True,intermediate,intermediate,intermediate,0.002373865,0.72158474,0.27604142,US
3851,dormant,False,True,complex,complex,complex,0.00091539393,0.115084395,0.88400024,US
3852,dormant,False,True,complex,complex,complex,0.0039095385,0.07500152,0.9210889,US
3853,dormant,False,True,complex,complex,complex,0.0018642833,0.022399154,0.97573656,US
3854,dormant,False,True,complex,complex,complex,0.0017052223,0.082263924,0.9160308,US
3855,dormant,False,True,complex,complex,complex,0.00149212,0.009072274,0.98943555,US
3856,dormant,False,True,complex,complex,complex,0.0054975166,0.00467863,0.9898239,US
3857,dormant,False,True,complex,complex,complex,0.015445749,0.08039408,0.90416014,US
3858,dormant,False,True,intermediate,intermediate,intermediate,0.010517505,0.73878473,0.2506978,US
3859,dormant,False,True,complex,complex,complex,0.0008497404,0.05128851,0.9478618,US
3860,dormant,False,True,complex,complex,complex,0.0018235251,0.01807156,0.98010486,US
3861,dormant,False,False,complex,complex,complex,0.0015677885,0.012116739,0.9863154,US
3862,dormant,False,True,complex,complex,complex,0.002886646,0.10023507,0.89687824,US
3863,dormant,False,True,complex,complex,complex,0.011611905,0.181102,0.8072861,US
3864,dormant,False,True,complex,complex,complex,0.0012980966,0.020805225,0.9778967,US
3865,dormant,False,True,complex,complex,complex,0.0008062273,0.009515851,0.9896779,US
3866,dormant,False,True,complex,complex,complex,0.004549403,0.041176498,0.9542742,US
3867,dormant,False,True,complex,complex,complex,0.0039433963,0.097996175,0.8980604,US
3868,dormant,False,False,complex,complex,complex,0.001965118,0.07669895,0.92133594,US
3869,dormant,False,True,complex,complex,complex,0.013051828,0.15743658,0.82951164,US
3870,dormant,False,True,complex,complex,complex,0.0073376093,0.32093623,0.6717261,US
3871,dormant,False,True,intermediate,intermediate,intermediate,0.003906978,0.8396461,0.15644687,US
3872,dormant,False,True,complex,complex,complex,0.0031567041,0.23252395,0.76431936,US
3873,dormant,False,True,intermediate,intermediate,intermediate,0.0059938855,0.7642065,0.22979955,US
3874,dormant,False,False,complex,complex,complex,0.017700523,0.038156282,0.9441432,US
3875,dormant,False,True,complex,complex,complex,0.004912993,0.032078143,0.9630088,US
3876,dormant,False,True,complex,complex,complex,0.014956695,0.12192995,0.86311334,US
3877,dormant,False,False,complex,complex,complex,0.0061033727,0.05162135,0.9422752,US
3878,dormant,False,True,complex,complex,complex,0.05176546,0.07824767,0.86998683,US
3879,dormant,False,False,complex,complex,complex,0.0034916368,0.10095816,0.8955502,US
3880,dormant,False,True,complex,complex,complex,0.004560979,0.105002336,0.89043665,US
3881,dormant,False,True,complex,complex,complex,0.025253393,0.058394507,0.9163521,US
3882,dormant,False,True,complex,complex,complex,0.0049882527,0.035835363,0.9591764,US
3883,dormant,False,True,simple,simple,simple,0.7209969,0.051266756,0.22773632,US
3884,dormant,False,True,complex,complex,complex,0.0038117375,0.024152575,0.9720357,US
3885,dormant,False,True,complex,complex,complex,0.002101773,0.029025234,0.968873,US
3886,dormant,False,True,complex,complex,complex,0.0013383742,0.026542975,0.9721186,US
3887,dormant,False,True,complex,complex,complex,0.0027261206,0.031359762,0.96591413,US
3888,dormant,False,False,complex,complex,complex,0.0060617966,0.22111337,0.7728248,US
3889,dormant,False,True,complex,complex,complex,0.00070207525,0.016653651,0.98264426,US
3890,dormant,False,True,complex,complex,complex,0.00062672293,0.024048483,0.9753248,US
3891,dormant,False,False,intermediate,intermediate,intermediate,0.0015377452,0.9084785,0.08998375,US
3892,dormant,False,True,complex,complex,complex,0.008846109,0.2525957,0.7385582,US
3893,dormant,False,True,intermediate,intermediate,intermediate,0.0021490718,0.83850634,0.15934454,US
3894,dormant,False,False,complex,complex,complex,0.004993171,0.13508134,0.8599255,US
3895,dormant,False,True,complex,complex,complex,0.0027938248,0.057400938,0.93980527,US
3896,dormant,False,True,intermediate,intermediate,intermediate,0.0040514693,0.69557214,0.30037642,US
3897,dormant,False,True,intermediate,intermediate,intermediate,0.0009056816,0.9088601,0.09023422,US
3898,dormant,False,True,complex,complex,complex,0.001746019,0.17505705,0.82319695,US
3899,dormant,False,True,complex,complex,complex,0.0034792435,0.37152058,0.6250002,US
3900,dormant,False,True,complex,complex,complex,0.0030900275,0.024028845,0.9728811,US
3901,dormant,False,True,complex,complex,complex,0.00679066,0.016245443,0.97696394,US
3902,dormant,False,True,complex,complex,complex,0.0013522239,0.014126873,0.98452085,US
3903,dormant,False,True,complex,complex,complex,0.0013266109,0.014925804,0.98374754,US
3904,dormant,False,True,complex,complex,complex,0.00076372543,0.014546239,0.98469007,US
3905,dormant,False,True,complex,complex,complex,0.0024359524,0.19366215,0.8039019,US
3906,dormant,True,False,intermediate,complex,,0.0032569699,0.36157832,0.6351647,US
3907,dormant,True,False,intermediate,complex,,0.004940687,0.31073064,0.6843287,US
3908,dormant,False,True,intermediate,intermediate,intermediate,0.0020802,0.8773799,0.120539926,US
3909,dormant,False,False,complex,intermediate,intermediate,0.00273324,0.80944854,0.1878182,US
3910,dormant,False,True,complex,complex,complex,0.0031189946,0.16646078,0.83042026,US
3911,dormant,False,False,complex,complex,complex,0.011311995,0.2481249,0.7405631,US
3912,dormant,False,True,complex,complex,complex,0.004760795,0.15962389,0.8356153,US
3913,dormant,False,True,intermediate,intermediate,intermediate,0.006200579,0.6519859,0.34181353,US
3914,dormant,False,True,complex,complex,complex,0.008472906,0.108569674,0.88295734,US
3915,dormant,False,True,intermediate,intermediate,intermediate,0.002001377,0.8745221,0.123476535,US
3916,dormant,False,True,intermediate,intermediate,intermediate,0.013791735,0.81192654,0.17428173,US
3917,dormant,False,True,complex,complex,complex,0.008730092,0.40818426,0.5830856,US
3918,dormant,False,True,intermediate,intermediate,intermediate,0.007950563,0.5881692,0.40388018,US
3919,dormant,False,True,intermediate,intermediate,intermediate,0.0007540817,0.96643865,0.032807283,US
3920,dormant,False,True,complex,complex,complex,0.005724487,0.34238344,0.65189207,US
3921,dormant,False,True,intermediate,intermediate,intermediate,0.005986967,0.69628066,0.29773244,US
3922,dormant,False,True,complex,complex,complex,0.0020325878,0.052265033,0.9457024,US
3923,dormant,False,False,complex,intermediate,intermediate,0.0057842513,0.5488542,0.44536155,US
3924,dormant,False,False,complex,complex,complex,0.0026491776,0.100083426,0.89726746,US
3925,dormant,False,True,complex,complex,complex,0.0010565119,0.110205285,0.8887382,US
3926,dormant,False,True,complex,complex,complex,0.001218345,0.36347908,0.63530254,US
3927,dormant,False,True,complex,complex,complex,0.0030418106,0.028510213,0.9684479,US
3928,dormant,False,True,intermediate,intermediate,intermediate,0.007804615,0.6459994,0.34619603,US
3929,dormant,False,False,complex,complex,complex,0.0071281134,0.15022214,0.84264976,US
3930,dormant,False,False,complex,complex,complex,0.008871338,0.22711208,0.76401657,US
3931,dormant,False,True,complex,complex,complex,0.0097040245,0.36643237,0.62386364,US
3932,dormant,False,True,intermediate,intermediate,intermediate,0.0033722443,0.82476014,0.1718676,US
3933,dormant,False,True,complex,intermediate,intermediate,0.022251718,0.5046938,0.47305447,US
3934,dormant,False,True,complex,complex,complex,0.006980131,0.25433883,0.738681,US
3935,dormant,False,True,complex,complex,complex,0.0026243401,0.03891058,0.95846504,US
3936,dormant,False,True,complex,complex,complex,0.008077365,0.074198954,0.91772366,US
3937,dormant,False,True,complex,complex,complex,0.0083986325,0.09925547,0.89234585,US
3938,dormant,False,True,intermediate,intermediate,intermediate,0.005736918,0.7663364,0.22792664,US
3939,dormant,False,True,complex,complex,complex,0.00075475976,0.020227209,0.979018,US
3940,dormant,False,True,complex,complex,complex,0.0027755743,0.090097725,0.9071267,US
3941,dormant,False,True,intermediate,intermediate,intermediate,0.0014535016,0.72404975,0.2744967,US
3942,dormant,False,False,complex,complex,complex,0.002941741,0.23088302,0.76617527,US
3943,dormant,False,True,intermediate,intermediate,intermediate,0.003821594,0.7528284,0.24335004,US
3944,dormant,False,True,complex,complex,complex,0.04752244,0.0326532,0.91982436,US
3945,dormant,False,True,complex,complex,complex,0.03458063,0.061570343,0.903849,US
3946,dormant,False,False,complex,complex,complex,0.082444936,0.19602507,0.72153,US
3947,dormant,False,True,complex,complex,complex,0.002334648,0.029995272,0.9676701,US
3948,dormant,False,True,complex,complex,complex,0.0021841305,0.029999798,0.9678161,US
3949,dormant,False,True,complex,complex,complex,0.0026967756,0.016142486,0.9811607,US
3950,dormant,False,True,complex,complex,complex,0.002904722,0.048080396,0.94901484,US
3951,dormant,False,True,complex,complex,complex,0.0024877486,0.06233539,0.9351769,US
3952,dormant,False,True,intermediate,intermediate,intermediate,0.009032404,0.6401942,0.35077345,US
3953,dormant,False,False,complex,intermediate,intermediate,0.010489525,0.6110163,0.37849417,US
3954,dormant,False,True,complex,complex,complex,0.0051645003,0.07617402,0.91866153,US
3955,dormant,False,False,intermediate,complex,complex,0.0013895197,0.08318679,0.91542375,US
3956,dormant,False,True,complex,complex,complex,0.0034731573,0.02784258,0.96868426,US
3957,dormant,False,True,complex,complex,complex,0.024534274,0.09911316,0.87635255,US
3958,dormant,False,False,intermediate,complex,complex,0.035716485,0.3978074,0.5664761,US
3959,dormant,False,True,complex,complex,complex,0.0052936543,0.0815718,0.9131345,US
3960,dormant,False,False,complex,complex,complex,0.0057543097,0.16783954,0.8264062,US
3961,dormant,False,True,complex,complex,complex,0.0016331295,0.05061096,0.9477559,US
3962,dormant,False,True,complex,complex,complex,0.0036437481,0.056151025,0.9402052,US
3963,dormant,False,True,complex,complex,complex,0.0012178896,0.016407754,0.9823744,US
3964,dormant,False,False,complex,complex,complex,0.011056278,0.17932823,0.8096155,US
3965,dormant,False,False,complex,complex,complex,0.016334571,0.27413684,0.70952857,US
3966,dormant,False,True,complex,complex,complex,0.002999616,0.050209586,0.94679075,US
3967,dormant,False,False,complex,complex,complex,0.003166378,0.08319961,0.913634,US
3968,dormant,False,True,complex,complex,complex,0.0027210312,0.018913371,0.97836554,US
3969,dormant,False,False,complex,complex,complex,0.15905283,0.31195062,0.5289966,US
3970,dormant,False,True,complex,complex,complex,0.013440858,0.08341425,0.90314496,US
3971,dormant,False,True,complex,complex,complex,0.0007822955,0.018971488,0.98024625,US
3972,dormant,False,True,complex,complex,complex,0.0081630945,0.0614962,0.93034077,US
3973,dormant,False,True,complex,complex,complex,0.004614749,0.050236873,0.9451484,US
3974,dormant,False,False,complex,complex,complex,0.0024867028,0.016204083,0.98130924,US
3975,dormant,False,True,complex,complex,complex,0.0019041576,0.036439482,0.96165633,US
3976,dormant,False,True,complex,complex,complex,0.002950922,0.04549219,0.9515569,US
3977,dormant,False,True,complex,complex,complex,0.0032103464,0.031979892,0.9648098,US
3978,dormant,False,True,complex,complex,complex,0.0007618739,0.009882228,0.98935586,US
3979,dormant,False,False,complex,complex,complex,0.0033478823,0.056089543,0.9405626,US
3980,dormant,False,True,complex,complex,complex,0.0010548878,0.009924532,0.98902065,US
3981,dormant,False,True,complex,complex,complex,0.0054123695,0.04397614,0.9506115,US
3982,dormant,False,True,intermediate,intermediate,intermediate,0.052115824,0.93403745,0.013846752,US
3983,dormant,False,True,complex,complex,complex,0.04363961,0.16632198,0.7900384,US
3984,dormant,False,True,complex,complex,complex,0.018994687,0.08262777,0.8983775,US
3985,dormant,True,False,complex,complex,,0.0019415036,0.36468944,0.633369,UY
3986,dormant,False,True,intermediate,intermediate,intermediate,0.009660855,0.8896501,0.100688994,UY
3987,dormant,False,True,complex,complex,complex,0.02585134,0.04310406,0.93104464,VE
3988,dormant,True,False,complex,complex,,0.029855397,0.1296427,0.8405019,VE
3989,dormant,True,False,intermediate,complex,,0.020607226,0.1322645,0.8471283,VE
3990,dormant,False,False,complex,complex,complex,0.020416792,0.024324518,0.95525867,VE
3991,dormant,False,True,complex,complex,complex,0.007698707,0.06588286,0.9264185,VE
3992,dormant,False,False,complex,complex,complex,0.045359414,0.23338285,0.72125775,VN
3993,dormant,False,False,complex,complex,complex,0.0016986931,0.08912698,0.9091743,ZA
3994,dormant,False,True,complex,complex,complex,0.0024323848,0.06013016,0.93743753,ZA
3995,dormant,False,True,complex,complex,complex,0.010642755,0.08260735,0.9067499,ZA
3996,dormant,False,False,complex,complex,complex,0.002573967,0.070228145,0.92719793,ZA
3997,dormant,False,True,complex,complex,complex,0.006859506,0.020436896,0.9727035,ZA
3998,dormant,False,False,complex,complex,complex,0.009715951,0.13377783,0.85650617,ZA
3999,dormant,False,True,complex,complex,complex,0.011914446,0.14319937,0.8448862,ZA
4000,dormant,False,False,complex,complex,complex,0.005154809,0.1338849,0.86096025,ZA
4001,dormant,False,True,complex,complex,complex,0.0021000602,0.05271444,0.9451855,ZA
4002,dormant,False,True,complex,complex,complex,0.0047328877,0.034021907,0.9612452,ZA
4003,dormant,False,True,complex,complex,complex,0.009981369,0.020639641,0.96937895,ZA
4004,dormant,False,True,complex,complex,complex,0.0026355912,0.05790796,0.93945646,ZA
4005,dormant,True,False,simple,complex,,0.19394895,0.3361154,0.46993566,ZA
4006,dormant,False,True,complex,complex,complex,0.009787208,0.14776297,0.8424498,ZA
4007,dormant,False,False,intermediate,intermediate,intermediate,0.04343272,0.586177,0.37039027,ZA
4008,dormant,False,True,complex,complex,complex,0.0048897723,0.10474507,0.8903651,ZA
4009,dormant,False,True,intermediate,intermediate,intermediate,0.007878636,0.7911151,0.20100626,ZA
4010,dormant,True,False,simple,complex,,0.09116503,0.44250983,0.4663252,ZA
4011,dormant,False,True,complex,complex,complex,0.003242774,0.05542237,0.9413349,ZA
4012,dormant,False,True,complex,complex,complex,0.009616559,0.07244895,0.91793454,ZA
4013,dormant,False,True,intermediate,intermediate,intermediate,0.04776086,0.8655499,0.08668915,ZA
4014,dormant,False,True,intermediate,intermediate,intermediate,0.02944143,0.7791299,0.19142866,ZA
4015,dormant,False,True,complex,complex,complex,0.006772549,0.06250706,0.9307204,ZA
4016,dormant,False,True,intermediate,intermediate,intermediate,0.0052808267,0.7156538,0.27906543,ZA
4017,dormant,False,False,complex,intermediate,intermediate,0.021279879,0.66251236,0.3162077,ZA
4018,dormant,False,True,intermediate,intermediate,intermediate,0.0056844167,0.8656705,0.1286451,ZA
4019,dormant,False,True,intermediate,intermediate,intermediate,0.0071500945,0.8609441,0.13190581,ZA
4020,dormant,False,True,complex,complex,complex,0.01810256,0.41002706,0.5718704,ZA
4021,dormant,False,True,complex,complex,complex,0.017213887,0.109847605,0.8729385,ZA
4022,dormant,False,True,complex,complex,complex,0.040750016,0.1914613,0.76778865,ZA
4023,dormant,False,True,intermediate,intermediate,intermediate,0.01932264,0.6683396,0.31233773,ZA
4024,dormant,False,False,complex,complex,complex,0.021416975,0.21811925,0.7604638,ZA
4025,dormant,False,True,complex,complex,complex,0.0148840705,0.21238354,0.7727324,ZA
4026,dormant,False,True,complex,complex,complex,0.049591023,0.19118784,0.75922114,ZA
4027,dormant,False,True,intermediate,intermediate,intermediate,0.13112587,0.8114452,0.057428982,ZA
4028,dormant,False,True,intermediate,intermediate,intermediate,0.045071967,0.88454324,0.0703848,ZA
4029,dormant,True,False,intermediate,complex,,0.05865738,0.22593392,0.71540874,ZA
4030,dormant,True,False,intermediate,complex,,0.087369375,0.37591094,0.5367197,ZA
4031,dormant,False,True,complex,complex,complex,0.027071834,0.07532064,0.8976075,ZA
4032,dormant,False,True,complex,complex,complex,0.019734886,0.1177337,0.8625314,ZA
4033,dormant,False,True,complex,complex,complex,0.0070869024,0.057815623,0.93509746,ZA
4034,dormant,False,True,complex,complex,complex,0.01370964,0.09774725,0.8885431,ZA
4035,dormant,False,True,complex,complex,complex,0.009051435,0.21195196,0.77899665,ZA
4036,dormant,True,False,simple,intermediate,,0.16115387,0.4900592,0.34878692,ZA
4037,dormant,False,True,complex,complex,complex,0.057426535,0.1078359,0.8347376,ZA
4038,dormant,False,True,complex,complex,complex,0.013718058,0.08229116,0.9039908,ZA
4039,dormant,False,True,complex,complex,complex,0.0005800088,0.011254455,0.9881655,ZA
4040,dormant,False,True,complex,complex,complex,0.0024489185,0.025463935,0.9720872,ZA
4041,dormant,False,False,intermediate,intermediate,intermediate,0.017904386,0.7558782,0.2262174,ZA
4042,dormant,False,True,complex,complex,complex,0.010701166,0.061514806,0.92778397,ZA
4043,dormant,False,True,complex,complex,complex,0.003929648,0.023062566,0.97300786,ZA
4044,dormant,False,False,complex,complex,complex,0.022480564,0.115558185,0.8619613,ZA
4045,dormant,False,True,complex,complex,complex,0.034861267,0.05421916,0.91091955,ZA
4046,dormant,False,True,complex,complex,complex,0.033871777,0.084485255,0.88164294,ZA
4047,dormant,False,True,intermediate,intermediate,intermediate,0.05795095,0.8605044,0.081544645,ZA
4048,dormant,False,True,complex,complex,complex,0.009606208,0.1890396,0.80135417,ZA
4049,dormant,False,True,complex,complex,complex,0.0046239723,0.100267544,0.8951085,ZA
4050,dormant,False,True,complex,complex,complex,0.016154112,0.14217277,0.8416731,ZA
4051,dormant,False,True,complex,complex,complex,0.0043974994,0.036068913,0.9595336,ZA
4052,dormant,False,False,complex,complex,complex,0.0044652643,0.18680435,0.80873036,ZA
4053,dormant,False,True,complex,complex,complex,0.038983345,0.24926277,0.7117539,ZA
4054,dormant,False,True,intermediate,intermediate,intermediate,0.013237104,0.6865725,0.30019036,ZA
4055,dormant,False,True,complex,complex,complex,0.017134681,0.027894756,0.9549705,ZA
4056,dormant,False,True,intermediate,intermediate,intermediate,0.011720526,0.76518774,0.22309174,ZA
4057,dormant,False,True,simple,simple,simple,0.58964604,0.22414896,0.18620501,ZA
4058,dormant,False,False,intermediate,intermediate,intermediate,0.026804164,0.60949236,0.3637035,ZA
4059,dormant,False,True,intermediate,intermediate,intermediate,0.10018758,0.7532948,0.1465176,ZA
4060,dormant,False,True,intermediate,intermediate,intermediate,0.006380679,0.86319387,0.13042545,ZA
4061,dormant,False,True,intermediate,intermediate,intermediate,0.016836893,0.866083,0.11708006,ZA
4062,dormant,False,True,intermediate,intermediate,intermediate,0.0048235827,0.795879,0.19929741,ZA
4063,dormant,False,True,complex,complex,complex,0.016360601,0.17386407,0.8097753,ZA
4064,dormant,False,True,complex,complex,complex,0.0043225917,0.10712803,0.8885494,ZA
4065,dormant,False,True,complex,complex,complex,0.011098743,0.07980277,0.90909845,ZA
4066,dormant,False,True,simple,simple,simple,0.47177672,0.36444628,0.16377696,ZA
4067,dormant,False,False,complex,intermediate,intermediate,0.06590431,0.67907304,0.25502267,ZA
4068,dormant,False,True,intermediate,intermediate,intermediate,0.010624693,0.7854618,0.20391352,ZA
4069,dormant,False,True,complex,complex,complex,0.0030826507,0.07967884,0.9172385,ZA
4070,dormant,False,True,complex,complex,complex,0.0031633885,0.035800945,0.9610356,ZA
4071,dormant,False,True,complex,complex,complex,0.0022163563,0.099911846,0.8978718,ZA
4072,dormant,False,True,complex,complex,complex,0.0038140947,0.12278201,0.8734039,ZA
4073,dormant,False,True,intermediate,intermediate,intermediate,0.0052889436,0.76974887,0.22496219,ZA
4074,dormant,False,True,intermediate,intermediate,intermediate,0.0053355685,0.7604639,0.23420058,ZA
4075,dormant,False,True,complex,complex,complex,0.0069918823,0.2345052,0.75850296,ZA
4076,dormant,False,True,complex,complex,complex,0.0006857336,0.04077381,0.95854044,ZA
4077,dormant,False,False,complex,intermediate,intermediate,0.030473191,0.5382162,0.43131065,ZA
4078,dormant,False,True,intermediate,intermediate,intermediate,0.013311765,0.8473986,0.13928962,ZA
4079,dormant,False,True,complex,complex,complex,0.025409995,0.16253486,0.8120551,ZA
4080,dormant,False,True,intermediate,intermediate,intermediate,0.01357562,0.68909067,0.29733375,ZA
4081,dormant,False,True,complex,complex,complex,0.05063756,0.109321624,0.8400408,ZA
4082,dormant,False,True,complex,complex,complex,0.0048683127,0.09522138,0.89991033,ZA
4083,dormant,False,True,complex,complex,complex,0.0011317045,0.05347175,0.9453966,ZA
4084,dormant,False,True,complex,complex,complex,0.03051185,0.13354766,0.8359404,ZA
4085,dormant,False,True,intermediate,intermediate,intermediate,0.008462764,0.6464875,0.34504977,ZA
4086,dormant,False,True,intermediate,intermediate,intermediate,0.017075073,0.793507,0.18941793,ZA
4087,dormant,False,True,complex,complex,complex,0.1608229,0.12575264,0.71342444,ZA
4088,dormant,False,True,complex,complex,complex,0.015125074,0.08679612,0.89807874,ZA
4089,dormant,False,True,complex,complex,complex,0.0056921397,0.1331252,0.86118263,ZA
4090,dormant,False,True,complex,complex,complex,0.0026643714,0.08391374,0.91342187,ZA
4091,dormant,False,True,complex,complex,complex,0.14481097,0.08456657,0.7706225,ZA
4092,dormant,False,True,complex,complex,complex,0.010552181,0.19950613,0.78994167,ZA
4093,dormant,False,True,intermediate,intermediate,intermediate,0.0058562458,0.7470193,0.2471245,ZA
4094,dormant,False,True,complex,complex,complex,0.0024725406,0.06207165,0.9354558,ZA
4095,dormant,False,True,complex,complex,complex,0.0057896962,0.09722543,0.8969849,ZA
4096,dormant,False,False,complex,complex,complex,0.0064567863,0.051433727,0.9421095,ZA
4097,dormant,False,True,complex,complex,complex,0.009491672,0.08384913,0.90665925,ZA
4098,dormant,False,False,complex,complex,complex,0.008065609,0.06872728,0.9232071,ZA
4099,dormant,False,True,complex,complex,complex,0.005055675,0.36928657,0.62565774,ZA
4100,dormant,False,True,complex,complex,complex,0.0013004303,0.09369036,0.9050092,ZA
4101,dormant,False,True,complex,complex,complex,0.029471394,0.3271229,0.64340574,ZA
4102,dormant,False,True,intermediate,intermediate,intermediate,0.012592009,0.7992185,0.1881895,ZA
4103,dormant,False,False,complex,complex,complex,0.013494528,0.12672049,0.85978496,ZA
4104,dormant,False,True,simple,simple,simple,0.65803915,0.08839684,0.25356403,ZA
4105,dormant,False,True,complex,simple,simple,0.65803915,0.08839684,0.25356403,ZA
4106,dormant,False,True,intermediate,intermediate,intermediate,0.07935621,0.7440706,0.17657319,ZA
4107,dormant,False,True,complex,complex,complex,0.004288622,0.057037823,0.9386735,ZA
4108,dormant,False,False,complex,complex,complex,0.016791673,0.431173,0.55203533,ZA
4109,dormant,False,True,intermediate,intermediate,intermediate,0.015815021,0.71456766,0.26961732,ZA
4110,dormant,False,True,complex,complex,complex,0.006519798,0.19024688,0.8032333,ZA
4111,dormant,False,True,complex,complex,complex,0.026323747,0.402892,0.5707842,ZA
4112,dormant,False,True,complex,complex,complex,0.0030531306,0.055284172,0.94166267,ZA
4113,dormant,False,False,complex,complex,complex,0.001830245,0.06124285,0.9369269,ZA
4114,dormant,False,True,complex,complex,complex,0.0066519696,0.109019674,0.88432837,ZA
4115,dormant,False,True,intermediate,intermediate,intermediate,0.006127649,0.82591665,0.16795574,ZA
4116,dormant,False,True,intermediate,intermediate,intermediate,0.03663719,0.5909181,0.37244472,ZA
4117,dormant,False,True,complex,complex,complex,0.012971178,0.15780632,0.8292225,ZA
4118,dormant,False,True,complex,complex,complex,0.03438702,0.077956006,0.887657,ZA
4119,dormant,False,True,complex,complex,complex,0.021983432,0.21968614,0.7583304,ZA
4120,dormant,False,True,complex,complex,complex,0.011330033,0.11360902,0.8750609,ZA
4121,dormant,False,False,complex,complex,complex,0.007624656,0.24376954,0.7486058,ZA
4122,dormant,False,False,complex,complex,complex,0.005698668,0.36140335,0.632898,ZA
4123,dormant,False,True,complex,complex,complex,0.009638432,0.30364454,0.686717,ZA
4124,dormant,False,True,complex,complex,complex,0.0092567075,0.12582979,0.86491346,ZA
4125,dormant,False,False,complex,complex,complex,0.012282159,0.17790736,0.80981046,ZA
4126,dormant,False,True,complex,complex,complex,0.030750496,0.22744696,0.7418025,ZA
4127,dormant,False,True,complex,complex,complex,0.031841353,0.25973022,0.70842844,ZA
4128,dormant,False,True,intermediate,intermediate,intermediate,0.005613658,0.754236,0.24015035,ZA
4129,dormant,False,True,complex,complex,complex,0.017462775,0.15405118,0.8284861,ZA
4130,dormant,False,True,intermediate,intermediate,intermediate,0.011667471,0.68927497,0.29905757,ZA
4131,dormant,False,True,complex,complex,complex,0.015495861,0.067794405,0.9167097,ZA
4132,dormant,False,True,complex,complex,complex,0.009545578,0.10631748,0.8841369,ZA
4133,dormant,False,False,complex,complex,complex,0.012199221,0.20130217,0.78649855,ZA
4134,dormant,False,True,complex,complex,complex,0.0042104926,0.20141575,0.7943738,ZA
4135,dormant,False,True,complex,complex,complex,0.027427,0.1456097,0.8269633,ZA
4136,dormant,False,True,complex,complex,complex,0.007467423,0.035448633,0.95708394,ZA
4137,dormant,False,True,complex,complex,complex,0.03614952,0.07243935,0.89141107,ZA
4138,dormant,False,True,complex,complex,complex,0.0015517701,0.053304628,0.94514364,ZA
4139,dormant,False,True,simple,simple,simple,0.924369,0.028864756,0.04676622,ZA
4140,dormant,False,True,intermediate,intermediate,intermediate,0.117160775,0.7806965,0.1021427,ZA
4141,dormant,False,True,simple,intermediate,intermediate,0.41672584,0.42713702,0.15613717,ZA
4142,dormant,False,True,intermediate,intermediate,intermediate,0.0052756746,0.87260425,0.122120135,ZA
4143,dormant,False,True,complex,complex,complex,0.017122466,0.41594124,0.56693625,ZA
4144,dormant,False,True,intermediate,intermediate,intermediate,0.004014059,0.9109708,0.08501521,ZA
4145,dormant,False,True,complex,complex,complex,0.011534026,0.08136175,0.90710425,ZA
4146,dormant,False,True,intermediate,intermediate,intermediate,0.028201528,0.7319892,0.23980926,ZA
4147,dormant,True,False,intermediate,complex,,0.03505337,0.12482609,0.84012055,ZA
4148,dormant,False,True,complex,complex,complex,0.01185348,0.1116031,0.8765434,ZA
4149,dormant,False,True,simple,simple,simple,0.40354747,0.34975988,0.2466927,ZA
4150,dormant,False,True,complex,complex,complex,0.0021522383,0.07104115,0.92680657,ZA
4151,dormant,False,False,intermediate,complex,complex,0.008817182,0.27026772,0.72091514,ZA
4152,dormant,True,False,intermediate,complex,,0.0077267336,0.32812688,0.6641464,ZA
4153,dormant,False,True,complex,complex,complex,0.007923943,0.02948356,0.96259254,ZA
4154,dormant,False,True,complex,complex,complex,0.06686528,0.0939461,0.8391886,ZA
4155,dormant,False,False,complex,complex,complex,0.025894204,0.20184456,0.7722612,ZA
4156,dormant,False,True,intermediate,intermediate,intermediate,0.01209969,0.72867864,0.2592217,ZA
4157,dormant,False,True,complex,complex,complex,0.01206822,0.025516976,0.96241486,ZA
4158,dormant,False,True,intermediate,intermediate,intermediate,0.031947255,0.8142315,0.15382126,ZA
4159,dormant,False,False,complex,complex,complex,0.001906359,0.09721792,0.90087575,ZA
4160,dormant,False,True,complex,complex,complex,0.0021741672,0.041065358,0.95676047,ZA
4161,dormant,False,True,complex,complex,complex,0.0071676597,0.09494166,0.8978906,ZA
4162,dormant,False,True,complex,complex,complex,0.0015337033,0.01591226,0.982554,ZA
4163,dormant,False,False,complex,complex,complex,0.0008582381,0.022796243,0.9763455,ZA
4164,dormant,False,True,complex,complex,complex,0.00054012734,0.0151711395,0.98428875,ZA
4165,dormant,False,True,complex,complex,complex,0.0038008092,0.051656693,0.9445425,ZA
4166,dormant,False,True,complex,complex,complex,0.0026290505,0.014783375,0.98258764,ZA
4167,dormant,False,False,complex,complex,complex,0.020778067,0.071383685,0.9078383,ZA
4168,dormant,False,True,complex,complex,complex,0.003343194,0.01116656,0.9854902,ZA
4169,dormant,False,True,complex,complex,complex,0.0014701687,0.04282887,0.955701,ZA
4170,dormant,False,False,complex,complex,complex,0.009430501,0.03073258,0.9598369,ZA
4171,dormant,False,True,complex,complex,complex,0.011435413,0.09618997,0.89237463,ZA
4172,dormant,False,True,complex,complex,complex,0.006789519,0.024336599,0.9688739,ZA
4173,dormant,False,True,complex,complex,complex,0.006153341,0.0070339306,0.9868128,ZA
4174,dormant,False,False,complex,complex,complex,0.0049032182,0.05087571,0.944221,ZA
4175,dormant,False,True,complex,complex,complex,0.0027754987,0.013984536,0.98323995,ZA
4176,dormant,False,True,complex,complex,complex,0.0054968833,0.41579464,0.57870847,ZA
4177,dormant,False,True,complex,complex,complex,0.01824983,0.4160107,0.56573945,ZA
4178,dormant,False,False,complex,complex,complex,0.004782559,0.20564355,0.7895739,ZA
4179,dormant,False,True,intermediate,intermediate,intermediate,0.0019003726,0.88160926,0.116490364,ZA
4180,dormant,False,True,intermediate,intermediate,intermediate,0.004283607,0.8775103,0.118206106,ZA
4181,dormant,False,True,complex,complex,complex,0.0048790313,0.060260743,0.93486017,ZA
4182,dormant,False,True,complex,complex,complex,0.018388966,0.03736371,0.9442473,ZA
4183,dormant,False,True,intermediate,intermediate,intermediate,0.014285725,0.93073463,0.05497962,ZA
4184,dormant,False,True,intermediate,intermediate,intermediate,0.019755479,0.8258698,0.15437469,ZA
4185,dormant,False,True,intermediate,intermediate,intermediate,0.010838949,0.89512885,0.09403215,ZA
4186,dormant,False,True,complex,complex,complex,0.013406938,0.39929292,0.5873002,ZA
4187,dormant,False,True,intermediate,intermediate,intermediate,0.012563599,0.9331721,0.054264322,ZA
4188,dormant,False,True,complex,complex,complex,0.020272285,0.22410835,0.75561935,ZA
4189,dormant,False,False,complex,complex,complex,0.0069726394,0.1832037,0.8098237,ZA
4190,dormant,False,True,intermediate,intermediate,intermediate,0.017372875,0.9205066,0.06212051,ZA
4191,dormant,False,True,intermediate,intermediate,intermediate,0.00835587,0.7756873,0.21595687,ZA
4192,dormant,False,False,intermediate,intermediate,intermediate,0.00648935,0.82657427,0.16693637,ZA
4193,dormant,False,True,complex,complex,complex,0.0151772145,0.22942528,0.75539744,ZA
4194,dormant,False,True,intermediate,intermediate,intermediate,0.032512587,0.83704156,0.13044585,ZA
4195,dormant,False,True,intermediate,intermediate,intermediate,0.01897065,0.88552105,0.09550828,ZA
4196,dormant,False,True,intermediate,intermediate,intermediate,0.014402212,0.7647371,0.22086062,ZA
4197,dormant,False,True,complex,complex,complex,0.0036146187,0.10290115,0.89348423,ZA
4198,dormant,False,True,complex,complex,complex,0.008839007,0.13358071,0.85758024,ZA
4199,dormant,False,True,intermediate,intermediate,intermediate,0.017339932,0.74698824,0.2356718,ZA
4200,dormant,False,True,complex,complex,complex,0.012051427,0.13377613,0.85417247,ZA
4201,dormant,False,True,complex,complex,complex,0.044224646,0.2524082,0.7033672,ZA
4202,dormant,False,True,complex,complex,complex,0.003445328,0.051373944,0.94518065,ZA
4203,dormant,False,True,complex,complex,complex,0.013398121,0.1637196,0.82288224,ZA
4204,dormant,True,False,intermediate,complex,,0.014090818,0.06520539,0.9207038,ZM
4205,dormant,False,True,complex,complex,complex,0.0044476925,0.038913168,0.9566392,ZM
4206,dormant,False,True,complex,complex,complex,0.0055877594,0.07825919,0.9161531,ZM
4207,dormant,False,True,complex,complex,complex,0.003558075,0.057320133,0.93912184,ZM
4208,dormant,False,True,complex,complex,complex,0.0011322566,0.030826217,0.9680415,ZM
4209,dormant,False,True,complex,complex,complex,0.0097773615,0.119856074,0.8703666,ZM
4210,dormant,False,True,complex,complex,complex,0.003912413,0.03928924,0.9567984,ZM
4211,dormant,False,True,complex,complex,complex,0.0028147637,0.09606989,0.90111536,ZW
4212,dormant,False,True,complex,complex,complex,0.0011707015,0.04211741,0.95671195,ZW
4213,dormant,False,True,complex,complex,complex,0.0017077307,0.012160622,0.98613167,ZW
4214,dormant,False,True,intermediate,intermediate,intermediate,0.008387492,0.65761423,0.33399826,ZW
4215,dormant,False,True,complex,complex,complex,0.01071136,0.026985139,0.96230346,ZW
4216,dormant,False,True,complex,complex,complex,0.0025136513,0.019812867,0.97767353,ZW
4217,dormant,False,False,complex,complex,complex,0.0029288167,0.046246633,0.95082456,ZW
4218,dormant,False,True,complex,complex,complex,0.001995533,0.014266865,0.9837376,ZW
4219,dormant,False,True,complex,complex,complex,0.0017910745,0.015586478,0.9826225,ZW
4220,dormant,False,True,complex,complex,complex,0.0015355962,0.016677143,0.9817872,ZW
4221,dormant,False,False,complex,complex,complex,0.003984767,0.008583518,0.98743176,ZW
4222,dormant,False,True,complex,complex,complex,0.0007975932,0.015974296,0.9832281,ZW
4223,dormant,False,False,complex,complex,complex,0.0028922556,0.008735709,0.988372,ZW
4224,dormant,False,True,complex,complex,complex,0.0017357859,0.011714617,0.9865497,ZW
4225,dormant,False,False,complex,complex,complex,0.0069870916,0.023582421,0.9694305,ZW
4226,dormant,False,False,complex,complex,complex,0.005560499,0.06628369,0.9281558,ZW
4227,dormant,False,False,complex,complex,complex,0.0024527167,0.040710613,0.95683664,ZW
4228,dormant,False,True,complex,complex,complex,0.007422884,0.14581299,0.84676415,ZW
4229,dormant,False,True,complex,complex,complex,0.020576121,0.15162224,0.82780164,ZW
4230,dormant,True,False,intermediate,complex,,0.034829993,0.36732134,0.5978487,ZW
4231,dormant,False,True,complex,complex,complex,0.009342052,0.14666739,0.84399056,ZW
4232,dormant,False,True,complex,complex,complex,0.025376327,0.06193362,0.91269004,ZW
4233,dormant,False,False,complex,complex,complex,0.011047552,0.17043412,0.81851834,ZW
4234,dormant,False,False,complex,complex,complex,0.0069260006,0.030159736,0.9629143,ZW
4235,dormant,False,False,intermediate,complex,complex,0.0006998167,0.009509083,0.9897911,ZW
4236,dormant,False,True,complex,complex,complex,0.0009676157,0.019193348,0.9798391,ZW
4237,dormant,False,True,complex,complex,complex,0.00041754445,0.017045638,0.98253685,ZW
4238,dormant,False,False,complex,complex,complex,0.012712719,0.0840882,0.9031991,ZW
4239,dormant,False,True,complex,complex,complex,0.0006204906,0.023345198,0.97603434,ZW
4240,dormant,False,False,complex,complex,complex,0.00072865264,0.014037328,0.9852341,ZW
4241,dormant,False,True,complex,complex,complex,0.0028977948,0.020890525,0.9762116,ZW
4242,dormant,False,True,complex,complex,complex,0.0027261917,0.01611467,0.9811591,ZW
4243,dormant,False,True,complex,complex,complex,0.0048319353,0.020886049,0.974282,ZW
4244,dormant,False,True,complex,complex,complex,0.0021308833,0.013569634,0.98429954,ZW
4245,dormant,False,True,complex,complex,complex,0.006387269,0.022167705,0.9714451,ZW
4246,dormant,False,True,complex,complex,complex,0.011403876,0.10050027,0.88809586,AU
4247,dormant,False,True,intermediate,intermediate,intermediate,0.009695934,0.8917168,0.098587275,AU
4248,dormant,False,True,complex,complex,complex,0.06372276,0.07665281,0.85962445,AU
4249,dormant,False,False,complex,intermediate,intermediate,0.01818782,0.8989696,0.08284255,AU
4250,dormant,False,True,intermediate,intermediate,intermediate,0.23366655,0.6934337,0.0728998,AU
4251,dormant,False,True,intermediate,intermediate,intermediate,0.010995403,0.9613419,0.0276627,AU
4252,dormant,False,True,complex,intermediate,intermediate,0.057175077,0.6009093,0.34191567,AU
4253,dormant,False,True,intermediate,intermediate,intermediate,0.016949372,0.9437954,0.0392553,AU
4254,dormant,False,True,complex,complex,complex,0.03520186,0.20275411,0.762044,AU
4255,dormant,False,True,complex,complex,complex,0.13011985,0.25318623,0.616694,AU
4256,dormant,False,False,complex,complex,complex,0.3337387,0.31838202,0.34787926,AU
4257,dormant,False,True,complex,complex,complex,0.015331211,0.47850618,0.5061626,AU
4258,dormant,False,True,intermediate,intermediate,intermediate,0.09619714,0.8324419,0.07136094,AU
4259,dormant,False,True,intermediate,intermediate,intermediate,0.0071143685,0.7043349,0.28855067,AU
4260,dormant,False,True,complex,complex,complex,0.009341168,0.19307667,0.79758215,AU
4261,dormant,False,False,complex,intermediate,intermediate,0.0020520582,0.9152179,0.08273009,AU
4262,dormant,False,False,complex,intermediate,intermediate,0.0041744383,0.792232,0.20359354,AU
4263,dormant,False,True,intermediate,intermediate,intermediate,0.0021764585,0.9136523,0.084171295,AU
4264,dormant,False,True,complex,complex,complex,0.0043404754,0.450855,0.5448046,AU
4265,dormant,False,False,complex,intermediate,intermediate,0.002603549,0.9054692,0.09192729,AU
4266,dormant,False,True,intermediate,intermediate,intermediate,0.033208646,0.6984541,0.2683373,AU
4267,dormant,False,True,intermediate,intermediate,intermediate,0.040224005,0.8213424,0.13843356,AU
4268,dormant,False,False,intermediate,intermediate,intermediate,0.0037639525,0.9222797,0.0739563,AU
4269,dormant,False,True,intermediate,intermediate,intermediate,0.016637465,0.94037586,0.04298665,AU
4270,dormant,False,False,complex,intermediate,intermediate,0.004052225,0.94809884,0.047848877,AU
4271,dormant,False,False,intermediate,intermediate,intermediate,0.04597244,0.8946174,0.05941014,AU
4272,dormant,False,True,complex,complex,complex,0.021561366,0.18809691,0.79034173,AU
4273,dormant,False,False,intermediate,simple,simple,0.94551635,0.0389457,0.0155378785,AU
4274,dormant,False,True,intermediate,intermediate,intermediate,0.39696988,0.57019424,0.03283587,AU
4275,dormant,False,True,intermediate,intermediate,intermediate,0.008751845,0.90876,0.08248812,AU
4276,dormant,False,True,intermediate,intermediate,intermediate,0.005191751,0.94338554,0.05142274,AU
4277,dormant,False,True,intermediate,intermediate,intermediate,0.011733416,0.73986626,0.24840033,AU
4278,dormant,False,True,intermediate,intermediate,intermediate,0.0049509285,0.8340093,0.16103974,AU
4279,dormant,False,True,intermediate,intermediate,intermediate,0.023502873,0.9281026,0.048394535,AU
4280,dormant,False,True,intermediate,intermediate,intermediate,0.0045762225,0.9272098,0.06821394,AU
4281,dormant,False,True,complex,complex,complex,0.0017936591,0.07565914,0.92254716,AU
4282,dormant,False,True,complex,complex,complex,0.0030813273,0.17993408,0.8169846,AU
4283,dormant,False,True,complex,complex,complex,0.0013186835,0.06200454,0.93667674,AU
4284,dormant,False,False,complex,complex,complex,0.007017281,0.13793938,0.85504335,AU
4285,dormant,False,True,intermediate,intermediate,intermediate,0.027570473,0.764629,0.20780051,AU
4286,dormant,False,True,complex,intermediate,intermediate,0.022803491,0.52339876,0.45379773,AU
4287,dormant,False,True,intermediate,intermediate,intermediate,0.009434747,0.94539225,0.04517297,AU
4288,dormant,False,True,complex,complex,complex,0.01106675,0.42001227,0.56892097,AU
4289,dormant,False,True,complex,complex,complex,0.020941949,0.214463,0.7645951,AU
4290,dormant,False,True,complex,complex,complex,0.006428185,0.07079226,0.92277956,AU
4291,dormant,False,False,complex,complex,complex,0.0033778858,0.14494643,0.8516757,AU
4292,dormant,False,True,complex,complex,complex,0.0028341524,0.06469996,0.9324659,AU
4293,dormant,False,True,intermediate,intermediate,intermediate,0.016587777,0.91055596,0.07285623,AU
4294,dormant,False,True,intermediate,intermediate,intermediate,0.003997095,0.81890213,0.17710079,AU
4295,dormant,False,True,intermediate,intermediate,intermediate,0.011057956,0.9253152,0.06362686,AU
4296,dormant,False,True,intermediate,intermediate,intermediate,0.0045730956,0.9398478,0.055579036,AU
4297,dormant,False,True,complex,complex,complex,0.004531574,0.10387542,0.891593,AU
4298,dormant,False,False,complex,intermediate,intermediate,0.028583111,0.91408724,0.057329614,AU
4299,dormant,False,False,complex,intermediate,intermediate,0.0065605217,0.71949315,0.27394632,AU
4300,dormant,False,True,complex,complex,complex,0.008214275,0.042676304,0.94910944,AU
4301,dormant,False,True,complex,complex,complex,0.008253261,0.100632414,0.8911143,AU
4302,dormant,False,False,complex,complex,complex,0.014330637,0.43597877,0.5496906,AU
4303,dormant,False,True,complex,complex,complex,0.0012542033,0.030598449,0.9681474,AU
4304,dormant,False,False,intermediate,complex,complex,0.0062676976,0.17890818,0.81482416,AU
4305,dormant,False,True,complex,complex,complex,0.020147359,0.13157602,0.84827656,AU
4306,dormant,False,True,intermediate,intermediate,intermediate,0.0028830383,0.9497452,0.047371823,AU
4307,dormant,False,True,intermediate,intermediate,intermediate,0.009488141,0.9718696,0.018642249,AU
4308,dormant,False,True,intermediate,intermediate,intermediate,0.0040971846,0.9748411,0.021061707,AU
4309,dormant,False,True,complex,complex,complex,0.0038179988,0.08751403,0.9086679,AU
4310,dormant,False,True,intermediate,intermediate,intermediate,0.003530699,0.94954157,0.04692778,AU
4311,dormant,False,True,intermediate,intermediate,intermediate,0.0056592254,0.8410032,0.15333761,AU
4312,dormant,False,True,complex,complex,complex,0.001594646,0.023115095,0.97529024,AU
4313,dormant,False,False,complex,complex,complex,0.0026220311,0.14208801,0.85529,AU
4314,dormant,False,True,complex,complex,complex,0.0011715009,0.022009652,0.97681886,AU
4315,dormant,False,True,intermediate,intermediate,intermediate,0.014785858,0.8659806,0.1192335,AU
4316,dormant,False,True,intermediate,intermediate,intermediate,0.011181601,0.8898421,0.09897629,AU
4317,dormant,False,True,complex,complex,complex,0.0048499596,0.092770666,0.9023794,AU
4318,dormant,False,True,complex,complex,complex,0.0018132813,0.014776266,0.9834104,AU
4319,dormant,False,True,complex,complex,complex,0.007296109,0.03839354,0.9543103,AU
4320,dormant,False,True,complex,complex,complex,0.0032928446,0.025215993,0.9714912,AU
4321,dormant,False,True,complex,complex,complex,0.0027014571,0.04235968,0.9549389,AU
4322,dormant,False,False,complex,complex,complex,0.0010661674,0.011407499,0.98752636,AU
4323,dormant,False,True,complex,complex,complex,0.0046717944,0.17866546,0.8166628,AU
4324,dormant,False,True,complex,complex,complex,0.0035384921,0.04094917,0.95551234,AU
4325,dormant,False,False,complex,complex,complex,0.0012003343,0.048341088,0.9504586,AU
4326,dormant,False,True,complex,complex,complex,0.007962008,0.19706017,0.7949778,AU
4327,dormant,False,True,complex,complex,complex,0.00065020006,0.04478385,0.95456594,AU
4328,dormant,False,False,complex,complex,complex,0.003649873,0.2342025,0.7621476,AU
4329,dormant,False,True,complex,complex,complex,0.03820817,0.24531478,0.71647704,AU
4330,dormant,False,True,complex,complex,complex,0.04344329,0.21996352,0.7365932,AU
4331,dormant,False,True,complex,complex,complex,0.015392263,0.16716376,0.817444,AU
4332,dormant,False,True,complex,complex,complex,0.0030948664,0.08215285,0.9147523,AU
4333,dormant,False,False,complex,intermediate,intermediate,0.017539637,0.4931883,0.4892721,AU
4334,dormant,False,True,intermediate,intermediate,intermediate,0.0058058524,0.67921096,0.31498313,AU
4335,dormant,False,True,complex,complex,complex,0.014069927,0.18758239,0.7983477,AU
4336,dormant,False,True,complex,complex,complex,0.016052112,0.22792968,0.7560182,AU
4337,dormant,False,True,complex,complex,complex,0.0136155365,0.27657717,0.70980734,AU
4338,dormant,False,True,complex,complex,complex,0.02229297,0.07927879,0.8984282,AU
4339,dormant,False,True,complex,complex,complex,0.0018190971,0.06672188,0.931459,AU
4340,dormant,False,True,complex,complex,complex,0.006420514,0.058934513,0.934645,AU
4341,dormant,False,False,complex,complex,complex,0.004081264,0.06318585,0.9327329,AU
4342,dormant,False,False,intermediate,simple,simple,0.7054797,0.0817119,0.21280837,AU
4343,dormant,False,False,complex,intermediate,intermediate,0.014051512,0.7867146,0.19923386,AU
4344,dormant,False,True,complex,complex,complex,0.013629174,0.24903631,0.7373345,AU
4345,dormant,False,True,complex,complex,complex,0.027912432,0.057008028,0.91507953,AU
4346,dormant,False,True,complex,complex,complex,0.003144135,0.06006043,0.9367955,AU
4347,dormant,False,True,complex,complex,complex,0.018121922,0.038070552,0.9438075,AU
4348,dormant,False,True,complex,complex,complex,0.003353304,0.040755946,0.9558908,AU
4349,dormant,False,True,complex,complex,complex,0.006308499,0.069075614,0.92461586,AU
4350,dormant,False,True,intermediate,intermediate,intermediate,0.22764765,0.7621702,0.010182223,CA
4351,dormant,False,True,intermediate,intermediate,intermediate,0.09171851,0.9030064,0.005275132,CA
4352,dormant,False,True,simple,simple,simple,0.9785703,0.016505305,0.004924351,CA
4353,dormant,False,False,intermediate,simple,simple,0.65137804,0.31836012,0.030261835,CA
4354,dormant,False,True,complex,complex,complex,0.08054459,0.37512124,0.5443342,CA
4355,dormant,False,True,simple,simple,simple,0.989316,0.006081891,0.004602085,CA
4356,dormant,False,True,simple,simple,simple,0.99197316,0.0046210266,0.0034057721,CA
4357,dormant,False,True,simple,simple,simple,0.9582346,0.030844465,0.010920909,CA
4358,dormant,False,True,simple,simple,simple,0.97969395,0.011560725,0.008745275,CA
4359,dormant,False,True,intermediate,intermediate,intermediate,0.05566324,0.9193126,0.02502417,CA
4360,dormant,False,False,simple,simple,simple,0.7610206,0.18502295,0.053956524,CA
4361,dormant,False,True,simple,simple,simple,0.94133234,0.052745286,0.005922364,CA
4362,dormant,False,True,intermediate,intermediate,intermediate,0.2988922,0.6704646,0.03064323,CA
4363,dormant,False,False,intermediate,intermediate,intermediate,0.009363642,0.7192573,0.27137902,US
4364,dormant,False,False,complex,complex,complex,0.0017129104,0.43394172,0.56434536,US
4365,dormant,False,True,complex,complex,complex,0.0015662345,0.21416838,0.78426534,US
4366,dormant,False,False,complex,complex,complex,0.003751038,0.4972018,0.49904713,US
4367,dormant,False,True,complex,complex,complex,0.0061217225,0.20431134,0.78956693,US
4368,dormant,False,True,intermediate,intermediate,intermediate,0.007179127,0.9298025,0.06301845,US
4369,dormant,False,True,complex,complex,complex,0.0053066304,0.4009064,0.59378695,US
4370,dormant,False,True,intermediate,intermediate,intermediate,0.0086893365,0.94482297,0.04648769,US
4371,dormant,False,True,intermediate,intermediate,intermediate,0.0049952716,0.9537536,0.04125118,US
4372,dormant,False,True,intermediate,intermediate,intermediate,0.0013082464,0.9911199,0.007571878,US
4373,dormant,False,True,intermediate,intermediate,intermediate,0.0012508288,0.9746805,0.024068708,US
4374,dormant,False,True,intermediate,intermediate,intermediate,0.0016480882,0.9538335,0.044518426,US
4375,dormant,False,False,intermediate,intermediate,intermediate,0.0015776558,0.8547716,0.14365079,US
4376,dormant,False,True,complex,intermediate,intermediate,0.006532111,0.5675873,0.42588058,US
4377,dormant,False,False,intermediate,intermediate,intermediate,0.013096178,0.86466813,0.122235745,US
4378,dormant,False,True,intermediate,intermediate,intermediate,0.0019601935,0.9645827,0.033457115,US
4379,dormant,False,True,intermediate,intermediate,intermediate,0.00073543447,0.9837509,0.01551367,US
4380,dormant,False,True,intermediate,intermediate,intermediate,0.0022753743,0.94636536,0.05135927,US
4381,dormant,False,True,intermediate,intermediate,intermediate,0.0014043838,0.9602505,0.038345136,US
4382,dormant,False,False,intermediate,intermediate,intermediate,0.0022417717,0.98191446,0.01584375,US
4383,dormant,False,True,intermediate,intermediate,intermediate,0.0018524374,0.97144866,0.026698926,US
4384,dormant,False,True,intermediate,intermediate,intermediate,0.00072738243,0.98494047,0.014332192,US
4385,dormant,False,True,intermediate,intermediate,intermediate,0.0011364231,0.9846044,0.014259161,US
4386,dormant,False,True,intermediate,intermediate,intermediate,0.000662645,0.9912333,0.008104059,US
4387,dormant,False,True,intermediate,intermediate,intermediate,0.016380556,0.9285826,0.055036835,US
4388,dormant,False,False,intermediate,intermediate,intermediate,0.008474649,0.9186275,0.072897784,US
4389,dormant,False,True,complex,intermediate,intermediate,0.012860475,0.496237,0.49090254,US
4390,dormant,False,True,intermediate,intermediate,intermediate,0.002919608,0.9496817,0.04739871,US
4391,dormant,False,True,intermediate,intermediate,intermediate,0.002960402,0.9109476,0.08609192,US
4392,dormant,False,True,intermediate,intermediate,intermediate,0.013952914,0.9058681,0.08017897,US
4393,dormant,False,True,intermediate,intermediate,intermediate,0.014878932,0.9280489,0.057072114,US
4394,dormant,False,False,intermediate,intermediate,intermediate,0.0025640598,0.9248217,0.07261425,US
4395,dormant,False,True,intermediate,intermediate,intermediate,0.0035598967,0.9352427,0.061197452,US
4396,dormant,False,False,complex,complex,complex,0.0064647906,0.06643359,0.9271016,US
4397,dormant,False,True,complex,complex,complex,0.0022248046,0.13354944,0.86422575,US
4398,dormant,False,True,intermediate,intermediate,intermediate,0.0043127188,0.86980975,0.12587756,US
4399,dormant,False,True,intermediate,intermediate,intermediate,0.0038720542,0.95371693,0.04241097,US
4400,dormant,False,True,complex,complex,complex,0.000809465,0.050636563,0.948554,US
4401,dormant,False,True,complex,complex,complex,0.0054075094,0.05264668,0.94194585,US
4402,dormant,False,True,complex,complex,complex,0.001868447,0.15264933,0.8454822,US
4403,dormant,False,True,complex,complex,complex,0.0069619953,0.16509826,0.82793975,US
4404,dormant,False,True,complex,complex,complex,0.0021548728,0.04729228,0.9505529,US
4405,dormant,False,False,complex,complex,complex,0.004338406,0.05717827,0.93848336,US
4406,dormant,False,True,complex,complex,complex,0.008786598,0.18422863,0.80698484,US
4407,dormant,False,True,intermediate,intermediate,intermediate,0.0027519513,0.77934635,0.21790169,US
4408,dormant,False,True,complex,complex,complex,0.008936261,0.27694374,0.71412003,US
4409,dormant,False,True,intermediate,intermediate,intermediate,0.0035961173,0.9628924,0.03351151,US
4410,dormant,False,True,intermediate,intermediate,intermediate,0.009076174,0.9393845,0.051539253,US
4411,dormant,False,True,complex,complex,complex,0.00920922,0.16121882,0.829572,US
4412,dormant,False,False,intermediate,intermediate,intermediate,0.033763234,0.770821,0.19541582,US
4413,dormant,False,True,intermediate,intermediate,intermediate,0.013987265,0.94599617,0.040016565,US
4414,dormant,False,True,intermediate,intermediate,intermediate,0.0057396656,0.9552249,0.039035514,US
4415,dormant,False,True,intermediate,intermediate,intermediate,0.010292132,0.969132,0.020575874,US
4416,dormant,False,True,intermediate,intermediate,intermediate,0.013777539,0.90634245,0.079880044,US
4417,dormant,False,True,complex,intermediate,intermediate,0.045780465,0.6313436,0.32287595,US
4418,dormant,False,False,intermediate,intermediate,intermediate,0.0021389013,0.9807535,0.017107643,US
4419,dormant,False,True,intermediate,intermediate,intermediate,0.004041794,0.98279136,0.013166863,US
4420,dormant,False,True,intermediate,intermediate,intermediate,0.010985491,0.936189,0.05282559,US
4421,dormant,False,True,intermediate,intermediate,intermediate,0.03310674,0.92440945,0.042483777,US
4422,dormant,False,True,intermediate,intermediate,intermediate,0.024156075,0.9318088,0.044035096,US
4423,dormant,False,False,intermediate,intermediate,intermediate,0.00569902,0.96699876,0.027302166,US
4424,dormant,False,True,intermediate,intermediate,intermediate,0.013035082,0.95166963,0.035295274,US
4425,dormant,False,True,intermediate,intermediate,intermediate,0.0063092415,0.91926396,0.07442685,US
4426,dormant,False,True,intermediate,intermediate,intermediate,0.11471796,0.856299,0.028983017,US
4427,dormant,False,True,intermediate,intermediate,intermediate,0.0036381718,0.97975326,0.016608598,US
4428,dormant,False,True,intermediate,intermediate,intermediate,0.011522842,0.9529228,0.035554305,US
4429,dormant,False,True,intermediate,intermediate,intermediate,0.012202385,0.92525357,0.062544025,US
4430,dormant,False,False,intermediate,intermediate,intermediate,0.007501604,0.9604311,0.0320673,US
4431,dormant,False,False,intermediate,intermediate,intermediate,0.010425703,0.8060444,0.18352988,US
4432,dormant,False,True,intermediate,intermediate,intermediate,0.0035868224,0.93309844,0.0633148,US
4433,dormant,False,True,intermediate,intermediate,intermediate,0.004993577,0.9284877,0.06651868,US
4434,dormant,False,True,intermediate,intermediate,intermediate,0.005604448,0.9880215,0.0063739773,US
4435,dormant,False,True,intermediate,intermediate,intermediate,0.0026297215,0.9684032,0.028967025,US
4436,dormant,False,True,intermediate,intermediate,intermediate,0.0054603694,0.9812416,0.013298075,US
4437,dormant,False,True,intermediate,intermediate,intermediate,0.0022527438,0.98605204,0.011695182,US
4438,dormant,False,True,intermediate,intermediate,intermediate,0.0030361796,0.98225147,0.014712401,US
4439,dormant,False,True,intermediate,intermediate,intermediate,0.019748244,0.9320043,0.04824747,US
4440,dormant,False,True,intermediate,intermediate,intermediate,0.0018825073,0.9785568,0.019560648,US
4441,dormant,False,False,intermediate,simple,simple,0.7307212,0.1146419,0.15463693,US
4442,dormant,False,True,intermediate,intermediate,intermediate,0.02005427,0.929452,0.050493732,US
4443,dormant,False,False,intermediate,intermediate,intermediate,0.018045839,0.73596394,0.24599025,US
4444,dormant,False,True,intermediate,intermediate,intermediate,0.24952663,0.7085446,0.041928735,US
4445,dormant,False,True,intermediate,intermediate,intermediate,0.0136381565,0.9775264,0.008835351,US
4446,dormant,False,True,intermediate,intermediate,intermediate,0.035533752,0.9591977,0.0052685756,US
4447,dormant,False,True,intermediate,intermediate,intermediate,0.00084744697,0.9444858,0.054666758,US
4448,dormant,False,True,intermediate,intermediate,intermediate,0.007937672,0.9299889,0.06207339,US
4449,dormant,False,True,intermediate,intermediate,intermediate,0.003255724,0.9616971,0.03504721,US
4450,dormant,False,True,intermediate,intermediate,intermediate,0.0075333086,0.9481528,0.04431388,US
4451,dormant,False,True,intermediate,intermediate,intermediate,0.0653782,0.8602232,0.07439861,US
4452,dormant,False,True,intermediate,intermediate,intermediate,0.020498341,0.8023091,0.17719254,US
4453,dormant,False,True,intermediate,intermediate,intermediate,0.0028978977,0.92390233,0.07319974,US
4454,dormant,False,True,complex,complex,complex,0.008383903,0.23374198,0.75787413,US
4455,dormant,False,True,intermediate,intermediate,intermediate,0.0050178124,0.9078654,0.08711676,US
4456,dormant,False,False,intermediate,intermediate,intermediate,0.031612862,0.87710834,0.09127884,US
4457,dormant,False,True,intermediate,intermediate,intermediate,0.0023965102,0.9699299,0.027673626,US
4458,dormant,False,False,intermediate,intermediate,intermediate,0.0033139645,0.97422725,0.022458745,US
4459,dormant,False,True,intermediate,intermediate,intermediate,0.01034139,0.9259961,0.06366248,US
4460,dormant,False,True,intermediate,intermediate,intermediate,0.003147521,0.9780783,0.018774178,US
4461,dormant,False,True,intermediate,intermediate,intermediate,0.0049762903,0.9636828,0.03134092,US
4462,dormant,False,True,intermediate,intermediate,intermediate,0.005020152,0.95996815,0.03501162,US
4463,dormant,False,True,intermediate,intermediate,intermediate,0.005297524,0.69505566,0.29964682,US
4464,dormant,False,True,complex,complex,complex,0.0045876564,0.089859605,0.90555274,US
4465,dormant,False,True,complex,complex,complex,0.0012411817,0.02294511,0.97581375,US
4466,dormant,False,True,complex,complex,complex,0.0032937427,0.10848438,0.88822186,US
4467,dormant,False,True,complex,complex,complex,0.004136108,0.28804293,0.70782095,US
4468,dormant,False,True,intermediate,intermediate,intermediate,0.0013232675,0.99221885,0.0064579346,US
4469,dormant,False,True,complex,complex,complex,0.02296154,0.31340533,0.6636331,US
4470,dormant,False,True,intermediate,intermediate,intermediate,0.008840282,0.9492411,0.0419186,US
4471,dormant,False,True,complex,intermediate,intermediate,0.008185019,0.58433974,0.4074752,US
4472,dormant,False,True,intermediate,intermediate,intermediate,0.0032669355,0.938108,0.058625083,US
4473,dormant,False,True,intermediate,intermediate,intermediate,0.0076470617,0.98180294,0.010549936,US
4474,dormant,False,True,complex,intermediate,intermediate,0.006884092,0.5041445,0.4889714,US
4475,dormant,False,False,intermediate,intermediate,intermediate,0.0031394358,0.9361146,0.060745943,US
4476,dormant,False,True,complex,complex,complex,0.031553105,0.17793989,0.790507,US
4477,dormant,False,True,intermediate,intermediate,intermediate,0.003786758,0.9357259,0.060487255,US
4478,dormant,False,True,complex,complex,complex,0.009410809,0.20492375,0.78566545,US
4479,dormant,False,False,complex,intermediate,intermediate,0.0060368045,0.8590711,0.13489218,US
4480,dormant,False,True,complex,complex,complex,0.0057087163,0.12636325,0.867928,US
4481,dormant,False,True,complex,complex,complex,0.0016352031,0.030177617,0.96818715,US
4482,dormant,False,True,complex,complex,complex,0.006939904,0.061863247,0.93119687,US
4483,dormant,False,True,complex,complex,complex,0.0021371352,0.01194147,0.98592144,US
4484,dormant,False,False,complex,complex,complex,0.0010331991,0.020334084,0.97863275,US
4485,dormant,False,True,complex,complex,complex,0.002335006,0.09491321,0.9027518,US
4486,dormant,False,True,complex,complex,complex,0.0011475874,0.05486046,0.94399196,US
4487,dormant,False,True,complex,complex,complex,0.001797764,0.045103583,0.95309865,US
4488,dormant,False,True,complex,complex,complex,0.0012031139,0.027749205,0.9710477,US
4489,dormant,False,True,intermediate,intermediate,intermediate,0.0021699467,0.94321054,0.054619532,US
4490,dormant,False,True,complex,complex,complex,0.003058768,0.22758776,0.7693535,US
4491,dormant,False,True,intermediate,intermediate,intermediate,0.0040938132,0.9514899,0.044416327,US
4492,dormant,False,True,complex,complex,complex,0.001880745,0.038812056,0.9593072,US
4493,dormant,False,False,complex,complex,complex,0.002543336,0.08595087,0.9115058,US
4494,dormant,False,False,complex,intermediate,intermediate,0.004308823,0.51686525,0.47882593,US
4495,dormant,False,True,complex,complex,complex,0.0055504534,0.018889409,0.9755602,US
4496,dormant,False,True,intermediate,intermediate,intermediate,0.0028929322,0.83899355,0.15811354,US
4497,dormant,False,True,complex,complex,complex,0.0015419194,0.04199165,0.9564665,US
4498,dormant,False,True,complex,complex,complex,0.0022163484,0.043708943,0.9540747,US
4499,dormant,False,True,intermediate,intermediate,intermediate,0.0021909687,0.9146467,0.08316232,US
4500,dormant,False,True,complex,complex,complex,0.00092551566,0.012977962,0.98609656,US
4501,dormant,False,True,complex,complex,complex,0.0046500587,0.11433399,0.881016,US
4502,dormant,False,True,complex,complex,complex,0.0022712853,0.034327354,0.9634013,US
4503,dormant,False,False,complex,complex,complex,0.006202087,0.30312866,0.6906693,US
4504,dormant,False,True,complex,complex,complex,0.0070608137,0.15616503,0.8367741,US
4505,dormant,False,True,complex,complex,complex,0.014180333,0.24308325,0.7427364,US
4506,dormant,False,True,intermediate,intermediate,intermediate,0.0071341773,0.6469295,0.34593633,US
4507,dormant,False,True,complex,complex,complex,0.004369817,0.35777515,0.637855,US
4508,dormant,False,False,complex,complex,complex,0.0014920322,0.03288319,0.96562475,US
4509,dormant,False,True,complex,complex,complex,0.016897738,0.041594468,0.94150776,US
4510,dormant,False,True,complex,complex,complex,0.0027284191,0.03305672,0.9642149,US
4511,dormant,False,False,complex,complex,complex,0.004724081,0.06317662,0.9320992,US
4512,dormant,False,False,complex,complex,complex,0.018449908,0.27747872,0.7040714,US
4513,dormant,False,False,intermediate,intermediate,intermediate,0.031741418,0.6940439,0.27421466,US
4514,dormant,False,True,complex,complex,complex,0.00786993,0.022841815,0.96928823,US
4515,dormant,False,True,complex,complex,complex,0.0056116018,0.0439331,0.95045525,US
4516,dormant,False,True,complex,complex,complex,0.012537101,0.10827521,0.87918776,US
4517,dormant,False,True,complex,complex,complex,0.0021160427,0.014103466,0.9837805,US
4518,dormant,False,True,complex,complex,complex,0.019269852,0.008456169,0.972274,US
4519,dormant,False,True,complex,complex,complex,0.020834858,0.14868732,0.8304778,US
4520,dormant,False,False,complex,complex,complex,0.022269277,0.13872442,0.8390063,US
4521,dormant,False,True,intermediate,intermediate,intermediate,0.011104463,0.74314857,0.245747,US
4522,dormant,False,True,complex,complex,complex,0.006519155,0.048315607,0.9451652,US
4523,dormant,False,True,complex,complex,complex,0.015821872,0.12871058,0.85546756,US
4524,dormant,False,True,complex,complex,complex,0.009421594,0.045840643,0.94473773,US
4525,dormant,False,True,complex,complex,complex,0.008584317,0.11068622,0.88072944,US
4526,dormant,False,True,complex,complex,complex,0.0062743053,0.05308233,0.9406434,US
4527,dormant,False,True,intermediate,intermediate,intermediate,0.014237755,0.8663397,0.11942252,US
4528,dormant,False,True,intermediate,intermediate,intermediate,0.02957027,0.90561926,0.06481048,US
4529,dormant,False,False,complex,intermediate,intermediate,0.009356769,0.89525056,0.0953927,US
4530,dormant,False,True,intermediate,intermediate,intermediate,0.036974426,0.9499369,0.013088623,US
4531,dormant,False,True,complex,complex,complex,0.024402507,0.13914937,0.83644813,US
4532,dormant,False,True,intermediate,intermediate,intermediate,0.0107592335,0.9719222,0.017318523,US
4533,dormant,False,False,intermediate,intermediate,intermediate,0.24801686,0.7045474,0.047435693,US
4534,dormant,False,True,intermediate,intermediate,intermediate,0.015541169,0.9653046,0.019154279,US
4535,dormant,False,True,intermediate,intermediate,intermediate,0.004032134,0.9347799,0.061188042,US
4536,dormant,False,True,intermediate,intermediate,intermediate,0.02633442,0.96061355,0.0130520575,US
4537,dormant,False,True,complex,complex,complex,0.0062926523,0.15189265,0.84181476,US
4538,dormant,False,True,complex,complex,complex,0.005663956,0.09236234,0.9019737,US
4539,dormant,False,True,intermediate,intermediate,intermediate,0.18749131,0.77983445,0.032674257,US
4540,dormant,False,False,simple,simple,simple,0.76206696,0.20917593,0.0287571,US
4541,dormant,False,False,simple,simple,simple,0.9339659,0.06254619,0.0034878876,US
4542,dormant,False,True,simple,simple,simple,0.97547174,0.020813614,0.0037146641,US
4543,dormant,False,False,simple,intermediate,intermediate,0.08332744,0.888534,0.028138503,US
4544,dormant,False,True,simple,simple,simple,0.98952174,0.007019028,0.0034592368,US
4545,dormant,False,True,intermediate,intermediate,intermediate,0.03439135,0.9573633,0.008245278,US
4546,dormant,False,True,simple,simple,simple,0.9054221,0.08716575,0.0074121854,US
4547,dormant,False,True,simple,simple,simple,0.96003586,0.025175264,0.0147889,US
4548,dormant,False,True,intermediate,intermediate,intermediate,0.011267995,0.9753219,0.013410081,US
4549,dormant,False,True,intermediate,intermediate,intermediate,0.022375386,0.96558297,0.01204163,US
4550,dormant,False,True,intermediate,intermediate,intermediate,0.014068773,0.9772899,0.00864136,US
4551,dormant,False,True,intermediate,intermediate,intermediate,0.008708863,0.8831973,0.10809388,US
4552,dormant,False,True,complex,complex,complex,0.019579262,0.082053065,0.8983677,US
1,growing,False,True,complex,complex,complex,0.047319405,0.106956884,0.8457237,AR
2,growing,False,False,,complex,complex,0.00912886,0.45680833,0.53406286,AR
3,growing,False,False,,intermediate,intermediate,0.051064387,0.5750247,0.37391087,AR
4,growing,False,False,complex,complex,complex,0.035684157,0.45825619,0.50605965,AR
5,growing,False,True,complex,complex,complex,0.014625168,0.06695235,0.91842246,AR
6,growing,False,True,complex,complex,complex,0.018468376,0.035496373,0.94603527,AR
7,growing,False,False,complex,intermediate,intermediate,0.07356431,0.4804658,0.44596988,AR
8,growing,False,True,complex,complex,complex,0.018614791,0.092515625,0.8888696,AR
9,growing,False,True,complex,complex,complex,0.017784879,0.077928044,0.90428704,AR
10,growing,False,False,complex,simple,simple,0.84445405,0.05105741,0.10448854,AR
11,growing,False,True,intermediate,intermediate,intermediate,0.053028923,0.73394465,0.21302643,AU
12,growing,False,False,intermediate,complex,complex,0.034260493,0.43195456,0.533785,AU
13,growing,False,True,complex,complex,complex,0.03209386,0.4811128,0.48679334,AU
14,growing,False,True,intermediate,intermediate,intermediate,0.024000099,0.8677132,0.108286716,AU
15,growing,False,False,intermediate,intermediate,intermediate,0.011480803,0.7907828,0.19773637,AU
16,growing,False,True,intermediate,intermediate,intermediate,0.05222341,0.71421826,0.23355827,AU
17,growing,False,True,intermediate,intermediate,intermediate,0.006207097,0.83776283,0.15603012,AU
18,growing,False,True,simple,simple,simple,0.6418518,0.24727426,0.11087399,AU
19,growing,False,True,complex,intermediate,intermediate,0.0497447,0.52501607,0.42523926,AU
20,growing,False,False,intermediate,complex,complex,0.15492858,0.07166379,0.77340764,AU
21,growing,False,True,complex,complex,complex,0.10184819,0.34487468,0.55327713,AU
22,growing,False,False,complex,complex,complex,0.06068617,0.20030908,0.73900473,AU
23,growing,False,True,complex,complex,complex,0.016312275,0.12285472,0.86083305,AU
24,growing,False,True,complex,complex,complex,0.038131356,0.06472374,0.8971449,AU
25,growing,False,False,intermediate,intermediate,intermediate,0.05787167,0.7469867,0.19514164,AU
26,growing,False,True,complex,intermediate,intermediate,0.021483209,0.56716156,0.4113552,AU
27,growing,False,True,complex,complex,complex,0.0038092216,0.03094406,0.96524674,AU
28,growing,False,False,intermediate,intermediate,intermediate,0.029236497,0.6000162,0.37074733,AU
29,growing,False,True,intermediate,intermediate,intermediate,0.015152997,0.93275136,0.05209559,AU
30,growing,False,True,complex,complex,complex,0.011566582,0.44809133,0.5403421,AU
31,growing,False,True,complex,complex,complex,0.01899518,0.3022119,0.67879295,AU
32,growing,False,True,complex,complex,complex,0.024735507,0.123447396,0.85181713,AU
33,growing,False,False,complex,complex,complex,0.031787954,0.39356446,0.5746476,AU
34,growing,False,False,intermediate,intermediate,intermediate,0.08271614,0.6927181,0.22456576,AU
35,growing,False,True,complex,complex,complex,0.036793504,0.38535327,0.5778532,AU
36,growing,False,False,intermediate,intermediate,intermediate,0.10773867,0.5920663,0.30019504,AU
37,growing,False,True,intermediate,intermediate,intermediate,0.024093084,0.93479633,0.041110624,AU
38,growing,False,True,intermediate,intermediate,intermediate,0.011744564,0.90921295,0.07904249,AU
39,growing,False,True,intermediate,intermediate,intermediate,0.01818932,0.8860799,0.09573081,AU
40,growing,False,False,intermediate,complex,complex,0.04652812,0.45612848,0.49734336,AU
41,growing,False,False,intermediate,intermediate,intermediate,0.042175755,0.4948398,0.46298447,AU
42,growing,False,False,intermediate,intermediate,intermediate,0.10942219,0.60923886,0.28133893,AU
43,growing,False,True,intermediate,intermediate,intermediate,0.0053712986,0.84706044,0.14756832,AU
44,growing,False,False,intermediate,intermediate,intermediate,0.060464785,0.5624768,0.37705845,AU
45,growing,False,True,intermediate,intermediate,intermediate,0.016339758,0.8952758,0.08838442,AU
46,growing,False,False,intermediate,complex,complex,0.03146362,0.3805181,0.58801824,AU
47,growing,False,True,simple,intermediate,intermediate,0.35255727,0.4515373,0.19590543,AU
48,growing,False,True,intermediate,intermediate,intermediate,0.061440073,0.8666365,0.071923435,AU
49,growing,False,False,complex,intermediate,intermediate,0.014582494,0.7587528,0.22666466,AU
50,growing,False,True,intermediate,intermediate,intermediate,0.06210589,0.73934335,0.19855079,AU
51,growing,False,True,intermediate,intermediate,intermediate,0.011048351,0.8096031,0.17934848,AU
52,growing,False,True,intermediate,intermediate,intermediate,0.020608094,0.76321673,0.21617518,AU
53,growing,False,True,complex,complex,complex,0.0044081598,0.042021304,0.95357054,AU
54,growing,False,True,intermediate,intermediate,intermediate,0.01787376,0.91486293,0.067263305,AU
55,growing,False,True,complex,intermediate,intermediate,0.06510941,0.49288657,0.44200402,AU
56,growing,False,True,complex,complex,complex,0.023755934,0.11010112,0.8661429,AU
57,growing,False,False,complex,complex,complex,0.009691509,0.070773356,0.9195351,AU
58,growing,False,True,complex,complex,complex,0.108304255,0.37921986,0.5124759,AU
59,growing,False,False,intermediate,complex,complex,0.016039675,0.43930304,0.5446573,AU
60,growing,False,False,complex,complex,complex,0.057199508,0.37973556,0.56306493,AU
61,growing,False,True,intermediate,intermediate,intermediate,0.02729959,0.53257495,0.44012547,AU
62,growing,False,True,intermediate,intermediate,intermediate,0.011587158,0.80047065,0.1879422,AU
63,growing,False,False,complex,complex,complex,0.0049194093,0.12744153,0.86763906,AU
64,growing,False,True,complex,complex,complex,0.003498861,0.029109688,0.96739143,AU
65,growing,False,True,complex,complex,complex,0.005610308,0.029961053,0.96442866,AU
66,growing,False,True,complex,complex,complex,0.0019288626,0.015902618,0.9821685,AU
67,growing,False,True,intermediate,intermediate,intermediate,0.02941741,0.7802664,0.19031624,AU
68,growing,False,True,complex,complex,complex,0.004152919,0.011178662,0.98466843,AU
69,growing,False,True,complex,complex,complex,0.008787463,0.045396183,0.94581634,AU
70,growing,False,True,complex,complex,complex,0.016700473,0.46552208,0.51777744,AU
71,growing,False,True,complex,complex,complex,0.0017437139,0.007409519,0.9908468,AU
72,growing,False,True,complex,complex,complex,0.0056013656,0.089590386,0.9048082,AU
73,growing,False,True,intermediate,intermediate,intermediate,0.015744299,0.85007054,0.13418521,AU
74,growing,False,True,complex,complex,complex,0.08640763,0.3392492,0.57434314,AU
75,growing,False,True,complex,complex,complex,0.010623722,0.12076678,0.86860955,AU
76,growing,False,True,intermediate,intermediate,intermediate,0.050322868,0.7927268,0.1569503,AU
77,growing,False,True,intermediate,intermediate,intermediate,0.023945427,0.8322706,0.1437839,AU
78,growing,False,True,intermediate,intermediate,intermediate,0.05271931,0.8377343,0.10954643,AU
79,growing,False,True,intermediate,intermediate,intermediate,0.041907284,0.901649,0.056443695,AU
80,growing,False,False,complex,intermediate,intermediate,0.101065926,0.4655739,0.4333602,AU
81,growing,False,True,complex,complex,complex,0.009981662,0.092516,0.89750236,AU
82,growing,False,False,complex,intermediate,intermediate,0.03636507,0.58227,0.3813649,AU
83,growing,False,True,complex,complex,complex,0.0217602,0.37983277,0.5984071,AU
84,growing,False,True,intermediate,intermediate,intermediate,0.011811294,0.7787994,0.20938934,AU
85,growing,False,True,complex,complex,complex,0.0047449013,0.02723059,0.9680245,AU
86,growing,False,True,complex,complex,complex,0.005242876,0.15055008,0.8442071,AU
87,growing,False,True,complex,complex,complex,0.0038731801,0.105306804,0.89082,AU
88,growing,False,True,complex,complex,complex,0.019147366,0.087275855,0.89357686,AU
89,growing,False,True,complex,complex,complex,0.0045006727,0.2171494,0.77834994,AU
90,growing,False,False,complex,complex,complex,0.016187007,0.38607085,0.59774214,AU
91,growing,False,True,intermediate,intermediate,intermediate,0.016218487,0.7544009,0.22938058,AU
92,growing,False,True,complex,intermediate,intermediate,0.07844657,0.530298,0.3912555,AU
93,growing,False,True,complex,complex,complex,0.07570004,0.2952981,0.62900186,AU
94,growing,False,False,intermediate,complex,complex,0.010451982,0.18465346,0.80489457,AU
95,growing,False,False,intermediate,simple,simple,0.50007486,0.22860828,0.27131683,AU
96,growing,False,False,complex,complex,complex,0.025130875,0.14921066,0.82565844,AU
97,growing,False,True,intermediate,intermediate,intermediate,0.047749132,0.6784687,0.27378216,AU
98,growing,False,False,,complex,complex,0.013399373,0.09145337,0.8951472,AU
99,growing,False,False,complex,complex,complex,0.05603822,0.10243363,0.8415282,AU
100,growing,False,True,simple,simple,simple,0.63552475,0.2415092,0.12296609,AU
101,growing,False,True,complex,complex,complex,0.104715616,0.41475427,0.48053008,AU
102,growing,False,True,intermediate,intermediate,intermediate,0.020719906,0.73339695,0.2458832,AU
103,growing,False,True,intermediate,intermediate,intermediate,0.105835766,0.70804614,0.18611807,AU
104,growing,False,True,simple,simple,simple,0.92077124,0.04815615,0.03107259,AU
105,growing,False,True,intermediate,intermediate,intermediate,0.11575528,0.8310183,0.053226378,AU
106,growing,False,False,intermediate,intermediate,intermediate,0.09008471,0.7556112,0.15430413,AU
107,growing,False,True,complex,complex,complex,0.085789666,0.29532093,0.6188894,AU
108,growing,False,False,intermediate,intermediate,intermediate,0.25328308,0.70904964,0.037667308,AU
109,growing,False,False,intermediate,simple,simple,0.61855066,0.34989858,0.031550802,AU
110,growing,False,True,complex,intermediate,intermediate,0.028887952,0.51423806,0.45687398,AU
111,growing,False,False,complex,complex,complex,0.32003736,0.33827555,0.34168708,AU
112,growing,False,True,intermediate,intermediate,intermediate,0.15867437,0.64005,0.20127562,AU
113,growing,False,False,complex,complex,complex,0.25742325,0.13603908,0.60653764,AU
114,growing,False,False,intermediate,simple,simple,0.39384222,0.24611816,0.36003965,AU
115,growing,False,True,complex,complex,complex,0.049549647,0.2945373,0.65591305,AU
116,growing,False,True,simple,simple,simple,0.91756904,0.044809565,0.037621345,AU
117,growing,False,True,intermediate,intermediate,intermediate,0.05547444,0.8142031,0.13032253,AU
118,growing,False,True,intermediate,intermediate,intermediate,0.025215358,0.90278447,0.0720002,AU
119,growing,False,False,intermediate,intermediate,intermediate,0.07546897,0.7616962,0.16283476,AU
120,growing,False,True,intermediate,intermediate,intermediate,0.014839568,0.89866555,0.08649483,AU
121,growing,False,True,complex,complex,complex,0.008454659,0.35070604,0.64083934,AU
122,growing,False,True,complex,complex,complex,0.0079809595,0.27910623,0.7129128,AU
123,growing,False,True,complex,complex,complex,0.009647537,0.19436643,0.79598606,AU
124,growing,False,True,complex,complex,complex,0.0061411555,0.20588861,0.78797024,AU
125,growing,False,False,complex,intermediate,intermediate,0.01640534,0.66476774,0.3188269,AU
126,growing,False,True,intermediate,intermediate,intermediate,0.041865323,0.8490682,0.1090665,AU
127,growing,False,True,complex,complex,complex,0.020455195,0.23441367,0.74513113,AU
128,growing,False,False,intermediate,intermediate,intermediate,0.09670173,0.6668353,0.23646297,AU
129,growing,False,True,intermediate,intermediate,intermediate,0.017767353,0.79930437,0.18292834,AU
130,growing,False,True,intermediate,intermediate,intermediate,0.010979256,0.78915966,0.1998611,AU
131,growing,False,False,intermediate,simple,simple,0.84887755,0.087145805,0.063976616,AU
132,growing,False,True,intermediate,intermediate,intermediate,0.10930957,0.8452055,0.045484886,AU
133,growing,False,True,complex,intermediate,intermediate,0.055241656,0.5027584,0.44199994,AU
134,growing,False,True,complex,intermediate,intermediate,0.04591602,0.7836304,0.17045361,AU
135,growing,False,False,intermediate,intermediate,intermediate,0.103256874,0.8094315,0.08731166,AU
136,growing,False,True,intermediate,intermediate,intermediate,0.046143122,0.8830907,0.07076618,AU
137,growing,False,True,intermediate,intermediate,intermediate,0.06310416,0.8872183,0.049677603,AU
138,growing,False,True,simple,simple,simple,0.8305068,0.14001057,0.029482588,AU
139,growing,False,True,intermediate,intermediate,intermediate,0.023606157,0.88275766,0.09363615,AU
140,growing,False,True,intermediate,intermediate,intermediate,0.08055091,0.8949501,0.02449901,AU
141,growing,False,True,intermediate,intermediate,intermediate,0.017241608,0.82031095,0.16244744,AU
142,growing,False,True,complex,intermediate,intermediate,0.015891671,0.607352,0.37675634,AU
143,growing,False,True,intermediate,intermediate,intermediate,0.014404265,0.8242739,0.16132183,AU
144,growing,False,True,complex,complex,complex,0.01916455,0.0610136,0.91982186,AU
145,growing,False,True,complex,complex,complex,0.019178905,0.06840133,0.9124198,AU
146,growing,False,True,intermediate,intermediate,intermediate,0.015957773,0.90178365,0.08225852,AU
147,growing,False,True,intermediate,intermediate,intermediate,0.034767188,0.60846055,0.3567723,AU
148,growing,False,True,complex,complex,complex,0.05420109,0.15223013,0.7935688,AU
149,growing,False,True,intermediate,intermediate,intermediate,0.14026523,0.63212126,0.22761354,AU
150,growing,False,True,complex,complex,complex,0.15193933,0.09744036,0.7506203,AU
151,growing,False,True,complex,complex,complex,0.022416295,0.24298038,0.73460335,AU
152,growing,False,False,intermediate,intermediate,intermediate,0.17999206,0.7790077,0.04100027,AU
153,growing,False,True,intermediate,intermediate,intermediate,0.028098589,0.85731584,0.114585616,AU
154,growing,False,True,intermediate,intermediate,intermediate,0.18495676,0.75181615,0.06322716,AU
155,growing,False,True,intermediate,intermediate,intermediate,0.038923796,0.7727812,0.18829499,AU
156,growing,False,True,intermediate,intermediate,intermediate,0.022135602,0.88718903,0.09067538,AU
157,growing,False,True,simple,simple,simple,0.95500857,0.02993055,0.015060889,AU
158,growing,False,True,intermediate,intermediate,intermediate,0.09040105,0.8153121,0.09428692,AU
159,growing,False,True,intermediate,intermediate,intermediate,0.009459923,0.95366335,0.036876682,AU
160,growing,False,True,intermediate,intermediate,intermediate,0.003292838,0.94732815,0.04937895,AU
161,growing,False,True,simple,simple,simple,0.8679803,0.0935754,0.0384443,AU
162,growing,False,True,simple,simple,simple,0.9359079,0.033856146,0.030235905,AU
163,growing,False,True,intermediate,intermediate,intermediate,0.029258637,0.819584,0.15115732,AU
164,growing,False,True,intermediate,intermediate,intermediate,0.01134147,0.958984,0.029674482,AU
165,growing,False,True,intermediate,intermediate,intermediate,0.012511303,0.8860466,0.10144211,AU
166,growing,False,True,complex,complex,complex,0.051862907,0.35014498,0.5979921,AU
167,growing,False,True,complex,intermediate,intermediate,0.023326442,0.6074308,0.36924273,AU
168,growing,False,True,complex,complex,complex,0.030472264,0.3144802,0.65504754,AU
169,growing,False,True,complex,complex,complex,0.024272703,0.27270776,0.70301956,AU
170,growing,False,True,complex,complex,complex,0.027560106,0.38978174,0.5826582,AU
171,growing,False,True,intermediate,intermediate,intermediate,0.023827795,0.8440089,0.13216326,AU
172,growing,False,True,intermediate,intermediate,intermediate,0.009823014,0.9136431,0.07653386,AU
173,growing,False,False,intermediate,intermediate,intermediate,0.042324018,0.64902294,0.30865306,AU
174,growing,False,True,intermediate,intermediate,intermediate,0.0428095,0.87641567,0.08077489,AU
175,growing,False,True,intermediate,intermediate,intermediate,0.046749584,0.87293196,0.08031845,AU
176,growing,False,True,intermediate,intermediate,intermediate,0.016396288,0.91399235,0.06961138,AU
177,growing,False,True,intermediate,intermediate,intermediate,0.007618144,0.94706595,0.045315973,AU
178,growing,False,False,complex,intermediate,intermediate,0.10947424,0.6151228,0.27540293,AU
179,growing,False,False,intermediate,complex,complex,0.077620566,0.4450211,0.47735837,AU
180,growing,False,True,complex,complex,complex,0.015522901,0.28859684,0.6958803,AU
181,growing,False,True,intermediate,intermediate,intermediate,0.02366342,0.90133834,0.07499829,AU
182,growing,False,False,intermediate,intermediate,intermediate,0.10317465,0.57508916,0.3217362,AU
183,growing,False,True,intermediate,intermediate,intermediate,0.021747615,0.9029863,0.07526614,AU
184,growing,False,True,complex,complex,complex,0.0049948483,0.010657405,0.9843478,AU
185,growing,False,True,complex,complex,complex,0.025396083,0.36988312,0.60472083,AU
186,growing,False,False,complex,complex,complex,0.010584383,0.06428372,0.9251319,AU
187,growing,False,True,complex,complex,complex,0.0047589457,0.25150898,0.7437321,AU
188,growing,False,True,complex,complex,complex,0.014977124,0.08722158,0.8978013,AU
189,growing,False,False,complex,complex,complex,0.02755497,0.24048918,0.7319558,AU
190,growing,False,True,complex,complex,complex,0.017117852,0.34252122,0.64036095,AU
191,growing,False,True,complex,complex,complex,0.059051502,0.11175867,0.8291898,AU
192,growing,False,True,complex,complex,complex,0.04322736,0.23556487,0.72120774,AU
193,growing,False,True,complex,complex,complex,0.035763085,0.27085683,0.6933801,AU
194,growing,False,True,intermediate,intermediate,intermediate,0.047948647,0.8699513,0.0821001,AU
195,growing,False,True,complex,complex,complex,0.013494992,0.03300798,0.9534971,AU
196,growing,False,True,complex,complex,complex,0.04172946,0.0815345,0.87673604,AU
197,growing,False,True,complex,complex,complex,0.026196783,0.20089303,0.7729102,AU
198,growing,False,True,complex,complex,complex,0.13855398,0.14495291,0.71649307,AU
199,growing,False,True,simple,simple,simple,0.6821448,0.17920221,0.13865295,AU
200,growing,False,True,intermediate,intermediate,intermediate,0.012968605,0.8772496,0.10978176,AU
201,growing,False,False,intermediate,complex,complex,0.08757967,0.3033958,0.6090246,AU
202,growing,False,False,complex,complex,complex,0.032937218,0.24686311,0.72019964,AU
203,growing,False,False,complex,complex,complex,0.027349584,0.20866938,0.76398104,AU
204,growing,False,True,complex,complex,complex,0.024529457,0.21730341,0.7581671,AU
205,growing,False,True,complex,complex,complex,0.015046764,0.38603672,0.59891653,AU
206,growing,False,True,complex,intermediate,intermediate,0.02725354,0.59114397,0.38160247,AU
207,growing,False,True,intermediate,intermediate,intermediate,0.026645157,0.71514463,0.2582102,AU
208,growing,False,False,intermediate,intermediate,intermediate,0.20582223,0.6538931,0.14028461,AU
209,growing,False,True,simple,simple,simple,0.972172,0.014456339,0.013371675,AU
210,growing,False,True,intermediate,intermediate,intermediate,0.0063971314,0.90471715,0.088885665,AU
211,growing,False,True,simple,simple,simple,0.9484348,0.04392673,0.007638459,AU
212,growing,False,False,simple,simple,simple,0.9433253,0.03661386,0.020060854,AU
213,growing,False,True,simple,simple,simple,0.98747534,0.006583595,0.0059410622,AU
214,growing,False,True,intermediate,intermediate,intermediate,0.04958982,0.8978187,0.05259155,AU
215,growing,False,False,simple,simple,simple,0.89576185,0.054486234,0.049751922,AU
216,growing,False,True,intermediate,intermediate,intermediate,0.04594781,0.85232514,0.10172708,AU
217,growing,False,True,simple,simple,simple,0.98812443,0.005878203,0.0059974166,AU
218,growing,False,False,intermediate,intermediate,intermediate,0.040028002,0.6023179,0.3576541,AU
219,growing,False,False,complex,complex,complex,0.019542726,0.05137675,0.92908055,BR
220,growing,False,True,complex,complex,complex,0.0065611084,0.08503282,0.9084061,BR
221,growing,False,False,,complex,complex,0.027099453,0.32438013,0.6485204,BR
222,growing,False,False,,complex,complex,0.031977106,0.44259807,0.52542484,BR
223,growing,False,True,complex,complex,complex,0.015940972,0.18463598,0.79942304,BR
224,growing,False,True,complex,complex,complex,0.047791522,0.16425723,0.7879513,BR
225,growing,False,True,complex,complex,complex,0.06507812,0.20535944,0.7295624,BR
226,growing,False,True,complex,complex,complex,0.018686062,0.105830215,0.87548375,BR
227,growing,False,True,complex,complex,complex,0.0060826605,0.08362153,0.9102958,BR
228,growing,False,True,complex,complex,complex,0.070206545,0.10439299,0.8254004,BR
229,growing,False,True,complex,complex,complex,0.0059201377,0.018170409,0.9759094,BR
230,growing,False,False,complex,complex,complex,0.007551292,0.049039308,0.94340944,BR
231,growing,False,True,complex,complex,complex,0.050263777,0.034531064,0.9152052,BR
232,growing,False,True,complex,complex,complex,0.023615811,0.07211232,0.90427184,BR
233,growing,False,True,complex,complex,complex,0.023868952,0.062166188,0.91396487,BR
234,growing,False,False,complex,complex,complex,0.032818325,0.09417112,0.8730105,BR
235,growing,False,True,complex,complex,complex,0.019403905,0.045544077,0.93505204,BR
236,growing,False,True,complex,complex,complex,0.008572283,0.095586054,0.8958416,BR
237,growing,False,True,complex,complex,complex,0.0039480366,0.06790078,0.9281512,BR
238,growing,False,True,complex,complex,complex,0.008048043,0.13301708,0.8589349,BR
239,growing,False,True,intermediate,complex,complex,0.02317333,0.4200128,0.5568139,BR
240,growing,False,True,complex,complex,complex,0.0068570683,0.021735555,0.9714074,BR
241,growing,False,True,complex,complex,complex,0.06778858,0.055054795,0.87715656,BR
242,growing,False,False,complex,complex,complex,0.0043405276,0.11107094,0.88458854,BR
243,growing,False,True,complex,complex,complex,0.032872662,0.110927515,0.8561998,BR
244,growing,False,True,complex,complex,complex,0.014261516,0.024891129,0.9608474,BR
245,growing,False,True,complex,complex,complex,0.024923341,0.30905256,0.6660241,BR
246,growing,False,True,complex,complex,complex,0.017661449,0.05633807,0.9260005,BR
247,growing,False,True,complex,complex,complex,0.046781532,0.095421195,0.85779727,BR
248,growing,False,True,complex,complex,complex,0.10232835,0.19361234,0.70405936,BR
249,growing,False,True,complex,complex,complex,0.05803629,0.12810856,0.8138552,BR
250,growing,False,True,complex,complex,complex,0.02499989,0.06470751,0.9102926,BR
251,growing,False,True,complex,complex,complex,0.046849433,0.18003532,0.7731152,BR
252,growing,False,True,complex,complex,complex,0.06733752,0.07979126,0.8528712,BR
253,growing,False,False,complex,complex,complex,0.031111171,0.11778753,0.85110134,BR
254,growing,False,False,complex,complex,complex,0.0070426143,0.023487087,0.96947026,BR
255,growing,False,False,,complex,complex,0.012407692,0.023055311,0.96453696,BR
256,growing,False,True,complex,complex,complex,0.009491606,0.023529606,0.96697885,BR
257,growing,False,True,complex,complex,complex,0.04480056,0.10544388,0.8497555,BR
258,growing,False,False,complex,complex,complex,0.027661234,0.129467,0.8428718,BR
259,growing,False,True,complex,complex,complex,0.010138215,0.041036546,0.9488253,BR
260,growing,False,True,complex,complex,complex,0.034025047,0.29590848,0.6700664,BR
261,growing,False,True,intermediate,intermediate,intermediate,0.017453713,0.78566366,0.19688259,BR
262,growing,False,True,intermediate,intermediate,intermediate,0.032961756,0.6328078,0.33423045,BR
263,growing,False,True,intermediate,intermediate,intermediate,0.06800105,0.746536,0.18546295,BR
264,growing,False,True,intermediate,intermediate,intermediate,0.024275452,0.87913096,0.09659353,BR
265,growing,False,False,complex,intermediate,intermediate,0.016480697,0.56892556,0.41459373,BR
266,growing,False,True,complex,complex,complex,0.007654938,0.19217432,0.8001707,BR
267,growing,False,True,intermediate,intermediate,intermediate,0.022464508,0.8547359,0.12279964,BR
268,growing,False,False,complex,complex,complex,0.06428262,0.30314407,0.6325733,BR
269,growing,False,False,complex,intermediate,intermediate,0.013464977,0.85428005,0.13225497,BR
270,growing,False,True,complex,complex,complex,0.011515008,0.35364893,0.6348361,BR
271,growing,False,False,intermediate,complex,complex,0.013239356,0.39159334,0.5951673,BR
272,growing,False,True,intermediate,intermediate,intermediate,0.02132608,0.728201,0.25047296,BR
273,growing,False,True,complex,complex,complex,0.017552225,0.37153628,0.6109115,BR
274,growing,False,True,intermediate,intermediate,intermediate,0.022704259,0.8791213,0.09817443,BR
275,growing,False,True,intermediate,intermediate,intermediate,0.015072316,0.90267473,0.08225294,BR
276,growing,False,True,intermediate,intermediate,intermediate,0.010900292,0.8754414,0.11365831,BR
277,growing,False,False,intermediate,intermediate,intermediate,0.0130111035,0.559015,0.42797393,BR
278,growing,False,True,intermediate,intermediate,intermediate,0.010357828,0.7267023,0.26293993,BR
279,growing,False,True,intermediate,intermediate,intermediate,0.08269866,0.7664955,0.1508058,BR
280,growing,False,False,complex,intermediate,intermediate,0.026253615,0.7862992,0.1874472,BR
281,growing,False,True,intermediate,intermediate,intermediate,0.004934566,0.95750475,0.03756065,BR
282,growing,False,False,intermediate,intermediate,intermediate,0.016590465,0.69066596,0.29274356,BR
283,growing,False,True,intermediate,intermediate,intermediate,0.021520995,0.92505056,0.053428512,BR
284,growing,False,True,intermediate,intermediate,intermediate,0.005509536,0.9465457,0.04794476,BR
285,growing,False,True,complex,complex,complex,0.006715768,0.07086326,0.922421,BR
286,growing,False,True,complex,complex,complex,0.07689345,0.45459357,0.46851298,BR
287,growing,False,True,intermediate,intermediate,intermediate,0.010325782,0.60890526,0.38076898,BR
288,growing,False,True,complex,complex,complex,0.03154696,0.40520814,0.5632449,BR
289,growing,False,True,complex,complex,complex,0.014898511,0.16624857,0.81885296,BR
290,growing,False,True,complex,complex,complex,0.0054979175,0.07522087,0.9192812,BR
291,growing,False,False,complex,complex,complex,0.010998134,0.09279212,0.8962097,BR
292,growing,False,True,complex,complex,complex,0.014356961,0.22075042,0.76489264,BR
293,growing,False,True,complex,complex,complex,0.0070685036,0.16399606,0.82893544,BR
294,growing,False,True,intermediate,intermediate,intermediate,0.010218826,0.77516454,0.21461663,BR
295,growing,False,True,complex,complex,complex,0.014563454,0.21413702,0.77129954,BR
296,growing,False,True,complex,complex,complex,0.019485287,0.11336657,0.8671481,BR
297,growing,False,True,complex,complex,complex,0.022587352,0.1013988,0.8760139,BR
298,growing,False,True,complex,complex,complex,0.0036340612,0.093258664,0.9031073,BR
299,growing,False,True,intermediate,intermediate,intermediate,0.009178829,0.71118593,0.27963525,BR
300,growing,False,True,complex,complex,complex,0.014583956,0.11329453,0.8721215,BR
301,growing,False,True,intermediate,intermediate,intermediate,0.006796301,0.80999154,0.18321209,BR
302,growing,False,True,complex,complex,complex,0.0072823176,0.07259757,0.9201201,BR
303,growing,False,True,complex,complex,complex,0.013794716,0.19970742,0.7864979,BR
304,growing,False,False,complex,complex,complex,0.0029223238,0.08082124,0.9162564,BR
305,growing,False,True,intermediate,intermediate,intermediate,0.008872276,0.7696879,0.22143984,BR
306,growing,False,True,complex,complex,complex,0.00910373,0.2113004,0.77959585,BR
307,growing,False,True,complex,complex,complex,0.017127657,0.18534178,0.79753053,BR
308,growing,False,True,complex,complex,complex,0.010527205,0.177295,0.81217784,BR
309,growing,False,True,complex,complex,complex,0.006385313,0.077844456,0.91577023,BR
310,growing,False,True,complex,complex,complex,0.011749951,0.1250497,0.86320037,BR
311,growing,False,True,complex,complex,complex,0.008811514,0.14662692,0.8445616,BR
312,growing,False,False,intermediate,complex,complex,0.015818136,0.22414555,0.7600363,BR
313,growing,False,True,complex,complex,complex,0.010855444,0.12984835,0.85929626,BR
314,growing,False,False,complex,complex,complex,0.010297917,0.14418633,0.8455158,BR
315,growing,False,True,complex,complex,complex,0.0064549716,0.21003513,0.7835099,BR
316,growing,False,False,complex,complex,complex,0.009491956,0.12497223,0.86553586,BR
317,growing,False,True,complex,complex,complex,0.059575167,0.13232198,0.80810285,BR
318,growing,False,True,complex,complex,complex,0.017195819,0.14574791,0.8370563,BR
319,growing,False,False,complex,complex,complex,0.0497857,0.16297214,0.7872421,BR
320,growing,False,True,complex,complex,complex,0.006174054,0.11249111,0.8813349,BR
321,growing,False,True,complex,complex,complex,0.023663586,0.099478364,0.87685806,BR
322,growing,False,True,complex,complex,complex,0.0035502813,0.05056628,0.94588345,BR
323,growing,False,True,complex,complex,complex,0.020482596,0.04076438,0.93875307,BR
324,growing,False,True,complex,complex,complex,0.009641991,0.06886474,0.92149323,BR
325,growing,False,True,complex,complex,complex,0.009817461,0.25190836,0.7382742,BR
326,growing,False,True,complex,complex,complex,0.010896973,0.2936713,0.69543177,BR
327,growing,False,True,complex,complex,complex,0.11215681,0.06874289,0.8191003,BR
328,growing,False,True,complex,complex,complex,0.12118122,0.17892045,0.69989836,BR
329,growing,False,False,complex,complex,complex,0.16119617,0.12365898,0.7151448,BR
330,growing,False,True,complex,complex,complex,0.048077635,0.18950847,0.76241386,BR
331,growing,False,True,complex,complex,complex,0.0076460955,0.1130465,0.8793073,BR
332,growing,False,False,complex,complex,complex,0.0028265754,0.13809606,0.8590774,BR
333,growing,False,True,complex,complex,complex,0.008344602,0.057031177,0.93462425,BR
334,growing,False,True,complex,complex,complex,0.054081485,0.11632547,0.82959306,BR
335,growing,False,True,complex,complex,complex,0.0038980916,0.090254,0.9058479,BR
336,growing,False,False,intermediate,intermediate,intermediate,0.11086369,0.6955666,0.1935697,BR
337,growing,False,True,complex,intermediate,intermediate,0.16881013,0.58063483,0.250555,BR
338,growing,False,True,complex,intermediate,intermediate,0.0113216005,0.6894517,0.29922673,BR
339,growing,False,True,complex,complex,complex,0.06331901,0.43035686,0.5063241,BR
340,growing,False,True,complex,intermediate,intermediate,0.024974737,0.50227726,0.472748,BR
341,growing,False,False,complex,intermediate,intermediate,0.008579442,0.8499868,0.14143376,BR
342,growing,False,True,complex,complex,complex,0.02104234,0.09746533,0.8814923,BR
343,growing,False,True,complex,complex,complex,0.018883077,0.2764605,0.70465636,BR
344,growing,False,True,complex,complex,complex,0.0045535415,0.0599176,0.93552893,BR
345,growing,False,True,complex,complex,complex,0.060899213,0.38442695,0.55467385,BR
346,growing,False,False,complex,intermediate,intermediate,0.09226235,0.5655701,0.3421676,BR
347,growing,False,True,complex,complex,complex,0.0040178983,0.15702859,0.8389535,BR
348,growing,False,True,complex,complex,complex,0.0033523825,0.054646507,0.94200116,BR
349,growing,False,True,complex,complex,complex,0.013867065,0.08936458,0.8967684,BR
350,growing,False,True,complex,complex,complex,0.0029570966,0.049942203,0.9471007,BR
351,growing,False,True,complex,complex,complex,0.013562281,0.076364994,0.91007274,BR
352,growing,False,False,complex,complex,complex,0.0074544847,0.20207156,0.790474,BR
353,growing,False,False,intermediate,intermediate,intermediate,0.015967187,0.7778335,0.20619929,BR
354,growing,False,True,complex,complex,complex,0.0076340954,0.07156602,0.9207999,BR
355,growing,False,True,complex,complex,complex,0.0152048245,0.14882112,0.83597404,BR
356,growing,False,True,intermediate,intermediate,intermediate,0.013601756,0.8913532,0.095044985,BR
357,growing,False,True,intermediate,intermediate,intermediate,0.030829556,0.91516095,0.054009523,BR
358,growing,False,True,complex,complex,complex,0.008990351,0.42493165,0.566078,BR
359,growing,False,True,intermediate,intermediate,intermediate,0.028867746,0.91694057,0.05419172,BR
360,growing,False,False,complex,complex,complex,0.04857748,0.41366637,0.53775615,BR
361,growing,False,True,intermediate,intermediate,intermediate,0.05121985,0.8830816,0.065698475,BR
362,growing,False,True,complex,complex,complex,0.016829498,0.27903783,0.7041326,BR
363,growing,False,True,complex,complex,complex,0.17757131,0.14673814,0.67569053,BR
364,growing,False,True,complex,complex,complex,0.059085406,0.11473647,0.82617813,BR
365,growing,False,False,complex,intermediate,intermediate,0.028991027,0.5601252,0.41088378,BR
366,growing,False,True,complex,complex,complex,0.041098133,0.31583157,0.6430703,BR
367,growing,False,False,intermediate,complex,complex,0.042189267,0.30157226,0.65623844,BR
368,growing,False,True,complex,complex,complex,0.022015626,0.17854081,0.7994436,BR
369,growing,False,True,complex,complex,complex,0.023478217,0.16919635,0.80732536,BR
370,growing,False,True,complex,complex,complex,0.011312111,0.07091393,0.91777396,BR
371,growing,False,True,intermediate,intermediate,intermediate,0.034774024,0.7829594,0.18226664,BR
372,growing,False,True,complex,complex,complex,0.12558578,0.28352395,0.5908903,BR
373,growing,False,True,complex,complex,complex,0.059075054,0.26005948,0.68086547,BR
374,growing,False,True,complex,complex,complex,0.39231208,0.07811849,0.5295694,BR
375,growing,False,True,intermediate,intermediate,intermediate,0.08135975,0.60118467,0.31745556,BR
376,growing,False,True,intermediate,intermediate,intermediate,0.031987034,0.7560158,0.21199721,BR
377,growing,False,False,intermediate,intermediate,intermediate,0.044683587,0.6600005,0.29531595,BR
378,growing,False,False,intermediate,complex,complex,0.123841286,0.4068997,0.469259,BR
379,growing,False,False,intermediate,complex,complex,0.41578603,0.0806069,0.5036071,BR
380,growing,False,True,intermediate,intermediate,intermediate,0.006780099,0.91608936,0.077130556,BR
381,growing,False,True,intermediate,intermediate,intermediate,0.0037542102,0.9432092,0.053036645,BR
382,growing,False,False,complex,intermediate,intermediate,0.008086333,0.7061984,0.28571525,BR
383,growing,False,False,intermediate,intermediate,intermediate,0.006046541,0.8959748,0.09797865,BR
384,growing,False,True,intermediate,intermediate,intermediate,0.0078415405,0.89175534,0.10040309,BR
385,growing,False,True,complex,intermediate,intermediate,0.014538112,0.63958216,0.34587976,BR
386,growing,False,False,intermediate,intermediate,intermediate,0.005343538,0.9157855,0.07887101,BR
387,growing,False,True,intermediate,intermediate,intermediate,0.0058490355,0.85155493,0.14259602,BR
388,growing,False,True,complex,intermediate,intermediate,0.027283693,0.67629796,0.29641837,BR
389,growing,False,True,complex,complex,complex,0.0074407337,0.2904145,0.7021448,BR
390,growing,False,True,complex,complex,complex,0.08710222,0.4162758,0.496622,BR
391,growing,False,True,intermediate,intermediate,intermediate,0.014537781,0.8705973,0.11486497,BR
392,growing,False,True,intermediate,intermediate,intermediate,0.01316093,0.7723587,0.21448036,BR
393,growing,False,False,intermediate,intermediate,intermediate,0.064187005,0.5301665,0.40564647,BR
394,growing,False,True,intermediate,intermediate,intermediate,0.026751691,0.9157755,0.0574728,BR
395,growing,False,True,complex,intermediate,intermediate,0.020540323,0.79464906,0.18481061,BR
396,growing,False,True,intermediate,intermediate,intermediate,0.015515389,0.91419804,0.07028654,BR
397,growing,False,True,intermediate,intermediate,intermediate,0.008858774,0.9020417,0.08909958,BR
398,growing,False,True,intermediate,intermediate,intermediate,0.009600591,0.9055779,0.08482149,BR
399,growing,False,False,complex,intermediate,intermediate,0.043663453,0.7332399,0.22309668,BR
400,growing,False,False,intermediate,intermediate,intermediate,0.05664508,0.656959,0.28639594,BR
401,growing,False,True,complex,complex,complex,0.15539204,0.20774923,0.63685876,BR
402,growing,False,True,complex,complex,complex,0.036609348,0.2344275,0.7289632,BR
403,growing,False,True,complex,intermediate,intermediate,0.00987176,0.5818269,0.40830132,BR
404,growing,False,True,intermediate,intermediate,intermediate,0.0060897004,0.8383671,0.1555432,BR
405,growing,False,True,complex,complex,complex,0.09761017,0.17759557,0.72479427,BR
406,growing,False,True,complex,intermediate,intermediate,0.026363157,0.48972625,0.48391056,BR
407,growing,False,True,complex,complex,complex,0.017736804,0.43942285,0.54284036,BR
408,growing,False,True,complex,complex,complex,0.022560952,0.23607351,0.74136555,BR
409,growing,False,True,intermediate,intermediate,intermediate,0.03388265,0.754094,0.21202332,BR
410,growing,False,True,intermediate,intermediate,intermediate,0.06659266,0.73438233,0.19902499,BR
411,growing,False,True,complex,complex,complex,0.025133098,0.39994356,0.57492334,BR
412,growing,False,False,intermediate,intermediate,intermediate,0.012453873,0.5858045,0.40174162,BR
413,growing,False,True,intermediate,intermediate,intermediate,0.0051333737,0.8279921,0.16687459,BR
414,growing,False,True,intermediate,intermediate,intermediate,0.029258419,0.75850093,0.21224067,BR
415,growing,False,True,intermediate,intermediate,intermediate,0.009981284,0.7288528,0.26116595,BR
416,growing,False,True,complex,intermediate,intermediate,0.04268035,0.62221545,0.33510417,BR
417,growing,False,True,intermediate,intermediate,intermediate,0.0109359315,0.9053358,0.08372831,BR
418,growing,False,True,intermediate,intermediate,intermediate,0.009668694,0.9032934,0.08703791,BR
419,growing,False,False,intermediate,intermediate,intermediate,0.016167814,0.7863105,0.19752173,BR
420,growing,False,True,complex,intermediate,intermediate,0.023480618,0.48923162,0.48728782,BR
421,growing,False,True,intermediate,intermediate,intermediate,0.027940476,0.8518019,0.12025762,BR
422,growing,False,False,intermediate,intermediate,intermediate,0.1501908,0.5215473,0.3282619,BR
423,growing,False,True,intermediate,intermediate,intermediate,0.029899588,0.8250186,0.14508185,BR
424,growing,False,True,intermediate,intermediate,intermediate,0.019710958,0.925645,0.054644,BR
425,growing,False,True,intermediate,intermediate,intermediate,0.020162381,0.94214916,0.03768848,BR
426,growing,False,True,simple,simple,simple,0.68656373,0.226016,0.08742026,BR
427,growing,False,True,complex,complex,complex,0.074843146,0.42530426,0.49985257,BR
428,growing,False,True,complex,complex,complex,0.008354827,0.44093397,0.5507112,BR
429,growing,False,True,complex,complex,complex,0.027007448,0.36425143,0.6087411,BR
430,growing,False,True,intermediate,intermediate,intermediate,0.010244364,0.8459003,0.14385532,BR
431,growing,False,True,intermediate,intermediate,intermediate,0.014633253,0.8039188,0.18144795,BR
432,growing,False,True,complex,complex,complex,0.013046481,0.4579774,0.5289761,BR
433,growing,False,True,complex,intermediate,intermediate,0.018933168,0.63967675,0.34139013,BR
434,growing,False,True,intermediate,intermediate,intermediate,0.009078906,0.8900189,0.10090216,BR
435,growing,False,True,complex,complex,complex,0.008185254,0.15402953,0.83778524,BR
436,growing,False,True,complex,complex,complex,0.011516611,0.41522068,0.5732627,BR
437,growing,False,False,complex,complex,complex,0.008494613,0.23974569,0.7517597,BR
438,growing,False,True,complex,complex,complex,0.017811786,0.14665322,0.83553493,BR
439,growing,False,True,complex,complex,complex,0.008333959,0.46268514,0.5289809,BR
440,growing,False,True,intermediate,intermediate,intermediate,0.0060075466,0.86661357,0.12737884,BR
441,growing,False,False,intermediate,intermediate,intermediate,0.016004821,0.8142128,0.16978242,BR
442,growing,False,True,intermediate,intermediate,intermediate,0.013022656,0.8412847,0.14569262,BR
443,growing,False,True,complex,complex,complex,0.010663817,0.4354503,0.5538859,BR
444,growing,False,True,intermediate,intermediate,intermediate,0.0134234,0.9147061,0.07187045,BR
445,growing,False,True,complex,complex,complex,0.0051105195,0.2130206,0.7818689,BR
446,growing,False,True,complex,complex,complex,0.0078187045,0.23413943,0.75804186,BR
447,growing,False,True,intermediate,intermediate,intermediate,0.0043771476,0.8695714,0.12605153,BR
448,growing,False,True,intermediate,intermediate,intermediate,0.005976425,0.9382907,0.055732846,BR
449,growing,False,True,intermediate,intermediate,intermediate,0.0066052047,0.9260898,0.067305,BR
450,growing,False,False,intermediate,intermediate,intermediate,0.013997496,0.809719,0.17628346,BR
451,growing,False,True,intermediate,intermediate,intermediate,0.0029071097,0.9669881,0.030104809,BR
452,growing,False,True,intermediate,intermediate,intermediate,0.011305474,0.86935866,0.11933588,BR
453,growing,False,True,intermediate,intermediate,intermediate,0.005918059,0.69267356,0.30140832,BR
454,growing,False,True,complex,intermediate,intermediate,0.0082289325,0.7353741,0.25639695,BR
455,growing,False,False,complex,intermediate,intermediate,0.031476583,0.519912,0.44861138,BR
456,growing,False,True,complex,intermediate,intermediate,0.031578664,0.51532346,0.45309788,BR
457,growing,False,True,intermediate,intermediate,intermediate,0.0045384,0.92993695,0.06552463,BR
458,growing,False,True,complex,complex,complex,0.0117497165,0.44112238,0.5471279,BR
459,growing,False,True,intermediate,intermediate,intermediate,0.004791051,0.9018777,0.0933313,BR
460,growing,False,True,complex,complex,complex,0.008596912,0.49119407,0.50020903,BR
461,growing,False,True,complex,complex,complex,0.011454957,0.49312043,0.49542457,BR
462,growing,False,True,complex,complex,complex,0.019131843,0.26622802,0.7146402,BR
463,growing,False,True,intermediate,intermediate,intermediate,0.006535689,0.9223244,0.07113989,BR
464,growing,False,True,intermediate,intermediate,intermediate,0.0074136327,0.8552817,0.13730468,BR
465,growing,False,True,intermediate,intermediate,intermediate,0.0049849725,0.91413176,0.08088323,BR
466,growing,False,True,intermediate,intermediate,intermediate,0.016483676,0.8868715,0.096644804,BR
467,growing,False,True,intermediate,intermediate,intermediate,0.009753712,0.8329318,0.15731451,BR
468,growing,False,False,complex,complex,complex,0.0051965164,0.14015177,0.8546517,BR
469,growing,False,True,complex,complex,complex,0.0037793575,0.15291871,0.84330195,BR
470,growing,False,True,complex,intermediate,intermediate,0.08259552,0.6246843,0.29272026,BR
471,growing,False,True,complex,complex,complex,0.008521926,0.27347422,0.71800387,BR
472,growing,False,False,intermediate,complex,complex,0.0061818594,0.24277622,0.75104195,BR
473,growing,False,False,complex,complex,complex,0.010709669,0.1618043,0.82748604,BR
474,growing,False,True,complex,complex,complex,0.0064641447,0.107356556,0.8861793,BR
475,growing,False,True,complex,complex,complex,0.017249981,0.18533112,0.79741883,BR
476,growing,False,True,complex,complex,complex,0.01618805,0.32963577,0.6541761,BR
477,growing,False,False,intermediate,complex,complex,0.010397589,0.24473044,0.744872,BR
478,growing,False,False,complex,complex,complex,0.008123808,0.30229098,0.68958527,BR
479,growing,False,True,complex,complex,complex,0.0085725635,0.09247418,0.8989532,BR
480,growing,False,True,complex,complex,complex,0.010719964,0.2572339,0.7320462,BR
481,growing,False,False,intermediate,complex,complex,0.009120159,0.20430735,0.78657246,BR
482,growing,False,True,intermediate,intermediate,intermediate,0.008264269,0.879836,0.11189978,BR
483,growing,False,True,complex,complex,complex,0.004073749,0.08696687,0.9089594,BR
484,growing,False,True,complex,complex,complex,0.010380089,0.050625652,0.9389943,BR
485,growing,False,True,complex,complex,complex,0.010047305,0.07619094,0.91376173,BR
486,growing,False,True,complex,complex,complex,0.01465557,0.08288678,0.9024576,BR
487,growing,False,True,complex,complex,complex,0.043241326,0.05864658,0.8981121,BR
488,growing,False,True,complex,complex,complex,0.0045707454,0.061988212,0.93344104,BR
489,growing,False,False,complex,complex,complex,0.024960293,0.14338428,0.83165544,BR
490,growing,False,False,complex,complex,complex,0.023474628,0.21545658,0.7610688,BR
491,growing,False,True,complex,complex,complex,0.007476569,0.033784144,0.9587393,BR
492,growing,False,True,complex,complex,complex,0.025567057,0.11017137,0.8642615,BR
493,growing,False,True,complex,complex,complex,0.0066867643,0.056134228,0.937179,BR
494,growing,False,True,complex,complex,complex,0.003717864,0.042191513,0.9540906,BR
495,growing,False,False,complex,complex,complex,0.038419653,0.09208091,0.86949944,BR
496,growing,False,True,complex,complex,complex,0.012037454,0.054006297,0.9339562,BR
497,growing,False,True,complex,complex,complex,0.0049643777,0.054173365,0.94086224,BR
498,growing,False,True,complex,complex,complex,0.013125383,0.13155474,0.8553199,BR
499,growing,False,True,complex,complex,complex,0.011418821,0.11415866,0.8744225,BR
500,growing,False,True,complex,complex,complex,0.011019997,0.08016823,0.90881175,BR
501,growing,False,False,complex,complex,complex,0.012290702,0.13700034,0.85070896,BR
502,growing,False,True,complex,complex,complex,0.0047002016,0.06972793,0.9255719,BR
503,growing,False,True,complex,complex,complex,0.0018315257,0.02008655,0.97808194,BR
504,growing,False,True,complex,complex,complex,0.008452687,0.12428959,0.8672578,BR
505,growing,False,True,complex,complex,complex,0.0022648706,0.08284749,0.91488767,BR
506,growing,False,False,complex,complex,complex,0.0036808313,0.072618484,0.9237007,BR
507,growing,False,True,complex,complex,complex,0.003326664,0.075263605,0.9214097,BR
508,growing,False,True,complex,complex,complex,0.008675927,0.10699661,0.8843274,BR
509,growing,False,True,complex,complex,complex,0.0041249567,0.033121835,0.9627532,BR
510,growing,False,True,complex,complex,complex,0.0030475652,0.038980525,0.9579719,BR
511,growing,False,True,intermediate,intermediate,intermediate,0.008021461,0.92104745,0.07093116,BR
512,growing,False,True,complex,intermediate,intermediate,0.025570815,0.5960054,0.37842384,BR
513,growing,False,False,complex,complex,complex,0.009424632,0.18001927,0.8105561,BR
514,growing,False,True,intermediate,intermediate,intermediate,0.008132987,0.7225176,0.2693494,BR
515,growing,False,False,intermediate,intermediate,intermediate,0.032003786,0.73509115,0.23290507,BR
516,growing,False,True,complex,complex,complex,0.026198294,0.43367925,0.54012245,BR
517,growing,False,True,complex,intermediate,intermediate,0.010858958,0.5895128,0.39962822,BR
518,growing,False,True,intermediate,intermediate,intermediate,0.015826046,0.891169,0.0930049,BR
519,growing,False,True,complex,complex,complex,0.02056328,0.3687003,0.6107364,BR
520,growing,False,True,complex,intermediate,intermediate,0.012986345,0.60167825,0.3853354,BR
521,growing,False,False,intermediate,intermediate,intermediate,0.004427263,0.93033713,0.06523566,BR
522,growing,False,True,intermediate,intermediate,intermediate,0.005127484,0.94668865,0.0481839,BR
523,growing,False,True,intermediate,intermediate,intermediate,0.008788634,0.85283977,0.13837154,BR
524,growing,False,True,intermediate,intermediate,intermediate,0.017182367,0.8795755,0.103242174,BR
525,growing,False,False,complex,intermediate,intermediate,0.0050814366,0.9624379,0.03248067,BR
526,growing,False,True,complex,intermediate,intermediate,0.07674519,0.4906949,0.43255994,BR
527,growing,False,False,complex,complex,complex,0.009534519,0.13995643,0.85050905,BR
528,growing,False,True,intermediate,intermediate,intermediate,0.014412778,0.8691683,0.11641894,BR
529,growing,False,True,complex,complex,complex,0.002956082,0.036593243,0.9604507,BR
530,growing,False,True,complex,complex,complex,0.004627079,0.05347472,0.94189817,BR
531,growing,False,False,complex,intermediate,intermediate,0.014644997,0.6734406,0.31191444,BR
532,growing,False,True,complex,complex,complex,0.012496915,0.32725677,0.6602463,BR
533,growing,False,True,complex,complex,complex,0.00931962,0.3288279,0.66185254,BR
534,growing,False,False,complex,complex,complex,0.0073123113,0.39115232,0.6015354,BR
535,growing,False,True,intermediate,intermediate,intermediate,0.0032829044,0.9306505,0.0660666,BR
536,growing,False,False,complex,intermediate,intermediate,0.019320583,0.7594347,0.22124472,BR
537,growing,False,False,intermediate,intermediate,intermediate,0.012014333,0.8991042,0.08888145,BR
538,growing,False,False,complex,intermediate,intermediate,0.008667995,0.79792273,0.19340926,BR
539,growing,False,True,complex,intermediate,intermediate,0.00823932,0.5077371,0.4840236,BR
540,growing,False,True,intermediate,intermediate,intermediate,0.009205911,0.91585547,0.07493863,BR
541,growing,False,False,complex,intermediate,intermediate,0.018886497,0.8809088,0.10020468,BR
542,growing,False,True,complex,intermediate,intermediate,0.04039168,0.6954322,0.26417616,BR
543,growing,False,False,complex,intermediate,intermediate,0.032306597,0.89716554,0.07052785,BR
544,growing,False,True,intermediate,intermediate,intermediate,0.026461408,0.8870299,0.08650869,BR
545,growing,False,False,intermediate,intermediate,intermediate,0.015712356,0.84824353,0.13604407,BR
546,growing,False,True,intermediate,intermediate,intermediate,0.009379364,0.91549206,0.0751286,BR
547,growing,False,True,intermediate,intermediate,intermediate,0.016582714,0.9241363,0.059280954,BR
548,growing,False,True,intermediate,intermediate,intermediate,0.0070941625,0.63868415,0.35422164,BR
549,growing,False,False,intermediate,complex,complex,0.011672261,0.17720604,0.81112164,BR
550,growing,False,True,complex,complex,complex,0.005302183,0.16723327,0.8274645,BR
551,growing,False,True,complex,complex,complex,0.0051560034,0.117796615,0.87704736,BR
552,growing,False,True,complex,complex,complex,0.0026865585,0.07524456,0.92206883,BR
553,growing,False,False,complex,intermediate,intermediate,0.04522646,0.701866,0.2529076,BR
554,growing,False,True,complex,complex,complex,0.0047063814,0.13391261,0.861381,BR
555,growing,False,False,complex,intermediate,intermediate,0.015697256,0.80731565,0.17698708,BR
556,growing,False,False,complex,complex,complex,0.002925052,0.03490906,0.96216595,BR
557,growing,False,True,complex,complex,complex,0.0018774114,0.032180574,0.96594197,BR
558,growing,False,False,intermediate,complex,complex,0.021570051,0.21665129,0.76177865,BR
559,growing,False,True,complex,complex,complex,0.018264664,0.14672196,0.8350134,BR
560,growing,False,True,complex,intermediate,intermediate,0.03449674,0.554736,0.41076726,BR
561,growing,False,False,complex,intermediate,intermediate,0.02762013,0.6168823,0.3554975,BR
562,growing,False,True,complex,complex,complex,0.092608795,0.38453984,0.5228514,BR
563,growing,False,True,complex,complex,complex,0.009724078,0.09177204,0.89850384,BR
564,growing,False,True,complex,complex,complex,0.0072566518,0.07067498,0.92206836,BR
565,growing,False,True,complex,complex,complex,0.0070683113,0.036216944,0.95671475,BR
566,growing,False,True,complex,complex,complex,0.19559455,0.30901426,0.49539122,BR
567,growing,False,True,complex,complex,complex,0.19329347,0.14728753,0.659419,BR
568,growing,False,True,complex,complex,complex,0.008560395,0.070672706,0.9207669,BR
569,growing,False,True,complex,complex,complex,0.0017024734,0.013620184,0.9846773,BR
570,growing,False,False,complex,complex,complex,0.051929854,0.38106135,0.5670088,BR
571,growing,False,True,complex,complex,complex,0.057806324,0.27521583,0.6669779,BR
572,growing,False,True,complex,complex,complex,0.051621854,0.29591647,0.65246165,BR
573,growing,False,False,complex,complex,complex,0.024198791,0.25230518,0.723496,BR
574,growing,False,True,complex,complex,complex,0.17893381,0.30868518,0.512381,BR
575,growing,False,True,complex,complex,complex,0.0018743435,0.027091287,0.9710344,BR
576,growing,False,True,complex,complex,complex,0.02116608,0.2324258,0.74640816,BR
577,growing,False,True,complex,complex,complex,0.010632459,0.3183251,0.67104244,BR
578,growing,False,True,intermediate,intermediate,intermediate,0.011458518,0.800596,0.1879455,BR
579,growing,False,False,complex,complex,complex,0.0029906337,0.37388185,0.6231275,BR
580,growing,False,True,complex,complex,complex,0.003977051,0.23442441,0.7615985,BR
581,growing,False,True,complex,complex,complex,0.0030067223,0.058244217,0.9387491,BR
582,growing,False,True,complex,complex,complex,0.117035955,0.40621465,0.47674936,BR
583,growing,False,True,complex,complex,complex,0.11589774,0.420036,0.4640663,BR
584,growing,False,True,intermediate,intermediate,intermediate,0.0978522,0.75108093,0.15106688,BR
585,growing,False,False,intermediate,intermediate,intermediate,0.06726123,0.59208864,0.34065014,BR
586,growing,False,True,complex,complex,complex,0.1762143,0.36286262,0.4609231,BR
587,growing,False,False,intermediate,intermediate,intermediate,0.0656486,0.5743222,0.36002916,BR
588,growing,False,True,complex,complex,complex,0.030534368,0.45489162,0.514574,BR
589,growing,False,False,intermediate,intermediate,intermediate,0.12668495,0.73538756,0.13792749,BR
590,growing,False,False,complex,complex,complex,0.0032569878,0.09741609,0.899327,BR
591,growing,False,True,complex,complex,complex,0.0021053415,0.16185758,0.8360371,BR
592,growing,False,True,complex,complex,complex,0.0038341817,0.14919369,0.84697217,BR
593,growing,False,False,complex,complex,complex,0.01492269,0.2283134,0.7567639,BR
594,growing,False,True,intermediate,intermediate,intermediate,0.0076190545,0.9366326,0.05574839,BR
595,growing,False,True,intermediate,intermediate,intermediate,0.017728074,0.9282349,0.054037,BR
596,growing,False,False,intermediate,intermediate,intermediate,0.0141179,0.9298965,0.05598561,BR
597,growing,False,True,intermediate,intermediate,intermediate,0.025088657,0.9280027,0.046908595,BR
598,growing,False,True,complex,intermediate,intermediate,0.011964134,0.8727325,0.115303405,BR
599,growing,False,True,complex,intermediate,intermediate,0.0051458445,0.559423,0.43543118,BR
600,growing,False,True,intermediate,intermediate,intermediate,0.005022294,0.92744863,0.06752901,BR
601,growing,False,True,intermediate,intermediate,intermediate,0.005401987,0.9512917,0.0433063,BR
602,growing,False,True,complex,complex,complex,0.0050296956,0.09920483,0.8957655,BR
603,growing,False,True,complex,complex,complex,0.0049410593,0.12054015,0.87451875,BR
604,growing,False,True,intermediate,intermediate,intermediate,0.0031177897,0.9513766,0.045505565,BR
605,growing,False,True,intermediate,intermediate,intermediate,0.0035646637,0.9414452,0.05499012,BR
606,growing,False,True,complex,complex,complex,0.026353117,0.17928705,0.79435986,BR
607,growing,False,True,complex,complex,complex,0.10929658,0.11322945,0.7774739,BR
608,growing,False,True,complex,complex,complex,0.05823656,0.15544952,0.78631395,BR
609,growing,False,True,complex,complex,complex,0.01621013,0.17162578,0.81216407,BR
610,growing,False,True,complex,complex,complex,0.014807725,0.19394971,0.79124254,BR
611,growing,False,True,complex,complex,complex,0.014136384,0.18515655,0.80070704,BR
612,growing,False,True,complex,complex,complex,0.0807698,0.32682538,0.59240484,BR
613,growing,False,True,intermediate,intermediate,intermediate,0.013605776,0.9140739,0.07232026,BR
614,growing,False,True,complex,complex,complex,0.0059204814,0.29268616,0.7013933,BR
615,growing,False,True,intermediate,intermediate,intermediate,0.008952871,0.85238266,0.1386645,BR
616,growing,False,True,complex,complex,complex,0.0065001333,0.34695545,0.6465444,BR
617,growing,False,True,intermediate,intermediate,intermediate,0.014763771,0.93765336,0.04758283,BR
618,growing,False,True,intermediate,intermediate,intermediate,0.00392484,0.9647646,0.0313106,BR
619,growing,False,False,complex,intermediate,intermediate,0.007712533,0.7468528,0.24543472,BR
620,growing,False,True,intermediate,intermediate,intermediate,0.030334927,0.89793706,0.07172801,BR
621,growing,False,True,intermediate,intermediate,intermediate,0.040032037,0.8402527,0.11971528,BR
622,growing,False,True,intermediate,intermediate,intermediate,0.015886547,0.9330153,0.051098123,BR
623,growing,False,True,intermediate,intermediate,intermediate,0.038386647,0.83024985,0.13136345,BR
624,growing,False,False,intermediate,intermediate,intermediate,0.13436972,0.66079086,0.20483938,BR
625,growing,False,True,intermediate,intermediate,intermediate,0.029718691,0.9029096,0.06737167,BR
626,growing,False,True,complex,intermediate,intermediate,0.12879767,0.5347249,0.33647746,BR
627,growing,False,True,complex,intermediate,intermediate,0.0043664277,0.7869996,0.20863399,BR
628,growing,False,True,intermediate,intermediate,intermediate,0.002179428,0.9643345,0.033486024,BR
629,growing,False,True,intermediate,intermediate,intermediate,0.002229531,0.94318223,0.05458829,BR
630,growing,False,True,intermediate,intermediate,intermediate,0.010399049,0.96225035,0.0273506,BR
631,growing,False,True,intermediate,intermediate,intermediate,0.018858213,0.8789389,0.10220288,BR
632,growing,False,False,intermediate,intermediate,intermediate,0.022324357,0.94751275,0.030162856,BR
633,growing,False,True,intermediate,intermediate,intermediate,0.015014555,0.93584704,0.049138412,BR
634,growing,False,True,intermediate,intermediate,intermediate,0.034053206,0.91923535,0.04671143,BR
635,growing,False,True,intermediate,intermediate,intermediate,0.0034349822,0.946964,0.04960103,BR
636,growing,False,True,intermediate,intermediate,intermediate,0.0030402376,0.9747158,0.022243926,BR
637,growing,False,False,intermediate,intermediate,intermediate,0.030195551,0.877418,0.09238644,BR
638,growing,False,True,intermediate,intermediate,intermediate,0.033330005,0.92741185,0.039258152,BR
639,growing,False,True,intermediate,intermediate,intermediate,0.005764118,0.941211,0.053024925,BR
640,growing,False,True,complex,complex,complex,0.0055615045,0.37648436,0.61795413,BR
641,growing,False,True,intermediate,intermediate,intermediate,0.0039821607,0.8776254,0.11839243,BR
642,growing,False,False,intermediate,intermediate,intermediate,0.0065768557,0.8770693,0.11635392,BR
643,growing,False,True,intermediate,intermediate,intermediate,0.0019812472,0.9562471,0.041771635,BR
644,growing,False,True,intermediate,intermediate,intermediate,0.002483589,0.9670406,0.030475864,BR
645,growing,False,True,intermediate,intermediate,intermediate,0.004926756,0.9368981,0.058175165,BR
646,growing,False,True,intermediate,intermediate,intermediate,0.0037152937,0.93759596,0.05868877,BR
647,growing,False,True,intermediate,intermediate,intermediate,0.004783428,0.94488406,0.05033255,BR
648,growing,False,True,complex,intermediate,intermediate,0.009326548,0.5661204,0.4245531,BR
649,growing,False,True,complex,intermediate,intermediate,0.009186697,0.5458403,0.44497302,BR
650,growing,False,True,intermediate,intermediate,intermediate,0.006627369,0.9133262,0.08004638,BR
651,growing,False,True,intermediate,intermediate,intermediate,0.011635345,0.9167995,0.07156518,BR
652,growing,False,False,complex,intermediate,intermediate,0.0069138864,0.877323,0.1157631,BR
653,growing,False,True,intermediate,intermediate,intermediate,0.011639153,0.8633579,0.12500297,BR
654,growing,False,True,intermediate,intermediate,intermediate,0.0035199295,0.9199759,0.076504156,BR
655,growing,False,True,intermediate,intermediate,intermediate,0.023377025,0.9047917,0.07183124,BR
656,growing,False,True,complex,intermediate,intermediate,0.050006136,0.4930575,0.45693633,BR
657,growing,False,True,complex,complex,complex,0.050820686,0.37403432,0.575145,BR
658,growing,False,True,intermediate,intermediate,intermediate,0.03549517,0.7487156,0.21578921,BR
659,growing,False,True,intermediate,intermediate,intermediate,0.0065492364,0.84968734,0.14376347,BR
660,growing,False,True,complex,intermediate,intermediate,0.15946245,0.46569863,0.37483895,BR
661,growing,False,False,complex,complex,complex,0.0626117,0.37784275,0.5595455,BR
662,growing,False,True,complex,complex,complex,0.03330604,0.12887798,0.83781594,BR
663,growing,False,True,complex,complex,complex,0.05132859,0.14229871,0.8063727,BR
664,growing,False,True,complex,complex,complex,0.009989717,0.17934622,0.81066406,BR
665,growing,False,True,intermediate,intermediate,intermediate,0.018593082,0.9363707,0.045036204,BR
666,growing,False,True,intermediate,intermediate,intermediate,0.048931688,0.7807209,0.17034744,BR
667,growing,False,True,intermediate,intermediate,intermediate,0.038624037,0.8670165,0.09435947,BR
668,growing,False,True,intermediate,intermediate,intermediate,0.022968557,0.89313394,0.08389745,BR
669,growing,False,True,intermediate,intermediate,intermediate,0.13008031,0.77815807,0.091761574,BR
670,growing,False,True,complex,intermediate,intermediate,0.034543443,0.7605505,0.20490603,BR
671,growing,False,True,intermediate,intermediate,intermediate,0.04001399,0.88214713,0.07783889,BR
672,growing,False,True,intermediate,intermediate,intermediate,0.03517356,0.87578726,0.089039214,BR
673,growing,False,True,intermediate,intermediate,intermediate,0.060729317,0.83288145,0.10638921,BR
674,growing,False,True,intermediate,intermediate,intermediate,0.018997472,0.91619587,0.06480661,BR
675,growing,False,True,complex,complex,complex,0.0061917827,0.41876405,0.57504416,BR
676,growing,False,True,complex,intermediate,intermediate,0.05280609,0.60160255,0.3455913,BR
677,growing,False,False,complex,intermediate,intermediate,0.034997355,0.7785728,0.18642983,BR
678,growing,False,True,intermediate,intermediate,intermediate,0.035424776,0.89617234,0.06840283,BR
679,growing,False,True,complex,intermediate,intermediate,0.013306176,0.5335182,0.4531756,BR
680,growing,False,True,intermediate,intermediate,intermediate,0.02227475,0.8081926,0.16953266,BR
681,growing,False,True,intermediate,intermediate,intermediate,0.070240684,0.9040797,0.025679678,BR
682,growing,False,False,intermediate,intermediate,intermediate,0.049281728,0.81000656,0.14071171,BR
683,growing,False,False,intermediate,intermediate,intermediate,0.027568107,0.8893652,0.08306669,BR
684,growing,False,True,intermediate,intermediate,intermediate,0.016848011,0.95581937,0.027332682,BR
685,growing,False,True,intermediate,intermediate,intermediate,0.029585168,0.92625815,0.044156626,BR
686,growing,False,True,intermediate,intermediate,intermediate,0.010783952,0.96357286,0.0256432,BR
687,growing,False,True,intermediate,intermediate,intermediate,0.008429465,0.97169554,0.019874955,BR
688,growing,False,True,intermediate,intermediate,intermediate,0.03917155,0.889374,0.071454406,BR
689,growing,False,True,intermediate,intermediate,intermediate,0.0132926535,0.90355617,0.08315123,BR
690,growing,False,True,intermediate,intermediate,intermediate,0.02443121,0.913766,0.061802756,BR
691,growing,False,True,intermediate,intermediate,intermediate,0.02824183,0.84792805,0.12383018,BR
692,growing,False,True,intermediate,intermediate,intermediate,0.006367179,0.9346803,0.058952488,BR
693,growing,False,False,complex,intermediate,intermediate,0.014601914,0.79352105,0.19187704,BR
694,growing,False,True,intermediate,intermediate,intermediate,0.011488602,0.9053405,0.08317095,BR
695,growing,False,True,complex,intermediate,intermediate,0.026083007,0.5543948,0.41952223,BR
696,growing,False,True,intermediate,intermediate,intermediate,0.021529075,0.917381,0.0610899,BR
697,growing,False,True,intermediate,intermediate,intermediate,0.018509284,0.93280613,0.048684556,BR
698,growing,False,False,intermediate,intermediate,intermediate,0.017232124,0.9300803,0.052687585,BR
699,growing,False,True,intermediate,intermediate,intermediate,0.0038086257,0.9049477,0.091243654,BR
700,growing,False,True,intermediate,intermediate,intermediate,0.0067667644,0.894792,0.09844123,BR
701,growing,False,False,intermediate,intermediate,intermediate,0.013535984,0.86907136,0.11739268,BR
702,growing,False,True,complex,complex,complex,0.013012345,0.07246178,0.9145258,BR
703,growing,False,False,,complex,complex,0.0095925955,0.040678747,0.9497286,BR
704,growing,False,True,complex,complex,complex,0.003555085,0.071287096,0.92515785,BR
705,growing,False,True,complex,complex,complex,0.0068051997,0.056273,0.93692183,BR
706,growing,False,True,complex,complex,complex,0.006571936,0.04733237,0.94609576,BR
707,growing,False,False,,complex,complex,0.010580429,0.050574556,0.938845,BR
708,growing,False,False,intermediate,complex,complex,0.011723709,0.11257885,0.87569743,BR
709,growing,False,True,complex,complex,complex,0.009386016,0.05400853,0.9366054,BR
710,growing,False,True,complex,complex,complex,0.013434211,0.053232998,0.93333274,BR
711,growing,False,False,,complex,complex,0.009042001,0.046505842,0.94445217,BR
712,growing,False,False,,complex,complex,0.010675935,0.18201521,0.80730885,BR
713,growing,False,False,,complex,complex,0.00846933,0.11962762,0.87190306,BR
714,growing,False,False,,complex,complex,0.013034734,0.0572165,0.9297488,BR
715,growing,False,False,,complex,complex,0.0057570213,0.14450021,0.84974277,BR
716,growing,False,True,complex,complex,complex,0.0126276165,0.07799184,0.90938056,BR
717,growing,False,False,,complex,complex,0.009730175,0.111665905,0.87860394,BR
718,growing,False,False,,complex,complex,0.006329529,0.05716181,0.9365087,BR
719,growing,False,False,,complex,complex,0.00655974,0.1211444,0.8722959,BR
720,growing,False,True,complex,complex,complex,0.009443877,0.18370157,0.80685455,BR
721,growing,False,False,,complex,complex,0.00860631,0.027895126,0.9634986,BR
722,growing,False,False,,complex,complex,0.05419383,0.04172418,0.904082,BR
723,growing,False,False,complex,complex,complex,0.034236137,0.3095947,0.6561691,BR
724,growing,False,False,complex,complex,complex,0.11361712,0.4343596,0.45202327,BR
725,growing,False,False,complex,complex,complex,0.01468793,0.08451773,0.9007944,BR
726,growing,False,True,complex,complex,complex,0.008885915,0.11629249,0.87482154,BR
727,growing,False,False,complex,complex,complex,0.019969277,0.04580166,0.9342291,BR
728,growing,False,False,,complex,complex,0.04263351,0.06106887,0.89629763,BR
729,growing,False,True,complex,complex,complex,0.0042088204,0.027407352,0.9683838,BR
730,growing,False,True,complex,complex,complex,0.051675234,0.07914711,0.86917764,BR
731,growing,False,False,,complex,complex,0.01791622,0.1572402,0.8248436,BR
732,growing,False,True,complex,complex,complex,0.03664926,0.033597425,0.9297533,BR
733,growing,False,False,,complex,complex,0.029618023,0.08876562,0.88161635,BR
734,growing,False,False,,complex,complex,0.074122004,0.061708122,0.86416984,BR
735,growing,False,False,,complex,complex,0.030085647,0.09856071,0.8713537,BR
736,growing,False,False,,complex,complex,0.044286497,0.22342049,0.73229307,BR
737,growing,False,True,complex,complex,complex,0.007880193,0.032152846,0.95996696,BR
738,growing,False,False,,complex,complex,0.13317144,0.1988529,0.66797566,BR
739,growing,False,False,,complex,complex,0.013975267,0.07088768,0.915137,BR
740,growing,False,True,complex,complex,complex,0.09246849,0.16291691,0.74461454,BR
741,growing,False,True,complex,complex,complex,0.0064565074,0.017557997,0.97598547,BR
742,growing,False,True,complex,complex,complex,0.14569102,0.13383038,0.7204786,BR
743,growing,False,False,complex,intermediate,intermediate,0.015139733,0.5690395,0.41582075,BR
744,growing,False,True,complex,complex,complex,0.012925316,0.048861716,0.93821293,BR
745,growing,False,True,intermediate,intermediate,intermediate,0.016493876,0.77162135,0.21188478,BR
746,growing,False,True,complex,complex,complex,0.014196675,0.040648118,0.9451552,BR
747,growing,False,True,complex,complex,complex,0.015025523,0.033018548,0.9519559,BR
748,growing,False,False,complex,complex,complex,0.00908101,0.13404639,0.8568726,BR
749,growing,False,False,complex,complex,complex,0.013990305,0.086145386,0.8998643,BR
750,growing,False,True,complex,complex,complex,0.05950403,0.08570308,0.85479283,BR
751,growing,False,True,complex,complex,complex,0.050749462,0.08163834,0.8676122,BR
752,growing,False,True,complex,complex,complex,0.0398072,0.095160216,0.8650326,BR
753,growing,False,True,complex,complex,complex,0.038413394,0.03769549,0.9238911,BR
754,growing,False,True,complex,complex,complex,0.025300516,0.03235699,0.94234246,BR
755,growing,False,True,complex,complex,complex,0.05157822,0.03544586,0.9129759,BR
756,growing,False,True,complex,complex,complex,0.009725338,0.0479088,0.9423658,BR
757,growing,False,False,intermediate,complex,complex,0.010484286,0.017621081,0.9718946,BR
758,growing,False,True,complex,complex,complex,0.006598387,0.10238104,0.8910206,BR
759,growing,False,True,complex,intermediate,intermediate,0.030333886,0.6063397,0.36332643,BR
760,growing,False,True,complex,complex,complex,0.054352053,0.07917159,0.86647636,BR
761,growing,False,True,complex,complex,complex,0.006747181,0.033488475,0.9597643,BR
762,growing,False,True,complex,complex,complex,0.005146644,0.022734538,0.97211885,BR
763,growing,False,True,complex,complex,complex,0.054364376,0.16000083,0.7856348,BR
764,growing,False,True,complex,complex,complex,0.14307144,0.14916492,0.7077636,BR
765,growing,False,False,complex,complex,complex,0.022737125,0.056776296,0.9204866,BR
766,growing,False,False,,complex,complex,0.011998049,0.08092443,0.9070775,BR
767,growing,False,False,complex,complex,complex,0.030877803,0.06785412,0.9012681,BR
768,growing,False,True,complex,complex,complex,0.026330983,0.23487091,0.73879814,BR
769,growing,False,True,intermediate,intermediate,intermediate,0.051484164,0.6591578,0.289358,BR
770,growing,False,True,complex,complex,complex,0.02804052,0.30004916,0.67191035,BR
771,growing,False,True,intermediate,intermediate,intermediate,0.014046217,0.7061582,0.2797956,BR
772,growing,False,True,complex,complex,complex,0.007352928,0.1711983,0.8214488,BR
773,growing,False,True,intermediate,intermediate,intermediate,0.011421406,0.78058034,0.20799828,BR
774,growing,False,True,complex,complex,complex,0.01129527,0.064698726,0.924006,BR
775,growing,False,False,complex,complex,complex,0.052743167,0.2390889,0.70816797,BR
776,growing,False,False,simple,intermediate,intermediate,0.017026046,0.701328,0.28164592,BR
777,growing,False,False,intermediate,complex,complex,0.0073548704,0.48172873,0.5109164,BR
778,growing,False,True,intermediate,intermediate,intermediate,0.008931219,0.7200406,0.27102816,BR
779,growing,False,True,intermediate,intermediate,intermediate,0.006113068,0.786194,0.20769288,BR
780,growing,False,True,complex,complex,complex,0.00586444,0.21102104,0.78311455,BR
781,growing,False,True,complex,complex,complex,0.0027822782,0.08507857,0.9121391,BR
782,growing,False,True,intermediate,intermediate,intermediate,0.0028742554,0.78211296,0.21501279,BR
783,growing,False,True,complex,complex,complex,0.0030608396,0.45826116,0.538678,BR
784,growing,False,True,complex,complex,complex,0.0061842133,0.22418535,0.7696305,BR
785,growing,False,False,complex,complex,complex,0.0052094962,0.20381132,0.7909792,BR
786,growing,False,True,complex,complex,complex,0.0050606523,0.30252093,0.6924184,BR
787,growing,False,True,complex,complex,complex,0.0016862653,0.07234529,0.9259684,BR
788,growing,False,False,complex,complex,complex,0.0044174218,0.24748722,0.74809533,BR
789,growing,False,False,complex,complex,complex,0.0065811924,0.34007883,0.65334,BR
790,growing,False,True,intermediate,intermediate,intermediate,0.023508778,0.65790814,0.31858304,BR
791,growing,False,True,complex,complex,complex,0.026305344,0.18858898,0.78510565,BR
792,growing,False,False,,complex,complex,0.027892537,0.20734043,0.76476705,BR
793,growing,False,True,complex,complex,complex,0.014314705,0.04197588,0.9437094,BR
794,growing,False,True,complex,complex,complex,0.026357109,0.08157833,0.89206463,BR
795,growing,False,True,complex,complex,complex,0.021084255,0.15085869,0.82805705,BR
796,growing,False,False,complex,complex,complex,0.020628864,0.07917422,0.9001969,BR
797,growing,False,True,complex,complex,complex,0.036709804,0.13736127,0.8259289,BR
798,growing,False,True,complex,complex,complex,0.014916554,0.18022837,0.8048551,BR
799,growing,False,True,intermediate,complex,complex,0.013774639,0.46047878,0.5257466,BR
800,growing,False,True,complex,complex,complex,0.017248489,0.11206877,0.8706828,BR
801,growing,False,False,complex,complex,complex,0.015784038,0.2224289,0.76178706,BR
802,growing,False,True,complex,complex,complex,0.01502646,0.27912638,0.70584714,BR
803,growing,False,True,intermediate,intermediate,intermediate,0.023352489,0.7982993,0.17834821,BR
804,growing,False,False,,complex,complex,0.0051395386,0.46339732,0.53146315,BR
805,growing,False,True,complex,complex,complex,0.018524915,0.3587614,0.6227137,BR
806,growing,False,True,complex,complex,complex,0.00812662,0.18578917,0.8060842,BR
807,growing,False,True,intermediate,intermediate,intermediate,0.0127601465,0.86812246,0.11911743,BR
808,growing,False,True,complex,complex,complex,0.0153807765,0.399401,0.58521825,BR
809,growing,False,False,complex,intermediate,intermediate,0.0065699406,0.91174984,0.08168025,BR
810,growing,False,True,intermediate,intermediate,intermediate,0.006485927,0.90009075,0.093423314,BR
811,growing,False,False,intermediate,intermediate,intermediate,0.018987902,0.50834703,0.47266504,BR
812,growing,False,True,intermediate,intermediate,intermediate,0.010993734,0.88330865,0.10569763,BR
813,growing,False,True,complex,complex,complex,0.02031259,0.10411107,0.8755763,BW
814,growing,True,False,intermediate,intermediate,,0.06067222,0.71608466,0.22324315,CA
815,growing,False,True,intermediate,intermediate,intermediate,0.064112455,0.9023402,0.033547405,CA
816,growing,False,True,intermediate,intermediate,intermediate,0.030789636,0.8794951,0.08971529,CA
817,growing,False,True,intermediate,intermediate,intermediate,0.030221105,0.85719115,0.11258772,CA
818,growing,False,True,complex,complex,complex,0.014178192,0.10269689,0.8831249,CA
819,growing,True,False,intermediate,intermediate,,0.040314514,0.8543614,0.1053241,CA
820,growing,False,True,simple,simple,simple,0.69834554,0.26000977,0.041644715,CA
821,growing,False,True,complex,complex,complex,0.011228916,0.09934123,0.88942987,CA
822,growing,False,False,simple,simple,simple,0.5248365,0.39376786,0.0813957,CA
823,growing,False,False,intermediate,intermediate,intermediate,0.02886684,0.5320232,0.43910995,CA
824,growing,True,False,simple,intermediate,,0.09672056,0.5625765,0.340703,CA
825,growing,False,True,simple,simple,simple,0.9886619,0.007119376,0.004218785,CA
826,growing,False,False,simple,intermediate,intermediate,0.13831389,0.7270262,0.1346599,CA
827,growing,False,True,simple,simple,simple,0.77015096,0.16307865,0.06677044,CA
828,growing,False,True,complex,complex,complex,0.029163094,0.1798357,0.7910012,CA
829,growing,False,True,intermediate,intermediate,intermediate,0.026563251,0.91509646,0.058340237,CA
830,growing,False,True,complex,intermediate,intermediate,0.033176932,0.58288485,0.3839382,CA
831,growing,False,False,intermediate,simple,simple,0.70269156,0.21989094,0.07741754,CA
832,growing,True,False,intermediate,intermediate,,0.10147637,0.6581711,0.24035248,CA
833,growing,False,True,complex,complex,complex,0.024318604,0.38019133,0.59549004,CA
834,growing,True,False,intermediate,intermediate,,0.06799139,0.73988825,0.19212033,CA
835,growing,False,True,complex,complex,complex,0.060715023,0.21210413,0.7271809,CA
836,growing,False,True,complex,complex,complex,0.07851592,0.10135595,0.8201281,CA
837,growing,True,False,complex,intermediate,,0.03746156,0.86873955,0.09379893,CA
838,growing,True,False,simple,simple,,0.5415781,0.4060816,0.05234031,CA
839,growing,False,True,complex,intermediate,intermediate,0.081477396,0.5571272,0.36139542,CA
840,growing,False,True,complex,complex,complex,0.018721938,0.17798208,0.80329597,CA
841,growing,False,True,complex,complex,complex,0.01832536,0.34825167,0.6334229,CA
842,growing,False,True,intermediate,intermediate,intermediate,0.015301351,0.7696296,0.21506906,CA
843,growing,False,True,intermediate,intermediate,intermediate,0.0083756745,0.8565521,0.1350722,CA
844,growing,False,True,intermediate,intermediate,intermediate,0.017394392,0.80112267,0.18148302,CA
845,growing,False,True,complex,complex,complex,0.029894024,0.34100518,0.62910086,CA
846,growing,False,True,intermediate,intermediate,intermediate,0.08928669,0.85718447,0.053528845,CA
847,growing,False,True,intermediate,intermediate,intermediate,0.013177637,0.92153764,0.0652847,CA
848,growing,False,True,complex,complex,complex,0.048106547,0.23433478,0.7175587,CA
849,growing,False,True,complex,complex,complex,0.050159417,0.17221557,0.777625,CA
850,growing,False,True,complex,complex,complex,0.045086138,0.262579,0.69233483,CA
851,growing,False,True,complex,complex,complex,0.028137488,0.22013421,0.7517283,CA
852,growing,False,True,complex,complex,complex,0.053707648,0.2020681,0.74422425,CA
853,growing,False,False,complex,complex,complex,0.048663348,0.36953294,0.5818037,CA
854,growing,False,False,complex,complex,complex,0.024875857,0.35617754,0.6189467,CA
855,growing,True,False,simple,simple,,0.83280313,0.060850292,0.10634657,CA
856,growing,True,False,simple,simple,,0.85344386,0.07909047,0.067465685,CA
857,growing,False,True,complex,complex,complex,0.081844166,0.33232594,0.58582985,CA
858,growing,False,True,simple,simple,simple,0.9416389,0.044817027,0.013544084,CA
859,growing,True,False,intermediate,intermediate,,0.08006193,0.47964066,0.4402974,CA
860,growing,False,True,intermediate,intermediate,intermediate,0.08966872,0.8432575,0.0670738,CA
861,growing,False,False,complex,intermediate,intermediate,0.010388134,0.81381094,0.17580089,CA
862,growing,True,False,simple,intermediate,,0.05684923,0.5792373,0.36391348,CA
863,growing,False,True,intermediate,intermediate,intermediate,0.016554264,0.8083666,0.17507915,CH
864,growing,False,True,complex,intermediate,intermediate,0.0058735115,0.5270767,0.4670498,CH
865,growing,False,True,complex,complex,complex,0.008372302,0.26088342,0.7307443,CH
866,growing,False,True,intermediate,intermediate,intermediate,0.030986406,0.8340046,0.13500904,CH
867,growing,False,True,complex,complex,complex,0.28351825,0.28195065,0.43453106,CH
868,growing,False,True,intermediate,intermediate,intermediate,0.021091389,0.91452503,0.06438356,CH
869,growing,False,False,intermediate,complex,complex,0.10105524,0.30557537,0.59336936,CH
870,growing,False,False,,complex,complex,0.108306624,0.16835156,0.7233418,CI
871,growing,False,False,,intermediate,intermediate,0.072615646,0.4958917,0.43149263,CL
872,growing,True,False,complex,complex,,0.0778638,0.44182596,0.48031026,CL
873,growing,False,True,intermediate,intermediate,intermediate,0.03427871,0.7460606,0.21966068,CL
874,growing,True,False,,complex,,0.11300929,0.29600632,0.59098434,CL
875,growing,False,True,complex,complex,complex,0.02451931,0.14945821,0.8260225,CL
876,growing,False,True,complex,complex,complex,0.050877143,0.23071612,0.7184067,CL
877,growing,False,True,complex,complex,complex,0.01270365,0.04164898,0.94564736,CL
878,growing,False,False,complex,complex,complex,0.023287758,0.17012134,0.80659086,CL
879,growing,False,True,complex,complex,complex,0.023758719,0.16857792,0.8076633,CL
880,growing,False,True,complex,complex,complex,0.036137007,0.13874252,0.8251205,CL
881,growing,False,True,complex,complex,complex,0.016378276,0.16043214,0.82318956,CL
882,growing,False,True,complex,complex,complex,0.054404084,0.17590153,0.7696944,CL
883,growing,False,True,complex,complex,complex,0.015133263,0.105346456,0.87952024,CL
884,growing,False,True,complex,complex,complex,0.037486803,0.16843264,0.79408056,CL
885,growing,False,True,intermediate,intermediate,intermediate,0.04222128,0.8562948,0.101483926,CL
886,growing,False,True,intermediate,intermediate,intermediate,0.010809686,0.8963878,0.09280251,CL
887,growing,False,False,intermediate,complex,complex,0.012229634,0.26656204,0.72120833,CL
888,growing,True,False,intermediate,intermediate,,0.021803448,0.8169255,0.161271,CL
889,growing,False,False,intermediate,simple,simple,0.6838547,0.27980876,0.036336552,CL
890,growing,False,True,intermediate,intermediate,intermediate,0.10091901,0.72643507,0.17264593,CL
891,growing,False,True,intermediate,intermediate,intermediate,0.094418496,0.7599941,0.14558738,CL
892,growing,False,True,intermediate,intermediate,intermediate,0.026042495,0.85991645,0.114041,CL
893,growing,True,False,intermediate,intermediate,,0.038271673,0.7113695,0.2503588,CL
894,growing,False,True,intermediate,intermediate,intermediate,0.017966855,0.9347115,0.047321588,CL
895,growing,False,False,complex,intermediate,intermediate,0.046914287,0.63707393,0.3160118,CL
896,growing,True,False,complex,intermediate,,0.3656125,0.5095638,0.124823675,CL
897,growing,False,True,intermediate,intermediate,intermediate,0.15278606,0.82664514,0.020568838,CL
898,growing,False,True,complex,complex,complex,0.06813411,0.1748188,0.7570471,CL
899,growing,False,True,complex,complex,complex,0.019507714,0.18129063,0.79920167,CL
900,growing,False,True,complex,complex,complex,0.00554267,0.040257744,0.95419955,CL
901,growing,False,True,complex,intermediate,intermediate,0.03535682,0.4829583,0.4816849,CL
902,growing,True,False,complex,intermediate,,0.18738036,0.7014155,0.11120414,CL
903,growing,True,False,complex,complex,,0.16918255,0.3708759,0.45994154,CL
904,growing,True,False,complex,complex,,0.14010353,0.2834833,0.5764132,CL
905,growing,False,True,complex,complex,complex,0.006808755,0.06113832,0.93205297,CL
906,growing,False,True,complex,complex,complex,0.009051746,0.067412555,0.9235357,CL
907,growing,False,True,complex,complex,complex,0.012878728,0.11832969,0.86879164,CL
908,growing,False,True,intermediate,intermediate,intermediate,0.039889235,0.837213,0.1228978,CN
909,growing,False,True,complex,complex,complex,0.012881162,0.24482213,0.74229676,CN
910,growing,False,True,intermediate,intermediate,intermediate,0.08209947,0.6828465,0.235054,CN
911,growing,False,False,,intermediate,intermediate,0.04595758,0.75771856,0.19632387,CN
912,growing,False,True,complex,intermediate,intermediate,0.013975287,0.6425471,0.34347764,CN
913,growing,False,True,complex,complex,complex,0.3619949,0.18907231,0.44893274,CO
914,growing,False,False,,intermediate,intermediate,0.02720534,0.58849794,0.38429675,CO
915,growing,False,False,complex,simple,simple,0.44842583,0.41904646,0.13252768,CO
916,growing,False,True,complex,simple,simple,0.5415322,0.14221844,0.31624937,CO
917,growing,False,True,complex,complex,complex,0.40580812,0.16369087,0.43050104,CO
918,growing,False,False,complex,complex,complex,0.20643757,0.33049572,0.46306667,CO
919,growing,False,False,,complex,complex,0.017856263,0.32766905,0.6544747,CO
920,growing,False,False,,intermediate,intermediate,0.07681213,0.7505997,0.17258817,CO
921,growing,True,False,complex,intermediate,,0.050053857,0.830166,0.119780205,CO
922,growing,False,True,intermediate,intermediate,intermediate,0.033742107,0.838409,0.12784886,CO
923,growing,False,False,complex,complex,complex,0.041191813,0.24413647,0.71467173,CO
924,growing,False,True,complex,complex,complex,0.06413696,0.25813928,0.67772377,CO
925,growing,False,True,complex,complex,complex,0.09388585,0.20939189,0.69672227,CO
926,growing,False,False,complex,intermediate,intermediate,0.06963078,0.5793407,0.35102856,CO
927,growing,True,False,complex,intermediate,,0.01918299,0.8578735,0.12294346,CO
928,growing,False,True,complex,complex,complex,0.052156817,0.2633118,0.68453133,CO
929,growing,False,True,complex,simple,simple,0.45883638,0.08914297,0.45202067,CO
930,growing,False,False,,complex,complex,0.3288124,0.28560632,0.38558123,CO
931,growing,False,True,complex,complex,complex,0.010812839,0.19156909,0.79761803,CO
932,growing,False,True,complex,complex,complex,0.37490332,0.0948731,0.5302236,CO
933,growing,False,True,complex,complex,complex,0.09653799,0.12751806,0.77594393,CO
934,growing,False,True,intermediate,intermediate,intermediate,0.042361107,0.8634754,0.09416354,CO
935,growing,True,False,complex,intermediate,,0.05797234,0.74259084,0.19943675,CO
936,growing,False,True,complex,complex,complex,0.20461355,0.12371671,0.6716698,CO
937,growing,False,False,complex,complex,complex,0.04905763,0.3631923,0.5877501,CO
938,growing,True,False,,intermediate,,0.05633868,0.73764336,0.20601793,CR
939,growing,False,False,,simple,simple,0.8317391,0.1468922,0.021368718,CR
940,growing,True,False,intermediate,intermediate,,0.08753922,0.7866049,0.12585588,CR
941,growing,False,False,,simple,simple,0.39072555,0.24041376,0.36886072,CR
942,growing,False,False,,complex,complex,0.071261674,0.29193294,0.63680536,CR
943,growing,True,False,,intermediate,,0.02965504,0.5636072,0.40673777,CR
944,growing,False,False,,complex,complex,0.05222071,0.44408002,0.50369924,CR
945,growing,False,False,,intermediate,intermediate,0.07117369,0.54642266,0.38240364,CR
946,growing,False,False,,intermediate,intermediate,0.25332892,0.563179,0.18349205,CR
947,growing,False,False,,intermediate,intermediate,0.04531365,0.8238101,0.13087627,CR
948,growing,False,True,complex,complex,complex,0.08497007,0.19076665,0.7242633,CY
949,growing,False,True,complex,complex,complex,0.027887926,0.17359437,0.7985177,CY
950,growing,False,True,intermediate,intermediate,intermediate,0.023287343,0.88819826,0.08851444,CY
951,growing,False,True,complex,complex,complex,0.006659981,0.24542035,0.7479197,CY
952,growing,False,True,complex,complex,complex,0.009768467,0.4158697,0.57436186,CY
953,growing,False,True,intermediate,intermediate,intermediate,0.0090032285,0.908509,0.08248778,CY
954,growing,False,True,intermediate,intermediate,intermediate,0.011369853,0.8659196,0.1227106,CY
955,growing,False,True,complex,complex,complex,0.054281443,0.2665626,0.67915595,CY
956,growing,False,True,intermediate,intermediate,intermediate,0.05391495,0.76257193,0.18351308,CY
957,growing,False,True,complex,complex,complex,0.0095699765,0.32650772,0.6639223,CY
958,growing,False,True,intermediate,intermediate,intermediate,0.0036094445,0.53807294,0.45831758,DE
959,growing,False,True,intermediate,intermediate,intermediate,0.008803331,0.85922796,0.1319687,DE
960,growing,False,False,complex,complex,complex,0.0019553325,0.04464861,0.9533961,DE
961,growing,False,True,complex,complex,complex,0.0031240883,0.16156763,0.83530825,DE
962,growing,False,True,complex,complex,complex,0.030925307,0.23182073,0.737254,DE
963,growing,False,True,complex,complex,complex,0.0061414205,0.18793294,0.80592567,DE
964,growing,False,True,complex,complex,complex,0.060529016,0.21994655,0.71952444,DE
965,growing,False,True,complex,complex,complex,0.0068753147,0.14044711,0.8526776,DE
966,growing,False,True,complex,complex,complex,0.0030414576,0.03516115,0.96179736,DE
967,growing,False,True,complex,complex,complex,0.0016413744,0.040847935,0.95751077,DE
968,growing,False,False,complex,complex,complex,0.0018535838,0.03258699,0.96555936,DE
969,growing,False,True,complex,complex,complex,0.0013563551,0.017823903,0.98081976,DE
970,growing,False,False,complex,complex,complex,0.0017047441,0.074845366,0.92344993,DE
971,growing,False,True,complex,complex,complex,0.00097285263,0.019897318,0.97912985,DE
972,growing,False,True,complex,complex,complex,0.003022534,0.011341591,0.9856359,DE
973,growing,False,False,complex,complex,complex,0.005355298,0.07064074,0.92400396,DE
974,growing,False,True,complex,complex,complex,0.0012456096,0.024628283,0.9741261,DE
975,growing,False,True,complex,complex,complex,0.0023838303,0.07577528,0.92184085,DE
976,growing,False,True,complex,complex,complex,0.015356069,0.1402573,0.84438664,DE
977,growing,False,True,intermediate,intermediate,intermediate,0.011426764,0.7568839,0.2316893,DE
978,growing,False,False,complex,complex,complex,0.0038346662,0.11158414,0.88458115,DE
979,growing,False,True,complex,complex,complex,0.0069715595,0.22736809,0.7656604,DE
980,growing,False,False,complex,complex,complex,0.0025682873,0.034642037,0.96278965,DE
981,growing,False,True,complex,complex,complex,0.0027479352,0.039956495,0.9572956,DE
982,growing,False,True,complex,complex,complex,0.0029207875,0.025036331,0.9720429,DE
983,growing,False,False,complex,complex,complex,0.0011976135,0.01953873,0.9792636,DE
984,growing,False,True,complex,complex,complex,0.001956463,0.03457461,0.9634689,DE
985,growing,False,True,complex,complex,complex,0.0021169034,0.024579063,0.9733041,DE
986,growing,False,True,complex,complex,complex,0.0021991015,0.051853668,0.94594723,DE
987,growing,False,True,complex,complex,complex,0.0021569643,0.04295596,0.95488703,DE
988,growing,False,False,complex,complex,complex,0.009561006,0.15395552,0.8364834,DE
989,growing,False,True,complex,complex,complex,0.0010562198,0.038555793,0.960388,DE
990,growing,False,True,complex,complex,complex,0.0024751835,0.045846157,0.9516787,DE
991,growing,False,False,complex,complex,complex,0.014717344,0.04999734,0.93528533,DE
992,growing,False,True,complex,complex,complex,0.045545258,0.23445055,0.72000414,DE
993,growing,False,True,complex,complex,complex,0.0014793361,0.035308167,0.9632125,DE
994,growing,False,True,complex,complex,complex,0.0040885825,0.03683604,0.95907533,DE
995,growing,False,True,complex,complex,complex,0.001606886,0.048213538,0.9501796,DE
996,growing,False,True,complex,complex,complex,0.005096505,0.22519928,0.76970416,DE
997,growing,False,True,complex,complex,complex,0.006871749,0.03577371,0.9573546,DE
998,growing,False,True,complex,complex,complex,0.0017337869,0.013572217,0.984694,DE
999,growing,False,True,complex,complex,complex,0.001592476,0.00829745,0.9901101,DE
1000,growing,False,True,complex,complex,complex,0.004097077,0.020495035,0.97540784,DE
1001,growing,False,True,complex,complex,complex,0.0036380813,0.07948853,0.91687334,DE
1002,growing,False,True,complex,complex,complex,0.11359405,0.10987368,0.7765323,DE
1003,growing,False,True,complex,complex,complex,0.0011148662,0.016991602,0.98189354,DE
1004,growing,False,False,complex,complex,complex,0.005458656,0.15051235,0.84402895,DE
1005,growing,False,False,complex,complex,complex,0.0025833137,0.011616413,0.98580027,DE
1006,growing,False,True,complex,complex,complex,0.0012462792,0.035777595,0.9629761,DE
1007,growing,False,True,complex,complex,complex,0.008127799,0.07082657,0.9210456,DE
1008,growing,False,True,complex,complex,complex,0.0012611568,0.040580958,0.9581579,DE
1009,growing,False,True,complex,complex,complex,0.0019700394,0.021677095,0.9763529,DE
1010,growing,False,True,complex,complex,complex,0.0016571189,0.03845336,0.95988953,DE
1011,growing,False,True,complex,complex,complex,0.0007417643,0.01372365,0.98553455,DE
1012,growing,False,True,complex,complex,complex,0.00825426,0.077426985,0.9143188,DE
1013,growing,False,False,complex,complex,complex,0.0019808118,0.042349532,0.95566964,DE
1014,growing,False,False,complex,intermediate,intermediate,0.2616763,0.5736235,0.16470021,DE
1015,growing,False,True,complex,complex,complex,0.02994919,0.2025759,0.7674749,DE
1016,growing,False,True,complex,complex,complex,0.027158024,0.061005417,0.91183656,DE
1017,growing,False,True,complex,complex,complex,0.016424956,0.0336833,0.94989175,DE
1018,growing,False,True,complex,complex,complex,0.011861982,0.038465153,0.94967294,DE
1019,growing,False,True,intermediate,intermediate,intermediate,0.007771055,0.51696926,0.4752597,DE
1020,growing,False,True,complex,complex,complex,0.0026078632,0.04267315,0.954719,DE
1021,growing,False,True,complex,complex,complex,0.0035863535,0.035994463,0.9604191,DE
1022,growing,False,True,complex,complex,complex,0.0010866967,0.021717288,0.977196,DE
1023,growing,False,True,complex,complex,complex,0.0032967662,0.23268354,0.7640197,DE
1024,growing,False,True,complex,complex,complex,0.0037243825,0.029291226,0.9669844,DE
1025,growing,False,True,complex,complex,complex,0.0028402787,0.037481558,0.9596781,DE
1026,growing,False,False,complex,complex,complex,0.0038934553,0.21214034,0.78396624,DE
1027,growing,False,False,complex,complex,complex,0.0052937753,0.055185016,0.9395212,DE
1028,growing,False,True,complex,complex,complex,0.016577449,0.09580952,0.88761306,DE
1029,growing,False,True,intermediate,intermediate,intermediate,0.0103612775,0.7956577,0.19398104,DE
1030,growing,False,True,intermediate,intermediate,intermediate,0.011730205,0.8187446,0.16952519,DE
1031,growing,False,False,complex,complex,complex,0.018595332,0.225067,0.7563377,DE
1032,growing,False,True,complex,complex,complex,0.030620907,0.0798858,0.8894932,DE
1033,growing,False,True,complex,complex,complex,0.0025407677,0.028020464,0.9694388,DE
1034,growing,False,True,complex,complex,complex,0.04854796,0.22275153,0.7287005,DE
1035,growing,False,True,intermediate,intermediate,intermediate,0.013715629,0.73478603,0.2514984,DE
1036,growing,False,True,complex,complex,complex,0.018204004,0.0372725,0.9445235,DE
1037,growing,False,False,complex,complex,complex,0.085263036,0.12944618,0.7852908,DE
1038,growing,False,True,complex,complex,complex,0.0034290538,0.1126599,0.883911,DE
1039,growing,False,False,complex,complex,complex,0.002400304,0.0680933,0.92950636,DE
1040,growing,False,False,complex,complex,complex,0.001841768,0.072700456,0.9254577,DE
1041,growing,False,True,complex,complex,complex,0.0011339837,0.020847823,0.9780182,DE
1042,growing,False,False,complex,complex,complex,0.0019016707,0.06484944,0.9332488,DE
1043,growing,False,True,complex,complex,complex,0.016166285,0.08312068,0.900713,DE
1044,growing,False,True,complex,complex,complex,0.0015569921,0.119396165,0.87904686,DE
1045,growing,False,True,intermediate,intermediate,intermediate,0.007197525,0.7388542,0.25394824,DE
1046,growing,False,False,complex,complex,complex,0.007983061,0.055201482,0.93681544,DE
1047,growing,False,True,complex,complex,complex,0.013610344,0.102938354,0.88345134,DE
1048,growing,False,True,complex,complex,complex,0.0076541444,0.09771351,0.89463234,DE
1049,growing,False,True,intermediate,intermediate,intermediate,0.0032096081,0.50480694,0.49198344,DE
1050,growing,False,False,complex,complex,complex,0.006969629,0.13444549,0.8585849,DE
1051,growing,False,True,intermediate,intermediate,intermediate,0.008623655,0.8253585,0.16601779,DE
1052,growing,False,True,complex,complex,complex,0.0015593766,0.005873078,0.99256754,DE
1053,growing,False,True,intermediate,intermediate,intermediate,0.12845951,0.7966778,0.074862674,DE
1054,growing,False,True,intermediate,intermediate,intermediate,0.036787257,0.9078221,0.055390704,DE
1055,growing,False,True,complex,complex,complex,0.13214843,0.28951904,0.5783325,DE
1056,growing,False,True,complex,complex,complex,0.0018185419,0.031557575,0.9666239,DE
1057,growing,False,True,complex,complex,complex,0.0013534363,0.044123475,0.95452315,DE
1058,growing,False,True,complex,complex,complex,0.0020085077,0.041059837,0.9569316,DE
1059,growing,False,True,complex,complex,complex,0.0019896317,0.0070360256,0.99097437,DE
1060,growing,False,True,complex,complex,complex,0.0010571735,0.0074028918,0.9915399,DE
1061,growing,False,False,complex,complex,complex,0.014039526,0.11140948,0.87455094,DE
1062,growing,False,True,complex,complex,complex,0.0011070464,0.006052046,0.9928409,DE
1063,growing,False,True,complex,complex,complex,0.0056174435,0.0155318845,0.97885066,DE
1064,growing,False,True,complex,complex,complex,0.0015887475,0.009451031,0.98896027,DE
1065,growing,False,True,complex,complex,complex,0.002073158,0.01181838,0.9861085,DE
1066,growing,False,True,complex,complex,complex,0.0015756711,0.008139554,0.99028474,DE
1067,growing,False,True,complex,complex,complex,0.002239755,0.013406312,0.9843539,DE
1068,growing,False,True,complex,complex,complex,0.002780857,0.017923145,0.97929597,DE
1069,growing,False,True,complex,complex,complex,0.0014250978,0.012220405,0.98635453,DE
1070,growing,False,True,complex,complex,complex,0.0027115277,0.03340616,0.9638823,DE
1071,growing,False,True,complex,complex,complex,0.0038720905,0.054056473,0.94207144,DE
1072,growing,False,False,complex,complex,complex,0.0030266875,0.04804794,0.94892544,DE
1073,growing,False,True,complex,complex,complex,0.0015246273,0.0076933587,0.9907821,DE
1074,growing,False,True,complex,complex,complex,0.0016309153,0.00632798,0.99204105,DE
1075,growing,False,True,complex,complex,complex,0.0016691907,0.0071982546,0.99113256,DE
1076,growing,False,True,complex,complex,complex,0.0016596573,0.015833903,0.9825065,DE
1077,growing,False,True,complex,complex,complex,0.0010729883,0.009242035,0.98968494,DE
1078,growing,False,False,complex,complex,complex,0.0016426744,0.019426,0.9789313,DE
1079,growing,False,True,complex,complex,complex,0.0012544558,0.01994232,0.9788032,DE
1080,growing,False,True,complex,complex,complex,0.002740906,0.055459227,0.9417999,DE
1081,growing,False,True,complex,complex,complex,0.0013790366,0.013768341,0.9848526,DE
1082,growing,False,True,complex,complex,complex,0.00093158503,0.011114245,0.98795414,DE
1083,growing,False,True,complex,complex,complex,0.0013085384,0.007934953,0.9907566,DE
1084,growing,False,True,complex,complex,complex,0.0012913016,0.015336619,0.98337203,DE
1085,growing,False,True,complex,complex,complex,0.0028916677,0.040981766,0.9561266,DE
1086,growing,False,True,complex,complex,complex,0.0054034335,0.15788783,0.8367087,DE
1087,growing,False,False,complex,complex,complex,0.0068982313,0.31287265,0.6802291,DE
1088,growing,False,False,complex,complex,complex,0.002232443,0.05736957,0.94039804,DE
1089,growing,False,True,complex,complex,complex,0.0014424006,0.013206235,0.98535144,DE
1090,growing,False,True,complex,complex,complex,0.0008861367,0.030632686,0.9684812,DE
1091,growing,False,False,complex,complex,complex,0.003011346,0.026498938,0.9704897,DE
1092,growing,False,True,complex,complex,complex,0.0066957492,0.060392056,0.9329122,DE
1093,growing,False,False,complex,complex,complex,0.000710965,0.009418716,0.98987037,DE
1094,growing,False,True,complex,complex,complex,0.0049184067,0.035801783,0.9592798,DE
1095,growing,False,True,complex,complex,complex,0.002574737,0.03624213,0.9611832,DE
1096,growing,False,True,complex,complex,complex,0.0021567505,0.022683682,0.9751595,DE
1097,growing,False,True,complex,complex,complex,0.0013475853,0.044994436,0.9536579,DE
1098,growing,False,True,complex,complex,complex,0.0010961327,0.0071499497,0.99175394,DE
1099,growing,False,False,complex,complex,complex,0.0010458339,0.06624022,0.9327139,DE
1100,growing,False,True,complex,complex,complex,0.001706604,0.0067118425,0.9915815,DE
1101,growing,False,True,complex,complex,complex,0.0017993841,0.017493885,0.9807067,DE
1102,growing,False,True,complex,complex,complex,0.005514605,0.048414934,0.94607043,DE
1103,growing,False,True,complex,complex,complex,0.006059677,0.049742334,0.94419795,DE
1104,growing,False,True,complex,complex,complex,0.00421751,0.079852216,0.9159303,DE
1105,growing,False,True,complex,complex,complex,0.0020809474,0.044026736,0.9538923,DE
1106,growing,False,True,complex,complex,complex,0.006040759,0.032967083,0.96099216,DE
1107,growing,False,True,complex,complex,complex,0.0014965617,0.005511403,0.99299204,DE
1108,growing,False,True,complex,complex,complex,0.0061879903,0.015087667,0.9787243,DE
1109,growing,False,True,complex,complex,complex,0.0029785535,0.016071318,0.9809502,DE
1110,growing,False,True,complex,complex,complex,0.0015266342,0.0064428416,0.9920305,DE
1111,growing,False,True,complex,complex,complex,0.0060074725,0.11098705,0.8830055,DE
1112,growing,False,True,complex,complex,complex,0.002175679,0.04842342,0.9494009,DE
1113,growing,False,True,complex,complex,complex,0.0020807006,0.018624533,0.97929484,DE
1114,growing,False,True,complex,complex,complex,0.0014099446,0.009494233,0.98909587,DE
1115,growing,False,True,complex,complex,complex,0.009972068,0.065984406,0.9240435,DE
1116,growing,False,True,complex,complex,complex,0.008991513,0.049353253,0.9416553,DE
1117,growing,False,True,complex,complex,complex,0.0098351585,0.13464482,0.85552,DE
1118,growing,False,True,complex,complex,complex,0.012359135,0.11377159,0.8738693,DE
1119,growing,False,True,complex,complex,complex,0.002981093,0.03674498,0.9602739,DE
1120,growing,False,True,complex,complex,complex,0.0052590366,0.03892219,0.95581883,DE
1121,growing,False,True,complex,complex,complex,0.0043808916,0.07089339,0.9247258,DE
1122,growing,False,True,complex,complex,complex,0.0024012886,0.029970638,0.9676281,DE
1123,growing,False,True,intermediate,intermediate,intermediate,0.010826612,0.63688964,0.35228375,DE
1124,growing,False,False,complex,complex,complex,0.0046395687,0.08227466,0.9130858,DE
1125,growing,False,True,complex,complex,complex,0.0038322876,0.021673746,0.974494,DE
1126,growing,False,True,complex,complex,complex,0.0036244225,0.026875984,0.9694996,DE
1127,growing,False,True,complex,complex,complex,0.0028659953,0.13318866,0.86394536,DE
1128,growing,False,True,complex,complex,complex,0.0019833427,0.025702983,0.97231364,DE
1129,growing,False,True,complex,complex,complex,0.003978375,0.02558518,0.97043645,DE
1130,growing,False,True,complex,complex,complex,0.003978375,0.02558518,0.97043645,DE
1131,growing,False,True,complex,complex,complex,0.004762608,0.071247876,0.92398953,DE
1132,growing,False,True,complex,complex,complex,0.0048532314,0.05357547,0.94157124,DE
1133,growing,False,True,intermediate,intermediate,intermediate,0.0070090764,0.68031293,0.31267795,DE
1134,growing,False,True,complex,complex,complex,0.0028678363,0.035793647,0.9613385,DE
1135,growing,False,True,complex,complex,complex,0.0013684435,0.0072878837,0.9913436,DE
1136,growing,False,True,complex,complex,complex,0.0065148417,0.05785322,0.9356319,DE
1137,growing,False,True,complex,complex,complex,0.0019555036,0.0153718265,0.9826727,DE
1138,growing,False,True,complex,complex,complex,0.0023553187,0.008169443,0.98947525,DE
1139,growing,False,False,complex,complex,complex,0.009039455,0.3205902,0.6703704,DE
1140,growing,False,True,complex,complex,complex,0.0012791152,0.002768582,0.99595225,DE
1141,growing,False,False,complex,complex,complex,0.0038357168,0.04078769,0.9553766,DE
1142,growing,False,True,complex,complex,complex,0.0014276439,0.0053202943,0.9932521,DE
1143,growing,False,True,complex,complex,complex,0.0026471738,0.052659363,0.9446935,DE
1144,growing,False,True,complex,complex,complex,0.0038519436,0.1378689,0.85827917,DE
1145,growing,False,False,complex,complex,complex,0.0024970279,0.017810643,0.97969234,DE
1146,growing,False,True,complex,complex,complex,0.0030540538,0.09177826,0.9051677,DE
1147,growing,False,True,complex,complex,complex,0.005930451,0.3337711,0.6602984,DE
1148,growing,False,True,intermediate,intermediate,intermediate,0.009520996,0.6596515,0.33082753,DE
1149,growing,False,True,intermediate,intermediate,intermediate,0.006143108,0.6450558,0.3488011,DE
1150,growing,False,True,complex,complex,complex,0.0025518602,0.005048731,0.9923994,DE
1151,growing,False,True,complex,complex,complex,0.0020634397,0.0055406378,0.992396,DE
1152,growing,False,True,complex,complex,complex,0.009466978,0.07621272,0.9143203,DE
1153,growing,False,False,complex,complex,complex,0.009623538,0.13544385,0.8549326,DE
1154,growing,False,True,complex,complex,complex,0.004021712,0.059532356,0.93644595,DE
1155,growing,False,True,complex,complex,complex,0.0025838371,0.013832613,0.9835835,DE
1156,growing,False,True,complex,complex,complex,0.0034745336,0.037524443,0.959001,DE
1157,growing,False,False,complex,complex,complex,0.001333161,0.012557399,0.98610944,DE
1158,growing,False,False,complex,complex,complex,0.0018152057,0.013259802,0.984925,DE
1159,growing,False,True,complex,complex,complex,0.003818787,0.029952003,0.96622926,DE
1160,growing,False,False,complex,complex,complex,0.0010520209,0.01822418,0.98072374,DE
1161,growing,False,True,complex,complex,complex,0.001613334,0.026598906,0.97178775,DE
1162,growing,False,True,complex,complex,complex,0.0024571018,0.011956546,0.98558635,DE
1163,growing,False,True,complex,complex,complex,0.00068489223,0.008642555,0.9906725,DE
1164,growing,False,True,complex,complex,complex,0.0020947314,0.04443783,0.95346737,DE
1165,growing,False,True,complex,complex,complex,0.0024331838,0.052350234,0.9452166,DE
1166,growing,False,True,complex,complex,complex,0.0017841922,0.029802836,0.96841294,DE
1167,growing,False,True,complex,complex,complex,0.0011426967,0.017726425,0.98113084,DE
1168,growing,False,False,complex,complex,complex,0.0019663172,0.036688097,0.96134555,DE
1169,growing,False,False,complex,complex,complex,0.0024407262,0.019076359,0.97848284,DE
1170,growing,False,True,complex,complex,complex,0.0011858445,0.09035432,0.90845984,DE
1171,growing,False,True,complex,complex,complex,0.005524506,0.025072027,0.9694035,DE
1172,growing,False,True,complex,complex,complex,0.0015905417,0.025392812,0.9730166,DE
1173,growing,False,False,intermediate,complex,complex,0.0019604503,0.018416133,0.9796234,DE
1174,growing,False,False,complex,complex,complex,0.0009625055,0.010546671,0.9884908,DE
1175,growing,False,True,complex,complex,complex,0.003133737,0.021410314,0.97545594,DE
1176,growing,False,True,complex,complex,complex,0.0013797649,0.038499393,0.9601208,DE
1177,growing,False,True,complex,complex,complex,0.0012575724,0.029517872,0.9692245,DE
1178,growing,False,True,complex,complex,complex,0.0018013763,0.025486829,0.9727118,DE
1179,growing,False,False,complex,complex,complex,0.0011138764,0.014831387,0.98405474,DE
1180,growing,False,True,complex,complex,complex,0.0023929297,0.032130376,0.9654767,DE
1181,growing,False,False,complex,complex,complex,0.0032289159,0.04312004,0.953651,DE
1182,growing,False,True,complex,complex,complex,0.0053117815,0.05761561,0.9370726,DE
1183,growing,False,True,complex,complex,complex,0.0010570529,0.020641876,0.9783011,DE
1184,growing,False,False,complex,complex,complex,0.004281446,0.02871361,0.9670049,DE
1185,growing,False,True,complex,complex,complex,0.0016193286,0.017715998,0.98066473,DE
1186,growing,False,True,complex,complex,complex,0.0016172979,0.024644362,0.9737384,DE
1187,growing,False,True,complex,complex,complex,0.0008206613,0.02955134,0.96962804,DE
1188,growing,False,True,complex,complex,complex,0.0036578313,0.05151779,0.94482434,DE
1189,growing,False,False,complex,complex,complex,0.00103038,0.017898731,0.9810708,DE
1190,growing,False,True,complex,complex,complex,0.0011599271,0.014310477,0.9845296,DE
1191,growing,False,True,complex,complex,complex,0.0012742103,0.029150058,0.9695757,DE
1192,growing,False,True,complex,complex,complex,0.006612167,0.037816256,0.95557153,DE
1193,growing,False,True,complex,complex,complex,0.0054999785,0.027471557,0.96702844,DE
1194,growing,False,True,complex,complex,complex,0.0038823532,0.03132619,0.9647915,DE
1195,growing,False,True,complex,complex,complex,0.0012193174,0.046810936,0.95196974,DE
1196,growing,False,True,complex,complex,complex,0.0026571255,0.044802748,0.95254016,DE
1197,growing,False,True,complex,complex,complex,0.0010119373,0.012011146,0.9869769,DE
1198,growing,False,False,complex,complex,complex,0.0034789685,0.0454914,0.9510296,DE
1199,growing,False,False,complex,complex,complex,0.0024210678,0.030132947,0.96744597,DE
1200,growing,False,True,complex,complex,complex,0.0051999833,0.07190759,0.92289245,DE
1201,growing,False,True,complex,complex,complex,0.007354879,0.088246934,0.9043982,DE
1202,growing,False,True,complex,complex,complex,0.0020191001,0.048314292,0.94966656,DE
1203,growing,False,False,complex,complex,complex,0.0034443755,0.053358603,0.9431971,DE
1204,growing,False,False,complex,complex,complex,0.003426516,0.058267035,0.93830645,DE
1205,growing,False,True,complex,complex,complex,0.0031752642,0.056201685,0.94062304,DE
1206,growing,False,True,intermediate,intermediate,intermediate,0.0061960435,0.6914883,0.30231568,DE
1207,growing,False,True,complex,complex,complex,0.002633505,0.04335891,0.9540076,DE
1208,growing,True,False,complex,complex,,0.006007761,0.22831707,0.7656752,DE
1209,growing,False,True,complex,complex,complex,0.0029603187,0.01747981,0.9795599,DE
1210,growing,False,True,complex,complex,complex,0.0022329632,0.05218554,0.9455815,DE
1211,growing,False,True,complex,complex,complex,0.0025237484,0.043789152,0.95368713,DE
1212,growing,False,True,complex,complex,complex,0.0023551704,0.067514114,0.9301307,DE
1213,growing,False,True,complex,complex,complex,0.0023551704,0.067514114,0.9301307,DE
1214,growing,False,True,complex,complex,complex,0.003080829,0.06614288,0.93077624,DE
1215,growing,False,False,complex,complex,complex,0.0023128432,0.017311191,0.980376,DE
1216,growing,False,True,complex,complex,complex,0.0026149868,0.012801383,0.9845836,DE
1217,growing,False,True,complex,complex,complex,0.0025104738,0.016189557,0.98129994,DE
1218,growing,False,True,complex,complex,complex,0.0011777866,0.011596982,0.98722523,DE
1219,growing,False,True,complex,complex,complex,0.001138833,0.010130966,0.98873025,DE
1220,growing,False,False,complex,complex,complex,0.0008677773,0.0056356415,0.99349654,DE
1221,growing,False,True,complex,complex,complex,0.0021120752,0.02974482,0.96814317,DE
1222,growing,False,True,complex,complex,complex,0.0019441198,0.009199238,0.9888566,DE
1223,growing,False,True,complex,complex,complex,0.0022417917,0.019835325,0.9779229,DE
1224,growing,False,True,complex,complex,complex,0.0022417917,0.019835325,0.9779229,DE
1225,growing,False,False,complex,complex,complex,0.0031713478,0.027934916,0.9688937,DE
1226,growing,False,True,complex,complex,complex,0.0036981362,0.027360039,0.9689418,DE
1227,growing,False,False,complex,complex,complex,0.0036447549,0.016778892,0.97957635,DE
1228,growing,False,True,complex,complex,complex,0.0014357726,0.018213268,0.9803509,DE
1229,growing,False,True,complex,complex,complex,0.005939874,0.046957802,0.94710225,DE
1230,growing,False,False,complex,complex,complex,0.009729448,0.18412963,0.8061409,DE
1231,growing,False,True,complex,complex,complex,0.0025908248,0.032533508,0.9648757,DE
1232,growing,False,False,,complex,complex,0.0032073031,0.030637696,0.966155,DE
1233,growing,False,True,complex,complex,complex,0.0009621438,0.00448027,0.9945576,DE
1234,growing,False,True,complex,complex,complex,0.0023275458,0.013475685,0.9841967,DE
1235,growing,False,True,complex,complex,complex,0.0023958622,0.016230406,0.9813737,DE
1236,growing,False,True,complex,complex,complex,0.0018277408,0.0447628,0.95340943,DE
1237,growing,False,False,complex,complex,complex,0.0021346277,0.023316968,0.97454846,DE
1238,growing,False,True,complex,complex,complex,0.0021404417,0.020656716,0.97720283,DE
1239,growing,False,True,complex,complex,complex,0.0021404417,0.020656716,0.97720283,DE
1240,growing,False,True,complex,complex,complex,0.002590578,0.01859545,0.97881395,DE
1241,growing,False,True,complex,complex,complex,0.002590578,0.01859545,0.97881395,DE
1242,growing,False,True,complex,complex,complex,0.002590578,0.01859545,0.97881395,DE
1243,growing,False,True,complex,complex,complex,0.002663773,0.019517772,0.9778185,DE
1244,growing,False,True,complex,complex,complex,0.0053619556,0.11779258,0.8768455,DE
1245,growing,False,True,complex,complex,complex,0.0026470735,0.06358412,0.93376875,DE
1246,growing,False,True,complex,complex,complex,0.0029298484,0.029374618,0.96769553,DE
1247,growing,False,True,complex,complex,complex,0.0011212158,0.0067180977,0.9921606,DE
1248,growing,False,True,complex,complex,complex,0.0011212158,0.0067180977,0.9921606,DE
1249,growing,False,True,complex,complex,complex,0.001696757,0.034587815,0.96371543,DE
1250,growing,False,False,complex,complex,complex,0.0015588028,0.009886517,0.98855466,DE
1251,growing,False,True,complex,complex,complex,0.0015588028,0.009886517,0.98855466,DE
1252,growing,False,True,complex,complex,complex,0.002472382,0.0746614,0.9228663,DE
1253,growing,False,True,complex,complex,complex,0.0015475149,0.022123048,0.97632945,DE
1254,growing,False,False,complex,complex,complex,0.0015475149,0.022123048,0.97632945,DE
1255,growing,False,True,complex,complex,complex,0.002567511,0.010046845,0.98738563,DE
1256,growing,False,True,complex,complex,complex,0.0032965431,0.025840083,0.97086334,DE
1257,growing,False,False,complex,complex,complex,0.002139152,0.02215726,0.9757036,DE
1258,growing,False,True,complex,complex,complex,0.002139152,0.02215726,0.9757036,DE
1259,growing,False,True,complex,complex,complex,0.0028488466,0.02417114,0.9729801,DE
1260,growing,False,True,complex,complex,complex,0.0028488466,0.02417114,0.9729801,DE
1261,growing,False,True,complex,complex,complex,0.0026225974,0.044968944,0.95240843,DE
1262,growing,False,False,complex,complex,complex,0.002364771,0.024618443,0.97301674,DE
1263,growing,False,True,complex,complex,complex,0.002364771,0.024618443,0.97301674,DE
1264,growing,False,True,complex,complex,complex,0.0020098907,0.025725478,0.97226465,DE
1265,growing,False,False,complex,complex,complex,0.0020098907,0.025725478,0.97226465,DE
1266,growing,False,True,complex,complex,complex,0.0021752042,0.031962555,0.9658622,DE
1267,growing,False,True,complex,complex,complex,0.0023959489,0.017084563,0.9805195,DE
1268,growing,False,True,complex,complex,complex,0.0015368812,0.015761094,0.982702,DE
1269,growing,False,False,complex,complex,complex,0.0015465448,0.008058129,0.99039537,DE
1270,growing,False,True,complex,complex,complex,0.0015465448,0.008058129,0.99039537,DE
1271,growing,False,False,complex,complex,complex,0.0015465448,0.008058129,0.99039537,DE
1272,growing,False,False,,complex,complex,0.0013269276,0.008586327,0.99008673,DE
1273,growing,False,True,complex,complex,complex,0.0013259258,0.00933471,0.9893393,DE
1274,growing,False,False,complex,complex,complex,0.0013259258,0.00933471,0.9893393,DE
1275,growing,False,True,complex,complex,complex,0.0025035094,0.012690314,0.98480624,DE
1276,growing,False,False,complex,complex,complex,0.0030168933,0.036112413,0.96087074,DE
1277,growing,False,True,complex,complex,complex,0.00300363,0.0403499,0.95664644,DE
1278,growing,False,False,complex,complex,complex,0.00697062,0.050508752,0.9425206,DE
1279,growing,False,True,complex,complex,complex,0.00697062,0.050508752,0.9425206,DE
1280,growing,False,False,,complex,complex,0.006827058,0.0775606,0.9156124,DE
1281,growing,False,True,complex,complex,complex,0.0045125424,0.03400084,0.9614866,DE
1282,growing,False,True,complex,complex,complex,0.0019326971,0.014346452,0.9837209,DE
1283,growing,False,True,complex,complex,complex,0.0012370697,0.0072918143,0.9914711,DE
1284,growing,False,False,complex,complex,complex,0.0012370697,0.0072918143,0.9914711,DE
1285,growing,False,True,complex,complex,complex,0.0023934173,0.02742162,0.9701849,DE
1286,growing,False,True,complex,complex,complex,0.0023934173,0.02742162,0.9701849,DE
1287,growing,False,True,intermediate,intermediate,intermediate,0.008490257,0.61017615,0.38133365,DE
1288,growing,False,True,complex,complex,complex,0.002590643,0.012480465,0.9849289,DE
1289,growing,False,True,complex,complex,complex,0.002590643,0.012480465,0.9849289,DE
1290,growing,False,True,complex,complex,complex,0.002590643,0.012480465,0.9849289,DE
1291,growing,False,True,complex,complex,complex,0.0022713288,0.005984865,0.99174374,DE
1292,growing,False,True,complex,complex,complex,0.004659841,0.032047372,0.9632928,DE
1293,growing,False,True,complex,complex,complex,0.005317201,0.041087423,0.9535954,DE
1294,growing,False,True,complex,complex,complex,0.0025144015,0.044857282,0.9526284,DE
1295,growing,False,True,intermediate,complex,complex,0.006669434,0.4365799,0.55675066,DE
1296,growing,False,False,complex,complex,complex,0.0048453384,0.25626388,0.7388907,DE
1297,growing,False,True,complex,complex,complex,0.0017592811,0.02083197,0.97740877,DE
1298,growing,False,True,complex,complex,complex,0.0018758668,0.023303347,0.9748208,DE
1299,growing,False,True,complex,complex,complex,0.0028259498,0.031595215,0.96557885,DE
1300,growing,False,True,complex,complex,complex,0.0009346253,0.004745688,0.9943197,DE
1301,growing,False,True,complex,complex,complex,0.0018546132,0.054007243,0.94413817,DE
1302,growing,False,True,complex,complex,complex,0.001484215,0.018985672,0.97953016,DE
1303,growing,False,True,complex,complex,complex,0.0018544208,0.054538775,0.9436068,DE
1304,growing,True,False,complex,complex,,0.0055307928,0.30243757,0.6920316,DE
1305,growing,False,True,complex,complex,complex,0.0018026521,0.028006606,0.97019076,DE
1306,growing,False,True,complex,complex,complex,0.00089870364,0.01912309,0.97997826,DE
1307,growing,False,True,complex,complex,complex,0.0033036505,0.013668696,0.9830276,DE
1308,growing,False,True,complex,complex,complex,0.0030609828,0.023748659,0.97319037,DE
1309,growing,False,True,complex,complex,complex,0.0013920381,0.013630226,0.9849777,DE
1310,growing,False,True,complex,complex,complex,0.003033216,0.052261878,0.9447049,DE
1311,growing,False,True,complex,complex,complex,0.0009479432,0.024330406,0.9747217,DE
1312,growing,False,True,complex,complex,complex,0.0015814375,0.02879343,0.9696251,DE
1313,growing,False,True,complex,complex,complex,0.0029384058,0.028259668,0.9688019,DE
1314,growing,False,True,complex,complex,complex,0.0026501324,0.018167334,0.97918254,DE
1315,growing,False,True,complex,complex,complex,0.0018110265,0.013087847,0.9851011,DE
1316,growing,False,False,complex,complex,complex,0.0021881706,0.019900547,0.9779113,DE
1317,growing,False,True,complex,complex,complex,0.001680449,0.013717898,0.9846016,DE
1318,growing,False,True,complex,complex,complex,0.0014255448,0.015931968,0.98264253,DE
1319,growing,False,True,complex,complex,complex,0.0011847017,0.02723849,0.9715768,DE
1320,growing,False,True,complex,complex,complex,0.004562717,0.02889908,0.9665382,DE
1321,growing,False,True,complex,complex,complex,0.0025566663,0.028370706,0.9690727,DE
1322,growing,False,True,complex,complex,complex,0.0016159369,0.04635086,0.95203316,DE
1323,growing,False,True,complex,complex,complex,0.0017461748,0.024247808,0.974006,DE
1324,growing,False,False,complex,complex,complex,0.0014339439,0.019342048,0.979224,DE
1325,growing,False,True,complex,complex,complex,0.0011008533,0.0143306395,0.9845685,DE
1326,growing,False,False,intermediate,complex,complex,0.0015563627,0.024270516,0.9741732,DE
1327,growing,False,True,complex,complex,complex,0.001096214,0.02247588,0.97642785,DE
1328,growing,False,True,complex,complex,complex,0.0035402633,0.019049238,0.9774105,DE
1329,growing,False,True,complex,complex,complex,0.010505397,0.046969317,0.94252527,DE
1330,growing,False,False,complex,complex,complex,0.0019628268,0.037477873,0.96055937,DE
1331,growing,False,True,complex,complex,complex,0.0013069815,0.022939205,0.9757538,DE
1332,growing,False,True,complex,complex,complex,0.002579986,0.07262494,0.9247951,DE
1333,growing,False,True,complex,complex,complex,0.0018026521,0.028006606,0.97019076,DE
1334,growing,False,True,complex,complex,complex,0.0016958034,0.029512823,0.9687914,DE
1335,growing,False,True,complex,complex,complex,0.0029095623,0.016498554,0.98059195,DE
1336,growing,False,True,complex,complex,complex,0.0015176417,0.010959973,0.9875224,DE
1337,growing,False,True,complex,complex,complex,0.0017929629,0.023403414,0.97480357,DE
1338,growing,False,True,complex,complex,complex,0.0025066151,0.02201847,0.9754749,DE
1339,growing,False,True,complex,complex,complex,0.000878821,0.0068097743,0.9923114,DE
1340,growing,False,True,complex,complex,complex,0.0011429897,0.008423578,0.99043345,DE
1341,growing,True,False,complex,complex,,0.00682145,0.09261574,0.9005629,DE
1342,growing,False,False,complex,complex,complex,0.0012334243,0.02500855,0.97375804,DE
1343,growing,False,False,complex,complex,complex,0.0019195969,0.009024494,0.9890559,DE
1344,growing,False,True,complex,complex,complex,0.001378781,0.021058803,0.9775624,DE
1345,growing,False,True,complex,complex,complex,0.01070191,0.11420188,0.87509614,DE
1346,growing,False,True,complex,complex,complex,0.0011610814,0.009339255,0.9894996,DE
1347,growing,False,False,complex,complex,complex,0.0026071253,0.058983456,0.93840945,DE
1348,growing,False,True,complex,complex,complex,0.0017403816,0.02281564,0.9754439,DE
1349,growing,False,True,complex,complex,complex,0.004853619,0.09689831,0.89824814,DE
1350,growing,False,True,complex,complex,complex,0.005516134,0.11088627,0.8835976,DE
1351,growing,False,True,complex,complex,complex,0.004389727,0.1345937,0.8610166,DE
1352,growing,False,False,intermediate,complex,complex,0.016336987,0.1617924,0.8218706,DE
1353,growing,False,True,complex,complex,complex,0.004978697,0.059695877,0.9353254,DE
1354,growing,False,True,complex,complex,complex,0.017253306,0.11535978,0.8673869,DE
1355,growing,False,True,complex,complex,complex,0.0012848937,0.013590326,0.9851247,DE
1356,growing,False,True,complex,complex,complex,0.007103681,0.070393726,0.9225025,DE
1357,growing,False,True,intermediate,intermediate,intermediate,0.008674037,0.5997376,0.39158842,DE
1358,growing,False,True,complex,complex,complex,0.0022669635,0.041866947,0.9558661,DE
1359,growing,False,False,complex,complex,complex,0.0014200906,0.051228363,0.9473516,DE
1360,growing,False,True,complex,complex,complex,0.0012502668,0.016755624,0.9819941,DE
1361,growing,False,True,complex,complex,complex,0.0008673278,0.007036718,0.99209595,DE
1362,growing,False,True,complex,complex,complex,0.0027872515,0.017335389,0.9798774,DE
1363,growing,False,True,complex,complex,complex,0.010264848,0.06017858,0.9295566,DE
1364,growing,False,True,complex,complex,complex,0.0027871674,0.024323402,0.9728895,DE
1365,growing,False,True,complex,complex,complex,0.005270985,0.040060695,0.9546684,DE
1366,growing,False,True,complex,complex,complex,0.0016970695,0.02625566,0.9720473,DE
1367,growing,False,False,complex,complex,complex,0.0011731494,0.015964381,0.9828624,DE
1368,growing,False,False,complex,complex,complex,0.0017434886,0.016493699,0.9817629,DE
1369,growing,False,True,complex,complex,complex,0.0013812569,0.026355166,0.9722635,DE
1370,growing,False,False,complex,complex,complex,0.002017613,0.03400271,0.96397966,DE
1371,growing,False,False,intermediate,complex,complex,0.0050932122,0.02821527,0.96669155,DE
1372,growing,False,True,complex,complex,complex,0.00137835,0.027390616,0.97123104,DE
1373,growing,False,False,complex,complex,complex,0.004772993,0.13157661,0.86365044,DE
1374,growing,False,True,complex,complex,complex,0.0015062462,0.021826059,0.97666776,DE
1375,growing,False,True,complex,complex,complex,0.004802789,0.0418995,0.95329773,DE
1376,growing,False,True,complex,complex,complex,0.004026481,0.027842352,0.9681312,DE
1377,growing,False,True,complex,complex,complex,0.002768969,0.103972904,0.8932581,DE
1378,growing,False,True,complex,complex,complex,0.0027288154,0.018241137,0.97903,DE
1379,growing,False,True,complex,complex,complex,0.0026774253,0.026729599,0.970593,DE
1380,growing,False,True,complex,complex,complex,0.0061463746,0.082698,0.91115564,DE
1381,growing,False,False,complex,complex,complex,0.0041576615,0.10624083,0.8896015,DE
1382,growing,False,True,complex,complex,complex,0.0007377018,0.008928074,0.9903342,DE
1383,growing,False,True,complex,complex,complex,0.0036928216,0.04470626,0.95160097,DE
1384,growing,False,True,complex,complex,complex,0.0015125268,0.021426026,0.97706145,DE
1385,growing,False,True,complex,complex,complex,0.0012634371,0.015131367,0.9836052,DE
1386,growing,False,True,complex,complex,complex,0.0020491905,0.018621502,0.97932935,DE
1387,growing,False,True,complex,complex,complex,0.0010207824,0.016955353,0.9820239,DE
1388,growing,False,True,complex,complex,complex,0.0043816417,0.026975261,0.96864307,DE
1389,growing,False,True,complex,complex,complex,0.0019323715,0.008191327,0.98987633,DE
1390,growing,False,True,complex,complex,complex,0.0027862925,0.016167415,0.9810463,DE
1391,growing,False,True,complex,complex,complex,0.0015738629,0.018188301,0.98023784,DE
1392,growing,False,True,complex,complex,complex,0.0010222164,0.007451631,0.9915262,DE
1393,growing,False,True,complex,complex,complex,0.003466726,0.013885246,0.9826481,DE
1394,growing,False,True,complex,complex,complex,0.0024362176,0.03916406,0.9583997,DE
1395,growing,False,False,complex,complex,complex,0.0022997882,0.054574836,0.94312537,DE
1396,growing,False,True,complex,complex,complex,0.0031499,0.018310778,0.97853935,DE
1397,growing,False,True,complex,complex,complex,0.002074988,0.023684382,0.9742406,DE
1398,growing,False,True,complex,complex,complex,0.0018039843,0.08649522,0.9117008,DE
1399,growing,False,True,complex,complex,complex,0.0009946364,0.018249447,0.98075587,DE
1400,growing,False,False,complex,complex,complex,0.0040679565,0.16705523,0.8288768,DE
1401,growing,False,True,complex,complex,complex,0.0010893397,0.013473325,0.98543733,DE
1402,growing,False,True,complex,complex,complex,0.0017838677,0.015709044,0.98250705,DE
1403,growing,False,True,complex,complex,complex,0.0053163692,0.030288689,0.9643949,DE
1404,growing,False,True,complex,complex,complex,0.0027180035,0.017582696,0.9796993,DE
1405,growing,False,False,complex,complex,complex,0.0014935251,0.010928885,0.98757756,DE
1406,growing,False,True,complex,complex,complex,0.0012364099,0.007093952,0.99166965,DE
1407,growing,False,True,complex,complex,complex,0.0041061416,0.05621806,0.9396758,DE
1408,growing,False,False,complex,complex,complex,0.0019282615,0.07071431,0.9273574,DE
1409,growing,False,True,complex,complex,complex,0.0011534862,0.016997812,0.9818487,DE
1410,growing,False,True,complex,complex,complex,0.004967845,0.13139144,0.8636407,DE
1411,growing,False,True,complex,complex,complex,0.0041122125,0.11017862,0.88570917,DE
1412,growing,False,True,complex,complex,complex,0.0041847723,0.060934667,0.9348806,DE
1413,growing,False,True,complex,complex,complex,0.0047326023,0.21719827,0.77806914,DE
1414,growing,False,False,complex,complex,complex,0.0032699818,0.03641676,0.96031326,DE
1415,growing,False,True,complex,complex,complex,0.00631625,0.12523481,0.8684489,DE
1416,growing,False,True,complex,complex,complex,0.000589394,0.0073785777,0.99203205,DE
1417,growing,False,True,complex,complex,complex,0.0030900096,0.100561135,0.89634883,DE
1418,growing,False,True,complex,complex,complex,0.0021816643,0.04566859,0.95214975,DE
1419,growing,False,True,complex,complex,complex,0.0043628532,0.17908372,0.81655335,DE
1420,growing,False,True,complex,complex,complex,0.0012756542,0.015254957,0.98346937,DE
1421,growing,False,True,complex,complex,complex,0.004714721,0.048378237,0.94690704,DE
1422,growing,False,True,complex,complex,complex,0.0015419073,0.035208337,0.96324974,DE
1423,growing,False,True,complex,complex,complex,0.0036828273,0.041810676,0.9545065,DE
1424,growing,False,True,complex,complex,complex,0.003404186,0.027777156,0.9688186,DE
1425,growing,False,True,complex,complex,complex,0.0033208854,0.07363358,0.9230455,DE
1426,growing,False,True,intermediate,intermediate,intermediate,0.0039644516,0.82563764,0.17039791,DE
1427,growing,False,True,intermediate,intermediate,intermediate,0.00469784,0.8899356,0.10536652,DE
1428,growing,False,True,complex,complex,complex,0.0013177316,0.013315066,0.9853672,DE
1429,growing,False,True,complex,complex,complex,0.0008297266,0.005850895,0.9933194,DE
1430,growing,False,True,complex,complex,complex,0.0032163174,0.048527204,0.9482565,DE
1431,growing,False,True,complex,complex,complex,0.0013640131,0.02833249,0.9703034,DE
1432,growing,False,True,complex,complex,complex,0.0033228989,0.011116723,0.98556036,DE
1433,growing,False,True,complex,complex,complex,0.0021299575,0.014347607,0.9835224,DE
1434,growing,False,True,complex,complex,complex,0.0014584874,0.013297371,0.98524415,DE
1435,growing,False,True,complex,complex,complex,0.0021333427,0.01497599,0.98289067,DE
1436,growing,False,True,complex,complex,complex,0.0021192746,0.022781948,0.9750988,DE
1437,growing,False,False,complex,complex,complex,0.0013868721,0.046298873,0.95231426,DE
1438,growing,False,True,complex,complex,complex,0.0058368603,0.09436516,0.899798,DE
1439,growing,False,True,complex,complex,complex,0.004739982,0.04389395,0.9513661,DE
1440,growing,False,True,complex,complex,complex,0.004739982,0.04389395,0.9513661,DE
1441,growing,False,True,complex,complex,complex,0.0013759745,0.011872263,0.9867518,DE
1442,growing,False,True,complex,complex,complex,0.0017032223,0.022807572,0.9754892,DE
1443,growing,False,False,complex,complex,complex,0.0015699436,0.0818622,0.91656786,DE
1444,growing,False,False,complex,complex,complex,0.0012756564,0.026734732,0.97198963,DE
1445,growing,False,False,complex,complex,complex,0.0014114078,0.032192152,0.96639645,DE
1446,growing,False,True,complex,complex,complex,0.0011056267,0.015330284,0.98356414,DE
1447,growing,False,True,complex,complex,complex,0.0036987367,0.024979698,0.9713216,DE
1448,growing,False,False,complex,complex,complex,0.0014164295,0.020112151,0.97847146,DE
1449,growing,False,False,complex,complex,complex,0.002730326,0.057465166,0.93980455,DE
1450,growing,False,True,complex,complex,complex,0.0028971918,0.065267995,0.9318348,DE
1451,growing,False,True,complex,complex,complex,0.004470129,0.2174347,0.7780951,DE
1452,growing,False,True,complex,complex,complex,0.003978412,0.06927571,0.9267459,DE
1453,growing,False,True,complex,complex,complex,0.002869258,0.06935286,0.92777795,DE
1454,growing,False,True,complex,complex,complex,0.0071981526,0.12520275,0.8675991,DE
1455,growing,False,True,complex,complex,complex,0.0050749034,0.023402836,0.9715223,DE
1456,growing,False,True,complex,complex,complex,0.001423157,0.02015903,0.9784178,DE
1457,growing,False,True,complex,complex,complex,0.0008962582,0.017430265,0.9816735,DE
1458,growing,False,False,complex,complex,complex,0.0019336465,0.03915386,0.95891255,DE
1459,growing,False,True,complex,complex,complex,0.005479387,0.039654575,0.95486605,DE
1460,growing,False,True,complex,complex,complex,0.0026262973,0.09285036,0.9045233,DE
1461,growing,False,True,complex,complex,complex,0.0021839694,0.032248814,0.9655673,DE
1462,growing,False,False,complex,complex,complex,0.0025122114,0.09125131,0.90623647,DE
1463,growing,False,False,complex,complex,complex,0.0030677745,0.04077134,0.9561609,DE
1464,growing,False,True,complex,complex,complex,0.0042794417,0.051215887,0.9445047,DE
1465,growing,False,True,complex,complex,complex,0.01295386,0.049599044,0.9374471,DE
1466,growing,False,True,complex,complex,complex,0.0017947484,0.011187243,0.98701805,DE
1467,growing,False,True,complex,complex,complex,0.0024099855,0.06706647,0.9305235,DE
1468,growing,False,False,complex,complex,complex,0.0027852033,0.028959129,0.9682557,DE
1469,growing,False,True,complex,complex,complex,0.0018914582,0.029339284,0.96876925,DE
1470,growing,False,True,complex,complex,complex,0.0018778361,0.06943144,0.92869073,DE
1471,growing,False,True,complex,complex,complex,0.003282825,0.14398839,0.85272884,DE
1472,growing,False,True,complex,complex,complex,0.0017117227,0.04942877,0.9488595,DE
1473,growing,False,True,complex,complex,complex,0.0014438935,0.02042447,0.9781317,DE
1474,growing,False,True,complex,complex,complex,0.0016461355,0.07843967,0.9199142,DE
1475,growing,False,True,complex,complex,complex,0.0016482659,0.035246857,0.9631049,DE
1476,growing,False,False,complex,complex,complex,0.002220432,0.040454123,0.9573254,DE
1477,growing,False,True,complex,complex,complex,0.002263629,0.060240347,0.93749607,DE
1478,growing,False,True,complex,complex,complex,0.0023367694,0.05251623,0.94514704,DE
1479,growing,False,False,complex,complex,complex,0.002720186,0.048657887,0.9486219,DE
1480,growing,False,True,complex,complex,complex,0.0038724004,0.046692047,0.9494356,DE
1481,growing,False,True,complex,complex,complex,0.0022335406,0.021634782,0.9761317,DE
1482,growing,False,True,complex,complex,complex,0.003050407,0.05509904,0.94185054,DE
1483,growing,False,False,complex,complex,complex,0.002592797,0.085910805,0.9114964,DE
1484,growing,False,True,complex,complex,complex,0.0017854448,0.07122526,0.9269893,DE
1485,growing,False,True,complex,complex,complex,0.0011029055,0.015722182,0.983175,DE
1486,growing,False,True,complex,complex,complex,0.0010714445,0.0102513805,0.98867714,DE
1487,growing,False,True,complex,complex,complex,0.0022210781,0.03552624,0.9622527,DE
1488,growing,False,False,complex,complex,complex,0.00082891947,0.025801936,0.9733691,DE
1489,growing,False,False,complex,complex,complex,0.0011048062,0.018591242,0.98030394,DE
1490,growing,False,True,complex,complex,complex,0.0012781259,0.015476428,0.9832455,DE
1491,growing,False,True,intermediate,intermediate,intermediate,0.006974294,0.5728676,0.42015818,DE
1492,growing,False,False,complex,complex,complex,0.003337536,0.1834997,0.81316274,DE
1493,growing,False,True,complex,complex,complex,0.00097049226,0.02176416,0.9772653,DE
1494,growing,False,True,complex,complex,complex,0.005269633,0.04992632,0.944804,DE
1495,growing,False,False,complex,complex,complex,0.0018135,0.011982131,0.9862044,DE
1496,growing,False,True,complex,complex,complex,0.004709226,0.046515502,0.9487753,DE
1497,growing,False,True,complex,complex,complex,0.0006266881,0.013772625,0.98560065,DE
1498,growing,False,True,complex,complex,complex,0.0015868952,0.031175824,0.9672373,DE
1499,growing,False,True,complex,complex,complex,0.0011386343,0.017633192,0.9812282,DE
1500,growing,False,True,complex,complex,complex,0.0012217681,0.037450407,0.9613278,DE
1501,growing,False,True,complex,complex,complex,0.004279545,0.036312867,0.95940757,DE
1502,growing,False,True,complex,complex,complex,0.0036513489,0.027258797,0.9690898,DE
1503,growing,False,False,complex,complex,complex,0.0017599921,0.02680497,0.97143507,DE
1504,growing,False,True,complex,complex,complex,0.0013283021,0.013103571,0.98556817,DE
1505,growing,False,True,complex,complex,complex,0.0008931503,0.011971869,0.987135,DE
1506,growing,False,True,complex,complex,complex,0.0013854792,0.036497172,0.9621174,DE
1507,growing,False,True,complex,complex,complex,0.00073639397,0.007487617,0.991776,DE
1508,growing,False,True,complex,complex,complex,0.0038196647,0.05577096,0.9404094,DE
1509,growing,False,False,complex,complex,complex,0.007961414,0.032642465,0.9593962,DE
1510,growing,False,True,complex,complex,complex,0.00440941,0.036328457,0.95926213,DE
1511,growing,False,True,complex,complex,complex,0.0043527484,0.05636317,0.9392841,DE
1512,growing,False,True,complex,complex,complex,0.001113978,0.03739803,0.961488,DE
1513,growing,False,True,complex,complex,complex,0.0009705405,0.012788011,0.98624146,DE
1514,growing,False,True,complex,complex,complex,0.002861471,0.032143313,0.9649952,DE
1515,growing,False,True,complex,complex,complex,0.0011369963,0.013688306,0.9851747,DE
1516,growing,False,True,complex,complex,complex,0.0013663425,0.019397333,0.9792363,DE
1517,growing,False,True,complex,complex,complex,0.0014178351,0.06066622,0.937916,DE
1518,growing,False,True,complex,complex,complex,0.002544432,0.05253417,0.94492143,DE
1519,growing,False,True,complex,complex,complex,0.0012456096,0.024628283,0.9741261,DE
1520,growing,False,True,complex,complex,complex,0.0022317523,0.06777737,0.9299909,DE
1521,growing,False,True,complex,complex,complex,0.0014193504,0.014614908,0.98396575,DE
1522,growing,False,True,complex,complex,complex,0.00095798145,0.017675009,0.98136693,DE
1523,growing,False,True,complex,complex,complex,0.0021682302,0.03598766,0.9618441,DE
1524,growing,False,True,complex,complex,complex,0.0014143067,0.015124847,0.9834608,DE
1525,growing,False,True,complex,complex,complex,0.0020985322,0.0515745,0.94632703,DE
1526,growing,False,True,complex,complex,complex,0.003115176,0.050310157,0.9465746,DE
1527,growing,False,True,complex,complex,complex,0.0011591584,0.007419165,0.99142164,DE
1528,growing,False,False,complex,complex,complex,0.001139152,0.025697311,0.9731635,DE
1529,growing,False,False,complex,complex,complex,0.0013127773,0.034657992,0.9640292,DE
1530,growing,False,True,complex,complex,complex,0.0016622995,0.01602839,0.9823093,DE
1531,growing,False,True,complex,complex,complex,0.0015796536,0.03809721,0.96032315,DE
1532,growing,False,True,complex,complex,complex,0.0024712759,0.06089545,0.9366332,DE
1533,growing,False,False,complex,complex,complex,0.006344525,0.18699646,0.806659,DE
1534,growing,False,False,complex,complex,complex,0.0047539943,0.1299382,0.8653078,DE
1535,growing,False,False,complex,complex,complex,0.0066233664,0.16067222,0.8327044,DE
1536,growing,False,True,complex,complex,complex,0.004566288,0.106960356,0.88847333,DE
1537,growing,False,False,complex,complex,complex,0.00093998533,0.013092421,0.9859676,DE
1538,growing,False,True,complex,complex,complex,0.0056578056,0.028703773,0.9656384,DE
1539,growing,False,True,complex,complex,complex,0.001602785,0.012488378,0.9859088,DE
1540,growing,False,True,complex,complex,complex,0.0019102623,0.027309751,0.97078,DE
1541,growing,False,True,complex,complex,complex,0.0036211712,0.10328205,0.8930968,DE
1542,growing,False,True,complex,complex,complex,0.0009719485,0.015307742,0.9837203,DE
1543,growing,False,True,complex,complex,complex,0.0010957682,0.03323247,0.9656718,DE
1544,growing,False,True,complex,complex,complex,0.00076357933,0.011985629,0.9872508,DE
1545,growing,False,True,complex,complex,complex,0.0020197462,0.011071657,0.9869086,DE
1546,growing,False,True,complex,complex,complex,0.0030814086,0.047465067,0.94945353,DE
1547,growing,False,True,complex,complex,complex,0.0040148837,0.018293597,0.97769153,DE
1548,growing,False,False,complex,complex,complex,0.0022307015,0.04081035,0.9569589,DE
1549,growing,False,False,complex,complex,complex,0.0043267547,0.019122072,0.9765512,DE
1550,growing,False,True,complex,complex,complex,0.0023257604,0.03566616,0.9620081,DE
1551,growing,False,True,complex,complex,complex,0.0011855662,0.015809555,0.9830049,DE
1552,growing,False,False,complex,complex,complex,0.0010752524,0.0083740465,0.99055064,DE
1553,growing,False,True,complex,complex,complex,0.019912245,0.06323972,0.916848,DE
1554,growing,False,True,complex,complex,complex,0.0024266622,0.032795545,0.9647778,DE
1555,growing,False,True,complex,complex,complex,0.0034083866,0.059486236,0.93710536,DE
1556,growing,False,False,complex,complex,complex,0.00067994575,0.013770596,0.9855495,DE
1557,growing,False,False,complex,complex,complex,0.004436169,0.098326966,0.89723694,DE
1558,growing,False,True,complex,complex,complex,0.0012931426,0.016956858,0.98175,DE
1559,growing,False,False,complex,complex,complex,0.0013942536,0.01056001,0.98804575,DE
1560,growing,False,True,complex,complex,complex,0.0013930799,0.009956088,0.9886508,DE
1561,growing,False,True,complex,complex,complex,0.002078166,0.028039375,0.9698824,DE
1562,growing,False,True,complex,complex,complex,0.0008910721,0.021468332,0.97764057,DE
1563,growing,False,True,complex,complex,complex,0.0065751015,0.02875419,0.9646707,DE
1564,growing,False,True,complex,complex,complex,0.001957768,0.016371287,0.981671,DE
1565,growing,True,False,complex,complex,,0.006736539,0.26428276,0.7289807,DE
1566,growing,False,False,complex,complex,complex,0.004229294,0.35097197,0.64479876,DE
1567,growing,False,True,complex,complex,complex,0.002784036,0.0239458,0.9732702,DE
1568,growing,False,True,complex,complex,complex,0.006001574,0.10234333,0.8916551,DE
1569,growing,False,True,intermediate,intermediate,intermediate,0.004308272,0.67533165,0.32036003,DE
1570,growing,False,False,complex,complex,complex,0.0040444434,0.091893114,0.9040624,DE
1571,growing,False,True,intermediate,intermediate,intermediate,0.009891452,0.62074673,0.36936185,DE
1572,growing,False,True,complex,complex,complex,0.009628764,0.34305638,0.6473149,DE
1573,growing,False,False,complex,complex,complex,0.002583481,0.050882313,0.94653416,DE
1574,growing,False,True,complex,complex,complex,0.006524994,0.077443026,0.916032,DE
1575,growing,False,True,complex,complex,complex,0.004242266,0.07176247,0.9239952,DE
1576,growing,False,True,complex,complex,complex,0.004608005,0.081907384,0.91348463,DE
1577,growing,False,True,complex,complex,complex,0.0058844434,0.13072006,0.86339545,DE
1578,growing,False,False,complex,complex,complex,0.005153395,0.09031389,0.9045327,DE
1579,growing,False,False,complex,complex,complex,0.0029962596,0.02824795,0.96875584,DE
1580,growing,False,True,complex,complex,complex,0.0023257781,0.031373058,0.96630114,DE
1581,growing,False,True,complex,complex,complex,0.0028152913,0.025008874,0.97217584,DE
1582,growing,False,True,complex,complex,complex,0.011797607,0.15407796,0.8341244,DE
1583,growing,False,False,complex,complex,complex,0.002142044,0.047412675,0.95044523,DE
1584,growing,False,True,complex,complex,complex,0.005680368,0.29318342,0.7011362,DE
1585,growing,False,True,complex,complex,complex,0.0050854073,0.114080824,0.88083375,DE
1586,growing,False,True,complex,complex,complex,0.0042270925,0.1465722,0.84920067,DE
1587,growing,False,False,complex,complex,complex,0.010752789,0.21446182,0.7747854,DE
1588,growing,False,True,intermediate,intermediate,intermediate,0.0059274463,0.63742435,0.3566482,DE
1589,growing,False,True,complex,complex,complex,0.0038862277,0.07916341,0.9169504,DE
1590,growing,False,True,complex,complex,complex,0.0027214736,0.048851907,0.94842666,DE
1591,growing,False,True,complex,complex,complex,0.0033597585,0.037334014,0.9593062,DE
1592,growing,False,False,complex,complex,complex,0.0061672875,0.030441098,0.9633916,DE
1593,growing,False,True,complex,complex,complex,0.003118257,0.11246305,0.8844187,DE
1594,growing,False,True,complex,complex,complex,0.0070251566,0.029479599,0.96349525,DE
1595,growing,False,True,complex,complex,complex,0.0026445661,0.028059257,0.96929616,DE
1596,growing,False,True,complex,complex,complex,0.0014149105,0.012845147,0.9857399,DE
1597,growing,False,True,complex,complex,complex,0.0020972458,0.028939184,0.96896356,DE
1598,growing,False,True,complex,complex,complex,0.0021625953,0.036141526,0.9616959,DE
1599,growing,False,True,complex,complex,complex,0.010652581,0.15009312,0.8392543,DE
1600,growing,False,False,complex,complex,complex,0.0028056107,0.04879779,0.9483966,DE
1601,growing,False,False,complex,complex,complex,0.0039189346,0.06809179,0.92798924,DE
1602,growing,True,False,complex,complex,,0.0040298863,0.0384078,0.9575623,DE
1603,growing,False,True,complex,complex,complex,0.0027851877,0.01115673,0.98605806,DE
1604,growing,False,False,complex,complex,complex,0.0014353732,0.008523467,0.9900412,DE
1605,growing,False,True,complex,complex,complex,0.0010869026,0.014212824,0.9847002,DE
1606,growing,False,False,complex,complex,complex,0.005727623,0.043467168,0.9508052,DE
1607,growing,False,True,complex,complex,complex,0.004695375,0.11722712,0.8780775,DE
1608,growing,False,True,complex,complex,complex,0.0017950281,0.038667433,0.9595375,DE
1609,growing,False,True,complex,complex,complex,0.0021769395,0.01937974,0.97844326,DE
1610,growing,False,True,complex,complex,complex,0.005551799,0.023684118,0.97076404,DE
1611,growing,False,False,intermediate,complex,complex,0.007155806,0.058332708,0.9345115,DE
1612,growing,False,True,complex,complex,complex,0.0018462681,0.020344581,0.97780913,DE
1613,growing,False,True,complex,complex,complex,0.002154796,0.013547503,0.9842977,DE
1614,growing,False,True,complex,complex,complex,0.002155121,0.009056415,0.9887884,DE
1615,growing,False,True,complex,complex,complex,0.0014769323,0.012369298,0.98615384,DE
1616,growing,False,False,complex,complex,complex,0.0071778367,0.29560336,0.69721884,DE
1617,growing,False,True,complex,complex,complex,0.0017200414,0.0253019,0.97297806,DE
1618,growing,False,True,complex,complex,complex,0.01691403,0.20212276,0.78096324,DE
1619,growing,False,True,complex,complex,complex,0.0013026699,0.00760932,0.99108803,DE
1620,growing,False,True,complex,complex,complex,0.0016571401,0.011037696,0.9873052,DE
1621,growing,False,False,complex,complex,complex,0.0020830946,0.054924354,0.94299257,DE
1622,growing,False,True,complex,complex,complex,0.0010508265,0.00546353,0.9934856,DE
1623,growing,False,True,complex,complex,complex,0.0017866727,0.014578359,0.98363495,DE
1624,growing,False,False,complex,complex,complex,0.0020420903,0.024090607,0.97386736,DE
1625,growing,False,True,complex,complex,complex,0.0036098594,0.054747365,0.9416428,DE
1626,growing,False,True,complex,complex,complex,0.0025802734,0.042098626,0.95532113,DE
1627,growing,False,True,complex,complex,complex,0.0026220325,0.055530958,0.94184697,DE
1628,growing,False,True,complex,complex,complex,0.0018898647,0.02060442,0.97750574,DE
1629,growing,False,True,complex,complex,complex,0.0019247067,0.04495452,0.9531207,DE
1630,growing,False,True,intermediate,intermediate,intermediate,0.0020795404,0.8730871,0.12483338,DE
1631,growing,False,True,complex,complex,complex,0.0023371398,0.04113553,0.95652735,DE
1632,growing,False,True,complex,complex,complex,0.0046420963,0.1346472,0.86071074,DE
1633,growing,False,True,complex,complex,complex,0.0034851828,0.04393319,0.9525816,DE
1634,growing,False,False,complex,complex,complex,0.0042991145,0.25908628,0.7366146,DE
1635,growing,False,False,intermediate,complex,complex,0.011190217,0.17032243,0.81848735,DE
1636,growing,False,True,complex,complex,complex,0.0050274027,0.08317908,0.91179353,DE
1637,growing,False,True,complex,complex,complex,0.0035447078,0.117459185,0.87899613,DE
1638,growing,False,True,complex,complex,complex,0.0118887285,0.15141813,0.83669317,DE
1639,growing,False,True,complex,complex,complex,0.0030072941,0.058633182,0.93835956,DE
1640,growing,False,True,complex,complex,complex,0.0028343864,0.060379326,0.93678623,DE
1641,growing,False,False,complex,complex,complex,0.004227941,0.04851473,0.94725734,DE
1642,growing,False,True,complex,complex,complex,0.004765613,0.056971803,0.9382626,DE
1643,growing,False,True,complex,complex,complex,0.004305315,0.06396445,0.9317303,DE
1644,growing,False,True,intermediate,intermediate,intermediate,0.004690784,0.8157252,0.17958406,DE
1645,growing,False,True,intermediate,intermediate,intermediate,0.007295901,0.75801694,0.2346872,DE
1646,growing,False,True,complex,complex,complex,0.0045918934,0.054934468,0.9404736,DE
1647,growing,False,True,complex,complex,complex,0.002306613,0.052368946,0.9453245,DE
1648,growing,False,False,complex,complex,complex,0.003109039,0.10275568,0.89413524,DE
1649,growing,False,True,intermediate,intermediate,intermediate,0.0075287526,0.6929472,0.29952407,DE
1650,growing,False,True,complex,complex,complex,0.002641552,0.047347005,0.9500115,DE
1651,growing,False,True,complex,complex,complex,0.004656606,0.1186461,0.8766973,DE
1652,growing,False,False,complex,complex,complex,0.003991746,0.14234619,0.85366213,DE
1653,growing,False,False,complex,complex,complex,0.0034453552,0.068603575,0.92795104,DE
1654,growing,False,True,complex,complex,complex,0.0024285202,0.07576292,0.92180854,DE
1655,growing,False,True,intermediate,intermediate,intermediate,0.0054536844,0.69913995,0.2954064,DE
1656,growing,False,True,complex,intermediate,intermediate,0.0050158263,0.8128992,0.18208502,DE
1657,growing,False,False,complex,complex,complex,0.0023803827,0.2193779,0.7782417,DE
1658,growing,False,True,intermediate,intermediate,intermediate,0.01456545,0.6477381,0.33769643,DE
1659,growing,False,False,complex,complex,complex,0.0026607804,0.12443266,0.8729066,DE
1660,growing,False,False,intermediate,intermediate,intermediate,0.00539397,0.64213544,0.35247064,DE
1661,growing,False,True,complex,complex,complex,0.008309131,0.08939048,0.90230036,DE
1662,growing,False,True,complex,complex,complex,0.0033231785,0.044481702,0.95219517,DE
1663,growing,False,True,complex,complex,complex,0.0029862672,0.07131247,0.9257013,DE
1664,growing,False,False,complex,complex,complex,0.0023424393,0.076262414,0.9213951,DE
1665,growing,False,True,complex,complex,complex,0.0038360863,0.06705551,0.92910844,DE
1666,growing,False,True,complex,complex,complex,0.0023452395,0.10602682,0.89162797,DE
1667,growing,False,True,complex,complex,complex,0.0020124996,0.049611513,0.94837606,DE
1668,growing,False,True,complex,complex,complex,0.0044191102,0.15179156,0.8437894,DE
1669,growing,False,False,intermediate,complex,complex,0.005871504,0.4763598,0.5177687,DE
1670,growing,False,False,complex,complex,complex,0.0037696692,0.2529367,0.7432936,DE
1671,growing,False,False,complex,complex,complex,0.004778066,0.1199941,0.8752278,DE
1672,growing,False,True,complex,complex,complex,0.007341828,0.13752122,0.855137,DE
1673,growing,False,False,complex,complex,complex,0.001373461,0.021469839,0.9771567,DE
1674,growing,False,True,complex,complex,complex,0.0035024139,0.03965766,0.9568399,DE
1675,growing,False,True,intermediate,intermediate,intermediate,0.007579781,0.60728997,0.3851303,DE
1676,growing,False,True,complex,complex,complex,0.012813175,0.29568923,0.69149756,DE
1677,growing,False,True,complex,complex,complex,0.0022616575,0.024764292,0.97297406,DE
1678,growing,False,True,complex,complex,complex,0.003009834,0.29411405,0.70287615,DE
1679,growing,False,True,complex,complex,complex,0.002674323,0.05261027,0.9447154,DE
1680,growing,False,True,complex,complex,complex,0.004680943,0.057463378,0.93785566,DE
1681,growing,False,True,complex,complex,complex,0.0043414086,0.22361667,0.7720419,DE
1682,growing,False,False,intermediate,complex,complex,0.010039452,0.18994541,0.8000151,DE
1683,growing,False,False,complex,complex,complex,0.0038805027,0.061706886,0.9344126,DE
1684,growing,False,False,complex,intermediate,intermediate,0.007311344,0.7222186,0.27047008,DE
1685,growing,False,True,intermediate,intermediate,intermediate,0.005054845,0.80402446,0.19092073,DE
1686,growing,False,True,complex,complex,complex,0.001929288,0.026042532,0.9720282,DE
1687,growing,False,True,complex,complex,complex,0.003735682,0.055464912,0.9407994,DE
1688,growing,False,True,complex,complex,complex,0.0034734043,0.08761858,0.90890795,DE
1689,growing,False,True,intermediate,intermediate,intermediate,0.0048618256,0.81864375,0.17649446,DE
1690,growing,False,True,complex,complex,complex,0.0026032564,0.019306567,0.97809017,DE
1691,growing,False,True,intermediate,intermediate,intermediate,0.0038677338,0.80747604,0.18865624,DE
1692,growing,False,True,complex,complex,complex,0.003498473,0.037246726,0.95925474,DE
1693,growing,False,True,complex,intermediate,intermediate,0.005377758,0.49857518,0.4960471,DE
1694,growing,False,True,intermediate,intermediate,intermediate,0.0069665066,0.74789447,0.24513899,DE
1695,growing,False,True,intermediate,intermediate,intermediate,0.005652649,0.8850127,0.10933465,DE
1696,growing,False,True,complex,complex,complex,0.004328611,0.15345755,0.8422138,DE
1697,growing,False,True,complex,complex,complex,0.0021673604,0.03819731,0.9596353,DE
1698,growing,False,True,complex,complex,complex,0.010519121,0.3465718,0.6429091,DE
1699,growing,False,True,complex,complex,complex,0.0032154066,0.04739342,0.9493912,DE
1700,growing,False,True,complex,complex,complex,0.0024924222,0.05713552,0.9403721,DE
1701,growing,False,False,complex,complex,complex,0.00347145,0.34360582,0.65292275,DE
1702,growing,False,False,complex,complex,complex,0.004375949,0.2938655,0.70175856,DE
1703,growing,False,True,complex,complex,complex,0.007157264,0.10893827,0.88390446,DE
1704,growing,False,True,complex,complex,complex,0.0024383331,0.12942019,0.8681415,DE
1705,growing,False,True,complex,complex,complex,0.0035400032,0.1315886,0.8648714,DE
1706,growing,False,True,intermediate,intermediate,intermediate,0.0045332806,0.73105663,0.26441014,DE
1707,growing,False,True,complex,intermediate,intermediate,0.0059612393,0.5709805,0.4230583,DE
1708,growing,False,True,complex,complex,complex,0.0022229517,0.06039962,0.9373774,DE
1709,growing,False,True,complex,complex,complex,0.0045922683,0.077928826,0.9174789,DE
1710,growing,False,False,complex,complex,complex,0.0036894237,0.11204669,0.8842639,DE
1711,growing,False,True,complex,complex,complex,0.010940177,0.25148043,0.7375794,DE
1712,growing,False,True,complex,complex,complex,0.002513132,0.040695235,0.9567916,DE
1713,growing,False,False,complex,complex,complex,0.0067188814,0.15200038,0.84128076,DE
1714,growing,False,False,complex,complex,complex,0.010570066,0.37938437,0.61004555,DE
1715,growing,False,True,complex,complex,complex,0.0052144,0.08629381,0.9084918,DE
1716,growing,False,True,complex,complex,complex,0.0056522293,0.085789755,0.908558,DE
1717,growing,False,False,intermediate,complex,complex,0.013776107,0.48154002,0.50468385,DE
1718,growing,False,True,complex,complex,complex,0.0065942598,0.42743194,0.5659738,DE
1719,growing,False,True,complex,complex,complex,0.003621833,0.08359977,0.91277844,DE
1720,growing,False,True,complex,complex,complex,0.0029653145,0.16330904,0.83372563,DE
1721,growing,False,False,complex,complex,complex,0.0061768107,0.21893674,0.7748864,DE
1722,growing,False,True,intermediate,intermediate,intermediate,0.005238916,0.8670616,0.12769945,DE
1723,growing,False,True,complex,complex,complex,0.002825698,0.18762565,0.8095487,DE
1724,growing,False,True,complex,complex,complex,0.002200049,0.04281536,0.95498466,DE
1725,growing,False,True,complex,complex,complex,0.004268912,0.057808615,0.9379225,DE
1726,growing,False,False,complex,complex,complex,0.002482398,0.02048959,0.977028,DE
1727,growing,False,True,complex,complex,complex,0.0016157306,0.020890905,0.9774934,DE
1728,growing,False,True,complex,complex,complex,0.0027525076,0.039570414,0.9576771,DE
1729,growing,False,True,complex,complex,complex,0.0144468015,0.16179141,0.8237618,DE
1730,growing,False,True,complex,complex,complex,0.004325982,0.036863297,0.9588107,DK
1731,growing,False,True,complex,complex,complex,0.0011460582,0.016283793,0.9825701,DK
1732,growing,False,True,complex,complex,complex,0.0022211752,0.04804568,0.94973314,DK
1733,growing,False,True,complex,complex,complex,0.0014792652,0.053828858,0.9446919,DK
1734,growing,False,False,,complex,complex,0.0009039031,0.012407529,0.98668855,DK
1735,growing,False,True,complex,complex,complex,0.0056099393,0.17408566,0.8203044,DK
1736,growing,False,True,complex,complex,complex,0.0027525262,0.089747995,0.90749955,DK
1737,growing,True,False,intermediate,complex,,0.0053845188,0.49376595,0.50084955,DK
1738,growing,False,True,complex,complex,complex,0.0025163502,0.09052514,0.9069585,DK
1739,growing,True,False,complex,complex,,0.005941399,0.20293924,0.79111934,DK
1740,growing,False,True,complex,complex,complex,0.00505973,0.053807728,0.94113255,DK
1741,growing,True,False,complex,complex,,0.009995336,0.38015145,0.6098532,DK
1742,growing,True,False,complex,intermediate,,0.0077426718,0.58015406,0.41210324,DK
1743,growing,True,False,complex,intermediate,,0.005933821,0.6914784,0.3025878,DK
1744,growing,True,False,complex,complex,,0.008432239,0.41453052,0.5770372,DK
1745,growing,True,False,complex,intermediate,,0.005401321,0.5277257,0.466873,DK
1746,growing,True,False,complex,complex,,0.0060195513,0.12936239,0.864618,DK
1747,growing,True,False,intermediate,complex,,0.008540572,0.23886302,0.7525964,DK
1748,growing,True,False,complex,complex,,0.0071482514,0.19838904,0.79446274,DK
1749,growing,True,False,intermediate,complex,,0.0054415823,0.20735277,0.78720564,DK
1750,growing,True,False,complex,complex,,0.004235347,0.11499836,0.8807663,DK
1751,growing,True,False,complex,complex,,0.010999788,0.07547935,0.9135209,DK
1752,growing,False,True,complex,complex,complex,0.0020760542,0.038862407,0.9590615,DK
1753,growing,True,False,complex,complex,,0.0075836596,0.17811011,0.8143062,DK
1754,growing,False,True,complex,complex,complex,0.0030768956,0.058217213,0.93870586,DK
1755,growing,False,True,complex,complex,complex,0.0046350467,0.05964982,0.9357152,DK
1756,growing,False,True,complex,complex,complex,0.0030829743,0.03765481,0.9592622,DK
1757,growing,True,False,intermediate,complex,,0.009418367,0.39094922,0.59963244,DK
1758,growing,True,False,complex,complex,,0.009446864,0.3542329,0.63632023,DK
1759,growing,True,False,complex,complex,,0.0057364455,0.14490019,0.8493633,DK
1760,growing,True,False,intermediate,complex,,0.008305912,0.27333543,0.71835864,DK
1761,growing,True,False,intermediate,complex,,0.006976701,0.34269258,0.6503308,DK
1762,growing,False,False,complex,complex,complex,0.0029574912,0.09093184,0.9061107,DK
1763,growing,True,False,intermediate,complex,,0.005614476,0.2080178,0.7863677,DK
1764,growing,True,False,complex,complex,,0.006964702,0.13614574,0.8568896,DK
1765,growing,True,False,intermediate,complex,,0.00957874,0.13985422,0.85056704,DK
1766,growing,True,False,intermediate,complex,,0.008244798,0.25379,0.73796517,DK
1767,growing,True,False,complex,complex,,0.004608135,0.082243726,0.91314816,DK
1768,growing,True,False,simple,complex,,0.005937541,0.26122043,0.7328421,DK
1769,growing,True,False,complex,complex,,0.01167299,0.41420636,0.57412064,DK
1770,growing,True,False,intermediate,intermediate,,0.012304419,0.50082123,0.48687434,DK
1771,growing,True,False,intermediate,complex,,0.006478862,0.27865025,0.71487087,DK
1772,growing,True,False,complex,complex,,0.0047801565,0.13680786,0.85841197,DK
1773,growing,True,False,complex,complex,,0.003920104,0.087893404,0.9081865,DK
1774,growing,True,False,complex,complex,,0.011349194,0.17096269,0.81768805,DK
1775,growing,False,False,complex,complex,complex,0.003288202,0.08200025,0.91471153,DK
1776,growing,True,False,complex,complex,,0.011041534,0.23543088,0.7535276,DK
1777,growing,True,False,complex,complex,,0.008774005,0.43594804,0.55527794,DK
1778,growing,True,False,complex,complex,,0.008470697,0.15179981,0.8397295,DK
1779,growing,True,False,complex,complex,,0.007978316,0.24475844,0.7472632,DK
1780,growing,True,False,complex,complex,,0.019829135,0.23851553,0.7416553,DK
1781,growing,True,False,intermediate,complex,,0.007565857,0.24965128,0.7427829,DK
1782,growing,True,False,complex,complex,,0.010052791,0.2343369,0.7556103,DK
1783,growing,False,True,complex,complex,complex,0.0046116523,0.07122382,0.92416453,DK
1784,growing,True,False,complex,complex,,0.0073837917,0.265898,0.72671825,DK
1785,growing,True,False,complex,complex,,0.0043470007,0.2930431,0.7026099,DK
1786,growing,False,False,complex,complex,complex,0.003912139,0.10003023,0.8960576,DK
1787,growing,False,True,complex,complex,complex,0.0019483045,0.039272923,0.9587788,DK
1788,growing,True,False,complex,complex,,0.007725413,0.2369098,0.7553647,DK
1789,growing,False,False,complex,complex,complex,0.0017277495,0.036335655,0.96193653,DK
1790,growing,False,False,complex,complex,complex,0.0031634122,0.10251181,0.8943248,DK
1791,growing,True,False,complex,complex,,0.007981593,0.21598415,0.7760343,DK
1792,growing,False,True,complex,complex,complex,0.0007643192,0.019799935,0.9794358,DK
1793,growing,False,True,complex,complex,complex,0.0039975494,0.08453866,0.9114638,DK
1794,growing,False,True,complex,complex,complex,0.0016359454,0.099028885,0.89933515,DK
1795,growing,False,True,complex,complex,complex,0.0016888313,0.054011792,0.9442994,DK
1796,growing,False,True,complex,complex,complex,0.0041697016,0.06939613,0.9264342,DK
1797,growing,True,False,complex,complex,,0.013011588,0.36321956,0.62376887,DK
1798,growing,False,False,complex,complex,complex,0.0021869156,0.031676926,0.9661362,DK
1799,growing,False,True,complex,complex,complex,0.002646618,0.04790568,0.94944775,DK
1800,growing,True,False,complex,complex,,0.0051629175,0.36241668,0.6324204,DK
1801,growing,True,False,complex,complex,,0.0056863106,0.24902996,0.7452837,DK
1802,growing,False,True,complex,complex,complex,0.0019778898,0.06221041,0.93581176,DK
1803,growing,True,False,complex,complex,,0.0051641436,0.12599546,0.8688404,DK
1804,growing,True,False,intermediate,complex,,0.0063497885,0.2592475,0.7344027,DK
1805,growing,True,False,complex,complex,,0.004595649,0.17892818,0.8164762,DK
1806,growing,False,True,complex,complex,complex,0.0024318157,0.045183137,0.952385,DK
1807,growing,False,False,complex,complex,complex,0.0010032349,0.029652432,0.9693443,DK
1808,growing,True,False,complex,complex,,0.011740728,0.30334565,0.6849136,DK
1809,growing,True,False,complex,complex,,0.0070828665,0.43003207,0.56288505,DK
1810,growing,True,False,complex,complex,,0.0039616427,0.22106141,0.77497697,DK
1811,growing,True,False,complex,complex,,0.006723936,0.16629346,0.8269826,DK
1812,growing,True,False,complex,complex,,0.0077351695,0.19146857,0.8007962,DK
1813,growing,True,False,complex,complex,,0.0064400663,0.1279182,0.8656418,DK
1814,growing,False,True,complex,complex,complex,0.0020058686,0.03833245,0.95966166,DK
1815,growing,False,False,complex,complex,complex,0.005973855,0.11570178,0.87832433,DK
1816,growing,True,False,intermediate,complex,,0.0045537604,0.16489473,0.83055156,DK
1817,growing,False,True,complex,complex,complex,0.0009355521,0.019290378,0.97977406,DK
1818,growing,False,True,complex,complex,complex,0.0044105966,0.05088221,0.9447072,DK
1819,growing,True,False,complex,complex,,0.0026601546,0.16069123,0.83664864,DK
1820,growing,True,False,intermediate,complex,,0.006467119,0.15372244,0.83981043,DK
1821,growing,True,False,intermediate,complex,,0.005089051,0.19233109,0.8025799,DK
1822,growing,True,False,complex,complex,,0.002641981,0.14680415,0.8505539,DK
1823,growing,False,True,complex,complex,complex,0.0013669366,0.03554444,0.96308863,DK
1824,growing,False,True,complex,complex,complex,0.0030301942,0.08707669,0.90989316,DK
1825,growing,True,False,complex,complex,,0.006820547,0.37240872,0.6207707,DK
1826,growing,False,False,complex,complex,complex,0.0024198338,0.0695764,0.92800385,DK
1827,growing,False,True,complex,complex,complex,0.0017359939,0.0406394,0.9576246,DK
1828,growing,True,False,complex,complex,,0.004539522,0.14262581,0.85283464,DK
1829,growing,False,True,complex,complex,complex,0.0012667814,0.020148002,0.97858524,DK
1830,growing,True,False,complex,complex,,0.0036235908,0.21473807,0.7816383,DK
1831,growing,True,False,complex,complex,,0.0050010225,0.15854292,0.83645606,DK
1832,growing,True,False,complex,complex,,0.0067953733,0.2154616,0.77774304,DK
1833,growing,True,False,complex,complex,,0.004225359,0.10595938,0.8898153,DK
1834,growing,True,False,complex,complex,,0.0049660243,0.23812047,0.75691354,DK
1835,growing,True,False,complex,complex,,0.006650662,0.2650878,0.72826153,DK
1836,growing,True,False,complex,complex,,0.0044438504,0.33753118,0.658025,DK
1837,growing,True,False,complex,complex,,0.0045318957,0.31496304,0.68050504,DK
1838,growing,False,True,complex,complex,complex,0.0011590054,0.017557021,0.98128396,DK
1839,growing,True,False,complex,complex,,0.0066752154,0.10045448,0.89287037,DK
1840,growing,True,False,complex,complex,,0.006893203,0.1230413,0.8700655,DK
1841,growing,True,False,complex,complex,,0.0050213574,0.13205446,0.86292416,DK
1842,growing,False,True,complex,complex,complex,0.003052926,0.07739865,0.9195484,DK
1843,growing,True,False,complex,complex,,0.006689284,0.32723093,0.66607976,DK
1844,growing,True,False,complex,complex,,0.008671781,0.37073517,0.620593,DK
1845,growing,False,False,complex,complex,complex,0.0017615844,0.053598814,0.94463956,DK
1846,growing,True,False,intermediate,complex,,0.006685091,0.4050358,0.58827907,DK
1847,growing,True,False,complex,complex,,0.003564117,0.19339292,0.803043,DK
1848,growing,True,False,complex,complex,,0.0064420723,0.22418593,0.76937205,DK
1849,growing,False,True,complex,complex,complex,0.0030004992,0.0732653,0.92373425,DK
1850,growing,True,False,complex,complex,,0.007418199,0.240619,0.7519628,DK
1851,growing,False,False,intermediate,complex,complex,0.004808134,0.23769923,0.7574926,DK
1852,growing,True,False,complex,complex,,0.0076900646,0.20344366,0.78886634,DK
1853,growing,True,False,complex,complex,,0.004181333,0.24087755,0.7549411,DK
1854,growing,True,False,complex,complex,,0.0069336467,0.19923414,0.7938322,DK
1855,growing,False,True,complex,complex,complex,0.0016956246,0.048682734,0.9496216,DK
1856,growing,True,False,complex,complex,,0.01939184,0.3937892,0.586819,DK
1857,growing,True,False,complex,complex,,0.006049252,0.41167033,0.58228046,DK
1858,growing,True,False,complex,complex,,0.009025874,0.45262155,0.5383526,DK
1859,growing,False,True,complex,complex,complex,0.0042609293,0.094153956,0.90158516,DK
1860,growing,False,True,complex,complex,complex,0.0069966773,0.24759832,0.74540496,DK
1861,growing,False,True,complex,complex,complex,0.0027263274,0.11037594,0.88689774,DK
1862,growing,False,False,complex,complex,complex,0.002368104,0.059152603,0.93847924,DK
1863,growing,True,False,intermediate,complex,,0.010116207,0.19984247,0.7900413,DK
1864,growing,False,True,complex,complex,complex,0.0010504983,0.018172124,0.98077744,DK
1865,growing,True,False,intermediate,complex,,0.009625495,0.183653,0.8067215,DK
1866,growing,False,True,complex,complex,complex,0.0026343344,0.08465891,0.91270673,DK
1867,growing,True,False,complex,complex,,0.007224397,0.2090311,0.7837445,DK
1868,growing,False,True,complex,complex,complex,0.0022034934,0.029429177,0.96836734,DK
1869,growing,False,False,complex,complex,complex,0.0012875776,0.012379336,0.9863331,DK
1870,growing,False,True,complex,complex,complex,0.0046082963,0.13818121,0.8572105,DK
1871,growing,False,True,complex,complex,complex,0.0057602893,0.15803148,0.8362083,DK
1872,growing,False,True,intermediate,intermediate,intermediate,0.0062771416,0.6299315,0.36379132,DK
1873,growing,True,False,complex,intermediate,,0.005653865,0.5035875,0.4907587,DK
1874,growing,True,False,complex,complex,,0.00640734,0.112189546,0.88140315,DK
1875,growing,True,False,intermediate,complex,,0.005263467,0.13152474,0.8632118,DK
1876,growing,True,False,intermediate,complex,,0.006375549,0.18167205,0.8119525,DK
1877,growing,True,False,intermediate,complex,,0.0076530864,0.14214784,0.85019904,DK
1878,growing,False,True,complex,complex,complex,0.0026386145,0.06615573,0.9312057,DK
1879,growing,False,True,complex,complex,complex,0.002322817,0.08837369,0.9093034,DK
1880,growing,True,False,complex,complex,,0.010429691,0.20245394,0.7871164,DK
1881,growing,True,False,intermediate,complex,,0.0053005693,0.10502517,0.8896743,DK
1882,growing,True,False,complex,complex,,0.006900194,0.27721027,0.7158895,DK
1883,growing,False,True,complex,complex,complex,0.0023394064,0.10513865,0.8925219,DK
1884,growing,True,False,complex,complex,,0.0058909715,0.12931871,0.8647903,DK
1885,growing,True,False,complex,complex,,0.0063865636,0.20001224,0.7936013,DK
1886,growing,False,True,complex,complex,complex,0.002138287,0.027827967,0.9700337,DK
1887,growing,True,False,complex,complex,,0.009054129,0.3522387,0.63870716,DK
1888,growing,True,False,complex,complex,,0.0068727955,0.25976363,0.73336357,DK
1889,growing,True,False,complex,complex,,0.003653836,0.12145988,0.8748863,DK
1890,growing,True,False,complex,complex,,0.00604254,0.15883742,0.83512,DK
1891,growing,False,True,complex,complex,complex,0.0012138803,0.027550789,0.97123533,DK
1892,growing,True,False,complex,complex,,0.0059307935,0.17806761,0.8160016,DK
1893,growing,True,False,complex,complex,,0.008213617,0.35136762,0.64041877,DK
1894,growing,True,False,complex,complex,,0.0033954312,0.050094318,0.94651026,DK
1895,growing,True,False,complex,complex,,0.008501022,0.16317818,0.82832086,DK
1896,growing,True,False,complex,complex,,0.009056648,0.24308759,0.7478558,DK
1897,growing,True,False,complex,complex,,0.0023426842,0.10544508,0.8922122,DK
1898,growing,True,False,complex,complex,,0.004002818,0.074732915,0.9212643,DK
1899,growing,False,True,complex,complex,complex,0.0026022121,0.03058451,0.9668133,DK
1900,growing,False,True,complex,complex,complex,0.001159157,0.018623924,0.9802169,DK
1901,growing,True,False,intermediate,complex,,0.0048260405,0.3612386,0.63393533,DK
1902,growing,True,False,complex,complex,,0.007481632,0.36248073,0.63003767,DK
1903,growing,False,True,complex,complex,complex,0.0011975219,0.017040025,0.9817624,DK
1904,growing,True,False,complex,complex,,0.004825623,0.10193495,0.89323944,DK
1905,growing,True,False,complex,complex,,0.012381568,0.17779851,0.80981994,DK
1906,growing,False,True,complex,complex,complex,0.0010824702,0.012326839,0.98659074,DK
1907,growing,True,False,complex,complex,,0.0061164163,0.20744349,0.7864401,DK
1908,growing,True,False,complex,complex,,0.0054426417,0.29248783,0.7020695,DK
1909,growing,False,True,complex,complex,complex,0.0019713019,0.05089453,0.94713414,DK
1910,growing,False,False,complex,complex,complex,0.003194111,0.24532405,0.75148183,DK
1911,growing,True,False,complex,complex,,0.0088340035,0.29032654,0.70083946,DK
1912,growing,True,False,complex,complex,,0.009822932,0.44359943,0.54657763,DK
1913,growing,True,False,complex,intermediate,,0.018320465,0.5319722,0.44970733,DK
1914,growing,False,True,complex,complex,complex,0.0046891486,0.010032245,0.9852786,DK
1915,growing,False,True,complex,complex,complex,0.0022730369,0.091431245,0.9062957,DK
1916,growing,False,False,complex,complex,complex,0.0017286281,0.061194856,0.93707657,DK
1917,growing,True,False,complex,complex,,0.0055980105,0.12024355,0.87415844,DK
1918,growing,True,False,complex,complex,,0.0050273817,0.09952657,0.895446,DK
1919,growing,True,False,complex,complex,,0.0071493294,0.12887497,0.8639757,DK
1920,growing,False,True,complex,complex,complex,0.00336171,0.06361756,0.9330207,DK
1921,growing,False,True,complex,complex,complex,0.0020899926,0.060707625,0.9372024,DK
1922,growing,False,False,complex,complex,complex,0.0012544742,0.023195196,0.97555035,DK
1923,growing,True,False,complex,complex,,0.0076196636,0.25119647,0.7411839,DK
1924,growing,False,True,complex,complex,complex,0.0015732128,0.019470792,0.978956,DK
1925,growing,True,False,complex,complex,,0.004619284,0.18887766,0.8065031,DK
1926,growing,False,True,complex,complex,complex,0.0016373403,0.047420673,0.950942,DK
1927,growing,False,True,complex,complex,complex,0.0016242457,0.060864918,0.93751085,DK
1928,growing,True,False,complex,complex,,0.004136972,0.14525495,0.85060805,DK
1929,growing,True,False,complex,complex,,0.009702092,0.18862501,0.8016729,DK
1930,growing,False,True,complex,complex,complex,0.002088227,0.033011578,0.9649002,DK
1931,growing,False,False,complex,complex,complex,0.0066908426,0.21330069,0.78000844,DK
1932,growing,True,False,complex,complex,,0.005475974,0.4232605,0.57126355,DK
1933,growing,True,False,complex,complex,,0.007161421,0.16091622,0.8319223,DK
1934,growing,True,False,complex,complex,,0.0049391934,0.17936984,0.81569093,DK
1935,growing,False,True,complex,complex,complex,0.0034455806,0.04767671,0.94887763,DK
1936,growing,True,False,intermediate,complex,,0.0076790103,0.14403298,0.848288,DK
1937,growing,False,True,complex,complex,complex,0.004343182,0.21452454,0.7811322,DK
1938,growing,False,True,complex,complex,complex,0.001439686,0.019330122,0.9792302,DK
1939,growing,False,True,complex,complex,complex,0.006066819,0.30681393,0.68711925,DK
1940,growing,False,True,complex,complex,complex,0.0018588863,0.019586572,0.97855455,DK
1941,growing,True,False,complex,complex,,0.014501538,0.23601931,0.7494791,DK
1942,growing,False,True,complex,complex,complex,0.0023560524,0.076565,0.921079,DK
1943,growing,False,True,complex,complex,complex,0.0022603294,0.080214605,0.9175251,DK
1944,growing,False,True,complex,complex,complex,0.0024704603,0.054353874,0.9431757,DK
1945,growing,True,False,complex,complex,,0.011135166,0.22327901,0.76558584,DK
1946,growing,False,True,complex,complex,complex,0.0028049983,0.04787161,0.9493234,DK
1947,growing,False,True,complex,complex,complex,0.0017560361,0.045011535,0.9532324,DK
1948,growing,False,True,complex,complex,complex,0.0059694755,0.11470886,0.87932163,DK
1949,growing,True,False,complex,complex,,0.012329244,0.29406837,0.6936024,DK
1950,growing,True,False,complex,complex,,0.0060228547,0.22831364,0.7656635,DK
1951,growing,False,True,intermediate,intermediate,intermediate,0.009411906,0.528815,0.46177313,DK
1952,growing,True,False,complex,complex,,0.00706502,0.1322836,0.8606514,DK
1953,growing,True,False,complex,complex,,0.00451316,0.260458,0.73502886,DK
1954,growing,False,True,complex,complex,complex,0.0015029697,0.040330958,0.95816606,DK
1955,growing,True,False,complex,complex,,0.008045753,0.33599028,0.65596396,DK
1956,growing,True,False,complex,complex,,0.012298517,0.26449314,0.72320837,DK
1957,growing,True,False,complex,complex,,0.011785092,0.19406466,0.79415023,DK
1958,growing,False,False,complex,complex,complex,0.0013626551,0.016705673,0.9819317,DK
1959,growing,False,True,complex,complex,complex,0.0042081373,0.05435382,0.941438,DK
1960,growing,False,False,complex,complex,complex,0.0027462237,0.026292209,0.9709616,DK
1961,growing,True,False,complex,complex,,0.007484452,0.20876588,0.78374964,DK
1962,growing,True,False,complex,complex,,0.008057838,0.16784146,0.82410073,DK
1963,growing,True,False,complex,complex,,0.006156633,0.12495914,0.8688842,DK
1964,growing,False,True,complex,complex,complex,0.002154985,0.078671925,0.91917306,DK
1965,growing,False,True,intermediate,intermediate,intermediate,0.003194492,0.72735333,0.26945218,DK
1966,growing,True,False,complex,complex,,0.008182772,0.18319272,0.80862457,DK
1967,growing,False,True,complex,complex,complex,0.0020428516,0.029839475,0.96811765,DK
1968,growing,False,True,complex,complex,complex,0.0009622242,0.0283234,0.9707144,DK
1969,growing,True,False,complex,complex,,0.01151636,0.44705674,0.54142696,DK
1970,growing,False,True,complex,complex,complex,0.0020928658,0.027962426,0.9699448,DK
1971,growing,True,False,complex,complex,,0.0069591156,0.41886944,0.5741714,DK
1972,growing,False,True,complex,complex,complex,0.0022243757,0.03551139,0.96226424,DK
1973,growing,False,True,complex,complex,complex,0.0032469698,0.022206279,0.97454673,DK
1974,growing,False,False,complex,complex,complex,0.001790213,0.0640617,0.93414813,DK
1975,growing,False,False,complex,complex,complex,0.0030498295,0.073059484,0.9238907,DK
1976,growing,False,True,intermediate,intermediate,intermediate,0.018044872,0.8725691,0.10938601,DZ
1977,growing,False,False,complex,complex,complex,0.079929836,0.35412028,0.56594986,EC
1978,growing,False,True,complex,complex,complex,0.12184642,0.08736659,0.790787,EC
1979,growing,False,False,complex,complex,complex,0.1725932,0.29954243,0.5278644,EC
1980,growing,False,True,complex,complex,complex,0.38118494,0.07827584,0.54053926,EC
1981,growing,False,True,complex,complex,complex,0.06459142,0.16747719,0.7679314,EC
1982,growing,False,True,complex,complex,complex,0.3083407,0.06516247,0.6264968,EC
1983,growing,False,True,complex,complex,complex,0.055267163,0.04803008,0.89670277,EC
1984,growing,False,True,complex,complex,complex,0.10468147,0.35365692,0.5416616,EC
1985,growing,False,True,complex,complex,complex,0.16034342,0.08000398,0.75965255,EC
1986,growing,False,True,complex,complex,complex,0.085266024,0.09887653,0.81585747,EC
1987,growing,False,False,,intermediate,intermediate,0.058207095,0.52529955,0.41649333,EC
1988,growing,False,False,,complex,complex,0.065171465,0.3977561,0.5370725,EC
1989,growing,False,False,,intermediate,intermediate,0.07532553,0.7072829,0.21739155,EC
1990,growing,False,True,complex,complex,complex,0.24490893,0.29234305,0.46274802,EC
1991,growing,True,False,intermediate,intermediate,,0.05025007,0.6228557,0.32689422,EC
1992,growing,False,False,,complex,complex,0.103732474,0.30641305,0.5898545,ET
1993,growing,False,False,complex,complex,complex,0.003407353,0.083044685,0.913548,FR
1994,growing,False,True,complex,complex,complex,0.005102303,0.045643587,0.9492541,FR
1995,growing,False,True,complex,complex,complex,0.00631069,0.14275464,0.8509347,FR
1996,growing,False,True,intermediate,intermediate,intermediate,0.01191838,0.8062569,0.18182476,FR
1997,growing,True,False,intermediate,complex,,0.0060937614,0.19633493,0.7975713,FR
1998,growing,False,True,intermediate,intermediate,intermediate,0.015099262,0.6989028,0.28599796,FR
1999,growing,False,True,intermediate,intermediate,intermediate,0.0066767405,0.91153324,0.08178996,FR
2000,growing,False,True,complex,complex,complex,0.02400808,0.120310426,0.85568154,FR
2001,growing,False,True,complex,complex,complex,0.008580151,0.05607521,0.9353446,FR
2002,growing,False,True,complex,complex,complex,0.4636617,0.058828518,0.47750977,FR
2003,growing,False,True,intermediate,intermediate,intermediate,0.09435484,0.8331145,0.072530665,FR
2004,growing,False,True,intermediate,intermediate,intermediate,0.03471029,0.8649589,0.10033083,FR
2005,growing,False,True,complex,complex,complex,0.023819054,0.092828974,0.883352,FR
2006,growing,False,False,complex,complex,complex,0.0026088613,0.15930884,0.8380823,FR
2007,growing,False,True,complex,complex,complex,0.05146717,0.10776943,0.84076345,FR
2008,growing,False,True,complex,complex,complex,0.003315278,0.025903404,0.9707813,FR
2009,growing,False,False,complex,complex,complex,0.0022846765,0.04144007,0.9562752,FR
2010,growing,False,True,complex,complex,complex,0.0023018194,0.03645029,0.9612479,FR
2011,growing,False,True,complex,complex,complex,0.0019952434,0.03724753,0.96075726,FR
2012,growing,False,True,complex,complex,complex,0.0009183767,0.016958753,0.98212284,FR
2013,growing,False,True,complex,complex,complex,0.0036705632,0.06597134,0.93035805,FR
2014,growing,False,True,complex,complex,complex,0.005082667,0.07732233,0.917595,FR
2015,growing,False,True,complex,complex,complex,0.0028483826,0.048186738,0.94896495,FR
2016,growing,False,False,complex,intermediate,intermediate,0.013099105,0.7180799,0.268821,FR
2017,growing,False,False,intermediate,intermediate,intermediate,0.0041427487,0.845771,0.15008627,FR
2018,growing,True,False,intermediate,complex,,0.0084063485,0.15033117,0.84126246,FR
2019,growing,False,True,intermediate,intermediate,intermediate,0.12863946,0.81418365,0.057176877,FR
2020,growing,False,True,intermediate,intermediate,intermediate,0.089278094,0.8619898,0.048732158,FR
2021,growing,False,True,complex,complex,complex,0.0023541143,0.18844098,0.8092049,FR
2022,growing,False,True,complex,complex,complex,0.0009134604,0.022221262,0.9768653,FR
2023,growing,False,True,complex,complex,complex,0.009886632,0.36555535,0.62455803,FR
2024,growing,False,True,intermediate,intermediate,intermediate,0.022417413,0.90410614,0.07347645,FR
2025,growing,False,True,intermediate,intermediate,intermediate,0.010683088,0.842939,0.14637792,FR
2026,growing,False,True,complex,complex,complex,0.003467454,0.058739997,0.9377926,FR
2027,growing,False,True,complex,complex,complex,0.0020330132,0.02072506,0.977242,FR
2028,growing,False,True,complex,complex,complex,0.011596023,0.07615256,0.9122514,FR
2029,growing,False,True,complex,complex,complex,0.0018960531,0.033405777,0.96469814,FR
2030,growing,True,False,complex,complex,,0.0054560034,0.16151671,0.8330273,FR
2031,growing,False,False,complex,complex,complex,0.0020036916,0.031238306,0.9667581,FR
2032,growing,False,True,complex,complex,complex,0.009563669,0.13178031,0.858656,FR
2033,growing,False,True,complex,complex,complex,0.0027185082,0.1906133,0.8066682,FR
2034,growing,False,True,complex,complex,complex,0.004260848,0.078709096,0.9170301,FR
2035,growing,False,False,complex,complex,complex,0.0015300217,0.030943932,0.9675261,FR
2036,growing,False,True,complex,complex,complex,0.00276478,0.0703281,0.9269072,FR
2037,growing,False,True,complex,complex,complex,0.005821773,0.04513939,0.9490388,FR
2038,growing,False,False,complex,complex,complex,0.002725616,0.07529029,0.92198414,FR
2039,growing,False,True,complex,complex,complex,0.0013263458,0.031522147,0.9671515,FR
2040,growing,False,False,complex,complex,complex,0.0016538716,0.033220064,0.96512604,FR
2041,growing,False,True,complex,complex,complex,0.0013310038,0.021099113,0.9775698,FR
2042,growing,False,True,complex,complex,complex,0.0018205243,0.012587461,0.985592,FR
2043,growing,False,False,complex,complex,complex,0.0023782582,0.031044427,0.9665773,FR
2044,growing,False,True,complex,complex,complex,0.0023338331,0.02064395,0.9770222,FR
2045,growing,False,False,complex,complex,complex,0.0010404368,0.014805842,0.9841537,FR
2046,growing,False,True,intermediate,intermediate,intermediate,0.01254307,0.81404686,0.17341007,FR
2047,growing,False,True,complex,complex,complex,0.0020729154,0.019873314,0.9780538,FR
2048,growing,False,True,complex,complex,complex,0.0022984,0.09740294,0.9002987,FR
2049,growing,False,True,complex,complex,complex,0.010023623,0.09116802,0.89880836,FR
2050,growing,False,True,complex,complex,complex,0.013046902,0.3513005,0.6356526,FR
2051,growing,False,True,complex,complex,complex,0.003631335,0.044416532,0.95195216,FR
2052,growing,False,True,complex,complex,complex,0.005574367,0.05574193,0.9386837,FR
2053,growing,False,False,complex,complex,complex,0.0030540603,0.029186612,0.9677594,FR
2054,growing,False,False,complex,complex,complex,0.0062304614,0.044711113,0.9490585,FR
2055,growing,False,True,complex,complex,complex,0.0021845,0.04443683,0.9533786,FR
2056,growing,False,True,complex,complex,complex,0.0051947148,0.075272664,0.9195326,FR
2057,growing,True,False,complex,complex,,0.015874295,0.47628623,0.5078395,FR
2058,growing,False,False,complex,complex,complex,0.0011787805,0.013214587,0.9856066,FR
2059,growing,False,False,complex,complex,complex,0.004092783,0.1368985,0.85900867,FR
2060,growing,False,True,complex,complex,complex,0.0028202361,0.049351886,0.9478278,FR
2061,growing,False,True,complex,complex,complex,0.0034105084,0.03050271,0.9660868,FR
2062,growing,False,True,complex,complex,complex,0.0041586827,0.044265185,0.9515761,FR
2063,growing,False,True,complex,complex,complex,0.0036844704,0.063640155,0.93267536,FR
2064,growing,False,True,complex,complex,complex,0.018251678,0.13522243,0.8465259,FR
2065,growing,True,False,complex,complex,,0.034176826,0.38558516,0.58023804,FR
2066,growing,False,True,complex,complex,complex,0.001643338,0.13031235,0.86804426,FR
2067,growing,False,True,complex,complex,complex,0.0015665567,0.012103138,0.9863303,FR
2068,growing,False,True,complex,complex,complex,0.010360991,0.09413047,0.8955085,FR
2069,growing,False,True,complex,complex,complex,0.0032680535,0.025209587,0.9715224,FR
2070,growing,False,True,complex,complex,complex,0.0047711474,0.16845576,0.8267731,FR
2071,growing,False,True,complex,complex,complex,0.00087844185,0.010479443,0.98864216,FR
2072,growing,False,True,complex,complex,complex,0.00086512836,0.012392197,0.9867426,FR
2073,growing,False,True,complex,complex,complex,0.0017742303,0.01334143,0.9848844,FR
2074,growing,False,True,complex,complex,complex,0.0024461614,0.023743782,0.97381,FR
2075,growing,False,True,complex,complex,complex,0.0019138915,0.043483634,0.9546024,FR
2076,growing,False,True,complex,complex,complex,0.0011086382,0.024301922,0.9745894,FR
2077,growing,False,True,complex,complex,complex,0.0012658311,0.02015479,0.97857934,FR
2078,growing,False,True,complex,complex,complex,0.0017578093,0.019442234,0.97879994,FR
2079,growing,False,True,complex,complex,complex,0.0011363369,0.012452406,0.9864113,FR
2080,growing,False,True,complex,complex,complex,0.0016905937,0.023659168,0.97465026,FR
2081,growing,False,True,complex,complex,complex,0.0013729146,0.0140648745,0.9845622,FR
2082,growing,False,False,complex,complex,complex,0.0027334883,0.044363715,0.9529028,FR
2083,growing,False,False,complex,complex,complex,0.0015658352,0.02517325,0.97326094,FR
2084,growing,False,True,complex,complex,complex,0.0019523451,0.03248189,0.96556574,FR
2085,growing,False,True,complex,complex,complex,0.020520817,0.14297852,0.8365007,FR
2086,growing,False,True,complex,complex,complex,0.0042785956,0.14367855,0.85204285,FR
2087,growing,False,True,complex,complex,complex,0.0030808244,0.08262338,0.9142958,FR
2088,growing,False,False,complex,complex,complex,0.0015455086,0.03394563,0.96450883,FR
2089,growing,False,True,complex,complex,complex,0.010402067,0.11628602,0.8733119,FR
2090,growing,False,True,complex,complex,complex,0.0012864663,0.013034332,0.9856792,FR
2091,growing,False,False,complex,complex,complex,0.0018635468,0.10304946,0.89508706,FR
2092,growing,False,True,complex,complex,complex,0.0050418884,0.06467963,0.93027854,FR
2093,growing,False,True,complex,complex,complex,0.0065705976,0.24255393,0.7508755,FR
2094,growing,False,True,complex,complex,complex,0.00264237,0.12358693,0.8737707,FR
2095,growing,False,False,complex,complex,complex,0.011291528,0.26157853,0.72712994,FR
2096,growing,False,False,complex,complex,complex,0.0032276902,0.05705808,0.9397142,FR
2097,growing,False,True,complex,complex,complex,0.0098205665,0.031637494,0.9585419,FR
2098,growing,False,True,complex,complex,complex,0.0025372915,0.028165093,0.96929765,FR
2099,growing,False,True,complex,complex,complex,0.0026912682,0.026363144,0.9709456,FR
2100,growing,False,True,complex,complex,complex,0.0018467201,0.041550465,0.9566028,FR
2101,growing,False,True,complex,complex,complex,0.0008740753,0.016894758,0.9822312,FR
2102,growing,False,True,complex,complex,complex,0.0016626708,0.031579915,0.9667574,FR
2103,growing,False,False,complex,complex,complex,0.0014234314,0.031873323,0.96670324,FR
2104,growing,False,True,complex,complex,complex,0.0007029612,0.010216443,0.98908055,FR
2105,growing,False,False,complex,complex,complex,0.0028309138,0.0319821,0.96518695,FR
2106,growing,False,True,complex,complex,complex,0.0017255775,0.015887247,0.9823872,FR
2107,growing,False,True,complex,complex,complex,0.0009250439,0.008796204,0.9902788,FR
2108,growing,False,True,complex,complex,complex,0.0011711974,0.0363074,0.96252143,FR
2109,growing,False,False,complex,complex,complex,0.0033576302,0.07524367,0.9213987,FR
2110,growing,False,True,complex,complex,complex,0.0057569486,0.062049966,0.9321931,FR
2111,growing,False,True,complex,complex,complex,0.002650744,0.033834316,0.963515,FR
2112,growing,False,True,complex,complex,complex,0.009389248,0.14056306,0.8500477,FR
2113,growing,False,True,complex,complex,complex,0.0044497945,0.1539799,0.8415703,FR
2114,growing,False,True,complex,complex,complex,0.0025931862,0.039296135,0.9581107,FR
2115,growing,False,False,complex,complex,complex,0.001396305,0.027714327,0.97088933,FR
2116,growing,False,True,complex,complex,complex,0.000852855,0.011158186,0.98798895,FR
2117,growing,False,True,complex,complex,complex,0.0013505575,0.018563382,0.9800861,FR
2118,growing,False,False,,complex,complex,0.0034400094,0.023632366,0.9729276,FR
2119,growing,False,True,complex,complex,complex,0.010793228,0.26641887,0.7227879,FR
2120,growing,False,True,complex,complex,complex,0.01730936,0.22839563,0.754295,FR
2121,growing,False,True,complex,complex,complex,0.025967544,0.32360348,0.650429,FR
2122,growing,True,False,intermediate,intermediate,,0.023673827,0.79029065,0.18603548,FR
2123,growing,False,True,complex,complex,complex,0.011237425,0.1088119,0.8799507,FR
2124,growing,False,True,complex,complex,complex,0.006371355,0.16022742,0.8334012,FR
2125,growing,False,True,complex,complex,complex,0.028850487,0.049930457,0.92121905,FR
2126,growing,False,False,complex,complex,complex,0.012353179,0.108391,0.87925583,FR
2127,growing,False,False,complex,complex,complex,0.0013471165,0.025276143,0.9733767,FR
2128,growing,True,False,complex,complex,,0.018424828,0.12749721,0.854078,FR
2129,growing,True,False,complex,complex,,0.014989186,0.105328515,0.8796823,FR
2130,growing,False,True,complex,complex,complex,0.00090011914,0.009022046,0.99007785,FR
2131,growing,False,True,complex,complex,complex,0.016930034,0.12148327,0.8615867,FR
2132,growing,False,False,complex,complex,complex,0.0017025032,0.02235215,0.9759453,FR
2133,growing,False,True,complex,complex,complex,0.0017263668,0.043677665,0.9545959,FR
2134,growing,False,True,complex,complex,complex,0.001505364,0.0274318,0.97106284,FR
2135,growing,False,True,complex,complex,complex,0.004945632,0.12658527,0.86846906,FR
2136,growing,False,True,complex,complex,complex,0.0033305383,0.100614525,0.8960549,FR
2137,growing,False,True,complex,complex,complex,0.0034976422,0.102782354,0.89372003,FR
2138,growing,False,True,complex,complex,complex,0.008213934,0.17981695,0.8119691,FR
2139,growing,False,True,complex,complex,complex,0.009599583,0.10198484,0.8884156,FR
2140,growing,False,True,complex,complex,complex,0.014332609,0.121997036,0.86367035,FR
2141,growing,False,True,complex,complex,complex,0.06727487,0.09230971,0.8404154,FR
2142,growing,False,True,complex,complex,complex,0.0031871577,0.066882186,0.9299307,FR
2143,growing,False,True,complex,complex,complex,0.34695047,0.10404795,0.5490016,FR
2144,growing,False,True,complex,complex,complex,0.03374233,0.07802364,0.888234,FR
2145,growing,False,True,complex,complex,complex,0.010019106,0.087578684,0.90240216,FR
2146,growing,False,True,complex,complex,complex,0.005890635,0.023709653,0.97039974,FR
2147,growing,False,True,complex,complex,complex,0.001087817,0.03048981,0.96842235,FR
2148,growing,False,True,complex,complex,complex,0.26448968,0.09970595,0.63580436,FR
2149,growing,False,True,complex,complex,complex,0.082448035,0.25511986,0.6624321,FR
2150,growing,False,True,complex,complex,complex,0.03148689,0.22936632,0.73914677,FR
2151,growing,False,False,intermediate,intermediate,intermediate,0.13723752,0.5680111,0.2947514,FR
2152,growing,True,False,intermediate,intermediate,,0.058007825,0.6598066,0.2821856,FR
2153,growing,True,False,intermediate,complex,,0.044293303,0.35876924,0.5969375,FR
2154,growing,False,True,complex,complex,complex,0.0033347553,0.03260851,0.9640568,FR
2155,growing,False,True,complex,complex,complex,0.0014468102,0.04662433,0.9519289,FR
2156,growing,False,True,complex,complex,complex,0.002632117,0.01618258,0.98118526,FR
2157,growing,False,True,complex,complex,complex,0.003986037,0.052714717,0.94329923,FR
2158,growing,False,True,complex,complex,complex,0.005827451,0.046583742,0.94758886,FR
2159,growing,False,True,complex,complex,complex,0.0035832333,0.05136866,0.9450481,FR
2160,growing,False,True,complex,complex,complex,0.0027016283,0.045473143,0.9518252,FR
2161,growing,False,False,complex,complex,complex,0.0018689927,0.030517103,0.96761394,FR
2162,growing,False,True,complex,complex,complex,0.022934385,0.071312256,0.90575343,FR
2163,growing,False,True,complex,complex,complex,0.007273749,0.2358543,0.75687194,FR
2164,growing,False,True,complex,complex,complex,0.064133525,0.29058358,0.6452829,FR
2165,growing,False,True,complex,complex,complex,0.005237411,0.07893971,0.91582286,FR
2166,growing,False,True,complex,intermediate,intermediate,0.0070246276,0.5119311,0.4810443,FR
2167,growing,False,True,intermediate,intermediate,intermediate,0.04547255,0.75900155,0.19552588,FR
2168,growing,False,True,complex,complex,complex,0.0053109294,0.04105362,0.9536354,FR
2169,growing,False,True,complex,complex,complex,0.010375581,0.25958362,0.7300408,FR
2170,growing,False,True,complex,complex,complex,0.009540925,0.09898815,0.89147097,FR
2171,growing,False,True,complex,complex,complex,0.010419311,0.23698758,0.75259316,FR
2172,growing,True,False,complex,complex,,0.013868377,0.18893681,0.79719484,FR
2173,growing,False,True,complex,complex,complex,0.012153097,0.084793136,0.90305376,FR
2174,growing,False,True,complex,complex,complex,0.004587741,0.11156991,0.88384235,FR
2175,growing,False,True,complex,complex,complex,0.0041182,0.18128884,0.814593,FR
2176,growing,False,True,complex,complex,complex,0.011586566,0.072658375,0.9157551,FR
2177,growing,True,False,intermediate,complex,,0.0114823,0.16053745,0.8279802,FR
2178,growing,False,False,complex,complex,complex,0.03417401,0.46456927,0.5012567,FR
2179,growing,False,True,complex,complex,complex,0.010005709,0.2956584,0.6943358,FR
2180,growing,False,True,complex,complex,complex,0.003310586,0.04134322,0.95534617,FR
2181,growing,True,False,complex,complex,,0.017035255,0.22879434,0.7541704,FR
2182,growing,False,True,complex,complex,complex,0.00995021,0.07263214,0.91741765,FR
2183,growing,False,True,complex,complex,complex,0.003227732,0.026802383,0.96996987,FR
2184,growing,False,True,complex,complex,complex,0.0052569937,0.0633543,0.9313887,FR
2185,growing,False,True,complex,complex,complex,0.0024263633,0.0411845,0.9563892,FR
2186,growing,False,False,complex,complex,complex,0.00883072,0.22355431,0.7676149,FR
2187,growing,False,False,complex,complex,complex,0.0062514427,0.105660826,0.88808775,FR
2188,growing,False,True,complex,complex,complex,0.0019584957,0.071486376,0.92655516,FR
2189,growing,True,False,complex,complex,,0.011456347,0.13359864,0.85494506,FR
2190,growing,False,True,complex,complex,complex,0.00263087,0.042326245,0.9550429,FR
2191,growing,False,True,complex,complex,complex,0.0020846531,0.06853996,0.92937535,FR
2192,growing,False,True,complex,complex,complex,0.0024172582,0.053975303,0.94360745,FR
2193,growing,False,True,complex,complex,complex,0.0022355746,0.05083189,0.9469325,FR
2194,growing,False,True,complex,complex,complex,0.0021460303,0.026347501,0.97150654,FR
2195,growing,False,True,complex,complex,complex,0.0016305052,0.030402867,0.9679666,FR
2196,growing,False,True,complex,complex,complex,0.0025744976,0.077931486,0.919494,FR
2197,growing,False,True,complex,complex,complex,0.0021229093,0.023904825,0.97397226,FR
2198,growing,False,True,complex,complex,complex,0.0017428029,0.054747682,0.9435095,FR
2199,growing,False,True,complex,complex,complex,0.002844861,0.056735687,0.94041944,FR
2200,growing,False,True,complex,complex,complex,0.0041942876,0.06949109,0.92631465,FR
2201,growing,False,True,complex,complex,complex,0.008212057,0.22594506,0.7658429,FR
2202,growing,False,True,complex,complex,complex,0.005091757,0.1118035,0.8831047,FR
2203,growing,False,True,complex,complex,complex,0.0011638494,0.042353477,0.95648265,FR
2204,growing,False,True,intermediate,intermediate,intermediate,0.0060957307,0.70982385,0.28408045,FR
2205,growing,True,False,complex,complex,,0.0053683217,0.13326837,0.8613633,FR
2206,growing,False,True,complex,complex,complex,0.00407747,0.045883954,0.9500386,FR
2207,growing,True,False,complex,complex,,0.01500923,0.3432002,0.64179057,FR
2208,growing,False,True,complex,complex,complex,0.00265062,0.10023143,0.8971179,FR
2209,growing,False,True,complex,complex,complex,0.0025029301,0.07318842,0.9243086,FR
2210,growing,False,True,complex,complex,complex,0.00474744,0.03687452,0.958378,FR
2211,growing,False,True,complex,complex,complex,0.0035899293,0.036605928,0.9598042,FR
2212,growing,False,True,complex,complex,complex,0.0057569486,0.062049966,0.9321931,FR
2213,growing,False,True,complex,complex,complex,0.0021618076,0.022024844,0.9758134,FR
2214,growing,False,True,complex,complex,complex,0.0016682955,0.034794208,0.9635376,FR
2215,growing,False,True,complex,complex,complex,0.002595269,0.02395924,0.9734455,FR
2216,growing,False,True,complex,complex,complex,0.0025931862,0.039296135,0.9581107,FR
2217,growing,False,True,complex,complex,complex,0.006854261,0.12464501,0.8685007,FR
2218,growing,False,False,complex,complex,complex,0.0062199035,0.12944056,0.86433953,FR
2219,growing,False,True,complex,complex,complex,0.005996199,0.08531366,0.9086901,FR
2220,growing,False,True,complex,complex,complex,0.0018221792,0.027463706,0.97071415,FR
2221,growing,False,True,complex,complex,complex,0.0015876406,0.02573552,0.9726768,FR
2222,growing,False,True,intermediate,intermediate,intermediate,0.0065482273,0.59944594,0.39400584,FR
2223,growing,False,True,complex,complex,complex,0.0064216116,0.16444641,0.82913196,FR
2224,growing,False,False,complex,complex,complex,0.001775093,0.029128445,0.9690964,FR
2225,growing,False,True,complex,complex,complex,0.0014882213,0.01642427,0.98208755,FR
2226,growing,False,True,complex,complex,complex,0.003198713,0.09382856,0.90297276,FR
2227,growing,False,True,complex,complex,complex,0.0009656241,0.013321534,0.98571277,FR
2228,growing,False,True,complex,complex,complex,0.0011449965,0.023508966,0.975346,FR
2229,growing,False,True,complex,complex,complex,0.0010389185,0.0112026995,0.98775834,FR
2230,growing,False,True,complex,complex,complex,0.004091521,0.046207618,0.9497009,FR
2231,growing,False,True,intermediate,intermediate,intermediate,0.011042434,0.5498069,0.43915063,FR
2232,growing,False,True,complex,complex,complex,0.0017623066,0.017966157,0.9802715,FR
2233,growing,False,True,complex,complex,complex,0.0014781454,0.034379605,0.9641422,FR
2234,growing,False,False,intermediate,complex,complex,0.0028310607,0.035168573,0.9620004,FR
2235,growing,False,False,complex,complex,complex,0.0015177291,0.010895777,0.9875865,FR
2236,growing,False,True,complex,complex,complex,0.003055398,0.040701512,0.9562431,FR
2237,growing,False,True,complex,complex,complex,0.0015244677,0.022042682,0.97643286,FR
2238,growing,False,True,complex,complex,complex,0.0020016704,0.038032264,0.95996606,FR
2239,growing,False,True,complex,complex,complex,0.0030349933,0.037958413,0.9590066,FR
2240,growing,False,True,complex,complex,complex,0.001991087,0.037415642,0.9605932,FR
2241,growing,False,False,,complex,complex,0.002740336,0.03917693,0.9580827,FR
2242,growing,False,True,complex,complex,complex,0.0027783955,0.10644348,0.8907781,FR
2243,growing,False,True,complex,complex,complex,0.0028776573,0.034128617,0.9629937,FR
2244,growing,False,False,complex,complex,complex,0.0026796418,0.026895614,0.9704248,FR
2245,growing,False,True,complex,complex,complex,0.0016379204,0.031102832,0.9672592,FR
2246,growing,False,True,complex,complex,complex,0.0012678368,0.026224213,0.972508,FR
2247,growing,False,True,complex,complex,complex,0.0013706983,0.019872475,0.97875684,FR
2248,growing,False,False,complex,complex,complex,0.0034534812,0.015921375,0.98062515,FR
2249,growing,False,True,complex,complex,complex,0.0010201727,0.008638204,0.99034154,FR
2250,growing,False,True,complex,complex,complex,0.0020264992,0.059514817,0.9384587,FR
2251,growing,False,True,complex,complex,complex,0.0017619847,0.014512232,0.9837257,FR
2252,growing,False,True,complex,complex,complex,0.00110595,0.02047352,0.97842056,FR
2253,growing,False,True,complex,complex,complex,0.000978414,0.023613527,0.9754081,FR
2254,growing,False,False,complex,complex,complex,0.0011696004,0.021304129,0.9775262,FR
2255,growing,False,True,complex,complex,complex,0.002829088,0.016061101,0.98110986,FR
2256,growing,False,True,complex,complex,complex,0.0023885318,0.022159211,0.9754522,FR
2257,growing,False,True,complex,complex,complex,0.0027602878,0.03964141,0.95759827,FR
2258,growing,False,True,complex,complex,complex,0.0020737392,0.023334686,0.9745916,FR
2259,growing,False,True,complex,complex,complex,0.0014355386,0.019548096,0.9790164,FR
2260,growing,False,True,complex,complex,complex,0.002905607,0.023539452,0.97355497,FR
2261,growing,False,True,complex,complex,complex,0.0064872834,0.05299523,0.9405175,FR
2262,growing,False,True,complex,complex,complex,0.0022290384,0.010327741,0.98744327,FR
2263,growing,False,True,complex,complex,complex,0.002574592,0.057070676,0.9403547,FR
2264,growing,False,True,complex,complex,complex,0.0013651135,0.01918014,0.97945476,FR
2265,growing,False,True,complex,complex,complex,0.0025804723,0.02519631,0.97222316,FR
2266,growing,False,True,complex,complex,complex,0.0026944238,0.03359257,0.963713,FR
2267,growing,False,False,complex,complex,complex,0.001982017,0.026533108,0.9714849,FR
2268,growing,False,False,complex,complex,complex,0.007046355,0.13989519,0.8530584,FR
2269,growing,False,True,complex,complex,complex,0.003938691,0.06747731,0.92858404,FR
2270,growing,False,True,complex,complex,complex,0.002714376,0.035542835,0.96174276,FR
2271,growing,False,True,complex,complex,complex,0.0016409989,0.022432096,0.9759269,FR
2272,growing,False,True,complex,complex,complex,0.0010474122,0.017550258,0.98140234,FR
2273,growing,False,True,intermediate,complex,complex,0.0064236014,0.18062563,0.81295073,FR
2274,growing,False,True,complex,complex,complex,0.0018459035,0.02884175,0.9693123,FR
2275,growing,False,False,complex,complex,complex,0.0016048949,0.018319182,0.9800759,FR
2276,growing,False,False,complex,complex,complex,0.0028097082,0.06586154,0.9313287,FR
2277,growing,False,True,complex,complex,complex,0.0015521842,0.01932047,0.97912735,FR
2278,growing,False,True,complex,complex,complex,0.0011062429,0.01795321,0.9809405,FR
2279,growing,False,True,complex,complex,complex,0.0010796125,0.014071902,0.98484844,FR
2280,growing,False,True,complex,complex,complex,0.0016304373,0.039919082,0.9584505,FR
2281,growing,False,True,complex,complex,complex,0.000606102,0.009443095,0.9899507,FR
2282,growing,False,True,complex,complex,complex,0.0014368949,0.017309787,0.9812533,FR
2283,growing,False,True,complex,complex,complex,0.001309789,0.014179995,0.98451024,FR
2284,growing,False,True,complex,complex,complex,0.00094129134,0.013289188,0.98576957,FR
2285,growing,False,True,complex,complex,complex,0.001552653,0.033520672,0.96492666,FR
2286,growing,False,True,complex,complex,complex,0.0028790443,0.03825923,0.95886177,FR
2287,growing,False,True,complex,complex,complex,0.0034950548,0.031817302,0.9646876,FR
2288,growing,False,True,complex,complex,complex,0.0034014378,0.03547314,0.9611254,FR
2289,growing,False,True,complex,complex,complex,0.0031980516,0.044647846,0.9521541,FR
2290,growing,False,False,complex,complex,complex,0.0045832004,0.0607079,0.93470895,FR
2291,growing,False,True,complex,complex,complex,0.0055109016,0.04225523,0.95223385,FR
2292,growing,False,True,complex,complex,complex,0.0022650633,0.031184396,0.9665505,FR
2293,growing,False,False,complex,complex,complex,0.0024006334,0.019720526,0.9778788,FR
2294,growing,False,True,complex,complex,complex,0.0016117305,0.031744987,0.96664333,FR
2295,growing,False,False,complex,complex,complex,0.0012002983,0.028827447,0.96997225,FR
2296,growing,False,False,complex,complex,complex,0.0016868704,0.031355947,0.9669572,FR
2297,growing,False,True,complex,complex,complex,0.0020549016,0.019370858,0.9785743,FR
2298,growing,False,True,complex,complex,complex,0.00499067,0.08970784,0.9053015,FR
2299,growing,False,True,complex,complex,complex,0.0025659231,0.1712133,0.82622075,FR
2300,growing,False,False,complex,complex,complex,0.005706779,0.08309827,0.9111949,FR
2301,growing,False,True,complex,complex,complex,0.0019118752,0.019969476,0.97811866,FR
2302,growing,False,True,complex,complex,complex,0.00071253313,0.008502135,0.99078536,FR
2303,growing,False,True,complex,complex,complex,0.0029224395,0.043334242,0.9537433,FR
2304,growing,False,True,complex,complex,complex,0.00092710124,0.006375846,0.99269706,FR
2305,growing,False,True,complex,complex,complex,0.0034393533,0.050953504,0.9456072,FR
2306,growing,False,True,complex,complex,complex,0.0059853806,0.041192833,0.9528218,FR
2307,growing,False,True,complex,complex,complex,0.0025112838,0.017944343,0.97954434,FR
2308,growing,False,False,complex,complex,complex,0.006442917,0.07441725,0.91913986,FR
2309,growing,False,True,complex,complex,complex,0.0008724148,0.010848027,0.9882796,FR
2310,growing,False,False,complex,complex,complex,0.004890793,0.13159001,0.8635192,FR
2311,growing,False,True,complex,complex,complex,0.0035304136,0.049169272,0.9473004,FR
2312,growing,False,False,complex,complex,complex,0.0027039845,0.025060609,0.9722353,FR
2313,growing,False,True,complex,complex,complex,0.0022843922,0.028541252,0.9691743,FR
2314,growing,False,True,complex,complex,complex,0.0018846599,0.024855718,0.97325957,FR
2315,growing,False,True,complex,complex,complex,0.0017270765,0.012952198,0.98532075,FR
2316,growing,False,False,,complex,complex,0.0038218582,0.05421008,0.9419681,FR
2317,growing,False,False,,complex,complex,0.0013361863,0.030203559,0.96846026,FR
2318,growing,False,True,complex,complex,complex,0.004230162,0.06474562,0.9310242,FR
2319,growing,False,False,complex,complex,complex,0.0011797976,0.008836942,0.9899832,FR
2320,growing,False,False,complex,complex,complex,0.0019436429,0.023524823,0.9745316,FR
2321,growing,False,False,complex,complex,complex,0.0013228338,0.032406695,0.9662705,FR
2322,growing,False,True,complex,complex,complex,0.0023475045,0.009092676,0.9885598,FR
2323,growing,False,True,complex,complex,complex,0.002264588,0.03717402,0.96056145,FR
2324,growing,False,True,complex,complex,complex,0.0029214988,0.020683078,0.9763955,FR
2325,growing,False,True,complex,complex,complex,0.0008234146,0.006671862,0.9925047,FR
2326,growing,False,True,complex,complex,complex,0.0024806003,0.020059543,0.9774598,FR
2327,growing,False,True,complex,complex,complex,0.0009095675,0.013842333,0.9852481,FR
2328,growing,False,True,complex,complex,complex,0.0028788948,0.020215612,0.97690547,FR
2329,growing,False,True,complex,complex,complex,0.0019328819,0.027032677,0.9710344,FR
2330,growing,False,True,complex,complex,complex,0.0006320228,0.010310447,0.9890575,FR
2331,growing,False,True,complex,complex,complex,0.001348426,0.010427109,0.9882245,FR
2332,growing,False,False,complex,complex,complex,0.0011215656,0.009914943,0.9889635,FR
2333,growing,False,True,complex,complex,complex,0.0012842173,0.016956715,0.9817591,FR
2334,growing,False,True,complex,complex,complex,0.0012122574,0.025654327,0.97313344,FR
2335,growing,False,False,complex,complex,complex,0.0032120317,0.11676805,0.88001996,FR
2336,growing,False,True,complex,complex,complex,0.0013925261,0.052346926,0.9462605,FR
2337,growing,False,True,complex,complex,complex,0.0010161076,0.015343223,0.98364073,FR
2338,growing,False,True,complex,complex,complex,0.001358842,0.011891209,0.98674995,FR
2339,growing,False,True,complex,complex,complex,0.0016102523,0.03230656,0.9660832,FR
2340,growing,False,False,complex,complex,complex,0.0018108163,0.09611641,0.90207285,FR
2341,growing,False,False,complex,complex,complex,0.002254187,0.06355922,0.9341866,FR
2342,growing,False,True,complex,complex,complex,0.0011807092,0.013740917,0.98507833,FR
2343,growing,False,True,complex,complex,complex,0.001131696,0.012643091,0.98622525,FR
2344,growing,False,True,complex,complex,complex,0.001640046,0.021641677,0.97671825,FR
2345,growing,False,True,complex,complex,complex,0.0014702806,0.020465069,0.97806466,FR
2346,growing,False,True,complex,complex,complex,0.002386288,0.043773536,0.95384014,FR
2347,growing,False,False,complex,complex,complex,0.0010909884,0.016964974,0.98194396,FR
2348,growing,False,True,complex,complex,complex,0.0026315846,0.044579208,0.95278925,FR
2349,growing,False,True,complex,complex,complex,0.003033993,0.05801624,0.93894976,FR
2350,growing,False,False,complex,complex,complex,0.0021005166,0.050777856,0.9471216,FR
2351,growing,False,True,complex,complex,complex,0.0020214191,0.029985815,0.9679928,FR
2352,growing,False,True,complex,complex,complex,0.0031485336,0.11708382,0.8797676,FR
2353,growing,False,True,complex,complex,complex,0.004058198,0.079892054,0.9160497,FR
2354,growing,False,True,complex,complex,complex,0.002382406,0.07909455,0.918523,FR
2355,growing,False,True,complex,complex,complex,0.0021093304,0.04668608,0.95120466,FR
2356,growing,False,False,complex,complex,complex,0.004411659,0.2110839,0.7845045,FR
2357,growing,False,True,complex,complex,complex,0.0057436675,0.1306504,0.863606,FR
2358,growing,False,True,complex,complex,complex,0.0028180107,0.060884047,0.93629795,FR
2359,growing,False,False,complex,complex,complex,0.0036008628,0.110395975,0.8860032,FR
2360,growing,False,True,complex,complex,complex,0.0028978565,0.080525994,0.9165761,FR
2361,growing,False,False,complex,complex,complex,0.0066077616,0.23098303,0.7624092,FR
2362,growing,False,True,intermediate,intermediate,intermediate,0.006499451,0.6563881,0.3371124,FR
2363,growing,False,True,complex,complex,complex,0.0060333125,0.093785726,0.90018094,FR
2364,growing,False,True,complex,complex,complex,0.004673144,0.15822944,0.83709747,FR
2365,growing,False,True,intermediate,intermediate,intermediate,0.0072903302,0.7172747,0.27543494,FR
2366,growing,False,True,complex,complex,complex,0.006470885,0.14542419,0.8481049,FR
2367,growing,False,True,complex,complex,complex,0.0013526492,0.015163725,0.9834837,FR
2368,growing,False,True,complex,complex,complex,0.0017869521,0.08441188,0.9138012,FR
2369,growing,False,True,complex,complex,complex,0.0013804277,0.015261724,0.98335785,FR
2370,growing,False,True,complex,complex,complex,0.0011161396,0.02432121,0.9745626,FR
2371,growing,False,True,complex,complex,complex,0.0016535424,0.018386694,0.9799597,FR
2372,growing,False,False,complex,complex,complex,0.00082726416,0.010297114,0.9888756,FR
2373,growing,False,True,complex,complex,complex,0.00088465697,0.01003577,0.98907954,FR
2374,growing,False,True,complex,complex,complex,0.0015923904,0.034772463,0.96363515,FR
2375,growing,False,True,complex,complex,complex,0.0010934228,0.017969584,0.98093694,FR
2376,growing,False,True,complex,complex,complex,0.0026598633,0.071893096,0.925447,FR
2377,growing,False,True,complex,complex,complex,0.0017379387,0.022588145,0.9756739,FR
2378,growing,False,False,complex,complex,complex,0.0028686204,0.05150208,0.94562936,FR
2379,growing,False,True,complex,complex,complex,0.008921975,0.07791287,0.91316515,FR
2380,growing,False,True,complex,complex,complex,0.0023264547,0.044329166,0.9533444,FR
2381,growing,False,False,,complex,complex,0.009810431,0.33444613,0.6557435,FR
2382,growing,False,False,complex,complex,complex,0.005373641,0.16281497,0.83181137,FR
2383,growing,False,True,complex,complex,complex,0.0017232646,0.01699804,0.98127866,FR
2384,growing,False,False,,complex,complex,0.0058453856,0.09447894,0.8996756,FR
2385,growing,False,True,complex,complex,complex,0.0031129813,0.06588796,0.9309991,FR
2386,growing,False,True,complex,complex,complex,0.011551478,0.088199615,0.9002489,FR
2387,growing,False,True,complex,complex,complex,0.0018977666,0.047767144,0.9503351,FR
2388,growing,False,True,complex,complex,complex,0.005052681,0.046291098,0.9486562,FR
2389,growing,False,True,complex,complex,complex,0.007798333,0.066019736,0.92618185,FR
2390,growing,False,False,complex,complex,complex,0.003291404,0.019255621,0.977453,FR
2391,growing,False,False,complex,complex,complex,0.009720447,0.087086044,0.90319353,FR
2392,growing,False,False,complex,complex,complex,0.001871825,0.028459145,0.96966904,FR
2393,growing,False,True,complex,complex,complex,0.0021979096,0.037040796,0.9607613,FR
2394,growing,False,True,complex,complex,complex,0.012446526,0.0821076,0.9054458,FR
2395,growing,False,True,complex,complex,complex,0.0064960876,0.09522997,0.898274,FR
2396,growing,False,True,complex,complex,complex,0.004481419,0.033863854,0.96165466,FR
2397,growing,False,True,complex,complex,complex,0.001108069,0.026118198,0.97277373,FR
2398,growing,False,True,complex,complex,complex,0.0061288793,0.07366901,0.9202021,FR
2399,growing,False,True,complex,complex,complex,0.004415744,0.03897725,0.956607,FR
2400,growing,False,True,complex,complex,complex,0.0017063392,0.020149417,0.9781442,FR
2401,growing,False,True,complex,complex,complex,0.0018995242,0.025631653,0.9724688,FR
2402,growing,False,True,complex,complex,complex,0.0023825446,0.030407099,0.9672104,FR
2403,growing,False,True,complex,complex,complex,0.017764721,0.052169558,0.93006575,FR
2404,growing,False,True,complex,complex,complex,0.0038669573,0.059954364,0.9361786,FR
2405,growing,False,False,complex,complex,complex,0.0035132102,0.13745543,0.8590314,FR
2406,growing,False,True,complex,complex,complex,0.007040269,0.25454012,0.73841965,FR
2407,growing,False,True,complex,complex,complex,0.0028579673,0.12916148,0.8679806,FR
2408,growing,False,True,complex,complex,complex,0.0036933895,0.039052136,0.9572545,FR
2409,growing,False,True,complex,complex,complex,0.003174322,0.14114541,0.8556802,FR
2410,growing,False,True,complex,complex,complex,0.0033057681,0.119836785,0.8768575,FR
2411,growing,False,True,complex,complex,complex,0.0015957992,0.027945997,0.9704582,FR
2412,growing,False,False,complex,complex,complex,0.002803048,0.032789897,0.964407,FR
2413,growing,False,True,complex,complex,complex,0.0070658256,0.058370784,0.93456334,FR
2414,growing,False,True,complex,complex,complex,0.0022645222,0.07149366,0.9262418,FR
2415,growing,False,True,complex,complex,complex,0.0016943584,0.022683209,0.9756225,FR
2416,growing,False,True,complex,complex,complex,0.0045208763,0.02404355,0.97143555,FR
2417,growing,False,True,complex,complex,complex,0.004489672,0.112979956,0.88253033,FR
2418,growing,False,True,complex,complex,complex,0.0019404325,0.051292084,0.9467675,FR
2419,growing,False,True,complex,complex,complex,0.002067919,0.034965467,0.96296656,FR
2420,growing,False,False,complex,complex,complex,0.0016636904,0.030316923,0.96801937,FR
2421,growing,False,True,complex,complex,complex,0.0013157784,0.025300473,0.97338367,FR
2422,growing,False,True,complex,complex,complex,0.0014549781,0.022256244,0.9762888,FR
2423,growing,False,True,complex,complex,complex,0.003972862,0.08763358,0.9083935,FR
2424,growing,False,True,complex,complex,complex,0.0018836937,0.07776163,0.9203547,FR
2425,growing,False,True,complex,complex,complex,0.0013741198,0.007559743,0.99106616,FR
2426,growing,False,True,complex,complex,complex,0.0011696097,0.034204043,0.9646264,FR
2427,growing,False,True,complex,complex,complex,0.0018373932,0.024291584,0.97387105,FR
2428,growing,False,False,complex,complex,complex,0.0023845755,0.017126147,0.98048925,FR
2429,growing,False,False,complex,complex,complex,0.00092725357,0.008361422,0.9907113,FR
2430,growing,False,True,complex,complex,complex,0.0007059377,0.005557435,0.9937366,FR
2431,growing,False,True,complex,complex,complex,0.0020108768,0.012946894,0.9850423,FR
2432,growing,False,True,complex,complex,complex,0.0009149711,0.044783466,0.95430154,FR
2433,growing,False,True,complex,complex,complex,0.00094521587,0.009772625,0.98928213,FR
2434,growing,False,True,complex,complex,complex,0.000880029,0.010411951,0.988708,FR
2435,growing,False,False,complex,complex,complex,0.0011503552,0.0113593275,0.98749036,FR
2436,growing,False,True,complex,complex,complex,0.00076771853,0.00880658,0.99042577,FR
2437,growing,False,True,complex,complex,complex,0.0012900638,0.023769641,0.97494036,FR
2438,growing,False,False,complex,complex,complex,0.0043657115,0.05000727,0.94562703,FR
2439,growing,False,True,complex,complex,complex,0.00074142707,0.010620281,0.98863834,FR
2440,growing,False,True,complex,complex,complex,0.0022411102,0.01814005,0.9796188,FR
2441,growing,False,False,complex,complex,complex,0.0024033787,0.019341463,0.9782551,FR
2442,growing,False,False,complex,complex,complex,0.0017144228,0.011410117,0.9868754,FR
2443,growing,False,True,complex,complex,complex,0.0011709073,0.015803,0.9830261,FR
2444,growing,False,True,complex,complex,complex,0.0015674365,0.027148707,0.9712839,FR
2445,growing,False,True,complex,complex,complex,0.0013340454,0.018484533,0.9801814,FR
2446,growing,False,True,complex,complex,complex,0.0010826269,0.017147994,0.98176944,FR
2447,growing,False,True,complex,complex,complex,0.0007167509,0.0051117274,0.99417156,FR
2448,growing,False,True,complex,complex,complex,0.0016553091,0.038210932,0.96013373,FR
2449,growing,False,False,complex,complex,complex,0.0013946139,0.045657746,0.9529476,FR
2450,growing,False,True,complex,complex,complex,0.0020648076,0.03703299,0.9609022,FR
2451,growing,False,True,complex,complex,complex,0.00114963,0.012639763,0.98621064,FR
2452,growing,False,True,complex,complex,complex,0.0022010303,0.015218353,0.9825806,FR
2453,growing,False,True,complex,complex,complex,0.0009614903,0.0081668515,0.9908716,FR
2454,growing,False,True,complex,complex,complex,0.0019170688,0.015262786,0.98282015,FR
2455,growing,False,True,complex,complex,complex,0.001593152,0.034641743,0.96376514,FR
2456,growing,False,True,complex,complex,complex,0.0015914515,0.029168168,0.9692404,FR
2457,growing,False,False,complex,complex,complex,0.0014444033,0.0076534003,0.9909021,FR
2458,growing,False,True,complex,complex,complex,0.035769265,0.08507604,0.8791547,FR
2459,growing,False,True,complex,complex,complex,0.0037983826,0.04299569,0.95320594,FR
2460,growing,False,True,complex,complex,complex,0.005960448,0.06423435,0.9298052,FR
2461,growing,False,True,complex,complex,complex,0.0031871577,0.066882186,0.9299307,FR
2462,growing,False,False,complex,complex,complex,0.09988228,0.13232431,0.76779336,FR
2463,growing,False,False,complex,complex,complex,0.0041061533,0.040151525,0.95574236,FR
2464,growing,False,True,complex,complex,complex,0.013041625,0.09755433,0.88940406,FR
2465,growing,False,True,complex,complex,complex,0.006432861,0.067740254,0.92582685,FR
2466,growing,False,True,complex,complex,complex,0.009575916,0.032445163,0.95797896,FR
2467,growing,False,True,complex,complex,complex,0.050068464,0.1402093,0.80972224,FR
2468,growing,False,True,complex,complex,complex,0.13860591,0.112614684,0.7487794,FR
2469,growing,False,True,complex,complex,complex,0.0037168048,0.09858462,0.8976986,FR
2470,growing,True,False,intermediate,complex,,0.07670276,0.43350455,0.4897927,FR
2471,growing,False,True,complex,complex,complex,0.005553755,0.0948807,0.8995656,FR
2472,growing,False,True,intermediate,intermediate,intermediate,0.10029243,0.78478765,0.11491992,FR
2473,growing,False,True,complex,complex,complex,0.09155485,0.2251296,0.6833156,FR
2474,growing,False,True,complex,complex,complex,0.020985233,0.16836354,0.8106512,FR
2475,growing,False,True,intermediate,intermediate,intermediate,0.018423948,0.765139,0.21643712,FR
2476,growing,False,True,complex,complex,complex,0.14770204,0.20479834,0.6474997,FR
2477,growing,False,True,complex,complex,complex,0.0037582307,0.15545653,0.84078526,FR
2478,growing,False,True,complex,complex,complex,0.007773705,0.044207856,0.9480184,FR
2479,growing,True,False,complex,complex,,0.048282295,0.25538003,0.6963377,FR
2480,growing,False,True,complex,complex,complex,0.0009315675,0.022153633,0.97691476,FR
2481,growing,False,False,complex,complex,complex,0.009892733,0.06872651,0.92138076,FR
2482,growing,False,True,complex,complex,complex,0.003053341,0.08579496,0.91115165,FR
2483,growing,False,True,complex,complex,complex,0.0052505326,0.021133257,0.9736162,FR
2484,growing,False,True,complex,complex,complex,0.0026984704,0.020441497,0.97686005,FR
2485,growing,False,True,complex,complex,complex,0.003499089,0.0286468,0.9678541,FR
2486,growing,False,True,complex,complex,complex,0.0032521032,0.058680963,0.9380669,FR
2487,growing,False,True,complex,complex,complex,0.0026039567,0.033150066,0.9642459,FR
2488,growing,False,True,complex,complex,complex,0.0014568398,0.04001521,0.9585279,FR
2489,growing,False,True,complex,complex,complex,0.0017770024,0.022644613,0.97557837,FR
2490,growing,False,False,complex,complex,complex,0.0035591372,0.057747874,0.9386929,FR
2491,growing,False,True,complex,complex,complex,0.0011949446,0.022660835,0.97614425,FR
2492,growing,False,True,complex,complex,complex,0.0014136566,0.022786397,0.9758,FR
2493,growing,False,True,complex,complex,complex,0.001549088,0.04030524,0.9581456,FR
2494,growing,False,True,complex,complex,complex,0.0014496796,0.019272456,0.9792779,FR
2495,growing,False,True,complex,complex,complex,0.0021514986,0.05605166,0.94179684,FR
2496,growing,False,True,complex,complex,complex,0.0031317468,0.11377873,0.88308954,FR
2497,growing,False,True,complex,complex,complex,0.0017498608,0.083133526,0.91511667,FR
2498,growing,False,True,complex,complex,complex,0.0030585816,0.060134016,0.9368074,FR
2499,growing,False,True,complex,complex,complex,0.010245771,0.035089284,0.9546649,FR
2500,growing,False,True,complex,complex,complex,0.008192414,0.1283066,0.86350095,FR
2501,growing,False,True,complex,complex,complex,0.0019107566,0.024210464,0.97387874,FR
2502,growing,False,True,intermediate,intermediate,intermediate,0.014997283,0.63673264,0.34827006,FR
2503,growing,False,True,complex,complex,complex,0.0030691365,0.06949254,0.9274383,FR
2504,growing,False,True,complex,complex,complex,0.0028423797,0.022303695,0.9748539,FR
2505,growing,False,True,complex,complex,complex,0.020252619,0.08771124,0.89203614,FR
2506,growing,False,True,complex,complex,complex,0.0024497914,0.04745182,0.9500984,FR
2507,growing,False,False,complex,complex,complex,0.0020105573,0.043514665,0.9544748,FR
2508,growing,False,True,complex,complex,complex,0.0018671675,0.04174219,0.95639056,FR
2509,growing,False,True,complex,complex,complex,0.0020726384,0.035627816,0.9622996,FR
2510,growing,False,True,complex,complex,complex,0.0037365947,0.043657057,0.9526064,FR
2511,growing,False,True,complex,complex,complex,0.007782368,0.16725819,0.8249595,FR
2512,growing,True,False,complex,intermediate,,0.015583231,0.5973082,0.38710853,FR
2513,growing,False,True,complex,complex,complex,0.008213934,0.17981695,0.8119691,FR
2514,growing,True,False,complex,complex,,0.010041522,0.3732762,0.6166823,FR
2515,growing,False,True,complex,complex,complex,0.0033122625,0.11719845,0.87948924,FR
2516,growing,False,False,complex,complex,complex,0.011105238,0.046477724,0.9424171,FR
2517,growing,False,True,complex,complex,complex,0.0027342173,0.22747974,0.76978606,FR
2518,growing,False,True,complex,complex,complex,0.0040697996,0.104386725,0.89154345,FR
2519,growing,False,True,complex,complex,complex,0.005260703,0.06507085,0.9296685,FR
2520,growing,True,False,complex,complex,,0.010607558,0.25098252,0.73840994,FR
2521,growing,False,True,complex,complex,complex,0.0069961096,0.064799756,0.9282042,FR
2522,growing,False,False,complex,complex,complex,0.0030561797,0.0387012,0.9582426,FR
2523,growing,False,True,complex,complex,complex,0.0020781732,0.03016492,0.9677569,FR
2524,growing,False,True,complex,complex,complex,0.00391601,0.034091547,0.96199244,FR
2525,growing,False,True,intermediate,intermediate,intermediate,0.0056261183,0.7809573,0.21341658,FR
2526,growing,False,True,intermediate,intermediate,intermediate,0.010311823,0.60415953,0.38552865,FR
2527,growing,False,True,complex,complex,complex,0.0024973804,0.029758532,0.9677441,FR
2528,growing,False,False,complex,complex,complex,0.008946277,0.04550469,0.945549,FR
2529,growing,False,True,complex,complex,complex,0.003055182,0.05099289,0.94595194,FR
2530,growing,False,True,complex,complex,complex,0.004510016,0.2980493,0.6974407,FR
2531,growing,False,True,intermediate,intermediate,intermediate,0.0028721835,0.59613574,0.40099207,FR
2532,growing,False,True,complex,complex,complex,0.0027683238,0.06190326,0.9353284,FR
2533,growing,False,True,complex,complex,complex,0.0072365003,0.119860716,0.8729028,FR
2534,growing,False,True,complex,complex,complex,0.0027862652,0.033329006,0.9638848,FR
2535,growing,False,False,complex,complex,complex,0.005551541,0.1257924,0.86865604,FR
2536,growing,False,False,complex,complex,complex,0.002562898,0.054253295,0.94318384,FR
2537,growing,False,True,complex,complex,complex,0.0030055896,0.072119206,0.9248752,FR
2538,growing,False,True,complex,complex,complex,0.0019690902,0.06664827,0.93138266,FR
2539,growing,False,True,complex,complex,complex,0.001865373,0.05060137,0.9475333,FR
2540,growing,False,True,complex,complex,complex,0.004163983,0.13240442,0.8634316,FR
2541,growing,False,False,complex,complex,complex,0.0036054456,0.10166584,0.8947287,FR
2542,growing,False,True,complex,complex,complex,0.005640913,0.07073042,0.9236287,FR
2543,growing,False,True,complex,complex,complex,0.00290896,0.051294137,0.94579685,FR
2544,growing,False,True,complex,complex,complex,0.0055426587,0.1109448,0.88351256,FR
2545,growing,False,True,complex,complex,complex,0.0061148345,0.02865968,0.9652255,FR
2546,growing,False,True,complex,complex,complex,0.015177428,0.051257636,0.9335649,FR
2547,growing,False,True,complex,complex,complex,0.0477424,0.34556922,0.6066884,FR
2548,growing,False,True,complex,complex,complex,0.0017579022,0.077763334,0.9204787,FR
2549,growing,False,True,complex,complex,complex,0.004004401,0.017963056,0.9780326,FR
2550,growing,False,True,complex,complex,complex,0.011404992,0.10673145,0.88186353,FR
2551,growing,False,True,complex,complex,complex,0.0025301133,0.045616273,0.95185363,FR
2552,growing,False,True,complex,complex,complex,0.0077625588,0.040678862,0.95155853,FR
2553,growing,False,True,complex,complex,complex,0.0088869585,0.02862984,0.9624832,FR
2554,growing,False,True,complex,complex,complex,0.001322209,0.017205605,0.98147213,FR
2555,growing,False,True,complex,complex,complex,0.001404346,0.03603951,0.9625562,FR
2556,growing,False,False,complex,complex,complex,0.007081182,0.25415406,0.73876476,FR
2557,growing,False,True,complex,complex,complex,0.0013538691,0.018282019,0.9803641,FR
2558,growing,False,True,complex,complex,complex,0.0032049513,0.036652412,0.9601427,FR
2559,growing,False,False,complex,complex,complex,0.0029860456,0.14545348,0.8515605,FR
2560,growing,False,True,complex,complex,complex,0.0029100464,0.034620374,0.96246964,FR
2561,growing,False,True,complex,complex,complex,0.0015684934,0.01951964,0.9789119,FR
2562,growing,False,True,complex,complex,complex,0.0017635722,0.021226114,0.97701037,FR
2563,growing,False,True,complex,complex,complex,0.0025733304,0.043243155,0.9541835,FR
2564,growing,False,True,complex,complex,complex,0.0012158946,0.033939485,0.9648446,FR
2565,growing,False,False,complex,complex,complex,0.001610272,0.029202325,0.96918744,FR
2566,growing,False,False,complex,complex,complex,0.005730221,0.10121326,0.8930566,FR
2567,growing,False,False,complex,complex,complex,0.0018861875,0.1382764,0.8598374,FR
2568,growing,False,True,complex,complex,complex,0.004096701,0.3459181,0.64998525,FR
2569,growing,False,False,complex,complex,complex,0.002683696,0.21482316,0.7824931,FR
2570,growing,False,True,complex,complex,complex,0.002979784,0.065236636,0.93178356,FR
2571,growing,False,True,complex,complex,complex,0.0014448353,0.015758788,0.9827963,FR
2572,growing,False,True,complex,complex,complex,0.013735622,0.35764802,0.6286164,FR
2573,growing,False,True,complex,complex,complex,0.00222974,0.024431765,0.9733385,FR
2574,growing,False,False,complex,complex,complex,0.0006680148,0.010954085,0.98837787,FR
2575,growing,False,False,complex,complex,complex,0.0009183767,0.016958753,0.98212284,FR
2576,growing,False,True,intermediate,intermediate,intermediate,0.013659364,0.79985094,0.18648966,FR
2577,growing,False,True,intermediate,intermediate,intermediate,0.0063004373,0.8821936,0.11150592,FR
2578,growing,False,True,complex,complex,complex,0.0025557003,0.22656345,0.7708808,FR
2579,growing,False,False,complex,complex,complex,0.0054155444,0.05819804,0.9363864,FR
2580,growing,False,True,complex,complex,complex,0.0018080993,0.06614743,0.93204445,FR
2581,growing,True,False,complex,complex,,0.008572226,0.21218121,0.77924657,FR
2582,growing,False,True,complex,complex,complex,0.0020084006,0.04662886,0.9513628,FR
2583,growing,False,True,complex,complex,complex,0.012425437,0.08460333,0.9029712,FR
2584,growing,False,False,intermediate,intermediate,intermediate,0.010359065,0.85167474,0.13796614,FR
2585,growing,False,True,complex,complex,complex,0.0022735933,0.04826579,0.9494606,FR
2586,growing,False,True,complex,complex,complex,0.0011572731,0.031224897,0.9676178,FR
2587,growing,False,False,complex,complex,complex,0.002091536,0.046275392,0.95163304,FR
2588,growing,False,True,complex,complex,complex,0.009523953,0.048913356,0.9415627,FR
2589,growing,False,True,complex,complex,complex,0.0036824532,0.14973444,0.84658307,FR
2590,growing,False,True,complex,complex,complex,0.0033863354,0.094083264,0.9025304,FR
2591,growing,False,True,complex,complex,complex,0.0030694557,0.041136608,0.955794,FR
2592,growing,False,True,complex,complex,complex,0.0040555582,0.054593686,0.94135076,FR
2593,growing,False,True,complex,complex,complex,0.001828341,0.05569838,0.9424733,FR
2594,growing,False,True,complex,complex,complex,0.0036899433,0.04696397,0.94934607,FR
2595,growing,False,True,complex,complex,complex,0.0027211604,0.02150727,0.9757716,FR
2596,growing,False,False,intermediate,intermediate,intermediate,0.044680495,0.81031173,0.14500773,FR
2597,growing,True,False,intermediate,complex,,0.008151399,0.17610013,0.81574845,FR
2598,growing,False,True,complex,complex,complex,0.00823123,0.12652312,0.8652456,FR
2599,growing,False,True,complex,complex,complex,0.008389277,0.36303717,0.6285736,FR
2600,growing,False,True,complex,complex,complex,0.010139812,0.40485406,0.5850062,FR
2601,growing,False,True,complex,complex,complex,0.020595685,0.0786022,0.90080214,FR
2602,growing,False,False,complex,intermediate,intermediate,0.01102266,0.5093288,0.47964853,FR
2603,growing,False,True,intermediate,intermediate,intermediate,0.019603185,0.86113614,0.11926061,FR
2604,growing,False,True,intermediate,intermediate,intermediate,0.03368948,0.84544575,0.12086483,FR
2605,growing,False,True,complex,complex,complex,0.0019242453,0.0606629,0.9374129,FR
2606,growing,False,True,complex,complex,complex,0.0032209295,0.05514914,0.9416299,FR
2607,growing,False,True,complex,complex,complex,0.020810958,0.05257652,0.9266125,FR
2608,growing,False,True,complex,complex,complex,0.0019098996,0.0683788,0.9297113,FR
2609,growing,False,True,complex,complex,complex,0.021476597,0.057358406,0.92116493,FR
2610,growing,False,True,complex,complex,complex,0.0061264876,0.0358924,0.95798117,FR
2611,growing,False,False,complex,complex,complex,0.010812607,0.18999963,0.7991878,FR
2612,growing,False,True,complex,complex,complex,0.009010324,0.0637487,0.92724097,FR
2613,growing,False,True,complex,complex,complex,0.018222101,0.107517935,0.87425995,FR
2614,growing,False,False,complex,complex,complex,0.045148894,0.059296947,0.8955541,FR
2615,growing,False,True,complex,complex,complex,0.0037712874,0.1150911,0.8811376,FR
2616,growing,False,True,complex,complex,complex,0.0024921177,0.107843585,0.8896643,FR
2617,growing,False,False,complex,intermediate,intermediate,0.29625145,0.45124397,0.25250462,FR
2618,growing,False,True,complex,complex,complex,0.010944706,0.126983,0.8620723,FR
2619,growing,False,False,complex,complex,complex,0.028053029,0.11653223,0.8554147,FR
2620,growing,False,False,complex,complex,complex,0.075463355,0.2210298,0.7035068,FR
2621,growing,False,True,intermediate,intermediate,intermediate,0.0067962236,0.82344735,0.16975646,FR
2622,growing,False,True,intermediate,intermediate,intermediate,0.0042699706,0.8717442,0.12398586,FR
2623,growing,False,True,complex,complex,complex,0.012153097,0.084793136,0.90305376,FR
2624,growing,False,True,complex,complex,complex,0.007010502,0.14012505,0.8528644,FR
2625,growing,False,False,complex,complex,complex,0.027748222,0.2874381,0.6848137,FR
2626,growing,False,False,complex,complex,complex,0.0074887434,0.08536589,0.9071453,FR
2627,growing,False,True,complex,complex,complex,0.059683774,0.29858848,0.64172775,FR
2628,growing,False,True,complex,complex,complex,0.016795363,0.15227258,0.830932,FR
2629,growing,False,False,complex,complex,complex,0.057378046,0.36530975,0.57731223,FR
2630,growing,False,True,complex,complex,complex,0.011087526,0.14080647,0.848106,FR
2631,growing,False,True,complex,complex,complex,0.0046948646,0.15157188,0.84373325,FR
2632,growing,False,True,complex,complex,complex,0.0028970288,0.031316057,0.96578693,FR
2633,growing,False,True,complex,complex,complex,0.003645909,0.21298626,0.7833678,FR
2634,growing,False,False,complex,complex,complex,0.02312541,0.16239458,0.81448,FR
2635,growing,False,True,intermediate,intermediate,intermediate,0.01040396,0.69355637,0.29603964,FR
2636,growing,False,True,complex,complex,complex,0.007380012,0.038648598,0.9539714,FR
2637,growing,False,False,complex,intermediate,intermediate,0.021246238,0.63275695,0.34599686,FR
2638,growing,False,False,complex,complex,complex,0.007534031,0.28405994,0.708406,FR
2639,growing,False,False,complex,complex,complex,0.019016711,0.058137808,0.9228455,FR
2640,growing,False,True,complex,complex,complex,0.012116668,0.049974214,0.93790907,FR
2641,growing,False,True,complex,complex,complex,0.011783574,0.07830299,0.9099135,FR
2642,growing,False,True,complex,complex,complex,0.017168734,0.14858074,0.83425057,FR
2643,growing,False,True,complex,complex,complex,0.007866172,0.18256265,0.80957115,FR
2644,growing,False,True,complex,complex,complex,0.010717846,0.4894207,0.4998614,FR
2645,growing,False,False,complex,complex,complex,0.0062028617,0.4321103,0.5616868,FR
2646,growing,False,True,intermediate,intermediate,intermediate,0.057655893,0.60828286,0.33406126,FR
2647,growing,False,True,complex,complex,complex,0.007117132,0.07625404,0.9166288,FR
2648,growing,False,True,intermediate,intermediate,intermediate,0.021955408,0.6978606,0.28018406,FR
2649,growing,False,True,complex,complex,complex,0.02098762,0.15064181,0.8283706,FR
2650,growing,False,True,complex,complex,complex,0.013956674,0.1129409,0.87310237,FR
2651,growing,False,False,intermediate,intermediate,intermediate,0.029100498,0.5392517,0.4316478,FR
2652,growing,False,True,complex,complex,complex,0.0058211694,0.15207514,0.84210366,GB
2653,growing,False,False,intermediate,complex,complex,0.0032113877,0.08922019,0.90756845,GB
2654,growing,False,True,intermediate,intermediate,intermediate,0.033038076,0.9531793,0.013782578,GB
2655,growing,False,True,simple,simple,simple,0.9597266,0.03459712,0.0056762896,GB
2656,growing,False,True,intermediate,intermediate,intermediate,0.042899232,0.9025925,0.054508276,GB
2657,growing,False,True,simple,simple,simple,0.8913306,0.09154977,0.017119663,GB
2658,growing,False,False,intermediate,simple,simple,0.49749732,0.4357712,0.06673144,GB
2659,growing,False,True,intermediate,intermediate,intermediate,0.01618529,0.9699562,0.013858489,GB
2660,growing,False,True,intermediate,intermediate,intermediate,0.12407067,0.8399755,0.035953835,GB
2661,growing,False,True,complex,complex,complex,0.0045933328,0.18357484,0.81183183,GB
2662,growing,False,True,intermediate,intermediate,intermediate,0.11944689,0.8560967,0.024456473,GB
2663,growing,False,True,intermediate,intermediate,intermediate,0.103264906,0.8110054,0.08572969,GB
2664,growing,False,False,simple,simple,simple,0.8471856,0.1354528,0.017361572,GB
2665,growing,False,True,complex,complex,complex,0.0032725644,0.09758801,0.89913946,GB
2666,growing,False,True,intermediate,intermediate,intermediate,0.08098653,0.7661292,0.15288427,GB
2667,growing,False,True,intermediate,intermediate,intermediate,0.008119644,0.85277885,0.13910148,GB
2668,growing,False,True,intermediate,intermediate,intermediate,0.03373469,0.9239775,0.042287845,GB
2669,growing,False,True,intermediate,intermediate,intermediate,0.02697995,0.8271528,0.14586723,GB
2670,growing,False,True,intermediate,intermediate,intermediate,0.08471212,0.8596447,0.055643182,GB
2671,growing,False,True,intermediate,intermediate,intermediate,0.0049370504,0.66277486,0.33228812,GB
2672,growing,False,True,intermediate,intermediate,intermediate,0.009842551,0.9712036,0.01895383,GB
2673,growing,False,True,intermediate,intermediate,intermediate,0.009068327,0.82362795,0.1673037,GB
2674,growing,False,True,simple,simple,simple,0.95599604,0.033400107,0.010603822,GB
2675,growing,False,True,intermediate,intermediate,intermediate,0.0055030026,0.7408095,0.25368747,GB
2676,growing,False,True,intermediate,intermediate,intermediate,0.004563617,0.7523215,0.24311487,GB
2677,growing,False,True,intermediate,intermediate,intermediate,0.0063516605,0.942572,0.051076297,GB
2678,growing,False,True,intermediate,intermediate,intermediate,0.0069189416,0.8219868,0.17109425,GB
2679,growing,False,False,complex,complex,complex,0.0027708856,0.065914676,0.9313144,GB
2680,growing,False,False,complex,complex,complex,0.005861203,0.22583218,0.7683067,GB
2681,growing,False,True,complex,complex,complex,0.0014929866,0.026693007,0.971814,GB
2682,growing,False,True,complex,complex,complex,0.0045659174,0.15814835,0.8372857,GB
2683,growing,False,True,complex,complex,complex,0.003510682,0.097085506,0.8994038,GB
2684,growing,False,True,complex,complex,complex,0.0035788524,0.055482738,0.9409384,GB
2685,growing,False,True,simple,simple,simple,0.9871443,0.0100686345,0.0027870326,GB
2686,growing,False,True,complex,complex,complex,0.0035351922,0.020818774,0.9756461,GB
2687,growing,False,True,complex,complex,complex,0.0010425563,0.022963105,0.97599435,GB
2688,growing,False,True,complex,complex,complex,0.0013142484,0.06265868,0.93602705,GB
2689,growing,False,True,complex,complex,complex,0.0016761681,0.012046739,0.98627704,GB
2690,growing,False,True,complex,complex,complex,0.0039000371,0.032726813,0.9633731,GB
2691,growing,False,True,complex,complex,complex,0.0020643661,0.034415547,0.96352005,GB
2692,growing,False,True,complex,complex,complex,0.0010926287,0.011156829,0.9877506,GB
2693,growing,False,True,complex,complex,complex,0.005770522,0.08084533,0.9133842,GB
2694,growing,False,True,complex,complex,complex,0.0027090767,0.08140303,0.9158879,GB
2695,growing,False,True,complex,complex,complex,0.0014987121,0.01672124,0.9817801,GB
2696,growing,False,False,complex,complex,complex,0.0013980778,0.030589234,0.9680127,GB
2697,growing,False,True,complex,complex,complex,0.001430096,0.013269656,0.98530024,GB
2698,growing,False,True,complex,complex,complex,0.0026816975,0.14709517,0.8502232,GB
2699,growing,False,True,complex,complex,complex,0.0021009084,0.053608418,0.94429064,GB
2700,growing,False,True,complex,complex,complex,0.005427221,0.17786238,0.8167104,GB
2701,growing,False,False,complex,complex,complex,0.0014618518,0.05228878,0.9462494,GB
2702,growing,False,True,complex,complex,complex,0.001103984,0.0146367205,0.9842593,GB
2703,growing,False,True,intermediate,intermediate,intermediate,0.0018636471,0.6574004,0.3407359,GB
2704,growing,False,True,simple,simple,simple,0.98943245,0.007576307,0.0029912253,GB
2705,growing,False,True,complex,complex,complex,0.0041406974,0.04461859,0.9512408,GB
2706,growing,False,True,complex,complex,complex,0.005029193,0.03942721,0.9555436,GB
2707,growing,False,True,complex,complex,complex,0.0012571719,0.012316555,0.98642635,GB
2708,growing,False,True,intermediate,intermediate,intermediate,0.010403495,0.72660077,0.26299572,GB
2709,growing,False,True,intermediate,intermediate,intermediate,0.0070992624,0.84242094,0.15047978,GB
2710,growing,False,True,intermediate,intermediate,intermediate,0.0026539066,0.71679884,0.2805472,GB
2711,growing,False,True,complex,complex,complex,0.0024493986,0.38450986,0.6130407,GB
2712,growing,False,True,intermediate,intermediate,intermediate,0.0054017464,0.7114629,0.28313532,GB
2713,growing,False,True,intermediate,intermediate,intermediate,0.0053061736,0.60429895,0.3903949,GB
2714,growing,False,True,intermediate,intermediate,intermediate,0.04720362,0.94014317,0.0126531925,GB
2715,growing,False,True,simple,simple,simple,0.9043359,0.09077643,0.0048876815,GB
2716,growing,False,False,complex,complex,complex,0.0094620725,0.4007658,0.5897721,GB
2717,growing,False,True,intermediate,intermediate,intermediate,0.0047733593,0.8186802,0.17654637,GB
2718,growing,False,True,intermediate,intermediate,intermediate,0.019361675,0.8426068,0.13803154,GB
2719,growing,False,True,intermediate,intermediate,intermediate,0.006093667,0.75118333,0.24272302,GB
2720,growing,False,True,complex,complex,complex,0.010905483,0.42513603,0.56395847,GB
2721,growing,False,True,complex,complex,complex,0.0022756325,0.031067861,0.96665645,GB
2722,growing,False,False,intermediate,complex,complex,0.005707087,0.14445984,0.8498331,GB
2723,growing,False,False,complex,complex,complex,0.0053611915,0.11144893,0.88318986,GB
2724,growing,False,True,complex,complex,complex,0.0032148531,0.056521147,0.94026405,GB
2725,growing,False,True,complex,complex,complex,0.0036559189,0.0793814,0.9169626,GB
2726,growing,False,True,complex,complex,complex,0.0030190048,0.031125952,0.965855,GB
2727,growing,False,True,complex,complex,complex,0.002684692,0.076278076,0.9210372,GB
2728,growing,False,True,complex,complex,complex,0.0025920756,0.073728584,0.9236793,GB
2729,growing,False,False,intermediate,intermediate,intermediate,0.43148154,0.51656085,0.051957622,GB
2730,growing,False,True,complex,complex,complex,0.005504277,0.09972119,0.89477456,GB
2731,growing,False,True,complex,complex,complex,0.0018988712,0.1289106,0.8691905,GB
2732,growing,False,True,simple,simple,simple,0.89781773,0.07294234,0.029239994,GB
2733,growing,False,True,complex,complex,complex,0.0054970984,0.08459904,0.9099038,GB
2734,growing,False,True,intermediate,intermediate,intermediate,0.0127885975,0.9531713,0.03404011,GB
2735,growing,False,True,simple,simple,simple,0.96562207,0.0231593,0.011218623,GB
2736,growing,False,True,complex,complex,complex,0.017564885,0.3911348,0.5913003,GB
2737,growing,False,True,intermediate,intermediate,intermediate,0.046548814,0.91118366,0.042267554,GB
2738,growing,False,True,intermediate,intermediate,intermediate,0.08419486,0.8495232,0.06628196,GB
2739,growing,False,True,intermediate,intermediate,intermediate,0.10179911,0.80324775,0.094953164,GB
2740,growing,False,False,intermediate,intermediate,intermediate,0.016975952,0.5189628,0.4640612,GB
2741,growing,False,True,intermediate,intermediate,intermediate,0.08537823,0.88510394,0.029517846,GB
2742,growing,False,True,intermediate,intermediate,intermediate,0.024209842,0.9081441,0.06764606,GB
2743,growing,False,True,intermediate,intermediate,intermediate,0.09317896,0.8888113,0.018009748,GB
2744,growing,False,False,simple,simple,simple,0.93486,0.050612763,0.01452725,GB
2745,growing,False,False,intermediate,complex,complex,0.02668451,0.2671281,0.70618737,GB
2746,growing,False,True,complex,complex,complex,0.0033057495,0.0728831,0.92381114,GB
2747,growing,False,True,simple,simple,simple,0.9591263,0.03558292,0.005290735,GB
2748,growing,False,False,simple,simple,simple,0.8944504,0.09955069,0.0059988396,GB
2749,growing,False,True,complex,complex,complex,0.0018170843,0.020625236,0.97755766,GB
2750,growing,False,True,intermediate,intermediate,intermediate,0.018162595,0.9394779,0.04235944,GB
2751,growing,False,True,intermediate,intermediate,intermediate,0.014617027,0.934447,0.05093601,GB
2752,growing,False,True,intermediate,intermediate,intermediate,0.23764066,0.725899,0.036460303,GB
2753,growing,False,False,intermediate,intermediate,intermediate,0.046614654,0.9220096,0.031375814,GB
2754,growing,False,False,intermediate,intermediate,intermediate,0.082983725,0.84869397,0.06832238,GB
2755,growing,False,True,intermediate,intermediate,intermediate,0.2761207,0.71971273,0.004166569,GB
2756,growing,False,True,intermediate,intermediate,intermediate,0.02847331,0.9408246,0.03070207,GB
2757,growing,False,True,simple,simple,simple,0.9951379,0.0033990925,0.0014630988,GB
2758,growing,False,True,intermediate,intermediate,intermediate,0.029397579,0.91236055,0.05824186,GB
2759,growing,False,True,intermediate,intermediate,intermediate,0.15087308,0.8406262,0.008500737,GB
2760,growing,False,True,simple,simple,simple,0.7089317,0.2490956,0.041972738,GB
2761,growing,False,True,simple,simple,simple,0.918619,0.0724866,0.008894462,GB
2762,growing,False,True,intermediate,intermediate,intermediate,0.047855422,0.94078475,0.011359777,GB
2763,growing,False,True,intermediate,intermediate,intermediate,0.21011396,0.7710218,0.01886425,GB
2764,growing,False,True,intermediate,intermediate,intermediate,0.03548033,0.8587245,0.10579519,GB
2765,growing,False,True,simple,simple,simple,0.8566348,0.12917942,0.0141858235,GB
2766,growing,False,True,intermediate,intermediate,intermediate,0.103456415,0.77135915,0.12518446,GB
2767,growing,False,True,intermediate,intermediate,intermediate,0.018680947,0.9580706,0.023248542,GB
2768,growing,False,True,simple,simple,simple,0.96042925,0.031590853,0.007979866,GB
2769,growing,False,True,intermediate,intermediate,intermediate,0.035307784,0.9533131,0.011379096,GB
2770,growing,False,True,simple,simple,simple,0.9930426,0.004682822,0.002274553,GB
2771,growing,False,True,simple,simple,simple,0.9542763,0.030803358,0.014920333,GB
2772,growing,False,True,simple,simple,simple,0.9942212,0.003556842,0.0022220025,GB
2773,growing,False,False,intermediate,simple,simple,0.93073756,0.049437094,0.019825373,GB
2774,growing,False,False,intermediate,simple,simple,0.9896512,0.007044418,0.0033043881,GB
2775,growing,False,True,intermediate,intermediate,intermediate,0.09212523,0.89527494,0.0125998575,GB
2776,growing,False,False,complex,simple,simple,0.4811073,0.46564955,0.053243198,GB
2777,growing,False,False,intermediate,simple,simple,0.98304695,0.012549348,0.004403711,GB
2778,growing,False,True,intermediate,intermediate,intermediate,0.07058498,0.9093562,0.020058865,GB
2779,growing,False,False,intermediate,intermediate,intermediate,0.17984754,0.73017204,0.089980386,GB
2780,growing,False,True,intermediate,intermediate,intermediate,0.045718893,0.9210987,0.033182457,GB
2781,growing,False,True,complex,complex,complex,0.008361137,0.14649507,0.8451438,GB
2782,growing,False,True,complex,complex,complex,0.0029143475,0.091694705,0.9053909,GB
2783,growing,False,True,complex,complex,complex,0.003732913,0.15265402,0.843613,GB
2784,growing,False,True,intermediate,intermediate,intermediate,0.023161698,0.9401688,0.03666947,GB
2785,growing,False,False,intermediate,intermediate,intermediate,0.40505156,0.5471279,0.047820553,GB
2786,growing,False,True,intermediate,intermediate,intermediate,0.0046067843,0.9110002,0.084393024,GB
2787,growing,False,True,complex,complex,complex,0.0013141583,0.014706791,0.983979,GB
2788,growing,False,True,intermediate,simple,simple,0.50454,0.46777052,0.02768947,GB
2789,growing,False,False,complex,complex,complex,0.004241078,0.10586225,0.88989663,GB
2790,growing,False,True,intermediate,intermediate,intermediate,0.057207257,0.7962376,0.14655516,GB
2791,growing,False,True,complex,complex,complex,0.0058865603,0.3014827,0.6926307,GB
2792,growing,False,True,complex,complex,complex,0.005588254,0.3107365,0.6836752,GB
2793,growing,False,True,complex,complex,complex,0.037590988,0.2611088,0.70130026,GB
2794,growing,False,True,complex,intermediate,intermediate,0.012144311,0.55037856,0.43747714,GB
2795,growing,False,True,complex,complex,complex,0.0028665448,0.03606661,0.9610669,GB
2796,growing,False,False,intermediate,intermediate,intermediate,0.0542944,0.9063425,0.03936308,GB
2797,growing,False,True,complex,complex,complex,0.0064341603,0.11250475,0.8810611,GB
2798,growing,False,True,complex,complex,complex,0.012989628,0.23903108,0.7479793,GB
2799,growing,False,True,complex,complex,complex,0.0022320547,0.17022431,0.8275436,GB
2800,growing,False,False,intermediate,intermediate,intermediate,0.40100315,0.5608531,0.03814372,GB
2801,growing,False,True,complex,complex,complex,0.0016725122,0.043061607,0.9552659,GB
2802,growing,False,False,complex,intermediate,intermediate,0.009822451,0.96872026,0.021457238,GB
2803,growing,False,True,complex,complex,complex,0.0028059008,0.2235609,0.77363324,GB
2804,growing,False,False,complex,complex,complex,0.005470137,0.2435585,0.7509714,GB
2805,growing,False,False,intermediate,simple,simple,0.9385391,0.048373975,0.0130869765,GB
2806,growing,False,True,complex,complex,complex,0.0027088858,0.18100917,0.816282,GB
2807,growing,False,True,complex,complex,complex,0.0016444781,0.021328064,0.9770274,GB
2808,growing,False,True,complex,intermediate,intermediate,0.00718628,0.65397334,0.33884043,GB
2809,growing,False,True,complex,complex,complex,0.002706176,0.13629048,0.8610033,GB
2810,growing,False,True,complex,complex,complex,0.0016208038,0.03950725,0.95887196,GB
2811,growing,False,True,complex,complex,complex,0.0018402815,0.030154118,0.9680056,GB
2812,growing,False,True,complex,complex,complex,0.0022869834,0.04124054,0.95647246,GB
2813,growing,False,True,complex,complex,complex,0.0008651531,0.035475377,0.9636595,GB
2814,growing,False,True,complex,complex,complex,0.0014797003,0.034681067,0.96383923,GB
2815,growing,False,True,complex,complex,complex,0.0020701685,0.05565721,0.9422726,GB
2816,growing,False,True,complex,complex,complex,0.0025140445,0.03693716,0.96054876,GB
2817,growing,False,True,complex,complex,complex,0.0019898529,0.046159666,0.9518505,GB
2818,growing,False,True,complex,complex,complex,0.0014669523,0.017579908,0.98095316,GB
2819,growing,False,False,complex,complex,complex,0.0014085583,0.017532125,0.9810594,GB
2820,growing,False,True,complex,complex,complex,0.0019617707,0.032435548,0.9656027,GB
2821,growing,False,False,complex,complex,complex,0.0021278872,0.03238595,0.96548617,GB
2822,growing,False,True,complex,complex,complex,0.001980546,0.05202846,0.945991,GB
2823,growing,False,False,complex,complex,complex,0.0023146113,0.018468743,0.97921664,GB
2824,growing,False,False,,complex,complex,0.0017348377,0.084005706,0.91425943,GB
2825,growing,False,True,complex,complex,complex,0.0029972068,0.029567776,0.96743506,GB
2826,growing,False,False,complex,complex,complex,0.0010970616,0.020758307,0.9781446,GB
2827,growing,False,True,complex,complex,complex,0.0015244272,0.026786115,0.97168946,GB
2828,growing,False,True,complex,complex,complex,0.0019769222,0.073901296,0.92412174,GB
2829,growing,False,True,complex,complex,complex,0.0015135836,0.07122614,0.9272602,GB
2830,growing,False,True,complex,complex,complex,0.002421358,0.093174,0.90440464,GB
2831,growing,False,True,complex,complex,complex,0.0021566239,0.028456824,0.9693866,GB
2832,growing,False,True,complex,complex,complex,0.0026653123,0.043879867,0.9534548,GB
2833,growing,False,True,complex,complex,complex,0.0012988608,0.035024155,0.963677,GB
2834,growing,False,True,complex,complex,complex,0.0013680059,0.04464528,0.95398664,GB
2835,growing,False,False,,complex,complex,0.0028993718,0.116035804,0.8810649,GB
2836,growing,False,True,complex,complex,complex,0.0047913725,0.1423064,0.85290223,GB
2837,growing,False,True,complex,complex,complex,0.0028132247,0.1713057,0.82588106,GB
2838,growing,True,False,intermediate,intermediate,,0.17964356,0.63049835,0.18985806,GB
2839,growing,False,True,complex,complex,complex,0.021991013,0.27775508,0.70025396,GB
2840,growing,False,False,complex,complex,complex,0.01484894,0.32244918,0.6627019,GB
2841,growing,False,True,complex,complex,complex,0.0015112254,0.07507438,0.92341447,GB
2842,growing,False,True,complex,complex,complex,0.0018320859,0.030638684,0.96752924,GB
2843,growing,False,True,complex,complex,complex,0.0020662851,0.035649452,0.96228427,GB
2844,growing,False,True,complex,complex,complex,0.0018356914,0.03059168,0.9675726,GB
2845,growing,False,True,complex,complex,complex,0.003139933,0.034437537,0.96242255,GB
2846,growing,False,False,complex,complex,complex,0.0015962344,0.036510974,0.9618927,GB
2847,growing,False,True,complex,complex,complex,0.002192755,0.06690653,0.93090075,GB
2848,growing,False,False,complex,complex,complex,0.0072380262,0.12774667,0.8650153,GB
2849,growing,False,False,complex,simple,simple,0.89755774,0.09151178,0.010930446,GB
2850,growing,False,False,complex,complex,complex,0.0027289372,0.032734107,0.96453696,GB
2851,growing,False,False,complex,intermediate,intermediate,0.18708186,0.47359797,0.33932015,GB
2852,growing,False,True,intermediate,intermediate,intermediate,0.40764576,0.5551924,0.037161835,GB
2853,growing,False,False,complex,complex,complex,0.012406624,0.116848424,0.87074494,GB
2854,growing,False,False,complex,complex,complex,0.004457203,0.47329292,0.5222499,GB
2855,growing,False,True,complex,simple,simple,0.7929669,0.06733337,0.13969971,GB
2856,growing,False,True,complex,intermediate,intermediate,0.146232,0.59544885,0.25831917,GB
2857,growing,False,True,complex,simple,simple,0.6753761,0.29663804,0.02798582,GB
2858,growing,False,False,intermediate,intermediate,intermediate,0.2520813,0.7183168,0.029601881,GB
2859,growing,True,False,intermediate,intermediate,,0.11030553,0.82897174,0.060722746,GB
2860,growing,False,False,complex,complex,complex,0.0034556726,0.052457135,0.94408715,GB
2861,growing,True,False,intermediate,intermediate,,0.040720962,0.8720457,0.08723337,GB
2862,growing,False,True,complex,complex,complex,0.0018869282,0.01525157,0.9828615,GB
2863,growing,False,True,intermediate,intermediate,intermediate,0.023281572,0.96151876,0.015199622,GB
2864,growing,False,True,intermediate,intermediate,intermediate,0.023518587,0.9336042,0.04287723,GB
2865,growing,False,False,intermediate,intermediate,intermediate,0.08077379,0.79518855,0.12403763,GB
2866,growing,False,False,intermediate,intermediate,intermediate,0.052682213,0.84551907,0.10179868,GB
2867,growing,False,True,intermediate,intermediate,intermediate,0.4650546,0.52310896,0.011836459,GB
2868,growing,False,True,intermediate,intermediate,intermediate,0.020118061,0.92223114,0.057650838,GB
2869,growing,False,True,intermediate,intermediate,intermediate,0.042824473,0.803685,0.15349053,GB
2870,growing,False,True,intermediate,intermediate,intermediate,0.12986216,0.74110323,0.12903467,GB
2871,growing,False,True,intermediate,intermediate,intermediate,0.029025158,0.9518288,0.019146,GB
2872,growing,False,True,intermediate,intermediate,intermediate,0.2474078,0.73056334,0.02202885,GB
2873,growing,False,True,intermediate,intermediate,intermediate,0.06645961,0.90347964,0.03006078,GB
2874,growing,False,True,intermediate,intermediate,intermediate,0.084703684,0.9019967,0.01329965,GB
2875,growing,False,True,intermediate,intermediate,intermediate,0.020077446,0.959442,0.020480484,GB
2876,growing,False,True,intermediate,intermediate,intermediate,0.0448771,0.91150284,0.043620106,GB
2877,growing,False,True,simple,simple,simple,0.99339455,0.0038156551,0.0027898457,GB
2878,growing,False,True,intermediate,intermediate,intermediate,0.37624496,0.60418344,0.01957157,GB
2879,growing,False,True,intermediate,simple,simple,0.52996033,0.42520308,0.04483658,GB
2880,growing,False,True,simple,simple,simple,0.9942503,0.0034154807,0.0023342276,GB
2881,growing,False,False,complex,simple,simple,0.937349,0.042684797,0.019966202,GB
2882,growing,False,True,complex,complex,complex,0.008556754,0.26719135,0.7242519,GB
2883,growing,False,False,,complex,complex,0.0032256187,0.07064669,0.9261277,GB
2884,growing,True,False,intermediate,simple,,0.50317734,0.34375292,0.15306972,GB
2885,growing,False,True,simple,simple,simple,0.9813354,0.010194059,0.008470518,GB
2886,growing,False,True,complex,complex,complex,0.0032262334,0.08275494,0.9140188,GB
2887,growing,False,True,complex,intermediate,intermediate,0.020297756,0.75642896,0.22327332,GB
2888,growing,False,True,intermediate,intermediate,intermediate,0.0060339216,0.9764965,0.017469598,GB
2889,growing,False,True,complex,complex,complex,0.053373538,0.28829405,0.6583324,GB
2890,growing,False,True,intermediate,intermediate,intermediate,0.0055989083,0.8299554,0.16444568,GB
2891,growing,False,True,intermediate,intermediate,intermediate,0.00630052,0.8789561,0.11474341,GB
2892,growing,False,True,complex,intermediate,intermediate,0.016118374,0.51758677,0.46629485,GB
2893,growing,False,True,intermediate,intermediate,intermediate,0.0141498465,0.9482045,0.037645627,GB
2894,growing,False,True,complex,intermediate,intermediate,0.104964875,0.72152746,0.17350765,GB
2895,growing,False,False,intermediate,intermediate,intermediate,0.27723613,0.68119806,0.041565824,GB
2896,growing,True,False,complex,intermediate,,0.014528148,0.5000478,0.48542404,GB
2897,growing,True,False,intermediate,intermediate,,0.056880422,0.56329614,0.37982345,GB
2898,growing,False,False,complex,complex,complex,0.0030193382,0.022179313,0.9748013,GB
2899,growing,False,True,complex,complex,complex,0.009710025,0.14680262,0.8434873,GB
2900,growing,False,True,intermediate,intermediate,intermediate,0.021737281,0.9643244,0.013938294,GB
2901,growing,False,False,complex,complex,complex,0.0032419548,0.07517559,0.9215824,GB
2902,growing,False,True,intermediate,intermediate,intermediate,0.09060679,0.8699363,0.039456878,GE
2903,growing,False,True,complex,complex,complex,0.018221892,0.14846711,0.833311,GF
2904,growing,False,True,complex,complex,complex,0.16632245,0.37583807,0.45783946,GH
2905,growing,False,False,complex,complex,complex,0.03441436,0.3214253,0.6441604,GH
2906,growing,False,False,complex,complex,complex,0.032216564,0.28975978,0.67802364,GN
2907,growing,False,False,complex,complex,complex,0.042079262,0.2401614,0.7177594,GN
2908,growing,False,False,,complex,complex,0.07730351,0.12555933,0.7971372,GN
2909,growing,False,False,,complex,complex,0.09373855,0.11851361,0.78774786,GN
2910,growing,False,False,,complex,complex,0.037858684,0.06287274,0.8992685,GN
2911,growing,False,False,,complex,complex,0.16909894,0.110568404,0.7203327,GN
2912,growing,False,False,,complex,complex,0.024882376,0.17332321,0.8017944,GR
2913,growing,False,True,intermediate,intermediate,intermediate,0.029976185,0.82383513,0.14618874,GY
2914,growing,False,False,complex,complex,complex,0.016459059,0.22174287,0.7617981,GY
2915,growing,False,True,complex,complex,complex,0.1364409,0.06706731,0.79649174,GY
2916,growing,False,True,complex,complex,complex,0.17574464,0.10530668,0.71894866,HN
2917,growing,False,True,intermediate,intermediate,intermediate,0.09764963,0.5921063,0.3102441,HN
2918,growing,False,False,complex,complex,complex,0.32847926,0.10304786,0.56847286,HN
2919,growing,False,False,complex,complex,complex,0.22662845,0.08478537,0.6885862,HN
2920,growing,False,True,complex,complex,complex,0.002256603,0.06046525,0.9372781,HU
2921,growing,False,True,complex,complex,complex,0.001210979,0.01511284,0.98367625,HU
2922,growing,False,False,,complex,complex,0.07184866,0.3631825,0.5649688,ID
2923,growing,False,True,complex,complex,complex,0.047737297,0.17441924,0.7778434,ID
2924,growing,False,False,,complex,complex,0.12376936,0.26015756,0.6160731,ID
2925,growing,False,True,complex,complex,complex,0.059399463,0.26175347,0.6788471,ID
2926,growing,False,True,complex,complex,complex,0.102814116,0.313391,0.5837949,ID
2927,growing,False,True,complex,complex,complex,0.041772395,0.13935007,0.81887746,ID
2928,growing,False,True,complex,complex,complex,0.05412213,0.34225988,0.603618,ID
2929,growing,True,False,complex,intermediate,,0.06634898,0.79138184,0.14226918,ID
2930,growing,False,True,complex,complex,complex,0.06610003,0.2735388,0.6603612,ID
2931,growing,False,False,complex,intermediate,intermediate,0.030035112,0.7425297,0.22743519,ID
2932,growing,False,False,,intermediate,intermediate,0.11879748,0.7704599,0.11074262,ID
2933,growing,False,True,complex,complex,complex,0.09500608,0.20465496,0.70033896,IE
2934,growing,False,True,complex,complex,complex,0.017177971,0.07977163,0.9030504,IE
2935,growing,False,True,intermediate,intermediate,intermediate,0.011752548,0.8833299,0.10491751,IE
2936,growing,False,True,complex,complex,complex,0.005731599,0.056200888,0.93806756,IE
2937,growing,False,False,complex,complex,complex,0.012638165,0.05326376,0.93409806,IE
2938,growing,False,True,complex,complex,complex,0.010994714,0.110076346,0.87892896,IE
2939,growing,False,True,complex,complex,complex,0.0075143734,0.11371203,0.8787736,IE
2940,growing,False,True,complex,complex,complex,0.0107865445,0.11708465,0.87212884,IE
2941,growing,False,True,complex,complex,complex,0.014637482,0.33464107,0.65072143,IE
2942,growing,False,False,complex,complex,complex,0.0059032375,0.21252082,0.7815759,IE
2943,growing,False,True,complex,complex,complex,0.006763518,0.12830783,0.8649286,IE
2944,growing,False,True,complex,complex,complex,0.017177971,0.07977163,0.9030504,IE
2945,growing,False,True,complex,complex,complex,0.01143044,0.33713695,0.6514326,IE
2946,growing,False,True,complex,complex,complex,0.012197624,0.47836882,0.50943357,IE
2947,growing,False,True,complex,complex,complex,0.0029653297,0.049830656,0.947204,IE
2948,growing,False,True,complex,complex,complex,0.0034248747,0.051545378,0.9450298,IE
2949,growing,False,True,complex,complex,complex,0.0034025512,0.05154653,0.9450509,IE
2950,growing,False,True,complex,complex,complex,0.0088531105,0.059007417,0.93213946,IE
2951,growing,False,True,complex,complex,complex,0.011607854,0.1027746,0.8856176,IE
2952,growing,False,True,complex,complex,complex,0.0026923986,0.041281566,0.956026,IE
2953,growing,False,True,complex,complex,complex,0.045270257,0.43378195,0.5209478,IE
2954,growing,False,False,complex,complex,complex,0.00851254,0.16963913,0.8218483,IE
2955,growing,False,True,complex,complex,complex,0.0073329746,0.17484938,0.8178177,IE
2956,growing,False,True,intermediate,intermediate,intermediate,0.060212128,0.9054035,0.034384385,IE
2957,growing,False,False,complex,complex,complex,0.008198932,0.40776813,0.58403295,IE
2958,growing,False,False,complex,complex,complex,0.0059055607,0.27356115,0.7205333,IE
2959,growing,False,True,complex,complex,complex,0.006647375,0.27471477,0.7186379,IE
2960,growing,False,True,complex,complex,complex,0.0058423933,0.11631043,0.87784714,IE
2961,growing,False,False,complex,complex,complex,0.00971133,0.046129506,0.9441592,IE
2962,growing,False,True,complex,complex,complex,0.005985495,0.07417849,0.919836,IE
2963,growing,False,True,complex,complex,complex,0.010826954,0.059505884,0.9296672,IL
2964,growing,False,True,intermediate,intermediate,intermediate,0.015476611,0.8163223,0.1682011,IL
2965,growing,False,True,intermediate,intermediate,intermediate,0.031159611,0.66673785,0.3021026,IT
2966,growing,False,True,complex,complex,complex,0.011988952,0.12950854,0.8585025,IT
2967,growing,False,True,complex,complex,complex,0.0668703,0.22159898,0.7115307,JM
2968,growing,False,True,complex,complex,complex,0.13006328,0.2676928,0.6022439,JM
2969,growing,True,False,complex,intermediate,,0.04299267,0.5273911,0.42961627,JM
2970,growing,False,True,complex,complex,complex,0.003908578,0.15935396,0.8367375,LA
2971,growing,False,True,intermediate,intermediate,intermediate,0.034332495,0.8662214,0.09944607,LA
2972,growing,False,True,complex,complex,complex,0.0486383,0.11048267,0.8408791,LA
2973,growing,False,True,complex,complex,complex,0.04634735,0.19409776,0.75955486,LA
2974,growing,False,True,complex,complex,complex,0.008373129,0.13416123,0.8574657,LA
2975,growing,False,False,,intermediate,intermediate,0.09934713,0.49191865,0.40873423,LK
2976,growing,False,False,complex,complex,complex,0.026075017,0.43019348,0.5437315,LS
2977,growing,False,True,complex,complex,complex,0.020885708,0.0654361,0.91367817,LS
2978,growing,True,False,complex,complex,,0.06158524,0.13075618,0.80765855,LS
2979,growing,True,False,complex,complex,,0.066716716,0.36139533,0.57188797,LS
2980,growing,False,True,complex,complex,complex,0.026616374,0.055178236,0.9182054,LS
2981,growing,False,True,complex,complex,complex,0.039469786,0.045514613,0.91501564,LS
2982,growing,False,True,complex,complex,complex,0.042669557,0.103093654,0.8542368,LS
2983,growing,False,True,complex,complex,complex,0.020861883,0.06306035,0.91607773,LS
2984,growing,False,True,complex,complex,complex,0.010481776,0.05386008,0.9356581,LS
2985,growing,False,True,complex,complex,complex,0.047090106,0.11366095,0.83924896,LS
2986,growing,False,True,complex,complex,complex,0.008504234,0.102873646,0.8886221,LS
2987,growing,False,True,complex,complex,complex,0.014409083,0.08593699,0.8996539,LS
2988,growing,False,True,complex,complex,complex,0.009831842,0.07018001,0.9199881,LS
2989,growing,False,False,,complex,complex,0.018770548,0.25201875,0.7292107,LS
2990,growing,False,True,intermediate,intermediate,intermediate,0.0602762,0.75375473,0.18596908,MA
2991,growing,False,True,complex,complex,complex,0.027116848,0.11855023,0.8543329,MA
2992,growing,False,False,,complex,complex,0.029117996,0.36911154,0.60177046,MA
2993,growing,False,True,complex,complex,complex,0.019058622,0.26815584,0.7127855,MA
2994,growing,False,False,complex,complex,complex,0.009312357,0.14148335,0.8492043,MA
2995,growing,False,True,complex,complex,complex,0.066833824,0.26417515,0.668991,MA
2996,growing,False,True,intermediate,intermediate,intermediate,0.086668074,0.7837339,0.12959807,MA
2997,growing,False,True,intermediate,intermediate,intermediate,0.020351864,0.78434753,0.19530055,MA
2998,growing,False,True,intermediate,intermediate,intermediate,0.018246504,0.8040191,0.1777344,MA
2999,growing,False,True,complex,complex,complex,0.014352084,0.36864698,0.61700094,MM
3000,growing,False,False,,intermediate,intermediate,0.22862487,0.42791003,0.34346515,MM
3001,growing,True,False,complex,intermediate,,0.057091217,0.77232593,0.17058283,MM
3002,growing,False,True,intermediate,intermediate,intermediate,0.03475952,0.8934662,0.071774356,MU
3003,growing,True,False,intermediate,intermediate,,0.24176417,0.58937275,0.16886306,MU
3004,growing,False,True,intermediate,intermediate,intermediate,0.01741305,0.92901224,0.053574726,MU
3005,growing,False,True,intermediate,intermediate,intermediate,0.015442895,0.8875237,0.09703342,MU
3006,growing,True,False,complex,intermediate,,0.064256296,0.4745566,0.4611871,MW
3007,growing,False,True,complex,complex,complex,0.0070505072,0.03909412,0.9538554,MW
3008,growing,False,False,complex,complex,complex,0.0049293963,0.054905266,0.9401653,MW
3009,growing,False,True,intermediate,intermediate,intermediate,0.10344768,0.6767506,0.21980175,MW
3010,growing,False,False,intermediate,complex,complex,0.06831144,0.3096358,0.6220528,MW
3011,growing,False,True,intermediate,intermediate,intermediate,0.041333977,0.61487705,0.34378898,MW
3012,growing,False,True,complex,complex,complex,0.15392092,0.10834825,0.7377308,MW
3013,growing,False,True,complex,complex,complex,0.03239563,0.08629759,0.8813067,MW
3014,growing,True,False,complex,intermediate,,0.041451212,0.55510765,0.40344113,MW
3015,growing,False,False,complex,complex,complex,0.0077949297,0.037888583,0.9543165,MW
3016,growing,False,True,complex,complex,complex,0.035648104,0.0855156,0.8788363,MW
3017,growing,False,True,complex,complex,complex,0.0854796,0.3131203,0.6014001,MW
3018,growing,False,True,complex,complex,complex,0.0022865601,0.019795015,0.97791845,MW
3019,growing,False,False,complex,complex,complex,0.045147214,0.2662362,0.6886166,MW
3020,growing,False,True,complex,complex,complex,0.029395305,0.08144066,0.88916403,MW
3021,growing,False,True,complex,complex,complex,0.006976721,0.06989071,0.92313254,MW
3022,growing,False,True,intermediate,intermediate,intermediate,0.023384351,0.7412972,0.23531847,MW
3023,growing,True,False,complex,intermediate,,0.08753201,0.7515059,0.16096209,MW
3024,growing,False,True,complex,intermediate,intermediate,0.079202585,0.46573296,0.45506448,MW
3025,growing,False,False,complex,complex,complex,0.013825116,0.12770066,0.8584742,MW
3026,growing,False,True,complex,complex,complex,0.15065873,0.2837317,0.5656096,MX
3027,growing,False,True,complex,complex,complex,0.13950594,0.15079324,0.7097008,MX
3028,growing,False,True,complex,complex,complex,0.01027828,0.070472255,0.9192494,MX
3029,growing,False,True,intermediate,intermediate,intermediate,0.07017727,0.87144375,0.058379024,MX
3030,growing,False,True,intermediate,intermediate,intermediate,0.04750387,0.8401307,0.11236546,MX
3031,growing,False,True,intermediate,intermediate,intermediate,0.040622547,0.9044441,0.054933377,MX
3032,growing,False,True,intermediate,intermediate,intermediate,0.012034996,0.6291852,0.3587798,MX
3033,growing,False,True,complex,complex,complex,0.009373949,0.116764136,0.87386197,MX
3034,growing,False,True,complex,complex,complex,0.03821378,0.21732922,0.74445695,MX
3035,growing,False,False,complex,complex,complex,0.023149269,0.37377658,0.60307413,MX
3036,growing,False,True,intermediate,intermediate,intermediate,0.09965,0.7277584,0.17259154,MX
3037,growing,False,True,intermediate,intermediate,intermediate,0.06750688,0.7227456,0.20974757,MX
3038,growing,False,True,intermediate,intermediate,intermediate,0.039001156,0.8585667,0.10243215,MX
3039,growing,False,True,intermediate,intermediate,intermediate,0.03782245,0.80807704,0.15410055,MX
3040,growing,False,False,simple,intermediate,intermediate,0.054357465,0.68499506,0.26064745,MX
3041,growing,False,True,intermediate,intermediate,intermediate,0.023078512,0.9408834,0.03603804,MX
3042,growing,False,True,intermediate,intermediate,intermediate,0.024868695,0.8959771,0.07915424,MX
3043,growing,False,True,complex,intermediate,intermediate,0.07855847,0.65677387,0.26466766,MX
3044,growing,False,True,complex,complex,complex,0.023110269,0.1358681,0.84102166,MX
3045,growing,False,True,complex,complex,complex,0.011905158,0.11927755,0.86881727,MX
3046,growing,False,True,complex,complex,complex,0.05465923,0.14189124,0.8034496,MX
3047,growing,False,True,complex,complex,complex,0.02771587,0.2502623,0.7220219,MX
3048,growing,False,True,complex,complex,complex,0.1257856,0.2606764,0.61353797,MX
3049,growing,False,True,complex,complex,complex,0.023758622,0.079020776,0.8972206,MX
3050,growing,False,True,complex,complex,complex,0.15107356,0.22747591,0.6214505,MX
3051,growing,False,True,complex,complex,complex,0.0657257,0.24704571,0.6872286,MX
3052,growing,False,True,intermediate,intermediate,intermediate,0.03292193,0.89618653,0.07089155,MX
3053,growing,False,False,intermediate,intermediate,intermediate,0.086909674,0.71632755,0.19676276,MX
3054,growing,False,True,intermediate,intermediate,intermediate,0.02412416,0.8907072,0.08516869,MX
3055,growing,False,False,intermediate,intermediate,intermediate,0.0721794,0.6840878,0.24373277,MX
3056,growing,False,True,complex,intermediate,intermediate,0.08906173,0.58618027,0.32475805,MX
3057,growing,False,True,intermediate,intermediate,intermediate,0.058661267,0.87291807,0.06842072,MX
3058,growing,False,False,intermediate,intermediate,intermediate,0.13044345,0.7692977,0.10025879,MX
3059,growing,False,True,intermediate,intermediate,intermediate,0.028583268,0.7507763,0.2206405,MX
3060,growing,False,True,complex,complex,complex,0.046977233,0.23022173,0.722801,MX
3061,growing,False,False,,complex,complex,0.0069629042,0.33816844,0.65486866,MX
3062,growing,False,True,complex,complex,complex,0.055317674,0.23720618,0.70747614,MX
3063,growing,False,True,complex,complex,complex,0.05389536,0.34183478,0.60426986,MX
3064,growing,False,True,intermediate,intermediate,intermediate,0.05939535,0.83182466,0.108779974,MX
3065,growing,True,False,intermediate,complex,,0.04121516,0.3136401,0.64514476,MX
3066,growing,False,False,,intermediate,intermediate,0.04734976,0.7876574,0.16499281,MX
3067,growing,False,True,complex,complex,complex,0.0210546,0.2742776,0.7046678,MY
3068,growing,False,True,complex,complex,complex,0.023650829,0.28726542,0.68908376,MY
3069,growing,False,False,intermediate,complex,complex,0.059554793,0.4379231,0.5025221,MY
3070,growing,False,True,complex,complex,complex,0.04064668,0.1799085,0.7794448,MY
3071,growing,False,True,complex,complex,complex,0.066970155,0.23645605,0.6965738,MY
3072,growing,True,False,complex,intermediate,,0.14135505,0.43270203,0.4259429,MY
3073,growing,False,True,complex,complex,complex,0.13179363,0.257226,0.6109804,MY
3074,growing,False,True,intermediate,intermediate,intermediate,0.067768164,0.7284819,0.20374992,MY
3075,growing,False,True,complex,complex,complex,0.03886284,0.2640533,0.6970839,MY
3076,growing,False,True,intermediate,intermediate,intermediate,0.055202395,0.5805989,0.36419868,MY
3077,growing,False,True,complex,complex,complex,0.1945553,0.29831818,0.5071265,MY
3078,growing,False,True,complex,complex,complex,0.028359307,0.22594538,0.7456953,MY
3079,growing,False,False,,complex,complex,0.10429177,0.24557044,0.65013784,MY
3080,growing,False,True,complex,complex,complex,0.04600328,0.21996452,0.7340322,MY
3081,growing,False,True,complex,intermediate,intermediate,0.020616075,0.50549144,0.47389248,MY
3082,growing,False,False,complex,intermediate,intermediate,0.08733771,0.48121086,0.4314514,MY
3083,growing,False,False,intermediate,intermediate,intermediate,0.02136796,0.571699,0.406933,MY
3084,growing,False,False,complex,intermediate,intermediate,0.0335921,0.52292705,0.44348088,MZ
3085,growing,False,True,complex,complex,complex,0.055194095,0.28704146,0.65776443,MZ
3086,growing,False,True,intermediate,intermediate,intermediate,0.0086295055,0.76362866,0.22774184,MZ
3087,growing,False,True,intermediate,intermediate,intermediate,0.011723693,0.86391777,0.12435856,NG
3088,growing,False,True,complex,complex,complex,0.20040093,0.046113387,0.7534857,NI
3089,growing,False,True,complex,complex,complex,0.25229603,0.04499986,0.7027041,NI
3090,growing,False,True,complex,complex,complex,0.20952518,0.08207016,0.70840466,NI
3091,growing,False,True,complex,complex,complex,0.21436298,0.14458494,0.64105207,NI
3092,growing,False,True,complex,complex,complex,0.031788472,0.15414773,0.8140638,NI
3093,growing,False,False,,complex,complex,0.15759961,0.110842474,0.7315579,NI
3094,growing,False,False,,complex,complex,0.087070845,0.09982681,0.81310236,NI
3095,growing,False,False,,complex,complex,0.085589,0.12762648,0.78678447,NI
3096,growing,False,True,complex,complex,complex,0.13051851,0.06625094,0.8032305,NI
3097,growing,False,True,complex,complex,complex,0.04932604,0.1484799,0.8021941,NZ
3098,growing,False,True,intermediate,intermediate,intermediate,0.07651273,0.8821373,0.04134995,NZ
3099,growing,False,True,complex,intermediate,intermediate,0.13943988,0.453171,0.4073891,NZ
3100,growing,False,True,complex,complex,complex,0.031249508,0.29427555,0.67447495,NZ
3101,growing,True,False,intermediate,intermediate,,0.018754723,0.805997,0.17524825,NZ
3102,growing,False,False,complex,complex,complex,0.029062817,0.30118665,0.6697505,NZ
3103,growing,False,True,complex,intermediate,intermediate,0.357653,0.4103826,0.23196436,NZ
3104,growing,False,True,complex,intermediate,intermediate,0.032143056,0.48793417,0.47992274,NZ
3105,growing,True,False,intermediate,complex,,0.24286985,0.22502352,0.53210664,NZ
3106,growing,True,False,intermediate,intermediate,,0.0345443,0.5657223,0.39973336,NZ
3107,growing,True,False,intermediate,complex,,0.07187585,0.43019694,0.4979272,NZ
3108,growing,False,True,complex,complex,complex,0.38445744,0.1512966,0.46424598,NZ
3109,growing,False,False,intermediate,intermediate,intermediate,0.19631334,0.6130708,0.19061592,NZ
3110,growing,False,True,intermediate,intermediate,intermediate,0.042824686,0.8966844,0.0604909,NZ
3111,growing,True,False,intermediate,intermediate,,0.06332811,0.5736322,0.36303973,NZ
3112,growing,True,False,simple,complex,,0.30548036,0.20430577,0.49021384,NZ
3113,growing,False,False,complex,intermediate,intermediate,0.019551203,0.5295626,0.45088622,NZ
3114,growing,False,True,intermediate,intermediate,intermediate,0.06871965,0.885347,0.0459333,NZ
3115,growing,False,True,intermediate,intermediate,intermediate,0.033070844,0.9484519,0.01847727,NZ
3116,growing,False,True,simple,simple,simple,0.8281672,0.07678483,0.09504797,PA
3117,growing,False,True,complex,complex,complex,0.15614194,0.38005048,0.4638076,PA
3118,growing,False,False,complex,simple,simple,0.7561964,0.17563552,0.06816808,PA
3119,growing,False,True,complex,complex,complex,0.36168447,0.08017969,0.5581358,PA
3120,growing,False,True,complex,complex,complex,0.03443493,0.1907071,0.774858,PA
3121,growing,False,False,complex,simple,simple,0.71996635,0.14524557,0.13478807,PA
3122,growing,False,False,,complex,complex,0.021933606,0.36925983,0.60880655,PA
3123,growing,False,False,,complex,complex,0.01822206,0.2015957,0.7801823,PA
3124,growing,False,False,,complex,complex,0.12874947,0.14380528,0.7274453,PA
3125,growing,False,False,,intermediate,intermediate,0.022819355,0.77238935,0.20479126,PA
3126,growing,False,True,intermediate,intermediate,intermediate,0.043975353,0.85146505,0.104559556,PR
3127,growing,False,False,complex,intermediate,intermediate,0.105386905,0.69028705,0.20432605,PR
3128,growing,False,True,intermediate,intermediate,intermediate,0.033475146,0.68415105,0.28237376,PR
3129,growing,False,True,intermediate,intermediate,intermediate,0.032260943,0.8736711,0.09406792,PR
3130,growing,False,True,complex,complex,complex,0.015686572,0.3874428,0.5968706,PR
3131,growing,False,True,complex,complex,complex,0.19854403,0.26138318,0.54007286,PR
3132,growing,False,False,complex,intermediate,intermediate,0.10408077,0.51635146,0.37956777,RU
3133,growing,False,True,complex,complex,complex,0.09640797,0.26253453,0.6410575,RU
3134,growing,False,True,complex,complex,complex,0.014122519,0.075988345,0.9098891,SE
3135,growing,False,True,complex,complex,complex,0.0063562957,0.21530922,0.7783345,SE
3136,growing,False,True,complex,complex,complex,0.003610209,0.026150834,0.9702389,SE
3137,growing,False,True,complex,complex,complex,0.0031322625,0.020055912,0.9768118,SE
3138,growing,False,True,intermediate,intermediate,intermediate,0.020236084,0.9178811,0.061882865,SI
3139,growing,False,True,intermediate,intermediate,intermediate,0.035776317,0.90979517,0.054428495,SI
3140,growing,True,False,intermediate,intermediate,,0.04857948,0.730119,0.22130156,SI
3141,growing,True,False,intermediate,intermediate,,0.065285474,0.5556186,0.37909594,SI
3142,growing,False,True,intermediate,intermediate,intermediate,0.043873526,0.84146684,0.114659704,SI
3143,growing,False,True,intermediate,intermediate,intermediate,0.12937458,0.82225734,0.04836808,SI
3144,growing,False,True,complex,complex,complex,0.004355115,0.062330976,0.93331397,SZ
3145,growing,False,True,complex,complex,complex,0.0057211537,0.1915399,0.8027389,SZ
3146,growing,False,True,intermediate,intermediate,intermediate,0.009024194,0.6091524,0.38182342,SZ
3147,growing,False,True,intermediate,intermediate,intermediate,0.009950197,0.7264033,0.26364645,SZ
3148,growing,False,True,complex,complex,complex,0.005227242,0.08716057,0.90761214,SZ
3149,growing,False,True,complex,complex,complex,0.0026724797,0.07922173,0.91810584,SZ
3150,growing,False,True,complex,complex,complex,0.0017487401,0.07646133,0.9217899,SZ
3151,growing,False,True,complex,complex,complex,0.011303818,0.084945984,0.90375024,SZ
3152,growing,False,True,complex,complex,complex,0.0043166163,0.18251316,0.81317025,SZ
3153,growing,False,True,complex,complex,complex,0.018927788,0.09171085,0.8893614,SZ
3154,growing,False,True,intermediate,intermediate,intermediate,0.026581945,0.5820542,0.39136386,SZ
3155,growing,False,True,complex,complex,complex,0.009445236,0.12258441,0.86797035,SZ
3156,growing,False,True,complex,complex,complex,0.020824581,0.14329873,0.8358767,SZ
3157,growing,False,False,intermediate,complex,complex,0.0363905,0.062025033,0.9015845,SZ
3158,growing,False,True,complex,complex,complex,0.07124079,0.14297765,0.78578156,TH
3159,growing,False,True,simple,simple,simple,0.8832367,0.04534166,0.07142165,TH
3160,growing,False,True,complex,complex,complex,0.026239336,0.21672435,0.7570363,TH
3161,growing,False,False,,intermediate,intermediate,0.20063986,0.63863605,0.16072409,TH
3162,growing,False,False,complex,intermediate,intermediate,0.19168815,0.598207,0.21010487,TH
3163,growing,False,True,intermediate,intermediate,intermediate,0.01082627,0.7519302,0.23724355,TH
3164,growing,False,False,intermediate,intermediate,intermediate,0.009353654,0.68211627,0.3085301,TH
3165,growing,False,False,complex,intermediate,intermediate,0.25355023,0.45125362,0.29519615,TH
3166,growing,False,True,complex,complex,complex,0.15928161,0.19372486,0.6469936,TH
3167,growing,False,False,complex,complex,complex,0.2351698,0.07758269,0.6872475,TH
3168,growing,False,True,complex,complex,complex,0.03566898,0.10064874,0.86368227,TH
3169,growing,False,True,complex,complex,complex,0.086258516,0.19283508,0.72090644,TH
3170,growing,False,True,complex,complex,complex,0.075636946,0.10656092,0.81780213,TH
3171,growing,False,False,,complex,complex,0.009363367,0.08392532,0.9067113,TH
3172,growing,False,True,complex,complex,complex,0.036487233,0.13100842,0.8325043,TH
3173,growing,False,True,complex,complex,complex,0.019576792,0.12364417,0.85677904,TH
3174,growing,False,False,,complex,complex,0.013652543,0.10245789,0.88388956,TH
3175,growing,False,True,complex,complex,complex,0.00653772,0.05852265,0.93493956,TH
3176,growing,False,True,complex,complex,complex,0.19709104,0.12984352,0.6730654,TH
3177,growing,False,False,intermediate,complex,complex,0.28805146,0.19115461,0.520794,TH
3178,growing,False,True,complex,complex,complex,0.17245801,0.08645952,0.74108243,TR
3179,growing,True,False,complex,intermediate,,0.04549798,0.56143326,0.39306873,TR
3180,growing,False,False,intermediate,complex,complex,0.03489928,0.117707714,0.84739304,TR
3181,growing,False,False,,intermediate,intermediate,0.02036961,0.49713546,0.48249498,TT
3182,growing,False,False,simple,intermediate,intermediate,0.111310184,0.5845824,0.30410743,TT
3183,growing,False,True,intermediate,intermediate,intermediate,0.020616563,0.83491117,0.14447229,TT
3184,growing,False,True,complex,complex,complex,0.016743839,0.3487969,0.63445926,TT
3185,growing,False,True,complex,complex,complex,0.03701175,0.28715867,0.6758295,TT
3186,growing,False,True,complex,complex,complex,0.030361528,0.19649015,0.7731483,TZ
3187,growing,False,True,complex,complex,complex,0.009958505,0.15773115,0.8323104,TZ
3188,growing,False,True,complex,complex,complex,0.0064604515,0.062375184,0.9311643,TZ
3189,growing,False,True,complex,complex,complex,0.003156871,0.053624626,0.94321847,TZ
3190,growing,False,False,complex,complex,complex,0.0067243264,0.092275895,0.9009998,TZ
3191,growing,False,False,,complex,complex,0.0047525936,0.048145887,0.94710153,TZ
3192,growing,False,False,complex,complex,complex,0.0062519265,0.038773756,0.9549743,TZ
3193,growing,False,True,complex,complex,complex,0.014198803,0.056426767,0.92937446,TZ
3194,growing,False,True,complex,complex,complex,0.055528346,0.08516965,0.859302,TZ
3195,growing,False,True,complex,complex,complex,0.14910297,0.2514662,0.59943086,TZ
3196,growing,True,False,complex,complex,,0.026540017,0.16797899,0.805481,TZ
3197,growing,False,True,complex,complex,complex,0.12300487,0.14045922,0.7365359,TZ
3198,growing,False,False,complex,complex,complex,0.12178923,0.34265095,0.53555983,TZ
3199,growing,False,True,complex,complex,complex,0.061785687,0.3135045,0.62470984,TZ
3200,growing,False,True,complex,complex,complex,0.040097382,0.15929855,0.8006041,TZ
3201,growing,False,False,complex,simple,simple,0.88976103,0.026189229,0.08404977,TZ
3202,growing,False,True,complex,complex,complex,0.004190851,0.046445765,0.94936335,TZ
3203,growing,False,False,,complex,complex,0.028814446,0.068206884,0.9029787,TZ
3204,growing,False,True,complex,complex,complex,0.10226921,0.2645621,0.6331687,TZ
3205,growing,False,False,complex,complex,complex,0.3744487,0.24759099,0.37796032,TZ
3206,growing,True,False,intermediate,intermediate,,0.09148377,0.4748112,0.43370506,TZ
3207,growing,False,True,complex,complex,complex,0.048788972,0.3834414,0.56776965,TZ
3208,growing,False,True,complex,complex,complex,0.078177914,0.12386633,0.79795575,TZ
3209,growing,False,True,complex,complex,complex,0.015046471,0.05737304,0.9275804,TZ
3210,growing,False,True,complex,complex,complex,0.24538316,0.053699613,0.7009172,TZ
3211,growing,False,True,complex,complex,complex,0.025105543,0.23485589,0.7400386,TZ
3212,growing,False,True,complex,complex,complex,0.047934428,0.18354969,0.7685158,TZ
3213,growing,False,False,complex,complex,complex,0.17666769,0.1109078,0.7124245,TZ
3214,growing,False,False,complex,complex,complex,0.20939317,0.3717029,0.4189039,TZ
3215,growing,False,False,,intermediate,intermediate,0.03299448,0.4872356,0.4797699,TZ
3216,growing,False,True,complex,complex,complex,0.10029809,0.15870467,0.7409973,TZ
3217,growing,False,True,complex,complex,complex,0.024066899,0.18779844,0.78813463,TZ
3218,growing,True,False,complex,complex,,0.011726442,0.12387758,0.86439604,TZ
3219,growing,False,True,intermediate,intermediate,intermediate,0.016301673,0.5761374,0.40756088,TZ
3220,growing,False,False,complex,complex,complex,0.0465061,0.26761588,0.68587804,TZ
3221,growing,False,True,complex,complex,complex,0.16961865,0.04956409,0.7808173,TZ
3222,growing,False,False,complex,simple,simple,0.68709445,0.0567301,0.25617543,TZ
3223,growing,False,True,complex,complex,complex,0.0866919,0.21400973,0.6992984,TZ
3224,growing,False,True,simple,simple,simple,0.8102173,0.06436014,0.12542251,TZ
3225,growing,False,False,intermediate,complex,complex,0.0052621616,0.4015222,0.59321564,US
3226,growing,False,True,complex,complex,complex,0.0050513996,0.055375274,0.9395733,US
3227,growing,False,False,complex,complex,complex,0.008932016,0.16759424,0.8234737,US
3228,growing,False,True,complex,complex,complex,0.0049938075,0.1492178,0.8457884,US
3229,growing,False,False,complex,complex,complex,0.0029733765,0.09021307,0.9068136,US
3230,growing,False,True,complex,complex,complex,0.0030527925,0.09266838,0.9042789,US
3231,growing,False,True,complex,complex,complex,0.0029291231,0.029048253,0.9680226,US
3232,growing,False,True,complex,complex,complex,0.010293662,0.123260066,0.86644626,US
3233,growing,False,True,complex,complex,complex,0.008581737,0.33157676,0.65984154,US
3234,growing,False,True,complex,complex,complex,0.0050622844,0.16983825,0.82509947,US
3235,growing,False,True,complex,complex,complex,0.0050424533,0.17913847,0.815819,US
3236,growing,False,False,complex,complex,complex,0.005929775,0.13366435,0.86040586,US
3237,growing,False,True,complex,complex,complex,0.003267215,0.1617324,0.83500034,US
3238,growing,False,False,complex,complex,complex,0.010615687,0.17464632,0.814738,US
3239,growing,False,True,complex,complex,complex,0.0021955709,0.0467068,0.95109767,US
3240,growing,False,True,complex,complex,complex,0.002947352,0.114255354,0.88279724,US
3241,growing,False,False,complex,complex,complex,0.004107169,0.09148661,0.9044062,US
3242,growing,False,True,complex,complex,complex,0.006430547,0.22448835,0.76908106,US
3243,growing,False,False,complex,complex,complex,0.07288325,0.21026391,0.7168528,US
3244,growing,False,False,intermediate,intermediate,intermediate,0.029770365,0.538625,0.43160465,US
3245,growing,False,False,complex,intermediate,intermediate,0.025970489,0.6042941,0.36973536,US
3246,growing,False,True,complex,complex,complex,0.0044455254,0.046084736,0.94946975,US
3247,growing,False,True,complex,complex,complex,0.0022021602,0.041064754,0.9567331,US
3248,growing,False,False,intermediate,intermediate,intermediate,0.016094588,0.8224797,0.1614257,US
3249,growing,False,False,intermediate,intermediate,intermediate,0.017486675,0.80252624,0.17998709,US
3250,growing,False,False,complex,complex,complex,0.009890725,0.24760698,0.7425023,US
3251,growing,False,True,complex,complex,complex,0.006253431,0.11016583,0.88358074,US
3252,growing,False,True,complex,complex,complex,0.0025088612,0.11044988,0.8870413,US
3253,growing,False,True,complex,complex,complex,0.0024456608,0.07992051,0.9176338,US
3254,growing,False,True,complex,complex,complex,0.019158268,0.4768973,0.5039444,US
3255,growing,False,True,complex,complex,complex,0.010566289,0.12723526,0.8621985,US
3256,growing,False,True,intermediate,intermediate,intermediate,0.00493586,0.7817308,0.21333335,US
3257,growing,False,True,intermediate,intermediate,intermediate,0.012301447,0.9055696,0.08212895,US
3258,growing,False,True,intermediate,intermediate,intermediate,0.002940115,0.9698121,0.027247744,US
3259,growing,False,True,intermediate,intermediate,intermediate,0.0033427328,0.95592195,0.04073528,US
3260,growing,False,True,intermediate,intermediate,intermediate,0.0028546818,0.9609547,0.036190573,US
3261,growing,False,True,intermediate,intermediate,intermediate,0.009070306,0.9097014,0.08122824,US
3262,growing,False,True,complex,complex,complex,0.005112884,0.25595984,0.7389273,US
3263,growing,False,True,complex,complex,complex,0.008405763,0.10775863,0.88383555,US
3264,growing,False,True,complex,complex,complex,0.005576101,0.14522585,0.8491981,US
3265,growing,False,False,intermediate,intermediate,intermediate,0.0059282724,0.9634216,0.030650198,US
3266,growing,False,True,intermediate,intermediate,intermediate,0.0029918118,0.97377,0.023238203,US
3267,growing,False,True,intermediate,intermediate,intermediate,0.0077703674,0.9212293,0.07100039,US
3268,growing,False,True,intermediate,intermediate,intermediate,0.011974645,0.9167031,0.07132222,US
3269,growing,False,True,intermediate,intermediate,intermediate,0.0055503454,0.95489335,0.03955638,US
3270,growing,False,True,intermediate,intermediate,intermediate,0.0066892393,0.9078627,0.085448064,US
3271,growing,False,False,intermediate,intermediate,intermediate,0.012080898,0.9597,0.028219096,US
3272,growing,False,True,intermediate,intermediate,intermediate,0.035753675,0.89817464,0.06607174,US
3273,growing,False,True,complex,complex,complex,0.0060491418,0.111617416,0.88233346,US
3274,growing,False,True,complex,complex,complex,0.005111985,0.07849454,0.91639346,US
3275,growing,False,True,complex,complex,complex,0.0054902313,0.05154404,0.94296575,US
3276,growing,False,True,complex,complex,complex,0.015124166,0.2785208,0.70635504,US
3277,growing,False,True,intermediate,intermediate,intermediate,0.012799938,0.5707671,0.41643295,US
3278,growing,False,True,complex,complex,complex,0.007697271,0.23293631,0.75936645,US
3279,growing,False,True,complex,complex,complex,0.0038221935,0.07504001,0.92113775,US
3280,growing,False,True,complex,complex,complex,0.004072086,0.13789326,0.85803473,US
3281,growing,False,True,intermediate,intermediate,intermediate,0.005182518,0.76123405,0.23358344,US
3282,growing,False,True,complex,complex,complex,0.0042327195,0.033329856,0.9624374,US
3283,growing,False,True,complex,complex,complex,0.023881014,0.17857811,0.79754084,US
3284,growing,False,True,complex,complex,complex,0.016259728,0.15919048,0.82454985,US
3285,growing,False,True,intermediate,intermediate,intermediate,0.006399291,0.8890843,0.10451639,US
3286,growing,False,True,intermediate,intermediate,intermediate,0.00754965,0.6073802,0.3850701,US
3287,growing,False,True,complex,complex,complex,0.009473799,0.28518403,0.7053421,US
3288,growing,False,True,complex,complex,complex,0.008398695,0.27989268,0.71170866,US
3289,growing,False,False,complex,complex,complex,0.013669307,0.13555276,0.8507779,US
3290,growing,False,True,complex,complex,complex,0.0065078437,0.20774315,0.78574896,US
3291,growing,False,True,intermediate,intermediate,intermediate,0.019617192,0.6591754,0.32120743,US
3292,growing,False,True,intermediate,intermediate,intermediate,0.010034241,0.8935919,0.09637387,US
3293,growing,False,True,complex,complex,complex,0.009110615,0.120776206,0.8701132,US
3294,growing,False,False,,complex,complex,0.016379911,0.14994289,0.8336772,US
3295,growing,False,True,complex,complex,complex,0.012069399,0.2653065,0.7226241,US
3296,growing,False,True,complex,complex,complex,0.007059058,0.046000168,0.9469407,US
3297,growing,False,True,complex,complex,complex,0.008648791,0.14813733,0.8432139,US
3298,growing,False,True,complex,complex,complex,0.018461946,0.17722727,0.8043108,US
3299,growing,False,True,complex,complex,complex,0.0056137824,0.11561532,0.8787709,US
3300,growing,False,True,intermediate,intermediate,intermediate,0.0043014893,0.81843346,0.17726511,US
3301,growing,False,False,intermediate,intermediate,intermediate,0.01605704,0.66020155,0.32374144,US
3302,growing,False,False,intermediate,intermediate,intermediate,0.0076983166,0.83631253,0.1559891,US
3303,growing,False,True,complex,complex,complex,0.011135633,0.20036905,0.78849536,US
3304,growing,False,True,complex,complex,complex,0.010857539,0.2803427,0.7087997,US
3305,growing,False,False,intermediate,intermediate,intermediate,0.005019183,0.5778196,0.41716126,US
3306,growing,False,True,intermediate,intermediate,intermediate,0.004562672,0.94221425,0.053223036,US
3307,growing,False,True,intermediate,intermediate,intermediate,0.01099803,0.8739134,0.11508858,US
3308,growing,False,True,intermediate,intermediate,intermediate,0.026857873,0.870079,0.103063114,US
3309,growing,False,True,complex,complex,complex,0.05211791,0.19172928,0.7561528,US
3310,growing,False,True,intermediate,intermediate,intermediate,0.029436897,0.78401786,0.18654518,US
3311,growing,False,True,intermediate,intermediate,intermediate,0.010954062,0.95867044,0.03037545,US
3312,growing,False,True,intermediate,intermediate,intermediate,0.028929194,0.8595656,0.11150525,US
3313,growing,False,True,intermediate,intermediate,intermediate,0.0065785367,0.7371112,0.2563102,US
3314,growing,False,True,intermediate,intermediate,intermediate,0.01113483,0.82920194,0.15966326,US
3315,growing,False,True,complex,complex,complex,0.022032622,0.24535072,0.73261666,US
3316,growing,False,True,complex,complex,complex,0.017383583,0.32040033,0.6622161,US
3317,growing,False,True,intermediate,intermediate,intermediate,0.018335963,0.8572562,0.12440792,US
3318,growing,False,False,complex,intermediate,intermediate,0.010859858,0.64690596,0.34223422,US
3319,growing,False,True,intermediate,intermediate,intermediate,0.011715139,0.8612054,0.12707944,US
3320,growing,False,True,complex,complex,complex,0.023742737,0.34525743,0.6309998,US
3321,growing,False,True,intermediate,intermediate,intermediate,0.009076431,0.920235,0.070688635,US
3322,growing,False,True,complex,complex,complex,0.004334034,0.2797034,0.7159625,US
3323,growing,False,True,complex,complex,complex,0.0024745187,0.21908587,0.77843964,US
3324,growing,False,True,intermediate,intermediate,intermediate,0.0039108866,0.91256183,0.08352728,US
3325,growing,False,True,intermediate,intermediate,intermediate,0.0075103007,0.9043821,0.08810758,US
3326,growing,False,True,complex,intermediate,intermediate,0.011323696,0.90964943,0.079026885,US
3327,growing,False,True,intermediate,intermediate,intermediate,0.006957801,0.90186393,0.09117826,US
3328,growing,False,True,intermediate,intermediate,intermediate,0.0119496435,0.9183906,0.06965979,US
3329,growing,False,True,intermediate,intermediate,intermediate,0.008635164,0.780827,0.21053782,US
3330,growing,False,True,complex,complex,complex,0.007971456,0.43946284,0.5525657,US
3331,growing,False,True,complex,complex,complex,0.019253192,0.102847286,0.8778995,US
3332,growing,False,True,complex,complex,complex,0.025770176,0.3466339,0.62759596,US
3333,growing,False,True,complex,complex,complex,0.023184687,0.10035567,0.8764596,US
3334,growing,False,True,intermediate,intermediate,intermediate,0.027270257,0.949909,0.02282073,US
3335,growing,False,True,intermediate,intermediate,intermediate,0.023772525,0.84327275,0.13295479,US
3336,growing,False,True,complex,complex,complex,0.040339008,0.30304515,0.65661585,US
3337,growing,False,True,intermediate,intermediate,intermediate,0.08434076,0.7470658,0.16859347,US
3338,growing,False,True,complex,intermediate,intermediate,0.09861203,0.60201985,0.29936808,US
3339,growing,False,True,complex,complex,complex,0.009215021,0.39529684,0.59548813,US
3340,growing,False,True,complex,complex,complex,0.032923117,0.429587,0.5374899,US
3341,growing,False,True,complex,complex,complex,0.023937553,0.16600983,0.81005263,US
3342,growing,False,True,complex,complex,complex,0.0038513169,0.29895538,0.69719326,US
3343,growing,False,False,complex,complex,complex,0.002881884,0.043682028,0.9534361,US
3344,growing,False,True,complex,complex,complex,0.1333927,0.280748,0.58585924,US
3345,growing,False,True,complex,complex,complex,0.013425832,0.101488136,0.885086,US
3346,growing,False,False,complex,complex,complex,0.25906685,0.32658282,0.4143504,US
3347,growing,False,True,complex,complex,complex,0.040116888,0.24604566,0.71383744,US
3348,growing,False,True,complex,complex,complex,0.01369632,0.0678897,0.918414,US
3349,growing,False,True,complex,complex,complex,0.00423696,0.11190513,0.8838579,US
3350,growing,False,True,complex,complex,complex,0.0047541424,0.15326765,0.84197825,US
3351,growing,False,False,complex,complex,complex,0.011128169,0.22302066,0.76585114,US
3352,growing,False,True,complex,complex,complex,0.023214355,0.051696837,0.92508876,US
3353,growing,False,True,complex,complex,complex,0.03349609,0.1909772,0.7755267,US
3354,growing,False,True,complex,intermediate,intermediate,0.02478488,0.59926325,0.37595186,US
3355,growing,False,True,complex,complex,complex,0.113844655,0.2907682,0.5953871,US
3356,growing,False,True,intermediate,intermediate,intermediate,0.0045597963,0.8146414,0.18079881,US
3357,growing,False,True,complex,intermediate,intermediate,0.006148359,0.69401,0.29984167,US
3358,growing,False,True,intermediate,intermediate,intermediate,0.003012257,0.9280671,0.0689207,US
3359,growing,False,True,intermediate,intermediate,intermediate,0.003550131,0.8978655,0.09858443,US
3360,growing,False,False,complex,complex,complex,0.004971659,0.1451325,0.84989583,US
3361,growing,False,True,complex,complex,complex,0.030352276,0.019263819,0.9503839,US
3362,growing,False,False,complex,complex,complex,0.0021019364,0.04900527,0.9488928,US
3363,growing,False,True,complex,complex,complex,0.0047508874,0.020711407,0.9745377,US
3364,growing,False,True,complex,complex,complex,0.005323272,0.035314623,0.95936215,US
3365,growing,False,True,complex,intermediate,intermediate,0.12515534,0.45378286,0.42106184,US
3366,growing,False,True,intermediate,intermediate,intermediate,0.030997846,0.8061647,0.16283746,US
3367,growing,False,True,complex,complex,complex,0.005458201,0.14952344,0.8450184,US
3368,growing,False,True,intermediate,intermediate,intermediate,0.03896682,0.68497825,0.27605498,US
3369,growing,False,True,complex,complex,complex,0.0043061967,0.14749049,0.84820336,US
3370,growing,False,False,complex,simple,simple,0.46289724,0.23650558,0.30059722,US
3371,growing,False,True,complex,complex,complex,0.009283964,0.45570108,0.5350149,US
3372,growing,False,True,complex,intermediate,intermediate,0.0101990495,0.656954,0.33284697,US
3373,growing,False,False,complex,intermediate,intermediate,0.013271503,0.5911959,0.39553258,US
3374,growing,False,True,complex,complex,complex,0.0084195165,0.18943083,0.8021496,US
3375,growing,False,False,complex,complex,complex,0.015113018,0.46625853,0.5186284,US
3376,growing,False,True,complex,complex,complex,0.004699296,0.096936814,0.8983638,US
3377,growing,False,True,complex,complex,complex,0.007958875,0.22067498,0.7713661,US
3378,growing,False,True,complex,complex,complex,0.006297378,0.17962396,0.8140787,US
3379,growing,False,True,complex,complex,complex,0.025661318,0.1403276,0.834011,US
3380,growing,False,True,intermediate,intermediate,intermediate,0.003324848,0.747945,0.24873015,US
3381,growing,False,True,complex,complex,complex,0.010823039,0.2224967,0.76668024,US
3382,growing,False,True,complex,complex,complex,0.0053167017,0.20127214,0.79341114,US
3383,growing,False,True,complex,intermediate,intermediate,0.018367702,0.5968221,0.38481027,US
3384,growing,False,True,complex,complex,complex,0.01642906,0.080843806,0.9027271,US
3385,growing,False,True,complex,complex,complex,0.0038283777,0.04806591,0.9481057,US
3386,growing,False,True,complex,complex,complex,0.004285062,0.07534345,0.9203715,US
3387,growing,False,True,complex,complex,complex,0.007345454,0.08625363,0.9064009,US
3388,growing,False,True,complex,complex,complex,0.0025754708,0.05894459,0.93847996,US
3389,growing,False,True,complex,complex,complex,0.0045402916,0.03270882,0.96275085,US
3390,growing,False,False,complex,complex,complex,0.0023318012,0.038105816,0.9595624,US
3391,growing,False,False,complex,complex,complex,0.003861269,0.069488525,0.9266502,US
3392,growing,False,False,complex,complex,complex,0.012650845,0.22715858,0.7601906,US
3393,growing,False,True,complex,complex,complex,0.0018932174,0.03003908,0.96806777,US
3394,growing,False,False,intermediate,complex,complex,0.0027288408,0.037953176,0.9593179,US
3395,growing,False,True,complex,complex,complex,0.0024525346,0.067001745,0.9305457,US
3396,growing,False,True,complex,complex,complex,0.005800788,0.26664823,0.727551,US
3397,growing,False,True,complex,complex,complex,0.0030043118,0.04181798,0.9551778,US
3398,growing,False,True,complex,complex,complex,0.003424495,0.069454975,0.92712057,US
3399,growing,False,True,complex,complex,complex,0.012657,0.06500968,0.92233336,US
3400,growing,False,True,complex,complex,complex,0.00545416,0.47234228,0.52220356,US
3401,growing,False,True,complex,complex,complex,0.0028611457,0.053482804,0.9436561,US
3402,growing,False,False,complex,complex,complex,0.004287826,0.063304774,0.9324074,US
3403,growing,False,True,complex,complex,complex,0.006696833,0.19245431,0.8008489,US
3404,growing,False,True,complex,complex,complex,0.0043486543,0.07892501,0.91672635,US
3405,growing,False,True,complex,complex,complex,0.004471409,0.21117654,0.784352,US
3406,growing,False,True,complex,complex,complex,0.004695461,0.09490544,0.9003991,US
3407,growing,False,True,complex,complex,complex,0.0028998908,0.039132085,0.95796806,US
3408,growing,False,True,complex,complex,complex,0.009180027,0.25468832,0.7361317,US
3409,growing,False,True,complex,complex,complex,0.0074199317,0.06823737,0.9243427,US
3410,growing,False,True,intermediate,intermediate,intermediate,0.0068418058,0.7255273,0.2676309,US
3411,growing,False,False,complex,complex,complex,0.008388686,0.1291796,0.86243176,US
3412,growing,False,False,complex,complex,complex,0.009711358,0.04979423,0.94049436,US
3413,growing,False,True,complex,complex,complex,0.022790173,0.007882603,0.9693272,US
3414,growing,False,True,complex,complex,complex,0.009812252,0.05213306,0.9380546,US
3415,growing,False,True,complex,complex,complex,0.005061051,0.115399316,0.8795396,US
3416,growing,False,True,complex,complex,complex,0.027341917,0.027378919,0.9452792,US
3417,growing,False,True,complex,complex,complex,0.050328616,0.084464416,0.86520696,US
3418,growing,False,True,complex,complex,complex,0.019131508,0.13084117,0.8500274,US
3419,growing,False,True,complex,complex,complex,0.032449353,0.13712174,0.83042896,US
3420,growing,False,True,complex,complex,complex,0.011455407,0.16978973,0.8187549,US
3421,growing,False,False,complex,complex,complex,0.008378035,0.065733254,0.9258887,US
3422,growing,False,False,complex,complex,complex,0.012246153,0.19145532,0.7962985,US
3423,growing,False,False,complex,complex,complex,0.02606192,0.36708504,0.60685307,US
3424,growing,False,True,complex,complex,complex,0.040274333,0.037933208,0.92179245,US
3425,growing,False,True,complex,complex,complex,0.015859948,0.13267177,0.8514683,US
3426,growing,False,False,complex,complex,complex,0.035897426,0.08590331,0.8781993,US
3427,growing,False,True,complex,complex,complex,0.028057178,0.123118296,0.8488245,US
3428,growing,False,False,intermediate,intermediate,intermediate,0.016155586,0.60820585,0.37563854,US
3429,growing,False,False,intermediate,intermediate,intermediate,0.02367856,0.627667,0.3486544,US
3430,growing,False,True,intermediate,intermediate,intermediate,0.013487633,0.87609416,0.11041817,US
3431,growing,False,False,intermediate,intermediate,intermediate,0.06084458,0.6279547,0.31120065,US
3432,growing,False,True,simple,simple,simple,0.6616257,0.15058714,0.18778715,US
3433,growing,False,True,intermediate,intermediate,intermediate,0.024863835,0.83435875,0.14077742,US
3434,growing,False,True,intermediate,intermediate,intermediate,0.016071241,0.87976724,0.10416154,US
3435,growing,False,True,intermediate,intermediate,intermediate,0.010279235,0.8662802,0.12344051,US
3436,growing,False,True,complex,complex,complex,0.014882641,0.20323093,0.78188646,US
3437,growing,False,False,intermediate,intermediate,intermediate,0.012160765,0.5502296,0.4376096,US
3438,growing,False,True,complex,complex,complex,0.0061470787,0.27821773,0.7156352,US
3439,growing,False,True,complex,complex,complex,0.013592753,0.18222477,0.80418247,US
3440,growing,False,True,complex,intermediate,intermediate,0.020109428,0.75279766,0.22709294,US
3441,growing,False,True,intermediate,intermediate,intermediate,0.0316159,0.8506039,0.11778024,US
3442,growing,False,True,intermediate,intermediate,intermediate,0.019546852,0.8522148,0.12823828,US
3443,growing,False,False,complex,intermediate,intermediate,0.0705785,0.5460414,0.3833801,US
3444,growing,False,True,complex,intermediate,intermediate,0.1093574,0.47567934,0.4149633,US
3445,growing,False,True,complex,complex,complex,0.014845632,0.3176116,0.66754276,US
3446,growing,False,True,intermediate,intermediate,intermediate,0.010909677,0.94056,0.048530325,US
3447,growing,False,True,intermediate,intermediate,intermediate,0.036608085,0.7288917,0.23450024,US
3448,growing,False,False,complex,complex,complex,0.01225069,0.22767802,0.7600713,US
3449,growing,False,True,complex,complex,complex,0.012577381,0.37202892,0.61539376,US
3450,growing,False,False,intermediate,complex,complex,0.027449785,0.35684028,0.6157099,US
3451,growing,False,False,complex,complex,complex,0.008522876,0.22990799,0.76156914,US
3452,growing,False,False,complex,complex,complex,0.016914394,0.2200726,0.763013,US
3453,growing,False,True,complex,complex,complex,0.030844692,0.21300645,0.7561489,US
3454,growing,False,True,complex,complex,complex,0.006855128,0.061912984,0.9312319,US
3455,growing,False,True,complex,complex,complex,0.00944985,0.10662543,0.8839247,US
3456,growing,False,True,complex,complex,complex,0.007891501,0.11656728,0.87554127,US
3457,growing,False,True,intermediate,intermediate,intermediate,0.01245172,0.94455945,0.042988867,US
3458,growing,False,True,intermediate,intermediate,intermediate,0.020269636,0.9577201,0.02201031,US
3459,growing,False,True,intermediate,intermediate,intermediate,0.042251777,0.9123669,0.045381326,US
3460,growing,False,True,intermediate,intermediate,intermediate,0.01798698,0.820779,0.16123399,US
3461,growing,True,False,intermediate,complex,,0.034820233,0.22088315,0.74429667,US
3462,growing,False,False,intermediate,intermediate,intermediate,0.08271,0.580638,0.33665207,US
3463,growing,False,True,simple,simple,simple,0.88650084,0.091457896,0.022041252,US
3464,growing,False,True,intermediate,intermediate,intermediate,0.07517048,0.8969389,0.027890565,US
3465,growing,False,True,complex,complex,complex,0.025444353,0.16085568,0.81369996,US
3466,growing,False,True,intermediate,intermediate,intermediate,0.030419737,0.8585581,0.11102213,US
3467,growing,False,True,complex,complex,complex,0.35968953,0.21709748,0.42321303,US
3468,growing,False,True,intermediate,intermediate,intermediate,0.057944424,0.895296,0.04675965,US
3469,growing,True,False,intermediate,intermediate,,0.026000932,0.81224895,0.16175015,US
3470,growing,True,False,intermediate,complex,,0.050247647,0.27317297,0.6765794,US
3471,growing,False,True,intermediate,intermediate,intermediate,0.031178456,0.8926429,0.07617863,US
3472,growing,True,False,intermediate,intermediate,,0.029238824,0.7695735,0.20118767,US
3473,growing,True,False,intermediate,intermediate,,0.037926406,0.75263345,0.20944011,US
3474,growing,False,True,complex,complex,complex,0.038301423,0.4647281,0.49697053,US
3475,growing,False,True,complex,complex,complex,0.0158886,0.3037092,0.6804022,US
3476,growing,False,True,complex,complex,complex,0.02213946,0.18282704,0.7950335,US
3477,growing,False,True,intermediate,intermediate,intermediate,0.011682342,0.93759185,0.050725855,US
3478,growing,False,False,intermediate,intermediate,intermediate,0.009195436,0.89199495,0.09880961,US
3479,growing,False,True,intermediate,intermediate,intermediate,0.019080052,0.9054878,0.07543217,US
3480,growing,False,True,complex,complex,complex,0.015613405,0.17981167,0.8045749,US
3481,growing,False,True,complex,complex,complex,0.02153583,0.4570768,0.52138734,US
3482,growing,False,True,intermediate,intermediate,intermediate,0.06404947,0.91049665,0.02545384,US
3483,growing,False,False,intermediate,intermediate,intermediate,0.026688835,0.8939103,0.07940085,US
3484,growing,False,True,intermediate,intermediate,intermediate,0.018919509,0.87801456,0.10306597,US
3485,growing,False,False,intermediate,intermediate,intermediate,0.03841644,0.79955184,0.16203165,US
3486,growing,False,True,complex,complex,complex,0.016910048,0.3312219,0.65186805,US
3487,growing,False,False,intermediate,intermediate,intermediate,0.01406657,0.9090163,0.07691707,US
3488,growing,False,True,complex,complex,complex,0.016439164,0.09989772,0.8836631,US
3489,growing,False,False,complex,complex,complex,0.027338056,0.20313935,0.7695226,US
3490,growing,False,True,intermediate,intermediate,intermediate,0.018035661,0.61428857,0.36767578,US
3491,growing,False,True,intermediate,intermediate,intermediate,0.020169694,0.90530485,0.074525446,US
3492,growing,False,True,complex,complex,complex,0.010159379,0.106510684,0.8833299,US
3493,growing,True,False,intermediate,complex,,0.014948135,0.3859732,0.59907866,US
3494,growing,False,True,complex,complex,complex,0.012210476,0.2981232,0.68966633,US
3495,growing,False,True,complex,complex,complex,0.003173855,0.06117702,0.9356491,US
3496,growing,False,True,complex,complex,complex,0.0042658243,0.15516649,0.84056765,US
3497,growing,False,True,complex,complex,complex,0.00356613,0.1436598,0.8527741,US
3498,growing,False,True,complex,complex,complex,0.0132974945,0.15359375,0.8331088,US
3499,growing,False,True,complex,complex,complex,0.0045219515,0.12106624,0.8744118,US
3500,growing,False,True,complex,complex,complex,0.0048332335,0.09170972,0.9034571,US
3501,growing,False,True,complex,complex,complex,0.007311868,0.14743106,0.8452571,US
3502,growing,False,True,intermediate,intermediate,intermediate,0.0046059364,0.9106259,0.08476824,US
3503,growing,False,True,intermediate,intermediate,intermediate,0.006467235,0.7930543,0.20047845,US
3504,growing,False,False,intermediate,complex,complex,0.013388063,0.3146833,0.6719286,US
3505,growing,False,False,complex,complex,complex,0.016364278,0.18823786,0.7953979,US
3506,growing,False,False,,complex,complex,0.03136973,0.4487319,0.5198984,US
3507,growing,False,True,complex,complex,complex,0.010817727,0.09213919,0.8970431,US
3508,growing,False,True,intermediate,intermediate,intermediate,0.0056943754,0.8575661,0.13673949,US
3509,growing,False,False,complex,complex,complex,0.013292738,0.28662854,0.7000787,US
3510,growing,False,False,,complex,complex,0.0433304,0.37341288,0.5832567,US
3511,growing,False,True,complex,complex,complex,0.031842746,0.223185,0.7449722,US
3512,growing,False,True,intermediate,intermediate,intermediate,0.009534563,0.86165863,0.12880681,US
3513,growing,False,True,complex,complex,complex,0.01646486,0.20531572,0.77821946,US
3514,growing,False,True,complex,complex,complex,0.007212014,0.32460466,0.6681833,US
3515,growing,False,True,complex,complex,complex,0.01487039,0.091373265,0.8937564,US
3516,growing,False,True,intermediate,intermediate,intermediate,0.006893107,0.64068735,0.35241953,US
3517,growing,False,True,complex,complex,complex,0.010594778,0.17172562,0.81767964,US
3518,growing,False,False,,complex,complex,0.014666054,0.2749622,0.71037173,US
3519,growing,False,True,complex,complex,complex,0.02937103,0.29619375,0.67443526,US
3520,growing,False,True,complex,complex,complex,0.0048302175,0.09973247,0.8954373,US
3521,growing,False,True,complex,complex,complex,0.004496151,0.094861284,0.9006425,US
3522,growing,False,True,complex,complex,complex,0.012493188,0.26732656,0.7201802,US
3523,growing,False,True,complex,complex,complex,0.03994789,0.21942538,0.74062675,US
3524,growing,False,True,complex,complex,complex,0.010114071,0.19772384,0.7921621,US
3525,growing,False,False,complex,complex,complex,0.011256215,0.38895297,0.5997908,US
3526,growing,False,True,complex,complex,complex,0.01123022,0.45743418,0.5313356,US
3527,growing,False,True,complex,intermediate,intermediate,0.011773226,0.67353237,0.31469437,US
3528,growing,False,True,intermediate,intermediate,intermediate,0.0069725853,0.9630559,0.02997152,US
3529,growing,False,False,intermediate,intermediate,intermediate,0.014744276,0.9579149,0.027340839,US
3530,growing,False,True,intermediate,intermediate,intermediate,0.026108311,0.8872423,0.08664943,US
3531,growing,False,True,complex,intermediate,intermediate,0.005788774,0.5422398,0.45197144,US
3532,growing,False,True,complex,complex,complex,0.008075333,0.30424002,0.6876846,US
3533,growing,False,True,intermediate,intermediate,intermediate,0.010742055,0.7382463,0.2510116,US
3534,growing,False,True,complex,intermediate,intermediate,0.008319956,0.6235414,0.3681386,US
3535,growing,False,True,intermediate,intermediate,intermediate,0.009780529,0.8516874,0.1385321,US
3536,growing,False,False,complex,intermediate,intermediate,0.0053141783,0.843607,0.15107876,US
3537,growing,False,True,intermediate,intermediate,intermediate,0.014530125,0.9276109,0.05785893,US
3538,growing,False,True,intermediate,intermediate,intermediate,0.006937343,0.84733695,0.14572568,US
3539,growing,False,True,complex,complex,complex,0.012864142,0.48129675,0.5058391,US
3540,growing,False,True,complex,intermediate,intermediate,0.016806563,0.6377881,0.34540534,US
3541,growing,False,True,intermediate,intermediate,intermediate,0.006139504,0.84411186,0.14974861,US
3542,growing,False,True,intermediate,intermediate,intermediate,0.005945043,0.8983616,0.095693365,US
3543,growing,False,True,intermediate,intermediate,intermediate,0.0061427844,0.8111941,0.18266307,US
3544,growing,False,True,intermediate,intermediate,intermediate,0.00823016,0.8877061,0.104063764,US
3545,growing,False,True,complex,complex,complex,0.01701207,0.27518418,0.7078038,US
3546,growing,False,True,intermediate,intermediate,intermediate,0.0066971225,0.9422479,0.05105501,US
3547,growing,False,True,intermediate,intermediate,intermediate,0.00446344,0.91339004,0.08214648,US
3548,growing,False,True,intermediate,intermediate,intermediate,0.008568033,0.9377417,0.053690266,US
3549,growing,False,False,intermediate,intermediate,intermediate,0.016295753,0.91087306,0.07283114,US
3550,growing,False,False,intermediate,intermediate,intermediate,0.03813907,0.8379249,0.12393599,US
3551,growing,False,True,intermediate,intermediate,intermediate,0.023051707,0.8077231,0.16922519,US
3552,growing,False,False,intermediate,intermediate,intermediate,0.004792406,0.9648806,0.030327015,US
3553,growing,False,True,intermediate,intermediate,intermediate,0.007504323,0.9357094,0.05678621,US
3554,growing,False,False,complex,intermediate,intermediate,0.0072004306,0.5818769,0.41092274,US
3555,growing,False,True,complex,complex,complex,0.01784463,0.4452099,0.53694546,US
3556,growing,False,True,complex,intermediate,intermediate,0.010443766,0.5342526,0.45530364,US
3557,growing,False,True,intermediate,intermediate,intermediate,0.018104501,0.8109206,0.17097493,US
3558,growing,False,False,complex,intermediate,intermediate,0.01842981,0.5621615,0.41940868,US
3559,growing,False,True,complex,complex,complex,0.04343298,0.38118845,0.57537854,US
3560,growing,False,False,intermediate,complex,complex,0.016894896,0.26197556,0.72112954,US
3561,growing,False,True,intermediate,intermediate,intermediate,0.008908437,0.9541456,0.036945883,US
3562,growing,False,True,intermediate,intermediate,intermediate,0.018812349,0.9036023,0.07758542,US
3563,growing,False,True,complex,intermediate,intermediate,0.011507734,0.6404237,0.34806857,US
3564,growing,False,True,complex,complex,complex,0.01172574,0.3515961,0.6366782,US
3565,growing,False,False,intermediate,complex,complex,0.009195853,0.3083544,0.68244976,US
3566,growing,False,True,intermediate,intermediate,intermediate,0.016881842,0.77749753,0.20562068,US
3567,growing,False,True,intermediate,intermediate,intermediate,0.01236563,0.7604108,0.22722358,US
3568,growing,False,True,complex,complex,complex,0.012230427,0.22683181,0.7609378,US
3569,growing,False,True,intermediate,intermediate,intermediate,0.013695571,0.80393344,0.18237098,US
3570,growing,False,True,intermediate,intermediate,intermediate,0.014602936,0.6734106,0.31198645,US
3571,growing,False,False,complex,complex,complex,0.011099239,0.37464136,0.61425936,US
3572,growing,False,True,complex,complex,complex,0.032934297,0.24254431,0.7245214,US
3573,growing,False,True,intermediate,intermediate,intermediate,0.04467229,0.7704299,0.18489781,US
3574,growing,False,True,complex,complex,complex,0.04413285,0.39041096,0.5654562,US
3575,growing,False,True,complex,intermediate,intermediate,0.0118432185,0.513879,0.4742778,US
3576,growing,False,True,intermediate,intermediate,intermediate,0.0065343305,0.84487575,0.14858991,US
3577,growing,False,True,intermediate,intermediate,intermediate,0.009566878,0.6959399,0.29449323,US
3578,growing,False,False,intermediate,intermediate,intermediate,0.013089262,0.8196259,0.16728479,US
3579,growing,False,True,intermediate,intermediate,intermediate,0.0039946153,0.8722688,0.12373665,US
3580,growing,False,False,complex,complex,complex,0.010109302,0.41856962,0.57132107,US
3581,growing,False,False,intermediate,intermediate,intermediate,0.00765382,0.788616,0.2037302,US
3582,growing,False,True,intermediate,intermediate,intermediate,0.009503677,0.90135837,0.089137904,US
3583,growing,False,True,intermediate,intermediate,intermediate,0.004583687,0.9204234,0.07499289,US
3584,growing,False,True,intermediate,intermediate,intermediate,0.005074521,0.9388331,0.05609241,US
3585,growing,False,False,intermediate,intermediate,intermediate,0.028213136,0.72374773,0.24803917,US
3586,growing,False,True,complex,intermediate,intermediate,0.020707406,0.54679024,0.4325023,US
3587,growing,False,True,complex,complex,complex,0.007437946,0.2738157,0.71874636,US
3588,growing,False,True,complex,complex,complex,0.009808975,0.2929968,0.6971943,US
3589,growing,False,True,complex,complex,complex,0.009302778,0.31764975,0.6730474,US
3590,growing,False,True,complex,complex,complex,0.0066790404,0.12981282,0.86350816,US
3591,growing,False,True,complex,intermediate,intermediate,0.024781277,0.61918235,0.35603637,US
3592,growing,False,True,simple,intermediate,intermediate,0.41548595,0.44479552,0.13971847,US
3593,growing,False,True,intermediate,intermediate,intermediate,0.019750433,0.8301193,0.15013024,US
3594,growing,False,True,intermediate,intermediate,intermediate,0.014659662,0.87971485,0.10562544,US
3595,growing,False,False,complex,intermediate,intermediate,0.12893489,0.6501939,0.2208712,US
3596,growing,False,False,complex,intermediate,intermediate,0.014261349,0.7008438,0.2848948,US
3597,growing,False,True,intermediate,intermediate,intermediate,0.037546273,0.8239508,0.13850293,US
3598,growing,False,True,complex,intermediate,intermediate,0.038563542,0.56439775,0.39703873,US
3599,growing,False,True,complex,complex,complex,0.011187066,0.34432542,0.6444875,US
3600,growing,False,True,complex,complex,complex,0.00690879,0.15409528,0.83899593,US
3601,growing,False,True,intermediate,intermediate,intermediate,0.008905321,0.8060932,0.18500154,US
3602,growing,False,True,intermediate,intermediate,intermediate,0.008532411,0.8872838,0.10418384,US
3603,growing,False,True,intermediate,intermediate,intermediate,0.04071764,0.8730188,0.086263545,US
3604,growing,False,False,intermediate,complex,complex,0.018900145,0.30653343,0.67456645,US
3605,growing,False,True,complex,complex,complex,0.018716402,0.33434844,0.64693516,US
3606,growing,False,True,complex,intermediate,intermediate,0.019072732,0.56053644,0.42039084,US
3607,growing,False,True,intermediate,intermediate,intermediate,0.017965369,0.8076974,0.17433718,US
3608,growing,False,True,intermediate,intermediate,intermediate,0.0065869414,0.87982863,0.1135844,US
3609,growing,False,True,intermediate,intermediate,intermediate,0.013565588,0.9026708,0.083763674,US
3610,growing,False,True,intermediate,intermediate,intermediate,0.0153073,0.81081676,0.17387599,US
3611,growing,False,True,intermediate,intermediate,intermediate,0.010264746,0.70378256,0.2859527,US
3612,growing,False,True,intermediate,intermediate,intermediate,0.01847577,0.9196694,0.061854817,US
3613,growing,False,True,intermediate,intermediate,intermediate,0.0044587962,0.82697976,0.16856149,US
3614,growing,False,True,intermediate,intermediate,intermediate,0.0049701137,0.89998907,0.095040835,US
3615,growing,False,True,intermediate,intermediate,intermediate,0.012506509,0.7695465,0.21794702,US
3616,growing,False,True,complex,intermediate,intermediate,0.019739196,0.6129403,0.3673205,US
3617,growing,False,True,intermediate,intermediate,intermediate,0.013174131,0.81824625,0.1685796,US
3618,growing,False,False,intermediate,intermediate,intermediate,0.012973748,0.8724878,0.11453847,US
3619,growing,False,True,complex,intermediate,intermediate,0.0040763537,0.6639584,0.3319653,US
3620,growing,False,True,intermediate,intermediate,intermediate,0.010744694,0.8945646,0.0946907,US
3621,growing,False,False,intermediate,intermediate,intermediate,0.011092306,0.8497118,0.13919589,US
3622,growing,False,False,intermediate,intermediate,intermediate,0.010913725,0.8877934,0.101292826,US
3623,growing,False,True,complex,intermediate,intermediate,0.028578958,0.6063925,0.36502856,US
3624,growing,False,False,intermediate,intermediate,intermediate,0.008991991,0.92724925,0.06375877,US
3625,growing,False,True,intermediate,intermediate,intermediate,0.009067552,0.93334657,0.05758594,US
3626,growing,False,True,intermediate,intermediate,intermediate,0.0067526856,0.9168339,0.07641349,US
3627,growing,False,True,intermediate,intermediate,intermediate,0.017929865,0.8523676,0.12970255,US
3628,growing,False,True,complex,intermediate,intermediate,0.010492058,0.5227832,0.46672475,US
3629,growing,False,True,complex,intermediate,intermediate,0.010075287,0.5831719,0.40675285,US
3630,growing,False,True,intermediate,intermediate,intermediate,0.008210557,0.8673094,0.124479994,US
3631,growing,False,False,intermediate,complex,complex,0.02193661,0.29790363,0.68015975,US
3632,growing,False,True,intermediate,intermediate,intermediate,0.0045587975,0.8134868,0.18195434,US
3633,growing,False,False,intermediate,intermediate,intermediate,0.030975733,0.7632033,0.20582096,US
3634,growing,False,True,intermediate,intermediate,intermediate,0.004239765,0.836019,0.15974124,US
3635,growing,False,True,complex,intermediate,intermediate,0.0059877047,0.6011782,0.392834,US
3636,growing,False,False,complex,intermediate,intermediate,0.006340088,0.8173913,0.17626864,US
3637,growing,False,True,complex,complex,complex,0.013420073,0.47235614,0.51422375,US
3638,growing,False,True,intermediate,intermediate,intermediate,0.006614015,0.92298204,0.07040393,US
3639,growing,False,True,intermediate,intermediate,intermediate,0.0065455064,0.79627633,0.19717811,US
3640,growing,False,True,complex,complex,complex,0.018177046,0.31408596,0.66773695,US
3641,growing,False,True,intermediate,intermediate,intermediate,0.008580828,0.7208393,0.2705799,US
3642,growing,False,True,complex,complex,complex,0.006040656,0.17178275,0.82217664,US
3643,growing,False,True,complex,complex,complex,0.010098942,0.42341793,0.56648314,US
3644,growing,False,True,complex,complex,complex,0.008675515,0.36364695,0.6276775,US
3645,growing,False,True,intermediate,intermediate,intermediate,0.0061923047,0.84151113,0.15229657,US
3646,growing,False,True,intermediate,intermediate,intermediate,0.023697408,0.7646781,0.21162443,US
3647,growing,False,True,complex,complex,complex,0.015113845,0.30409116,0.680795,US
3648,growing,False,True,complex,complex,complex,0.012369769,0.11186141,0.87576884,US
3649,growing,False,True,complex,complex,complex,0.006835102,0.22380465,0.76936024,US
3650,growing,False,True,intermediate,intermediate,intermediate,0.005801261,0.62364024,0.3705585,US
3651,growing,False,False,complex,complex,complex,0.028204082,0.44295922,0.52883667,US
3652,growing,False,True,complex,complex,complex,0.030454569,0.18419102,0.78535444,US
3653,growing,False,False,complex,intermediate,intermediate,0.017330859,0.5114214,0.47124773,US
3654,growing,False,False,complex,complex,complex,0.0048175203,0.23845156,0.7567309,US
3655,growing,False,True,intermediate,intermediate,intermediate,0.009225679,0.84795016,0.14282417,US
3656,growing,False,True,complex,complex,complex,0.0055108247,0.077210106,0.91727906,US
3657,growing,False,True,complex,complex,complex,0.009192732,0.27407724,0.71673,US
3658,growing,False,True,complex,complex,complex,0.015629241,0.23695259,0.74741817,US
3659,growing,False,True,complex,complex,complex,0.017339429,0.2621622,0.7204984,US
3660,growing,False,True,intermediate,intermediate,intermediate,0.007487049,0.67816055,0.31435242,US
3661,growing,False,False,complex,complex,complex,0.027860934,0.2140249,0.75811416,US
3662,growing,False,True,intermediate,intermediate,intermediate,0.021568986,0.64903027,0.32940075,US
3663,growing,False,False,intermediate,complex,complex,0.04848899,0.17398758,0.7775234,US
3664,growing,False,True,complex,complex,complex,0.007762641,0.3360853,0.65615207,US
3665,growing,False,True,intermediate,intermediate,intermediate,0.0065149823,0.8972308,0.0962542,US
3666,growing,False,False,complex,complex,complex,0.011610947,0.25843853,0.7299505,US
3667,growing,False,True,intermediate,intermediate,intermediate,0.00535393,0.9075228,0.08712322,US
3668,growing,False,True,complex,intermediate,intermediate,0.00635187,0.6999326,0.29371554,US
3669,growing,False,True,complex,complex,complex,0.044595312,0.44637993,0.50902474,US
3670,growing,False,True,intermediate,intermediate,intermediate,0.010855512,0.7996045,0.18954006,US
3671,growing,False,True,complex,complex,complex,0.009322638,0.26922235,0.72145504,US
3672,growing,False,True,complex,complex,complex,0.004240062,0.25548825,0.7402717,US
3673,growing,False,False,intermediate,complex,complex,0.019091018,0.41379115,0.5671178,US
3674,growing,False,True,intermediate,intermediate,intermediate,0.012927482,0.9064239,0.08064865,US
3675,growing,False,True,intermediate,intermediate,intermediate,0.00876078,0.73704916,0.25419006,US
3676,growing,False,True,intermediate,intermediate,intermediate,0.0059229317,0.87347806,0.12059898,US
3677,growing,False,True,intermediate,intermediate,intermediate,0.0042948266,0.8279893,0.16771585,US
3678,growing,False,True,intermediate,intermediate,intermediate,0.0075676013,0.8634931,0.12893933,US
3679,growing,False,True,complex,complex,complex,0.016429584,0.11446255,0.86910784,US
3680,growing,False,True,complex,complex,complex,0.029013138,0.19815949,0.7728273,US
3681,growing,False,True,complex,complex,complex,0.00836004,0.15157667,0.8400633,US
3682,growing,False,True,complex,complex,complex,0.02334463,0.24424541,0.73240995,US
3683,growing,False,True,intermediate,intermediate,intermediate,0.026197359,0.849284,0.12451869,US
3684,growing,False,True,intermediate,intermediate,intermediate,0.0092676245,0.913072,0.07766039,US
3685,growing,False,True,intermediate,intermediate,intermediate,0.0035053296,0.92457306,0.07192165,US
3686,growing,False,True,complex,complex,complex,0.004141857,0.24177095,0.7540872,US
3687,growing,False,True,complex,complex,complex,0.0052183135,0.12498223,0.8697995,US
3688,growing,False,True,complex,complex,complex,0.006429422,0.28111878,0.71245176,US
3689,growing,False,True,complex,complex,complex,0.006454693,0.34755686,0.64598846,US
3690,growing,False,True,complex,complex,complex,0.018192772,0.49011448,0.49169275,US
3691,growing,False,True,complex,complex,complex,0.014307424,0.14220232,0.8434903,US
3692,growing,False,False,complex,complex,complex,0.0044140173,0.054086044,0.94149995,US
3693,growing,False,True,intermediate,intermediate,intermediate,0.009339724,0.6976746,0.2929857,US
3694,growing,False,False,complex,complex,complex,0.035482697,0.33093542,0.6335819,US
3695,growing,False,False,complex,intermediate,intermediate,0.010185028,0.81244385,0.17737108,US
3696,growing,False,True,intermediate,intermediate,intermediate,0.010317252,0.85360146,0.13608123,US
3697,growing,False,True,complex,complex,complex,0.011558345,0.3940393,0.5944024,US
3698,growing,False,True,intermediate,intermediate,intermediate,0.0076199775,0.6969433,0.29543677,US
3699,growing,False,False,complex,complex,complex,0.026733091,0.20929289,0.763974,US
3700,growing,False,True,complex,complex,complex,0.010134679,0.19688772,0.79297763,US
3701,growing,False,True,complex,complex,complex,0.006433955,0.29510784,0.6984582,US
3702,growing,False,False,complex,complex,complex,0.006328872,0.39362463,0.6000465,US
3703,growing,False,True,complex,complex,complex,0.0065193824,0.22338156,0.77009904,US
3704,growing,False,True,complex,complex,complex,0.008433102,0.084401794,0.90716505,US
3705,growing,False,True,complex,complex,complex,0.013198963,0.13136543,0.8554356,US
3706,growing,False,True,complex,complex,complex,0.0063040573,0.34584495,0.647851,US
3707,growing,False,True,intermediate,intermediate,intermediate,0.0025671877,0.7164335,0.2809992,US
3708,growing,False,True,intermediate,intermediate,intermediate,0.0061852247,0.8425241,0.15129066,US
3709,growing,False,True,complex,complex,complex,0.0042350353,0.026258154,0.9695068,US
3710,growing,False,True,complex,complex,complex,0.00310143,0.025236057,0.97166246,US
3711,growing,False,True,complex,complex,complex,0.006735522,0.050097704,0.94316673,US
3712,growing,False,True,complex,complex,complex,0.0043129027,0.078985386,0.9167017,US
3713,growing,False,True,complex,complex,complex,0.02450353,0.039197795,0.93629867,US
3714,growing,False,True,complex,complex,complex,0.0047114673,0.094107345,0.90118116,US
3715,growing,False,True,complex,complex,complex,0.0035956686,0.068138376,0.928266,US
3716,growing,False,True,intermediate,intermediate,intermediate,0.003975419,0.8636959,0.13232861,US
3717,growing,False,False,intermediate,complex,complex,0.009855149,0.20562555,0.7845193,US
3718,growing,False,True,intermediate,intermediate,intermediate,0.031228814,0.8457962,0.12297497,US
3719,growing,False,True,intermediate,intermediate,intermediate,0.02089397,0.89801484,0.08109115,US
3720,growing,False,False,,intermediate,intermediate,0.022516323,0.8016473,0.1758364,US
3721,growing,False,True,intermediate,intermediate,intermediate,0.019089926,0.8431812,0.1377289,US
3722,growing,False,True,simple,simple,simple,0.70960355,0.17049038,0.11990612,US
3723,growing,False,True,complex,complex,complex,0.11381476,0.36158687,0.52459836,US
3724,growing,False,True,complex,complex,complex,0.040459063,0.11070538,0.8488355,US
3725,growing,False,True,intermediate,intermediate,intermediate,0.008957495,0.88935876,0.10168372,US
3726,growing,False,True,intermediate,intermediate,intermediate,0.0063592214,0.792345,0.20129575,US
3727,growing,False,True,complex,complex,complex,0.006218577,0.4215978,0.5721836,US
3728,growing,False,True,intermediate,intermediate,intermediate,0.017800044,0.7389513,0.2432486,US
3729,growing,False,False,complex,complex,complex,0.017308116,0.34271976,0.6399721,US
3730,growing,False,False,complex,complex,complex,0.01057731,0.37240508,0.6170176,US
3731,growing,False,True,complex,complex,complex,0.01631884,0.1323295,0.8513517,US
3732,growing,False,True,complex,complex,complex,0.0045382623,0.15837632,0.8370854,US
3733,growing,False,True,complex,complex,complex,0.0046762917,0.12185562,0.87346816,US
3734,growing,False,True,complex,complex,complex,0.012912033,0.12267101,0.86441696,US
3735,growing,False,True,complex,complex,complex,0.012596105,0.07996651,0.9074374,US
3736,growing,False,True,complex,complex,complex,0.0040318156,0.024422416,0.97154576,US
3737,growing,False,True,complex,complex,complex,0.0050621377,0.030917251,0.96402067,US
3738,growing,False,True,complex,complex,complex,0.030550633,0.014303958,0.9551455,US
3739,growing,False,True,complex,complex,complex,0.028156728,0.1788166,0.7930267,US
3740,growing,False,False,complex,complex,complex,0.0077544474,0.08764513,0.90460044,US
3741,growing,False,True,complex,complex,complex,0.04200526,0.24790086,0.71009386,US
3742,growing,False,True,complex,complex,complex,0.01026661,0.32328796,0.66644543,US
3743,growing,False,False,complex,complex,complex,0.036203224,0.40575463,0.55804217,US
3744,growing,False,True,complex,complex,complex,0.042003583,0.11342904,0.84456736,US
3745,growing,False,True,complex,complex,complex,0.06349871,0.37475953,0.56174177,US
3746,growing,False,True,intermediate,intermediate,intermediate,0.042555515,0.79475003,0.16269444,US
3747,growing,False,True,intermediate,intermediate,intermediate,0.0076503824,0.91628695,0.07606271,US
3748,growing,False,False,complex,complex,complex,0.0126058245,0.3988719,0.58852226,US
3749,growing,False,True,complex,complex,complex,0.008656854,0.21829344,0.7730497,US
3750,growing,False,True,intermediate,intermediate,intermediate,0.008687564,0.8007059,0.19060655,US
3751,growing,False,True,complex,complex,complex,0.020292066,0.14464365,0.8350643,US
3752,growing,False,True,complex,complex,complex,0.01609572,0.2226855,0.7612188,US
3753,growing,False,False,complex,complex,complex,0.020818809,0.2355745,0.7436067,US
3754,growing,False,False,intermediate,intermediate,intermediate,0.06499001,0.5157562,0.4192538,US
3755,growing,False,False,complex,intermediate,intermediate,0.008232739,0.77843565,0.21333164,US
3756,growing,False,True,complex,complex,complex,0.025747936,0.29558387,0.6786682,US
3757,growing,False,True,intermediate,intermediate,intermediate,0.009844992,0.78193545,0.20821959,US
3758,growing,False,True,complex,complex,complex,0.0066943853,0.14683402,0.8464716,US
3759,growing,False,True,complex,complex,complex,0.008839567,0.21521011,0.7759503,US
3760,growing,False,True,intermediate,intermediate,intermediate,0.015217601,0.73792756,0.24685478,US
3761,growing,False,True,complex,intermediate,intermediate,0.01926087,0.6588268,0.3219123,US
3762,growing,False,True,complex,complex,complex,0.005199681,0.019827936,0.9749724,US
3763,growing,False,True,complex,complex,complex,0.011905088,0.0448323,0.94326264,US
3764,growing,False,True,intermediate,intermediate,intermediate,0.009957196,0.515841,0.47420183,US
3765,growing,False,True,intermediate,intermediate,intermediate,0.011901256,0.7773946,0.21070413,US
3766,growing,False,True,complex,complex,complex,0.0021035282,0.016001457,0.981895,US
3767,growing,False,True,complex,complex,complex,0.0019174076,0.029763198,0.9683194,US
3768,growing,False,False,complex,complex,complex,0.009052042,0.18147741,0.80947053,US
3769,growing,False,True,complex,complex,complex,0.0052620503,0.053483102,0.94125485,US
3770,growing,False,True,complex,complex,complex,0.016679816,0.031253785,0.9520665,US
3771,growing,False,True,complex,complex,complex,0.004958484,0.14864267,0.84639883,US
3772,growing,False,True,complex,complex,complex,0.0062797577,0.058493976,0.9352262,US
3773,growing,False,True,complex,complex,complex,0.005456366,0.06529196,0.92925173,US
3774,growing,False,True,complex,complex,complex,0.008621517,0.09343532,0.8979432,US
3775,growing,False,True,complex,complex,complex,0.0070295176,0.08114047,0.91183,US
3776,growing,False,False,complex,complex,complex,0.0045416756,0.09245996,0.9029983,US
3777,growing,False,True,complex,complex,complex,0.003859782,0.02944785,0.9666923,US
3778,growing,False,False,complex,complex,complex,0.010435237,0.02214641,0.9674183,US
3779,growing,False,True,complex,complex,complex,0.0055590863,0.042131335,0.9523096,US
3780,growing,False,True,complex,complex,complex,0.011860223,0.16460933,0.82353044,US
3781,growing,False,True,intermediate,complex,complex,0.109193325,0.4344581,0.4563486,US
3782,growing,False,True,complex,complex,complex,0.008439162,0.17594713,0.8156137,US
3783,growing,False,True,intermediate,intermediate,intermediate,0.022716768,0.56751806,0.40976518,US
3784,growing,False,False,complex,complex,complex,0.011922143,0.24327166,0.7448062,US
3785,growing,False,True,complex,complex,complex,0.007266386,0.104176246,0.8885574,US
3786,growing,False,True,complex,complex,complex,0.0035287484,0.05792238,0.93854886,US
3787,growing,False,False,complex,complex,complex,0.019494679,0.35290873,0.62759656,US
3788,growing,False,True,complex,complex,complex,0.080819614,0.24827503,0.67090535,US
3789,growing,False,True,complex,complex,complex,0.016557649,0.2655968,0.71784556,US
3790,growing,False,True,complex,complex,complex,0.011326115,0.1133544,0.87531954,US
3791,growing,False,True,complex,complex,complex,0.021003226,0.08939693,0.88959986,US
3792,growing,False,False,complex,intermediate,intermediate,0.061895113,0.5882484,0.34985656,US
3793,growing,False,True,complex,complex,complex,0.013061928,0.2835178,0.7034203,US
3794,growing,False,True,intermediate,intermediate,intermediate,0.05049349,0.64513797,0.30436856,US
3795,growing,False,False,intermediate,complex,complex,0.020415572,0.41933656,0.5602479,US
3796,growing,False,True,intermediate,intermediate,intermediate,0.06961632,0.7573365,0.17304724,US
3797,growing,False,False,complex,complex,complex,0.010603847,0.1997421,0.7896541,US
3798,growing,False,True,complex,complex,complex,0.014284342,0.0853014,0.9004143,US
3799,growing,False,True,complex,complex,complex,0.007839975,0.24193741,0.7502226,US
3800,growing,False,True,complex,complex,complex,0.010750309,0.20449199,0.78475773,US
3801,growing,False,False,complex,intermediate,intermediate,0.008190571,0.78643733,0.20537202,US
3802,growing,False,True,complex,complex,complex,0.010145203,0.22063424,0.7692206,US
3803,growing,False,True,intermediate,intermediate,intermediate,0.014224515,0.6894484,0.29632702,US
3804,growing,False,True,complex,complex,complex,0.010735703,0.15273896,0.8365253,US
3805,growing,False,True,complex,complex,complex,0.0147061,0.2368436,0.7484503,US
3806,growing,False,True,intermediate,intermediate,intermediate,0.013164534,0.83771336,0.14912209,US
3807,growing,False,True,intermediate,intermediate,intermediate,0.009344,0.82606643,0.16458957,US
3808,growing,False,True,intermediate,intermediate,intermediate,0.049500275,0.7501204,0.20037925,US
3809,growing,False,True,intermediate,intermediate,intermediate,0.01091767,0.7454792,0.24360308,US
3810,growing,False,True,complex,complex,complex,0.016445572,0.17144082,0.8121136,US
3811,growing,False,True,complex,complex,complex,0.0046437746,0.034340426,0.9610158,US
3812,growing,False,True,complex,complex,complex,0.010437516,0.26129127,0.7282712,US
3813,growing,False,True,intermediate,intermediate,intermediate,0.008873574,0.6700371,0.3210893,US
3814,growing,False,True,complex,complex,complex,0.011914852,0.3282921,0.6597931,US
3815,growing,False,True,complex,complex,complex,0.019597355,0.3177157,0.662687,US
3816,growing,False,True,complex,complex,complex,0.011306269,0.06811624,0.9205775,US
3817,growing,False,True,complex,complex,complex,0.00329731,0.029462611,0.96724004,US
3818,growing,False,False,intermediate,complex,complex,0.0040734652,0.07114801,0.9247786,US
3819,growing,False,True,complex,complex,complex,0.051327694,0.1411034,0.8075689,US
3820,growing,False,True,complex,complex,complex,0.0061792564,0.10508573,0.888735,US
3821,growing,False,True,intermediate,intermediate,intermediate,0.0100752255,0.77717704,0.21274777,US
3822,growing,False,True,complex,complex,complex,0.01469224,0.107346155,0.87796164,US
3823,growing,False,True,simple,simple,simple,0.64677954,0.12990476,0.2233157,US
3824,growing,False,True,complex,complex,complex,0.013190139,0.31240594,0.67440397,US
3825,growing,False,True,complex,complex,complex,0.023036977,0.12878947,0.84817356,US
3826,growing,False,True,complex,complex,complex,0.009431513,0.23639926,0.7541692,US
3827,growing,False,True,complex,complex,complex,0.006685738,0.09117494,0.9021393,US
3828,growing,False,True,complex,complex,complex,0.0057472377,0.05926113,0.9349917,US
3829,growing,False,True,complex,complex,complex,0.0058809407,0.06573653,0.9283825,US
3830,growing,False,True,intermediate,intermediate,intermediate,0.036144808,0.5382803,0.4255749,US
3831,growing,False,True,complex,complex,complex,0.014255909,0.12125666,0.8644874,US
3832,growing,False,False,complex,intermediate,intermediate,0.022977136,0.6864784,0.2905445,US
3833,growing,False,True,intermediate,intermediate,intermediate,0.010001867,0.87105155,0.11894659,US
3834,growing,False,True,complex,complex,complex,0.009707471,0.1853821,0.8049105,US
3835,growing,False,True,complex,complex,complex,0.006976688,0.09225658,0.90076673,US
3836,growing,False,True,complex,complex,complex,0.017788589,0.24713652,0.73507494,US
3837,growing,False,True,complex,complex,complex,0.017245052,0.27946332,0.7032916,US
3838,growing,False,False,complex,complex,complex,0.015767535,0.2794744,0.7047581,US
3839,growing,False,True,complex,complex,complex,0.0060695005,0.36770007,0.6262305,US
3840,growing,False,True,intermediate,intermediate,intermediate,0.01696004,0.83443785,0.14860214,US
3841,growing,False,True,complex,complex,complex,0.016119948,0.2155272,0.7683528,US
3842,growing,False,True,complex,complex,complex,0.006342983,0.11235722,0.8812998,US
3843,growing,False,True,complex,complex,complex,0.0074831326,0.18485321,0.8076637,US
3844,growing,False,True,complex,intermediate,intermediate,0.0041963337,0.6334574,0.36234626,US
3845,growing,False,True,intermediate,intermediate,intermediate,0.0058666053,0.806398,0.18773548,US
3846,growing,False,True,complex,intermediate,intermediate,0.022565136,0.53388476,0.44355008,US
3847,growing,False,True,intermediate,intermediate,intermediate,0.014724366,0.83057994,0.15469576,US
3848,growing,False,True,complex,complex,complex,0.005307976,0.047759477,0.9469325,US
3849,growing,False,False,intermediate,complex,complex,0.0036418024,0.018757373,0.9776008,US
3850,growing,False,False,complex,complex,complex,0.015681945,0.035047017,0.94927096,US
3851,growing,False,True,complex,complex,complex,0.0114952,0.04384568,0.9446591,US
3852,growing,False,False,complex,complex,complex,0.0061679613,0.035580963,0.9582511,US
3853,growing,False,True,intermediate,intermediate,intermediate,0.018847091,0.70285136,0.2783016,US
3854,growing,False,False,complex,complex,complex,0.005537054,0.1734022,0.8210608,US
3855,growing,False,True,complex,complex,complex,0.005454289,0.058336046,0.9362097,US
3856,growing,False,True,complex,complex,complex,0.0037920582,0.013053289,0.98315465,US
3857,growing,False,True,complex,complex,complex,0.0059689516,0.0349175,0.9591136,US
3858,growing,False,True,complex,complex,complex,0.008903831,0.021006277,0.9700899,US
3859,growing,False,True,complex,intermediate,intermediate,0.022362743,0.5144331,0.46320418,US
3860,growing,False,False,complex,complex,complex,0.003532794,0.09635952,0.9001076,US
3861,growing,False,False,complex,complex,complex,0.0040526865,0.12857194,0.8673753,US
3862,growing,False,True,complex,complex,complex,0.003195516,0.055248395,0.94155604,US
3863,growing,False,True,complex,complex,complex,0.004857359,0.05732951,0.9378131,US
3864,growing,False,False,complex,complex,complex,0.0240019,0.12122145,0.8547767,US
3865,growing,False,True,complex,complex,complex,0.0029108296,0.06323193,0.93385726,US
3866,growing,False,True,complex,complex,complex,0.0037243064,0.04050174,0.95577395,US
3867,growing,False,True,complex,complex,complex,0.0025946882,0.042287692,0.95511764,US
3868,growing,False,True,complex,complex,complex,0.0204373,0.14562008,0.83394265,US
3869,growing,False,True,complex,complex,complex,0.011568173,0.15604866,0.8323832,US
3870,growing,False,True,complex,complex,complex,0.008449997,0.1774995,0.8140505,US
3871,growing,False,True,complex,complex,complex,0.008909576,0.10787357,0.88321686,US
3872,growing,False,True,complex,complex,complex,0.004692618,0.38186634,0.61344105,US
3873,growing,False,True,complex,complex,complex,0.0049311505,0.048868723,0.94620013,US
3874,growing,False,True,complex,complex,complex,0.016141308,0.036825623,0.9470331,US
3875,growing,False,False,complex,complex,complex,0.011592287,0.031151501,0.95725614,US
3876,growing,False,True,complex,complex,complex,0.0037172986,0.01880974,0.9774729,US
3877,growing,False,True,complex,complex,complex,0.009375963,0.020218223,0.9704058,US
3878,growing,False,True,complex,complex,complex,0.0027136214,0.013785349,0.9835011,US
3879,growing,False,True,complex,complex,complex,0.013209567,0.018560719,0.9682298,US
3880,growing,False,True,complex,complex,complex,0.008760713,0.015567799,0.9756715,US
3881,growing,False,True,complex,complex,complex,0.008225978,0.036747176,0.9550268,US
3882,growing,False,False,complex,complex,complex,0.0022527948,0.011908821,0.98583835,US
3883,growing,False,True,complex,complex,complex,0.004129067,0.02033985,0.97553104,US
3884,growing,False,True,complex,complex,complex,0.011962996,0.019315593,0.9687214,US
3885,growing,False,True,complex,complex,complex,0.016170304,0.023126088,0.96070355,US
3886,growing,False,True,complex,complex,complex,0.003905417,0.051929522,0.94416505,US
3887,growing,False,True,complex,complex,complex,0.0077251233,0.047947686,0.94432724,US
3888,growing,False,True,intermediate,intermediate,intermediate,0.012699957,0.87358856,0.11371152,US
3889,growing,False,True,intermediate,complex,complex,0.015601035,0.29074353,0.6936555,US
3890,growing,False,True,complex,complex,complex,0.010135582,0.20643742,0.783427,US
3891,growing,False,True,complex,complex,complex,0.004182872,0.098877445,0.8969397,US
3892,growing,False,False,complex,complex,complex,0.0043239323,0.1715904,0.8240857,US
3893,growing,False,False,complex,complex,complex,0.006265795,0.2509547,0.7427795,US
3894,growing,False,True,complex,complex,complex,0.0018291009,0.036106456,0.9620644,US
3895,growing,False,True,intermediate,intermediate,intermediate,0.008337751,0.7328832,0.25877902,US
3896,growing,False,True,intermediate,intermediate,intermediate,0.009844818,0.8054625,0.18469277,US
3897,growing,False,False,intermediate,complex,complex,0.004293377,0.22026946,0.7754372,US
3898,growing,False,True,complex,complex,complex,0.008862824,0.182181,0.8089562,US
3899,growing,False,True,intermediate,intermediate,intermediate,0.007725393,0.8325894,0.15968522,US
3900,growing,False,True,complex,complex,complex,0.009950681,0.08415737,0.9058919,US
3901,growing,False,True,complex,complex,complex,0.0050954884,0.025565807,0.9693387,US
3902,growing,False,True,complex,complex,complex,0.0121328635,0.098213725,0.88965344,US
3903,growing,False,False,complex,complex,complex,0.012867122,0.12186809,0.8652648,US
3904,growing,False,True,intermediate,intermediate,intermediate,0.015578292,0.80361974,0.18080199,US
3905,growing,False,True,intermediate,intermediate,intermediate,0.00798249,0.8548466,0.13717087,US
3906,growing,True,False,complex,complex,,0.00588404,0.12777579,0.86634016,US
3907,growing,True,False,complex,complex,,0.0048379446,0.15852074,0.8366414,US
3908,growing,False,False,complex,intermediate,intermediate,0.0130469445,0.6692606,0.3176924,US
3909,growing,False,True,intermediate,intermediate,intermediate,0.007839699,0.7409702,0.25119013,US
3910,growing,False,False,complex,intermediate,intermediate,0.010164875,0.73915714,0.25067803,US
3911,growing,False,False,complex,complex,complex,0.003874007,0.041416463,0.95470953,US
3912,growing,False,True,complex,complex,complex,0.008813473,0.122075796,0.8691107,US
3913,growing,False,True,complex,complex,complex,0.004880647,0.05098658,0.94413275,US
3914,growing,False,True,complex,complex,complex,0.00635544,0.07452659,0.919118,US
3915,growing,False,True,intermediate,intermediate,intermediate,0.009587779,0.85839117,0.13202102,US
3916,growing,False,True,complex,complex,complex,0.020398963,0.16558018,0.8140209,US
3917,growing,False,True,complex,complex,complex,0.034011118,0.24057753,0.7254114,US
3918,growing,False,False,complex,complex,complex,0.03417251,0.23697384,0.7288537,US
3919,growing,False,True,intermediate,intermediate,intermediate,0.009339612,0.89885783,0.091802485,US
3920,growing,False,True,complex,intermediate,intermediate,0.009028771,0.5282449,0.46272632,US
3921,growing,False,True,intermediate,intermediate,intermediate,0.009769221,0.8641141,0.12611668,US
3922,growing,False,True,complex,complex,complex,0.004748216,0.05750209,0.9377497,US
3923,growing,False,True,complex,complex,complex,0.0112336995,0.13469736,0.85406893,US
3924,growing,False,True,complex,complex,complex,0.0021761565,0.01894137,0.9788825,US
3925,growing,False,True,complex,complex,complex,0.023999099,0.26336834,0.7126326,US
3926,growing,False,True,intermediate,intermediate,intermediate,0.009448847,0.8547511,0.13579997,US
3927,growing,False,True,complex,complex,complex,0.011826146,0.428366,0.55980784,US
3928,growing,False,True,complex,complex,complex,0.004880463,0.30063483,0.6944847,US
3929,growing,False,False,,complex,complex,0.0058305827,0.2790014,0.715168,US
3930,growing,False,True,intermediate,intermediate,intermediate,0.0093559055,0.869691,0.12095313,US
3931,growing,False,False,intermediate,intermediate,intermediate,0.011885196,0.8212658,0.16684893,US
3932,growing,False,True,intermediate,intermediate,intermediate,0.010779792,0.828465,0.16075528,US
3933,growing,False,False,complex,intermediate,intermediate,0.055584304,0.4878135,0.45660213,US
3934,growing,False,True,intermediate,intermediate,intermediate,0.012977336,0.80620503,0.18081757,US
3935,growing,False,True,complex,complex,complex,0.019844223,0.049277972,0.9308778,US
3936,growing,False,False,complex,complex,complex,0.0072717876,0.14355288,0.84917533,US
3937,growing,False,False,,complex,complex,0.0047560623,0.2110644,0.78417957,US
3938,growing,False,True,complex,complex,complex,0.003137412,0.04152443,0.9553381,US
3939,growing,False,True,complex,complex,complex,0.004795598,0.15669322,0.83851117,US
3940,growing,False,False,complex,complex,complex,0.009463592,0.16649424,0.8240422,US
3941,growing,False,True,intermediate,intermediate,intermediate,0.0054026926,0.86996573,0.12463159,US
3942,growing,False,True,intermediate,intermediate,intermediate,0.015156926,0.60055095,0.3842921,US
3943,growing,False,True,complex,complex,complex,0.012534418,0.25721642,0.73024917,US
3944,growing,False,False,complex,complex,complex,0.02451007,0.36025208,0.6152379,US
3945,growing,False,True,complex,complex,complex,0.06387539,0.13286787,0.80325675,US
3946,growing,False,True,complex,complex,complex,0.017589869,0.11251324,0.8698969,US
3947,growing,False,True,complex,complex,complex,0.0049501606,0.084657535,0.91039234,US
3948,growing,False,True,complex,complex,complex,0.006812907,0.08568394,0.9075032,US
3949,growing,False,True,complex,complex,complex,0.0044500735,0.13637899,0.8591709,US
3950,growing,False,True,complex,complex,complex,0.032361705,0.40132716,0.5663111,US
3951,growing,False,True,intermediate,intermediate,intermediate,0.031826336,0.5502873,0.41788638,US
3952,growing,False,True,complex,complex,complex,0.0074082273,0.031846188,0.9607456,US
3953,growing,False,True,complex,complex,complex,0.010735657,0.03229059,0.95697373,US
3954,growing,False,True,complex,complex,complex,0.006189634,0.04793677,0.9458736,US
3955,growing,False,True,complex,complex,complex,0.0043184697,0.06088887,0.9347927,US
3956,growing,False,True,complex,complex,complex,0.02215326,0.16121948,0.8166272,US
3957,growing,False,True,complex,complex,complex,0.04220711,0.08267504,0.8751179,US
3958,growing,False,False,,complex,complex,0.06657834,0.21230985,0.7211118,US
3959,growing,False,True,complex,complex,complex,0.060972787,0.025410453,0.9136168,US
3960,growing,False,True,complex,complex,complex,0.021227721,0.013469212,0.96530306,US
3961,growing,False,True,complex,complex,complex,0.01260831,0.081749976,0.90564173,US
3962,growing,False,True,complex,complex,complex,0.008426856,0.02704025,0.96453285,US
3963,growing,False,True,complex,complex,complex,0.012293018,0.09537851,0.8923285,US
3964,growing,False,True,complex,complex,complex,0.0096972445,0.027901715,0.96240103,US
3965,growing,False,True,complex,complex,complex,0.010743936,0.03207499,0.9571811,US
3966,growing,False,True,complex,complex,complex,0.0075073172,0.13635242,0.85614026,US
3967,growing,False,True,complex,complex,complex,0.012762487,0.11075944,0.8764781,US
3968,growing,False,False,complex,complex,complex,0.032248225,0.46633068,0.5014211,US
3969,growing,False,True,complex,complex,complex,0.01837574,0.23590326,0.745721,US
3970,growing,False,False,complex,complex,complex,0.01063532,0.023733675,0.96563095,US
3971,growing,False,True,intermediate,intermediate,intermediate,0.030454278,0.7475954,0.22195032,US
3972,growing,False,True,intermediate,intermediate,intermediate,0.014408599,0.8105796,0.17501184,US
3973,growing,False,False,intermediate,complex,complex,0.0064345594,0.3491091,0.6444563,US
3974,growing,False,True,complex,complex,complex,0.0039307754,0.010287516,0.9857817,US
3975,growing,False,True,complex,complex,complex,0.0069520627,0.036781784,0.95626616,US
3976,growing,False,True,complex,complex,complex,0.009160745,0.056909606,0.9339296,US
3977,growing,False,True,complex,complex,complex,0.014186947,0.075951025,0.90986204,US
3978,growing,False,True,complex,complex,complex,0.016361801,0.17734803,0.80629015,US
3979,growing,False,True,complex,complex,complex,0.007223863,0.10300169,0.8897744,US
3980,growing,False,True,intermediate,intermediate,intermediate,0.014413057,0.62784123,0.3577457,US
3981,growing,False,False,,complex,complex,0.014179344,0.031734463,0.9540862,US
3982,growing,False,True,complex,complex,complex,0.0360521,0.34520638,0.61874145,US
3983,growing,False,True,intermediate,intermediate,intermediate,0.21913029,0.6211783,0.15969141,US
3984,growing,False,True,intermediate,intermediate,intermediate,0.013604459,0.80995363,0.17644192,US
3985,growing,True,False,intermediate,intermediate,,0.018395064,0.5435354,0.43806946,UY
3986,growing,False,True,intermediate,intermediate,intermediate,0.03200698,0.8677106,0.10028236,UY
3987,growing,False,True,complex,complex,complex,0.02486826,0.31112805,0.6640037,VE
3988,growing,True,False,intermediate,intermediate,,0.020341337,0.7280672,0.2515914,VE
3989,growing,True,False,intermediate,complex,,0.13029744,0.4287851,0.4409175,VE
3990,growing,False,True,intermediate,intermediate,intermediate,0.034759615,0.81016564,0.15507473,VE
3991,growing,False,False,,complex,complex,0.049162082,0.43815678,0.5126811,VE
3992,growing,False,True,intermediate,intermediate,intermediate,0.07877939,0.69298863,0.22823197,VN
3993,growing,False,True,complex,complex,complex,0.005364368,0.014941935,0.9796937,ZA
3994,growing,False,False,complex,complex,complex,0.04234368,0.018419957,0.93923634,ZA
3995,growing,False,True,complex,complex,complex,0.0072969566,0.1215141,0.87118894,ZA
3996,growing,False,True,complex,complex,complex,0.0047337,0.02217402,0.97309226,ZA
3997,growing,False,True,complex,complex,complex,0.0047577037,0.043538067,0.95170414,ZA
3998,growing,False,True,complex,complex,complex,0.018228764,0.09889087,0.88288033,ZA
3999,growing,False,False,complex,complex,complex,0.00893241,0.11955296,0.8715146,ZA
4000,growing,False,True,complex,complex,complex,0.026618272,0.03103244,0.9423493,ZA
4001,growing,False,True,complex,complex,complex,0.0070898514,0.0699794,0.9229307,ZA
4002,growing,False,True,complex,complex,complex,0.003524652,0.02828565,0.9681898,ZA
4003,growing,False,True,complex,complex,complex,0.012677451,0.081538305,0.9057842,ZA
4004,growing,False,False,complex,complex,complex,0.005643787,0.027196433,0.96715975,ZA
4005,growing,True,False,simple,intermediate,,0.06947552,0.566642,0.3638825,ZA
4006,growing,False,True,complex,intermediate,intermediate,0.006116517,0.52666813,0.4672153,ZA
4007,growing,False,True,intermediate,intermediate,intermediate,0.012401746,0.7430252,0.24457307,ZA
4008,growing,False,True,intermediate,intermediate,intermediate,0.019748759,0.87075156,0.10949974,ZA
4009,growing,False,True,intermediate,intermediate,intermediate,0.011374696,0.78542686,0.20319839,ZA
4010,growing,True,False,intermediate,simple,,0.5779118,0.26431423,0.157774,ZA
4011,growing,False,True,intermediate,intermediate,intermediate,0.05130711,0.68924046,0.25945243,ZA
4012,growing,False,True,complex,complex,complex,0.058872055,0.19258769,0.7485403,ZA
4013,growing,False,True,complex,complex,complex,0.07404863,0.2995931,0.6263583,ZA
4014,growing,False,True,intermediate,intermediate,intermediate,0.03576699,0.7599985,0.2042345,ZA
4015,growing,False,True,complex,complex,complex,0.01635139,0.3878923,0.59575635,ZA
4016,growing,False,False,complex,complex,complex,0.015950324,0.26646352,0.71758616,ZA
4017,growing,False,True,intermediate,intermediate,intermediate,0.015341505,0.9262137,0.05844483,ZA
4018,growing,False,True,intermediate,intermediate,intermediate,0.007007789,0.884978,0.108014196,ZA
4019,growing,False,True,intermediate,intermediate,intermediate,0.004209031,0.86936706,0.12642394,ZA
4020,growing,False,True,complex,complex,complex,0.010321559,0.47273448,0.516944,ZA
4021,growing,False,True,intermediate,intermediate,intermediate,0.006870549,0.8387543,0.15437515,ZA
4022,growing,False,True,intermediate,intermediate,intermediate,0.055542406,0.9262415,0.01821606,ZA
4023,growing,False,False,intermediate,intermediate,intermediate,0.059018716,0.8826376,0.058343675,ZA
4024,growing,False,True,intermediate,intermediate,intermediate,0.043330908,0.9226363,0.03403279,ZA
4025,growing,False,True,intermediate,intermediate,intermediate,0.028442826,0.8866748,0.08488237,ZA
4026,growing,False,True,intermediate,intermediate,intermediate,0.08692448,0.894223,0.018852606,ZA
4027,growing,False,False,intermediate,simple,simple,0.45586848,0.2463188,0.2978127,ZA
4028,growing,False,True,intermediate,intermediate,intermediate,0.023677098,0.84621596,0.13010697,ZA
4029,growing,True,False,complex,complex,,0.10678169,0.42829928,0.464919,ZA
4030,growing,True,False,intermediate,intermediate,,0.1065796,0.46000504,0.43341532,ZA
4031,growing,False,True,intermediate,intermediate,intermediate,0.032765016,0.88992345,0.07731151,ZA
4032,growing,False,True,intermediate,intermediate,intermediate,0.062231917,0.8355103,0.10225777,ZA
4033,growing,False,True,complex,intermediate,intermediate,0.021811394,0.6760758,0.30211276,ZA
4034,growing,False,True,complex,intermediate,intermediate,0.049125694,0.4961917,0.45468265,ZA
4035,growing,False,True,complex,complex,complex,0.06541361,0.2563238,0.6782626,ZA
4036,growing,True,False,intermediate,intermediate,,0.07563254,0.4977443,0.42662323,ZA
4037,growing,False,False,complex,complex,complex,0.08159383,0.33530957,0.58309656,ZA
4038,growing,False,True,complex,complex,complex,0.040598024,0.36501077,0.5943912,ZA
4039,growing,False,True,complex,complex,complex,0.01377886,0.15819104,0.8280301,ZA
4040,growing,False,True,complex,complex,complex,0.0070052575,0.060744155,0.93225056,ZA
4041,growing,False,True,simple,simple,simple,0.94302744,0.044686593,0.012286002,ZA
4042,growing,False,False,complex,intermediate,intermediate,0.04387534,0.6103271,0.3457975,ZA
4043,growing,False,True,complex,complex,complex,0.025244575,0.21552779,0.75922763,ZA
4044,growing,False,True,complex,complex,complex,0.018465102,0.049488332,0.93204653,ZA
4045,growing,False,True,complex,complex,complex,0.025687309,0.047540482,0.9267722,ZA
4046,growing,False,True,complex,complex,complex,0.022962887,0.054142553,0.9228946,ZA
4047,growing,False,True,complex,complex,complex,0.10369224,0.2139007,0.6824071,ZA
4048,growing,False,False,complex,simple,simple,0.35656887,0.31113973,0.3322914,ZA
4049,growing,False,True,complex,complex,complex,0.0143324835,0.057310406,0.9283571,ZA
4050,growing,False,False,complex,complex,complex,0.2415672,0.20803274,0.5504001,ZA
4051,growing,False,True,complex,complex,complex,0.018493718,0.047035057,0.93447125,ZA
4052,growing,False,False,intermediate,complex,complex,0.009189441,0.027008746,0.9638018,ZA
4053,growing,False,True,complex,complex,complex,0.18107796,0.21431758,0.6046044,ZA
4054,growing,False,True,complex,complex,complex,0.07366864,0.029079674,0.8972517,ZA
4055,growing,False,True,complex,complex,complex,0.012471798,0.025264641,0.9622636,ZA
4056,growing,False,True,intermediate,intermediate,intermediate,0.032605406,0.768992,0.19840254,ZA
4057,growing,False,True,intermediate,intermediate,intermediate,0.021196298,0.9072845,0.07151926,ZA
4058,growing,False,True,intermediate,intermediate,intermediate,0.018028772,0.911923,0.07004821,ZA
4059,growing,False,True,simple,simple,simple,0.9157799,0.06908232,0.015137816,ZA
4060,growing,False,True,intermediate,intermediate,intermediate,0.050772958,0.8425348,0.10669228,ZA
4061,growing,False,True,intermediate,intermediate,intermediate,0.03110967,0.9498583,0.019032082,ZA
4062,growing,False,True,intermediate,intermediate,intermediate,0.05151625,0.8865305,0.061953258,ZA
4063,growing,False,True,complex,complex,complex,0.025223576,0.3330359,0.6417405,ZA
4064,growing,False,True,complex,simple,simple,0.50637114,0.28787994,0.2057489,ZA
4065,growing,False,True,intermediate,intermediate,intermediate,0.09088592,0.78358316,0.12553096,ZA
4066,growing,False,True,intermediate,intermediate,intermediate,0.060395077,0.8121224,0.12748247,ZA
4067,growing,False,True,intermediate,intermediate,intermediate,0.05263586,0.87735933,0.07000482,ZA
4068,growing,False,True,complex,complex,complex,0.013542036,0.044042904,0.94241506,ZA
4069,growing,False,True,intermediate,complex,complex,0.031018915,0.43328726,0.5356938,ZA
4070,growing,False,True,complex,complex,complex,0.004928538,0.07639871,0.9186728,ZA
4071,growing,False,True,complex,complex,complex,0.0052862605,0.015628967,0.97908473,ZA
4072,growing,False,True,complex,complex,complex,0.02402124,0.18216494,0.7938138,ZA
4073,growing,False,False,complex,complex,complex,0.0048725544,0.015592888,0.9795346,ZA
4074,growing,False,True,complex,complex,complex,0.008416807,0.36482015,0.62676305,ZA
4075,growing,False,False,complex,intermediate,intermediate,0.020116895,0.7156297,0.26425338,ZA
4076,growing,False,False,complex,complex,complex,0.011297309,0.10556398,0.8831387,ZA
4077,growing,False,False,complex,intermediate,intermediate,0.046467938,0.5399177,0.41361433,ZA
4078,growing,False,True,intermediate,intermediate,intermediate,0.022134054,0.87211233,0.105753586,ZA
4079,growing,False,True,intermediate,intermediate,intermediate,0.021783853,0.9130113,0.06520489,ZA
4080,growing,False,True,intermediate,intermediate,intermediate,0.018641477,0.8644189,0.11693962,ZA
4081,growing,False,True,intermediate,intermediate,intermediate,0.043137547,0.7695544,0.18730812,ZA
4082,growing,False,True,complex,complex,complex,0.010343071,0.22984695,0.75981,ZA
4083,growing,False,True,complex,complex,complex,0.025029166,0.17900497,0.7959659,ZA
4084,growing,False,True,intermediate,intermediate,intermediate,0.019228952,0.83210087,0.1486702,ZA
4085,growing,False,True,complex,complex,complex,0.01694144,0.25018078,0.73287773,ZA
4086,growing,False,True,intermediate,intermediate,intermediate,0.040661767,0.84152484,0.11781345,ZA
4087,growing,False,True,complex,complex,complex,0.073247865,0.40295163,0.52380055,ZA
4088,growing,False,False,complex,complex,complex,0.018081179,0.22525035,0.75666845,ZA
4089,growing,False,True,complex,complex,complex,0.027058262,0.21537802,0.7575637,ZA
4090,growing,False,True,complex,complex,complex,0.033641998,0.114217065,0.8521409,ZA
4091,growing,False,False,complex,intermediate,intermediate,0.1506742,0.44512615,0.4041997,ZA
4092,growing,False,True,complex,complex,complex,0.038599007,0.42198423,0.53941673,ZA
4093,growing,False,False,complex,complex,complex,0.018797986,0.13869272,0.84250927,ZA
4094,growing,False,False,complex,complex,complex,0.015779993,0.14168043,0.8425396,ZA
4095,growing,False,False,complex,intermediate,intermediate,0.017626345,0.5852047,0.39716896,ZA
4096,growing,False,True,complex,complex,complex,0.03064328,0.13349974,0.835857,ZA
4097,growing,False,True,complex,complex,complex,0.011892632,0.026503975,0.9616034,ZA
4098,growing,False,True,complex,complex,complex,0.019892057,0.15862165,0.8214863,ZA
4099,growing,False,True,complex,complex,complex,0.0061274683,0.10274162,0.89113086,ZA
4100,growing,False,True,complex,complex,complex,0.0035876785,0.05144083,0.94497144,ZA
4101,growing,False,True,complex,complex,complex,0.015346358,0.042832125,0.94182146,ZA
4102,growing,False,True,intermediate,intermediate,intermediate,0.032038506,0.699737,0.2682245,ZA
4103,growing,False,True,complex,complex,complex,0.0059066527,0.07327941,0.92081386,ZA
4104,growing,False,True,complex,complex,complex,0.030694405,0.14046457,0.82884103,ZA
4105,growing,False,True,complex,complex,complex,0.030694405,0.14046457,0.82884103,ZA
4106,growing,False,True,complex,complex,complex,0.028764417,0.112993814,0.8582418,ZA
4107,growing,False,False,complex,complex,complex,0.0037005474,0.029175984,0.9671235,ZA
4108,growing,False,True,complex,complex,complex,0.006833894,0.015165237,0.9780009,ZA
4109,growing,False,True,complex,complex,complex,0.0044332724,0.04309894,0.95246786,ZA
4110,growing,False,True,complex,complex,complex,0.0052071204,0.12088734,0.87390554,ZA
4111,growing,False,True,complex,complex,complex,0.07530989,0.066042855,0.8586473,ZA
4112,growing,False,True,complex,complex,complex,0.008873839,0.033208918,0.9579173,ZA
4113,growing,False,True,complex,complex,complex,0.0070646964,0.029568486,0.9633668,ZA
4114,growing,False,True,complex,complex,complex,0.014849901,0.102632925,0.88251716,ZA
4115,growing,False,True,complex,complex,complex,0.0076821265,0.034240957,0.9580769,ZA
4116,growing,False,False,complex,complex,complex,0.014826714,0.04155488,0.9436184,ZA
4117,growing,False,True,complex,complex,complex,0.0070293616,0.030571412,0.9623992,ZA
4118,growing,False,False,complex,complex,complex,0.02805528,0.07625337,0.89569134,ZA
4119,growing,False,True,complex,complex,complex,0.0105562955,0.03807001,0.9513737,ZA
4120,growing,False,True,complex,complex,complex,0.005287623,0.034508836,0.9602035,ZA
4121,growing,False,True,complex,complex,complex,0.006120232,0.048415363,0.9454644,ZA
4122,growing,False,True,complex,complex,complex,0.0052247955,0.2769996,0.71777564,ZA
4123,growing,False,True,complex,complex,complex,0.010841025,0.07152302,0.917636,ZA
4124,growing,False,True,complex,complex,complex,0.0035462626,0.026819708,0.969634,ZA
4125,growing,False,True,complex,complex,complex,0.00952112,0.23830836,0.7521705,ZA
4126,growing,False,True,complex,complex,complex,0.024811082,0.3215474,0.65364146,ZA
4127,growing,False,False,complex,complex,complex,0.025082257,0.41576707,0.55915064,ZA
4128,growing,False,True,complex,complex,complex,0.020182988,0.08845231,0.8913647,ZA
4129,growing,False,True,complex,complex,complex,0.004732514,0.019607952,0.9756595,ZA
4130,growing,False,True,complex,complex,complex,0.008277108,0.11807317,0.8736497,ZA
4131,growing,False,False,complex,complex,complex,0.01767747,0.118286334,0.8640362,ZA
4132,growing,False,False,complex,complex,complex,0.008271258,0.029916637,0.96181214,ZA
4133,growing,False,True,complex,complex,complex,0.016256837,0.11069709,0.87304604,ZA
4134,growing,False,False,complex,complex,complex,0.0047871624,0.03304077,0.9621721,ZA
4135,growing,False,True,complex,complex,complex,0.010976072,0.06757284,0.9214511,ZA
4136,growing,False,True,complex,complex,complex,0.002180138,0.011784939,0.98603487,ZA
4137,growing,False,True,complex,complex,complex,0.008831053,0.05074152,0.9404274,ZA
4138,growing,False,True,complex,complex,complex,0.004055321,0.032712657,0.9632321,ZA
4139,growing,False,False,intermediate,complex,complex,0.008983322,0.014788228,0.9762284,ZA
4140,growing,False,True,complex,complex,complex,0.04524708,0.04470375,0.91004914,ZA
4141,growing,False,False,complex,complex,complex,0.053924054,0.06399082,0.8820851,ZA
4142,growing,False,False,complex,complex,complex,0.0090720495,0.13014159,0.8607863,ZA
4143,growing,False,False,complex,complex,complex,0.0181281,0.119533926,0.86233795,ZA
4144,growing,False,True,complex,complex,complex,0.01339195,0.21461466,0.77199346,ZA
4145,growing,False,True,simple,simple,simple,0.9024413,0.04417795,0.053380754,ZA
4146,growing,False,True,intermediate,intermediate,intermediate,0.046336204,0.8884003,0.065263525,ZA
4147,growing,True,False,intermediate,intermediate,,0.031371564,0.72645795,0.24217047,ZA
4148,growing,False,True,complex,complex,complex,0.04170447,0.29260767,0.66568786,ZA
4149,growing,False,True,intermediate,intermediate,intermediate,0.11371095,0.7795939,0.106695205,ZA
4150,growing,False,True,complex,complex,complex,0.002664073,0.062436048,0.93489987,ZA
4151,growing,False,True,intermediate,intermediate,intermediate,0.008357395,0.8009164,0.19072624,ZA
4152,growing,True,False,complex,complex,,0.0075341403,0.13172722,0.86073864,ZA
4153,growing,False,True,complex,complex,complex,0.0076111075,0.032467227,0.9599217,ZA
4154,growing,False,True,complex,complex,complex,0.019611266,0.07099259,0.9093961,ZA
4155,growing,False,False,complex,complex,complex,0.017280325,0.20781562,0.7749041,ZA
4156,growing,False,False,complex,complex,complex,0.05618677,0.06614752,0.87766576,ZA
4157,growing,False,True,complex,complex,complex,0.0044227834,0.01987876,0.9756984,ZA
4158,growing,False,True,intermediate,intermediate,intermediate,0.040435996,0.6264256,0.33313832,ZA
4159,growing,False,False,complex,intermediate,intermediate,0.015171595,0.50853133,0.47629708,ZA
4160,growing,False,True,complex,complex,complex,0.018363733,0.176915,0.80472124,ZA
4161,growing,False,True,complex,complex,complex,0.03161617,0.2526393,0.71574455,ZA
4162,growing,False,False,complex,complex,complex,0.007466076,0.028567232,0.9639667,ZA
4163,growing,False,True,complex,complex,complex,0.018457742,0.015223044,0.96631914,ZA
4164,growing,False,False,complex,complex,complex,0.0037395535,0.043872137,0.95238835,ZA
4165,growing,False,True,complex,complex,complex,0.004539492,0.018464075,0.9769965,ZA
4166,growing,False,True,complex,complex,complex,0.012113976,0.040141564,0.9477444,ZA
4167,growing,False,False,intermediate,complex,complex,0.01782775,0.23478028,0.747392,ZA
4168,growing,False,True,complex,complex,complex,0.0088088205,0.056702778,0.9344884,ZA
4169,growing,False,True,complex,complex,complex,0.011104217,0.0835867,0.905309,ZA
4170,growing,False,False,complex,complex,complex,0.003714871,0.0231527,0.97313243,ZA
4171,growing,False,True,complex,complex,complex,0.012646843,0.031372767,0.95598036,ZA
4172,growing,False,False,complex,complex,complex,0.008484305,0.10057803,0.8909377,ZA
4173,growing,False,True,complex,complex,complex,0.01926863,0.06710792,0.91362345,ZA
4174,growing,False,True,complex,complex,complex,0.014063921,0.07526249,0.9106736,ZA
4175,growing,False,False,complex,complex,complex,0.025223415,0.16929638,0.80548024,ZA
4176,growing,False,False,complex,complex,complex,0.033279464,0.41088888,0.5558317,ZA
4177,growing,False,True,complex,complex,complex,0.0033888684,0.038132437,0.9584786,ZA
4178,growing,False,True,intermediate,intermediate,intermediate,0.017642278,0.8329062,0.1494515,ZA
4179,growing,False,False,complex,complex,complex,0.013850509,0.10372249,0.88242704,ZA
4180,growing,False,False,complex,complex,complex,0.0070147025,0.16575734,0.827228,ZA
4181,growing,False,True,complex,complex,complex,0.012174758,0.051937655,0.93588763,ZA
4182,growing,False,True,complex,complex,complex,0.0064604953,0.07490713,0.9186323,ZA
4183,growing,False,True,complex,complex,complex,0.002842095,0.02537509,0.9717828,ZA
4184,growing,False,False,complex,complex,complex,0.030198596,0.12934473,0.84045666,ZA
4185,growing,False,True,complex,complex,complex,0.0064169667,0.14054249,0.8530406,ZA
4186,growing,False,True,complex,complex,complex,0.027310584,0.08710142,0.885588,ZA
4187,growing,False,True,complex,complex,complex,0.008440311,0.11043706,0.8811226,ZA
4188,growing,False,True,complex,complex,complex,0.015411364,0.089057304,0.89553136,ZA
4189,growing,False,True,complex,complex,complex,0.0060422188,0.073403604,0.92055416,ZA
4190,growing,False,True,complex,complex,complex,0.00799648,0.09424985,0.8977537,ZA
4191,growing,False,True,complex,complex,complex,0.011984962,0.069947496,0.9180675,ZA
4192,growing,False,True,intermediate,intermediate,intermediate,0.027587142,0.7272599,0.245153,ZA
4193,growing,False,True,complex,complex,complex,0.023030149,0.16824673,0.8087231,ZA
4194,growing,False,True,complex,complex,complex,0.015015249,0.1280411,0.8569436,ZA
4195,growing,False,True,complex,complex,complex,0.01211573,0.251717,0.73616725,ZA
4196,growing,False,True,intermediate,intermediate,intermediate,0.05186909,0.75045997,0.1976709,ZA
4197,growing,False,True,complex,complex,complex,0.011870238,0.07816538,0.90996444,ZA
4198,growing,False,True,complex,complex,complex,0.008801879,0.048407763,0.9427903,ZA
4199,growing,False,True,intermediate,intermediate,intermediate,0.0145427715,0.669937,0.3155202,ZA
4200,growing,False,False,complex,complex,complex,0.0052561746,0.112794384,0.8819494,ZA
4201,growing,False,True,complex,complex,complex,0.0101770405,0.087324284,0.90249866,ZA
4202,growing,False,True,complex,complex,complex,0.006517371,0.037132226,0.9563503,ZA
4203,growing,False,True,complex,complex,complex,0.009059569,0.06528561,0.9256548,ZA
4204,growing,True,False,intermediate,complex,,0.010328096,0.28897732,0.70069456,ZM
4205,growing,False,True,complex,complex,complex,0.0032748084,0.046089232,0.9506359,ZM
4206,growing,False,True,complex,complex,complex,0.0049460223,0.030711927,0.96434206,ZM
4207,growing,False,True,complex,complex,complex,0.0070450334,0.06448288,0.9284721,ZM
4208,growing,False,False,,complex,complex,0.0022994073,0.028719855,0.9689808,ZM
4209,growing,False,True,complex,complex,complex,0.0044799726,0.06764146,0.9278786,ZM
4210,growing,False,False,complex,complex,complex,0.011816979,0.15972193,0.82846105,ZM
4211,growing,False,True,complex,complex,complex,0.03188125,0.14667183,0.82144684,ZW
4212,growing,False,True,complex,complex,complex,0.004093472,0.043616462,0.95229006,ZW
4213,growing,False,True,complex,complex,complex,0.0054539596,0.02410074,0.97044533,ZW
4214,growing,False,True,complex,complex,complex,0.004887229,0.04207934,0.95303345,ZW
4215,growing,False,True,complex,complex,complex,0.0070293224,0.04302647,0.94994426,ZW
4216,growing,False,True,complex,complex,complex,0.0126511855,0.09227758,0.89507127,ZW
4217,growing,False,True,complex,complex,complex,0.00339236,0.05850139,0.93810624,ZW
4218,growing,False,True,complex,complex,complex,0.002672074,0.031933475,0.9653945,ZW
4219,growing,False,True,complex,complex,complex,0.002685642,0.020786153,0.9765282,ZW
4220,growing,False,True,complex,complex,complex,0.0029853552,0.03396592,0.9630487,ZW
4221,growing,False,True,complex,complex,complex,0.011275951,0.056112494,0.9326116,ZW
4222,growing,False,True,complex,complex,complex,0.004652881,0.06446773,0.9308794,ZW
4223,growing,False,True,complex,complex,complex,0.005431324,0.05554885,0.93901986,ZW
4224,growing,False,True,complex,complex,complex,0.0042272815,0.09506525,0.9007074,ZW
4225,growing,False,True,complex,complex,complex,0.004453003,0.050497685,0.9450493,ZW
4226,growing,False,True,complex,complex,complex,0.019955553,0.22621496,0.75382954,ZW
4227,growing,False,True,complex,complex,complex,0.0067145936,0.054065023,0.93922037,ZW
4228,growing,False,False,complex,complex,complex,0.048212487,0.11746912,0.83431834,ZW
4229,growing,False,True,complex,complex,complex,0.029724343,0.27348104,0.6967946,ZW
4230,growing,True,False,intermediate,complex,,0.0068027824,0.12893882,0.8642584,ZW
4231,growing,False,True,complex,complex,complex,0.0039782277,0.07740126,0.91862047,ZW
4232,growing,False,True,intermediate,intermediate,intermediate,0.009821511,0.58320314,0.40697533,ZW
4233,growing,False,False,complex,complex,complex,0.03380124,0.30254537,0.6636534,ZW
4234,growing,False,True,complex,complex,complex,0.005109593,0.061934475,0.9329559,ZW
4235,growing,False,False,complex,complex,complex,0.011106129,0.098759934,0.8901339,ZW
4236,growing,False,False,complex,complex,complex,0.0036296628,0.03966548,0.95670485,ZW
4237,growing,False,True,complex,complex,complex,0.0027078928,0.03084647,0.9664456,ZW
4238,growing,False,True,complex,complex,complex,0.007891808,0.050208528,0.9418996,ZW
4239,growing,False,True,complex,complex,complex,0.0046017803,0.05458983,0.9408084,ZW
4240,growing,False,False,complex,complex,complex,0.0047311066,0.07202785,0.9232411,ZW
4241,growing,False,True,complex,complex,complex,0.004307876,0.03905066,0.95664144,ZW
4242,growing,False,True,intermediate,intermediate,intermediate,0.01750134,0.66191655,0.32058212,ZW
4243,growing,False,True,complex,complex,complex,0.0135457935,0.112914756,0.87353945,ZW
4244,growing,False,True,complex,complex,complex,0.005178354,0.029361177,0.9654605,ZW
4245,growing,False,True,complex,complex,complex,0.011461758,0.05513315,0.9334051,ZW
4246,growing,False,True,complex,complex,complex,0.051847298,0.13883896,0.8093137,AU
4247,growing,False,False,complex,simple,simple,0.5353993,0.29343027,0.17117041,AU
4248,growing,False,True,complex,intermediate,intermediate,0.022944782,0.719094,0.25796124,AU
4249,growing,False,True,complex,intermediate,intermediate,0.15591308,0.50060594,0.343481,AU
4250,growing,False,True,intermediate,intermediate,intermediate,0.111324005,0.73183393,0.15684202,AU
4251,growing,False,False,intermediate,simple,simple,0.36516866,0.32547036,0.30936098,AU
4252,growing,False,True,intermediate,intermediate,intermediate,0.15197794,0.82657343,0.02144864,AU
4253,growing,False,False,complex,simple,simple,0.70361984,0.2628482,0.03353194,AU
4254,growing,False,True,intermediate,intermediate,intermediate,0.012881417,0.783394,0.20372458,AU
4255,growing,False,True,complex,complex,complex,0.093877316,0.34727234,0.55885035,AU
4256,growing,False,True,complex,complex,complex,0.37480915,0.22688021,0.39831066,AU
4257,growing,False,True,intermediate,intermediate,intermediate,0.030051883,0.7029254,0.26702273,AU
4258,growing,False,False,intermediate,intermediate,intermediate,0.04222473,0.8497142,0.10806105,AU
4259,growing,False,True,intermediate,intermediate,intermediate,0.018725637,0.8481891,0.13308525,AU
4260,growing,False,True,intermediate,intermediate,intermediate,0.013777887,0.7914119,0.19481021,AU
4261,growing,False,True,complex,complex,complex,0.0060149785,0.1767819,0.8172031,AU
4262,growing,False,False,complex,intermediate,intermediate,0.013514181,0.493528,0.49295783,AU
4263,growing,False,True,intermediate,intermediate,intermediate,0.04046888,0.82747126,0.13205993,AU
4264,growing,False,False,complex,complex,complex,0.010578967,0.12603202,0.863389,AU
4265,growing,False,True,intermediate,intermediate,intermediate,0.029497419,0.8711417,0.09936089,AU
4266,growing,False,True,complex,intermediate,intermediate,0.02724607,0.6209047,0.3518492,AU
4267,growing,False,False,intermediate,intermediate,intermediate,0.009832621,0.60362494,0.3865424,AU
4268,growing,False,True,simple,simple,simple,0.9585783,0.022167264,0.019254431,AU
4269,growing,False,False,intermediate,intermediate,intermediate,0.16642015,0.7741536,0.05942632,AU
4270,growing,False,True,intermediate,intermediate,intermediate,0.029531276,0.8017281,0.16874056,AU
4271,growing,False,True,intermediate,intermediate,intermediate,0.03869199,0.89602447,0.065283485,AU
4272,growing,False,False,intermediate,intermediate,intermediate,0.042472593,0.819591,0.13793641,AU
4273,growing,False,False,simple,simple,simple,0.52045274,0.4159487,0.06359857,AU
4274,growing,False,True,intermediate,intermediate,intermediate,0.0512544,0.9030385,0.045707125,AU
4275,growing,False,True,intermediate,intermediate,intermediate,0.1558925,0.8079481,0.036159392,AU
4276,growing,False,True,intermediate,intermediate,intermediate,0.013021679,0.90970194,0.07727641,AU
4277,growing,False,True,intermediate,intermediate,intermediate,0.022511704,0.902263,0.0752253,AU
4278,growing,False,True,intermediate,intermediate,intermediate,0.24287152,0.65572774,0.10140078,AU
4279,growing,False,True,intermediate,intermediate,intermediate,0.005614481,0.9746327,0.019752774,AU
4280,growing,False,True,intermediate,intermediate,intermediate,0.311586,0.5852081,0.10320592,AU
4281,growing,False,True,complex,simple,simple,0.7000341,0.087357305,0.21260864,AU
4282,growing,False,True,complex,complex,complex,0.018019676,0.3835615,0.59841883,AU
4283,growing,False,True,complex,complex,complex,0.019438002,0.14805257,0.8325094,AU
4284,growing,False,True,complex,complex,complex,0.011499765,0.34008098,0.6484192,AU
4285,growing,False,True,complex,complex,complex,0.017995423,0.17139462,0.81061,AU
4286,growing,False,True,intermediate,intermediate,intermediate,0.028679455,0.8184601,0.15286048,AU
4287,growing,False,True,intermediate,intermediate,intermediate,0.05011953,0.7675486,0.18233182,AU
4288,growing,False,True,complex,intermediate,intermediate,0.018549563,0.56991714,0.41153327,AU
4289,growing,False,True,complex,complex,complex,0.020989822,0.26551312,0.7134971,AU
4290,growing,False,True,complex,complex,complex,0.02139886,0.23060787,0.7479933,AU
4291,growing,False,True,complex,complex,complex,0.02316293,0.2675174,0.70931965,AU
4292,growing,False,True,complex,complex,complex,0.055123717,0.3797809,0.5650954,AU
4293,growing,False,True,complex,complex,complex,0.009309613,0.2067494,0.78394103,AU
4294,growing,False,True,complex,complex,complex,0.007965569,0.014761989,0.9772725,AU
4295,growing,False,True,intermediate,intermediate,intermediate,0.020111596,0.56614244,0.41374597,AU
4296,growing,False,False,complex,complex,complex,0.008168658,0.27593654,0.71589476,AU
4297,growing,False,True,complex,complex,complex,0.0047318796,0.109739564,0.8855285,AU
4298,growing,False,True,complex,complex,complex,0.0078119314,0.043863527,0.94832456,AU
4299,growing,False,True,complex,complex,complex,0.027670095,0.18904611,0.78328377,AU
4300,growing,False,True,intermediate,intermediate,intermediate,0.021641206,0.8025102,0.1758486,AU
4301,growing,False,True,complex,complex,complex,0.025583977,0.18119708,0.793219,AU
4302,growing,False,True,complex,complex,complex,0.026813583,0.15783589,0.8153506,AU
4303,growing,False,True,complex,intermediate,intermediate,0.10005694,0.4991481,0.400795,AU
4304,growing,False,True,complex,complex,complex,0.00893495,0.3663846,0.62468046,AU
4305,growing,False,True,complex,intermediate,intermediate,0.023424769,0.5048309,0.4717443,AU
4306,growing,False,True,complex,complex,complex,0.10213139,0.20796904,0.68989956,AU
4307,growing,False,True,complex,intermediate,intermediate,0.05214167,0.5931163,0.35474202,AU
4308,growing,False,False,complex,complex,complex,0.008943111,0.3049697,0.6860872,AU
4309,growing,False,False,intermediate,complex,complex,0.06070484,0.27386767,0.6654275,AU
4310,growing,False,True,complex,complex,complex,0.005965535,0.45967683,0.5343576,AU
4311,growing,False,True,complex,complex,complex,0.012188789,0.44228038,0.5455308,AU
4312,growing,False,True,complex,complex,complex,0.008834829,0.051833257,0.93933195,AU
4313,growing,False,True,intermediate,intermediate,intermediate,0.05190694,0.71469,0.23340304,AU
4314,growing,False,True,complex,complex,complex,0.032414068,0.20389491,0.763691,AU
4315,growing,False,True,complex,complex,complex,0.007689276,0.25886416,0.73344654,AU
4316,growing,False,True,complex,complex,complex,0.01400912,0.098451786,0.88753915,AU
4317,growing,False,True,complex,complex,complex,0.0019321826,0.017141609,0.98092616,AU
4318,growing,False,True,complex,complex,complex,0.004230771,0.016715782,0.97905344,AU
4319,growing,False,True,intermediate,intermediate,intermediate,0.013774638,0.6562669,0.32995844,AU
4320,growing,False,True,complex,complex,complex,0.0011920282,0.010145906,0.98866206,AU
4321,growing,False,False,complex,complex,complex,0.007529266,0.14443804,0.8480327,AU
4322,growing,False,True,complex,complex,complex,0.01849236,0.06360119,0.9179065,AU
4323,growing,False,True,complex,complex,complex,0.06738053,0.2996918,0.6329277,AU
4324,growing,False,True,complex,complex,complex,0.039061606,0.45741656,0.5035218,AU
4325,growing,False,True,complex,complex,complex,0.012812882,0.17630962,0.8108775,AU
4326,growing,False,True,complex,complex,complex,0.012203584,0.293369,0.69442743,AU
4327,growing,False,False,complex,intermediate,intermediate,0.011721371,0.50236785,0.4859108,AU
4328,growing,False,True,complex,intermediate,intermediate,0.03175818,0.56776357,0.4004782,AU
4329,growing,False,True,complex,intermediate,intermediate,0.029869732,0.49543163,0.47469866,AU
4330,growing,False,True,complex,complex,complex,0.016535278,0.23021722,0.7532475,AU
4331,growing,False,True,complex,complex,complex,0.0059602167,0.08352698,0.9105128,AU
4332,growing,False,True,complex,complex,complex,0.0054516243,0.048647396,0.9459009,AU
4333,growing,False,False,intermediate,complex,complex,0.048671525,0.105482414,0.84584606,AU
4334,growing,False,True,complex,complex,complex,0.013704585,0.09708401,0.8892114,AU
4335,growing,False,True,complex,complex,complex,0.019069903,0.08272871,0.89820135,AU
4336,growing,False,True,complex,complex,complex,0.06616579,0.14320856,0.7906256,AU
4337,growing,False,True,intermediate,intermediate,intermediate,0.054397374,0.53763855,0.40796408,AU
4338,growing,False,True,complex,complex,complex,0.018326854,0.24746968,0.73420346,AU
4339,growing,False,True,complex,complex,complex,0.022286955,0.059723113,0.91798997,AU
4340,growing,False,False,complex,complex,complex,0.049054466,0.46295416,0.48799133,AU
4341,growing,False,True,intermediate,intermediate,intermediate,0.020080566,0.7927372,0.18718226,AU
4342,growing,False,True,intermediate,intermediate,intermediate,0.006301418,0.8970042,0.096694425,AU
4343,growing,False,True,complex,intermediate,intermediate,0.04362042,0.63086313,0.32551646,AU
4344,growing,False,True,intermediate,intermediate,intermediate,0.16683269,0.7340211,0.09914613,AU
4345,growing,False,True,intermediate,intermediate,intermediate,0.059537854,0.6283751,0.312087,AU
4346,growing,False,True,complex,complex,complex,0.0138948755,0.118011996,0.86809313,AU
4347,growing,False,False,,intermediate,intermediate,0.017693836,0.5008619,0.4814443,AU
4348,growing,False,True,complex,complex,complex,0.020779792,0.16449139,0.8147288,AU
4349,growing,False,True,intermediate,intermediate,intermediate,0.027807228,0.7901887,0.182004,AU
4350,growing,False,True,complex,intermediate,intermediate,0.041132703,0.7506036,0.20826364,CA
4351,growing,False,True,complex,intermediate,intermediate,0.041614328,0.6556125,0.30277312,CA
4352,growing,False,True,intermediate,intermediate,intermediate,0.019069571,0.91120344,0.06972703,CA
4353,growing,False,True,complex,complex,complex,0.012055924,0.10669071,0.8812534,CA
4354,growing,False,False,complex,complex,complex,0.009166711,0.10083698,0.88999635,CA
4355,growing,False,False,intermediate,intermediate,intermediate,0.4026773,0.563973,0.033349708,CA
4356,growing,False,True,simple,simple,simple,0.99147403,0.0050550993,0.003470888,CA
4357,growing,False,True,intermediate,intermediate,intermediate,0.16299224,0.6932753,0.14373247,CA
4358,growing,False,False,simple,simple,simple,0.6106662,0.33970115,0.049632665,CA
4359,growing,False,True,complex,complex,complex,0.030983485,0.1793505,0.78966606,CA
4360,growing,False,False,simple,intermediate,intermediate,0.03058083,0.8602969,0.109122284,CA
4361,growing,False,True,intermediate,intermediate,intermediate,0.028522437,0.77632874,0.19514883,CA
4362,growing,False,True,intermediate,intermediate,intermediate,0.08161726,0.8779778,0.040404968,CA
4363,growing,False,True,intermediate,intermediate,intermediate,0.012950994,0.70908296,0.27796608,US
4364,growing,False,True,complex,complex,complex,0.0042495676,0.11308729,0.88266313,US
4365,growing,False,True,complex,complex,complex,0.0028162326,0.029890427,0.9672934,US
4366,growing,False,False,complex,complex,complex,0.012511601,0.14107662,0.8464118,US
4367,growing,False,True,intermediate,intermediate,intermediate,0.017665377,0.67079854,0.31153607,US
4368,growing,False,True,complex,complex,complex,0.009014607,0.13904004,0.85194534,US
4369,growing,False,True,intermediate,intermediate,intermediate,0.0070272107,0.69949967,0.29347312,US
4370,growing,False,False,intermediate,intermediate,intermediate,0.006893315,0.85208637,0.14102031,US
4371,growing,False,True,complex,complex,complex,0.0053944425,0.12046365,0.8741419,US
4372,growing,False,True,intermediate,intermediate,intermediate,0.015894651,0.8246733,0.15943211,US
4373,growing,False,False,complex,complex,complex,0.0070907352,0.1981011,0.79480815,US
4374,growing,False,True,complex,complex,complex,0.0066380594,0.3335023,0.6598596,US
4375,growing,False,True,complex,complex,complex,0.002647049,0.07235758,0.92499536,US
4376,growing,False,True,complex,complex,complex,0.019235384,0.21231318,0.76845145,US
4377,growing,False,True,intermediate,intermediate,intermediate,0.0073228492,0.87504023,0.11763692,US
4378,growing,False,True,intermediate,intermediate,intermediate,0.012372601,0.9108076,0.07681979,US
4379,growing,False,True,intermediate,intermediate,intermediate,0.0018851078,0.9382313,0.059883576,US
4380,growing,False,True,complex,complex,complex,0.010642801,0.11909566,0.87026155,US
4381,growing,False,True,complex,complex,complex,0.0073308325,0.25820658,0.7344626,US
4382,growing,False,True,intermediate,intermediate,intermediate,0.0054972228,0.9616355,0.03286734,US
4383,growing,False,True,intermediate,intermediate,intermediate,0.0024340048,0.97586876,0.021697236,US
4384,growing,False,True,intermediate,intermediate,intermediate,0.008084764,0.8694125,0.122502774,US
4385,growing,False,True,intermediate,intermediate,intermediate,0.004123471,0.9545274,0.04134919,US
4386,growing,False,True,complex,intermediate,intermediate,0.006936345,0.84588784,0.14717586,US
4387,growing,False,True,intermediate,intermediate,intermediate,0.012023708,0.95515686,0.032819446,US
4388,growing,False,False,intermediate,intermediate,intermediate,0.024132933,0.9210433,0.05482378,US
4389,growing,False,True,complex,complex,complex,0.008990705,0.20415168,0.7868576,US
4390,growing,False,False,complex,complex,complex,0.01009722,0.1782615,0.8116413,US
4391,growing,False,True,complex,complex,complex,0.012284225,0.39003566,0.59768015,US
4392,growing,False,True,complex,complex,complex,0.014060193,0.18082032,0.8051195,US
4393,growing,False,True,complex,complex,complex,0.003973457,0.092692874,0.9033336,US
4394,growing,False,False,complex,complex,complex,0.0089004645,0.22292145,0.7681781,US
4395,growing,False,True,intermediate,intermediate,intermediate,0.008027398,0.84813565,0.14383696,US
4396,growing,False,True,complex,complex,complex,0.008088269,0.083808325,0.9081034,US
4397,growing,False,True,complex,complex,complex,0.034317702,0.19949722,0.7661851,US
4398,growing,False,False,intermediate,complex,complex,0.05538409,0.21184474,0.7327712,US
4399,growing,False,True,intermediate,intermediate,intermediate,0.010227737,0.86896145,0.12081085,US
4400,growing,False,True,complex,complex,complex,0.0071957097,0.29776448,0.6950398,US
4401,growing,False,False,complex,complex,complex,0.008618078,0.21012463,0.7812573,US
4402,growing,False,False,complex,intermediate,intermediate,0.011663777,0.50449425,0.483842,US
4403,growing,False,True,complex,complex,complex,0.005701856,0.06677337,0.92752475,US
4404,growing,False,True,complex,complex,complex,0.0064723,0.1764709,0.81705683,US
4405,growing,False,True,complex,complex,complex,0.023834957,0.3529137,0.6232514,US
4406,growing,False,True,intermediate,intermediate,intermediate,0.009630228,0.8733705,0.11699925,US
4407,growing,False,False,complex,complex,complex,0.014049321,0.21796946,0.76798123,US
4408,growing,False,True,complex,complex,complex,0.006044488,0.06466776,0.92928773,US
4409,growing,False,True,complex,complex,complex,0.008862952,0.14212228,0.84901476,US
4410,growing,False,False,complex,intermediate,intermediate,0.020926287,0.6150713,0.3640024,US
4411,growing,False,True,complex,complex,complex,0.0059500122,0.17607266,0.81797737,US
4412,growing,False,True,intermediate,intermediate,intermediate,0.00988789,0.89178646,0.0983257,US
4413,growing,False,True,intermediate,intermediate,intermediate,0.015842315,0.85006136,0.13409632,US
4414,growing,False,True,intermediate,intermediate,intermediate,0.013943228,0.8507542,0.13530256,US
4415,growing,False,True,complex,complex,complex,0.0109285945,0.20932375,0.77974766,US
4416,growing,False,True,complex,intermediate,intermediate,0.017823732,0.75656855,0.22560771,US
4417,growing,False,True,intermediate,intermediate,intermediate,0.0066729574,0.9082764,0.085050724,US
4418,growing,False,False,intermediate,intermediate,intermediate,0.010614338,0.8242579,0.16512778,US
4419,growing,False,True,complex,complex,complex,0.0053724535,0.36176682,0.6328607,US
4420,growing,False,True,intermediate,intermediate,intermediate,0.019291276,0.91419774,0.06651097,US
4421,growing,False,True,complex,complex,complex,0.018971886,0.2887238,0.69230425,US
4422,growing,False,False,intermediate,intermediate,intermediate,0.11221296,0.59657186,0.29121515,US
4423,growing,False,True,intermediate,intermediate,intermediate,0.0037430443,0.9383836,0.057873365,US
4424,growing,False,True,intermediate,intermediate,intermediate,0.018047791,0.87406147,0.10789081,US
4425,growing,False,True,intermediate,intermediate,intermediate,0.005517795,0.87976485,0.114717364,US
4426,growing,False,True,complex,complex,complex,0.008937283,0.35049525,0.6405675,US
4427,growing,False,True,complex,complex,complex,0.011318628,0.21345511,0.7752263,US
4428,growing,False,True,complex,intermediate,intermediate,0.03081149,0.6230359,0.34615257,US
4429,growing,False,True,complex,complex,complex,0.010346595,0.39209715,0.5975563,US
4430,growing,False,True,complex,complex,complex,0.014224823,0.46932343,0.5164517,US
4431,growing,False,True,complex,complex,complex,0.017217355,0.1970601,0.78572255,US
4432,growing,False,True,intermediate,intermediate,intermediate,0.0065443567,0.8968741,0.096581504,US
4433,growing,False,True,intermediate,intermediate,intermediate,0.0060495785,0.7771118,0.21683864,US
4434,growing,False,True,complex,complex,complex,0.003988434,0.47216058,0.523851,US
4435,growing,False,True,intermediate,intermediate,intermediate,0.0061488235,0.9303903,0.063460924,US
4436,growing,False,False,complex,intermediate,intermediate,0.012074582,0.9287117,0.059213765,US
4437,growing,False,True,intermediate,intermediate,intermediate,0.0042409557,0.93949944,0.05625961,US
4438,growing,False,True,intermediate,intermediate,intermediate,0.010129555,0.9461907,0.043679755,US
4439,growing,False,False,complex,complex,complex,0.0069588525,0.38363853,0.6094026,US
4440,growing,False,True,intermediate,intermediate,intermediate,0.0125516895,0.9549218,0.032526493,US
4441,growing,False,False,complex,intermediate,intermediate,0.1047862,0.5893269,0.30588686,US
4442,growing,False,True,intermediate,intermediate,intermediate,0.019337254,0.9679957,0.012667049,US
4443,growing,False,False,intermediate,intermediate,intermediate,0.08540643,0.68413395,0.23045966,US
4444,growing,False,True,complex,complex,complex,0.01145253,0.20026784,0.78827965,US
4445,growing,False,True,complex,complex,complex,0.015908478,0.23754185,0.74654967,US
4446,growing,False,True,complex,complex,complex,0.02466444,0.20029831,0.7750372,US
4447,growing,False,True,complex,complex,complex,0.005241476,0.09972347,0.8950351,US
4448,growing,False,True,complex,complex,complex,0.06639805,0.17919691,0.7544051,US
4449,growing,False,True,complex,complex,complex,0.015885253,0.10055593,0.8835588,US
4450,growing,False,True,complex,complex,complex,0.19627252,0.25968027,0.54404724,US
4451,growing,False,True,complex,complex,complex,0.011191849,0.06130664,0.92750156,US
4452,growing,False,False,complex,complex,complex,0.0067608138,0.14904593,0.8441932,US
4453,growing,False,True,complex,complex,complex,0.003853324,0.1532968,0.84284985,US
4454,growing,False,True,complex,complex,complex,0.010651986,0.18621539,0.80313265,US
4455,growing,False,True,complex,complex,complex,0.0073729963,0.045603994,0.94702303,US
4456,growing,False,True,complex,complex,complex,0.035504904,0.23329397,0.7312011,US
4457,growing,False,True,complex,complex,complex,0.011618021,0.4144225,0.57395947,US
4458,growing,False,True,complex,complex,complex,0.06074196,0.15145674,0.78780127,US
4459,growing,False,False,intermediate,intermediate,intermediate,0.010792689,0.79915774,0.19004954,US
4460,growing,False,False,intermediate,intermediate,intermediate,0.006933218,0.70444024,0.28862652,US
4461,growing,False,False,complex,intermediate,intermediate,0.0064427685,0.8538783,0.1396789,US
4462,growing,False,True,complex,intermediate,intermediate,0.006477141,0.7259926,0.26753026,US
4463,growing,False,True,complex,complex,complex,0.0045987563,0.13123265,0.8641686,US
4464,growing,False,True,complex,complex,complex,0.014568309,0.02003516,0.96539646,US
4465,growing,False,True,complex,complex,complex,0.0025925776,0.06635385,0.9310535,US
4466,growing,False,False,complex,complex,complex,0.011129399,0.03217962,0.95669097,US
4467,growing,False,True,complex,complex,complex,0.016513918,0.09623955,0.88724655,US
4468,growing,False,False,complex,complex,complex,0.20297138,0.34390086,0.45312774,US
4469,growing,False,True,complex,complex,complex,0.021963144,0.22982751,0.74820936,US
4470,growing,False,True,complex,intermediate,intermediate,0.019474544,0.5481597,0.4323657,US
4471,growing,False,True,complex,complex,complex,0.0048499084,0.22828418,0.7668659,US
4472,growing,False,True,complex,complex,complex,0.20301601,0.31946492,0.47751907,US
4473,growing,False,True,complex,intermediate,intermediate,0.0098921545,0.6157013,0.37440652,US
4474,growing,False,True,complex,complex,complex,0.010795884,0.1633407,0.8258634,US
4475,growing,False,True,complex,complex,complex,0.029304486,0.29696062,0.6737349,US
4476,growing,False,True,complex,complex,complex,0.029891795,0.20347287,0.7666353,US
4477,growing,False,True,intermediate,intermediate,intermediate,0.0039802673,0.87870514,0.117314555,US
4478,growing,False,True,complex,complex,complex,0.015130342,0.20050864,0.78436106,US
4479,growing,False,True,complex,complex,complex,0.008757973,0.33359545,0.65764654,US
4480,growing,False,False,complex,intermediate,intermediate,0.024906183,0.6704946,0.3045992,US
4481,growing,False,True,complex,complex,complex,0.021364147,0.043010503,0.9356253,US
4482,growing,False,True,complex,complex,complex,0.0036470315,0.044578064,0.9517749,US
4483,growing,False,True,complex,complex,complex,0.003834976,0.112310596,0.88385445,US
4484,growing,False,True,complex,complex,complex,0.0030570491,0.07073833,0.92620456,US
4485,growing,False,False,complex,complex,complex,0.006896107,0.06736001,0.9257439,US
4486,growing,False,True,complex,complex,complex,0.002334665,0.036924314,0.960741,US
4487,growing,False,True,complex,complex,complex,0.003424832,0.056242414,0.9403328,US
4488,growing,False,True,complex,complex,complex,0.007396941,0.20612352,0.78647953,US
4489,growing,False,True,complex,complex,complex,0.0040309513,0.06291661,0.9330524,US
4490,growing,False,True,complex,complex,complex,0.009453328,0.12929931,0.86124736,US
4491,growing,False,True,complex,complex,complex,0.0042834915,0.07546739,0.9202491,US
4492,growing,False,True,complex,complex,complex,0.0067497883,0.26183155,0.7314186,US
4493,growing,False,True,complex,complex,complex,0.0035178028,0.043347992,0.95313424,US
4494,growing,False,True,complex,complex,complex,0.0053704916,0.116263285,0.8783662,US
4495,growing,False,True,complex,complex,complex,0.012652853,0.06500996,0.92233723,US
4496,growing,False,True,complex,intermediate,intermediate,0.0088960435,0.70606774,0.28503618,US
4497,growing,False,True,complex,complex,complex,0.004474161,0.059085716,0.9364401,US
4498,growing,False,True,complex,complex,complex,0.006903922,0.08301158,0.9100845,US
4499,growing,False,True,complex,complex,complex,0.009200179,0.3037386,0.6870612,US
4500,growing,False,True,complex,complex,complex,0.012119575,0.28036407,0.7075164,US
4501,growing,False,True,complex,intermediate,intermediate,0.011941711,0.58168465,0.40637365,US
4502,growing,False,True,complex,complex,complex,0.004870802,0.09742641,0.8977028,US
4503,growing,False,True,complex,complex,complex,0.003028633,0.03584681,0.9611246,US
4504,growing,False,True,complex,complex,complex,0.010254054,0.35100487,0.6387411,US
4505,growing,False,True,complex,complex,complex,0.023702513,0.30977386,0.6665236,US
4506,growing,False,False,complex,intermediate,intermediate,0.013228711,0.90474457,0.08202674,US
4507,growing,False,True,complex,complex,complex,0.014459661,0.38606,0.5994804,US
4508,growing,False,True,complex,complex,complex,0.015188815,0.06470534,0.9201059,US
4509,growing,False,True,complex,complex,complex,0.011167828,0.0765492,0.912283,US
4510,growing,False,True,complex,complex,complex,0.006277029,0.1431254,0.8505976,US
4511,growing,False,True,complex,complex,complex,0.1144067,0.07842153,0.8071717,US
4512,growing,False,True,complex,complex,complex,0.044920705,0.12569056,0.8293887,US
4513,growing,False,True,complex,complex,complex,0.034052074,0.21155818,0.75438976,US
4514,growing,False,False,intermediate,complex,complex,0.03466923,0.27578396,0.6895468,US
4515,growing,False,True,intermediate,intermediate,intermediate,0.015181111,0.8731167,0.11170221,US
4516,growing,False,True,complex,complex,complex,0.032131135,0.36638343,0.60148543,US
4517,growing,False,True,complex,complex,complex,0.13234246,0.14444612,0.72321147,US
4518,growing,False,True,complex,complex,complex,0.015388014,0.08438341,0.90022856,US
4519,growing,False,False,complex,intermediate,intermediate,0.01577022,0.62501967,0.3592101,US
4520,growing,False,True,intermediate,intermediate,intermediate,0.013546767,0.80650264,0.17995064,US
4521,growing,False,False,intermediate,intermediate,intermediate,0.011266468,0.7620142,0.22671938,US
4522,growing,False,True,intermediate,intermediate,intermediate,0.020054845,0.91417783,0.06576737,US
4523,growing,False,True,intermediate,intermediate,intermediate,0.008012938,0.9581566,0.03383055,US
4524,growing,False,True,intermediate,intermediate,intermediate,0.014129034,0.79274386,0.19312714,US
4525,growing,False,True,intermediate,intermediate,intermediate,0.011476614,0.8905052,0.09801814,US
4526,growing,False,False,complex,intermediate,intermediate,0.020760084,0.7150376,0.2642023,US
4527,growing,False,True,complex,complex,complex,0.11453377,0.4151402,0.47032604,US
4528,growing,False,True,intermediate,intermediate,intermediate,0.08025022,0.62558603,0.2941638,US
4529,growing,False,True,complex,complex,complex,0.013831473,0.32393566,0.6622329,US
4530,growing,False,True,intermediate,intermediate,intermediate,0.01128396,0.93390256,0.054813433,US
4531,growing,False,True,complex,intermediate,intermediate,0.045470428,0.66325986,0.29126972,US
4532,growing,False,True,intermediate,intermediate,intermediate,0.008719358,0.8857225,0.10555813,US
4533,growing,False,False,complex,intermediate,intermediate,0.014996451,0.57809305,0.4069105,US
4534,growing,False,True,complex,complex,complex,0.027449785,0.35684028,0.6157099,US
4535,growing,False,True,complex,complex,complex,0.016946444,0.4020477,0.5810058,US
4536,growing,False,True,complex,complex,complex,0.012065221,0.13998711,0.84794766,US
4537,growing,False,True,complex,complex,complex,0.009084514,0.082047984,0.9088675,US
4538,growing,False,False,complex,complex,complex,0.0072857253,0.06736307,0.92535126,US
4539,growing,False,True,intermediate,intermediate,intermediate,0.01245172,0.94455945,0.042988867,US
4540,growing,False,True,intermediate,intermediate,intermediate,0.03361666,0.8934938,0.07288963,US
4541,growing,False,True,intermediate,intermediate,intermediate,0.015984317,0.96354896,0.02046673,US
4542,growing,False,False,intermediate,intermediate,intermediate,0.038516223,0.91662735,0.04485644,US
4543,growing,False,True,complex,complex,complex,0.03195737,0.09848138,0.86956125,US
4544,growing,False,True,intermediate,intermediate,intermediate,0.068744086,0.91365856,0.01759736,US
4545,growing,False,True,complex,intermediate,intermediate,0.11622105,0.57662475,0.3071542,US
4546,growing,False,True,intermediate,intermediate,intermediate,0.054656062,0.9068276,0.038516276,US
4547,growing,False,True,intermediate,intermediate,intermediate,0.029158939,0.9015461,0.069295,US
4548,growing,False,True,complex,complex,complex,0.015957078,0.3415344,0.64250845,US
4549,growing,False,True,complex,complex,complex,0.012506061,0.27554223,0.71195173,US
4550,growing,False,True,complex,complex,complex,0.020087816,0.3608876,0.6190246,US
4551,growing,False,False,complex,complex,complex,0.021796385,0.115462154,0.8627415,US
4552,growing,False,False,complex,complex,complex,0.011951097,0.121821634,0.86622727,US
