UCIN,observed,authors,always_complex,climate_only,nearest_gauge,relation,overlaps_training,years,area,r2_lin,n_events,season
73107,complex,intermediate,complex,complex,intermediate,independent,False,>30,<100,0.459011,457,dormant
73120,intermediate,intermediate,complex,complex,intermediate,independent,False,20-30,<100,0.538223,246,dormant
73121,intermediate,intermediate,complex,complex,intermediate,independent,False,>30,<100,0.537771,308,dormant
73124,complex,complex,complex,complex,intermediate,independent,False,10-20,<100,0.418685,129,dormant
73127,intermediate,intermediate,complex,complex,intermediate,independent,False,10-20,<100,0.621437,156,dormant
73137,intermediate,intermediate,complex,complex,intermediate,independent,False,10-20,<100,0.637161,219,dormant
73138,intermediate,intermediate,complex,complex,intermediate,independent,False,10-20,<100,0.618165,139,dormant
73139,complex,intermediate,complex,complex,intermediate,independent,False,>30,100-1000,0.470265,386,dormant
73143,intermediate,intermediate,complex,complex,intermediate,independent,False,20-30,100-1000,0.566103,345,dormant
73144,intermediate,intermediate,complex,complex,intermediate,independent,False,>30,<100,0.591585,517,dormant
73145,intermediate,intermediate,complex,complex,intermediate,independent,False,>30,100-1000,0.596382,272,dormant
73147,complex,intermediate,complex,complex,intermediate,independent,False,20-30,<100,0.489878,304,dormant
73149,complex,intermediate,complex,complex,intermediate,independent,False,20-30,100-1000,0.377014,168,dormant
73151,intermediate,intermediate,complex,complex,intermediate,independent,False,>30,100-1000,0.504894,512,dormant
73153,intermediate,intermediate,complex,complex,intermediate,independent,False,10-20,<100,0.557281,193,dormant
73156,complex,intermediate,complex,complex,intermediate,independent,False,>30,100-1000,0.455485,256,dormant
73158,intermediate,intermediate,complex,complex,intermediate,independent,False,20-30,<100,0.645218,151,dormant
73161,intermediate,intermediate,complex,complex,intermediate,independent,False,20-30,<100,0.622811,195,dormant
73162,intermediate,intermediate,complex,complex,intermediate,independent,False,>30,100-1000,0.646287,417,dormant
73164,intermediate,intermediate,complex,complex,intermediate,independent,False,10-20,100-1000,0.617059,228,dormant
73170,intermediate,intermediate,complex,complex,intermediate,independent,False,>30,<100,0.66151,363,dormant
73171,intermediate,intermediate,complex,complex,intermediate,independent,False,20-30,<100,0.645194,169,dormant
73172,intermediate,intermediate,complex,complex,intermediate,independent,False,>30,<100,0.565101,303,dormant
73175,complex,intermediate,complex,complex,intermediate,independent,False,>30,<100,0.489043,298,dormant
73176,intermediate,intermediate,complex,complex,intermediate,independent,False,10-20,100-1000,0.614596,148,dormant
73179,complex,intermediate,complex,complex,intermediate,independent,False,10-20,<100,0.462772,154,dormant
73180,intermediate,intermediate,complex,complex,intermediate,independent,False,10-20,<100,0.538267,94,dormant
73181,intermediate,intermediate,complex,complex,intermediate,independent,False,10-20,<100,0.550407,134,dormant
73182,intermediate,complex,complex,complex,intermediate,independent,False,10-20,<100,0.526651,125,dormant
73183,intermediate,complex,complex,complex,intermediate,independent,False,10-20,<100,0.630372,88,dormant
73184,intermediate,intermediate,complex,complex,intermediate,independent,False,>30,<100,0.573732,344,dormant
73185,intermediate,intermediate,complex,intermediate,intermediate,independent,False,>30,<100,0.587405,328,dormant
73189,intermediate,intermediate,complex,complex,complex,independent,False,>30,<100,0.566,354,dormant
73190,complex,intermediate,complex,complex,complex,independent,False,10-20,<100,0.481755,113,dormant
73193,intermediate,intermediate,complex,complex,complex,independent,False,20-30,100-1000,0.555078,267,dormant
73194,intermediate,intermediate,complex,complex,complex,independent,False,>30,100-1000,0.564457,372,dormant
73195,intermediate,intermediate,complex,complex,complex,independent,False,>30,<100,0.518907,279,dormant
73203,intermediate,intermediate,complex,complex,complex,overlapping,True,>30,<100,0.540584,424,dormant
73210,intermediate,complex,complex,complex,intermediate,adjacent,False,>30,100-1000,0.551774,520,dormant
73212,complex,complex,complex,complex,complex,overlapping,True,>30,100-1000,0.472774,403,dormant
73219,complex,complex,complex,complex,complex,independent,False,>30,<100,0.446459,547,dormant
73220,intermediate,complex,complex,complex,complex,independent,False,10-20,<100,0.558172,135,dormant
73221,intermediate,complex,complex,complex,complex,independent,False,>30,100-1000,0.5668,397,dormant
73223,intermediate,complex,complex,complex,complex,independent,False,10-20,<100,0.512921,108,dormant
73226,complex,intermediate,complex,intermediate,complex,independent,False,>30,100-1000,0.496836,451,dormant
73227,intermediate,intermediate,complex,complex,complex,independent,False,10-20,100-1000,0.614394,233,dormant
73228,intermediate,intermediate,complex,complex,complex,independent,False,10-20,<100,0.619354,155,dormant
73229,intermediate,intermediate,complex,complex,complex,independent,False,10-20,<100,0.546536,141,dormant
73231,complex,intermediate,complex,complex,complex,independent,False,>30,<100,0.479564,334,dormant
73233,complex,intermediate,complex,complex,complex,independent,False,10-20,<100,0.4387,182,dormant
73234,complex,intermediate,complex,complex,complex,independent,False,10-20,<100,0.486025,197,dormant
73235,complex,intermediate,complex,complex,complex,independent,False,10-20,100-1000,0.328488,194,dormant
73237,complex,intermediate,complex,complex,complex,independent,False,>30,100-1000,0.48819,411,dormant
73240,complex,intermediate,complex,complex,complex,independent,False,20-30,<100,0.424932,245,dormant
73241,complex,complex,complex,complex,complex,independent,False,>30,100-1000,0.406644,373,dormant
73243,complex,intermediate,complex,complex,complex,independent,False,>30,<100,0.474531,265,dormant
73244,intermediate,intermediate,complex,complex,complex,independent,False,10-20,<100,0.561337,131,dormant
73245,intermediate,intermediate,complex,complex,complex,independent,False,20-30,100-1000,0.576698,190,dormant
73246,intermediate,intermediate,complex,complex,complex,independent,False,20-30,<100,0.623505,188,dormant
73248,intermediate,intermediate,complex,complex,complex,independent,False,>30,<100,0.585985,213,dormant
73249,intermediate,intermediate,complex,complex,complex,independent,False,20-30,<100,0.572196,150,dormant
73251,complex,intermediate,complex,complex,complex,independent,False,>30,100-1000,0.393932,380,dormant
73252,complex,intermediate,complex,complex,complex,independent,False,>30,<100,0.373171,308,dormant
73255,complex,intermediate,complex,complex,complex,independent,False,20-30,100-1000,0.26957,276,dormant
73257,intermediate,intermediate,complex,complex,complex,independent,False,20-30,<100,0.505989,164,dormant
73259,intermediate,intermediate,complex,complex,complex,independent,False,>30,<100,0.534637,268,dormant
73260,intermediate,complex,complex,complex,complex,independent,False,10-20,<100,0.631379,103,dormant
73264,intermediate,intermediate,complex,complex,complex,independent,False,20-30,100-1000,0.609872,177,dormant
73265,intermediate,intermediate,complex,complex,complex,independent,False,>30,<100,0.504728,260,dormant
73269,complex,intermediate,complex,complex,complex,independent,False,>30,<100,0.40276,378,dormant
73270,complex,intermediate,complex,complex,complex,independent,False,>30,<100,0.452212,357,dormant
73272,complex,intermediate,complex,complex,complex,independent,False,>30,<100,0.490443,380,dormant
73274,complex,intermediate,complex,complex,complex,independent,False,>30,<100,0.479407,373,dormant
73277,intermediate,intermediate,complex,complex,complex,independent,False,>30,100-1000,0.561142,469,dormant
73279,intermediate,intermediate,complex,complex,intermediate,independent,False,20-30,100-1000,0.685472,327,dormant
73284,complex,complex,complex,complex,complex,adjacent,False,>30,100-1000,0.426897,285,dormant
73285,complex,complex,complex,complex,intermediate,adjacent,False,10-20,<100,0.282536,78,dormant
73286,complex,complex,complex,complex,complex,adjacent,False,10-20,<100,0.194951,119,dormant
73287,intermediate,complex,complex,complex,intermediate,adjacent,False,>30,100-1000,0.540981,384,dormant
73291,complex,intermediate,complex,complex,complex,independent,False,>30,100-1000,0.394157,415,dormant
73294,intermediate,complex,complex,complex,complex,nested,True,10-20,100-1000,0.63751,147,dormant
73297,complex,complex,complex,complex,complex,nested,True,>30,100-1000,0.336154,278,dormant
73298,complex,complex,complex,complex,complex,nested,True,>30,100-1000,0.370944,364,dormant
73301,complex,complex,complex,complex,complex,nested,True,>30,>1000,0.392674,334,dormant
73302,complex,complex,complex,complex,complex,nested,True,>30,100-1000,0.3018,245,dormant
73305,complex,complex,complex,complex,complex,nested,True,>30,>1000,0.352318,311,dormant
73306,complex,complex,complex,complex,complex,nested,True,>30,100-1000,0.456989,395,dormant
73314,complex,complex,complex,complex,complex,independent,False,>30,100-1000,0.43176,384,dormant
73315,complex,complex,complex,complex,complex,nested,True,10-20,<100,0.370618,172,dormant
73322,intermediate,complex,complex,complex,complex,independent,False,10-20,>1000,0.577008,166,dormant
73325,intermediate,complex,complex,complex,complex,independent,False,>30,>1000,0.543614,416,dormant
73327,complex,complex,complex,complex,complex,independent,False,>30,100-1000,0.410809,382,dormant
73329,complex,complex,complex,complex,intermediate,adjacent,False,>30,100-1000,0.445669,308,dormant
73330,complex,complex,complex,complex,complex,adjacent,False,10-20,100-1000,0.296783,166,dormant
73331,complex,complex,complex,complex,complex,adjacent,False,10-20,100-1000,0.392317,154,dormant
73339,intermediate,intermediate,complex,complex,intermediate,independent,False,10-20,<100,0.579745,99,dormant
73340,complex,intermediate,complex,complex,intermediate,independent,False,10-20,<100,0.413637,99,dormant
73342,complex,intermediate,complex,complex,intermediate,independent,False,10-20,<100,0.465984,91,dormant
73349,complex,intermediate,complex,complex,complex,independent,False,10-20,<100,0.354141,106,dormant
73350,intermediate,intermediate,complex,complex,complex,independent,False,>30,100-1000,0.52086,351,dormant
73351,complex,intermediate,complex,complex,complex,independent,False,20-30,<100,0.487779,208,dormant
73352,complex,intermediate,complex,complex,complex,independent,False,10-20,<100,0.429713,87,dormant
73355,intermediate,complex,complex,complex,intermediate,independent,False,20-30,<100,0.562968,162,dormant
73358,intermediate,intermediate,complex,complex,intermediate,independent,False,>30,100-1000,0.58136,395,dormant
73359,intermediate,intermediate,complex,complex,intermediate,independent,False,>30,<100,0.538288,310,dormant
73370,intermediate,intermediate,complex,complex,intermediate,independent,False,>30,100-1000,0.600067,384,dormant
73372,intermediate,intermediate,complex,complex,intermediate,independent,False,>30,<100,0.539758,368,dormant
73377,complex,complex,complex,complex,intermediate,nested,True,>30,<100,0.480466,286,dormant
73378,complex,complex,complex,complex,complex,nested,True,20-30,100-1000,0.46997,291,dormant
73380,intermediate,intermediate,complex,complex,intermediate,nested,True,>30,100-1000,0.528771,324,dormant
73385,intermediate,complex,complex,complex,complex,independent,False,10-20,<100,0.67458,108,dormant
73386,complex,intermediate,complex,complex,intermediate,adjacent,False,20-30,100-1000,0.481777,229,dormant
73392,complex,intermediate,complex,complex,intermediate,adjacent,False,>30,>1000,0.464394,366,dormant
73395,intermediate,intermediate,complex,complex,intermediate,independent,False,>30,<100,0.574842,429,dormant
73399,complex,complex,complex,complex,intermediate,adjacent,False,>30,>1000,0.453434,97,dormant
73410,complex,intermediate,complex,complex,complex,adjacent,False,>30,100-1000,0.485381,429,dormant
73411,intermediate,intermediate,complex,complex,complex,independent,False,>30,<100,0.507738,298,dormant
73412,complex,intermediate,complex,complex,complex,adjacent,False,>30,>1000,0.485782,442,dormant
73413,intermediate,intermediate,complex,complex,complex,adjacent,False,10-20,>1000,0.669377,143,dormant
73415,intermediate,intermediate,complex,complex,complex,adjacent,False,>30,>1000,0.526913,426,dormant
73416,intermediate,intermediate,complex,complex,intermediate,adjacent,False,>30,>1000,0.593772,404,dormant
73418,complex,intermediate,complex,complex,complex,adjacent,False,>30,100-1000,0.34685,344,dormant
73419,intermediate,intermediate,complex,complex,intermediate,independent,False,10-20,100-1000,0.67787,147,dormant
73420,intermediate,complex,complex,complex,intermediate,contains,True,>30,>1000,0.590874,428,dormant
73421,intermediate,intermediate,complex,complex,intermediate,adjacent,False,>30,100-1000,0.599122,375,dormant
73429,intermediate,complex,complex,complex,intermediate,contains,True,>30,>1000,0.503531,381,dormant
73430,intermediate,intermediate,complex,complex,intermediate,independent,False,>30,<100,0.546339,423,dormant
73432,intermediate,intermediate,complex,complex,intermediate,independent,False,10-20,<100,0.557294,165,dormant
73438,complex,intermediate,complex,complex,complex,independent,False,>30,100-1000,0.471735,212,dormant
73445,complex,intermediate,complex,complex,intermediate,independent,False,10-20,>1000,0.21923,21,dormant
73451,complex,intermediate,complex,complex,intermediate,adjacent,False,>30,100-1000,0.474989,404,dormant
73452,complex,intermediate,complex,complex,intermediate,adjacent,False,>30,100-1000,0.417665,358,dormant
73454,complex,intermediate,complex,complex,intermediate,adjacent,False,>30,>1000,0.423592,371,dormant
73455,complex,intermediate,complex,complex,complex,adjacent,False,>30,>1000,0.389741,359,dormant
73456,complex,intermediate,complex,complex,intermediate,adjacent,False,>30,100-1000,0.48721,386,dormant
73462,complex,intermediate,complex,complex,intermediate,contains,True,>30,>1000,0.479843,418,dormant
73466,intermediate,intermediate,complex,complex,intermediate,adjacent,False,10-20,>1000,0.559331,152,dormant
73469,intermediate,intermediate,complex,complex,intermediate,adjacent,False,20-30,<100,0.586393,189,dormant
73470,complex,intermediate,complex,complex,intermediate,adjacent,False,>30,100-1000,0.213981,255,dormant
73471,complex,intermediate,complex,complex,intermediate,adjacent,False,>30,100-1000,0.370175,166,dormant
73474,intermediate,intermediate,complex,complex,intermediate,contains,True,10-20,>1000,0.528212,190,dormant
73479,complex,intermediate,complex,complex,intermediate,contains,True,>30,100-1000,0.439215,299,dormant
73480,complex,intermediate,complex,complex,intermediate,contains,True,>30,100-1000,0.448658,355,dormant
73481,complex,intermediate,complex,complex,intermediate,adjacent,False,>30,100-1000,0.211289,92,dormant
73482,intermediate,intermediate,complex,complex,intermediate,adjacent,False,>30,100-1000,0.555203,325,dormant
73485,intermediate,intermediate,complex,complex,intermediate,contains,True,>30,>1000,0.613811,420,dormant
73492,intermediate,intermediate,complex,complex,intermediate,independent,False,20-30,100-1000,0.586449,150,dormant
73498,intermediate,intermediate,complex,complex,complex,adjacent,False,>30,100-1000,0.590267,400,dormant
73509,intermediate,intermediate,complex,complex,complex,independent,False,20-30,<100,0.688076,205,dormant
73511,intermediate,intermediate,complex,complex,intermediate,independent,False,20-30,100-1000,0.635772,275,dormant
73514,intermediate,intermediate,complex,complex,intermediate,independent,False,>30,<100,0.652503,239,dormant
73515,intermediate,intermediate,complex,complex,intermediate,independent,False,20-30,<100,0.662373,180,dormant
73520,intermediate,intermediate,complex,complex,complex,independent,False,20-30,<100,0.671659,299,dormant
73522,intermediate,intermediate,complex,complex,complex,independent,False,>30,100-1000,0.575685,462,dormant
73523,intermediate,intermediate,complex,complex,intermediate,independent,False,10-20,100-1000,0.509104,111,dormant
73524,intermediate,intermediate,complex,complex,intermediate,independent,False,10-20,100-1000,0.5278,106,dormant
73525,intermediate,intermediate,complex,complex,intermediate,independent,False,>30,100-1000,0.52581,403,dormant
73531,intermediate,intermediate,complex,complex,intermediate,independent,False,>30,>1000,0.715645,46,dormant
73534,intermediate,intermediate,complex,complex,intermediate,independent,False,10-20,100-1000,0.552273,119,dormant
73538,intermediate,complex,complex,complex,intermediate,independent,False,10-20,<100,0.725716,136,dormant
73540,complex,intermediate,complex,complex,intermediate,independent,False,>30,100-1000,0.458128,396,dormant
73542,intermediate,intermediate,complex,complex,intermediate,independent,False,20-30,<100,0.710856,180,dormant
73544,intermediate,intermediate,complex,complex,intermediate,independent,False,20-30,<100,0.694501,179,dormant
73552,simple,intermediate,complex,complex,intermediate,independent,False,10-20,<100,0.787762,99,dormant
73553,simple,intermediate,complex,complex,intermediate,independent,False,10-20,<100,0.770244,112,dormant
73554,intermediate,intermediate,complex,complex,intermediate,adjacent,False,>30,100-1000,0.585997,364,dormant
73555,intermediate,intermediate,complex,complex,intermediate,independent,False,>30,<100,0.676467,397,dormant
73556,complex,intermediate,complex,complex,intermediate,adjacent,False,>30,<100,0.416247,283,dormant
73558,intermediate,intermediate,complex,complex,complex,independent,False,10-20,<100,0.664376,187,dormant
73563,intermediate,intermediate,complex,complex,intermediate,adjacent,False,>30,100-1000,0.588101,426,dormant
73565,intermediate,intermediate,complex,complex,intermediate,independent,False,>30,<100,0.551153,292,dormant
73566,intermediate,intermediate,complex,complex,complex,independent,False,10-20,100-1000,0.553414,100,dormant
73567,complex,intermediate,complex,complex,intermediate,independent,False,20-30,<100,0.477388,257,dormant
73568,intermediate,intermediate,complex,complex,intermediate,adjacent,False,>30,>1000,0.58015,401,dormant
73571,intermediate,intermediate,complex,complex,intermediate,contains,True,10-20,100-1000,0.660232,118,dormant
73573,intermediate,intermediate,complex,complex,intermediate,adjacent,False,>30,100-1000,0.738846,351,dormant
73578,complex,intermediate,complex,complex,intermediate,adjacent,False,>30,>1000,0.459456,241,dormant
73586,intermediate,intermediate,complex,complex,intermediate,contains,True,10-20,100-1000,0.602483,75,dormant
73587,intermediate,intermediate,complex,complex,intermediate,contains,True,>30,>1000,0.578157,277,dormant
73588,intermediate,intermediate,complex,complex,intermediate,contains,True,>30,>1000,0.633085,51,dormant
73596,intermediate,intermediate,complex,complex,intermediate,adjacent,False,>30,100-1000,0.552271,404,dormant
73602,complex,intermediate,complex,complex,intermediate,independent,False,10-20,<100,0.485754,175,dormant
73604,intermediate,intermediate,complex,complex,intermediate,independent,False,10-20,<100,0.636464,133,dormant
73605,intermediate,intermediate,complex,complex,intermediate,independent,False,20-30,<100,0.72657,206,dormant
73608,intermediate,intermediate,complex,complex,intermediate,independent,False,10-20,<100,0.660797,90,dormant
73610,intermediate,intermediate,complex,complex,intermediate,independent,False,10-20,<100,0.605764,147,dormant
73611,intermediate,intermediate,complex,complex,intermediate,independent,False,10-20,<100,0.640564,137,dormant
73617,complex,complex,complex,complex,intermediate,contains,True,20-30,>1000,0.469562,305,dormant
73620,complex,intermediate,complex,complex,intermediate,independent,False,>30,100-1000,0.380553,235,dormant
73621,complex,intermediate,complex,complex,intermediate,independent,False,10-20,>1000,0.490036,177,dormant
73622,intermediate,complex,complex,complex,intermediate,contains,True,>30,>1000,0.578499,31,dormant
73625,intermediate,intermediate,complex,complex,intermediate,independent,False,10-20,<100,0.555635,174,dormant
73626,intermediate,intermediate,complex,complex,intermediate,independent,False,10-20,<100,0.561512,137,dormant
73633,complex,intermediate,complex,complex,intermediate,independent,False,10-20,>1000,0.393981,81,dormant
73635,intermediate,intermediate,complex,complex,intermediate,independent,False,>30,>1000,0.32537,51,dormant
73637,intermediate,intermediate,complex,complex,intermediate,independent,False,20-30,100-1000,0.586774,219,dormant
73641,complex,intermediate,complex,complex,intermediate,contains,True,10-20,>1000,0.423682,172,dormant
73647,intermediate,intermediate,complex,complex,intermediate,independent,False,20-30,<100,0.662342,203,dormant
73648,intermediate,complex,complex,complex,intermediate,independent,False,10-20,<100,0.683659,130,dormant
73653,intermediate,intermediate,complex,complex,intermediate,independent,False,20-30,<100,0.678023,209,dormant
73654,complex,intermediate,complex,complex,intermediate,independent,False,10-20,<100,0.495584,114,dormant
73655,intermediate,intermediate,complex,complex,intermediate,adjacent,False,>30,100-1000,0.597285,396,dormant
73656,intermediate,intermediate,complex,complex,intermediate,independent,False,>30,<100,0.558066,363,dormant
73658,intermediate,intermediate,complex,complex,intermediate,independent,False,10-20,100-1000,0.547738,109,dormant
73659,intermediate,intermediate,complex,complex,intermediate,independent,False,10-20,<100,0.662625,104,dormant
73660,complex,intermediate,complex,complex,intermediate,contains,True,>30,>1000,0.158419,290,dormant
73661,intermediate,intermediate,complex,complex,intermediate,independent,False,10-20,<100,0.602991,91,dormant
73663,intermediate,intermediate,complex,complex,intermediate,independent,False,10-20,<100,0.629318,148,dormant
73665,intermediate,intermediate,complex,complex,intermediate,independent,False,>30,<100,0.693393,323,dormant
73666,intermediate,intermediate,complex,complex,intermediate,independent,False,20-30,<100,0.711018,156,dormant
73667,intermediate,intermediate,complex,complex,intermediate,independent,False,20-30,<100,0.719304,178,dormant
73668,intermediate,intermediate,complex,complex,intermediate,independent,False,20-30,100-1000,0.689007,236,dormant
73670,intermediate,intermediate,complex,complex,intermediate,independent,False,20-30,<100,0.577139,154,dormant
73678,intermediate,intermediate,complex,complex,intermediate,independent,False,10-20,<100,0.61378,150,dormant
73679,intermediate,intermediate,complex,complex,intermediate,independent,False,>30,100-1000,0.608556,326,dormant
73681,intermediate,intermediate,complex,complex,intermediate,independent,False,>30,100-1000,0.653854,383,dormant
73682,intermediate,intermediate,complex,complex,intermediate,independent,False,10-20,100-1000,0.530855,77,dormant
73685,intermediate,intermediate,complex,complex,intermediate,independent,False,10-20,<100,0.744863,105,dormant
73686,intermediate,intermediate,complex,complex,intermediate,independent,False,20-30,100-1000,0.590607,235,dormant
73687,complex,intermediate,complex,complex,intermediate,contains,True,10-20,>1000,0.310117,112,dormant
73688,complex,intermediate,complex,complex,intermediate,contains,True,20-30,>1000,0.270328,190,dormant
73689,intermediate,intermediate,complex,complex,intermediate,independent,False,10-20,<100,0.62716,114,dormant
73690,intermediate,intermediate,complex,complex,intermediate,independent,False,10-20,<100,0.601485,142,dormant
73692,intermediate,intermediate,complex,complex,intermediate,independent,False,>30,100-1000,0.619128,367,dormant
73695,intermediate,intermediate,complex,complex,intermediate,adjacent,False,10-20,100-1000,0.5949,178,dormant
73696,intermediate,intermediate,complex,complex,intermediate,contains,True,>30,>1000,0.614791,406,dormant
73702,intermediate,intermediate,complex,intermediate,intermediate,contains,True,20-30,>1000,0.569992,224,dormant
73703,complex,intermediate,complex,complex,intermediate,independent,False,10-20,<100,0.475905,109,dormant
73705,intermediate,intermediate,complex,complex,intermediate,independent,False,10-20,<100,0.547989,124,dormant
73709,intermediate,intermediate,complex,complex,intermediate,independent,False,>30,100-1000,0.511593,349,dormant
73710,intermediate,intermediate,complex,intermediate,intermediate,independent,False,20-30,100-1000,0.522972,260,dormant
73712,complex,intermediate,complex,complex,intermediate,independent,False,20-30,<100,0.492793,218,dormant
73716,intermediate,intermediate,complex,complex,intermediate,independent,False,10-20,<100,0.534217,149,dormant
73718,intermediate,intermediate,complex,complex,intermediate,independent,False,10-20,100-1000,0.524485,195,dormant
73722,intermediate,intermediate,complex,complex,intermediate,independent,False,>30,>1000,0.660781,395,dormant
73723,intermediate,intermediate,complex,complex,intermediate,independent,False,20-30,100-1000,0.607283,273,dormant
73727,intermediate,intermediate,complex,complex,intermediate,adjacent,False,>30,>1000,0.624844,400,dormant
73730,intermediate,intermediate,complex,complex,intermediate,independent,False,10-20,100-1000,0.581146,137,dormant
73731,intermediate,intermediate,complex,complex,intermediate,independent,False,>30,<100,0.698257,234,dormant
73732,intermediate,intermediate,complex,intermediate,intermediate,independent,False,20-30,<100,0.529334,242,dormant
73735,intermediate,intermediate,complex,complex,intermediate,adjacent,False,20-30,>1000,0.653614,247,dormant
73738,intermediate,intermediate,complex,complex,intermediate,independent,False,20-30,100-1000,0.617741,285,dormant
73744,intermediate,intermediate,complex,complex,intermediate,adjacent,False,10-20,<100,0.576502,225,dormant
73745,intermediate,intermediate,complex,complex,intermediate,adjacent,False,>30,>1000,0.571749,389,dormant
73746,intermediate,intermediate,complex,complex,intermediate,adjacent,False,20-30,100-1000,0.653157,295,dormant
73748,complex,intermediate,complex,complex,intermediate,contains,True,>30,>1000,0.210612,238,dormant
73749,complex,intermediate,complex,complex,intermediate,contains,True,>30,>1000,0.189231,246,dormant
73750,intermediate,complex,complex,complex,intermediate,contains,True,>30,>1000,0.616629,391,dormant
73756,intermediate,intermediate,complex,complex,intermediate,independent,False,10-20,<100,0.554745,181,dormant
73761,intermediate,complex,complex,complex,intermediate,independent,False,10-20,100-1000,0.657947,101,dormant
73762,complex,intermediate,complex,complex,intermediate,independent,False,>30,>1000,0.374576,240,dormant
73768,complex,intermediate,complex,complex,intermediate,contains,True,20-30,100-1000,0.251636,169,dormant
73773,intermediate,intermediate,complex,complex,intermediate,independent,False,20-30,100-1000,0.587561,301,dormant
73778,intermediate,intermediate,complex,complex,intermediate,independent,False,>30,100-1000,0.566678,314,dormant
73779,intermediate,intermediate,complex,complex,intermediate,adjacent,False,10-20,100-1000,0.643852,138,dormant
73780,simple,intermediate,complex,complex,intermediate,independent,False,10-20,<100,0.773205,104,dormant
73781,intermediate,intermediate,complex,complex,intermediate,independent,False,10-20,<100,0.693296,137,dormant
73785,intermediate,complex,complex,complex,intermediate,independent,False,20-30,100-1000,0.730304,267,dormant
73786,intermediate,complex,complex,complex,intermediate,independent,False,20-30,100-1000,0.7303,269,dormant
73792,complex,complex,complex,complex,intermediate,independent,False,20-30,<100,0.47038,207,dormant
73796,complex,complex,complex,complex,intermediate,independent,False,10-20,<100,0.310265,96,dormant
73798,complex,intermediate,complex,intermediate,intermediate,contains,True,>30,>1000,0.447938,71,dormant
73800,simple,intermediate,complex,complex,intermediate,independent,False,10-20,<100,0.861144,20,dormant
73801,complex,complex,complex,complex,intermediate,independent,False,20-30,<100,0.478058,242,dormant
73802,intermediate,complex,complex,complex,intermediate,adjacent,False,20-30,>1000,0.646404,56,dormant
73803,complex,complex,complex,complex,intermediate,adjacent,False,>30,>1000,0.377609,15,dormant
73806,intermediate,intermediate,complex,complex,complex,adjacent,False,>30,100-1000,0.55105,405,dormant
73813,intermediate,intermediate,complex,complex,intermediate,independent,False,10-20,<100,0.567123,130,dormant
73814,intermediate,intermediate,complex,complex,intermediate,independent,False,>30,100-1000,0.704557,325,dormant
73815,complex,intermediate,complex,complex,intermediate,independent,False,10-20,<100,0.499175,132,dormant
73816,intermediate,intermediate,complex,complex,intermediate,independent,False,10-20,<100,0.555048,168,dormant
73819,intermediate,intermediate,complex,complex,intermediate,adjacent,False,10-20,100-1000,0.641829,151,dormant
73820,intermediate,intermediate,complex,complex,intermediate,adjacent,False,10-20,100-1000,0.601281,167,dormant
73821,intermediate,intermediate,complex,complex,intermediate,independent,False,10-20,<100,0.530819,139,dormant
73823,intermediate,intermediate,complex,complex,intermediate,adjacent,False,10-20,100-1000,0.623475,177,dormant
73824,complex,intermediate,complex,complex,intermediate,adjacent,False,10-20,<100,0.442296,141,dormant
73826,complex,intermediate,complex,complex,intermediate,adjacent,False,10-20,100-1000,0.360068,138,dormant
73827,complex,intermediate,complex,complex,intermediate,adjacent,False,10-20,<100,0.406119,137,dormant
73828,complex,intermediate,complex,complex,intermediate,adjacent,False,10-20,100-1000,0.248072,130,dormant
73830,intermediate,intermediate,complex,complex,intermediate,adjacent,False,10-20,<100,0.548192,134,dormant
73831,intermediate,intermediate,complex,complex,intermediate,adjacent,False,>30,100-1000,0.624896,371,dormant
73833,intermediate,intermediate,complex,complex,intermediate,independent,False,10-20,<100,0.562719,108,dormant
73835,intermediate,intermediate,complex,complex,intermediate,independent,False,>30,100-1000,0.595263,348,dormant
73840,intermediate,intermediate,complex,complex,intermediate,nested,True,10-20,<100,0.564537,131,dormant
73841,complex,intermediate,complex,complex,intermediate,nested,True,10-20,100-1000,0.496066,115,dormant
73842,intermediate,intermediate,complex,complex,intermediate,nested,True,>30,100-1000,0.609227,317,dormant
73843,intermediate,intermediate,complex,complex,intermediate,nested,True,>30,>1000,0.618077,400,dormant
73846,intermediate,intermediate,complex,complex,intermediate,nested,True,10-20,<100,0.514339,137,dormant
73850,complex,intermediate,complex,complex,intermediate,contains,True,>30,>1000,0.46642,369,dormant
73852,complex,intermediate,complex,complex,intermediate,contains,True,20-30,>1000,0.49077,161,dormant
73853,intermediate,intermediate,complex,complex,intermediate,contains,True,>30,>1000,0.706206,37,dormant
73870,intermediate,complex,complex,complex,complex,contains,True,>30,>1000,0.299704,18,dormant
73871,intermediate,complex,complex,complex,complex,independent,False,20-30,<100,0.515765,159,dormant
73872,intermediate,complex,complex,complex,complex,independent,False,>30,<100,0.586581,251,dormant
73878,intermediate,intermediate,complex,complex,complex,independent,False,20-30,100-1000,0.64959,164,dormant
73879,intermediate,intermediate,complex,complex,complex,independent,False,10-20,100-1000,0.64109,108,dormant
73880,complex,intermediate,complex,complex,complex,independent,False,>30,100-1000,0.441989,172,dormant
73881,complex,complex,complex,complex,complex,contains,True,>30,>1000,0.198653,48,dormant
73889,complex,intermediate,complex,complex,complex,contains,True,20-30,>1000,0.261764,18,dormant
73893,complex,intermediate,complex,complex,complex,contains,True,20-30,>1000,0.11292,19,dormant
73909,intermediate,intermediate,complex,complex,intermediate,overlapping,True,20-30,100-1000,0.512942,187,dormant
73912,intermediate,intermediate,complex,complex,intermediate,contains,True,10-20,100-1000,0.505489,128,dormant
73916,complex,intermediate,complex,complex,intermediate,adjacent,False,10-20,<100,0.422745,90,dormant
73920,complex,intermediate,complex,complex,complex,independent,False,>30,100-1000,0.376553,293,dormant
73933,complex,complex,complex,complex,intermediate,adjacent,False,20-30,100-1000,0.281886,60,dormant
73963,complex,complex,complex,complex,intermediate,adjacent,False,>30,>1000,0.308117,310,dormant
73966,complex,complex,complex,complex,complex,contains,True,>30,>1000,0.304618,200,dormant
73974,complex,complex,complex,complex,complex,contains,True,10-20,100-1000,0.0268834,20,dormant
73977,intermediate,intermediate,complex,complex,intermediate,adjacent,False,10-20,100-1000,0.658604,133,dormant
73979,intermediate,complex,complex,complex,complex,adjacent,False,10-20,<100,0.537099,108,dormant
73980,intermediate,complex,complex,complex,complex,adjacent,False,20-30,100-1000,0.530766,113,dormant
73982,intermediate,complex,complex,complex,intermediate,adjacent,False,10-20,<100,0.680214,156,dormant
73983,complex,complex,complex,complex,intermediate,adjacent,False,>30,100-1000,0.415315,288,dormant
73985,intermediate,complex,complex,complex,intermediate,adjacent,False,>30,100-1000,0.519966,264,dormant
73987,complex,complex,complex,complex,complex,adjacent,False,>30,100-1000,0.378539,242,dormant
73988,complex,intermediate,complex,complex,complex,adjacent,False,>30,100-1000,0.464405,290,dormant
73989,complex,complex,complex,complex,complex,adjacent,False,10-20,>1000,0.0927642,71,dormant
73996,complex,intermediate,complex,complex,complex,contains,True,>30,100-1000,0.344494,262,dormant
73997,intermediate,intermediate,complex,complex,complex,independent,False,20-30,<100,0.558095,176,dormant
73999,complex,intermediate,complex,complex,complex,contains,True,>30,>1000,0.205336,160,dormant
74004,complex,complex,complex,complex,complex,independent,False,>30,<100,0.342492,236,dormant
74005,complex,complex,complex,complex,complex,independent,False,>30,<100,0.479658,178,dormant
74008,complex,complex,complex,complex,complex,adjacent,False,>30,<100,0.416857,262,dormant
74009,complex,complex,complex,complex,complex,adjacent,False,20-30,<100,0.0182963,23,dormant
74011,complex,intermediate,complex,complex,complex,independent,False,10-20,<100,0.452342,88,dormant
74012,complex,complex,complex,complex,intermediate,independent,False,20-30,<100,0.491401,172,dormant
74013,intermediate,complex,complex,complex,complex,independent,False,10-20,<100,0.613014,82,dormant
74014,intermediate,complex,complex,complex,complex,independent,False,10-20,<100,0.652048,81,dormant
74015,complex,complex,complex,complex,complex,adjacent,False,>30,<100,0.352832,183,dormant
74016,complex,intermediate,complex,complex,complex,adjacent,False,>30,100-1000,0.461688,223,dormant
74032,complex,complex,complex,complex,intermediate,contains,True,>30,>1000,0.106321,96,dormant
74037,complex,complex,complex,complex,intermediate,nested,True,>30,>1000,0.424192,161,dormant
74061,intermediate,intermediate,complex,complex,intermediate,nested,True,20-30,<100,0.612775,222,dormant
74063,complex,intermediate,complex,complex,intermediate,contains,True,20-30,>1000,0.313955,119,dormant
74064,complex,intermediate,complex,complex,intermediate,adjacent,False,20-30,100-1000,0.348365,89,dormant
74065,intermediate,intermediate,complex,intermediate,intermediate,adjacent,False,>30,100-1000,0.671462,368,dormant
74070,intermediate,intermediate,complex,complex,intermediate,independent,False,10-20,<100,0.516564,108,dormant
74071,intermediate,intermediate,complex,complex,intermediate,adjacent,False,>30,100-1000,0.594977,296,dormant
74073,intermediate,intermediate,complex,complex,intermediate,independent,False,10-20,<100,0.661275,121,dormant
74075,intermediate,intermediate,complex,complex,intermediate,independent,False,10-20,<100,0.567221,96,dormant
74076,intermediate,intermediate,complex,complex,intermediate,independent,False,>30,100-1000,0.652397,370,dormant
74078,intermediate,intermediate,complex,complex,intermediate,independent,False,10-20,<100,0.615216,89,dormant
74080,intermediate,intermediate,complex,complex,intermediate,independent,False,10-20,<100,0.61302,90,dormant
74083,complex,intermediate,complex,intermediate,intermediate,overlapping,True,>30,>1000,0.216361,47,dormant
74084,intermediate,complex,complex,complex,intermediate,independent,False,10-20,<100,0.748958,111,dormant
74085,intermediate,intermediate,complex,complex,intermediate,independent,False,10-20,<100,0.729786,122,dormant
74086,simple,intermediate,complex,complex,intermediate,independent,False,10-20,<100,0.751019,124,dormant
74088,intermediate,intermediate,complex,complex,intermediate,independent,False,10-20,<100,0.597,122,dormant
74089,intermediate,intermediate,complex,complex,intermediate,independent,False,10-20,<100,0.533239,176,dormant
74092,intermediate,intermediate,complex,complex,intermediate,independent,False,20-30,<100,0.527849,217,dormant
74093,intermediate,intermediate,complex,complex,intermediate,independent,False,10-20,<100,0.651752,167,dormant
74094,intermediate,intermediate,complex,complex,intermediate,independent,False,20-30,100-1000,0.576734,183,dormant
74096,intermediate,intermediate,complex,complex,intermediate,adjacent,False,10-20,100-1000,0.634011,156,dormant
74097,intermediate,intermediate,complex,complex,intermediate,contains,True,>30,>1000,0.618723,268,dormant
74099,complex,complex,complex,complex,complex,nested,True,10-20,<100,0.462955,93,dormant
74100,intermediate,intermediate,complex,complex,intermediate,contains,True,>30,>1000,0.678348,406,dormant
74101,intermediate,intermediate,complex,intermediate,intermediate,contains,True,10-20,>1000,0.634121,169,dormant
74102,complex,intermediate,complex,complex,intermediate,contains,True,>30,>1000,0.275902,233,dormant
74104,complex,complex,complex,complex,intermediate,contains,True,20-30,>1000,0.4504,207,dormant
74108,intermediate,intermediate,complex,complex,intermediate,adjacent,False,10-20,100-1000,0.592302,110,dormant
74109,complex,intermediate,complex,complex,intermediate,contains,True,>30,>1000,0.387163,403,dormant
74110,intermediate,complex,complex,complex,complex,adjacent,False,10-20,100-1000,0.601203,168,dormant
74111,intermediate,intermediate,complex,complex,intermediate,independent,False,>30,100-1000,0.744532,357,dormant
74112,intermediate,intermediate,complex,complex,intermediate,independent,False,10-20,100-1000,0.724677,123,dormant
74114,intermediate,intermediate,complex,complex,intermediate,independent,False,>30,100-1000,0.650035,401,dormant
74115,intermediate,intermediate,complex,complex,intermediate,independent,False,10-20,<100,0.617952,124,dormant
74116,complex,intermediate,complex,complex,intermediate,independent,False,10-20,<100,0.489816,109,dormant
74118,intermediate,intermediate,complex,complex,intermediate,independent,False,>30,100-1000,0.625977,424,dormant
74120,intermediate,intermediate,complex,complex,intermediate,adjacent,False,10-20,>1000,0.666349,147,dormant
74128,complex,complex,complex,complex,complex,contains,True,>30,>1000,0.460394,18,dormant
74130,complex,complex,complex,complex,intermediate,contains,True,>30,>1000,0.410925,46,dormant
74131,complex,complex,complex,complex,intermediate,contains,True,>30,>1000,0.353644,41,dormant
74141,complex,intermediate,complex,complex,complex,contains,True,>30,>1000,0.466547,175,dormant
74142,intermediate,intermediate,complex,complex,complex,contains,True,>30,>1000,0.253169,24,dormant
74145,simple,intermediate,complex,complex,intermediate,independent,False,>30,>1000,0.762902,15,dormant
74148,intermediate,intermediate,complex,intermediate,intermediate,independent,False,>30,100-1000,0.562031,408,dormant
74149,simple,intermediate,complex,complex,intermediate,contains,True,10-20,>1000,0.754603,217,dormant
74151,intermediate,intermediate,complex,complex,intermediate,independent,False,20-30,100-1000,0.61683,190,dormant
74153,intermediate,intermediate,complex,intermediate,intermediate,adjacent,False,10-20,100-1000,0.607821,199,dormant
74158,intermediate,intermediate,complex,complex,intermediate,adjacent,False,20-30,<100,0.601375,172,dormant
74163,intermediate,intermediate,complex,complex,intermediate,contains,True,>30,100-1000,0.586603,409,dormant
74167,complex,intermediate,complex,complex,intermediate,contains,True,10-20,>1000,0.45039,18,dormant
74169,complex,intermediate,complex,complex,intermediate,contains,True,10-20,>1000,0.425832,208,dormant
74170,complex,intermediate,complex,complex,intermediate,contains,True,>30,>1000,0.385342,446,dormant
74171,intermediate,intermediate,complex,complex,intermediate,contains,True,10-20,>1000,0.711336,22,dormant
74172,intermediate,intermediate,complex,complex,intermediate,independent,False,>30,<100,0.581284,292,dormant
74173,intermediate,intermediate,complex,intermediate,intermediate,nested,True,10-20,<100,0.540745,183,dormant
74176,intermediate,intermediate,complex,complex,intermediate,adjacent,False,10-20,100-1000,0.528966,96,dormant
74182,complex,intermediate,complex,complex,intermediate,nested,True,10-20,100-1000,0.476345,105,dormant
74183,intermediate,intermediate,complex,complex,intermediate,contains,True,>30,>1000,0.64781,222,dormant
74184,intermediate,intermediate,complex,complex,intermediate,adjacent,False,10-20,100-1000,0.649681,18,dormant
74187,intermediate,intermediate,complex,complex,intermediate,adjacent,False,>30,<100,0.55396,340,dormant
74189,intermediate,intermediate,complex,intermediate,intermediate,contains,True,>30,>1000,0.646594,417,dormant
74192,intermediate,intermediate,complex,intermediate,intermediate,adjacent,False,10-20,100-1000,0.569743,124,dormant
74193,intermediate,intermediate,complex,complex,intermediate,adjacent,False,10-20,100-1000,0.531808,127,dormant
74195,complex,intermediate,complex,complex,intermediate,adjacent,False,10-20,<100,0.0366055,95,dormant
74196,intermediate,intermediate,complex,complex,intermediate,contains,True,10-20,>1000,0.654416,111,dormant
74197,intermediate,intermediate,complex,complex,intermediate,contains,True,>30,>1000,0.659513,420,dormant
74198,complex,intermediate,complex,complex,intermediate,adjacent,False,10-20,100-1000,0.48671,117,dormant
74200,intermediate,intermediate,complex,complex,intermediate,adjacent,False,10-20,100-1000,0.519753,125,dormant
74201,intermediate,intermediate,complex,complex,intermediate,independent,False,20-30,<100,0.544786,157,dormant
74202,intermediate,intermediate,complex,complex,intermediate,independent,False,20-30,<100,0.582661,151,dormant
74207,complex,intermediate,complex,complex,intermediate,contains,True,10-20,>1000,0.419695,173,dormant
74208,intermediate,complex,complex,complex,intermediate,contains,True,>30,>1000,0.622085,407,dormant
74215,complex,complex,complex,intermediate,intermediate,contains,True,>30,>1000,0.159152,31,dormant
74216,intermediate,intermediate,complex,complex,intermediate,nested,True,10-20,100-1000,0.708374,76,dormant
74217,complex,intermediate,complex,complex,intermediate,contains,True,>30,>1000,0.488829,390,dormant
74218,complex,intermediate,complex,complex,intermediate,contains,True,>30,>1000,0.494141,339,dormant
74219,intermediate,intermediate,complex,complex,intermediate,adjacent,False,10-20,100-1000,0.59561,203,dormant
74220,complex,intermediate,complex,intermediate,intermediate,contains,True,>30,>1000,0.15987,295,dormant
74221,intermediate,intermediate,complex,complex,intermediate,nested,True,10-20,100-1000,0.519353,161,dormant
74222,intermediate,intermediate,complex,complex,intermediate,contains,True,20-30,>1000,0.538782,265,dormant
74223,intermediate,intermediate,complex,complex,intermediate,contains,True,20-30,>1000,0.511769,278,dormant
74226,intermediate,intermediate,complex,complex,intermediate,nested,True,>30,<100,0.62375,283,dormant
74227,intermediate,intermediate,complex,complex,intermediate,adjacent,False,20-30,<100,0.630376,226,dormant
74228,intermediate,intermediate,complex,complex,intermediate,adjacent,False,20-30,<100,0.619239,240,dormant
74229,complex,intermediate,complex,complex,intermediate,adjacent,False,10-20,100-1000,0.289144,37,dormant
74230,intermediate,intermediate,complex,intermediate,intermediate,contains,True,20-30,100-1000,0.622106,315,dormant
74231,intermediate,intermediate,complex,complex,intermediate,contains,True,>30,100-1000,0.640062,319,dormant
74232,intermediate,intermediate,complex,intermediate,intermediate,contains,True,>30,100-1000,0.639646,336,dormant
74233,intermediate,intermediate,complex,intermediate,simple,adjacent,False,20-30,<100,0.57827,184,dormant
74234,intermediate,intermediate,complex,complex,intermediate,contains,True,10-20,100-1000,0.658997,160,dormant
74235,intermediate,intermediate,complex,intermediate,intermediate,adjacent,False,20-30,100-1000,0.69966,297,dormant
74236,intermediate,intermediate,complex,complex,intermediate,contains,True,>30,>1000,0.671819,460,dormant
74238,intermediate,intermediate,complex,intermediate,intermediate,contains,True,20-30,>1000,0.630165,264,dormant
74239,intermediate,intermediate,complex,complex,intermediate,contains,True,>30,>1000,0.613345,233,dormant
74240,complex,intermediate,complex,complex,intermediate,contains,True,>30,>1000,0.437334,239,dormant
74243,complex,intermediate,complex,intermediate,simple,contains,True,>30,>1000,0.49579,72,dormant
74253,complex,intermediate,complex,intermediate,intermediate,adjacent,False,>30,>1000,0.426852,32,dormant
74257,intermediate,intermediate,complex,intermediate,intermediate,independent,False,10-20,100-1000,0.588572,182,dormant
74258,intermediate,intermediate,complex,complex,intermediate,contains,True,>30,100-1000,0.597078,359,dormant
74259,intermediate,intermediate,complex,intermediate,intermediate,contains,True,>30,>1000,0.577118,377,dormant
74260,intermediate,intermediate,complex,complex,intermediate,nested,True,>30,<100,0.579273,267,dormant
74261,intermediate,intermediate,complex,complex,intermediate,adjacent,False,20-30,<100,0.634182,195,dormant
74263,intermediate,intermediate,complex,complex,intermediate,adjacent,False,20-30,<100,0.708662,267,dormant
74264,intermediate,intermediate,complex,complex,intermediate,adjacent,False,>30,<100,0.695843,302,dormant
74265,intermediate,intermediate,complex,complex,intermediate,adjacent,False,20-30,100-1000,0.727574,250,dormant
74267,intermediate,intermediate,complex,intermediate,intermediate,adjacent,False,>30,100-1000,0.639358,467,dormant
74268,intermediate,simple,complex,intermediate,intermediate,contains,True,>30,>1000,0.571943,357,dormant
74269,intermediate,simple,complex,intermediate,intermediate,contains,True,>30,>1000,0.607815,338,dormant
74270,intermediate,simple,complex,intermediate,intermediate,contains,True,>30,>1000,0.575841,434,dormant
74271,intermediate,intermediate,complex,intermediate,intermediate,independent,False,10-20,<100,0.593346,124,dormant
74272,intermediate,complex,complex,intermediate,intermediate,contains,True,>30,>1000,0.515759,226,dormant
74275,complex,intermediate,complex,intermediate,intermediate,contains,True,>30,>1000,0.462611,218,dormant
74276,intermediate,intermediate,complex,complex,intermediate,independent,False,20-30,<100,0.631944,239,dormant
74278,intermediate,intermediate,complex,intermediate,complex,contains,True,>30,100-1000,0.575174,411,dormant
74279,intermediate,intermediate,complex,complex,intermediate,contains,True,>30,>1000,0.570667,457,dormant
74280,intermediate,intermediate,complex,intermediate,simple,contains,True,>30,>1000,0.504182,210,dormant
74281,intermediate,intermediate,complex,intermediate,intermediate,contains,True,>30,>1000,0.516358,77,dormant
74285,intermediate,intermediate,complex,complex,intermediate,adjacent,False,20-30,<100,0.531114,216,dormant
74286,intermediate,intermediate,complex,complex,intermediate,independent,False,>30,<100,0.566285,326,dormant
74287,complex,intermediate,complex,intermediate,complex,contains,True,>30,>1000,0.110138,41,dormant
74288,complex,intermediate,complex,complex,complex,contains,True,10-20,>1000,0.413034,105,dormant
74289,complex,intermediate,complex,intermediate,complex,contains,True,>30,>1000,0.488301,190,dormant
74290,intermediate,intermediate,complex,intermediate,complex,contains,True,10-20,>1000,0.507135,86,dormant
74294,complex,intermediate,complex,complex,complex,independent,False,20-30,100-1000,0.33921,209,dormant
74295,complex,intermediate,complex,complex,complex,independent,False,20-30,100-1000,0.405221,252,dormant
74298,intermediate,intermediate,complex,complex,complex,independent,False,>30,>1000,0.645256,398,dormant
74300,intermediate,intermediate,complex,intermediate,complex,independent,False,10-20,>1000,0.554411,257,dormant
74304,intermediate,intermediate,complex,complex,complex,adjacent,False,>30,>1000,0.582311,490,dormant
74306,intermediate,intermediate,complex,complex,intermediate,adjacent,False,>30,>1000,0.636157,478,dormant
74309,intermediate,intermediate,complex,complex,intermediate,adjacent,False,10-20,100-1000,0.553697,196,dormant
74315,complex,intermediate,complex,complex,intermediate,adjacent,False,>30,100-1000,0.484657,411,dormant
74316,intermediate,intermediate,complex,complex,complex,contains,True,>30,>1000,0.530318,452,dormant
74321,intermediate,complex,complex,complex,intermediate,contains,True,20-30,>1000,0.592317,276,dormant
74323,intermediate,complex,complex,complex,intermediate,contains,True,>30,>1000,0.576438,434,dormant
74324,intermediate,complex,complex,complex,intermediate,contains,True,>30,>1000,0.554693,456,dormant
74325,intermediate,intermediate,complex,complex,intermediate,contains,True,>30,>1000,0.562284,444,dormant
74327,intermediate,intermediate,complex,complex,intermediate,adjacent,False,20-30,<100,0.540939,214,dormant
74330,complex,intermediate,complex,complex,intermediate,adjacent,False,>30,>1000,0.427974,478,dormant
74331,complex,intermediate,complex,complex,intermediate,adjacent,False,10-20,>1000,0.45817,163,dormant
74337,intermediate,intermediate,complex,complex,intermediate,adjacent,False,>30,100-1000,0.577364,490,dormant
74343,complex,intermediate,complex,complex,intermediate,adjacent,False,10-20,>1000,0.47229,162,dormant
74344,intermediate,intermediate,complex,complex,intermediate,contains,True,>30,>1000,0.527517,507,dormant
74346,intermediate,intermediate,complex,complex,intermediate,adjacent,False,10-20,100-1000,0.540248,113,dormant
74362,intermediate,intermediate,complex,complex,intermediate,independent,False,10-20,<100,0.688255,197,dormant
74364,intermediate,intermediate,complex,complex,intermediate,independent,False,10-20,100-1000,0.523348,167,dormant
74373,intermediate,intermediate,complex,complex,intermediate,adjacent,False,10-20,>1000,0.542462,186,dormant
74376,intermediate,intermediate,complex,complex,intermediate,adjacent,False,10-20,100-1000,0.57575,112,dormant
74379,intermediate,complex,complex,complex,intermediate,contains,True,20-30,>1000,0.540241,317,dormant
74380,intermediate,intermediate,complex,complex,intermediate,adjacent,False,10-20,<100,0.678145,172,dormant
74383,simple,intermediate,complex,complex,intermediate,independent,False,10-20,<100,0.78161,111,dormant
74384,intermediate,complex,complex,complex,intermediate,independent,False,10-20,<100,0.73265,159,dormant
74385,simple,intermediate,complex,complex,intermediate,independent,False,10-20,<100,0.766825,172,dormant
74386,simple,intermediate,complex,complex,intermediate,independent,False,10-20,<100,0.767186,175,dormant
74388,intermediate,intermediate,complex,complex,simple,adjacent,False,20-30,100-1000,0.58876,223,dormant
74390,complex,intermediate,complex,intermediate,simple,adjacent,False,10-20,>1000,0.468697,210,dormant
74392,intermediate,intermediate,complex,complex,simple,adjacent,False,>30,>1000,0.615249,399,dormant
74397,intermediate,intermediate,complex,complex,intermediate,adjacent,False,20-30,100-1000,0.6859,195,dormant
74399,intermediate,intermediate,complex,complex,intermediate,contains,True,>30,>1000,0.59765,448,dormant
74405,intermediate,intermediate,complex,complex,intermediate,contains,True,>30,>1000,0.613992,395,dormant
74406,intermediate,intermediate,complex,complex,intermediate,contains,True,10-20,>1000,0.521225,49,dormant
74407,complex,intermediate,complex,intermediate,intermediate,contains,True,10-20,>1000,0.491887,47,dormant
74412,intermediate,intermediate,complex,intermediate,intermediate,contains,True,>30,>1000,0.501266,184,dormant
74413,intermediate,intermediate,complex,intermediate,intermediate,contains,True,10-20,>1000,0.505686,77,dormant
74414,intermediate,intermediate,complex,complex,intermediate,contains,True,>30,>1000,0.561432,217,dormant
74416,intermediate,intermediate,complex,complex,intermediate,nested,True,20-30,<100,0.656668,192,dormant
74417,intermediate,intermediate,complex,complex,intermediate,contains,True,20-30,100-1000,0.588346,287,dormant
74420,intermediate,intermediate,complex,complex,intermediate,adjacent,False,>30,<100,0.591745,348,dormant
74421,intermediate,intermediate,complex,complex,intermediate,adjacent,False,20-30,<100,0.730491,188,dormant
74422,intermediate,intermediate,complex,complex,intermediate,adjacent,False,20-30,<100,0.737778,217,dormant
74424,intermediate,intermediate,complex,complex,intermediate,contains,True,>30,>1000,0.628619,384,dormant
74426,intermediate,intermediate,complex,intermediate,intermediate,contains,True,>30,>1000,0.564069,167,dormant
74429,intermediate,intermediate,complex,intermediate,intermediate,adjacent,False,20-30,100-1000,0.708839,224,dormant
74440,intermediate,complex,complex,complex,intermediate,adjacent,False,20-30,<100,0.654265,245,dormant
74442,intermediate,intermediate,complex,complex,intermediate,adjacent,False,>30,100-1000,0.597724,390,dormant
74447,simple,intermediate,complex,complex,intermediate,adjacent,False,20-30,<100,0.765034,196,dormant
74448,simple,intermediate,complex,complex,intermediate,contains,True,10-20,100-1000,0.769672,213,dormant
74451,intermediate,intermediate,complex,complex,intermediate,contains,True,>30,>1000,0.554897,440,dormant
74452,intermediate,intermediate,complex,complex,intermediate,independent,False,20-30,<100,0.605353,257,dormant
74455,intermediate,intermediate,complex,complex,simple,contains,True,10-20,>1000,0.682653,239,dormant
74456,intermediate,simple,complex,complex,simple,contains,True,>30,>1000,0.685486,426,dormant
74461,intermediate,intermediate,complex,complex,intermediate,independent,False,10-20,<100,0.674419,172,dormant
74467,intermediate,intermediate,complex,complex,intermediate,independent,False,20-30,<100,0.535158,202,dormant
74473,intermediate,intermediate,complex,complex,intermediate,contains,True,>30,>1000,0.548754,355,dormant
74476,intermediate,simple,complex,complex,intermediate,contains,True,10-20,>1000,0.60734,119,dormant
74477,intermediate,intermediate,complex,complex,intermediate,independent,False,10-20,<100,0.705201,139,dormant
74479,intermediate,intermediate,complex,complex,intermediate,independent,False,10-20,<100,0.656321,129,dormant
74482,intermediate,intermediate,complex,complex,intermediate,contains,True,>30,>1000,0.524867,294,dormant
74484,intermediate,intermediate,complex,complex,intermediate,contains,True,>30,>1000,0.529994,128,dormant
74487,intermediate,intermediate,complex,complex,intermediate,adjacent,False,10-20,>1000,0.688106,159,dormant
74488,complex,intermediate,complex,complex,intermediate,contains,True,>30,>1000,0.454782,166,dormant
74493,intermediate,intermediate,complex,intermediate,intermediate,adjacent,False,20-30,<100,0.649206,292,dormant
74496,intermediate,intermediate,complex,complex,intermediate,independent,False,20-30,<100,0.671739,208,dormant
74501,intermediate,intermediate,complex,complex,intermediate,adjacent,False,>30,>1000,0.552043,83,dormant
74511,intermediate,intermediate,complex,complex,intermediate,independent,False,>30,100-1000,0.637745,393,dormant
74514,intermediate,intermediate,complex,complex,simple,adjacent,False,20-30,100-1000,0.590075,206,dormant
74515,intermediate,intermediate,complex,complex,intermediate,contains,True,>30,100-1000,0.696473,404,dormant
74516,intermediate,intermediate,complex,complex,simple,adjacent,False,20-30,100-1000,0.63943,234,dormant
74521,intermediate,simple,complex,complex,intermediate,adjacent,False,>30,100-1000,0.650577,337,dormant
74526,intermediate,intermediate,complex,complex,intermediate,adjacent,False,20-30,>1000,0.705279,291,dormant
74528,intermediate,intermediate,complex,complex,intermediate,adjacent,False,20-30,100-1000,0.586641,212,dormant
74530,intermediate,intermediate,complex,complex,intermediate,adjacent,False,10-20,100-1000,0.654139,164,dormant
74532,intermediate,intermediate,complex,complex,intermediate,adjacent,False,>30,>1000,0.698719,411,dormant
74533,intermediate,intermediate,complex,complex,intermediate,adjacent,False,10-20,>1000,0.699138,181,dormant
74534,intermediate,intermediate,complex,complex,simple,independent,False,20-30,100-1000,0.623638,304,dormant
74537,intermediate,intermediate,complex,complex,intermediate,adjacent,False,20-30,<100,0.673768,213,dormant
74539,simple,intermediate,complex,complex,simple,adjacent,False,20-30,100-1000,0.754225,317,dormant
74542,intermediate,intermediate,complex,complex,simple,adjacent,False,10-20,100-1000,0.662203,189,dormant
74544,intermediate,intermediate,complex,intermediate,simple,adjacent,False,20-30,100-1000,0.611028,222,dormant
74546,intermediate,complex,complex,intermediate,intermediate,contains,True,10-20,>1000,0.554425,188,dormant
74547,intermediate,intermediate,complex,complex,intermediate,adjacent,False,20-30,100-1000,0.630047,255,dormant
74548,intermediate,intermediate,complex,complex,simple,adjacent,False,>30,<100,0.674485,314,dormant
74549,intermediate,intermediate,complex,complex,intermediate,adjacent,False,10-20,100-1000,0.608091,159,dormant
74551,intermediate,simple,complex,complex,simple,nested,True,20-30,100-1000,0.680389,234,dormant
74558,intermediate,intermediate,complex,complex,intermediate,adjacent,False,>30,100-1000,0.640758,417,dormant
74559,complex,complex,complex,intermediate,intermediate,contains,True,10-20,>1000,0.334836,94,dormant
74560,intermediate,intermediate,complex,intermediate,intermediate,adjacent,False,10-20,<100,0.664351,187,dormant
74561,intermediate,intermediate,complex,complex,intermediate,adjacent,False,>30,100-1000,0.630723,372,dormant
74568,intermediate,intermediate,complex,intermediate,intermediate,adjacent,False,>30,<100,0.58925,356,dormant
74569,intermediate,intermediate,complex,intermediate,intermediate,adjacent,False,>30,100-1000,0.514985,448,dormant
74574,intermediate,intermediate,complex,complex,intermediate,contains,True,>30,>1000,0.664291,440,dormant
74577,intermediate,complex,complex,complex,intermediate,contains,True,>30,100-1000,0.572094,442,dormant
74581,intermediate,intermediate,complex,complex,intermediate,contains,True,>30,100-1000,0.580782,477,dormant
74585,intermediate,intermediate,complex,complex,intermediate,contains,True,10-20,>1000,0.575344,261,dormant
74586,intermediate,intermediate,complex,complex,intermediate,nested,True,>30,100-1000,0.603261,396,dormant
74588,complex,complex,complex,complex,intermediate,nested,True,20-30,<100,0.497025,159,dormant
74600,intermediate,intermediate,complex,intermediate,intermediate,adjacent,False,>30,100-1000,0.538583,417,dormant
74608,intermediate,intermediate,complex,complex,intermediate,adjacent,False,>30,100-1000,0.546277,392,dormant
74610,intermediate,intermediate,complex,complex,intermediate,adjacent,False,20-30,<100,0.543083,202,dormant
74619,intermediate,intermediate,complex,complex,intermediate,contains,True,>30,>1000,0.636924,455,dormant
74623,intermediate,intermediate,complex,intermediate,intermediate,adjacent,False,10-20,100-1000,0.350258,169,dormant
74630,complex,intermediate,complex,complex,intermediate,independent,False,10-20,100-1000,0.333497,218,dormant
74632,intermediate,intermediate,complex,complex,simple,independent,False,10-20,100-1000,0.641307,240,dormant
74636,intermediate,intermediate,complex,complex,intermediate,nested,True,10-20,>1000,0.604936,111,dormant
74639,intermediate,intermediate,complex,complex,simple,nested,True,>30,100-1000,0.698734,462,dormant
74641,intermediate,intermediate,complex,complex,simple,independent,False,20-30,100-1000,0.597945,227,dormant
74643,intermediate,intermediate,complex,complex,simple,independent,False,10-20,100-1000,0.591914,106,dormant
74646,intermediate,intermediate,complex,complex,intermediate,adjacent,False,20-30,100-1000,0.645908,279,dormant
74648,intermediate,intermediate,complex,complex,intermediate,adjacent,False,>30,>1000,0.736697,412,dormant
74649,intermediate,intermediate,complex,complex,intermediate,independent,False,20-30,100-1000,0.664537,191,dormant
74664,complex,intermediate,complex,complex,intermediate,adjacent,False,10-20,>1000,0.4137,139,dormant
74668,intermediate,intermediate,complex,complex,intermediate,contains,True,>30,>1000,0.526253,334,dormant
74672,complex,intermediate,complex,complex,intermediate,contains,True,20-30,>1000,0.417012,280,dormant
74673,intermediate,intermediate,complex,intermediate,intermediate,adjacent,False,>30,100-1000,0.621382,383,dormant
74676,complex,intermediate,complex,complex,intermediate,contains,True,10-20,>1000,0.334579,80,dormant
74677,intermediate,simple,complex,intermediate,intermediate,adjacent,False,20-30,100-1000,0.676819,215,dormant
74678,intermediate,intermediate,complex,intermediate,intermediate,independent,False,10-20,100-1000,0.555627,163,dormant
74679,intermediate,intermediate,complex,intermediate,simple,adjacent,False,20-30,100-1000,0.697749,294,dormant
74686,intermediate,intermediate,complex,intermediate,intermediate,adjacent,False,>30,100-1000,0.658464,422,dormant
74696,intermediate,intermediate,complex,complex,intermediate,contains,True,20-30,>1000,0.544427,130,dormant
74698,intermediate,intermediate,complex,complex,simple,independent,False,20-30,100-1000,0.678314,297,dormant
74700,intermediate,intermediate,complex,complex,simple,contains,True,>30,>1000,0.665378,220,dormant
74703,intermediate,simple,complex,complex,intermediate,independent,False,10-20,100-1000,0.520977,158,dormant
74707,intermediate,intermediate,complex,intermediate,simple,contains,True,10-20,>1000,0.67052,167,dormant
74708,intermediate,intermediate,complex,intermediate,simple,adjacent,False,>30,100-1000,0.61741,315,dormant
74709,intermediate,simple,complex,intermediate,simple,contains,True,>30,>1000,0.59633,323,dormant
74710,intermediate,intermediate,complex,complex,intermediate,contains,True,20-30,>1000,0.648761,286,dormant
74711,complex,intermediate,complex,intermediate,intermediate,independent,False,20-30,<100,0.322177,98,dormant
74713,intermediate,intermediate,complex,complex,intermediate,independent,False,20-30,100-1000,0.68641,255,dormant
74714,intermediate,intermediate,complex,complex,intermediate,independent,False,>30,100-1000,0.641283,424,dormant
74715,intermediate,intermediate,complex,complex,intermediate,independent,False,>30,<100,0.667231,339,dormant
74720,intermediate,intermediate,complex,complex,intermediate,independent,False,>30,100-1000,0.611188,211,dormant
74722,intermediate,intermediate,complex,complex,intermediate,independent,False,>30,<100,0.519232,415,dormant
74725,intermediate,intermediate,complex,complex,intermediate,adjacent,False,10-20,100-1000,0.56377,219,dormant
74729,intermediate,intermediate,complex,complex,intermediate,independent,False,>30,100-1000,0.608031,488,dormant
74741,intermediate,complex,complex,complex,intermediate,adjacent,False,>30,100-1000,0.518849,273,dormant
74742,intermediate,complex,complex,complex,intermediate,adjacent,False,10-20,>1000,0.52329,118,dormant
74747,intermediate,intermediate,complex,complex,intermediate,adjacent,False,>30,100-1000,0.555869,314,dormant
74749,intermediate,complex,complex,complex,intermediate,independent,False,10-20,<100,0.543984,123,dormant
74752,complex,intermediate,complex,complex,intermediate,adjacent,False,>30,>1000,0.0673798,20,dormant
74756,intermediate,complex,complex,complex,intermediate,independent,False,>30,100-1000,0.671899,271,dormant
74758,intermediate,intermediate,complex,complex,intermediate,independent,False,10-20,100-1000,0.736199,118,dormant
74763,complex,complex,complex,complex,intermediate,contains,True,>30,>1000,0.0732378,30,dormant
74764,complex,complex,complex,complex,intermediate,contains,True,10-20,>1000,0.181472,130,dormant
74768,complex,intermediate,complex,complex,intermediate,independent,False,10-20,100-1000,0.454187,149,dormant
74769,intermediate,intermediate,complex,complex,intermediate,independent,False,10-20,100-1000,0.626889,61,dormant
74772,intermediate,intermediate,complex,complex,intermediate,adjacent,False,10-20,>1000,0.582465,128,dormant
74774,intermediate,intermediate,complex,complex,intermediate,adjacent,False,>30,100-1000,0.55566,322,dormant
74777,intermediate,intermediate,complex,complex,intermediate,independent,False,20-30,<100,0.714969,132,dormant
74778,intermediate,intermediate,complex,complex,intermediate,independent,False,20-30,<100,0.512101,140,dormant
74780,intermediate,intermediate,complex,complex,intermediate,independent,False,20-30,<100,0.654718,160,dormant
74782,intermediate,complex,complex,complex,intermediate,independent,False,20-30,100-1000,0.525062,174,dormant
74784,intermediate,intermediate,complex,complex,intermediate,independent,False,20-30,<100,0.576188,159,dormant
74786,intermediate,intermediate,complex,complex,intermediate,independent,False,20-30,<100,0.674787,144,dormant
74787,complex,intermediate,complex,complex,intermediate,independent,False,20-30,<100,0.467919,134,dormant
74790,intermediate,intermediate,complex,complex,intermediate,independent,False,10-20,<100,0.680305,57,dormant
74794,intermediate,intermediate,complex,complex,intermediate,independent,False,20-30,<100,0.689768,160,dormant
74795,intermediate,intermediate,complex,complex,intermediate,independent,False,20-30,<100,0.70385,136,dormant
74797,intermediate,intermediate,complex,complex,intermediate,independent,False,10-20,100-1000,0.581411,134,dormant
74800,intermediate,intermediate,complex,complex,intermediate,adjacent,False,10-20,100-1000,0.621134,110,dormant
74803,intermediate,intermediate,complex,complex,intermediate,adjacent,False,10-20,100-1000,0.594091,106,dormant
74806,intermediate,intermediate,complex,complex,intermediate,independent,False,>30,100-1000,0.612539,316,dormant
74807,intermediate,intermediate,complex,complex,intermediate,independent,False,>30,>1000,0.560752,259,dormant
74809,intermediate,intermediate,complex,complex,intermediate,independent,False,>30,100-1000,0.640346,347,dormant
74813,intermediate,intermediate,complex,complex,intermediate,independent,False,>30,>1000,0.570547,366,dormant
74816,complex,intermediate,complex,complex,intermediate,independent,False,20-30,<100,0.435735,166,dormant
74817,intermediate,intermediate,complex,complex,intermediate,independent,False,20-30,<100,0.52262,118,dormant
74823,intermediate,intermediate,complex,complex,intermediate,independent,False,20-30,<100,0.597316,149,dormant
74825,intermediate,intermediate,complex,complex,intermediate,independent,False,10-20,100-1000,0.54855,128,dormant
74829,intermediate,intermediate,complex,complex,intermediate,independent,False,10-20,<100,0.597199,119,dormant
74830,simple,intermediate,complex,complex,intermediate,independent,False,10-20,100-1000,0.788253,107,dormant
74831,intermediate,intermediate,complex,complex,intermediate,independent,False,20-30,100-1000,0.64208,182,dormant
74832,intermediate,intermediate,complex,complex,intermediate,independent,False,10-20,100-1000,0.646736,150,dormant
74834,intermediate,intermediate,complex,intermediate,intermediate,independent,False,10-20,>1000,0.539975,30,dormant
74846,intermediate,intermediate,complex,complex,intermediate,independent,False,>30,100-1000,0.746323,417,dormant
74847,intermediate,intermediate,complex,complex,intermediate,contains,True,10-20,>1000,0.661736,185,dormant
74850,intermediate,intermediate,complex,complex,intermediate,contains,True,20-30,>1000,0.723144,38,dormant
74851,intermediate,intermediate,complex,complex,intermediate,adjacent,False,>30,100-1000,0.717917,306,dormant
74852,intermediate,intermediate,complex,complex,intermediate,independent,False,20-30,100-1000,0.63792,262,dormant
74855,intermediate,intermediate,complex,complex,intermediate,independent,False,20-30,>1000,0.722921,258,dormant
74857,intermediate,intermediate,complex,complex,intermediate,independent,False,>30,>1000,0.746173,312,dormant
74861,complex,intermediate,complex,complex,intermediate,independent,False,10-20,>1000,0.203813,117,dormant
74865,complex,complex,complex,complex,intermediate,contains,True,20-30,>1000,0.497273,37,dormant
74869,intermediate,intermediate,complex,complex,intermediate,independent,False,10-20,100-1000,0.667089,137,dormant
74872,intermediate,complex,complex,complex,intermediate,adjacent,False,20-30,100-1000,0.644136,157,dormant
74873,intermediate,intermediate,complex,complex,intermediate,adjacent,False,10-20,<100,0.689757,82,dormant
74875,intermediate,complex,complex,complex,intermediate,independent,False,10-20,<100,0.700137,120,dormant
74876,intermediate,intermediate,complex,complex,intermediate,independent,False,>30,100-1000,0.610436,285,dormant
74877,simple,intermediate,complex,complex,intermediate,independent,False,20-30,<100,0.788931,127,dormant
74878,intermediate,intermediate,complex,complex,intermediate,independent,False,20-30,<100,0.718389,121,dormant
74879,intermediate,intermediate,complex,complex,intermediate,independent,False,20-30,<100,0.528568,76,dormant
74880,intermediate,intermediate,complex,complex,intermediate,independent,False,10-20,100-1000,0.717563,124,dormant
74881,intermediate,intermediate,complex,complex,intermediate,adjacent,False,10-20,>1000,0.5747,128,dormant
74882,intermediate,intermediate,complex,complex,intermediate,independent,False,10-20,100-1000,0.607776,153,dormant
74883,intermediate,intermediate,complex,complex,intermediate,adjacent,False,>30,>1000,0.58939,300,dormant
74884,intermediate,intermediate,complex,complex,intermediate,adjacent,False,10-20,100-1000,0.519094,87,dormant
74885,complex,intermediate,complex,complex,intermediate,independent,False,20-30,100-1000,0.420124,205,dormant
74886,complex,complex,complex,complex,intermediate,adjacent,False,20-30,>1000,0.0403475,73,dormant
74887,intermediate,intermediate,complex,complex,intermediate,independent,False,20-30,100-1000,0.565797,197,dormant
74888,complex,intermediate,complex,complex,intermediate,independent,False,20-30,100-1000,0.484398,209,dormant
74891,complex,intermediate,complex,complex,intermediate,nested,True,20-30,100-1000,0.475917,190,dormant
74892,intermediate,intermediate,complex,complex,intermediate,adjacent,False,20-30,100-1000,0.564676,145,dormant
74893,intermediate,intermediate,complex,complex,intermediate,contains,True,10-20,>1000,0.64509,150,dormant
74895,complex,intermediate,complex,complex,intermediate,contains,True,10-20,>1000,0.387653,173,dormant
74898,intermediate,complex,complex,complex,intermediate,contains,True,20-30,>1000,0.50804,257,dormant
74900,intermediate,intermediate,complex,complex,intermediate,independent,False,10-20,100-1000,0.657995,93,dormant
74901,intermediate,intermediate,complex,complex,intermediate,adjacent,False,>30,>1000,0.629316,401,dormant
74906,complex,intermediate,complex,complex,intermediate,adjacent,False,>30,>1000,0.421691,350,dormant
74907,complex,intermediate,complex,complex,intermediate,adjacent,False,>30,>1000,0.353943,220,dormant
74909,intermediate,intermediate,complex,complex,intermediate,nested,True,10-20,100-1000,0.508661,96,dormant
74911,intermediate,intermediate,complex,complex,intermediate,nested,True,10-20,100-1000,0.488062,142,dormant
74912,intermediate,intermediate,complex,complex,intermediate,nested,True,10-20,100-1000,0.706977,158,dormant
74913,intermediate,intermediate,complex,complex,intermediate,nested,True,20-30,100-1000,0.661475,217,dormant
74914,intermediate,intermediate,complex,complex,intermediate,nested,True,>30,>1000,0.691313,314,dormant
74916,intermediate,intermediate,complex,complex,intermediate,nested,True,>30,>1000,0.664608,332,dormant
74919,intermediate,intermediate,complex,complex,intermediate,adjacent,False,10-20,>1000,0.565247,170,dormant
74920,intermediate,intermediate,complex,complex,complex,adjacent,False,>30,>1000,0.563104,332,dormant
74922,intermediate,intermediate,complex,complex,intermediate,contains,True,>30,>1000,0.542088,314,dormant
74927,complex,complex,complex,complex,intermediate,contains,True,20-30,>1000,0.212816,34,dormant
74928,intermediate,complex,complex,complex,intermediate,adjacent,False,10-20,100-1000,0.749904,166,dormant
74932,intermediate,intermediate,complex,complex,intermediate,adjacent,False,>30,>1000,0.53178,282,dormant
74940,complex,complex,complex,complex,complex,independent,False,>30,>1000,0.252876,157,dormant
74941,complex,complex,complex,complex,complex,independent,False,10-20,100-1000,0.000536567,24,dormant
74942,complex,complex,complex,complex,complex,independent,False,10-20,100-1000,0.176472,15,dormant
74946,complex,complex,complex,complex,complex,adjacent,False,>30,>1000,0.0590904,175,dormant
74948,complex,intermediate,complex,complex,complex,nested,True,10-20,100-1000,0.36524,95,dormant
74949,complex,complex,complex,complex,complex,contains,True,>30,>1000,0.021932,30,dormant
74950,intermediate,complex,complex,complex,complex,contains,True,>30,>1000,0.625335,209,dormant
74951,intermediate,complex,complex,complex,complex,contains,True,>30,>1000,0.534205,269,dormant
74952,complex,complex,complex,complex,complex,contains,True,10-20,>1000,0.340906,69,dormant
74953,intermediate,complex,complex,complex,complex,contains,True,>30,>1000,0.587467,206,dormant
74958,intermediate,complex,complex,complex,complex,adjacent,False,10-20,100-1000,0.588199,134,dormant
74959,complex,complex,complex,complex,complex,nested,True,>30,>1000,0.417702,214,dormant
74960,intermediate,complex,complex,complex,intermediate,nested,True,20-30,100-1000,0.524476,167,dormant
74961,complex,complex,complex,complex,complex,contains,True,10-20,>1000,0.188094,84,dormant
74962,complex,complex,complex,complex,complex,contains,True,>30,>1000,0.276178,187,dormant
74963,complex,complex,complex,complex,complex,contains,True,>30,>1000,0.0114,171,dormant
74964,intermediate,intermediate,complex,complex,intermediate,adjacent,False,>30,<100,0.734357,157,dormant
74966,intermediate,complex,complex,complex,intermediate,independent,False,>30,<100,0.731132,205,dormant
74967,intermediate,complex,complex,complex,intermediate,independent,False,>30,<100,0.716605,192,dormant
74968,complex,complex,complex,complex,intermediate,adjacent,False,>30,>1000,0.368384,301,dormant
74971,complex,complex,complex,complex,intermediate,contains,True,>30,>1000,0.417222,28,dormant
74973,complex,intermediate,complex,complex,complex,contains,True,>30,>1000,0.348955,299,dormant
74974,complex,complex,complex,complex,complex,independent,False,>30,100-1000,0.314936,172,dormant
74976,complex,intermediate,complex,complex,complex,contains,True,>30,>1000,0.471718,364,dormant
74978,complex,complex,complex,complex,complex,contains,True,>30,>1000,0.0674867,52,dormant
74980,intermediate,complex,complex,complex,complex,contains,True,>30,>1000,0.516819,241,dormant
74981,complex,complex,complex,complex,complex,contains,True,>30,>1000,0.365816,22,dormant
74982,intermediate,complex,complex,complex,complex,adjacent,False,>30,100-1000,0.511555,259,dormant
74984,intermediate,complex,complex,complex,intermediate,contains,True,>30,>1000,0.545609,259,dormant
74985,simple,complex,complex,complex,intermediate,adjacent,False,>30,<100,0.75046,165,dormant
74986,intermediate,complex,complex,complex,intermediate,contains,True,>30,>1000,0.528148,217,dormant
74987,intermediate,complex,complex,complex,intermediate,contains,True,>30,>1000,0.607692,215,dormant
74989,complex,complex,complex,complex,intermediate,contains,True,>30,>1000,0.335631,346,dormant
74994,intermediate,intermediate,complex,complex,intermediate,nested,True,10-20,100-1000,0.595943,78,dormant
74995,intermediate,intermediate,complex,complex,intermediate,nested,True,>30,>1000,0.477866,249,dormant
74996,intermediate,intermediate,complex,complex,intermediate,adjacent,False,10-20,100-1000,0.720865,129,dormant
74997,intermediate,intermediate,complex,complex,intermediate,adjacent,False,10-20,100-1000,0.721794,120,dormant
74998,complex,intermediate,complex,complex,intermediate,adjacent,False,10-20,100-1000,0.427421,135,dormant
74999,intermediate,intermediate,complex,complex,intermediate,adjacent,False,>30,>1000,0.583907,323,dormant
75002,intermediate,intermediate,complex,complex,intermediate,contains,True,10-20,100-1000,0.701823,94,dormant
75003,intermediate,intermediate,complex,complex,intermediate,contains,True,10-20,100-1000,0.590842,94,dormant
75004,complex,intermediate,complex,complex,intermediate,contains,True,>30,>1000,0.344189,298,dormant
75007,intermediate,complex,complex,complex,intermediate,adjacent,False,20-30,100-1000,0.689241,174,dormant
75009,intermediate,intermediate,complex,complex,intermediate,adjacent,False,20-30,>1000,0.666145,197,dormant
75010,intermediate,intermediate,complex,complex,intermediate,adjacent,False,>30,>1000,0.584753,311,dormant
75011,intermediate,intermediate,complex,complex,complex,contains,True,>30,100-1000,0.537454,255,dormant
75012,intermediate,intermediate,complex,complex,intermediate,adjacent,False,20-30,<100,0.639813,150,dormant
75013,intermediate,intermediate,complex,complex,complex,contains,True,>30,100-1000,0.545614,246,dormant
75014,intermediate,intermediate,complex,complex,intermediate,contains,True,>30,>1000,0.609785,264,dormant
75015,complex,intermediate,complex,complex,intermediate,contains,True,>30,>1000,0.0041526,21,dormant
75016,complex,complex,complex,complex,complex,contains,True,>30,>1000,0.00132102,105,dormant
75018,intermediate,complex,complex,complex,complex,contains,True,>30,>1000,0.56967,121,dormant
75019,complex,complex,complex,complex,complex,contains,True,>30,>1000,0.342474,170,dormant
75020,complex,complex,complex,complex,complex,adjacent,False,>30,100-1000,0.0273029,16,dormant
75021,complex,complex,complex,complex,complex,adjacent,False,>30,>1000,0.025328,31,dormant
75022,intermediate,complex,complex,complex,complex,adjacent,False,>30,>1000,0.536918,293,dormant
75028,complex,complex,complex,complex,complex,independent,False,10-20,>1000,0.344411,89,dormant
75029,complex,complex,complex,complex,complex,adjacent,False,>30,>1000,0.133693,136,dormant
75030,complex,complex,complex,complex,complex,independent,False,>30,>1000,0.046771,151,dormant
75032,complex,complex,complex,complex,complex,adjacent,False,10-20,>1000,0.0133621,38,dormant
75033,complex,complex,complex,complex,complex,contains,True,>30,>1000,0.00187514,56,dormant
75034,complex,complex,complex,complex,complex,contains,True,>30,>1000,0.322896,203,dormant
75036,complex,complex,complex,complex,complex,contains,True,>30,>1000,0.00517238,39,dormant
75037,complex,complex,complex,complex,complex,contains,True,>30,>1000,0.229408,154,dormant
75038,complex,complex,complex,complex,complex,contains,True,>30,>1000,0.142128,206,dormant
75039,complex,complex,complex,complex,complex,contains,True,10-20,>1000,0.210904,105,dormant
75040,complex,complex,complex,complex,complex,contains,True,>30,>1000,0.1368,190,dormant
75041,complex,complex,complex,complex,complex,contains,True,>30,>1000,0.141494,183,dormant
75042,complex,complex,complex,complex,complex,contains,True,>30,>1000,0.121026,270,dormant
75043,complex,complex,complex,complex,complex,contains,True,10-20,>1000,0.116862,110,dormant
75044,complex,complex,complex,complex,complex,contains,True,>30,>1000,0.049099,236,dormant
75045,complex,complex,complex,complex,complex,nested,True,10-20,100-1000,0.209144,84,dormant
75046,complex,complex,complex,complex,complex,contains,True,>30,>1000,0.412973,131,dormant
75047,complex,complex,complex,complex,complex,contains,True,>30,>1000,0.131237,139,dormant
75050,intermediate,intermediate,complex,complex,intermediate,adjacent,False,20-30,100-1000,0.60359,249,dormant
75051,intermediate,intermediate,complex,complex,intermediate,independent,False,>30,100-1000,0.640325,328,dormant
75052,intermediate,intermediate,complex,complex,intermediate,contains,True,20-30,>1000,0.505571,251,dormant
75056,intermediate,intermediate,complex,complex,intermediate,adjacent,False,>30,>1000,0.618767,299,dormant
75059,intermediate,intermediate,complex,complex,intermediate,independent,False,10-20,<100,0.717937,114,dormant
75063,intermediate,intermediate,complex,complex,intermediate,adjacent,False,>30,100-1000,0.658231,285,dormant
75065,intermediate,intermediate,complex,complex,intermediate,nested,True,10-20,100-1000,0.664238,103,dormant
75066,intermediate,intermediate,complex,complex,intermediate,adjacent,False,10-20,100-1000,0.706251,155,dormant
75070,intermediate,intermediate,complex,complex,intermediate,independent,False,>30,>1000,0.525778,349,dormant
75071,intermediate,intermediate,complex,complex,intermediate,adjacent,False,>30,>1000,0.623804,311,dormant
75075,simple,intermediate,complex,complex,intermediate,contains,True,10-20,100-1000,0.768199,117,dormant
75092,complex,intermediate,complex,complex,intermediate,contains,True,20-30,>1000,0.137022,181,dormant
75096,complex,complex,complex,intermediate,intermediate,contains,True,20-30,>1000,0.401137,42,dormant
75105,intermediate,complex,complex,complex,complex,adjacent,False,>30,>1000,0.566281,140,dormant
75107,complex,complex,complex,complex,complex,contains,True,>30,>1000,0.419636,166,dormant
75108,intermediate,complex,complex,complex,complex,contains,True,>30,>1000,0.502431,129,dormant
75109,complex,complex,complex,complex,complex,contains,True,>30,>1000,0.354016,165,dormant
75110,intermediate,complex,complex,complex,complex,nested,True,10-20,>1000,0.576852,77,dormant
75112,complex,complex,complex,complex,complex,nested,True,>30,>1000,0.0615539,196,dormant
75113,complex,complex,complex,complex,complex,contains,True,>30,>1000,0.223596,166,dormant
75115,complex,complex,complex,complex,complex,contains,True,>30,>1000,0.408951,147,dormant
75116,complex,complex,complex,complex,complex,contains,True,>30,>1000,0.251019,149,dormant
75118,complex,complex,complex,complex,complex,adjacent,False,>30,>1000,0.397707,301,dormant
75119,complex,complex,complex,complex,complex,independent,False,>30,>1000,0.343318,212,dormant
75120,intermediate,complex,complex,complex,complex,adjacent,False,>30,>1000,0.519838,205,dormant
75121,intermediate,complex,complex,complex,complex,contains,True,20-30,>1000,0.632652,121,dormant
75122,intermediate,complex,complex,complex,complex,contains,True,>30,>1000,0.404472,36,dormant
75123,complex,complex,complex,complex,complex,adjacent,False,>30,>1000,0.306881,345,dormant
75124,complex,complex,complex,complex,complex,contains,True,>30,>1000,0.355193,272,dormant
75125,complex,complex,complex,complex,complex,contains,True,>30,>1000,0.413283,277,dormant
75126,complex,complex,complex,complex,complex,adjacent,False,>30,>1000,0.246645,230,dormant
75127,complex,complex,complex,complex,complex,adjacent,False,>30,>1000,0.0659256,155,dormant
75128,complex,complex,complex,complex,complex,contains,True,>30,>1000,0.312894,138,dormant
75131,complex,complex,complex,complex,complex,contains,True,>30,>1000,0.00946952,39,dormant
75132,complex,complex,complex,complex,complex,contains,True,>30,>1000,0.125765,176,dormant
75133,complex,complex,complex,complex,complex,contains,True,20-30,>1000,0.292786,158,dormant
75134,complex,complex,complex,complex,complex,contains,True,>30,100-1000,0.0548632,30,dormant
75135,complex,complex,complex,complex,complex,contains,True,>30,>1000,0.246363,218,dormant
75136,complex,complex,complex,complex,complex,nested,True,10-20,<100,0.375198,57,dormant
75138,complex,complex,complex,complex,complex,contains,True,>30,>1000,0.199716,150,dormant
75139,complex,complex,complex,complex,complex,contains,True,>30,>1000,0.16368,230,dormant
75141,complex,complex,complex,complex,intermediate,adjacent,False,10-20,>1000,0.410185,107,dormant
75142,complex,complex,complex,complex,complex,contains,True,>30,>1000,0.330883,266,dormant
75144,complex,complex,complex,complex,complex,contains,True,>30,>1000,0.000187912,61,dormant
75145,intermediate,intermediate,complex,complex,complex,contains,True,10-20,100-1000,0.606359,99,dormant
75146,intermediate,intermediate,complex,complex,complex,adjacent,False,>30,>1000,0.572036,228,dormant
75147,intermediate,complex,complex,complex,complex,contains,True,>30,>1000,0.522152,123,dormant
75148,complex,complex,complex,complex,complex,contains,True,>30,>1000,0.119094,323,dormant
75150,complex,complex,complex,complex,complex,contains,True,>30,>1000,0.303632,120,dormant
75151,complex,intermediate,complex,complex,intermediate,contains,True,>30,>1000,0.485911,400,dormant
75155,complex,intermediate,complex,complex,intermediate,adjacent,False,>30,100-1000,0.471004,371,dormant
75156,complex,complex,complex,complex,intermediate,contains,True,>30,>1000,0.170714,248,dormant
75157,complex,complex,complex,complex,complex,contains,True,>30,>1000,0.398046,326,dormant
75158,simple,complex,complex,complex,complex,contains,True,10-20,>1000,0.751604,32,dormant
75159,complex,complex,complex,complex,complex,adjacent,False,>30,>1000,0.254803,309,dormant
75161,complex,complex,complex,complex,complex,contains,True,20-30,>1000,0.0110786,33,dormant
75163,complex,intermediate,complex,complex,intermediate,contains,True,10-20,100-1000,0.443738,133,dormant
75164,complex,intermediate,complex,complex,intermediate,contains,True,10-20,100-1000,0.416045,192,dormant
75174,intermediate,intermediate,complex,complex,intermediate,adjacent,False,>30,100-1000,0.515656,342,dormant
75177,intermediate,intermediate,complex,complex,intermediate,independent,False,>30,100-1000,0.559455,387,dormant
75178,complex,intermediate,complex,complex,intermediate,independent,False,10-20,100-1000,0.353947,140,dormant
75182,intermediate,intermediate,complex,complex,intermediate,adjacent,False,>30,>1000,0.657256,387,dormant
75185,intermediate,intermediate,complex,complex,intermediate,adjacent,False,20-30,>1000,0.511138,239,dormant
75198,simple,intermediate,complex,complex,intermediate,contains,True,10-20,>1000,0.751559,196,dormant
75204,intermediate,complex,complex,complex,intermediate,independent,False,>30,>1000,0.518628,54,dormant
75222,complex,intermediate,complex,intermediate,intermediate,independent,False,10-20,>1000,0.351204,132,dormant
75226,intermediate,intermediate,complex,intermediate,intermediate,contains,True,>30,>1000,0.613888,438,dormant
75232,intermediate,intermediate,complex,intermediate,intermediate,independent,False,20-30,100-1000,0.650812,256,dormant
75234,intermediate,intermediate,complex,intermediate,intermediate,adjacent,False,>30,>1000,0.625788,391,dormant
75235,intermediate,intermediate,complex,intermediate,intermediate,adjacent,False,10-20,>1000,0.535216,144,dormant
75243,intermediate,complex,complex,complex,intermediate,independent,False,>30,100-1000,0.716105,479,dormant
75244,intermediate,intermediate,complex,intermediate,intermediate,adjacent,False,>30,>1000,0.516256,233,dormant
75249,complex,intermediate,complex,complex,intermediate,contains,True,>30,>1000,0.469105,200,dormant
75253,complex,complex,complex,complex,complex,contains,True,>30,>1000,0.413842,210,dormant
75254,complex,complex,complex,complex,complex,adjacent,False,>30,>1000,0.268868,277,dormant
75255,complex,complex,complex,complex,complex,contains,True,20-30,>1000,0.237185,21,dormant
75259,complex,complex,complex,complex,complex,contains,True,>30,>1000,0.328778,375,dormant
75260,complex,intermediate,complex,complex,intermediate,adjacent,False,10-20,100-1000,0.222403,167,dormant
75262,intermediate,intermediate,complex,complex,intermediate,adjacent,False,>30,100-1000,0.523474,340,dormant
75263,complex,complex,complex,complex,complex,contains,True,>30,>1000,0.18193,253,dormant
75264,complex,complex,complex,complex,complex,contains,True,>30,>1000,0.0786778,247,dormant
75266,complex,complex,complex,complex,complex,contains,True,>30,>1000,0.200657,227,dormant
75268,complex,intermediate,complex,complex,complex,contains,True,>30,>1000,0.0187387,23,dormant
75269,complex,complex,complex,complex,complex,contains,True,20-30,>1000,0.240173,160,dormant
75271,complex,intermediate,complex,complex,complex,contains,True,10-20,>1000,0.414158,86,dormant
75272,complex,intermediate,complex,complex,complex,contains,True,>30,>1000,0.470376,54,dormant
75273,complex,intermediate,complex,complex,complex,independent,False,10-20,100-1000,0.385295,129,dormant
75274,complex,intermediate,complex,complex,intermediate,contains,True,>30,>1000,0.496779,63,dormant
75276,complex,complex,complex,complex,complex,contains,True,20-30,>1000,0.236569,245,dormant
75277,complex,complex,complex,complex,complex,contains,True,>30,>1000,0.238288,61,dormant
75278,complex,intermediate,complex,complex,intermediate,contains,True,10-20,>1000,0.167323,18,dormant
75281,complex,complex,complex,intermediate,complex,adjacent,False,>30,100-1000,0.309706,167,dormant
75282,complex,complex,complex,complex,complex,contains,True,>30,>1000,0.181604,269,dormant
75284,complex,complex,complex,complex,intermediate,adjacent,False,>30,>1000,0.478193,17,dormant
75285,complex,complex,complex,complex,intermediate,independent,False,20-30,100-1000,0.318441,120,dormant
75286,intermediate,complex,complex,complex,intermediate,adjacent,False,>30,>1000,0.560748,27,dormant
75287,intermediate,complex,complex,complex,complex,contains,True,>30,>1000,0.362189,33,dormant
75288,intermediate,complex,complex,complex,complex,contains,True,>30,>1000,0.636965,25,dormant
75289,complex,complex,complex,intermediate,intermediate,adjacent,False,20-30,100-1000,0.382781,194,dormant
75290,simple,complex,complex,complex,complex,contains,True,>30,>1000,0.810033,27,dormant
75291,complex,complex,complex,intermediate,complex,adjacent,False,>30,100-1000,0.342921,229,dormant
75292,complex,complex,complex,intermediate,complex,contains,True,>30,100-1000,0.482492,266,dormant
75294,complex,complex,complex,complex,intermediate,contains,True,>30,>1000,0.0330527,17,dormant
75295,intermediate,complex,complex,complex,complex,independent,False,10-20,<100,0.716462,75,dormant
75296,complex,complex,complex,complex,complex,contains,True,20-30,>1000,0.310094,20,dormant
75297,complex,complex,complex,intermediate,complex,contains,True,>30,>1000,0.0538539,28,dormant
75299,intermediate,complex,complex,complex,complex,contains,True,>30,>1000,0.577993,389,dormant
75300,simple,complex,complex,complex,complex,independent,False,20-30,100-1000,0.762121,189,dormant
75301,intermediate,complex,complex,complex,complex,contains,True,>30,>1000,0.610437,356,dormant
75302,intermediate,complex,complex,complex,complex,independent,False,20-30,<100,0.730403,176,dormant
75306,intermediate,intermediate,complex,complex,intermediate,adjacent,False,>30,100-1000,0.672258,264,dormant
75308,simple,complex,complex,complex,complex,independent,False,10-20,<100,0.7691,86,dormant
75309,complex,complex,complex,complex,intermediate,contains,True,>30,>1000,0.377761,366,dormant
75310,complex,complex,complex,complex,intermediate,contains,True,>30,>1000,0.437538,400,dormant
75311,intermediate,complex,complex,complex,complex,contains,True,>30,>1000,0.572327,384,dormant
75312,intermediate,complex,complex,complex,complex,contains,True,>30,>1000,0.522074,296,dormant
75313,complex,complex,complex,complex,complex,adjacent,False,20-30,100-1000,0.37088,167,dormant
75314,complex,complex,complex,complex,intermediate,contains,True,>30,100-1000,0.00240856,17,dormant
75315,complex,complex,complex,complex,intermediate,contains,True,10-20,>1000,0.313485,74,dormant
75317,complex,complex,complex,complex,complex,adjacent,False,>30,>1000,0.483431,283,dormant
75319,complex,complex,complex,complex,complex,contains,True,>30,>1000,0.435409,81,dormant
75320,intermediate,complex,complex,complex,complex,contains,True,>30,>1000,0.552065,19,dormant
75323,complex,complex,complex,complex,complex,contains,True,20-30,>1000,0.0258217,205,dormant
75324,complex,complex,complex,complex,complex,contains,True,>30,>1000,0.113944,283,dormant
75327,complex,complex,complex,complex,complex,adjacent,False,10-20,>1000,0.359932,128,dormant
75328,complex,complex,complex,complex,complex,adjacent,False,>30,>1000,0.360702,311,dormant
75329,complex,intermediate,complex,complex,complex,adjacent,False,20-30,>1000,0.363645,248,dormant
75331,intermediate,intermediate,complex,complex,intermediate,adjacent,False,10-20,<100,0.729021,132,dormant
75332,simple,intermediate,complex,complex,intermediate,adjacent,False,10-20,<100,0.768829,178,dormant
75333,intermediate,intermediate,complex,complex,intermediate,contains,True,>30,100-1000,0.506434,381,dormant
75334,intermediate,intermediate,complex,complex,intermediate,adjacent,False,>30,100-1000,0.512168,265,dormant
75335,intermediate,complex,complex,complex,complex,contains,True,20-30,100-1000,0.525117,206,dormant
75336,intermediate,intermediate,complex,complex,complex,contains,True,>30,100-1000,0.58233,134,dormant
75337,intermediate,complex,complex,complex,complex,adjacent,False,>30,100-1000,0.659704,258,dormant
75340,simple,complex,complex,complex,complex,adjacent,False,>30,100-1000,0.832442,39,dormant
75346,intermediate,intermediate,complex,complex,complex,adjacent,False,>30,100-1000,0.744773,253,dormant
75347,intermediate,complex,complex,complex,intermediate,independent,False,10-20,<100,0.685223,61,dormant
75349,intermediate,intermediate,complex,complex,intermediate,independent,False,>30,100-1000,0.692731,242,dormant
75350,intermediate,intermediate,complex,complex,intermediate,adjacent,False,>30,<100,0.677042,199,dormant
75351,intermediate,intermediate,complex,complex,intermediate,adjacent,False,10-20,100-1000,0.560786,116,dormant
75352,intermediate,complex,complex,complex,intermediate,independent,False,10-20,<100,0.598478,74,dormant
75353,intermediate,complex,complex,complex,intermediate,independent,False,>30,<100,0.637857,233,dormant
75354,intermediate,intermediate,complex,complex,intermediate,independent,False,10-20,<100,0.650108,67,dormant
75355,intermediate,intermediate,complex,complex,intermediate,independent,False,>30,<100,0.656768,262,dormant
75356,intermediate,complex,complex,complex,complex,independent,False,20-30,100-1000,0.614593,154,dormant
75357,intermediate,intermediate,complex,complex,complex,independent,False,>30,100-1000,0.741573,282,dormant
75366,complex,complex,complex,complex,complex,contains,True,>30,>1000,0.305258,207,dormant
75369,intermediate,intermediate,complex,complex,complex,adjacent,False,10-20,<100,0.704139,72,dormant
75370,complex,complex,complex,complex,complex,contains,True,>30,>1000,0.10636,168,dormant
75371,complex,complex,complex,complex,complex,contains,True,>30,>1000,0.0518111,189,dormant
75376,complex,complex,complex,complex,complex,adjacent,False,20-30,100-1000,0.0957378,135,dormant
75377,intermediate,complex,complex,intermediate,complex,independent,False,10-20,100-1000,0.578656,18,dormant
75378,complex,complex,complex,complex,complex,contains,True,>30,>1000,0.00655441,46,dormant
75379,complex,complex,complex,complex,intermediate,adjacent,False,20-30,100-1000,0.0464633,24,dormant
75380,complex,complex,complex,complex,intermediate,adjacent,False,20-30,100-1000,0.0408962,15,dormant
75384,complex,complex,complex,complex,complex,adjacent,False,10-20,>1000,0.158046,62,dormant
75386,complex,complex,complex,complex,complex,contains,True,20-30,>1000,0.256846,174,dormant
75387,complex,complex,complex,complex,complex,contains,True,>30,>1000,0.256925,269,dormant
75388,complex,complex,complex,complex,complex,contains,True,>30,>1000,0.134342,19,dormant
75390,complex,complex,complex,complex,complex,contains,True,20-30,>1000,0.0186403,19,dormant
75391,complex,complex,complex,complex,complex,contains,True,>30,>1000,0.0363911,33,dormant
75393,complex,complex,complex,complex,complex,adjacent,False,>30,100-1000,0.00240953,21,dormant
75396,complex,complex,complex,complex,complex,contains,True,>30,>1000,0.0099011,23,dormant
75397,complex,complex,complex,complex,complex,contains,True,10-20,>1000,0.386292,163,dormant
75398,complex,complex,complex,complex,complex,contains,True,>30,>1000,0.251495,357,dormant
75399,complex,complex,complex,complex,complex,adjacent,False,>30,100-1000,0.319239,309,dormant
75401,complex,complex,complex,complex,complex,contains,True,>30,>1000,0.293018,331,dormant
75402,complex,complex,complex,intermediate,complex,contains,True,20-30,>1000,0.230432,157,dormant
75403,complex,complex,complex,complex,complex,contains,True,10-20,>1000,0.473979,52,dormant
75404,complex,complex,complex,complex,complex,contains,True,>30,>1000,0.268934,81,dormant
75405,intermediate,intermediate,complex,complex,intermediate,adjacent,False,10-20,<100,0.662012,84,dormant
75408,complex,complex,complex,complex,intermediate,contains,True,>30,>1000,0.247536,161,dormant
75410,complex,complex,complex,complex,complex,adjacent,False,>30,>1000,0.367977,179,dormant
75411,complex,complex,complex,complex,intermediate,contains,True,>30,>1000,0.280798,187,dormant
75412,complex,complex,complex,complex,intermediate,contains,True,>30,>1000,0.0108352,163,dormant
75414,complex,complex,complex,complex,complex,adjacent,False,>30,>1000,0.138153,143,dormant
75420,intermediate,complex,complex,complex,complex,nested,True,10-20,>1000,0.577743,49,dormant
75421,complex,complex,complex,complex,complex,contains,True,>30,>1000,0.270876,175,dormant
75422,complex,complex,complex,complex,complex,contains,True,>30,>1000,0.14759,183,dormant
75428,complex,complex,complex,complex,complex,adjacent,False,>30,>1000,0.0486849,262,dormant
75429,complex,complex,complex,complex,simple,contains,True,20-30,>1000,0.268135,42,dormant
75430,complex,complex,complex,complex,complex,contains,True,>30,>1000,0.214327,252,dormant
75431,intermediate,intermediate,complex,complex,intermediate,adjacent,False,>30,<100,0.649928,192,dormant
75432,intermediate,intermediate,complex,complex,intermediate,contains,True,>30,100-1000,0.509761,132,dormant
75433,intermediate,intermediate,complex,complex,intermediate,contains,True,20-30,100-1000,0.509624,81,dormant
75434,intermediate,complex,complex,intermediate,intermediate,adjacent,False,10-20,<100,0.608674,50,dormant
75435,intermediate,complex,complex,intermediate,intermediate,independent,False,10-20,<100,0.739732,58,dormant
75436,intermediate,complex,complex,intermediate,intermediate,adjacent,False,>30,<100,0.683078,166,dormant
75437,intermediate,complex,complex,intermediate,intermediate,independent,False,10-20,<100,0.743467,58,dormant
75440,complex,complex,complex,complex,complex,contains,True,>30,>1000,0.00555505,108,dormant
75441,intermediate,complex,complex,intermediate,intermediate,independent,False,10-20,<100,0.667035,59,dormant
75442,simple,complex,complex,intermediate,intermediate,independent,False,10-20,<100,0.756582,49,dormant
75444,simple,complex,complex,intermediate,intermediate,independent,False,10-20,<100,0.880293,46,dormant
75445,simple,complex,complex,intermediate,intermediate,independent,False,10-20,<100,0.811051,55,dormant
75446,intermediate,complex,complex,intermediate,intermediate,independent,False,>30,100-1000,0.601583,196,dormant
75449,intermediate,intermediate,complex,intermediate,intermediate,adjacent,False,20-30,<100,0.642116,88,dormant
75450,complex,intermediate,complex,intermediate,intermediate,adjacent,False,10-20,<100,0.426671,47,dormant
75451,intermediate,intermediate,complex,intermediate,intermediate,adjacent,False,20-30,<100,0.641714,112,dormant
75452,complex,complex,complex,intermediate,intermediate,adjacent,False,10-20,<100,0.318833,21,dormant
75455,complex,intermediate,complex,complex,complex,contains,True,>30,100-1000,0.37438,272,dormant
75456,complex,complex,complex,complex,complex,contains,True,>30,>1000,0.104584,236,dormant
75459,complex,complex,complex,complex,complex,nested,True,>30,>1000,0.0234767,45,dormant
75460,complex,complex,complex,complex,complex,contains,True,>30,>1000,0.000201007,49,dormant
75461,complex,intermediate,complex,intermediate,intermediate,nested,True,10-20,100-1000,0.300912,17,dormant
75462,complex,intermediate,complex,complex,complex,contains,True,10-20,>1000,0.172553,23,dormant
75463,complex,intermediate,complex,complex,complex,contains,True,20-30,>1000,0.381063,158,dormant
75464,intermediate,complex,complex,complex,complex,contains,True,>30,>1000,0.296898,273,dormant
75465,complex,complex,complex,complex,complex,contains,True,>30,>1000,0.178667,185,dormant
75467,complex,complex,complex,complex,complex,contains,True,>30,>1000,0.45676,276,dormant
75469,intermediate,complex,complex,complex,intermediate,independent,False,20-30,100-1000,0.555518,146,dormant
75471,intermediate,intermediate,complex,complex,intermediate,adjacent,False,>30,100-1000,0.644731,301,dormant
75474,complex,intermediate,complex,complex,intermediate,contains,True,>30,>1000,0.291885,175,dormant
75476,complex,intermediate,complex,complex,intermediate,contains,True,20-30,>1000,0.36859,142,dormant
75477,intermediate,complex,complex,complex,intermediate,contains,True,>30,100-1000,0.626341,201,dormant
75478,complex,complex,complex,complex,intermediate,contains,True,>30,>1000,0.48343,265,dormant
75479,intermediate,complex,complex,complex,intermediate,contains,True,>30,>1000,0.547727,315,dormant
75480,intermediate,complex,complex,complex,intermediate,contains,True,10-20,>1000,0.734193,98,dormant
75481,complex,complex,complex,complex,intermediate,contains,True,>30,>1000,0.491538,312,dormant
75482,complex,intermediate,complex,intermediate,intermediate,nested,True,10-20,100-1000,0.0809822,17,dormant
75483,complex,complex,complex,complex,intermediate,nested,True,10-20,100-1000,0.469115,101,dormant
75484,complex,complex,complex,complex,intermediate,contains,True,>30,>1000,0.394568,154,dormant
75485,simple,complex,complex,complex,intermediate,contains,True,10-20,>1000,0.828685,20,dormant
75486,intermediate,complex,complex,complex,complex,contains,True,10-20,>1000,0.528363,41,dormant
75489,complex,complex,complex,complex,complex,contains,True,20-30,>1000,0.0230584,70,dormant
75491,complex,complex,complex,complex,complex,contains,True,>30,>1000,0.163537,170,dormant
75493,complex,complex,complex,complex,complex,contains,True,>30,>1000,0.0105719,74,dormant
75494,complex,complex,complex,complex,complex,contains,True,20-30,>1000,0.0174355,25,dormant
75497,complex,complex,complex,complex,complex,independent,False,10-20,100-1000,0.0528119,22,dormant
75501,complex,complex,complex,complex,complex,adjacent,False,>30,>1000,0.477924,116,dormant
75502,complex,complex,complex,complex,complex,adjacent,False,>30,>1000,0.443477,105,dormant
75503,intermediate,complex,complex,complex,complex,adjacent,False,>30,>1000,0.461028,136,dormant
75505,complex,complex,complex,complex,complex,adjacent,False,>30,>1000,0.0535254,74,dormant
75506,complex,complex,complex,complex,complex,adjacent,False,10-20,>1000,0.00169212,28,dormant
75507,complex,complex,complex,complex,complex,adjacent,False,>30,>1000,0.0162544,66,dormant
75508,complex,complex,complex,complex,complex,adjacent,False,>30,>1000,0.024771,88,dormant
75509,complex,complex,complex,complex,complex,adjacent,False,20-30,>1000,0.365624,32,dormant
75510,complex,complex,complex,complex,complex,adjacent,False,20-30,>1000,0.391906,104,dormant
75511,complex,complex,complex,complex,complex,adjacent,False,>30,>1000,0.0316945,197,dormant
75512,complex,complex,complex,complex,complex,contains,True,10-20,>1000,0.0603382,79,dormant
75513,complex,complex,complex,complex,complex,contains,True,10-20,>1000,0.276639,80,dormant
75514,complex,complex,complex,complex,complex,contains,True,>30,>1000,0.207204,203,dormant
75515,complex,complex,complex,complex,complex,contains,True,>30,>1000,0.123988,205,dormant
75524,complex,complex,complex,complex,complex,contains,True,>30,>1000,0.0594264,218,dormant
75531,complex,complex,complex,complex,complex,adjacent,False,10-20,100-1000,0.0918506,54,dormant
75534,complex,complex,complex,complex,complex,adjacent,False,10-20,>1000,8.60579e-05,23,dormant
75535,complex,complex,complex,complex,complex,independent,False,20-30,>1000,0.199734,103,dormant
75537,complex,complex,complex,complex,complex,contains,True,>30,>1000,0.276917,142,dormant
75539,complex,complex,complex,complex,complex,nested,True,20-30,>1000,0.0415501,76,dormant
75540,complex,complex,complex,complex,complex,independent,False,20-30,100-1000,0.0466772,93,dormant
75541,complex,complex,complex,complex,complex,independent,False,20-30,100-1000,0.0696193,79,dormant
75542,complex,complex,complex,complex,complex,adjacent,False,20-30,100-1000,0.125406,62,dormant
75544,complex,complex,complex,complex,complex,independent,False,>30,100-1000,0.187688,177,dormant
75546,complex,complex,complex,complex,complex,independent,False,20-30,100-1000,0.181941,112,dormant
75547,complex,complex,complex,complex,complex,independent,False,>30,>1000,0.08826,224,dormant
75549,intermediate,complex,complex,complex,complex,independent,False,20-30,>1000,0.38706,194,dormant
75550,complex,complex,complex,complex,complex,independent,False,20-30,>1000,0.245625,142,dormant
75552,intermediate,complex,complex,complex,complex,independent,False,20-30,>1000,0.448787,80,dormant
75553,complex,complex,complex,complex,complex,independent,False,>30,>1000,0.212189,269,dormant
75554,complex,complex,complex,complex,complex,independent,False,10-20,>1000,0.212884,118,dormant
75563,complex,complex,complex,complex,complex,contains,True,>30,>1000,0.13339,142,dormant
75565,complex,complex,complex,complex,complex,contains,True,>30,>1000,0.197632,200,dormant
75568,complex,complex,complex,complex,complex,adjacent,False,>30,>1000,0.238449,203,dormant
75569,complex,complex,complex,complex,complex,contains,True,>30,>1000,0.000414226,88,dormant
75570,complex,complex,complex,complex,complex,contains,True,10-20,>1000,0.320376,39,dormant
75574,complex,complex,complex,complex,complex,adjacent,False,10-20,<100,0.00603642,35,dormant
75575,complex,complex,complex,complex,complex,adjacent,False,10-20,100-1000,0.0735441,70,dormant
75576,complex,complex,complex,complex,complex,adjacent,False,10-20,100-1000,0.000264812,55,dormant
75578,complex,complex,complex,complex,complex,nested,True,10-20,100-1000,0.358074,68,dormant
75579,complex,complex,complex,complex,complex,nested,True,20-30,100-1000,0.146399,78,dormant
75588,complex,complex,complex,complex,complex,adjacent,False,>30,>1000,0.137346,221,dormant
75589,complex,complex,complex,complex,complex,adjacent,False,>30,>1000,0.309168,276,dormant
75592,complex,complex,complex,complex,complex,contains,True,>30,>1000,0.254494,273,dormant
75593,intermediate,complex,complex,complex,complex,independent,False,10-20,<100,0.383706,43,dormant
75594,complex,complex,complex,complex,complex,independent,False,20-30,100-1000,0.433254,54,dormant
75595,complex,complex,complex,complex,complex,independent,False,20-30,100-1000,0.44067,55,dormant
75596,complex,complex,complex,complex,complex,adjacent,False,>30,<100,0.447565,113,dormant
75597,complex,complex,complex,complex,intermediate,adjacent,False,>30,>1000,0.3554,224,dormant
75599,complex,complex,complex,complex,complex,nested,True,20-30,100-1000,0.234696,107,dormant
75600,complex,complex,complex,complex,complex,nested,True,20-30,<100,0.2956,72,dormant
75601,complex,complex,complex,complex,complex,nested,True,20-30,<100,0.333587,89,dormant
75603,complex,complex,complex,complex,complex,nested,True,>30,100-1000,0.223244,200,dormant
75604,complex,complex,complex,complex,complex,nested,True,>30,100-1000,0.362255,254,dormant
75605,complex,complex,complex,complex,complex,nested,True,>30,100-1000,0.31969,203,dormant
75608,complex,intermediate,complex,complex,complex,nested,True,>30,100-1000,0.260212,209,dormant
75609,complex,complex,complex,complex,complex,nested,True,>30,100-1000,0.398533,230,dormant
75612,complex,complex,complex,complex,complex,contains,True,>30,>1000,0.178587,204,dormant
75615,complex,complex,complex,complex,complex,nested,True,10-20,100-1000,0.348637,90,dormant
75620,complex,complex,complex,complex,complex,contains,True,>30,>1000,0.000669814,84,dormant
75622,complex,complex,complex,complex,complex,independent,False,>30,100-1000,0.192254,54,dormant
75623,intermediate,complex,complex,complex,complex,adjacent,False,10-20,>1000,0.512162,27,dormant
75625,intermediate,complex,complex,complex,complex,independent,False,20-30,>1000,0.481254,70,dormant
75628,complex,complex,complex,complex,complex,independent,False,20-30,<100,0.0562596,57,dormant
75631,complex,complex,complex,complex,complex,adjacent,False,>30,<100,0.383617,202,dormant
75633,complex,complex,complex,complex,complex,adjacent,False,20-30,100-1000,0.0349435,19,dormant
75634,complex,complex,complex,complex,complex,adjacent,False,>30,100-1000,0.439566,31,dormant
75635,complex,complex,complex,complex,complex,independent,False,>30,<100,0.0648934,119,dormant
75639,complex,complex,complex,complex,complex,independent,False,>30,100-1000,0.217498,237,dormant
75641,intermediate,complex,complex,complex,complex,independent,False,>30,100-1000,0.572442,119,dormant
75643,complex,complex,complex,complex,complex,independent,False,10-20,100-1000,0.303576,93,dormant
75665,complex,complex,complex,complex,complex,independent,False,>30,100-1000,0.320446,198,dormant
75667,intermediate,complex,complex,complex,complex,independent,False,>30,<100,0.539255,67,dormant
75668,intermediate,complex,complex,complex,complex,independent,False,>30,100-1000,0.659941,137,dormant
75672,intermediate,complex,complex,complex,complex,independent,False,>30,100-1000,0.534965,97,dormant
75676,complex,complex,complex,complex,complex,independent,False,>30,100-1000,0.323991,74,dormant
75681,complex,complex,complex,complex,complex,independent,False,>30,>1000,0.20586,109,dormant
75682,complex,complex,complex,complex,complex,independent,False,>30,100-1000,0.28535,160,dormant
75685,intermediate,complex,complex,complex,complex,independent,False,>30,100-1000,0.607473,55,dormant
75687,complex,complex,complex,complex,complex,independent,False,>30,100-1000,0.312016,88,dormant
75690,intermediate,complex,complex,complex,complex,adjacent,False,20-30,>1000,0.589149,113,dormant
75691,complex,complex,complex,complex,complex,independent,False,20-30,<100,0.440714,91,dormant
75693,complex,complex,complex,complex,complex,independent,False,20-30,<100,0.307978,68,dormant
75702,intermediate,complex,complex,complex,complex,independent,False,20-30,100-1000,0.52333,90,dormant
75707,intermediate,complex,complex,complex,complex,independent,False,10-20,<100,0.653795,48,dormant
75716,intermediate,complex,complex,complex,complex,independent,False,10-20,<100,0.535695,87,dormant
75719,intermediate,complex,complex,complex,complex,adjacent,False,>30,100-1000,0.542305,176,dormant
75723,complex,complex,complex,complex,complex,adjacent,False,>30,100-1000,0.444454,110,dormant
75724,complex,complex,complex,complex,complex,independent,False,>30,<100,0.376837,219,dormant
75726,intermediate,complex,complex,complex,complex,adjacent,False,>30,>1000,0.572425,190,dormant
75729,complex,complex,complex,complex,complex,adjacent,False,>30,100-1000,0.16075,179,dormant
75732,intermediate,complex,complex,complex,complex,adjacent,False,10-20,>1000,0.620507,62,dormant
75734,complex,complex,complex,complex,complex,adjacent,False,>30,>1000,0.199497,132,dormant
75744,complex,complex,complex,complex,complex,independent,False,>30,<100,0.265881,112,dormant
75756,intermediate,complex,complex,complex,complex,independent,False,>30,<100,0.65926,89,dormant
75759,simple,complex,complex,complex,complex,independent,False,10-20,100-1000,0.758945,47,dormant
75779,intermediate,complex,complex,complex,complex,independent,False,20-30,100-1000,0.747424,74,dormant
75783,intermediate,complex,complex,complex,complex,independent,False,20-30,>1000,0.593179,73,dormant
75785,complex,complex,complex,complex,complex,independent,False,20-30,100-1000,0.214542,59,dormant
75786,complex,complex,complex,complex,complex,independent,False,20-30,100-1000,0.370602,44,dormant
75787,complex,complex,complex,complex,complex,independent,False,>30,100-1000,0.30436,174,dormant
75788,complex,complex,complex,complex,complex,independent,False,>30,>1000,0.0503911,84,dormant
75790,complex,complex,complex,complex,complex,independent,False,>30,100-1000,0.31806,136,dormant
75791,complex,complex,complex,complex,complex,independent,False,>30,100-1000,0.302458,110,dormant
75792,complex,complex,complex,complex,complex,independent,False,10-20,>1000,0.269266,62,dormant
75802,complex,complex,complex,complex,complex,independent,False,>30,100-1000,0.26283,106,dormant
75804,intermediate,complex,complex,complex,complex,adjacent,False,>30,<100,0.518543,114,dormant
75805,complex,complex,complex,complex,complex,adjacent,False,>30,<100,0.399327,106,dormant
75808,complex,complex,complex,complex,complex,adjacent,False,>30,100-1000,0.428484,95,dormant
75813,complex,complex,complex,complex,complex,contains,True,>30,>1000,0.317628,137,dormant
75814,complex,complex,complex,complex,complex,independent,False,20-30,<100,0.0822619,17,dormant
75817,complex,complex,complex,complex,complex,independent,False,>30,100-1000,0.445738,125,dormant
75818,intermediate,complex,complex,complex,complex,contains,True,>30,>1000,0.347728,96,dormant
75819,complex,complex,complex,complex,complex,contains,True,20-30,>1000,0.469805,26,dormant
75821,complex,complex,complex,complex,complex,independent,False,20-30,<100,0.499286,62,dormant
75823,complex,complex,complex,complex,complex,adjacent,False,>30,>1000,0.404694,102,dormant
75829,complex,complex,complex,complex,complex,adjacent,False,>30,>1000,0.499064,44,dormant
75832,complex,complex,complex,complex,intermediate,independent,False,>30,<100,0.271803,87,dormant
75843,intermediate,complex,complex,complex,intermediate,adjacent,False,>30,>1000,0.525034,61,dormant
75845,complex,complex,complex,complex,intermediate,contains,True,>30,100-1000,0.252315,124,dormant
75846,intermediate,complex,complex,complex,intermediate,adjacent,False,>30,100-1000,0.679425,62,dormant
75847,complex,complex,complex,complex,intermediate,contains,True,>30,>1000,0.231774,130,dormant
75850,complex,complex,complex,complex,complex,adjacent,False,>30,100-1000,0.430367,177,dormant
75853,intermediate,complex,complex,complex,complex,contains,True,>30,>1000,0.530046,67,dormant
75854,complex,complex,complex,intermediate,complex,independent,False,20-30,<100,0.155804,59,dormant
75865,complex,complex,complex,complex,complex,adjacent,False,10-20,<100,0.359966,107,dormant
75867,complex,complex,complex,complex,complex,independent,False,20-30,100-1000,0.0698939,35,dormant
75869,complex,complex,complex,complex,complex,adjacent,False,>30,>1000,0.148086,70,dormant
75872,intermediate,complex,complex,complex,complex,independent,False,>30,100-1000,0.535862,206,dormant
75874,complex,complex,complex,complex,complex,independent,False,10-20,<100,0.323568,63,dormant
75882,complex,complex,complex,complex,complex,adjacent,False,>30,<100,0.440346,202,dormant
75886,intermediate,intermediate,complex,complex,complex,adjacent,False,10-20,100-1000,0.551675,81,dormant
75888,complex,intermediate,complex,intermediate,complex,adjacent,False,10-20,100-1000,0.462269,48,dormant
75891,intermediate,complex,complex,complex,complex,adjacent,False,20-30,100-1000,0.596337,18,dormant
75892,complex,complex,complex,complex,complex,adjacent,False,20-30,<100,0.351234,101,dormant
75897,complex,complex,complex,complex,complex,adjacent,False,10-20,100-1000,0.405794,46,dormant
75901,simple,complex,complex,complex,complex,contains,True,>30,>1000,0.760076,46,dormant
75903,intermediate,complex,complex,complex,complex,contains,True,>30,>1000,0.590011,46,dormant
75905,intermediate,complex,complex,complex,complex,adjacent,False,>30,<100,0.502036,132,dormant
75926,complex,complex,complex,complex,complex,independent,False,20-30,100-1000,0.431544,62,dormant
75927,complex,complex,complex,complex,complex,independent,False,>30,100-1000,0.358434,226,dormant
75929,complex,complex,complex,intermediate,complex,independent,False,>30,100-1000,0.313753,232,dormant
75930,complex,complex,complex,intermediate,complex,independent,False,20-30,100-1000,0.174481,167,dormant
75932,complex,complex,complex,complex,complex,independent,False,10-20,<100,0.363842,125,dormant
75933,complex,complex,complex,complex,complex,independent,False,10-20,100-1000,0.269956,112,dormant
75935,intermediate,intermediate,complex,complex,complex,independent,False,10-20,>1000,0.71268,24,dormant
75953,complex,intermediate,complex,intermediate,complex,independent,False,>30,100-1000,0.303974,196,dormant
75954,complex,intermediate,complex,intermediate,complex,independent,False,>30,100-1000,0.436921,305,dormant
75960,intermediate,intermediate,complex,intermediate,complex,independent,False,10-20,100-1000,0.523997,88,dormant
75961,intermediate,complex,complex,complex,complex,independent,False,10-20,100-1000,0.489654,25,dormant
75963,complex,complex,complex,complex,complex,independent,False,10-20,100-1000,0.119768,21,dormant
75971,complex,complex,complex,complex,complex,independent,False,10-20,100-1000,0.204393,20,dormant
75972,complex,complex,complex,complex,complex,adjacent,False,20-30,>1000,0.329482,146,dormant
76000,complex,complex,complex,complex,complex,adjacent,False,10-20,100-1000,0.286744,40,dormant
76007,complex,intermediate,complex,intermediate,complex,independent,False,>30,<100,0.197412,271,dormant
76008,complex,intermediate,complex,intermediate,complex,independent,False,>30,100-1000,0.316362,264,dormant
76009,complex,complex,complex,intermediate,complex,independent,False,>30,100-1000,0.329161,264,dormant
76010,complex,complex,complex,intermediate,complex,independent,False,>30,>1000,0.396754,332,dormant
76011,complex,complex,complex,intermediate,complex,independent,False,>30,>1000,0.13915,100,dormant
76018,complex,complex,complex,intermediate,complex,independent,False,>30,>1000,0.387864,279,dormant
76026,complex,intermediate,complex,complex,complex,adjacent,False,>30,>1000,0.474803,277,dormant
76030,complex,intermediate,complex,intermediate,complex,independent,False,>30,<100,0.320573,84,dormant
76032,complex,intermediate,complex,intermediate,intermediate,independent,False,10-20,<100,0.0531271,73,dormant
76035,complex,intermediate,complex,intermediate,complex,independent,False,>30,>1000,0.397534,246,dormant
76037,complex,intermediate,complex,intermediate,complex,independent,False,10-20,100-1000,0.271453,68,dormant
76038,complex,intermediate,complex,intermediate,complex,independent,False,>30,100-1000,0.376212,115,dormant
76041,complex,complex,complex,complex,complex,adjacent,False,>30,>1000,0.46116,224,dormant
76044,complex,intermediate,complex,intermediate,intermediate,adjacent,False,20-30,100-1000,0.192337,30,dormant
76046,complex,intermediate,complex,complex,intermediate,adjacent,False,10-20,100-1000,0.00246121,16,dormant
76050,complex,intermediate,complex,complex,intermediate,adjacent,False,10-20,100-1000,0.0852494,22,dormant
76051,intermediate,intermediate,complex,intermediate,intermediate,adjacent,False,>30,100-1000,0.526975,289,dormant
76055,complex,intermediate,complex,complex,intermediate,independent,False,>30,100-1000,0.396421,230,dormant
76057,complex,intermediate,complex,intermediate,intermediate,adjacent,False,10-20,100-1000,0.189525,112,dormant
76059,complex,complex,complex,complex,intermediate,adjacent,False,10-20,>1000,0.418794,32,dormant
76062,complex,complex,complex,complex,intermediate,contains,True,>30,>1000,0.473022,253,dormant
76070,complex,intermediate,complex,complex,intermediate,independent,False,>30,<100,0.118306,148,dormant
76072,complex,intermediate,complex,intermediate,intermediate,independent,False,>30,<100,0.126275,158,dormant
76073,complex,intermediate,complex,intermediate,intermediate,independent,False,>30,100-1000,0.283273,131,dormant
76080,complex,intermediate,complex,intermediate,intermediate,independent,False,>30,<100,0.413226,101,dormant
76088,complex,intermediate,complex,intermediate,intermediate,independent,False,>30,100-1000,0.264336,197,dormant
76090,complex,intermediate,complex,intermediate,intermediate,independent,False,20-30,<100,0.36213,137,dormant
76100,intermediate,intermediate,complex,intermediate,intermediate,independent,False,>30,100-1000,0.571733,335,dormant
76102,intermediate,intermediate,complex,intermediate,intermediate,independent,False,>30,100-1000,0.550198,271,dormant
76104,complex,intermediate,complex,intermediate,intermediate,independent,False,>30,<100,0.47744,99,dormant
76105,intermediate,intermediate,complex,intermediate,intermediate,independent,False,>30,<100,0.612447,113,dormant
76106,intermediate,intermediate,complex,intermediate,intermediate,independent,False,>30,100-1000,0.537313,210,dormant
76107,complex,complex,complex,intermediate,intermediate,independent,False,>30,100-1000,0.305993,210,dormant
76112,intermediate,intermediate,complex,intermediate,complex,independent,False,>30,100-1000,0.510222,301,dormant
76113,complex,intermediate,complex,intermediate,complex,independent,False,>30,100-1000,0.0883901,143,dormant
76114,intermediate,intermediate,complex,intermediate,complex,independent,False,>30,<100,0.425751,235,dormant
76115,complex,intermediate,complex,intermediate,complex,independent,False,>30,<100,0.465836,203,dormant
76117,complex,intermediate,complex,intermediate,complex,independent,False,20-30,100-1000,0.223911,36,dormant
76120,complex,intermediate,complex,intermediate,complex,independent,False,>30,100-1000,0.461356,224,dormant
76123,intermediate,intermediate,complex,complex,complex,independent,False,10-20,<100,0.513277,83,dormant
76126,complex,complex,complex,complex,complex,independent,False,>30,>1000,0.429197,325,dormant
76134,complex,complex,complex,intermediate,complex,independent,False,>30,>1000,0.433861,82,dormant
76135,intermediate,intermediate,complex,intermediate,complex,independent,False,20-30,100-1000,0.511214,163,dormant
76136,complex,complex,complex,complex,complex,independent,False,>30,>1000,0.412517,326,dormant
76137,complex,complex,complex,intermediate,complex,independent,False,10-20,>1000,0.484019,141,dormant
76138,complex,complex,complex,intermediate,complex,independent,False,>30,>1000,0.347735,241,dormant
76144,intermediate,intermediate,complex,intermediate,complex,independent,False,>30,<100,0.613989,208,dormant
76146,complex,intermediate,complex,complex,complex,contains,True,20-30,100-1000,0.0484332,58,dormant
76148,intermediate,complex,complex,complex,complex,adjacent,False,20-30,100-1000,0.51039,113,dormant
76153,complex,complex,complex,complex,complex,independent,False,>30,>1000,0.0143593,84,dormant
76154,intermediate,complex,complex,complex,intermediate,independent,False,>30,100-1000,0.595307,164,dormant
76155,complex,complex,complex,complex,intermediate,independent,False,>30,100-1000,0.477648,174,dormant
76161,complex,complex,complex,intermediate,complex,independent,False,>30,<100,0.246904,121,dormant
76165,complex,intermediate,complex,intermediate,intermediate,independent,False,>30,100-1000,0.295432,104,dormant
76166,complex,complex,complex,intermediate,intermediate,adjacent,False,>30,100-1000,0.156051,86,dormant
76172,intermediate,intermediate,complex,intermediate,intermediate,adjacent,False,>30,>1000,0.631436,198,dormant
76174,complex,complex,complex,intermediate,intermediate,independent,False,20-30,100-1000,0.0239444,30,dormant
76178,intermediate,complex,complex,complex,complex,independent,False,20-30,100-1000,0.564669,70,dormant
76185,intermediate,complex,complex,complex,intermediate,independent,False,20-30,100-1000,0.691335,81,dormant
76186,intermediate,complex,complex,complex,complex,independent,False,10-20,100-1000,0.721938,50,dormant
76190,intermediate,intermediate,complex,intermediate,complex,independent,False,10-20,100-1000,0.724206,53,dormant
76192,simple,intermediate,complex,intermediate,simple,independent,False,10-20,100-1000,0.780038,52,dormant
76193,intermediate,intermediate,complex,intermediate,simple,adjacent,False,>30,100-1000,0.681493,203,dormant
76201,intermediate,complex,complex,complex,complex,contains,True,>30,>1000,0.587967,209,dormant
76202,intermediate,intermediate,complex,intermediate,intermediate,contains,True,>30,100-1000,0.62903,80,dormant
76203,intermediate,intermediate,complex,intermediate,intermediate,contains,True,>30,>1000,0.544172,204,dormant
76204,intermediate,intermediate,complex,intermediate,complex,contains,True,>30,>1000,0.611264,195,dormant
76211,complex,complex,complex,intermediate,complex,adjacent,False,10-20,>1000,0.411421,109,dormant
76213,complex,complex,complex,complex,complex,adjacent,False,>30,>1000,0.277912,216,dormant
76217,complex,complex,complex,intermediate,complex,contains,True,>30,>1000,0.0670099,178,dormant
76218,intermediate,intermediate,complex,intermediate,complex,independent,False,10-20,<100,0.670069,25,dormant
76219,complex,complex,complex,intermediate,complex,independent,False,20-30,<100,0.289191,122,dormant
76222,complex,complex,complex,intermediate,complex,adjacent,False,10-20,<100,0.458483,77,dormant
76227,complex,complex,complex,intermediate,complex,contains,True,>30,>1000,0.452509,242,dormant
76236,complex,intermediate,complex,intermediate,simple,contains,True,>30,100-1000,0.341232,168,dormant
76237,complex,intermediate,complex,complex,simple,contains,True,>30,100-1000,0.460274,196,dormant
76240,intermediate,simple,complex,intermediate,simple,contains,True,>30,>1000,0.733769,161,dormant
76243,complex,simple,complex,simple,simple,adjacent,False,>30,100-1000,0.485655,147,dormant
76246,simple,simple,complex,simple,simple,adjacent,False,>30,100-1000,0.820679,141,dormant
76248,simple,simple,complex,simple,simple,adjacent,False,10-20,100-1000,0.8233,22,dormant
76251,simple,simple,complex,simple,simple,adjacent,False,>30,100-1000,0.845686,127,dormant
76253,simple,simple,complex,simple,simple,adjacent,False,20-30,100-1000,0.794461,80,dormant
76256,intermediate,intermediate,complex,simple,simple,independent,False,20-30,100-1000,0.638065,95,dormant
76269,intermediate,intermediate,complex,intermediate,simple,adjacent,False,>30,100-1000,0.696121,168,dormant
76274,intermediate,intermediate,complex,intermediate,simple,independent,False,20-30,100-1000,0.719872,143,dormant
76280,simple,intermediate,complex,complex,intermediate,independent,False,>30,<100,0.762694,239,dormant
76286,intermediate,intermediate,complex,intermediate,intermediate,contains,True,10-20,>1000,0.640239,48,dormant
76303,intermediate,simple,complex,intermediate,intermediate,adjacent,False,>30,<100,0.587533,128,dormant
76310,intermediate,simple,complex,complex,intermediate,adjacent,False,>30,<100,0.64646,188,dormant
76320,intermediate,simple,complex,simple,simple,independent,False,20-30,<100,0.591542,103,dormant
76322,complex,simple,complex,simple,simple,independent,False,>30,100-1000,0.147281,123,dormant
76331,complex,simple,complex,simple,simple,adjacent,False,>30,<100,0.348739,56,dormant
76333,intermediate,simple,complex,intermediate,simple,contains,True,>30,100-1000,0.711917,168,dormant
76348,intermediate,intermediate,complex,complex,intermediate,independent,False,20-30,100-1000,0.6493,111,dormant
76349,intermediate,intermediate,complex,intermediate,intermediate,independent,False,10-20,<100,0.644567,77,dormant
76372,complex,complex,complex,complex,intermediate,independent,False,>30,>1000,0.190339,369,dormant
76378,complex,complex,complex,complex,intermediate,independent,False,>30,>1000,0.107288,334,dormant
76379,complex,complex,complex,complex,intermediate,independent,False,>30,100-1000,0.0373777,308,dormant
76381,complex,complex,complex,complex,intermediate,independent,False,>30,100-1000,0.0524624,104,dormant
76387,complex,intermediate,complex,complex,intermediate,independent,False,10-20,<100,0.286797,56,dormant
76388,intermediate,simple,complex,complex,intermediate,adjacent,False,10-20,100-1000,0.59051,52,dormant
76396,intermediate,simple,complex,simple,simple,adjacent,False,>30,100-1000,0.723899,165,dormant
76400,intermediate,simple,complex,simple,intermediate,contains,True,>30,>1000,0.665411,163,dormant
76406,complex,intermediate,complex,intermediate,intermediate,independent,False,10-20,100-1000,0.383903,55,dormant
76407,intermediate,intermediate,complex,intermediate,intermediate,adjacent,False,10-20,100-1000,0.536444,66,dormant
76411,intermediate,intermediate,complex,intermediate,intermediate,adjacent,False,20-30,100-1000,0.702189,115,dormant
76415,intermediate,intermediate,complex,intermediate,intermediate,adjacent,False,>30,100-1000,0.519461,193,dormant
76416,complex,intermediate,complex,intermediate,intermediate,contains,True,>30,100-1000,0.494579,196,dormant
76426,intermediate,intermediate,complex,complex,intermediate,adjacent,False,10-20,>1000,0.735178,59,dormant
76432,intermediate,intermediate,complex,intermediate,simple,adjacent,False,20-30,100-1000,0.622021,103,dormant
76433,intermediate,simple,complex,complex,intermediate,adjacent,False,10-20,100-1000,0.647687,53,dormant
76435,intermediate,intermediate,complex,intermediate,intermediate,contains,True,>30,>1000,0.549305,204,dormant
76436,intermediate,intermediate,complex,simple,simple,adjacent,False,20-30,<100,0.570529,88,dormant
76440,intermediate,simple,complex,intermediate,intermediate,contains,True,>30,>1000,0.548035,28,dormant
76443,intermediate,simple,complex,complex,simple,adjacent,False,20-30,100-1000,0.716809,117,dormant
76444,intermediate,intermediate,complex,complex,intermediate,contains,True,>30,>1000,0.505013,174,dormant
76449,intermediate,intermediate,complex,intermediate,intermediate,contains,True,>30,>1000,0.596807,182,dormant
76453,intermediate,simple,complex,intermediate,simple,adjacent,False,10-20,>1000,0.650405,51,dormant
76455,intermediate,simple,complex,intermediate,intermediate,adjacent,False,10-20,<100,0.674703,51,dormant
76458,intermediate,intermediate,complex,intermediate,intermediate,contains,True,10-20,>1000,0.712237,62,dormant
76461,simple,simple,complex,simple,simple,adjacent,False,10-20,100-1000,0.821281,61,dormant
76466,intermediate,intermediate,complex,complex,simple,adjacent,False,10-20,100-1000,0.738983,52,dormant
76467,intermediate,intermediate,complex,complex,simple,adjacent,False,10-20,>1000,0.582281,113,dormant
76470,intermediate,intermediate,complex,intermediate,simple,independent,False,>30,100-1000,0.631633,176,dormant
76477,intermediate,intermediate,complex,simple,simple,adjacent,False,10-20,>1000,0.733185,79,dormant
76480,intermediate,simple,complex,complex,intermediate,independent,False,10-20,<100,0.513985,103,dormant
76483,intermediate,intermediate,complex,intermediate,intermediate,contains,True,>30,>1000,0.568398,157,dormant
76485,intermediate,simple,complex,simple,simple,independent,False,>30,100-1000,0.554819,128,dormant
76487,simple,simple,complex,intermediate,simple,independent,False,>30,<100,0.790986,135,dormant
76488,complex,simple,complex,simple,simple,adjacent,False,>30,>1000,0.401735,166,dormant
76497,intermediate,simple,complex,complex,simple,independent,False,10-20,100-1000,0.667693,69,dormant
76499,intermediate,simple,complex,intermediate,simple,adjacent,False,>30,>1000,0.665162,153,dormant
76508,simple,intermediate,complex,simple,intermediate,adjacent,False,20-30,100-1000,0.853294,77,dormant
76511,intermediate,simple,complex,intermediate,simple,nested,True,10-20,100-1000,0.749851,39,dormant
76517,intermediate,complex,complex,intermediate,intermediate,adjacent,False,20-30,100-1000,0.52372,177,dormant
76519,intermediate,complex,complex,intermediate,intermediate,contains,True,>30,>1000,0.541875,187,dormant
76522,intermediate,complex,complex,intermediate,intermediate,contains,True,>30,>1000,0.574433,197,dormant
76525,complex,intermediate,complex,intermediate,intermediate,independent,False,20-30,100-1000,0.274204,136,dormant
76528,intermediate,intermediate,complex,intermediate,intermediate,adjacent,False,20-30,100-1000,0.655568,161,dormant
76529,intermediate,complex,complex,intermediate,intermediate,contains,True,>30,>1000,0.610101,217,dormant
76539,complex,complex,complex,complex,intermediate,independent,False,20-30,>1000,0.124903,67,dormant
76540,complex,complex,complex,complex,intermediate,independent,False,20-30,100-1000,0.497079,101,dormant
76549,complex,intermediate,complex,complex,complex,independent,False,20-30,100-1000,0.260898,188,dormant
76550,complex,complex,complex,intermediate,complex,adjacent,False,>30,>1000,0.478599,271,dormant
76551,complex,complex,complex,intermediate,complex,adjacent,False,>30,>1000,0.479918,278,dormant
76553,complex,intermediate,complex,intermediate,complex,contains,True,>30,>1000,0.298525,251,dormant
76554,complex,complex,complex,intermediate,complex,contains,True,>30,>1000,0.377467,137,dormant
76556,intermediate,complex,complex,intermediate,complex,contains,True,>30,>1000,0.588032,209,dormant
76560,intermediate,intermediate,complex,intermediate,intermediate,adjacent,False,>30,100-1000,0.669794,209,dormant
76580,complex,intermediate,complex,intermediate,complex,independent,False,20-30,<100,0.434691,55,dormant
76582,complex,simple,complex,complex,complex,independent,False,10-20,<100,0.343906,17,dormant
76586,intermediate,complex,complex,intermediate,complex,adjacent,False,10-20,<100,0.577406,121,dormant
76595,intermediate,intermediate,complex,intermediate,intermediate,nested,True,>30,100-1000,0.654978,217,dormant
76596,intermediate,complex,complex,intermediate,intermediate,nested,True,>30,<100,0.614666,162,dormant
76597,intermediate,intermediate,complex,intermediate,intermediate,nested,True,>30,100-1000,0.612964,233,dormant
76599,intermediate,intermediate,complex,intermediate,intermediate,adjacent,False,>30,<100,0.662033,187,dormant
76603,intermediate,intermediate,complex,intermediate,intermediate,adjacent,False,10-20,<100,0.548804,117,dormant
76604,intermediate,intermediate,complex,intermediate,intermediate,adjacent,False,20-30,100-1000,0.518487,167,dormant
76606,complex,complex,complex,complex,complex,contains,True,10-20,<100,0.292647,102,dormant
76612,intermediate,complex,complex,intermediate,complex,adjacent,False,>30,<100,0.58522,230,dormant
76614,intermediate,complex,complex,intermediate,complex,adjacent,False,20-30,<100,0.745456,162,dormant
76615,intermediate,intermediate,complex,intermediate,complex,adjacent,False,>30,100-1000,0.572805,264,dormant
76617,intermediate,simple,complex,intermediate,complex,independent,False,20-30,<100,0.506623,147,dormant
76620,complex,intermediate,complex,intermediate,complex,independent,False,20-30,<100,0.454442,159,dormant
76623,intermediate,complex,complex,intermediate,complex,independent,False,>30,<100,0.532826,165,dormant
76626,intermediate,complex,complex,intermediate,complex,independent,False,>30,<100,0.725992,115,dormant
76627,intermediate,complex,complex,intermediate,complex,independent,False,>30,<100,0.660374,146,dormant
76629,intermediate,complex,complex,intermediate,complex,independent,False,>30,<100,0.670438,174,dormant
76630,intermediate,complex,complex,intermediate,complex,independent,False,>30,<100,0.731078,135,dormant
76631,intermediate,complex,complex,intermediate,complex,independent,False,10-20,<100,0.675695,62,dormant
76634,intermediate,complex,complex,intermediate,complex,adjacent,False,>30,<100,0.687153,202,dormant
76635,complex,complex,complex,intermediate,complex,nested,True,>30,<100,0.442022,245,dormant
76636,complex,complex,complex,intermediate,complex,contains,True,10-20,<100,0.377502,75,dormant
76642,complex,intermediate,complex,intermediate,complex,adjacent,False,>30,100-1000,0.275406,182,dormant
76649,complex,complex,complex,complex,complex,adjacent,False,>30,<100,0.375257,211,dormant
76650,complex,complex,complex,complex,complex,adjacent,False,20-30,<100,0.442707,132,dormant
76651,complex,complex,complex,complex,complex,adjacent,False,>30,<100,0.398007,151,dormant
76652,intermediate,complex,complex,complex,complex,adjacent,False,>30,100-1000,0.51041,192,dormant
76654,complex,complex,complex,intermediate,complex,adjacent,False,>30,100-1000,0.451043,195,dormant
78274,intermediate,intermediate,complex,intermediate,intermediate,nested,True,>30,>1000,0.635497,421,dormant
78299,complex,complex,complex,complex,complex,nested,True,>30,100-1000,0.346072,177,dormant
78657,complex,complex,complex,complex,complex,contains,True,>30,>1000,0.156821,170,dormant
78700,simple,simple,complex,complex,simple,nested,True,>30,100-1000,0.787945,164,dormant
78709,simple,intermediate,complex,complex,simple,nested,True,>30,100-1000,0.77795,156,dormant
73107,intermediate,intermediate,complex,complex,intermediate,independent,False,>30,<100,0.577095,397,growing
73120,complex,intermediate,complex,complex,intermediate,independent,False,20-30,<100,0.420681,292,growing
73121,complex,intermediate,complex,complex,intermediate,independent,False,>30,<100,0.483365,348,growing
73124,intermediate,intermediate,complex,complex,intermediate,independent,False,10-20,<100,0.683806,109,growing
73127,intermediate,intermediate,complex,complex,intermediate,independent,False,10-20,<100,0.604017,169,growing
73137,intermediate,complex,complex,complex,intermediate,independent,False,10-20,<100,0.516052,213,growing
73138,intermediate,complex,complex,complex,intermediate,independent,False,10-20,<100,0.600257,154,growing
73139,complex,intermediate,complex,complex,intermediate,independent,False,>30,100-1000,0.495679,360,growing
73143,complex,intermediate,complex,complex,intermediate,independent,False,20-30,100-1000,0.463157,302,growing
73144,intermediate,intermediate,complex,complex,intermediate,independent,False,>30,<100,0.63918,447,growing
73145,intermediate,intermediate,complex,complex,intermediate,independent,False,>30,100-1000,0.63745,230,growing
73147,complex,complex,complex,complex,intermediate,independent,False,20-30,<100,0.324051,274,growing
73149,complex,intermediate,complex,complex,intermediate,independent,False,20-30,100-1000,0.355542,125,growing
73151,complex,intermediate,complex,complex,intermediate,independent,False,>30,100-1000,0.209546,406,growing
73153,complex,intermediate,complex,complex,intermediate,independent,False,10-20,<100,0.390207,169,growing
73156,intermediate,intermediate,complex,complex,intermediate,independent,False,>30,100-1000,0.691214,211,growing
73158,complex,intermediate,complex,complex,intermediate,independent,False,20-30,<100,0.450087,150,growing
73161,intermediate,complex,complex,complex,intermediate,independent,False,20-30,<100,0.585404,231,growing
73162,intermediate,intermediate,complex,complex,intermediate,independent,False,>30,100-1000,0.586148,491,growing
73164,complex,intermediate,complex,complex,intermediate,independent,False,10-20,100-1000,0.415335,203,growing
73170,intermediate,complex,complex,complex,intermediate,independent,False,>30,<100,0.657484,452,growing
73171,intermediate,intermediate,complex,complex,intermediate,independent,False,20-30,<100,0.543915,249,growing
73172,intermediate,intermediate,complex,complex,intermediate,independent,False,>30,<100,0.607107,389,growing
73175,intermediate,intermediate,complex,complex,intermediate,independent,False,>30,<100,0.521831,344,growing
73176,intermediate,intermediate,complex,complex,intermediate,independent,False,10-20,100-1000,0.576856,206,growing
73179,complex,complex,complex,complex,intermediate,independent,False,10-20,<100,0.434944,188,growing
73180,intermediate,intermediate,complex,complex,intermediate,independent,False,10-20,<100,0.601675,121,growing
73181,intermediate,intermediate,complex,complex,intermediate,independent,False,10-20,<100,0.662299,180,growing
73182,intermediate,intermediate,complex,complex,intermediate,independent,False,10-20,<100,0.622753,145,growing
73183,intermediate,intermediate,complex,complex,intermediate,independent,False,10-20,<100,0.655724,111,growing
73184,intermediate,complex,complex,complex,intermediate,independent,False,>30,<100,0.565482,414,growing
73185,intermediate,intermediate,complex,complex,intermediate,independent,False,>30,<100,0.568995,378,growing
73189,complex,intermediate,complex,complex,complex,independent,False,>30,<100,0.487682,431,growing
73190,complex,complex,complex,complex,complex,independent,False,10-20,<100,0.483484,138,growing
73193,complex,intermediate,complex,complex,complex,independent,False,20-30,100-1000,0.490155,311,growing
73194,complex,intermediate,complex,complex,complex,independent,False,>30,100-1000,0.462414,471,growing
73195,complex,complex,complex,complex,complex,independent,False,>30,<100,0.490472,327,growing
73203,intermediate,complex,complex,complex,complex,overlapping,True,>30,<100,0.512751,476,growing
73210,complex,complex,complex,complex,complex,adjacent,False,>30,100-1000,0.429104,295,growing
73212,complex,complex,complex,complex,complex,overlapping,True,>30,100-1000,0.390926,335,growing
73219,complex,complex,complex,complex,complex,independent,False,>30,<100,0.353356,351,growing
73220,intermediate,complex,complex,complex,complex,independent,False,10-20,<100,0.561448,69,growing
73221,complex,complex,complex,complex,complex,independent,False,>30,100-1000,0.494939,493,growing
73223,complex,complex,complex,complex,complex,independent,False,10-20,<100,0.458553,131,growing
73226,intermediate,complex,complex,complex,complex,independent,False,>30,100-1000,0.642711,404,growing
73227,intermediate,complex,complex,complex,complex,independent,False,10-20,100-1000,0.630086,193,growing
73228,intermediate,intermediate,complex,complex,complex,independent,False,10-20,<100,0.652098,201,growing
73229,intermediate,complex,complex,complex,complex,independent,False,10-20,<100,0.515608,159,growing
73231,intermediate,complex,complex,complex,complex,independent,False,>30,<100,0.585869,404,growing
73233,intermediate,complex,complex,complex,complex,independent,False,10-20,<100,0.536077,164,growing
73234,intermediate,complex,complex,complex,complex,independent,False,10-20,<100,0.541869,177,growing
73235,complex,complex,complex,complex,complex,independent,False,10-20,100-1000,0.32247,156,growing
73237,intermediate,complex,complex,complex,complex,independent,False,>30,100-1000,0.633808,369,growing
73240,intermediate,complex,complex,complex,complex,independent,False,20-30,<100,0.549222,292,growing
73241,complex,complex,complex,complex,complex,independent,False,>30,100-1000,0.467734,436,growing
73243,intermediate,intermediate,complex,complex,complex,independent,False,>30,<100,0.551246,330,growing
73244,intermediate,intermediate,complex,complex,complex,independent,False,10-20,<100,0.602809,154,growing
73245,intermediate,complex,complex,complex,complex,independent,False,20-30,100-1000,0.55409,209,growing
73246,intermediate,intermediate,complex,complex,complex,independent,False,20-30,<100,0.672852,223,growing
73248,intermediate,complex,complex,complex,complex,independent,False,>30,<100,0.636268,259,growing
73249,intermediate,intermediate,complex,complex,complex,independent,False,20-30,<100,0.655055,209,growing
73251,intermediate,intermediate,complex,complex,complex,independent,False,>30,100-1000,0.538248,433,growing
73252,complex,complex,complex,complex,complex,independent,False,>30,<100,0.432344,361,growing
73255,complex,intermediate,complex,complex,complex,independent,False,20-30,100-1000,0.433461,344,growing
73257,intermediate,complex,complex,complex,complex,independent,False,20-30,<100,0.585433,201,growing
73259,intermediate,intermediate,complex,complex,complex,independent,False,>30,<100,0.618652,311,growing
73260,intermediate,complex,complex,complex,complex,independent,False,10-20,<100,0.67242,132,growing
73264,intermediate,intermediate,complex,complex,complex,independent,False,20-30,100-1000,0.667327,224,growing
73265,complex,complex,complex,complex,complex,independent,False,>30,<100,0.496179,321,growing
73269,complex,complex,complex,complex,complex,independent,False,>30,<100,0.498382,452,growing
73270,intermediate,complex,complex,complex,complex,independent,False,>30,<100,0.528094,438,growing
73272,intermediate,complex,complex,complex,complex,independent,False,>30,<100,0.588476,456,growing
73274,intermediate,complex,complex,complex,complex,independent,False,>30,<100,0.617838,423,growing
73277,intermediate,intermediate,complex,complex,complex,independent,False,>30,100-1000,0.637124,532,growing
73279,intermediate,intermediate,complex,complex,complex,independent,False,20-30,100-1000,0.638154,351,growing
73284,intermediate,intermediate,complex,complex,complex,adjacent,False,>30,100-1000,0.517567,369,growing
73285,intermediate,intermediate,complex,complex,complex,adjacent,False,10-20,<100,0.524783,102,growing
73286,complex,complex,complex,complex,complex,adjacent,False,10-20,<100,0.183901,167,growing
73287,complex,intermediate,complex,complex,complex,adjacent,False,>30,100-1000,0.441007,493,growing
73291,complex,intermediate,complex,complex,complex,independent,False,>30,100-1000,0.41484,502,growing
73294,complex,intermediate,complex,complex,complex,nested,True,10-20,100-1000,0.380367,186,growing
73297,complex,complex,complex,complex,complex,nested,True,>30,100-1000,0.410488,344,growing
73298,complex,complex,complex,complex,complex,nested,True,>30,100-1000,0.434338,482,growing
73301,complex,complex,complex,complex,complex,nested,True,>30,>1000,0.404706,424,growing
73302,complex,complex,complex,complex,complex,nested,True,>30,100-1000,0.295694,317,growing
73305,complex,complex,complex,complex,complex,nested,True,>30,>1000,0.389571,436,growing
73306,complex,complex,complex,complex,complex,nested,True,>30,100-1000,0.372079,395,growing
73314,complex,complex,complex,complex,complex,independent,False,>30,100-1000,0.396426,453,growing
73315,complex,complex,complex,complex,complex,nested,True,10-20,<100,0.405103,213,growing
73322,intermediate,complex,complex,complex,complex,independent,False,10-20,>1000,0.614488,198,growing
73325,complex,complex,complex,complex,complex,independent,False,>30,>1000,0.462319,487,growing
73327,complex,complex,complex,complex,complex,independent,False,>30,100-1000,0.426268,460,growing
73329,complex,complex,complex,complex,complex,adjacent,False,>30,100-1000,0.412222,386,growing
73330,complex,complex,complex,complex,complex,adjacent,False,10-20,100-1000,0.474511,206,growing
73331,complex,complex,complex,complex,complex,adjacent,False,10-20,100-1000,0.345614,190,growing
73339,intermediate,complex,complex,complex,complex,independent,False,10-20,<100,0.666948,122,growing
73340,intermediate,complex,complex,complex,complex,independent,False,10-20,<100,0.579169,112,growing
73342,intermediate,complex,complex,complex,complex,independent,False,10-20,<100,0.685516,113,growing
73349,intermediate,intermediate,complex,complex,complex,independent,False,10-20,<100,0.618609,114,growing
73350,intermediate,intermediate,complex,complex,complex,independent,False,>30,100-1000,0.658692,394,growing
73351,intermediate,complex,complex,complex,complex,independent,False,20-30,<100,0.562683,267,growing
73352,simple,complex,complex,complex,complex,independent,False,10-20,<100,0.752814,114,growing
73355,simple,intermediate,complex,complex,complex,independent,False,20-30,<100,0.757624,232,growing
73358,intermediate,intermediate,complex,complex,complex,independent,False,>30,100-1000,0.513425,434,growing
73359,intermediate,complex,complex,complex,complex,independent,False,>30,<100,0.683152,381,growing
73370,complex,intermediate,complex,complex,complex,independent,False,>30,100-1000,0.457469,375,growing
73372,intermediate,complex,complex,complex,complex,independent,False,>30,<100,0.537471,425,growing
73377,complex,complex,complex,complex,complex,nested,True,>30,<100,0.46803,374,growing
73378,intermediate,intermediate,complex,complex,intermediate,nested,True,20-30,100-1000,0.515879,347,growing
73380,complex,complex,complex,complex,complex,nested,True,>30,100-1000,0.40487,396,growing
73385,intermediate,complex,complex,complex,intermediate,independent,False,10-20,<100,0.497245,108,growing
73386,complex,complex,complex,complex,complex,adjacent,False,20-30,100-1000,0.334792,291,growing
73392,complex,complex,complex,complex,complex,adjacent,False,>30,>1000,0.480031,394,growing
73395,intermediate,complex,complex,complex,complex,independent,False,>30,<100,0.502434,476,growing
73399,complex,intermediate,complex,complex,complex,adjacent,False,>30,>1000,0.490142,85,growing
73410,complex,intermediate,complex,complex,complex,adjacent,False,>30,100-1000,0.327527,385,growing
73411,complex,intermediate,complex,complex,complex,independent,False,>30,<100,0.327126,389,growing
73412,complex,intermediate,complex,complex,complex,adjacent,False,>30,>1000,0.405424,419,growing
73413,complex,complex,complex,complex,complex,adjacent,False,10-20,>1000,0.420712,152,growing
73415,complex,complex,complex,complex,complex,adjacent,False,>30,>1000,0.403379,439,growing
73416,complex,complex,complex,complex,complex,adjacent,False,>30,>1000,0.403939,423,growing
73418,complex,intermediate,complex,complex,complex,adjacent,False,>30,100-1000,0.438459,366,growing
73419,complex,intermediate,complex,complex,complex,independent,False,10-20,100-1000,0.481095,182,growing
73420,complex,intermediate,complex,complex,intermediate,contains,True,>30,>1000,0.469036,421,growing
73421,complex,complex,complex,complex,intermediate,adjacent,False,>30,100-1000,0.48999,477,growing
73429,complex,intermediate,complex,complex,intermediate,contains,True,>30,>1000,0.444792,486,growing
73430,complex,complex,complex,complex,complex,independent,False,>30,<100,0.426622,482,growing
73432,complex,complex,complex,complex,complex,independent,False,10-20,<100,0.357119,176,growing
73438,complex,intermediate,complex,complex,intermediate,independent,False,>30,100-1000,0.428405,193,growing
73445,complex,intermediate,complex,complex,complex,independent,False,10-20,>1000,0.274658,21,growing
73451,complex,intermediate,complex,complex,intermediate,adjacent,False,>30,100-1000,0.438812,394,growing
73452,complex,intermediate,complex,complex,intermediate,adjacent,False,>30,100-1000,0.417766,461,growing
73454,intermediate,complex,complex,complex,intermediate,adjacent,False,>30,>1000,0.510973,446,growing
73455,complex,intermediate,complex,complex,complex,adjacent,False,>30,>1000,0.498405,457,growing
73456,complex,intermediate,complex,complex,intermediate,adjacent,False,>30,100-1000,0.46539,462,growing
73462,complex,intermediate,complex,complex,complex,contains,True,>30,>1000,0.425146,502,growing
73466,complex,intermediate,complex,complex,intermediate,adjacent,False,10-20,>1000,0.471534,180,growing
73469,intermediate,intermediate,complex,complex,intermediate,adjacent,False,20-30,<100,0.573059,225,growing
73470,complex,intermediate,complex,complex,intermediate,adjacent,False,>30,100-1000,0.12036,237,growing
73471,complex,intermediate,complex,complex,intermediate,adjacent,False,>30,100-1000,0.229095,142,growing
73474,intermediate,intermediate,complex,complex,complex,contains,True,10-20,>1000,0.506476,204,growing
73479,complex,complex,complex,complex,complex,contains,True,>30,100-1000,0.320355,309,growing
73480,complex,intermediate,complex,complex,complex,contains,True,>30,100-1000,0.222441,387,growing
73481,complex,complex,complex,complex,complex,adjacent,False,>30,100-1000,0.177597,74,growing
73482,complex,complex,complex,complex,complex,adjacent,False,>30,100-1000,0.306277,387,growing
73485,complex,intermediate,complex,complex,complex,contains,True,>30,>1000,0.446485,471,growing
73492,complex,complex,complex,complex,complex,independent,False,20-30,100-1000,0.365382,91,growing
73498,complex,complex,complex,complex,complex,adjacent,False,>30,100-1000,0.473296,475,growing
73509,intermediate,complex,complex,complex,complex,independent,False,20-30,<100,0.598828,259,growing
73511,intermediate,complex,complex,complex,complex,independent,False,20-30,100-1000,0.633128,325,growing
73514,complex,complex,complex,complex,complex,independent,False,>30,<100,0.493714,336,growing
73515,intermediate,intermediate,complex,complex,complex,independent,False,20-30,<100,0.744828,238,growing
73520,intermediate,complex,complex,complex,complex,independent,False,20-30,<100,0.579934,387,growing
73522,complex,intermediate,complex,complex,complex,independent,False,>30,100-1000,0.494049,496,growing
73523,complex,complex,complex,complex,complex,independent,False,10-20,100-1000,0.491096,123,growing
73524,complex,complex,complex,complex,complex,independent,False,10-20,100-1000,0.356606,110,growing
73525,complex,intermediate,complex,complex,complex,independent,False,>30,100-1000,0.393942,417,growing
73531,complex,intermediate,complex,complex,intermediate,independent,False,>30,>1000,0.273043,20,growing
73534,complex,intermediate,complex,complex,complex,independent,False,10-20,100-1000,0.398221,84,growing
73538,intermediate,complex,complex,complex,complex,independent,False,10-20,<100,0.713889,187,growing
73540,complex,complex,complex,complex,complex,independent,False,>30,100-1000,0.41131,491,growing
73542,intermediate,intermediate,complex,complex,complex,independent,False,20-30,<100,0.673209,226,growing
73544,intermediate,intermediate,complex,complex,complex,independent,False,20-30,<100,0.646009,239,growing
73552,intermediate,complex,complex,complex,complex,independent,False,10-20,<100,0.640604,115,growing
73553,intermediate,complex,complex,complex,complex,independent,False,10-20,<100,0.675148,137,growing
73554,complex,intermediate,complex,complex,complex,adjacent,False,>30,100-1000,0.445316,468,growing
73555,intermediate,intermediate,complex,complex,complex,independent,False,>30,<100,0.561999,457,growing
73556,complex,complex,complex,complex,complex,adjacent,False,>30,<100,0.336521,338,growing
73558,intermediate,complex,complex,complex,complex,independent,False,10-20,<100,0.509135,232,growing
73563,complex,intermediate,complex,complex,complex,adjacent,False,>30,100-1000,0.492796,523,growing
73565,complex,complex,complex,complex,complex,independent,False,>30,<100,0.422067,365,growing
73566,intermediate,complex,complex,complex,complex,independent,False,10-20,100-1000,0.49318,121,growing
73567,complex,complex,complex,complex,complex,independent,False,20-30,<100,0.406578,287,growing
73568,complex,intermediate,complex,complex,complex,adjacent,False,>30,>1000,0.378964,471,growing
73571,intermediate,intermediate,complex,complex,intermediate,contains,True,10-20,100-1000,0.50423,111,growing
73573,intermediate,intermediate,complex,complex,intermediate,adjacent,False,>30,100-1000,0.637438,371,growing
73578,complex,intermediate,complex,complex,intermediate,adjacent,False,>30,>1000,0.362736,163,growing
73586,complex,intermediate,complex,complex,intermediate,contains,True,10-20,100-1000,0.466252,61,growing
73587,complex,intermediate,complex,complex,intermediate,contains,True,>30,>1000,0.497477,260,growing
73588,intermediate,intermediate,complex,complex,intermediate,contains,True,>30,>1000,0.571296,50,growing
73596,intermediate,complex,complex,complex,complex,adjacent,False,>30,100-1000,0.52552,490,growing
73602,complex,complex,complex,complex,complex,independent,False,10-20,<100,0.379166,201,growing
73604,complex,complex,complex,complex,complex,independent,False,10-20,<100,0.440399,171,growing
73605,intermediate,complex,complex,complex,complex,independent,False,20-30,<100,0.585021,249,growing
73608,complex,complex,complex,complex,complex,independent,False,10-20,<100,0.478746,136,growing
73610,complex,complex,complex,complex,complex,independent,False,10-20,<100,0.46747,188,growing
73611,complex,complex,complex,complex,complex,independent,False,10-20,<100,0.420368,190,growing
73617,complex,intermediate,complex,complex,complex,contains,True,20-30,>1000,0.374273,335,growing
73620,complex,intermediate,complex,complex,complex,independent,False,>30,100-1000,0.378042,188,growing
73621,complex,intermediate,complex,complex,complex,independent,False,10-20,>1000,0.448965,192,growing
73622,complex,complex,complex,complex,complex,contains,True,>30,>1000,0.170021,32,growing
73625,complex,intermediate,complex,complex,complex,independent,False,10-20,<100,0.322447,204,growing
73626,complex,intermediate,complex,complex,complex,independent,False,10-20,<100,0.253649,160,growing
73633,complex,intermediate,complex,complex,complex,independent,False,10-20,>1000,0.324544,87,growing
73635,complex,intermediate,complex,complex,complex,independent,False,>30,>1000,0.198367,38,growing
73637,complex,complex,complex,complex,complex,independent,False,20-30,100-1000,0.325726,220,growing
73641,complex,intermediate,complex,complex,intermediate,contains,True,10-20,>1000,0.367487,204,growing
73647,complex,complex,complex,complex,complex,independent,False,20-30,<100,0.471236,259,growing
73648,intermediate,complex,complex,complex,complex,independent,False,10-20,<100,0.537967,158,growing
73653,intermediate,complex,complex,complex,complex,independent,False,20-30,<100,0.515449,263,growing
73654,complex,intermediate,complex,complex,complex,independent,False,10-20,<100,0.376996,154,growing
73655,complex,complex,complex,complex,intermediate,adjacent,False,>30,100-1000,0.480057,464,growing
73656,complex,complex,complex,complex,intermediate,independent,False,>30,<100,0.419172,445,growing
73658,complex,complex,complex,complex,complex,independent,False,10-20,100-1000,0.395711,148,growing
73659,complex,intermediate,complex,complex,complex,independent,False,10-20,<100,0.432349,121,growing
73660,complex,intermediate,complex,complex,intermediate,contains,True,>30,>1000,0.167919,236,growing
73661,intermediate,intermediate,complex,complex,complex,independent,False,10-20,<100,0.576522,116,growing
73663,complex,complex,complex,complex,complex,independent,False,10-20,<100,0.486585,190,growing
73665,intermediate,complex,complex,complex,complex,independent,False,>30,<100,0.540457,401,growing
73666,intermediate,intermediate,complex,complex,complex,independent,False,20-30,<100,0.547569,200,growing
73667,intermediate,complex,complex,complex,complex,independent,False,20-30,<100,0.630006,199,growing
73668,intermediate,complex,complex,complex,complex,independent,False,20-30,100-1000,0.593421,277,growing
73670,complex,complex,complex,complex,complex,independent,False,20-30,<100,0.439682,214,growing
73678,complex,complex,complex,complex,complex,independent,False,10-20,<100,0.419326,209,growing
73679,complex,complex,complex,complex,complex,independent,False,>30,100-1000,0.461387,418,growing
73681,intermediate,complex,complex,complex,complex,independent,False,>30,100-1000,0.549678,476,growing
73682,intermediate,complex,complex,complex,complex,independent,False,10-20,100-1000,0.566972,118,growing
73685,intermediate,complex,complex,complex,complex,independent,False,10-20,<100,0.646109,146,growing
73686,complex,complex,complex,complex,complex,independent,False,20-30,100-1000,0.395131,270,growing
73687,complex,intermediate,complex,complex,intermediate,contains,True,10-20,>1000,0.407537,127,growing
73688,complex,intermediate,complex,complex,intermediate,contains,True,20-30,>1000,0.23642,162,growing
73689,complex,complex,complex,complex,complex,independent,False,10-20,<100,0.303989,124,growing
73690,complex,complex,complex,complex,complex,independent,False,10-20,<100,0.356382,170,growing
73692,complex,complex,complex,complex,complex,independent,False,>30,100-1000,0.404003,378,growing
73695,intermediate,intermediate,complex,complex,intermediate,adjacent,False,10-20,100-1000,0.516548,170,growing
73696,intermediate,intermediate,complex,complex,intermediate,contains,True,>30,>1000,0.553703,438,growing
73702,complex,intermediate,complex,complex,intermediate,contains,True,20-30,>1000,0.404321,240,growing
73703,complex,complex,complex,complex,complex,independent,False,10-20,<100,0.391686,156,growing
73705,complex,complex,complex,complex,intermediate,independent,False,10-20,<100,0.229107,158,growing
73709,intermediate,intermediate,complex,complex,intermediate,independent,False,>30,100-1000,0.544243,421,growing
73710,complex,intermediate,complex,complex,intermediate,independent,False,20-30,100-1000,0.470726,259,growing
73712,intermediate,intermediate,complex,complex,intermediate,independent,False,20-30,<100,0.567085,254,growing
73716,complex,intermediate,complex,complex,intermediate,independent,False,10-20,<100,0.36022,181,growing
73718,complex,intermediate,complex,complex,intermediate,independent,False,10-20,100-1000,0.48192,235,growing
73722,complex,intermediate,complex,complex,complex,independent,False,>30,>1000,0.494304,459,growing
73723,intermediate,intermediate,complex,complex,intermediate,independent,False,20-30,100-1000,0.633589,282,growing
73727,intermediate,intermediate,complex,complex,complex,adjacent,False,>30,>1000,0.559968,449,growing
73730,complex,complex,complex,complex,complex,independent,False,10-20,100-1000,0.326723,167,growing
73731,intermediate,complex,complex,complex,complex,independent,False,>30,<100,0.542532,316,growing
73732,complex,intermediate,complex,intermediate,intermediate,independent,False,20-30,<100,0.451661,231,growing
73735,intermediate,intermediate,complex,intermediate,intermediate,adjacent,False,20-30,>1000,0.521481,265,growing
73738,intermediate,intermediate,complex,complex,intermediate,independent,False,20-30,100-1000,0.626109,294,growing
73744,complex,complex,complex,complex,complex,adjacent,False,10-20,<100,0.29303,191,growing
73745,intermediate,intermediate,complex,intermediate,complex,adjacent,False,>30,>1000,0.533667,452,growing
73746,intermediate,complex,complex,complex,complex,adjacent,False,20-30,100-1000,0.523925,344,growing
73748,complex,intermediate,complex,complex,complex,contains,True,>30,>1000,0.242306,302,growing
73749,complex,intermediate,complex,complex,complex,contains,True,>30,>1000,0.172498,292,growing
73750,complex,intermediate,complex,intermediate,complex,contains,True,>30,>1000,0.464822,440,growing
73756,intermediate,intermediate,complex,complex,complex,independent,False,10-20,<100,0.523023,177,growing
73761,intermediate,complex,complex,complex,complex,independent,False,10-20,100-1000,0.736387,139,growing
73762,complex,intermediate,complex,complex,complex,independent,False,>30,>1000,0.399417,202,growing
73768,complex,intermediate,complex,complex,intermediate,contains,True,20-30,100-1000,0.219321,184,growing
73773,complex,intermediate,complex,complex,complex,independent,False,20-30,100-1000,0.411112,298,growing
73778,complex,complex,complex,complex,complex,independent,False,>30,100-1000,0.376081,366,growing
73779,intermediate,intermediate,complex,complex,complex,adjacent,False,10-20,100-1000,0.632485,168,growing
73780,intermediate,intermediate,complex,complex,complex,independent,False,10-20,<100,0.540021,139,growing
73781,intermediate,complex,complex,complex,complex,independent,False,10-20,<100,0.506713,149,growing
73785,intermediate,intermediate,complex,complex,complex,independent,False,20-30,100-1000,0.540051,227,growing
73786,intermediate,intermediate,complex,complex,complex,independent,False,20-30,100-1000,0.505244,226,growing
73792,complex,complex,complex,complex,complex,independent,False,20-30,<100,0.364295,200,growing
73796,complex,complex,complex,complex,complex,independent,False,10-20,<100,0.236219,68,growing
73798,complex,complex,complex,complex,complex,contains,True,>30,>1000,0.171819,126,growing
73800,intermediate,complex,complex,complex,complex,independent,False,10-20,<100,0.591005,26,growing
73801,intermediate,complex,complex,complex,complex,independent,False,20-30,<100,0.296481,262,growing
73802,intermediate,intermediate,complex,complex,complex,adjacent,False,20-30,>1000,0.670357,60,growing
73803,intermediate,intermediate,complex,complex,complex,adjacent,False,>30,>1000,0.730749,22,growing
73806,intermediate,complex,complex,complex,complex,adjacent,False,>30,100-1000,0.542524,409,growing
73813,intermediate,intermediate,complex,complex,intermediate,independent,False,10-20,<100,0.640122,156,growing
73814,intermediate,intermediate,complex,complex,intermediate,independent,False,>30,100-1000,0.645223,405,growing
73815,intermediate,intermediate,complex,complex,intermediate,independent,False,10-20,<100,0.560608,176,growing
73816,complex,complex,complex,complex,intermediate,independent,False,10-20,<100,0.405483,195,growing
73819,complex,intermediate,complex,complex,intermediate,adjacent,False,10-20,100-1000,0.463297,197,growing
73820,intermediate,intermediate,complex,complex,intermediate,adjacent,False,10-20,100-1000,0.612433,223,growing
73821,intermediate,complex,complex,complex,intermediate,independent,False,10-20,<100,0.507219,165,growing
73823,intermediate,intermediate,complex,complex,intermediate,adjacent,False,10-20,100-1000,0.601791,219,growing
73824,intermediate,intermediate,complex,complex,intermediate,adjacent,False,10-20,<100,0.525316,189,growing
73826,complex,intermediate,complex,complex,intermediate,adjacent,False,10-20,100-1000,0.402216,156,growing
73827,complex,intermediate,complex,complex,intermediate,adjacent,False,10-20,<100,0.303087,172,growing
73828,complex,intermediate,complex,complex,intermediate,adjacent,False,10-20,100-1000,0.305814,176,growing
73830,intermediate,intermediate,complex,complex,intermediate,adjacent,False,10-20,<100,0.636623,184,growing
73831,intermediate,intermediate,complex,complex,intermediate,adjacent,False,>30,100-1000,0.541606,479,growing
73833,intermediate,intermediate,complex,complex,intermediate,independent,False,10-20,<100,0.54754,138,growing
73835,complex,intermediate,complex,complex,complex,independent,False,>30,100-1000,0.34703,350,growing
73840,intermediate,intermediate,complex,complex,intermediate,nested,True,10-20,<100,0.548296,169,growing
73841,intermediate,intermediate,complex,complex,intermediate,nested,True,10-20,100-1000,0.614704,134,growing
73842,intermediate,intermediate,complex,complex,intermediate,nested,True,>30,100-1000,0.513783,390,growing
73843,complex,intermediate,complex,complex,intermediate,nested,True,>30,>1000,0.491498,471,growing
73846,intermediate,intermediate,complex,complex,intermediate,nested,True,10-20,<100,0.685237,165,growing
73850,complex,intermediate,complex,complex,intermediate,contains,True,>30,>1000,0.436878,411,growing
73851,complex,intermediate,complex,complex,intermediate,contains,True,20-30,>1000,0.474149,20,growing
73852,complex,intermediate,complex,complex,intermediate,contains,True,20-30,>1000,0.434942,167,growing
73853,complex,complex,complex,complex,intermediate,contains,True,>30,>1000,0.423113,40,growing
73871,complex,complex,complex,complex,complex,independent,False,20-30,<100,0.242831,136,growing
73872,complex,complex,complex,complex,complex,independent,False,>30,<100,0.304158,217,growing
73878,intermediate,intermediate,complex,complex,complex,independent,False,20-30,100-1000,0.581751,132,growing
73879,intermediate,complex,complex,complex,complex,independent,False,10-20,100-1000,0.447846,107,growing
73880,complex,complex,complex,complex,complex,independent,False,>30,100-1000,0.43168,117,growing
73881,complex,complex,complex,intermediate,complex,contains,True,>30,>1000,0.30591,29,growing
73909,complex,complex,complex,intermediate,complex,overlapping,True,20-30,100-1000,0.346643,160,growing
73912,complex,intermediate,complex,complex,intermediate,contains,True,10-20,100-1000,0.319595,123,growing
73916,intermediate,intermediate,complex,intermediate,intermediate,adjacent,False,10-20,<100,0.507007,94,growing
73920,complex,intermediate,complex,complex,complex,independent,False,>30,100-1000,0.359562,268,growing
73933,complex,complex,complex,complex,complex,adjacent,False,20-30,100-1000,0.0645017,27,growing
73963,complex,complex,complex,intermediate,complex,adjacent,False,>30,>1000,0.450244,187,growing
73966,complex,intermediate,complex,complex,complex,contains,True,>30,>1000,0.487572,92,growing
73977,intermediate,intermediate,complex,complex,complex,adjacent,False,10-20,100-1000,0.629537,94,growing
73979,intermediate,complex,complex,complex,complex,adjacent,False,10-20,<100,0.581543,75,growing
73980,complex,intermediate,complex,intermediate,complex,adjacent,False,20-30,100-1000,0.455798,100,growing
73982,intermediate,intermediate,complex,intermediate,intermediate,adjacent,False,10-20,<100,0.563969,102,growing
73983,intermediate,intermediate,complex,intermediate,intermediate,adjacent,False,>30,100-1000,0.524108,230,growing
73985,complex,intermediate,complex,complex,complex,adjacent,False,>30,100-1000,0.487237,229,growing
73987,complex,complex,complex,complex,complex,adjacent,False,>30,100-1000,0.389516,203,growing
73988,complex,intermediate,complex,complex,complex,adjacent,False,>30,100-1000,0.478175,243,growing
73989,intermediate,intermediate,complex,complex,intermediate,adjacent,False,10-20,>1000,0.554107,81,growing
73996,complex,intermediate,complex,complex,,contains,True,>30,100-1000,0.199932,214,growing
73997,complex,intermediate,complex,complex,,independent,False,20-30,<100,0.343416,153,growing
73999,complex,intermediate,complex,complex,,contains,True,>30,>1000,0.247833,95,growing
74004,complex,complex,complex,complex,intermediate,independent,False,>30,<100,0.393671,221,growing
74005,intermediate,complex,complex,complex,complex,independent,False,>30,<100,0.564498,230,growing
74008,intermediate,complex,complex,complex,intermediate,adjacent,False,>30,<100,0.503372,247,growing
74011,intermediate,intermediate,complex,complex,complex,independent,False,10-20,<100,0.555781,75,growing
74012,intermediate,complex,complex,complex,complex,independent,False,20-30,<100,0.538191,156,growing
74013,intermediate,complex,complex,complex,complex,independent,False,10-20,<100,0.598031,111,growing
74014,simple,complex,complex,complex,complex,independent,False,10-20,<100,0.783487,104,growing
74015,complex,complex,complex,intermediate,complex,adjacent,False,>30,<100,0.406095,143,growing
74016,complex,complex,complex,complex,intermediate,adjacent,False,>30,100-1000,0.474539,213,growing
74032,complex,intermediate,complex,complex,complex,contains,True,>30,>1000,0.210366,113,growing
74037,complex,complex,complex,complex,,nested,True,>30,>1000,0.243159,126,growing
74061,complex,complex,complex,complex,complex,nested,True,20-30,<100,0.402409,208,growing
74063,complex,intermediate,complex,complex,complex,contains,True,20-30,>1000,0.364583,59,growing
74064,complex,complex,complex,complex,complex,adjacent,False,20-30,100-1000,0.301575,40,growing
74065,intermediate,intermediate,complex,complex,intermediate,adjacent,False,>30,100-1000,0.549237,390,growing
74070,intermediate,complex,complex,complex,intermediate,independent,False,10-20,<100,0.597659,138,growing
74071,intermediate,intermediate,complex,complex,intermediate,adjacent,False,>30,100-1000,0.571653,359,growing
74073,intermediate,intermediate,complex,complex,intermediate,independent,False,10-20,<100,0.676116,174,growing
74075,intermediate,intermediate,complex,complex,intermediate,independent,False,10-20,<100,0.654748,124,growing
74076,intermediate,intermediate,complex,complex,intermediate,independent,False,>30,100-1000,0.592115,427,growing
74078,intermediate,intermediate,complex,complex,complex,independent,False,10-20,<100,0.589095,125,growing
74080,intermediate,intermediate,complex,complex,complex,independent,False,10-20,<100,0.599019,111,growing
74083,complex,intermediate,complex,complex,intermediate,overlapping,True,>30,>1000,0.296391,74,growing
74084,intermediate,intermediate,complex,complex,intermediate,independent,False,10-20,<100,0.685549,142,growing
74085,intermediate,intermediate,complex,complex,intermediate,independent,False,10-20,<100,0.742975,157,growing
74086,intermediate,complex,complex,complex,intermediate,independent,False,10-20,<100,0.696961,158,growing
74088,intermediate,complex,complex,complex,intermediate,independent,False,10-20,<100,0.716184,156,growing
74089,intermediate,intermediate,complex,complex,intermediate,independent,False,10-20,<100,0.628415,194,growing
74092,intermediate,intermediate,complex,complex,intermediate,independent,False,20-30,<100,0.618994,230,growing
74093,intermediate,complex,complex,complex,intermediate,independent,False,10-20,<100,0.604264,192,growing
74094,intermediate,intermediate,complex,complex,intermediate,independent,False,20-30,100-1000,0.668559,209,growing
74096,intermediate,intermediate,complex,complex,intermediate,adjacent,False,10-20,100-1000,0.519535,201,growing
74097,intermediate,intermediate,complex,complex,intermediate,contains,True,>30,>1000,0.512688,281,growing
74099,complex,intermediate,complex,complex,complex,nested,True,10-20,<100,0.362753,94,growing
74100,intermediate,intermediate,complex,complex,intermediate,contains,True,>30,>1000,0.538738,469,growing
74101,intermediate,intermediate,complex,complex,intermediate,contains,True,10-20,>1000,0.657936,177,growing
74102,complex,intermediate,complex,complex,intermediate,contains,True,>30,>1000,0.24189,269,growing
74104,complex,intermediate,complex,complex,intermediate,contains,True,20-30,>1000,0.43925,243,growing
74108,complex,intermediate,complex,complex,intermediate,adjacent,False,10-20,100-1000,0.448807,116,growing
74109,complex,intermediate,complex,complex,complex,contains,True,>30,>1000,0.205554,413,growing
74110,complex,complex,complex,complex,intermediate,adjacent,False,10-20,100-1000,0.297064,179,growing
74111,intermediate,complex,complex,complex,intermediate,independent,False,>30,100-1000,0.651226,409,growing
74112,intermediate,intermediate,complex,complex,intermediate,independent,False,10-20,100-1000,0.734475,145,growing
74114,intermediate,intermediate,complex,complex,intermediate,independent,False,>30,100-1000,0.557219,456,growing
74115,intermediate,intermediate,complex,complex,intermediate,independent,False,10-20,<100,0.621178,130,growing
74116,intermediate,intermediate,complex,complex,intermediate,independent,False,10-20,<100,0.50899,106,growing
74118,intermediate,intermediate,complex,complex,intermediate,independent,False,>30,100-1000,0.555413,473,growing
74120,intermediate,intermediate,complex,complex,intermediate,adjacent,False,10-20,>1000,0.523668,164,growing
74128,complex,complex,complex,complex,complex,contains,True,>30,>1000,0.391993,30,growing
74130,complex,complex,complex,complex,intermediate,contains,True,>30,>1000,0.202934,53,growing
74131,complex,complex,complex,complex,intermediate,contains,True,>30,>1000,0.179993,45,growing
74141,complex,intermediate,complex,complex,intermediate,contains,True,>30,>1000,0.337225,184,growing
74142,complex,intermediate,complex,complex,intermediate,contains,True,>30,>1000,0.0390664,32,growing
74148,complex,intermediate,complex,complex,complex,independent,False,>30,100-1000,0.412787,217,growing
74149,intermediate,intermediate,complex,complex,intermediate,contains,True,10-20,>1000,0.566558,148,growing
74151,complex,complex,complex,complex,intermediate,independent,False,20-30,100-1000,0.343081,151,growing
74153,intermediate,intermediate,complex,intermediate,intermediate,adjacent,False,10-20,100-1000,0.61965,133,growing
74158,intermediate,intermediate,complex,intermediate,intermediate,adjacent,False,20-30,<100,0.657868,155,growing
74163,complex,intermediate,complex,intermediate,complex,contains,True,>30,100-1000,0.420499,243,growing
74169,complex,intermediate,complex,intermediate,complex,contains,True,10-20,>1000,0.305416,175,growing
74170,complex,intermediate,complex,complex,complex,contains,True,>30,>1000,0.383394,337,growing
74172,intermediate,intermediate,complex,intermediate,intermediate,independent,False,>30,<100,0.614795,246,growing
74173,complex,complex,complex,intermediate,intermediate,nested,True,10-20,<100,0.45506,173,growing
74176,intermediate,intermediate,complex,complex,intermediate,adjacent,False,10-20,100-1000,0.602242,101,growing
74182,complex,intermediate,complex,complex,intermediate,nested,True,10-20,100-1000,0.411224,137,growing
74183,complex,complex,complex,complex,intermediate,contains,True,>30,>1000,0.386675,235,growing
74184,intermediate,intermediate,complex,complex,complex,adjacent,False,10-20,100-1000,0.529856,24,growing
74186,complex,intermediate,complex,complex,intermediate,adjacent,False,10-20,<100,0.349903,20,growing
74187,complex,intermediate,complex,complex,intermediate,adjacent,False,>30,<100,0.392565,381,growing
74189,complex,complex,complex,intermediate,intermediate,contains,True,>30,>1000,0.370185,432,growing
74192,intermediate,intermediate,complex,complex,intermediate,adjacent,False,10-20,100-1000,0.60426,134,growing
74193,intermediate,intermediate,complex,complex,intermediate,adjacent,False,10-20,100-1000,0.658963,147,growing
74195,complex,complex,complex,complex,complex,adjacent,False,10-20,<100,0.334928,111,growing
74196,intermediate,intermediate,complex,complex,intermediate,contains,True,10-20,>1000,0.519962,125,growing
74197,intermediate,intermediate,complex,complex,intermediate,contains,True,>30,>1000,0.522005,465,growing
74198,intermediate,complex,complex,complex,complex,adjacent,False,10-20,100-1000,0.521225,134,growing
74200,intermediate,intermediate,complex,complex,complex,adjacent,False,10-20,100-1000,0.612479,139,growing
74201,intermediate,intermediate,complex,complex,complex,independent,False,20-30,<100,0.574801,211,growing
74202,intermediate,intermediate,complex,complex,complex,independent,False,20-30,<100,0.603623,218,growing
74207,complex,intermediate,complex,complex,intermediate,contains,True,10-20,>1000,0.385438,192,growing
74208,complex,intermediate,complex,complex,intermediate,contains,True,>30,>1000,0.346641,443,growing
74215,complex,intermediate,complex,complex,intermediate,contains,True,>30,>1000,0.271533,59,growing
74216,intermediate,intermediate,complex,complex,intermediate,nested,True,10-20,100-1000,0.525024,101,growing
74217,complex,intermediate,complex,complex,intermediate,contains,True,>30,>1000,0.362019,444,growing
74218,complex,intermediate,complex,complex,intermediate,contains,True,>30,>1000,0.310115,369,growing
74219,intermediate,intermediate,complex,complex,intermediate,adjacent,False,10-20,100-1000,0.510383,218,growing
74220,complex,intermediate,complex,complex,intermediate,contains,True,>30,>1000,0.360621,342,growing
74221,complex,intermediate,complex,complex,intermediate,nested,True,10-20,100-1000,0.491575,189,growing
74222,intermediate,intermediate,complex,complex,intermediate,contains,True,20-30,>1000,0.51146,227,growing
74223,complex,intermediate,complex,intermediate,intermediate,contains,True,20-30,>1000,0.445963,292,growing
74226,complex,intermediate,complex,complex,intermediate,nested,True,>30,<100,0.496685,299,growing
74227,complex,intermediate,complex,complex,intermediate,adjacent,False,20-30,<100,0.499757,204,growing
74228,complex,intermediate,complex,complex,intermediate,adjacent,False,20-30,<100,0.478113,287,growing
74229,complex,intermediate,complex,complex,intermediate,adjacent,False,10-20,100-1000,0.352418,59,growing
74230,complex,intermediate,complex,complex,intermediate,contains,True,20-30,100-1000,0.436338,341,growing
74231,intermediate,intermediate,complex,complex,intermediate,contains,True,>30,100-1000,0.529459,366,growing
74232,intermediate,intermediate,complex,complex,intermediate,contains,True,>30,100-1000,0.509961,365,growing
74233,intermediate,intermediate,complex,complex,complex,adjacent,False,20-30,<100,0.519473,198,growing
74234,intermediate,intermediate,complex,complex,intermediate,contains,True,10-20,100-1000,0.664285,180,growing
74235,intermediate,intermediate,complex,complex,intermediate,adjacent,False,20-30,100-1000,0.604689,248,growing
74236,complex,intermediate,complex,complex,intermediate,contains,True,>30,>1000,0.458253,405,growing
74238,complex,intermediate,complex,complex,intermediate,contains,True,20-30,>1000,0.416954,229,growing
74239,complex,intermediate,complex,complex,intermediate,contains,True,>30,>1000,0.487566,168,growing
74240,complex,intermediate,complex,complex,intermediate,contains,True,>30,>1000,0.463492,207,growing
74243,intermediate,intermediate,complex,complex,intermediate,contains,True,>30,>1000,0.535058,118,growing
74253,intermediate,intermediate,complex,complex,intermediate,adjacent,False,>30,>1000,0.709776,28,growing
74257,intermediate,intermediate,complex,complex,complex,independent,False,10-20,100-1000,0.555901,197,growing
74258,complex,complex,complex,complex,complex,contains,True,>30,100-1000,0.483927,421,growing
74259,intermediate,complex,complex,complex,complex,contains,True,>30,>1000,0.515232,420,growing
74260,complex,intermediate,complex,complex,intermediate,nested,True,>30,<100,0.494759,301,growing
74261,intermediate,intermediate,complex,complex,intermediate,adjacent,False,20-30,<100,0.586627,194,growing
74263,intermediate,intermediate,complex,complex,intermediate,adjacent,False,20-30,<100,0.650961,236,growing
74264,intermediate,intermediate,complex,complex,intermediate,adjacent,False,>30,<100,0.659891,283,growing
74265,intermediate,intermediate,complex,complex,intermediate,adjacent,False,20-30,100-1000,0.654902,220,growing
74267,complex,intermediate,complex,complex,intermediate,adjacent,False,>30,100-1000,0.476626,403,growing
74268,complex,intermediate,complex,complex,intermediate,contains,True,>30,>1000,0.393382,352,growing
74269,complex,intermediate,complex,complex,intermediate,contains,True,>30,>1000,0.433413,356,growing
74270,complex,intermediate,complex,complex,intermediate,contains,True,>30,>1000,0.397289,415,growing
74271,intermediate,intermediate,complex,complex,intermediate,independent,False,10-20,<100,0.573148,136,growing
74272,intermediate,intermediate,complex,complex,intermediate,contains,True,>30,>1000,0.50275,205,growing
74275,intermediate,intermediate,complex,complex,intermediate,contains,True,>30,>1000,0.564175,212,growing
74276,intermediate,intermediate,complex,complex,intermediate,independent,False,20-30,<100,0.572516,225,growing
74278,intermediate,intermediate,complex,complex,intermediate,contains,True,>30,100-1000,0.50643,380,growing
74279,intermediate,intermediate,complex,complex,intermediate,contains,True,>30,>1000,0.546014,424,growing
74280,intermediate,intermediate,complex,complex,complex,contains,True,>30,>1000,0.564666,172,growing
74281,complex,intermediate,complex,complex,intermediate,contains,True,>30,>1000,0.388028,66,growing
74285,intermediate,intermediate,complex,intermediate,intermediate,adjacent,False,20-30,<100,0.572927,245,growing
74286,intermediate,complex,complex,complex,intermediate,independent,False,>30,<100,0.549357,272,growing
74287,complex,intermediate,complex,complex,intermediate,contains,True,>30,>1000,0.17253,45,growing
74288,complex,intermediate,complex,complex,intermediate,contains,True,10-20,>1000,0.449225,123,growing
74289,intermediate,intermediate,complex,complex,intermediate,contains,True,>30,>1000,0.556034,186,growing
74290,intermediate,intermediate,complex,complex,intermediate,contains,True,10-20,>1000,0.560368,90,growing
74294,complex,intermediate,complex,complex,intermediate,independent,False,20-30,100-1000,0.190536,183,growing
74295,complex,intermediate,complex,complex,intermediate,independent,False,20-30,100-1000,0.275095,233,growing
74298,complex,intermediate,complex,complex,intermediate,independent,False,>30,>1000,0.468845,449,growing
74300,intermediate,intermediate,complex,complex,intermediate,independent,False,10-20,>1000,0.524014,173,growing
74304,complex,complex,complex,complex,intermediate,adjacent,False,>30,>1000,0.467757,286,growing
74306,intermediate,intermediate,complex,complex,intermediate,adjacent,False,>30,>1000,0.620523,418,growing
74309,intermediate,intermediate,complex,complex,intermediate,adjacent,False,10-20,100-1000,0.578923,186,growing
74315,complex,complex,complex,complex,complex,adjacent,False,>30,100-1000,0.34548,377,growing
74316,complex,intermediate,complex,complex,intermediate,contains,True,>30,>1000,0.454967,427,growing
74321,complex,complex,complex,complex,intermediate,contains,True,20-30,>1000,0.403671,225,growing
74323,complex,complex,complex,complex,intermediate,contains,True,>30,>1000,0.405333,349,growing
74324,complex,simple,complex,complex,intermediate,contains,True,>30,>1000,0.39438,390,growing
74325,complex,complex,complex,complex,intermediate,contains,True,>30,>1000,0.430241,378,growing
74327,complex,intermediate,complex,complex,complex,adjacent,False,20-30,<100,0.398817,186,growing
74330,complex,intermediate,complex,complex,complex,adjacent,False,>30,>1000,0.398397,338,growing
74331,complex,intermediate,complex,complex,intermediate,adjacent,False,10-20,>1000,0.344641,165,growing
74337,complex,complex,complex,complex,complex,adjacent,False,>30,100-1000,0.409209,337,growing
74343,complex,complex,complex,complex,complex,adjacent,False,10-20,>1000,0.454919,114,growing
74344,complex,complex,complex,complex,complex,contains,True,>30,>1000,0.447396,362,growing
74346,complex,intermediate,complex,complex,intermediate,adjacent,False,10-20,100-1000,0.228064,98,growing
74362,complex,complex,complex,complex,intermediate,independent,False,10-20,<100,0.401476,176,growing
74364,complex,intermediate,complex,complex,intermediate,independent,False,10-20,100-1000,0.319493,175,growing
74373,intermediate,complex,complex,complex,complex,adjacent,False,10-20,>1000,0.539291,182,growing
74376,intermediate,complex,complex,complex,complex,adjacent,False,10-20,100-1000,0.538762,120,growing
74379,intermediate,intermediate,complex,complex,complex,contains,True,20-30,>1000,0.502172,229,growing
74380,complex,complex,complex,complex,intermediate,adjacent,False,10-20,<100,0.33997,158,growing
74383,intermediate,complex,complex,complex,intermediate,independent,False,10-20,<100,0.680041,118,growing
74384,intermediate,complex,complex,complex,intermediate,independent,False,10-20,<100,0.677212,202,growing
74385,complex,complex,complex,complex,intermediate,independent,False,10-20,<100,0.484756,200,growing
74386,intermediate,complex,complex,complex,intermediate,independent,False,10-20,<100,0.684038,236,growing
74388,complex,intermediate,complex,complex,complex,adjacent,False,20-30,100-1000,0.470256,168,growing
74390,complex,complex,complex,complex,complex,adjacent,False,10-20,>1000,0.365041,188,growing
74392,complex,intermediate,complex,complex,complex,adjacent,False,>30,>1000,0.308713,337,growing
74397,complex,complex,complex,complex,complex,adjacent,False,20-30,100-1000,0.342104,238,growing
74399,complex,intermediate,complex,complex,complex,contains,True,>30,>1000,0.419784,359,growing
74405,complex,intermediate,complex,complex,complex,contains,True,>30,>1000,0.441952,312,growing
74406,complex,intermediate,complex,complex,complex,contains,True,10-20,>1000,0.327785,34,growing
74407,intermediate,complex,complex,complex,complex,contains,True,10-20,>1000,0.550858,39,growing
74412,complex,complex,complex,complex,complex,contains,True,>30,>1000,0.453299,145,growing
74413,intermediate,complex,complex,complex,complex,contains,True,10-20,>1000,0.466142,55,growing
74414,intermediate,complex,complex,complex,complex,contains,True,>30,>1000,0.501621,141,growing
74416,intermediate,complex,complex,complex,complex,nested,True,20-30,<100,0.629676,235,growing
74417,intermediate,complex,complex,complex,complex,contains,True,20-30,100-1000,0.550637,274,growing
74420,intermediate,complex,complex,complex,complex,adjacent,False,>30,<100,0.601651,356,growing
74421,intermediate,complex,complex,complex,complex,adjacent,False,20-30,<100,0.677404,188,growing
74422,intermediate,complex,complex,complex,complex,adjacent,False,20-30,<100,0.649308,209,growing
74424,intermediate,complex,complex,complex,complex,contains,True,>30,>1000,0.536048,393,growing
74426,complex,complex,complex,complex,complex,contains,True,>30,>1000,0.444147,120,growing
74429,intermediate,complex,complex,complex,intermediate,adjacent,False,20-30,100-1000,0.514573,213,growing
74440,intermediate,intermediate,complex,complex,complex,adjacent,False,20-30,<100,0.644288,299,growing
74442,intermediate,complex,complex,complex,intermediate,adjacent,False,>30,100-1000,0.515471,340,growing
74447,intermediate,intermediate,complex,complex,intermediate,adjacent,False,20-30,<100,0.59952,258,growing
74448,intermediate,intermediate,complex,complex,intermediate,contains,True,10-20,100-1000,0.61474,190,growing
74451,intermediate,intermediate,complex,complex,complex,contains,True,>30,>1000,0.541244,389,growing
74452,complex,complex,complex,complex,intermediate,independent,False,20-30,<100,0.396079,291,growing
74455,intermediate,intermediate,complex,complex,complex,contains,True,10-20,>1000,0.620248,185,growing
74456,intermediate,intermediate,complex,complex,complex,contains,True,>30,>1000,0.517592,368,growing
74461,complex,complex,complex,complex,complex,independent,False,10-20,<100,0.299359,158,growing
74467,complex,complex,complex,complex,intermediate,independent,False,20-30,<100,0.488107,174,growing
74473,complex,complex,complex,complex,complex,contains,True,>30,>1000,0.432672,361,growing
74476,intermediate,intermediate,complex,complex,intermediate,contains,True,10-20,>1000,0.64498,143,growing
74477,complex,complex,complex,complex,complex,independent,False,10-20,<100,0.388873,162,growing
74479,complex,complex,complex,complex,complex,independent,False,10-20,<100,0.377813,151,growing
74482,complex,intermediate,complex,complex,complex,contains,True,>30,>1000,0.460232,366,growing
74484,intermediate,intermediate,complex,complex,complex,contains,True,>30,>1000,0.651702,141,growing
74487,intermediate,intermediate,complex,complex,intermediate,adjacent,False,10-20,>1000,0.597313,162,growing
74488,complex,intermediate,complex,complex,complex,contains,True,>30,>1000,0.457707,170,growing
74493,intermediate,complex,complex,complex,complex,adjacent,False,20-30,<100,0.582085,206,growing
74496,intermediate,complex,complex,complex,intermediate,independent,False,20-30,<100,0.549774,238,growing
74501,complex,complex,complex,complex,intermediate,adjacent,False,>30,>1000,0.198299,62,growing
74511,intermediate,complex,complex,complex,complex,independent,False,>30,100-1000,0.500556,439,growing
74514,complex,complex,complex,complex,complex,adjacent,False,20-30,100-1000,0.27728,189,growing
74515,complex,complex,complex,complex,intermediate,contains,True,>30,100-1000,0.404493,342,growing
74516,complex,intermediate,complex,complex,complex,adjacent,False,20-30,100-1000,0.291268,239,growing
74521,complex,intermediate,complex,complex,complex,adjacent,False,>30,100-1000,0.393155,361,growing
74526,complex,complex,complex,intermediate,complex,adjacent,False,20-30,>1000,0.41466,291,growing
74528,complex,complex,complex,intermediate,complex,adjacent,False,20-30,100-1000,0.35472,229,growing
74530,complex,complex,complex,complex,complex,adjacent,False,10-20,100-1000,0.425011,149,growing
74532,complex,complex,complex,complex,complex,adjacent,False,>30,>1000,0.344357,402,growing
74533,complex,intermediate,complex,complex,complex,adjacent,False,10-20,>1000,0.453572,170,growing
74534,intermediate,intermediate,complex,complex,complex,independent,False,20-30,100-1000,0.603859,277,growing
74537,intermediate,intermediate,complex,complex,intermediate,adjacent,False,20-30,<100,0.59821,199,growing
74539,intermediate,complex,complex,complex,complex,adjacent,False,20-30,100-1000,0.526435,295,growing
74542,complex,intermediate,complex,complex,complex,adjacent,False,10-20,100-1000,0.473358,173,growing
74544,intermediate,intermediate,complex,complex,intermediate,adjacent,False,20-30,100-1000,0.634339,199,growing
74546,complex,complex,complex,complex,complex,contains,True,10-20,>1000,0.446639,204,growing
74547,intermediate,intermediate,complex,complex,intermediate,adjacent,False,20-30,100-1000,0.595307,239,growing
74548,intermediate,intermediate,complex,complex,intermediate,adjacent,False,>30,<100,0.647819,311,growing
74549,complex,complex,complex,complex,intermediate,adjacent,False,10-20,100-1000,0.487211,213,growing
74551,complex,intermediate,complex,complex,intermediate,nested,True,20-30,100-1000,0.484378,279,growing
74558,complex,intermediate,complex,complex,complex,adjacent,False,>30,100-1000,0.440774,384,growing
74559,complex,complex,complex,complex,intermediate,contains,True,10-20,>1000,0.268898,77,growing
74560,intermediate,intermediate,complex,complex,intermediate,adjacent,False,10-20,<100,0.577571,100,growing
74561,intermediate,intermediate,complex,complex,complex,adjacent,False,>30,100-1000,0.527749,254,growing
74568,complex,complex,complex,complex,intermediate,adjacent,False,>30,<100,0.429941,274,growing
74569,complex,intermediate,complex,complex,intermediate,adjacent,False,>30,100-1000,0.447823,344,growing
74574,intermediate,complex,complex,intermediate,intermediate,contains,True,>30,>1000,0.576473,400,growing
74577,complex,intermediate,complex,complex,complex,contains,True,>30,100-1000,0.40222,296,growing
74581,complex,intermediate,complex,complex,complex,contains,True,>30,100-1000,0.407652,339,growing
74585,intermediate,complex,complex,complex,complex,contains,True,10-20,>1000,0.512394,185,growing
74586,intermediate,intermediate,complex,intermediate,intermediate,nested,True,>30,100-1000,0.593507,322,growing
74588,complex,complex,complex,complex,complex,nested,True,20-30,<100,0.370231,193,growing
74600,complex,intermediate,complex,complex,intermediate,adjacent,False,>30,100-1000,0.478001,342,growing
74608,complex,complex,complex,complex,complex,adjacent,False,>30,100-1000,0.227667,429,growing
74610,complex,complex,complex,complex,complex,adjacent,False,20-30,<100,0.377377,224,growing
74619,intermediate,intermediate,complex,complex,intermediate,contains,True,>30,>1000,0.503423,330,growing
74623,intermediate,intermediate,complex,complex,intermediate,adjacent,False,10-20,100-1000,0.512097,123,growing
74630,complex,intermediate,complex,intermediate,intermediate,independent,False,10-20,100-1000,0.203208,171,growing
74632,complex,intermediate,complex,complex,intermediate,independent,False,10-20,100-1000,0.438302,171,growing
74636,complex,complex,complex,complex,complex,nested,True,10-20,>1000,0.388832,110,growing
74639,complex,complex,complex,complex,complex,nested,True,>30,100-1000,0.409225,391,growing
74641,complex,intermediate,complex,complex,complex,independent,False,20-30,100-1000,0.27146,282,growing
74643,complex,complex,complex,complex,intermediate,independent,False,10-20,100-1000,0.43319,127,growing
74646,complex,intermediate,complex,complex,complex,adjacent,False,20-30,100-1000,0.366747,149,growing
74648,complex,intermediate,complex,intermediate,complex,adjacent,False,>30,>1000,0.405212,395,growing
74649,complex,intermediate,complex,complex,complex,independent,False,20-30,100-1000,0.494276,254,growing
74664,complex,intermediate,complex,complex,intermediate,adjacent,False,10-20,>1000,0.438201,169,growing
74668,complex,intermediate,complex,complex,intermediate,contains,True,>30,>1000,0.320086,341,growing
74672,complex,complex,complex,intermediate,complex,contains,True,20-30,>1000,0.243724,309,growing
74673,complex,complex,complex,complex,intermediate,adjacent,False,>30,100-1000,0.425816,377,growing
74676,complex,complex,complex,complex,complex,contains,True,10-20,>1000,0.103999,84,growing
74677,complex,intermediate,complex,complex,complex,adjacent,False,20-30,100-1000,0.421777,215,growing
74678,complex,intermediate,complex,complex,complex,independent,False,10-20,100-1000,0.359373,156,growing
74679,complex,complex,complex,complex,complex,adjacent,False,20-30,100-1000,0.468226,261,growing
74686,complex,complex,complex,complex,complex,adjacent,False,>30,100-1000,0.41588,297,growing
74696,complex,complex,complex,complex,complex,contains,True,20-30,>1000,0.27622,120,growing
74698,complex,complex,complex,complex,complex,independent,False,20-30,100-1000,0.407667,238,growing
74700,complex,complex,complex,complex,complex,contains,True,>30,>1000,0.432708,216,growing
74703,intermediate,complex,complex,complex,complex,independent,False,10-20,100-1000,0.605962,145,growing
74707,intermediate,complex,complex,complex,complex,contains,True,10-20,>1000,0.550671,181,growing
74708,complex,complex,complex,complex,intermediate,adjacent,False,>30,100-1000,0.452219,342,growing
74709,complex,complex,complex,complex,complex,contains,True,>30,>1000,0.467772,331,growing
74710,complex,complex,complex,complex,complex,contains,True,20-30,>1000,0.494161,239,growing
74711,complex,complex,complex,complex,complex,independent,False,20-30,<100,0.247681,159,growing
74713,intermediate,complex,complex,complex,complex,independent,False,20-30,100-1000,0.558396,290,growing
74714,complex,complex,complex,complex,complex,independent,False,>30,100-1000,0.478362,299,growing
74715,complex,complex,complex,complex,complex,independent,False,>30,<100,0.486227,389,growing
74720,complex,complex,complex,complex,complex,independent,False,>30,100-1000,0.314664,226,growing
74722,intermediate,complex,complex,complex,complex,independent,False,>30,<100,0.501358,291,growing
74725,complex,complex,complex,complex,complex,adjacent,False,10-20,100-1000,0.332321,138,growing
74729,intermediate,complex,complex,complex,complex,independent,False,>30,100-1000,0.508004,318,growing
74741,intermediate,intermediate,complex,complex,intermediate,adjacent,False,>30,100-1000,0.531,307,growing
74742,complex,intermediate,complex,complex,intermediate,adjacent,False,10-20,>1000,0.370118,86,growing
74747,complex,complex,complex,complex,complex,adjacent,False,>30,100-1000,0.465744,340,growing
74749,intermediate,complex,complex,complex,complex,independent,False,10-20,<100,0.55907,181,growing
74756,complex,complex,complex,complex,complex,independent,False,>30,100-1000,0.489355,337,growing
74758,intermediate,complex,complex,complex,complex,independent,False,10-20,100-1000,0.598833,183,growing
74764,complex,intermediate,complex,complex,intermediate,contains,True,10-20,>1000,0.156725,159,growing
74768,complex,complex,complex,complex,complex,independent,False,10-20,100-1000,0.259067,187,growing
74769,complex,complex,complex,complex,complex,independent,False,10-20,100-1000,0.390188,71,growing
74772,complex,complex,complex,complex,complex,adjacent,False,10-20,>1000,0.343155,167,growing
74774,complex,complex,complex,complex,complex,adjacent,False,>30,100-1000,0.382931,381,growing
74777,complex,complex,complex,complex,complex,independent,False,20-30,<100,0.456281,181,growing
74778,intermediate,complex,complex,complex,complex,independent,False,20-30,<100,0.536253,198,growing
74780,intermediate,complex,complex,complex,complex,independent,False,20-30,<100,0.615717,247,growing
74782,intermediate,intermediate,complex,complex,complex,independent,False,20-30,100-1000,0.56724,258,growing
74784,intermediate,intermediate,complex,complex,complex,independent,False,20-30,<100,0.563963,237,growing
74786,intermediate,intermediate,complex,complex,complex,independent,False,20-30,<100,0.646809,216,growing
74787,intermediate,intermediate,complex,complex,complex,independent,False,20-30,<100,0.528869,204,growing
74790,intermediate,intermediate,complex,complex,complex,independent,False,10-20,<100,0.656842,94,growing
74794,intermediate,intermediate,complex,complex,complex,independent,False,20-30,<100,0.658037,241,growing
74795,intermediate,intermediate,complex,complex,complex,independent,False,20-30,<100,0.63211,220,growing
74797,intermediate,intermediate,complex,complex,complex,independent,False,10-20,100-1000,0.598429,179,growing
74800,complex,complex,complex,complex,complex,adjacent,False,10-20,100-1000,0.44178,144,growing
74803,complex,complex,complex,complex,complex,adjacent,False,10-20,100-1000,0.418665,134,growing
74806,complex,complex,complex,complex,complex,independent,False,>30,100-1000,0.459248,397,growing
74807,complex,complex,complex,complex,complex,independent,False,>30,>1000,0.421378,371,growing
74809,complex,complex,complex,complex,complex,independent,False,>30,100-1000,0.461586,426,growing
74813,complex,complex,complex,complex,complex,independent,False,>30,>1000,0.401306,345,growing
74816,intermediate,intermediate,complex,complex,complex,independent,False,20-30,<100,0.53938,234,growing
74817,intermediate,complex,complex,complex,complex,independent,False,20-30,<100,0.514964,175,growing
74823,intermediate,complex,complex,complex,complex,independent,False,20-30,<100,0.624203,215,growing
74825,complex,complex,complex,complex,complex,independent,False,10-20,100-1000,0.346899,173,growing
74829,intermediate,complex,complex,complex,complex,independent,False,10-20,<100,0.65206,97,growing
74830,complex,complex,complex,complex,complex,independent,False,10-20,100-1000,0.465791,110,growing
74831,intermediate,complex,complex,complex,complex,independent,False,20-30,100-1000,0.514854,144,growing
74832,complex,complex,complex,complex,complex,independent,False,10-20,100-1000,0.363942,123,growing
74834,intermediate,intermediate,complex,complex,complex,independent,False,10-20,>1000,0.601168,29,growing
74846,intermediate,complex,complex,complex,complex,independent,False,>30,100-1000,0.549513,335,growing
74847,intermediate,intermediate,complex,complex,complex,contains,True,10-20,>1000,0.527511,167,growing
74850,complex,intermediate,complex,complex,complex,contains,True,20-30,>1000,0.325382,66,growing
74851,intermediate,complex,complex,complex,complex,adjacent,False,>30,100-1000,0.549581,406,growing
74852,complex,complex,complex,complex,complex,independent,False,20-30,100-1000,0.423898,292,growing
74855,complex,complex,complex,complex,complex,independent,False,20-30,>1000,0.41962,290,growing
74857,complex,intermediate,complex,complex,complex,independent,False,>30,>1000,0.39697,397,growing
74861,complex,complex,complex,complex,complex,independent,False,10-20,>1000,0.207185,85,growing
74865,intermediate,intermediate,complex,complex,intermediate,contains,True,20-30,>1000,0.506259,33,growing
74869,complex,complex,complex,complex,complex,independent,False,10-20,100-1000,0.493312,188,growing
74872,complex,intermediate,complex,intermediate,complex,adjacent,False,20-30,100-1000,0.351619,209,growing
74873,intermediate,complex,complex,complex,complex,adjacent,False,10-20,<100,0.632938,87,growing
74875,intermediate,complex,complex,complex,complex,independent,False,10-20,<100,0.641713,194,growing
74876,intermediate,complex,complex,complex,complex,independent,False,>30,100-1000,0.509629,379,growing
74877,intermediate,intermediate,complex,complex,complex,independent,False,20-30,<100,0.658219,196,growing
74878,intermediate,complex,complex,complex,complex,independent,False,20-30,<100,0.557674,216,growing
74879,complex,complex,complex,complex,complex,independent,False,20-30,<100,0.442025,91,growing
74880,intermediate,complex,complex,complex,complex,independent,False,10-20,100-1000,0.602699,185,growing
74881,intermediate,intermediate,complex,complex,complex,adjacent,False,10-20,>1000,0.549861,218,growing
74882,intermediate,complex,complex,complex,complex,independent,False,10-20,100-1000,0.630583,148,growing
74883,intermediate,complex,complex,complex,complex,adjacent,False,>30,>1000,0.539737,398,growing
74884,intermediate,complex,complex,complex,complex,adjacent,False,10-20,100-1000,0.654906,107,growing
74885,complex,intermediate,complex,complex,complex,independent,False,20-30,100-1000,0.37461,216,growing
74886,complex,complex,complex,complex,complex,adjacent,False,20-30,>1000,0.0648507,25,growing
74887,intermediate,complex,complex,complex,complex,independent,False,20-30,100-1000,0.538423,193,growing
74888,intermediate,complex,complex,complex,complex,independent,False,20-30,100-1000,0.561152,189,growing
74891,intermediate,simple,complex,intermediate,complex,nested,True,20-30,100-1000,0.589761,195,growing
74892,complex,complex,complex,complex,complex,adjacent,False,20-30,100-1000,0.28059,171,growing
74893,intermediate,complex,complex,intermediate,complex,contains,True,10-20,>1000,0.552217,133,growing
74895,complex,complex,complex,complex,complex,contains,True,10-20,>1000,0.0888223,160,growing
74898,complex,complex,complex,complex,complex,contains,True,20-30,>1000,0.256945,220,growing
74900,complex,complex,complex,complex,complex,independent,False,10-20,100-1000,0.449714,114,growing
74901,complex,intermediate,complex,complex,complex,adjacent,False,>30,>1000,0.458849,367,growing
74906,complex,intermediate,complex,complex,complex,adjacent,False,>30,>1000,0.258842,332,growing
74907,complex,complex,complex,complex,complex,adjacent,False,>30,>1000,0.222549,171,growing
74909,intermediate,complex,complex,complex,complex,nested,True,10-20,100-1000,0.40574,95,growing
74911,complex,complex,complex,complex,complex,nested,True,10-20,100-1000,0.356762,141,growing
74912,complex,complex,complex,complex,complex,nested,True,10-20,100-1000,0.363944,186,growing
74913,complex,complex,complex,complex,complex,nested,True,20-30,100-1000,0.403209,272,growing
74914,complex,complex,complex,complex,complex,nested,True,>30,>1000,0.387757,403,growing
74916,complex,complex,complex,complex,complex,nested,True,>30,>1000,0.34857,408,growing
74919,complex,complex,complex,complex,complex,adjacent,False,10-20,>1000,0.207176,137,growing
74920,complex,complex,complex,complex,complex,adjacent,False,>30,>1000,0.314335,319,growing
74922,complex,complex,complex,complex,complex,contains,True,>30,>1000,0.2442,300,growing
74927,complex,complex,complex,complex,complex,contains,True,20-30,>1000,0.19441,34,growing
74928,complex,complex,complex,intermediate,complex,adjacent,False,10-20,100-1000,0.45584,154,growing
74932,intermediate,intermediate,complex,complex,intermediate,adjacent,False,>30,>1000,0.56191,171,growing
74940,complex,complex,complex,complex,complex,independent,False,>30,>1000,0.194948,207,growing
74942,intermediate,complex,complex,complex,complex,independent,False,10-20,100-1000,0.485929,33,growing
74946,complex,complex,complex,complex,complex,adjacent,False,>30,>1000,0.296532,62,growing
74948,complex,intermediate,complex,complex,intermediate,nested,True,10-20,100-1000,0.485985,149,growing
74950,complex,complex,complex,complex,complex,contains,True,>30,>1000,0.346529,329,growing
74951,complex,complex,complex,intermediate,complex,contains,True,>30,>1000,0.427377,288,growing
74952,complex,complex,complex,complex,complex,contains,True,10-20,>1000,0.432415,33,growing
74953,complex,complex,complex,complex,complex,contains,True,>30,>1000,0.33204,306,growing
74958,intermediate,intermediate,complex,complex,complex,adjacent,False,10-20,100-1000,0.500765,202,growing
74959,complex,complex,complex,complex,complex,nested,True,>30,>1000,0.21425,252,growing
74960,complex,intermediate,complex,complex,intermediate,nested,True,20-30,100-1000,0.408803,187,growing
74961,complex,complex,complex,complex,complex,contains,True,10-20,>1000,0.344664,77,growing
74962,complex,complex,complex,complex,complex,contains,True,>30,>1000,0.243458,210,growing
74963,complex,intermediate,complex,complex,complex,contains,True,>30,>1000,0.37831,33,growing
74964,intermediate,complex,complex,complex,complex,adjacent,False,>30,<100,0.696093,282,growing
74966,intermediate,complex,complex,complex,complex,independent,False,>30,<100,0.64542,302,growing
74967,intermediate,intermediate,complex,complex,complex,independent,False,>30,<100,0.656963,290,growing
74968,intermediate,intermediate,complex,complex,intermediate,adjacent,False,>30,>1000,0.544808,269,growing
74973,intermediate,intermediate,complex,complex,,contains,True,>30,>1000,0.506002,291,growing
74974,complex,complex,complex,complex,,independent,False,>30,100-1000,0.305463,259,growing
74976,intermediate,intermediate,complex,complex,,contains,True,>30,>1000,0.555088,290,growing
74978,complex,intermediate,complex,complex,intermediate,contains,True,>30,>1000,0.000112926,32,growing
74980,complex,intermediate,complex,complex,intermediate,contains,True,>30,>1000,0.242036,401,growing
74982,complex,intermediate,complex,complex,simple,adjacent,False,>30,100-1000,0.467466,382,growing
74984,complex,complex,complex,complex,complex,contains,True,>30,>1000,0.432599,396,growing
74985,intermediate,intermediate,complex,complex,complex,adjacent,False,>30,<100,0.618075,289,growing
74986,complex,complex,complex,complex,complex,contains,True,>30,>1000,0.362073,319,growing
74987,complex,complex,complex,complex,complex,contains,True,>30,>1000,0.399385,315,growing
74989,complex,intermediate,complex,complex,complex,contains,True,>30,>1000,0.391239,296,growing
74994,complex,complex,complex,complex,complex,nested,True,10-20,100-1000,0.32882,106,growing
74995,complex,intermediate,complex,complex,complex,nested,True,>30,>1000,0.365446,402,growing
74996,intermediate,complex,complex,complex,complex,adjacent,False,10-20,100-1000,0.519096,201,growing
74997,intermediate,complex,complex,complex,complex,adjacent,False,10-20,100-1000,0.523303,162,growing
74998,complex,complex,complex,complex,complex,adjacent,False,10-20,100-1000,0.471443,176,growing
74999,complex,complex,complex,complex,complex,adjacent,False,>30,>1000,0.436476,343,growing
75002,complex,complex,complex,complex,complex,contains,True,10-20,100-1000,0.410471,154,growing
75003,complex,complex,complex,complex,complex,contains,True,10-20,100-1000,0.357216,131,growing
75004,complex,complex,complex,complex,complex,contains,True,>30,>1000,0.207476,246,growing
75007,complex,complex,complex,complex,complex,adjacent,False,20-30,100-1000,0.392589,265,growing
75009,complex,intermediate,complex,complex,complex,adjacent,False,20-30,>1000,0.455195,294,growing
75010,complex,intermediate,complex,complex,complex,adjacent,False,>30,>1000,0.437679,469,growing
75011,complex,complex,complex,complex,complex,contains,True,>30,100-1000,0.365315,399,growing
75012,complex,complex,complex,complex,complex,adjacent,False,20-30,<100,0.470583,246,growing
75013,intermediate,complex,complex,complex,complex,contains,True,>30,100-1000,0.40876,414,growing
75014,complex,complex,complex,complex,complex,contains,True,>30,>1000,0.422912,395,growing
75016,complex,complex,complex,intermediate,complex,contains,True,>30,>1000,0.048128,243,growing
75018,complex,complex,complex,complex,complex,contains,True,>30,>1000,0.281415,305,growing
75019,complex,complex,complex,complex,complex,contains,True,>30,>1000,0.0661958,310,growing
75022,complex,intermediate,complex,intermediate,complex,adjacent,False,>30,>1000,0.353913,363,growing
75028,complex,complex,complex,complex,complex,independent,False,10-20,>1000,0.000151295,42,growing
75029,complex,complex,complex,complex,complex,adjacent,False,>30,>1000,0.0280485,61,growing
75030,complex,complex,complex,complex,complex,independent,False,>30,>1000,0.07777,264,growing
75034,complex,complex,complex,complex,complex,contains,True,>30,>1000,0.0888114,285,growing
75037,complex,complex,complex,complex,complex,contains,True,>30,>1000,0.0407947,191,growing
75038,complex,complex,complex,complex,complex,contains,True,>30,>1000,0.0249281,255,growing
75039,complex,complex,complex,complex,complex,contains,True,10-20,>1000,0.0776056,124,growing
75040,complex,complex,complex,complex,complex,contains,True,>30,>1000,0.038559,259,growing
75041,complex,complex,complex,complex,complex,contains,True,>30,>1000,0.120218,234,growing
75042,complex,complex,complex,complex,complex,contains,True,>30,>1000,0.111858,308,growing
75043,complex,complex,complex,complex,complex,contains,True,10-20,>1000,0.151746,136,growing
75044,complex,complex,complex,complex,complex,contains,True,>30,>1000,0.13756,262,growing
75045,complex,complex,complex,complex,complex,nested,True,10-20,100-1000,0.444165,128,growing
75046,complex,complex,complex,complex,complex,contains,True,>30,>1000,0.178312,89,growing
75047,complex,complex,complex,complex,complex,contains,True,>30,>1000,0.0406407,59,growing
75050,complex,complex,complex,complex,complex,adjacent,False,20-30,100-1000,0.355063,228,growing
75051,complex,complex,complex,complex,complex,independent,False,>30,100-1000,0.335515,411,growing
75052,complex,complex,complex,complex,complex,contains,True,20-30,>1000,0.347664,316,growing
75056,complex,complex,complex,complex,complex,adjacent,False,>30,>1000,0.391057,356,growing
75059,complex,simple,complex,complex,complex,independent,False,10-20,<100,0.309895,109,growing
75063,complex,complex,complex,complex,complex,adjacent,False,>30,100-1000,0.430299,313,growing
75065,complex,intermediate,complex,complex,complex,nested,True,10-20,100-1000,0.397917,98,growing
75066,complex,intermediate,complex,complex,complex,adjacent,False,10-20,100-1000,0.371388,182,growing
75070,complex,complex,complex,complex,complex,independent,False,>30,>1000,0.309161,385,growing
75071,intermediate,complex,complex,complex,complex,adjacent,False,>30,>1000,0.524362,299,growing
75075,intermediate,intermediate,complex,intermediate,complex,contains,True,10-20,100-1000,0.572158,92,growing
75092,complex,intermediate,complex,complex,intermediate,contains,True,20-30,>1000,0.31874,194,growing
75096,complex,intermediate,complex,complex,complex,contains,True,20-30,>1000,0.148435,49,growing
75098,complex,intermediate,complex,complex,complex,contains,True,20-30,>1000,0.288074,15,growing
75100,intermediate,complex,complex,complex,complex,adjacent,False,10-20,>1000,0.533389,15,growing
75105,complex,complex,complex,complex,complex,adjacent,False,>30,>1000,0.31322,339,growing
75107,complex,complex,complex,complex,complex,contains,True,>30,>1000,0.377337,333,growing
75108,complex,complex,complex,complex,complex,contains,True,>30,>1000,0.319485,294,growing
75109,complex,complex,complex,complex,complex,contains,True,>30,>1000,0.385386,341,growing
75110,complex,complex,complex,complex,complex,nested,True,10-20,>1000,0.106226,141,growing
75112,complex,complex,complex,complex,complex,nested,True,>30,>1000,0.0866685,192,growing
75113,complex,complex,complex,complex,complex,contains,True,>30,>1000,0.39845,351,growing
75115,intermediate,complex,complex,complex,complex,contains,True,>30,>1000,0.488946,315,growing
75116,complex,complex,complex,complex,complex,contains,True,>30,>1000,0.296232,336,growing
75118,complex,complex,complex,complex,complex,adjacent,False,>30,>1000,0.425972,362,growing
75119,complex,intermediate,complex,complex,complex,independent,False,>30,>1000,0.498687,267,growing
75120,complex,complex,complex,complex,complex,adjacent,False,>30,>1000,0.395581,284,growing
75121,complex,complex,complex,complex,complex,contains,True,20-30,>1000,0.42871,142,growing
75123,complex,complex,complex,complex,complex,adjacent,False,>30,>1000,0.305277,226,growing
75124,complex,complex,complex,complex,complex,contains,True,>30,>1000,0.265564,282,growing
75125,complex,complex,complex,complex,complex,contains,True,>30,>1000,0.293751,278,growing
75126,complex,complex,complex,complex,complex,adjacent,False,>30,>1000,0.338321,219,growing
75127,complex,complex,complex,complex,complex,adjacent,False,>30,>1000,0.165818,139,growing
75128,complex,complex,complex,complex,complex,contains,True,>30,>1000,0.375677,86,growing
75132,complex,complex,complex,complex,complex,contains,True,>30,>1000,0.341281,406,growing
75133,complex,complex,complex,complex,complex,contains,True,20-30,>1000,0.440297,207,growing
75134,complex,complex,complex,complex,complex,contains,True,>30,100-1000,0.109129,18,growing
75135,complex,complex,complex,complex,complex,contains,True,>30,>1000,0.483582,197,growing
75136,complex,complex,complex,complex,complex,nested,True,10-20,<100,0.18763,124,growing
75138,complex,complex,complex,complex,complex,contains,True,>30,>1000,0.290159,118,growing
75139,complex,complex,complex,complex,complex,contains,True,>30,>1000,0.34261,314,growing
75141,complex,complex,complex,complex,complex,adjacent,False,10-20,>1000,0.226275,150,growing
75142,complex,complex,complex,complex,complex,contains,True,>30,>1000,0.318273,342,growing
75144,complex,complex,complex,complex,complex,contains,True,>30,>1000,0.0257819,16,growing
75145,complex,complex,complex,complex,complex,contains,True,10-20,100-1000,0.450009,91,growing
75146,intermediate,complex,complex,complex,complex,adjacent,False,>30,>1000,0.522516,203,growing
75147,complex,complex,complex,complex,complex,contains,True,>30,>1000,0.262747,78,growing
75148,complex,complex,complex,complex,complex,contains,True,>30,>1000,0.224092,340,growing
75150,complex,complex,complex,complex,complex,contains,True,>30,>1000,0.0827147,63,growing
75151,complex,complex,complex,complex,complex,contains,True,>30,>1000,0.452706,359,growing
75155,complex,intermediate,complex,complex,intermediate,adjacent,False,>30,100-1000,0.407764,366,growing
75156,complex,complex,complex,complex,intermediate,contains,True,>30,>1000,0.149148,235,growing
75157,intermediate,intermediate,complex,complex,intermediate,contains,True,>30,>1000,0.502777,330,growing
75158,complex,intermediate,complex,complex,intermediate,contains,True,10-20,>1000,0.132584,21,growing
75159,intermediate,complex,complex,complex,complex,adjacent,False,>30,>1000,0.51557,289,growing
75163,complex,complex,complex,complex,complex,contains,True,10-20,100-1000,0.296133,133,growing
75164,complex,complex,complex,complex,complex,contains,True,10-20,100-1000,0.417181,203,growing
75167,complex,complex,complex,complex,complex,contains,True,10-20,>1000,0.0129843,24,growing
75174,complex,intermediate,complex,complex,complex,adjacent,False,>30,100-1000,0.274017,273,growing
75177,complex,intermediate,complex,complex,complex,independent,False,>30,100-1000,0.357704,347,growing
75178,complex,complex,complex,complex,complex,independent,False,10-20,100-1000,0.305599,116,growing
75182,intermediate,complex,complex,complex,complex,adjacent,False,>30,>1000,0.522341,398,growing
75185,complex,intermediate,complex,complex,intermediate,adjacent,False,20-30,>1000,0.238675,261,growing
75198,intermediate,intermediate,complex,complex,complex,contains,True,10-20,>1000,0.569571,221,growing
75204,complex,intermediate,complex,complex,intermediate,independent,False,>30,>1000,0.408252,65,growing
75222,complex,intermediate,complex,complex,complex,independent,False,10-20,>1000,0.33926,118,growing
75226,intermediate,intermediate,complex,intermediate,complex,contains,True,>30,>1000,0.541466,350,growing
75232,intermediate,intermediate,complex,intermediate,complex,independent,False,20-30,100-1000,0.57215,288,growing
75234,complex,intermediate,complex,intermediate,complex,adjacent,False,>30,>1000,0.49625,336,growing
75235,simple,intermediate,complex,complex,complex,adjacent,False,10-20,>1000,0.757825,104,growing
75243,intermediate,intermediate,complex,intermediate,complex,independent,False,>30,100-1000,0.611943,264,growing
75244,complex,intermediate,complex,intermediate,complex,adjacent,False,>30,>1000,0.388882,193,growing
75249,complex,intermediate,complex,intermediate,complex,contains,True,>30,>1000,0.339852,160,growing
75253,complex,complex,complex,complex,intermediate,contains,True,>30,>1000,0.379792,244,growing
75254,complex,complex,complex,complex,complex,adjacent,False,>30,>1000,0.364008,333,growing
75255,complex,complex,complex,complex,intermediate,contains,True,20-30,>1000,0.381277,16,growing
75259,complex,complex,complex,complex,complex,contains,True,>30,>1000,0.214851,315,growing
75260,complex,complex,complex,complex,complex,adjacent,False,10-20,100-1000,0.437206,149,growing
75262,complex,complex,complex,complex,complex,adjacent,False,>30,100-1000,0.273605,295,growing
75263,complex,intermediate,complex,complex,complex,contains,True,>30,>1000,0.117434,304,growing
75264,complex,intermediate,complex,complex,complex,contains,True,>30,>1000,0.0781575,296,growing
75266,complex,intermediate,complex,complex,complex,contains,True,>30,>1000,0.161009,273,growing
75268,complex,complex,complex,complex,complex,contains,True,>30,>1000,0.362517,34,growing
75269,complex,complex,complex,complex,intermediate,contains,True,20-30,>1000,0.242591,160,growing
75271,complex,intermediate,complex,complex,intermediate,contains,True,10-20,>1000,0.373667,71,growing
75272,complex,intermediate,complex,complex,intermediate,contains,True,>30,>1000,0.100455,47,growing
75273,complex,complex,complex,complex,intermediate,independent,False,10-20,100-1000,0.31678,130,growing
75274,complex,complex,complex,complex,complex,contains,True,>30,>1000,0.285075,54,growing
75276,complex,complex,complex,complex,complex,contains,True,20-30,>1000,0.252109,234,growing
75277,complex,complex,complex,complex,complex,contains,True,>30,>1000,0.189512,60,growing
75278,intermediate,complex,complex,complex,complex,contains,True,10-20,>1000,0.397262,23,growing
75281,complex,complex,complex,complex,complex,adjacent,False,>30,100-1000,0.202525,220,growing
75282,complex,complex,complex,complex,complex,contains,True,>30,>1000,0.276494,331,growing
75285,complex,complex,complex,complex,complex,independent,False,20-30,100-1000,0.433847,118,growing
75286,complex,complex,complex,complex,complex,adjacent,False,>30,>1000,0.345308,16,growing
75287,complex,complex,complex,complex,complex,contains,True,>30,>1000,0.41681,19,growing
75288,complex,complex,complex,complex,complex,contains,True,>30,>1000,0.270379,22,growing
75289,complex,complex,complex,complex,intermediate,adjacent,False,20-30,100-1000,0.465992,254,growing
75290,complex,complex,complex,complex,complex,contains,True,>30,>1000,0.309515,17,growing
75291,intermediate,complex,complex,complex,complex,adjacent,False,>30,100-1000,0.509296,338,growing
75292,complex,complex,complex,complex,complex,contains,True,>30,100-1000,0.456693,356,growing
75294,complex,intermediate,complex,complex,intermediate,contains,True,>30,>1000,0.00882633,15,growing
75295,intermediate,complex,complex,complex,complex,independent,False,10-20,<100,0.680655,86,growing
75297,simple,intermediate,complex,complex,complex,contains,True,>30,>1000,0.811475,17,growing
75299,intermediate,complex,complex,complex,complex,contains,True,>30,>1000,0.553511,398,growing
75300,intermediate,complex,complex,complex,complex,independent,False,20-30,100-1000,0.550041,300,growing
75301,intermediate,complex,complex,complex,complex,contains,True,>30,>1000,0.535078,372,growing
75302,intermediate,complex,complex,complex,intermediate,independent,False,20-30,<100,0.634385,293,growing
75306,intermediate,complex,complex,complex,complex,adjacent,False,>30,100-1000,0.590842,405,growing
75308,intermediate,complex,complex,complex,intermediate,independent,False,10-20,<100,0.628677,126,growing
75309,complex,complex,complex,intermediate,complex,contains,True,>30,>1000,0.259782,365,growing
75310,complex,complex,complex,complex,complex,contains,True,>30,>1000,0.332228,397,growing
75311,intermediate,intermediate,complex,complex,complex,contains,True,>30,>1000,0.525552,406,growing
75312,complex,intermediate,complex,complex,complex,contains,True,>30,>1000,0.239942,264,growing
75313,complex,intermediate,complex,complex,intermediate,adjacent,False,20-30,100-1000,0.4872,187,growing
75314,complex,complex,complex,complex,complex,contains,True,>30,100-1000,0.000575046,17,growing
75315,intermediate,complex,complex,complex,complex,contains,True,10-20,>1000,0.553851,73,growing
75317,intermediate,complex,complex,complex,complex,adjacent,False,>30,>1000,0.517007,261,growing
75319,complex,complex,complex,complex,complex,contains,True,>30,>1000,0.443931,59,growing
75322,complex,complex,complex,complex,complex,contains,True,10-20,>1000,0.00443721,25,growing
75323,complex,complex,complex,complex,complex,contains,True,20-30,>1000,0.154117,214,growing
75324,complex,complex,complex,complex,complex,contains,True,>30,>1000,0.077586,301,growing
75327,complex,intermediate,complex,complex,complex,adjacent,False,10-20,>1000,0.405589,86,growing
75328,complex,complex,complex,complex,complex,adjacent,False,>30,>1000,0.37269,393,growing
75329,complex,intermediate,complex,complex,complex,adjacent,False,20-30,>1000,0.415006,304,growing
75331,intermediate,intermediate,complex,complex,complex,adjacent,False,10-20,<100,0.613004,183,growing
75332,intermediate,intermediate,complex,complex,complex,adjacent,False,10-20,<100,0.589139,219,growing
75333,intermediate,intermediate,complex,complex,complex,contains,True,>30,100-1000,0.588063,341,growing
75334,complex,intermediate,complex,complex,complex,adjacent,False,>30,100-1000,0.407283,235,growing
75335,intermediate,complex,complex,complex,complex,contains,True,20-30,100-1000,0.510867,271,growing
75336,intermediate,intermediate,complex,complex,complex,contains,True,>30,100-1000,0.554552,181,growing
75337,intermediate,complex,complex,complex,complex,adjacent,False,>30,100-1000,0.528006,330,growing
75340,simple,complex,complex,complex,complex,adjacent,False,>30,100-1000,0.85533,39,growing
75346,simple,intermediate,complex,complex,complex,adjacent,False,>30,100-1000,0.76558,380,growing
75347,intermediate,intermediate,complex,complex,intermediate,independent,False,10-20,<100,0.714987,118,growing
75349,simple,intermediate,complex,complex,intermediate,independent,False,>30,100-1000,0.805892,377,growing
75350,intermediate,complex,complex,complex,intermediate,adjacent,False,>30,<100,0.715036,280,growing
75351,simple,intermediate,complex,complex,intermediate,adjacent,False,10-20,100-1000,0.794499,156,growing
75352,simple,complex,complex,complex,intermediate,independent,False,10-20,<100,0.865676,133,growing
75353,simple,intermediate,complex,complex,intermediate,independent,False,>30,<100,0.848433,368,growing
75354,simple,intermediate,complex,complex,intermediate,independent,False,10-20,<100,0.797065,126,growing
75355,simple,intermediate,complex,complex,intermediate,independent,False,>30,<100,0.751791,387,growing
75356,intermediate,complex,complex,complex,complex,independent,False,20-30,100-1000,0.730265,236,growing
75357,intermediate,complex,complex,complex,complex,independent,False,>30,100-1000,0.718979,413,growing
75366,complex,complex,complex,complex,complex,contains,True,>30,>1000,0.365749,213,growing
75369,intermediate,complex,complex,complex,intermediate,adjacent,False,10-20,<100,0.561833,117,growing
75370,complex,complex,complex,complex,complex,contains,True,>30,>1000,0.1757,302,growing
75371,complex,complex,complex,complex,complex,contains,True,>30,>1000,0.320543,166,growing
75376,complex,complex,complex,complex,complex,adjacent,False,20-30,100-1000,0.171733,150,growing
75378,complex,complex,complex,complex,complex,contains,True,>30,>1000,0.0274038,23,growing
75384,complex,complex,complex,complex,complex,adjacent,False,10-20,>1000,0.230114,60,growing
75386,complex,complex,complex,complex,complex,contains,True,20-30,>1000,0.194529,207,growing
75387,complex,complex,complex,complex,complex,contains,True,>30,>1000,0.346182,256,growing
75388,complex,complex,complex,intermediate,complex,contains,True,>30,>1000,0.0260487,18,growing
75391,complex,complex,complex,complex,complex,contains,True,>30,>1000,4.72427e-05,22,growing
75393,complex,complex,complex,complex,complex,adjacent,False,>30,100-1000,0.0415895,15,growing
75397,complex,complex,complex,complex,complex,contains,True,10-20,>1000,0.459524,115,growing
75398,complex,complex,complex,complex,complex,contains,True,>30,>1000,0.244554,309,growing
75399,complex,complex,complex,complex,complex,adjacent,False,>30,100-1000,0.431804,306,growing
75401,complex,complex,complex,complex,complex,contains,True,>30,>1000,0.365899,320,growing
75402,complex,complex,complex,complex,complex,contains,True,20-30,>1000,0.274073,131,growing
75403,complex,complex,complex,complex,complex,contains,True,10-20,>1000,0.213701,44,growing
75404,complex,complex,complex,complex,complex,contains,True,>30,>1000,0.19686,64,growing
75405,complex,complex,complex,complex,complex,adjacent,False,10-20,<100,0.437611,85,growing
75408,complex,complex,complex,complex,complex,contains,True,>30,>1000,0.285334,238,growing
75410,complex,complex,complex,complex,complex,adjacent,False,>30,>1000,0.0910436,177,growing
75411,complex,complex,complex,complex,complex,contains,True,>30,>1000,0.21547,175,growing
75412,complex,complex,complex,complex,complex,contains,True,>30,>1000,0.037592,157,growing
75414,complex,complex,complex,complex,intermediate,adjacent,False,>30,>1000,0.226546,175,growing
75416,complex,complex,complex,complex,complex,nested,True,10-20,100-1000,0.17729,26,growing
75420,intermediate,complex,complex,complex,complex,nested,True,10-20,>1000,0.511543,79,growing
75421,complex,complex,complex,complex,complex,contains,True,>30,>1000,0.266738,278,growing
75422,complex,complex,complex,complex,complex,contains,True,>30,>1000,0.171953,254,growing
75428,complex,complex,complex,complex,complex,adjacent,False,>30,>1000,0.425477,190,growing
75429,intermediate,complex,complex,complex,complex,contains,True,20-30,>1000,0.538666,15,growing
75430,complex,complex,complex,complex,complex,contains,True,>30,>1000,0.28657,210,growing
75431,complex,complex,complex,complex,complex,adjacent,False,>30,<100,0.449933,273,growing
75432,complex,complex,complex,complex,complex,contains,True,>30,100-1000,0.383027,159,growing
75433,complex,complex,complex,complex,complex,contains,True,20-30,100-1000,0.472535,110,growing
75434,intermediate,complex,complex,complex,complex,adjacent,False,10-20,<100,0.548583,66,growing
75435,intermediate,complex,complex,complex,complex,independent,False,10-20,<100,0.705064,56,growing
75436,intermediate,complex,complex,complex,complex,adjacent,False,>30,<100,0.597588,172,growing
75437,intermediate,complex,complex,complex,complex,independent,False,10-20,<100,0.645843,55,growing
75440,complex,complex,complex,complex,complex,contains,True,>30,>1000,0.188689,40,growing
75441,intermediate,complex,complex,complex,complex,independent,False,10-20,<100,0.645637,57,growing
75442,intermediate,complex,complex,complex,complex,independent,False,10-20,<100,0.664087,79,growing
75444,intermediate,complex,complex,complex,complex,independent,False,10-20,<100,0.617415,58,growing
75445,simple,complex,complex,complex,complex,independent,False,10-20,<100,0.781067,59,growing
75446,complex,complex,complex,complex,complex,independent,False,>30,100-1000,0.474443,301,growing
75449,complex,complex,complex,complex,complex,adjacent,False,20-30,<100,0.4957,104,growing
75450,complex,complex,complex,complex,complex,adjacent,False,10-20,<100,0.447548,41,growing
75451,intermediate,complex,complex,complex,complex,adjacent,False,20-30,<100,0.522672,120,growing
75452,complex,complex,complex,complex,complex,adjacent,False,10-20,<100,0.221031,18,growing
75455,complex,intermediate,complex,complex,complex,contains,True,>30,100-1000,0.48915,256,growing
75456,complex,complex,complex,complex,complex,contains,True,>30,>1000,0.0430324,244,growing
75459,complex,intermediate,complex,complex,intermediate,nested,True,>30,>1000,0.0237302,42,growing
75460,complex,intermediate,complex,complex,intermediate,contains,True,>30,>1000,0.0793825,33,growing
75463,complex,intermediate,complex,complex,intermediate,contains,True,20-30,>1000,0.272606,167,growing
75464,complex,intermediate,complex,complex,intermediate,contains,True,>30,>1000,0.324143,253,growing
75465,complex,intermediate,complex,complex,intermediate,contains,True,>30,>1000,0.245049,153,growing
75467,complex,complex,complex,complex,complex,contains,True,>30,>1000,0.305391,274,growing
75469,complex,complex,complex,complex,complex,independent,False,20-30,100-1000,0.172266,168,growing
75471,complex,intermediate,complex,complex,intermediate,adjacent,False,>30,100-1000,0.491634,323,growing
75474,complex,intermediate,complex,complex,intermediate,contains,True,>30,>1000,0.253979,275,growing
75476,complex,intermediate,complex,complex,intermediate,contains,True,20-30,>1000,0.265694,197,growing
75477,complex,intermediate,complex,complex,complex,contains,True,>30,100-1000,0.400599,230,growing
75478,complex,intermediate,complex,complex,intermediate,contains,True,>30,>1000,0.285672,303,growing
75479,intermediate,intermediate,complex,complex,intermediate,contains,True,>30,>1000,0.560019,320,growing
75480,intermediate,intermediate,complex,complex,intermediate,contains,True,10-20,>1000,0.536259,111,growing
75481,intermediate,intermediate,complex,complex,intermediate,contains,True,>30,>1000,0.654813,327,growing
75483,complex,complex,complex,complex,intermediate,nested,True,10-20,100-1000,0.412224,101,growing
75484,complex,intermediate,complex,complex,intermediate,contains,True,>30,>1000,0.485758,132,growing
75486,complex,complex,complex,complex,intermediate,contains,True,10-20,>1000,0.365997,32,growing
75488,complex,intermediate,complex,complex,,nested,True,10-20,100-1000,0.230771,16,growing
75489,complex,complex,complex,complex,,contains,True,20-30,>1000,0.0964707,104,growing
75491,complex,complex,complex,complex,,contains,True,>30,>1000,0.221268,201,growing
75492,intermediate,complex,complex,complex,complex,adjacent,False,20-30,100-1000,0.391011,26,growing
75493,complex,complex,complex,intermediate,,contains,True,>30,>1000,0.0806584,51,growing
75495,complex,complex,complex,complex,,adjacent,False,20-30,>1000,0.241895,32,growing
75497,complex,complex,complex,complex,complex,independent,False,10-20,100-1000,0.265452,33,growing
75501,complex,complex,complex,complex,complex,adjacent,False,>30,>1000,0.236112,236,growing
75502,complex,complex,complex,complex,complex,adjacent,False,>30,>1000,0.354213,232,growing
75503,complex,complex,complex,complex,complex,adjacent,False,>30,>1000,0.392043,265,growing
75505,complex,complex,complex,complex,complex,adjacent,False,>30,>1000,0.000134823,46,growing
75507,complex,complex,complex,complex,complex,adjacent,False,>30,>1000,0.0124888,24,growing
75508,complex,complex,complex,complex,complex,adjacent,False,>30,>1000,0.0385277,140,growing
75509,complex,complex,complex,complex,complex,adjacent,False,20-30,>1000,0.00097894,19,growing
75510,complex,complex,complex,complex,complex,adjacent,False,20-30,>1000,0.383892,120,growing
75511,complex,complex,complex,complex,complex,adjacent,False,>30,>1000,0.425836,190,growing
75512,complex,complex,complex,complex,complex,contains,True,10-20,>1000,0.0297153,64,growing
75513,complex,complex,complex,complex,complex,contains,True,10-20,>1000,0.146589,68,growing
75514,complex,complex,complex,complex,complex,contains,True,>30,>1000,0.386982,171,growing
75515,complex,complex,complex,complex,complex,contains,True,>30,>1000,0.303151,139,growing
75516,complex,complex,complex,complex,intermediate,contains,True,>30,>1000,0.0075786,28,growing
75522,complex,complex,complex,complex,complex,independent,False,10-20,100-1000,0.292948,19,growing
75524,complex,complex,complex,complex,complex,contains,True,>30,>1000,0.108092,144,growing
75534,complex,complex,complex,complex,complex,adjacent,False,10-20,>1000,0.391161,36,growing
75535,complex,complex,complex,complex,complex,independent,False,20-30,>1000,0.301252,38,growing
75537,intermediate,complex,complex,complex,complex,contains,True,>30,>1000,0.654682,82,growing
75539,complex,complex,complex,complex,complex,nested,True,20-30,>1000,0.109695,65,growing
75540,complex,complex,complex,complex,complex,independent,False,20-30,100-1000,0.00449861,70,growing
75541,complex,complex,complex,complex,complex,independent,False,20-30,100-1000,0.0240559,24,growing
75542,complex,complex,complex,complex,complex,adjacent,False,20-30,100-1000,0.108881,23,growing
75544,complex,intermediate,complex,complex,complex,independent,False,>30,100-1000,0.04298,137,growing
75546,complex,complex,complex,complex,complex,independent,False,20-30,100-1000,0.0457624,93,growing
75547,complex,complex,complex,complex,complex,independent,False,>30,>1000,0.136373,105,growing
75549,intermediate,complex,complex,complex,complex,independent,False,20-30,>1000,0.618651,164,growing
75550,intermediate,complex,complex,complex,complex,independent,False,20-30,>1000,0.5141,123,growing
75552,complex,complex,complex,complex,complex,independent,False,20-30,>1000,0.0800854,45,growing
75553,complex,complex,complex,complex,complex,independent,False,>30,>1000,0.468768,226,growing
75554,complex,complex,complex,complex,complex,independent,False,10-20,>1000,0.143202,24,growing
75563,complex,complex,complex,complex,complex,contains,True,>30,>1000,0.319613,133,growing
75565,complex,complex,complex,intermediate,complex,contains,True,>30,>1000,0.332406,159,growing
75568,complex,complex,complex,intermediate,complex,adjacent,False,>30,>1000,0.165721,109,growing
75569,complex,intermediate,complex,complex,complex,contains,True,>30,>1000,0.015323,25,growing
75575,complex,complex,complex,complex,complex,adjacent,False,10-20,100-1000,0.0504659,66,growing
75576,complex,complex,complex,complex,complex,adjacent,False,10-20,100-1000,0.19598,71,growing
75578,complex,complex,complex,complex,complex,nested,True,10-20,100-1000,0.109867,69,growing
75579,intermediate,intermediate,complex,complex,intermediate,nested,True,20-30,100-1000,0.504597,60,growing
75580,complex,complex,complex,complex,intermediate,nested,True,10-20,>1000,0.342593,29,growing
75583,intermediate,intermediate,complex,complex,complex,adjacent,False,20-30,100-1000,0.292756,15,growing
75584,complex,complex,complex,complex,complex,independent,False,20-30,>1000,0.149268,27,growing
75585,complex,complex,complex,complex,complex,independent,False,20-30,>1000,0.0244536,36,growing
75588,complex,complex,complex,complex,complex,adjacent,False,>30,>1000,0.285705,208,growing
75589,complex,complex,complex,complex,complex,adjacent,False,>30,>1000,0.317393,189,growing
75592,complex,complex,complex,complex,complex,contains,True,>30,>1000,0.242271,182,growing
75593,complex,complex,complex,complex,complex,independent,False,10-20,<100,0.0384886,24,growing
75594,complex,complex,complex,complex,complex,independent,False,20-30,100-1000,0.0775389,47,growing
75595,complex,complex,complex,complex,complex,independent,False,20-30,100-1000,0.03324,83,growing
75596,complex,intermediate,complex,complex,complex,adjacent,False,>30,<100,0.0972486,57,growing
75597,complex,complex,complex,complex,complex,adjacent,False,>30,>1000,0.391066,189,growing
75599,intermediate,complex,complex,complex,complex,nested,True,20-30,100-1000,0.25372,47,growing
75600,complex,intermediate,complex,complex,complex,nested,True,20-30,<100,0.402366,81,growing
75601,complex,intermediate,complex,complex,complex,nested,True,20-30,<100,0.418176,95,growing
75603,complex,complex,complex,complex,complex,nested,True,>30,100-1000,0.0921855,167,growing
75604,complex,complex,complex,complex,complex,nested,True,>30,100-1000,0.248213,216,growing
75605,complex,complex,complex,complex,complex,nested,True,>30,100-1000,0.20438,164,growing
75608,complex,complex,complex,complex,complex,nested,True,>30,100-1000,0.0230972,133,growing
75609,complex,complex,complex,complex,complex,nested,True,>30,100-1000,0.265657,204,growing
75612,complex,complex,complex,complex,complex,contains,True,>30,>1000,0.14582,160,growing
75615,complex,complex,complex,complex,complex,nested,True,10-20,100-1000,0.454553,72,growing
75622,complex,complex,complex,complex,complex,independent,False,>30,100-1000,0.216072,85,growing
75623,complex,complex,complex,complex,complex,adjacent,False,10-20,>1000,0.313519,73,growing
75625,complex,complex,complex,complex,complex,independent,False,20-30,>1000,0.362954,28,growing
75628,intermediate,complex,complex,complex,complex,independent,False,20-30,<100,0.518886,113,growing
75631,complex,complex,complex,complex,complex,adjacent,False,>30,<100,0.417445,111,growing
75634,complex,complex,complex,complex,complex,adjacent,False,>30,100-1000,0.00235968,18,growing
75635,complex,complex,complex,complex,complex,independent,False,>30,<100,0.303911,64,growing
75639,complex,complex,complex,complex,complex,independent,False,>30,100-1000,0.394769,92,growing
75641,complex,complex,complex,complex,complex,independent,False,>30,100-1000,0.369092,66,growing
75643,complex,complex,complex,complex,complex,independent,False,10-20,100-1000,0.340055,32,growing
75665,complex,intermediate,complex,complex,complex,independent,False,>30,100-1000,0.433669,76,growing
75667,intermediate,complex,complex,complex,complex,independent,False,>30,<100,0.527575,121,growing
75668,intermediate,complex,complex,complex,complex,independent,False,>30,100-1000,0.617018,108,growing
75672,intermediate,intermediate,complex,complex,complex,independent,False,>30,100-1000,0.683964,140,growing
75676,complex,complex,complex,complex,complex,independent,False,>30,100-1000,0.388066,166,growing
75681,intermediate,complex,complex,intermediate,complex,independent,False,>30,>1000,0.631422,97,growing
75682,intermediate,intermediate,complex,complex,complex,independent,False,>30,100-1000,0.546813,119,growing
75683,complex,complex,complex,complex,complex,independent,False,>30,<100,0.297038,16,growing
75685,intermediate,intermediate,complex,complex,complex,independent,False,>30,100-1000,0.565843,74,growing
75687,intermediate,complex,complex,complex,complex,independent,False,>30,100-1000,0.597859,138,growing
75690,intermediate,complex,complex,complex,complex,adjacent,False,20-30,>1000,0.641189,103,growing
75691,intermediate,complex,complex,complex,complex,independent,False,20-30,<100,0.528266,70,growing
75693,complex,complex,complex,complex,complex,independent,False,20-30,<100,0.486959,56,growing
75702,intermediate,intermediate,complex,complex,complex,independent,False,20-30,100-1000,0.678069,76,growing
75707,intermediate,complex,complex,complex,intermediate,independent,False,10-20,<100,0.690212,39,growing
75716,complex,intermediate,complex,complex,complex,independent,False,10-20,<100,0.492792,28,growing
75719,complex,intermediate,complex,complex,complex,adjacent,False,>30,100-1000,0.291956,58,growing
75723,complex,complex,complex,complex,complex,adjacent,False,>30,100-1000,0.297441,66,growing
75724,intermediate,intermediate,complex,complex,complex,independent,False,>30,<100,0.50725,78,growing
75726,complex,intermediate,complex,complex,complex,adjacent,False,>30,>1000,0.448544,92,growing
75729,complex,complex,complex,complex,complex,adjacent,False,>30,100-1000,0.193433,72,growing
75732,complex,intermediate,complex,complex,complex,adjacent,False,10-20,>1000,0.49612,56,growing
75734,complex,intermediate,complex,complex,complex,adjacent,False,>30,>1000,0.353486,120,growing
75744,complex,intermediate,complex,complex,complex,independent,False,>30,<100,0.426221,75,growing
75756,intermediate,intermediate,complex,complex,intermediate,independent,False,>30,<100,0.550934,103,growing
75759,intermediate,intermediate,complex,complex,intermediate,independent,False,10-20,100-1000,0.726188,42,growing
75779,intermediate,complex,complex,complex,intermediate,independent,False,20-30,100-1000,0.682453,63,growing
75783,intermediate,complex,complex,complex,intermediate,independent,False,20-30,>1000,0.478324,50,growing
75785,intermediate,complex,complex,complex,intermediate,independent,False,20-30,100-1000,0.549997,59,growing
75786,complex,intermediate,complex,complex,intermediate,independent,False,20-30,100-1000,0.38268,15,growing
75787,complex,complex,complex,intermediate,intermediate,independent,False,>30,100-1000,0.440958,66,growing
75788,complex,complex,complex,complex,intermediate,independent,False,>30,>1000,0.0044214,33,growing
75790,intermediate,intermediate,complex,complex,intermediate,independent,False,>30,100-1000,0.562023,49,growing
75791,intermediate,intermediate,complex,complex,intermediate,independent,False,>30,100-1000,0.542407,76,growing
75792,complex,complex,complex,complex,intermediate,independent,False,10-20,>1000,0.477076,33,growing
75802,complex,complex,complex,complex,intermediate,independent,False,>30,100-1000,0.30108,91,growing
75804,intermediate,intermediate,complex,complex,intermediate,adjacent,False,>30,<100,0.656761,98,growing
75805,intermediate,intermediate,complex,complex,intermediate,adjacent,False,>30,<100,0.651942,104,growing
75808,intermediate,intermediate,complex,complex,intermediate,adjacent,False,>30,100-1000,0.451725,70,growing
75813,complex,intermediate,complex,complex,intermediate,contains,True,>30,>1000,0.288719,73,growing
75814,complex,intermediate,complex,complex,intermediate,independent,False,20-30,<100,0.408024,61,growing
75817,intermediate,intermediate,complex,complex,intermediate,independent,False,>30,100-1000,0.719509,121,growing
75818,complex,intermediate,complex,complex,intermediate,contains,True,>30,>1000,0.450776,93,growing
75819,complex,intermediate,complex,complex,intermediate,contains,True,20-30,>1000,0.383171,35,growing
75821,intermediate,intermediate,complex,complex,intermediate,independent,False,20-30,<100,0.537528,70,growing
75823,complex,complex,complex,complex,intermediate,adjacent,False,>30,>1000,0.318445,84,growing
75829,intermediate,intermediate,complex,complex,intermediate,adjacent,False,>30,>1000,0.538498,72,growing
75830,complex,intermediate,complex,complex,intermediate,adjacent,False,10-20,>1000,0.108628,17,growing
75832,complex,intermediate,complex,complex,intermediate,independent,False,>30,<100,0.294737,119,growing
75843,intermediate,complex,complex,complex,intermediate,adjacent,False,>30,>1000,0.520964,92,growing
75844,intermediate,complex,complex,complex,intermediate,independent,False,10-20,>1000,0.423439,41,growing
75845,complex,simple,complex,complex,simple,contains,True,>30,100-1000,0.0795227,69,growing
75846,intermediate,intermediate,complex,complex,simple,adjacent,False,>30,100-1000,0.665858,78,growing
75847,intermediate,complex,complex,complex,simple,contains,True,>30,>1000,0.547531,119,growing
75850,complex,intermediate,complex,intermediate,intermediate,adjacent,False,>30,100-1000,0.380404,82,growing
75853,complex,complex,complex,complex,intermediate,contains,True,>30,>1000,0.346287,66,growing
75854,complex,intermediate,complex,complex,intermediate,independent,False,20-30,<100,0.334764,69,growing
75855,complex,intermediate,complex,complex,intermediate,independent,False,>30,<100,0.017117,19,growing
75865,intermediate,intermediate,complex,complex,complex,adjacent,False,10-20,<100,0.604359,32,growing
75867,complex,intermediate,complex,complex,intermediate,independent,False,20-30,100-1000,0.486846,85,growing
75869,complex,intermediate,complex,complex,intermediate,adjacent,False,>30,>1000,0.423625,81,growing
75872,simple,complex,complex,complex,intermediate,independent,False,>30,100-1000,0.772394,57,growing
75874,complex,intermediate,complex,complex,intermediate,independent,False,10-20,<100,0.272054,18,growing
75882,intermediate,complex,complex,complex,intermediate,adjacent,False,>30,<100,0.667154,101,growing
75886,intermediate,intermediate,complex,complex,intermediate,adjacent,False,10-20,100-1000,0.711064,39,growing
75888,intermediate,intermediate,complex,complex,intermediate,adjacent,False,10-20,100-1000,0.629206,33,growing
75891,intermediate,intermediate,complex,intermediate,intermediate,adjacent,False,20-30,100-1000,0.436871,19,growing
75892,intermediate,intermediate,complex,complex,intermediate,adjacent,False,20-30,<100,0.678296,56,growing
75897,complex,intermediate,complex,complex,intermediate,adjacent,False,10-20,100-1000,0.14527,52,growing
75901,complex,intermediate,complex,complex,intermediate,contains,True,>30,>1000,0.478355,22,growing
75903,intermediate,intermediate,complex,complex,intermediate,contains,True,>30,>1000,0.58964,30,growing
75905,complex,intermediate,complex,complex,complex,adjacent,False,>30,<100,0.474043,118,growing
75926,complex,intermediate,complex,complex,intermediate,independent,False,20-30,100-1000,0.368128,106,growing
75927,complex,intermediate,complex,complex,complex,independent,False,>30,100-1000,0.346152,109,growing
75929,complex,complex,complex,complex,complex,independent,False,>30,100-1000,0.223128,58,growing
75930,intermediate,intermediate,complex,complex,complex,independent,False,20-30,100-1000,0.514812,41,growing
75932,complex,complex,complex,intermediate,complex,independent,False,10-20,<100,0.264942,23,growing
75933,complex,intermediate,complex,complex,complex,independent,False,10-20,100-1000,0.18208,38,growing
75935,complex,intermediate,complex,complex,complex,independent,False,10-20,>1000,0.0380668,18,growing
75953,complex,intermediate,complex,complex,intermediate,independent,False,>30,100-1000,0.155728,36,growing
75954,complex,simple,complex,complex,intermediate,independent,False,>30,100-1000,0.41108,82,growing
75960,simple,intermediate,complex,complex,intermediate,independent,False,10-20,100-1000,0.788631,27,growing
75961,intermediate,intermediate,complex,complex,intermediate,independent,False,10-20,100-1000,0.283976,31,growing
75963,complex,intermediate,complex,complex,intermediate,independent,False,10-20,100-1000,0.157785,25,growing
75971,intermediate,complex,complex,complex,intermediate,independent,False,10-20,100-1000,0.578571,48,growing
75972,complex,intermediate,complex,intermediate,intermediate,adjacent,False,20-30,>1000,0.0327388,83,growing
76000,intermediate,simple,complex,complex,intermediate,adjacent,False,10-20,100-1000,0.706846,29,growing
76007,intermediate,intermediate,complex,complex,intermediate,independent,False,>30,<100,0.421796,119,growing
76008,complex,intermediate,complex,intermediate,intermediate,independent,False,>30,100-1000,0.233564,131,growing
76009,intermediate,intermediate,complex,intermediate,intermediate,independent,False,>30,100-1000,0.432862,113,growing
76010,complex,intermediate,complex,intermediate,intermediate,independent,False,>30,>1000,0.391644,115,growing
76011,complex,intermediate,complex,complex,intermediate,independent,False,>30,>1000,0.00467631,75,growing
76018,intermediate,complex,complex,complex,intermediate,independent,False,>30,>1000,0.588574,121,growing
76026,intermediate,complex,complex,complex,complex,adjacent,False,>30,>1000,0.610726,115,growing
76030,complex,complex,complex,complex,complex,independent,False,>30,<100,0.0196289,27,growing
76032,intermediate,intermediate,complex,complex,complex,independent,False,10-20,<100,0.428871,27,growing
76035,intermediate,complex,complex,complex,complex,independent,False,>30,>1000,0.443791,117,growing
76037,intermediate,complex,complex,complex,complex,independent,False,10-20,100-1000,0.449595,39,growing
76038,complex,complex,complex,complex,complex,independent,False,>30,100-1000,0.145314,122,growing
76041,complex,intermediate,complex,complex,complex,adjacent,False,>30,>1000,0.473272,150,growing
76044,complex,complex,complex,complex,complex,adjacent,False,20-30,100-1000,0.0317465,37,growing
76046,complex,complex,complex,complex,complex,adjacent,False,10-20,100-1000,0.0417165,23,growing
76050,complex,simple,complex,intermediate,complex,adjacent,False,10-20,100-1000,9.45857e-05,30,growing
76051,complex,complex,complex,complex,complex,adjacent,False,>30,100-1000,0.498796,123,growing
76055,complex,intermediate,complex,complex,intermediate,independent,False,>30,100-1000,0.320028,113,growing
76057,complex,complex,complex,complex,intermediate,adjacent,False,10-20,100-1000,0.136605,54,growing
76059,intermediate,intermediate,complex,complex,intermediate,adjacent,False,10-20,>1000,0.643189,16,growing
76062,complex,intermediate,complex,complex,complex,contains,True,>30,>1000,0.480082,150,growing
76070,complex,complex,complex,complex,intermediate,independent,False,>30,<100,0.208122,25,growing
76072,complex,complex,complex,complex,intermediate,independent,False,>30,<100,0.419144,49,growing
76073,intermediate,complex,complex,complex,intermediate,independent,False,>30,100-1000,0.494803,30,growing
76080,complex,complex,complex,complex,complex,independent,False,>30,<100,0.0995933,16,growing
76088,intermediate,complex,complex,complex,complex,independent,False,>30,100-1000,0.302551,44,growing
76090,simple,complex,complex,complex,complex,independent,False,20-30,<100,0.763285,60,growing
76100,intermediate,complex,complex,complex,complex,independent,False,>30,100-1000,0.59094,119,growing
76102,intermediate,complex,complex,complex,complex,independent,False,>30,100-1000,0.719608,127,growing
76104,intermediate,complex,complex,complex,intermediate,independent,False,>30,<100,0.511237,17,growing
76105,intermediate,complex,complex,complex,intermediate,independent,False,>30,<100,0.672098,27,growing
76106,intermediate,complex,complex,complex,complex,independent,False,>30,100-1000,0.557412,67,growing
76107,intermediate,complex,complex,complex,complex,independent,False,>30,100-1000,0.63486,102,growing
76112,intermediate,complex,complex,complex,intermediate,independent,False,>30,100-1000,0.578811,89,growing
76113,intermediate,complex,complex,complex,intermediate,independent,False,>30,100-1000,0.35659,42,growing
76114,complex,complex,complex,complex,intermediate,independent,False,>30,<100,0.322343,82,growing
76115,intermediate,complex,complex,complex,intermediate,independent,False,>30,<100,0.376222,70,growing
76117,complex,complex,complex,complex,intermediate,independent,False,20-30,100-1000,0.00410404,17,growing
76120,intermediate,intermediate,complex,complex,intermediate,independent,False,>30,100-1000,0.480443,49,growing
76123,complex,complex,complex,complex,intermediate,independent,False,10-20,<100,0.49007,36,growing
76126,complex,complex,complex,complex,intermediate,independent,False,>30,>1000,0.338945,103,growing
76134,intermediate,complex,complex,complex,intermediate,independent,False,>30,>1000,0.404535,38,growing
76135,intermediate,intermediate,complex,complex,intermediate,independent,False,20-30,100-1000,0.467559,64,growing
76136,intermediate,intermediate,complex,complex,intermediate,independent,False,>30,>1000,0.363588,116,growing
76137,intermediate,intermediate,complex,intermediate,intermediate,independent,False,10-20,>1000,0.423091,54,growing
76138,complex,intermediate,complex,intermediate,intermediate,independent,False,>30,>1000,0.142469,74,growing
76144,intermediate,intermediate,complex,complex,complex,independent,False,>30,<100,0.642015,91,growing
76146,complex,intermediate,complex,complex,complex,contains,True,20-30,100-1000,0.143489,51,growing
76148,intermediate,complex,complex,complex,complex,adjacent,False,20-30,100-1000,0.603502,74,growing
76153,complex,simple,complex,complex,complex,independent,False,>30,>1000,1.63575e-05,51,growing
76154,intermediate,complex,complex,complex,complex,independent,False,>30,100-1000,0.582357,82,growing
76155,intermediate,complex,complex,complex,complex,independent,False,>30,100-1000,0.667219,98,growing
76161,intermediate,intermediate,complex,complex,intermediate,independent,False,>30,<100,0.51334,121,growing
76165,intermediate,simple,complex,complex,complex,independent,False,>30,100-1000,0.579885,59,growing
76166,complex,complex,complex,complex,intermediate,adjacent,False,>30,100-1000,0.463803,73,growing
76172,simple,complex,complex,complex,intermediate,adjacent,False,>30,>1000,0.775284,99,growing
76174,complex,intermediate,complex,complex,complex,independent,False,20-30,100-1000,0.0466031,26,growing
76175,complex,intermediate,complex,complex,complex,independent,False,>30,100-1000,0.109414,21,growing
76178,simple,complex,complex,complex,intermediate,independent,False,20-30,100-1000,0.816494,96,growing
76185,simple,complex,complex,complex,complex,independent,False,20-30,100-1000,0.803515,55,growing
76186,simple,complex,complex,complex,complex,independent,False,10-20,100-1000,0.899849,32,growing
76190,simple,intermediate,complex,complex,complex,independent,False,10-20,100-1000,0.886385,18,growing
76192,intermediate,intermediate,complex,complex,complex,independent,False,10-20,100-1000,0.657017,29,growing
76193,intermediate,intermediate,complex,complex,complex,adjacent,False,>30,100-1000,0.586039,90,growing
76201,intermediate,complex,complex,intermediate,complex,contains,True,>30,>1000,0.607966,95,growing
76202,intermediate,complex,complex,complex,intermediate,contains,True,>30,100-1000,0.664262,67,growing
76203,simple,complex,complex,complex,intermediate,contains,True,>30,>1000,0.786801,98,growing
76204,simple,intermediate,complex,complex,complex,contains,True,>30,>1000,0.800936,101,growing
76211,complex,complex,complex,complex,complex,adjacent,False,10-20,>1000,0.327295,77,growing
76213,complex,complex,complex,complex,complex,adjacent,False,>30,>1000,0.36146,125,growing
76217,complex,complex,complex,complex,complex,contains,True,>30,>1000,0.00990354,120,growing
76218,simple,complex,complex,complex,complex,independent,False,10-20,<100,0.771057,30,growing
76219,complex,intermediate,complex,complex,complex,independent,False,20-30,<100,0.412305,53,growing
76222,complex,complex,complex,complex,complex,adjacent,False,10-20,<100,0.415597,47,growing
76227,complex,complex,complex,complex,complex,contains,True,>30,>1000,0.270848,139,growing
76236,complex,complex,complex,complex,complex,contains,True,>30,100-1000,0.0992879,147,growing
76237,complex,complex,complex,complex,complex,contains,True,>30,100-1000,0.199304,202,growing
76240,intermediate,complex,complex,complex,intermediate,contains,True,>30,>1000,0.505858,192,growing
76243,complex,intermediate,complex,intermediate,intermediate,adjacent,False,>30,100-1000,0.352252,88,growing
76246,intermediate,intermediate,complex,intermediate,intermediate,adjacent,False,>30,100-1000,0.548637,221,growing
76248,intermediate,intermediate,complex,intermediate,intermediate,adjacent,False,10-20,100-1000,0.650815,50,growing
76251,intermediate,simple,complex,simple,simple,adjacent,False,>30,100-1000,0.723799,236,growing
76253,intermediate,intermediate,complex,intermediate,intermediate,adjacent,False,20-30,100-1000,0.594101,186,growing
76256,complex,complex,complex,complex,simple,independent,False,20-30,100-1000,0.217912,120,growing
76261,complex,intermediate,complex,intermediate,intermediate,adjacent,False,>30,100-1000,0.161868,46,growing
76269,complex,complex,complex,complex,intermediate,adjacent,False,>30,100-1000,0.450517,203,growing
76274,complex,intermediate,complex,intermediate,intermediate,independent,False,20-30,100-1000,0.344178,145,growing
76280,intermediate,intermediate,complex,complex,complex,independent,False,>30,<100,0.689996,174,growing
76286,complex,intermediate,complex,intermediate,intermediate,contains,True,10-20,>1000,0.365843,80,growing
76303,complex,simple,complex,intermediate,complex,adjacent,False,>30,<100,0.499369,151,growing
76310,intermediate,intermediate,complex,complex,complex,adjacent,False,>30,<100,0.628699,297,growing
76314,intermediate,intermediate,complex,complex,complex,contains,True,20-30,100-1000,0.544201,47,growing
76320,intermediate,intermediate,complex,simple,intermediate,independent,False,20-30,<100,0.560647,145,growing
76322,complex,intermediate,complex,intermediate,intermediate,independent,False,>30,100-1000,0.0729927,123,growing
76323,complex,intermediate,complex,intermediate,intermediate,independent,False,>30,100-1000,0.10456,30,growing
76331,complex,complex,complex,intermediate,intermediate,adjacent,False,>30,<100,0.0395423,104,growing
76333,intermediate,complex,complex,intermediate,intermediate,contains,True,>30,100-1000,0.680636,221,growing
76348,complex,intermediate,complex,intermediate,complex,independent,False,20-30,100-1000,0.329091,148,growing
76349,complex,intermediate,complex,complex,complex,independent,False,10-20,<100,0.299176,101,growing
76372,complex,complex,complex,intermediate,complex,independent,False,>30,>1000,0.337032,202,growing
76378,complex,complex,complex,complex,complex,independent,False,>30,>1000,0.23573,176,growing
76379,complex,intermediate,complex,complex,complex,independent,False,>30,100-1000,0.220822,156,growing
76381,complex,intermediate,complex,complex,complex,independent,False,>30,100-1000,0.0574608,69,growing
76387,intermediate,complex,complex,complex,complex,independent,False,10-20,<100,0.310385,72,growing
76388,complex,intermediate,complex,complex,intermediate,adjacent,False,10-20,100-1000,0.346061,74,growing
76396,intermediate,intermediate,complex,intermediate,intermediate,adjacent,False,>30,100-1000,0.59767,185,growing
76400,complex,intermediate,complex,intermediate,complex,contains,True,>30,>1000,0.449612,214,growing
76406,intermediate,complex,complex,complex,complex,independent,False,10-20,100-1000,0.445137,67,growing
76407,complex,complex,complex,complex,complex,adjacent,False,10-20,100-1000,0.259056,71,growing
76411,complex,complex,complex,complex,complex,adjacent,False,20-30,100-1000,0.291303,99,growing
76415,complex,complex,complex,complex,intermediate,adjacent,False,>30,100-1000,0.116991,77,growing
76416,complex,intermediate,complex,complex,complex,contains,True,>30,100-1000,0.352735,107,growing
76426,complex,intermediate,complex,complex,intermediate,adjacent,False,10-20,>1000,0.479135,69,growing
76432,complex,complex,complex,complex,intermediate,adjacent,False,20-30,100-1000,0.385377,119,growing
76433,complex,complex,complex,complex,complex,adjacent,False,10-20,100-1000,0.210641,61,growing
76435,complex,complex,complex,complex,complex,contains,True,>30,>1000,0.361631,195,growing
76436,complex,intermediate,complex,intermediate,intermediate,adjacent,False,20-30,<100,0.250582,88,growing
76440,complex,intermediate,complex,complex,intermediate,contains,True,>30,>1000,0.0548319,112,growing
76443,complex,complex,complex,complex,intermediate,adjacent,False,20-30,100-1000,0.307882,111,growing
76444,complex,complex,complex,complex,intermediate,contains,True,>30,>1000,0.249127,203,growing
76449,complex,complex,complex,complex,complex,contains,True,>30,>1000,0.350608,199,growing
76451,intermediate,intermediate,complex,intermediate,intermediate,adjacent,False,10-20,100-1000,0.514425,28,growing
76453,intermediate,complex,complex,complex,intermediate,adjacent,False,10-20,>1000,0.458191,70,growing
76455,complex,complex,complex,intermediate,intermediate,adjacent,False,10-20,<100,0.191368,62,growing
76458,complex,intermediate,complex,complex,complex,contains,True,10-20,>1000,0.395855,79,growing
76461,complex,intermediate,complex,intermediate,intermediate,adjacent,False,10-20,100-1000,0.357478,84,growing
76466,complex,complex,complex,complex,intermediate,adjacent,False,10-20,100-1000,0.439588,75,growing
76467,complex,complex,complex,complex,intermediate,adjacent,False,10-20,>1000,0.484164,65,growing
76470,intermediate,complex,complex,complex,intermediate,independent,False,>30,100-1000,0.337592,208,growing
76477,complex,complex,complex,complex,intermediate,adjacent,False,10-20,>1000,0.364094,89,growing
76480,complex,intermediate,complex,complex,complex,independent,False,10-20,<100,0.374349,73,growing
76483,complex,intermediate,complex,complex,complex,contains,True,>30,>1000,0.337745,193,growing
76485,complex,intermediate,complex,intermediate,intermediate,independent,False,>30,100-1000,0.243421,150,growing
76486,intermediate,intermediate,complex,complex,complex,adjacent,False,10-20,100-1000,0.594027,23,growing
76487,intermediate,intermediate,complex,intermediate,complex,independent,False,>30,<100,0.542278,197,growing
76488,complex,intermediate,complex,complex,complex,adjacent,False,>30,>1000,0.38675,139,growing
76497,intermediate,intermediate,complex,intermediate,intermediate,independent,False,10-20,100-1000,0.643552,88,growing
76499,intermediate,intermediate,complex,complex,intermediate,adjacent,False,>30,>1000,0.580808,218,growing
76508,intermediate,intermediate,complex,complex,intermediate,adjacent,False,20-30,100-1000,0.629447,112,growing
76511,complex,intermediate,complex,complex,intermediate,nested,True,10-20,100-1000,0.466775,55,growing
76517,complex,complex,complex,complex,complex,adjacent,False,20-30,100-1000,0.333234,109,growing
76518,complex,complex,complex,complex,complex,contains,True,>30,100-1000,0.126395,47,growing
76519,complex,complex,complex,complex,complex,contains,True,>30,>1000,0.285663,165,growing
76522,complex,complex,complex,complex,complex,contains,True,>30,>1000,0.487158,174,growing
76525,complex,complex,complex,complex,intermediate,independent,False,20-30,100-1000,0.0848803,100,growing
76528,complex,complex,complex,complex,intermediate,adjacent,False,20-30,100-1000,0.339955,121,growing
76529,complex,complex,complex,complex,intermediate,contains,True,>30,>1000,0.341841,178,growing
76530,complex,complex,complex,complex,intermediate,adjacent,False,10-20,100-1000,0.242705,24,growing
76538,complex,complex,complex,complex,complex,independent,False,>30,100-1000,0.199443,54,growing
76539,complex,complex,complex,complex,complex,independent,False,20-30,>1000,0.0778633,82,growing
76540,complex,complex,complex,complex,complex,independent,False,20-30,100-1000,0.439302,78,growing
76549,complex,complex,complex,complex,complex,independent,False,20-30,100-1000,0.405068,116,growing
76550,complex,complex,complex,complex,complex,adjacent,False,>30,>1000,0.40231,157,growing
76551,complex,complex,complex,complex,complex,adjacent,False,>30,>1000,0.347044,169,growing
76553,complex,complex,complex,complex,complex,contains,True,>30,>1000,0.178071,160,growing
76554,complex,complex,complex,complex,complex,contains,True,>30,>1000,0.211953,170,growing
76556,complex,complex,complex,intermediate,complex,contains,True,>30,>1000,0.425157,213,growing
76560,intermediate,complex,complex,complex,intermediate,adjacent,False,>30,100-1000,0.553894,153,growing
76580,complex,intermediate,complex,complex,intermediate,independent,False,20-30,<100,0.495502,33,growing
76586,complex,complex,complex,complex,complex,adjacent,False,10-20,<100,0.368259,56,growing
76595,intermediate,intermediate,complex,intermediate,intermediate,nested,True,>30,100-1000,0.519167,170,growing
76596,complex,intermediate,complex,intermediate,intermediate,nested,True,>30,<100,0.450272,136,growing
76597,intermediate,intermediate,complex,intermediate,intermediate,nested,True,>30,100-1000,0.65544,160,growing
76599,intermediate,intermediate,complex,complex,intermediate,adjacent,False,>30,<100,0.429768,196,growing
76603,intermediate,intermediate,complex,complex,intermediate,adjacent,False,10-20,<100,0.513311,93,growing
76604,intermediate,intermediate,complex,complex,intermediate,adjacent,False,20-30,100-1000,0.611136,144,growing
76606,complex,intermediate,complex,intermediate,intermediate,contains,True,10-20,<100,0.310091,111,growing
76612,intermediate,complex,complex,complex,intermediate,adjacent,False,>30,<100,0.66277,177,growing
76614,intermediate,complex,complex,complex,intermediate,adjacent,False,20-30,<100,0.55366,163,growing
76615,simple,intermediate,complex,complex,intermediate,adjacent,False,>30,100-1000,0.791469,180,growing
76617,intermediate,intermediate,complex,complex,intermediate,independent,False,20-30,<100,0.649508,92,growing
76620,complex,complex,complex,complex,intermediate,independent,False,20-30,<100,0.495438,125,growing
76623,intermediate,complex,complex,complex,intermediate,independent,False,>30,<100,0.54268,138,growing
76626,intermediate,complex,complex,intermediate,intermediate,independent,False,>30,<100,0.659875,139,growing
76627,intermediate,intermediate,complex,complex,intermediate,independent,False,>30,<100,0.697247,162,growing
76629,intermediate,intermediate,complex,intermediate,intermediate,independent,False,>30,<100,0.742124,120,growing
76630,simple,complex,complex,complex,intermediate,independent,False,>30,<100,0.800884,121,growing
76631,simple,intermediate,complex,complex,intermediate,independent,False,10-20,<100,0.780493,52,growing
76634,intermediate,complex,complex,intermediate,intermediate,adjacent,False,>30,<100,0.589066,153,growing
76635,intermediate,intermediate,complex,intermediate,intermediate,nested,True,>30,<100,0.637888,222,growing
76636,simple,intermediate,complex,intermediate,intermediate,contains,True,10-20,<100,0.822072,77,growing
76642,intermediate,intermediate,complex,complex,complex,adjacent,False,>30,100-1000,0.572821,168,growing
76649,complex,complex,complex,complex,complex,adjacent,False,>30,<100,0.454604,159,growing
76650,complex,intermediate,complex,complex,complex,adjacent,False,20-30,<100,0.418235,76,growing
76651,intermediate,complex,complex,complex,complex,adjacent,False,>30,<100,0.50369,97,growing
76652,intermediate,intermediate,complex,complex,complex,adjacent,False,>30,100-1000,0.512525,178,growing
76654,complex,intermediate,complex,complex,complex,adjacent,False,>30,100-1000,0.30423,100,growing
78274,intermediate,intermediate,complex,complex,intermediate,nested,True,>30,>1000,0.645093,308,growing
78299,intermediate,complex,complex,complex,complex,nested,True,>30,100-1000,0.512603,164,growing
78657,complex,complex,complex,complex,complex,contains,True,>30,>1000,0.239706,67,growing
78680,complex,intermediate,complex,complex,,nested,True,>30,100-1000,0.238768,30,growing
78700,intermediate,complex,complex,complex,intermediate,nested,True,>30,100-1000,0.588324,254,growing
78709,intermediate,intermediate,complex,complex,intermediate,nested,True,>30,100-1000,0.688105,123,growing
